{
"type": "FeatureCollection",
"name": "regionais_fortaleza",
"crs": { "type": "name", "properties": { "name": "urn:ogc:def:crs:OGC:1.3:CRS84" } },
"xy_coordinate_resolution": 1e-06,
"features": [
{ "type": "Feature", "properties": { "regional": 1, "area_km2": 20.740025032373932, "n_bairros": 10 }, "geometry": { "type": "Polygon", "coordinates": [ [ [ -38.569016, -3.72189, 0.0 ], [ -38.569203, -3.722216, 0.0 ], [ -38.569455, -3.722663, 0.0 ], [ -38.569649, -3.723011, 0.0 ], [ -38.569719, -3.723136, 0.0 ], [ -38.570034, -3.723697, 0.0 ], [ -38.570301, -3.724171, 0.0 ], [ -38.570579, -3.724663, 0.0 ], [ -38.570695, -3.724853, 0.0 ], [ -38.570814, -3.725032, 0.0 ], [ -38.570842, -3.725071, 0.0 ], [ -38.57087, -3.72511, 0.0 ], [ -38.570898, -3.725149, 0.0 ], [ -38.570928, -3.725187, 0.0 ], [ -38.570957, -3.725225, 0.0 ], [ -38.570988, -3.725262, 0.0 ], [ -38.571019, -3.725298, 0.0 ], [ -38.571051, -3.725335, 0.0 ], [ -38.571084, -3.72537, 0.0 ], [ -38.571117, -3.725405, 0.0 ], [ -38.57115, -3.725439, 0.0 ], [ -38.571184, -3.725473, 0.0 ], [ -38.571219, -3.725506, 0.0 ], [ -38.571255, -3.725539, 0.0 ], [ -38.571291, -3.725571, 0.0 ], [ -38.571327, -3.725602, 0.0 ], [ -38.571364, -3.725632, 0.0 ], [ -38.571402, -3.725662, 0.0 ], [ -38.57144, -3.725692, 0.0 ], [ -38.571478, -3.72572, 0.0 ], [ -38.571517, -3.725748, 0.0 ], [ -38.571557, -3.725776, 0.0 ], [ -38.571597, -3.725802, 0.0 ], [ -38.571637, -3.725828, 0.0 ], [ -38.571678, -3.725854, 0.0 ], [ -38.571719, -3.725878, 0.0 ], [ -38.571761, -3.725902, 0.0 ], [ -38.571803, -3.725925, 0.0 ], [ -38.571845, -3.725947, 0.0 ], [ -38.571888, -3.725969, 0.0 ], [ -38.572077, -3.726058, 0.0 ], [ -38.572211, -3.726119, 0.0 ], [ -38.572436, -3.72622, 0.0 ], [ -38.572645, -3.726315, 0.0 ], [ -38.572842, -3.726402, 0.0 ], [ -38.573103, -3.726518, 0.0 ], [ -38.573325, -3.726615, 0.0 ], [ -38.573472, -3.72668, 0.0 ], [ -38.573842, -3.726846, 0.0 ], [ -38.574331, -3.727064, 0.0 ], [ -38.574973, -3.727347, 0.0 ], [ -38.57513, -3.727417, 0.0 ], [ -38.575313, -3.727498, 0.0 ], [ -38.575588, -3.727621, 0.0 ], [ -38.576797, -3.728157, 0.0 ], [ -38.576984, -3.728244, 0.0 ], [ -38.577218, -3.728344, 0.0 ], [ -38.57751, -3.728474, 0.0 ], [ -38.578542, -3.728932, 0.0 ], [ -38.579043, -3.729155, 0.0 ], [ -38.580057, -3.729606, 0.0 ], [ -38.580513, -3.729809, 0.0 ], [ -38.58074, -3.729909, 0.0 ], [ -38.581171, -3.730101, 0.0 ], [ -38.5818, -3.730381, 0.0 ], [ -38.581818, -3.730388, 0.0 ], [ -38.58261, -3.73074, 0.0 ], [ -38.583317, -3.731054, 0.0 ], [ -38.584174, -3.731435, 0.0 ], [ -38.584526, -3.731591, 0.0 ], [ -38.584584, -3.731616, 0.0 ], [ -38.584592, -3.731559, 0.0 ], [ -38.584599, -3.731515, 0.0 ], [ -38.584609, -3.731424, 0.0 ], [ -38.584666, -3.730936, 0.0 ], [ -38.58468, -3.730818, 0.0 ], [ -38.584692, -3.730719, 0.0 ], [ -38.58471, -3.730575, 0.0 ], [ -38.584723, -3.730469, 0.0 ], [ -38.584735, -3.730358, 0.0 ], [ -38.584745, -3.730269, 0.0 ], [ -38.584766, -3.730087, 0.0 ], [ -38.584793, -3.729869, 0.0 ], [ -38.584807, -3.729737, 0.0 ], [ -38.584836, -3.729506, 0.0 ], [ -38.584857, -3.729343, 0.0 ], [ -38.584872, -3.729233, 0.0 ], [ -38.584897, -3.729061, 0.0 ], [ -38.584922, -3.728925, 0.0 ], [ -38.584938, -3.728829, 0.0 ], [ -38.584963, -3.728705, 0.0 ], [ -38.584976, -3.728634, 0.0 ], [ -38.585934, -3.728364, 0.0 ], [ -38.586656, -3.728139, 0.0 ], [ -38.587349, -3.727926, 0.0 ], [ -38.58803, -3.727717, 0.0 ], [ -38.588732, -3.727508, 0.0 ], [ -38.589466, -3.727293, 0.0 ], [ -38.59154, -3.726687, 0.0 ], [ -38.593559, -3.726103, 0.0 ], [ -38.595571, -3.725513, 0.0 ], [ -38.596089, -3.725365, 0.0 ], [ -38.596167, -3.725342, 0.0 ], [ -38.597002, -3.725096, 0.0 ], [ -38.597583, -3.724924, 0.0 ], [ -38.597689, -3.724887, 0.0 ], [ -38.599697, -3.724299, 0.0 ], [ -38.60174, -3.723712, 0.0 ], [ -38.605238, -3.722683, 0.0 ], [ -38.605338, -3.722655, 0.0 ], [ -38.60536, -3.722732, 0.0 ], [ -38.605441, -3.722717, 0.0 ], [ -38.605541, -3.722689, 0.0 ], [ -38.605742, -3.722633, 0.0 ], [ -38.605964, -3.722563, 0.0 ], [ -38.606259, -3.72248, 0.0 ], [ -38.611539, -3.720668, 0.0 ], [ -38.617267, -3.718809, 0.0 ], [ -38.617289, -3.718791, 0.0 ], [ -38.617323, -3.718762, 0.0 ], [ -38.617338, -3.718748, 0.0 ], [ -38.617347, -3.718741, 0.0 ], [ -38.617362, -3.718731, 0.0 ], [ -38.617373, -3.718727, 0.0 ], [ -38.617419, -3.718713, 0.0 ], [ -38.61745, -3.718701, 0.0 ], [ -38.617469, -3.718697, 0.0 ], [ -38.617502, -3.718681, 0.0 ], [ -38.617559, -3.71867, 0.0 ], [ -38.617599, -3.718659, 0.0 ], [ -38.617611, -3.718659, 0.0 ], [ -38.617621, -3.718657, 0.0 ], [ -38.617649, -3.718657, 0.0 ], [ -38.617663, -3.718655, 0.0 ], [ -38.617711, -3.718653, 0.0 ], [ -38.617735, -3.718648, 0.0 ], [ -38.617787, -3.718648, 0.0 ], [ -38.617804, -3.718651, 0.0 ], [ -38.617863, -3.718675, 0.0 ], [ -38.617899, -3.718687, 0.0 ], [ -38.617917, -3.718697, 0.0 ], [ -38.617972, -3.718719, 0.0 ], [ -38.618015, -3.718748, 0.0 ], [ -38.618032, -3.718764, 0.0 ], [ -38.618048, -3.718774, 0.0 ], [ -38.61806, -3.718783, 0.0 ], [ -38.618103, -3.718824, 0.0 ], [ -38.618124, -3.71885, 0.0 ], [ -38.618131, -3.718862, 0.0 ], [ -38.618159, -3.718937, 0.0 ], [ -38.618163, -3.718975, 0.0 ], [ -38.618242, -3.719141, 0.0 ], [ -38.618259, -3.719174, 0.0 ], [ -38.618303, -3.719231, 0.0 ], [ -38.618362, -3.719295, 0.0 ], [ -38.618381, -3.719314, 0.0 ], [ -38.61841, -3.719337, 0.0 ], [ -38.618422, -3.719354, 0.0 ], [ -38.618441, -3.719368, 0.0 ], [ -38.618474, -3.719401, 0.0 ], [ -38.618482, -3.719413, 0.0 ], [ -38.618501, -3.719434, 0.0 ], [ -38.618558, -3.719476, 0.0 ], [ -38.618589, -3.719493, 0.0 ], [ -38.618608, -3.7195, 0.0 ], [ -38.618717, -3.719533, 0.0 ], [ -38.61874, -3.719545, 0.0 ], [ -38.618802, -3.719568, 0.0 ], [ -38.618826, -3.719573, 0.0 ], [ -38.619076, -3.719573, 0.0 ], [ -38.619124, -3.719568, 0.0 ], [ -38.619216, -3.719552, 0.0 ], [ -38.619242, -3.719542, 0.0 ], [ -38.619277, -3.719526, 0.0 ], [ -38.61933, -3.719505, 0.0 ], [ -38.619375, -3.719479, 0.0 ], [ -38.619394, -3.71946, 0.0 ], [ -38.619408, -3.719451, 0.0 ], [ -38.619427, -3.719432, 0.0 ], [ -38.619444, -3.719413, 0.0 ], [ -38.619458, -3.719387, 0.0 ], [ -38.619499, -3.719347, 0.0 ], [ -38.619523, -3.719304, 0.0 ], [ -38.619535, -3.719276, 0.0 ], [ -38.619547, -3.71924, 0.0 ], [ -38.619604, -3.719122, 0.0 ], [ -38.61964, -3.71906, 0.0 ], [ -38.619662, -3.719029, 0.0 ], [ -38.619669, -3.719015, 0.0 ], [ -38.619681, -3.718998, 0.0 ], [ -38.619689, -3.718984, 0.0 ], [ -38.619717, -3.718955, 0.0 ], [ -38.619732, -3.718936, 0.0 ], [ -38.619739, -3.718929, 0.0 ], [ -38.619756, -3.718898, 0.0 ], [ -38.619785, -3.718855, 0.0 ], [ -38.619821, -3.71881, 0.0 ], [ -38.619825, -3.718798, 0.0 ], [ -38.619864, -3.718748, 0.0 ], [ -38.620104, -3.718379, 0.0 ], [ -38.62019, -3.718274, 0.0 ], [ -38.620238, -3.718191, 0.0 ], [ -38.620278, -3.718088, 0.0 ], [ -38.620336, -3.717957, 0.0 ], [ -38.620374, -3.717798, 0.0 ], [ -38.620488, -3.717422, 0.0 ], [ -38.620493, -3.7174, 0.0 ], [ -38.62053, -3.717133, 0.0 ], [ -38.620537, -3.717007, 0.0 ], [ -38.620543, -3.716975, 0.0 ], [ -38.620552, -3.716872, 0.0 ], [ -38.620553, -3.716816, 0.0 ], [ -38.620551, -3.716789, 0.0 ], [ -38.620546, -3.716766, 0.0 ], [ -38.620546, -3.716747, 0.0 ], [ -38.620483, -3.71642, 0.0 ], [ -38.620467, -3.716355, 0.0 ], [ -38.620429, -3.716273, 0.0 ], [ -38.620402, -3.716208, 0.0 ], [ -38.620386, -3.716175, 0.0 ], [ -38.620348, -3.71611, 0.0 ], [ -38.620337, -3.716077, 0.0 ], [ -38.62032, -3.716055, 0.0 ], [ -38.620298, -3.716017, 0.0 ], [ -38.620276, -3.715973, 0.0 ], [ -38.62026, -3.715946, 0.0 ], [ -38.620216, -3.715886, 0.0 ], [ -38.620167, -3.715821, 0.0 ], [ -38.620117, -3.715762, 0.0 ], [ -38.620074, -3.715718, 0.0 ], [ -38.620025, -3.715675, 0.0 ], [ -38.619987, -3.715637, 0.0 ], [ -38.619867, -3.715507, 0.0 ], [ -38.619851, -3.715486, 0.0 ], [ -38.619731, -3.715383, 0.0 ], [ -38.619666, -3.715318, 0.0 ], [ -38.619606, -3.715253, 0.0 ], [ -38.619563, -3.715193, 0.0 ], [ -38.619492, -3.715079, 0.0 ], [ -38.619454, -3.714997, 0.0 ], [ -38.619426, -3.714926, 0.0 ], [ -38.619377, -3.714817, 0.0 ], [ -38.619345, -3.71473, 0.0 ], [ -38.619123, -3.713752, 0.0 ], [ -38.619119, -3.713599, 0.0 ], [ -38.619104, -3.713383, 0.0 ], [ -38.619037, -3.712964, 0.0 ], [ -38.618982, -3.712721, 0.0 ], [ -38.618981, -3.712694, 0.0 ], [ -38.618949, -3.712477, 0.0 ], [ -38.618943, -3.712412, 0.0 ], [ -38.618932, -3.712325, 0.0 ], [ -38.618889, -3.712179, 0.0 ], [ -38.618856, -3.712114, 0.0 ], [ -38.618834, -3.712076, 0.0 ], [ -38.618791, -3.712027, 0.0 ], [ -38.618704, -3.711968, 0.0 ], [ -38.618655, -3.711925, 0.0 ], [ -38.618493, -3.7118, 0.0 ], [ -38.618444, -3.711768, 0.0 ], [ -38.618368, -3.711713, 0.0 ], [ -38.618346, -3.711703, 0.0 ], [ -38.618285, -3.711653, 0.0 ], [ -38.618221, -3.711611, 0.0 ], [ -38.618179, -3.711568, 0.0 ], [ -38.618126, -3.71151, 0.0 ], [ -38.618099, -3.711478, 0.0 ], [ -38.61795, -3.711153, 0.0 ], [ -38.617892, -3.710959, 0.0 ], [ -38.617866, -3.710722, 0.0 ], [ -38.61785, -3.710518, 0.0 ], [ -38.617839, -3.710313, 0.0 ], [ -38.617892, -3.710092, 0.0 ], [ -38.617971, -3.709977, 0.0 ], [ -38.618008, -3.709944, 0.0 ], [ -38.618099, -3.709849, 0.0 ], [ -38.618141, -3.709816, 0.0 ], [ -38.618185, -3.709777, 0.0 ], [ -38.618239, -3.709745, 0.0 ], [ -38.618299, -3.709713, 0.0 ], [ -38.618342, -3.709702, 0.0 ], [ -38.61844, -3.709697, 0.0 ], [ -38.618799, -3.709699, 0.0 ], [ -38.618891, -3.709715, 0.0 ], [ -38.619021, -3.709732, 0.0 ], [ -38.619151, -3.709738, 0.0 ], [ -38.619237, -3.709749, 0.0 ], [ -38.619324, -3.709771, 0.0 ], [ -38.619416, -3.709815, 0.0 ], [ -38.619508, -3.709852, 0.0 ], [ -38.619556, -3.709869, 0.0 ], [ -38.619681, -3.709907, 0.0 ], [ -38.619815, -3.709918, 0.0 ], [ -38.619891, -3.709929, 0.0 ], [ -38.619944, -3.709935, 0.0 ], [ -38.62003, -3.70994, 0.0 ], [ -38.62017, -3.709941, 0.0 ], [ -38.620282, -3.709947, 0.0 ], [ -38.620416, -3.709947, 0.0 ], [ -38.62047, -3.709953, 0.0 ], [ -38.620631, -3.709953, 0.0 ], [ -38.62068, -3.709931, 0.0 ], [ -38.620718, -3.709904, 0.0 ], [ -38.620745, -3.709883, 0.0 ], [ -38.62082, -3.709845, 0.0 ], [ -38.620858, -3.709818, 0.0 ], [ -38.620896, -3.709797, 0.0 ], [ -38.620946, -3.709759, 0.0 ], [ -38.621017, -3.709688, 0.0 ], [ -38.621045, -3.709655, 0.0 ], [ -38.621078, -3.709633, 0.0 ], [ -38.621111, -3.709584, 0.0 ], [ -38.621145, -3.709524, 0.0 ], [ -38.621162, -3.709491, 0.0 ], [ -38.621169, -3.709442, 0.0 ], [ -38.621301, -3.708688, 0.0 ], [ -38.621311, -3.708667, 0.0 ], [ -38.621446, -3.708287, 0.0 ], [ -38.621452, -3.70825, 0.0 ], [ -38.621468, -3.708201, 0.0 ], [ -38.621484, -3.708131, 0.0 ], [ -38.6215, -3.708034, 0.0 ], [ -38.621506, -3.707953, 0.0 ], [ -38.621511, -3.707807, 0.0 ], [ -38.621532, -3.707646, 0.0 ], [ -38.621538, -3.707544, 0.0 ], [ -38.621549, -3.70749, 0.0 ], [ -38.621565, -3.707425, 0.0 ], [ -38.621565, -3.707387, 0.0 ], [ -38.621576, -3.70735, 0.0 ], [ -38.621581, -3.707296, 0.0 ], [ -38.621613, -3.707199, 0.0 ], [ -38.62163, -3.707166, 0.0 ], [ -38.621646, -3.707112, 0.0 ], [ -38.621679, -3.707042, 0.0 ], [ -38.621706, -3.706998, 0.0 ], [ -38.621733, -3.706944, 0.0 ], [ -38.62176, -3.706884, 0.0 ], [ -38.621777, -3.706841, 0.0 ], [ -38.621798, -3.706803, 0.0 ], [ -38.62182, -3.706754, 0.0 ], [ -38.621853, -3.706695, 0.0 ], [ -38.621891, -3.70663, 0.0 ], [ -38.621923, -3.706581, 0.0 ], [ -38.621929, -3.706559, 0.0 ], [ -38.62195, -3.706521, 0.0 ], [ -38.621956, -3.7065, 0.0 ], [ -38.622005, -3.706424, 0.0 ], [ -38.622021, -3.706386, 0.0 ], [ -38.622048, -3.706337, 0.0 ], [ -38.622081, -3.706293, 0.0 ], [ -38.622114, -3.706244, 0.0 ], [ -38.62213, -3.706211, 0.0 ], [ -38.622351, -3.705569, 0.0 ], [ -38.622357, -3.705537, 0.0 ], [ -38.622374, -3.705484, 0.0 ], [ -38.622385, -3.705441, 0.0 ], [ -38.622402, -3.705398, 0.0 ], [ -38.622425, -3.705328, 0.0 ], [ -38.622463, -3.705231, 0.0 ], [ -38.622475, -3.705149, 0.0 ], [ -38.622474, -3.705079, 0.0 ], [ -38.622505, -3.704824, 0.0 ], [ -38.62251, -3.704775, 0.0 ], [ -38.622515, -3.704704, 0.0 ], [ -38.622514, -3.704515, 0.0 ], [ -38.622518, -3.704396, 0.0 ], [ -38.622518, -3.704202, 0.0 ], [ -38.622523, -3.704181, 0.0 ], [ -38.622523, -3.704105, 0.0 ], [ -38.622528, -3.704035, 0.0 ], [ -38.622554, -3.703895, 0.0 ], [ -38.622565, -3.703798, 0.0 ], [ -38.622566, -3.703647, 0.0 ], [ -38.62256, -3.70356, 0.0 ], [ -38.622513, -3.703332, 0.0 ], [ -38.622492, -3.703272, 0.0 ], [ -38.622487, -3.703245, 0.0 ], [ -38.622428, -3.703136, 0.0 ], [ -38.622352, -3.703023, 0.0 ], [ -38.622281, -3.702943, 0.0 ], [ -38.622226, -3.702879, 0.0 ], [ -38.621867, -3.702651, 0.0 ], [ -38.62184, -3.702624, 0.0 ], [ -38.621758, -3.702581, 0.0 ], [ -38.621683, -3.702543, 0.0 ], [ -38.621553, -3.70249, 0.0 ], [ -38.621467, -3.702457, 0.0 ], [ -38.621397, -3.702441, 0.0 ], [ -38.621337, -3.70242, 0.0 ], [ -38.621262, -3.702403, 0.0 ], [ -38.621181, -3.702393, 0.0 ], [ -38.621154, -3.702393, 0.0 ], [ -38.62104, -3.702382, 0.0 ], [ -38.620586, -3.702382, 0.0 ], [ -38.620499, -3.702387, 0.0 ], [ -38.620417, -3.702398, 0.0 ], [ -38.620357, -3.702408, 0.0 ], [ -38.620188, -3.702452, 0.0 ], [ -38.620161, -3.702457, 0.0 ], [ -38.62009, -3.702479, 0.0 ], [ -38.620041, -3.702501, 0.0 ], [ -38.619975, -3.702533, 0.0 ], [ -38.619909, -3.70256, 0.0 ], [ -38.619751, -3.702615, 0.0 ], [ -38.619647, -3.702648, 0.0 ], [ -38.619543, -3.702669, 0.0 ], [ -38.619434, -3.702697, 0.0 ], [ -38.61928, -3.702729, 0.0 ], [ -38.619068, -3.702757, 0.0 ], [ -38.61898, -3.702773, 0.0 ], [ -38.616942, -3.703018, 0.0 ], [ -38.616898, -3.703018, 0.0 ], [ -38.616702, -3.703029, 0.0 ], [ -38.616445, -3.703045, 0.0 ], [ -38.616074, -3.703073, 0.0 ], [ -38.615665, -3.703105, 0.0 ], [ -38.615261, -3.703154, 0.0 ], [ -38.614749, -3.703187, 0.0 ], [ -38.614625, -3.703197, 0.0 ], [ -38.614533, -3.703197, 0.0 ], [ -38.611732, -3.703295, 0.0 ], [ -38.611639, -3.703278, 0.0 ], [ -38.611427, -3.703267, 0.0 ], [ -38.611351, -3.703262, 0.0 ], [ -38.611291, -3.703257, 0.0 ], [ -38.611205, -3.703246, 0.0 ], [ -38.61109, -3.70324, 0.0 ], [ -38.609976, -3.703159, 0.0 ], [ -38.608954, -3.703023, 0.0 ], [ -38.607212, -3.702632, 0.0 ], [ -38.606255, -3.702361, 0.0 ], [ -38.604955, -3.702399, 0.0 ], [ -38.604193, -3.702528, 0.0 ], [ -38.603358, -3.702783, 0.0 ], [ -38.602742, -3.70299, 0.0 ], [ -38.601345, -3.703349, 0.0 ], [ -38.600572, -3.70349, 0.0 ], [ -38.600522, -3.70349, 0.0 ], [ -38.599863, -3.703528, 0.0 ], [ -38.599031, -3.703524, 0.0 ], [ -38.597348, -3.703377, 0.0 ], [ -38.596472, -3.703186, 0.0 ], [ -38.595575, -3.703022, 0.0 ], [ -38.594233, -3.702509, 0.0 ], [ -38.593429, -3.701958, 0.0 ], [ -38.592543, -3.701384, 0.0 ], [ -38.591908, -3.700983, 0.0 ], [ -38.590705, -3.700223, 0.0 ], [ -38.58996, -3.699548, 0.0 ], [ -38.589467, -3.699201, 0.0 ], [ -38.589435, -3.69917, 0.0 ], [ -38.588596, -3.698043, 0.0 ], [ -38.588135, -3.697318, 0.0 ], [ -38.587764, -3.696719, 0.0 ], [ -38.587583, -3.696406, 0.0 ], [ -38.587616, -3.695089, 0.0 ], [ -38.587638, -3.692708, 0.0 ], [ -38.587627, -3.692527, 0.0 ], [ -38.587584, -3.692296, 0.0 ], [ -38.587511, -3.692088, 0.0 ], [ -38.587387, -3.69189, 0.0 ], [ -38.58727, -3.691722, 0.0 ], [ -38.586745, -3.692196, 0.0 ], [ -38.586724, -3.692188, 0.0 ], [ -38.586714, -3.692188, 0.0 ], [ -38.58667, -3.69219, 0.0 ], [ -38.586647, -3.692197, 0.0 ], [ -38.586632, -3.69221, 0.0 ], [ -38.586618, -3.692228, 0.0 ], [ -38.586569, -3.69226, 0.0 ], [ -38.586557, -3.69227, 0.0 ], [ -38.58655, -3.692282, 0.0 ], [ -38.586522, -3.692314, 0.0 ], [ -38.586485, -3.692338, 0.0 ], [ -38.586443, -3.69237, 0.0 ], [ -38.586401, -3.692398, 0.0 ], [ -38.586216, -3.692513, 0.0 ], [ -38.586191, -3.692531, 0.0 ], [ -38.586142, -3.692578, 0.0 ], [ -38.586116, -3.692606, 0.0 ], [ -38.586085, -3.692627, 0.0 ], [ -38.586021, -3.692659, 0.0 ], [ -38.585999, -3.692674, 0.0 ], [ -38.585963, -3.692702, 0.0 ], [ -38.585934, -3.69272, 0.0 ], [ -38.585891, -3.692754, 0.0 ], [ -38.585836, -3.69279, 0.0 ], [ -38.585782, -3.692835, 0.0 ], [ -38.585717, -3.692899, 0.0 ], [ -38.58568, -3.692939, 0.0 ], [ -38.585623, -3.693032, 0.0 ], [ -38.585552, -3.693116, 0.0 ], [ -38.585442, -3.693187, 0.0 ], [ -38.585362, -3.693231, 0.0 ], [ -38.584944, -3.693454, 0.0 ], [ -38.584705, -3.693583, 0.0 ], [ -38.584657, -3.69361, 0.0 ], [ -38.584294, -3.693796, 0.0 ], [ -38.583935, -3.693924, 0.0 ], [ -38.583646, -3.694016, 0.0 ], [ -38.583568, -3.694029, 0.0 ], [ -38.583457, -3.694045, 0.0 ], [ -38.583311, -3.694057, 0.0 ], [ -38.583256, -3.69407, 0.0 ], [ -38.583222, -3.694081, 0.0 ], [ -38.583207, -3.694083, 0.0 ], [ -38.583151, -3.694084, 0.0 ], [ -38.583123, -3.694079, 0.0 ], [ -38.583098, -3.694073, 0.0 ], [ -38.583077, -3.694071, 0.0 ], [ -38.583022, -3.694071, 0.0 ], [ -38.582867, -3.694079, 0.0 ], [ -38.582836, -3.694083, 0.0 ], [ -38.582688, -3.694097, 0.0 ], [ -38.582648, -3.694102, 0.0 ], [ -38.58262, -3.694108, 0.0 ], [ -38.582558, -3.694128, 0.0 ], [ -38.582468, -3.694168, 0.0 ], [ -38.582402, -3.694181, 0.0 ], [ -38.582353, -3.694183, 0.0 ], [ -38.582324, -3.694183, 0.0 ], [ -38.582258, -3.694178, 0.0 ], [ -38.582164, -3.69418, 0.0 ], [ -38.582003, -3.694202, 0.0 ], [ -38.581942, -3.694222, 0.0 ], [ -38.581915, -3.694233, 0.0 ], [ -38.581852, -3.694248, 0.0 ], [ -38.58182, -3.694258, 0.0 ], [ -38.58176, -3.694264, 0.0 ], [ -38.581721, -3.694263, 0.0 ], [ -38.581695, -3.694259, 0.0 ], [ -38.581672, -3.694251, 0.0 ], [ -38.581656, -3.69424, 0.0 ], [ -38.581626, -3.694215, 0.0 ], [ -38.581591, -3.694197, 0.0 ], [ -38.581569, -3.694162, 0.0 ], [ -38.581558, -3.694134, 0.0 ], [ -38.581541, -3.694101, 0.0 ], [ -38.581513, -3.694024, 0.0 ], [ -38.581498, -3.693987, 0.0 ], [ -38.581481, -3.693936, 0.0 ], [ -38.581465, -3.693895, 0.0 ], [ -38.581429, -3.693839, 0.0 ], [ -38.58141, -3.693816, 0.0 ], [ -38.581405, -3.693806, 0.0 ], [ -38.581396, -3.69376, 0.0 ], [ -38.581389, -3.693751, 0.0 ], [ -38.581383, -3.693741, 0.0 ], [ -38.581381, -3.693726, 0.0 ], [ -38.581385, -3.693653, 0.0 ], [ -38.58133, -3.69354, 0.0 ], [ -38.58129, -3.693463, 0.0 ], [ -38.581259, -3.69339, 0.0 ], [ -38.581188, -3.693275, 0.0 ], [ -38.581149, -3.693179, 0.0 ], [ -38.581124, -3.693134, 0.0 ], [ -38.581103, -3.693098, 0.0 ], [ -38.581087, -3.693066, 0.0 ], [ -38.581051, -3.693006, 0.0 ], [ -38.581035, -3.69297, 0.0 ], [ -38.58101, -3.69291, 0.0 ], [ -38.581002, -3.692871, 0.0 ], [ -38.580986, -3.692832, 0.0 ], [ -38.580969, -3.692781, 0.0 ], [ -38.580951, -3.692744, 0.0 ], [ -38.580976, -3.692696, 0.0 ], [ -38.581009, -3.692659, 0.0 ], [ -38.581048, -3.692609, 0.0 ], [ -38.581113, -3.692501, 0.0 ], [ -38.581139, -3.692442, 0.0 ], [ -38.581173, -3.692388, 0.0 ], [ -38.581229, -3.692306, 0.0 ], [ -38.581257, -3.692269, 0.0 ], [ -38.581275, -3.692227, 0.0 ], [ -38.5813, -3.692193, 0.0 ], [ -38.58131, -3.692146, 0.0 ], [ -38.581277, -3.692094, 0.0 ], [ -38.581255, -3.69208, 0.0 ], [ -38.581217, -3.692074, 0.0 ], [ -38.581172, -3.6921, 0.0 ], [ -38.581105, -3.69218, 0.0 ], [ -38.581029, -3.692309, 0.0 ], [ -38.580756, -3.692758, 0.0 ], [ -38.580742, -3.692773, 0.0 ], [ -38.580734, -3.692789, 0.0 ], [ -38.58073, -3.692809, 0.0 ], [ -38.58073, -3.692831, 0.0 ], [ -38.580732, -3.692855, 0.0 ], [ -38.580751, -3.692902, 0.0 ], [ -38.580768, -3.692933, 0.0 ], [ -38.580787, -3.69296, 0.0 ], [ -38.580811, -3.693014, 0.0 ], [ -38.580826, -3.69304, 0.0 ], [ -38.580859, -3.693116, 0.0 ], [ -38.580876, -3.693142, 0.0 ], [ -38.580889, -3.693153, 0.0 ], [ -38.580916, -3.693187, 0.0 ], [ -38.580924, -3.693202, 0.0 ], [ -38.580928, -3.693216, 0.0 ], [ -38.58093, -3.693234, 0.0 ], [ -38.580928, -3.693245, 0.0 ], [ -38.580901, -3.693291, 0.0 ], [ -38.580889, -3.693319, 0.0 ], [ -38.580866, -3.693358, 0.0 ], [ -38.580843, -3.693391, 0.0 ], [ -38.580818, -3.693421, 0.0 ], [ -38.580758, -3.693473, 0.0 ], [ -38.580698, -3.693606, 0.0 ], [ -38.580667, -3.693632, 0.0 ], [ -38.580632, -3.693676, 0.0 ], [ -38.580601, -3.693722, 0.0 ], [ -38.580558, -3.693733, 0.0 ], [ -38.580543, -3.693757, 0.0 ], [ -38.580535, -3.693788, 0.0 ], [ -38.580494, -3.693803, 0.0 ], [ -38.580464, -3.69381, 0.0 ], [ -38.580424, -3.693851, 0.0 ], [ -38.580416, -3.693875, 0.0 ], [ -38.580385, -3.693898, 0.0 ], [ -38.580341, -3.69391, 0.0 ], [ -38.580317, -3.693946, 0.0 ], [ -38.580307, -3.693969, 0.0 ], [ -38.580292, -3.693996, 0.0 ], [ -38.580205, -3.694004, 0.0 ], [ -38.580184, -3.694032, 0.0 ], [ -38.580174, -3.694069, 0.0 ], [ -38.580147, -3.694103, 0.0 ], [ -38.580107, -3.694105, 0.0 ], [ -38.580068, -3.694132, 0.0 ], [ -38.580045, -3.694184, 0.0 ], [ -38.580039, -3.694228, 0.0 ], [ -38.579996, -3.69426, 0.0 ], [ -38.579964, -3.694306, 0.0 ], [ -38.579927, -3.694372, 0.0 ], [ -38.579892, -3.694391, 0.0 ], [ -38.579858, -3.694417, 0.0 ], [ -38.579802, -3.694496, 0.0 ], [ -38.579764, -3.694546, 0.0 ], [ -38.579718, -3.694596, 0.0 ], [ -38.579682, -3.694647, 0.0 ], [ -38.579579, -3.694735, 0.0 ], [ -38.579471, -3.694835, 0.0 ], [ -38.579368, -3.694971, 0.0 ], [ -38.579261, -3.695095, 0.0 ], [ -38.579147, -3.695186, 0.0 ], [ -38.579078, -3.695273, 0.0 ], [ -38.579028, -3.695347, 0.0 ], [ -38.578873, -3.695492, 0.0 ], [ -38.578787, -3.695544, 0.0 ], [ -38.578701, -3.695579, 0.0 ], [ -38.578515, -3.69567, 0.0 ], [ -38.578413, -3.695735, 0.0 ], [ -38.578327, -3.695784, 0.0 ], [ -38.578259, -3.695821, 0.0 ], [ -38.578178, -3.695854, 0.0 ], [ -38.578106, -3.695906, 0.0 ], [ -38.577997, -3.695926, 0.0 ], [ -38.577872, -3.695967, 0.0 ], [ -38.577789, -3.696006, 0.0 ], [ -38.577665, -3.696044, 0.0 ], [ -38.577544, -3.69595, 0.0 ], [ -38.577497, -3.695924, 0.0 ], [ -38.577464, -3.69589, 0.0 ], [ -38.577436, -3.695841, 0.0 ], [ -38.577398, -3.695794, 0.0 ], [ -38.577343, -3.695739, 0.0 ], [ -38.577285, -3.695673, 0.0 ], [ -38.577179, -3.695517, 0.0 ], [ -38.577132, -3.695468, 0.0 ], [ -38.57704, -3.695356, 0.0 ], [ -38.57696, -3.69523, 0.0 ], [ -38.57688, -3.695139, 0.0 ], [ -38.576767, -3.695016, 0.0 ], [ -38.576688, -3.694898, 0.0 ], [ -38.576593, -3.694769, 0.0 ], [ -38.576533, -3.694679, 0.0 ], [ -38.576456, -3.694582, 0.0 ], [ -38.576431, -3.694556, 0.0 ], [ -38.576407, -3.694553, 0.0 ], [ -38.576372, -3.694555, 0.0 ], [ -38.576348, -3.69457, 0.0 ], [ -38.576325, -3.694598, 0.0 ], [ -38.576315, -3.694636, 0.0 ], [ -38.576325, -3.69468, 0.0 ], [ -38.576347, -3.694728, 0.0 ], [ -38.576383, -3.694785, 0.0 ], [ -38.576447, -3.69485, 0.0 ], [ -38.576524, -3.694938, 0.0 ], [ -38.576624, -3.695086, 0.0 ], [ -38.576725, -3.695206, 0.0 ], [ -38.576844, -3.695369, 0.0 ], [ -38.576913, -3.695453, 0.0 ], [ -38.577024, -3.695605, 0.0 ], [ -38.577102, -3.695717, 0.0 ], [ -38.577154, -3.695774, 0.0 ], [ -38.577204, -3.695825, 0.0 ], [ -38.577201, -3.695853, 0.0 ], [ -38.577183, -3.695923, 0.0 ], [ -38.577178, -3.695986, 0.0 ], [ -38.577175, -3.69606, 0.0 ], [ -38.577162, -3.696136, 0.0 ], [ -38.577121, -3.696223, 0.0 ], [ -38.577066, -3.696306, 0.0 ], [ -38.577011, -3.696396, 0.0 ], [ -38.57689, -3.696576, 0.0 ], [ -38.576834, -3.696656, 0.0 ], [ -38.576747, -3.696769, 0.0 ], [ -38.576554, -3.697046, 0.0 ], [ -38.576466, -3.697159, 0.0 ], [ -38.576368, -3.69728, 0.0 ], [ -38.576181, -3.697477, 0.0 ], [ -38.576048, -3.697634, 0.0 ], [ -38.575889, -3.697824, 0.0 ], [ -38.57583, -3.697917, 0.0 ], [ -38.57581, -3.697941, 0.0 ], [ -38.575734, -3.698022, 0.0 ], [ -38.575692, -3.698059, 0.0 ], [ -38.575662, -3.698094, 0.0 ], [ -38.575647, -3.698115, 0.0 ], [ -38.575629, -3.69813, 0.0 ], [ -38.575553, -3.698217, 0.0 ], [ -38.575533, -3.698237, 0.0 ], [ -38.575493, -3.698264, 0.0 ], [ -38.575453, -3.69833, 0.0 ], [ -38.575426, -3.698364, 0.0 ], [ -38.575343, -3.69843, 0.0 ], [ -38.575304, -3.698463, 0.0 ], [ -38.57528, -3.698485, 0.0 ], [ -38.575214, -3.698538, 0.0 ], [ -38.575178, -3.698562, 0.0 ], [ -38.575136, -3.698585, 0.0 ], [ -38.575094, -3.698604, 0.0 ], [ -38.575055, -3.698628, 0.0 ], [ -38.57499, -3.698663, 0.0 ], [ -38.574958, -3.698685, 0.0 ], [ -38.57486, -3.698737, 0.0 ], [ -38.574822, -3.69875, 0.0 ], [ -38.574764, -3.698766, 0.0 ], [ -38.574744, -3.698771, 0.0 ], [ -38.574729, -3.69877, 0.0 ], [ -38.574698, -3.698763, 0.0 ], [ -38.574659, -3.698763, 0.0 ], [ -38.574584, -3.698739, 0.0 ], [ -38.574558, -3.698726, 0.0 ], [ -38.574522, -3.698702, 0.0 ], [ -38.574447, -3.698636, 0.0 ], [ -38.574356, -3.698517, 0.0 ], [ -38.574301, -3.698453, 0.0 ], [ -38.574243, -3.69839, 0.0 ], [ -38.574185, -3.698322, 0.0 ], [ -38.574151, -3.698285, 0.0 ], [ -38.574118, -3.69825, 0.0 ], [ -38.574079, -3.698217, 0.0 ], [ -38.574065, -3.698213, 0.0 ], [ -38.574052, -3.698213, 0.0 ], [ -38.574023, -3.698233, 0.0 ], [ -38.573998, -3.698257, 0.0 ], [ -38.573983, -3.698276, 0.0 ], [ -38.573981, -3.698293, 0.0 ], [ -38.573985, -3.698324, 0.0 ], [ -38.573994, -3.69836, 0.0 ], [ -38.573996, -3.698377, 0.0 ], [ -38.573987, -3.698404, 0.0 ], [ -38.573956, -3.698435, 0.0 ], [ -38.573908, -3.698474, 0.0 ], [ -38.573863, -3.698536, 0.0 ], [ -38.573846, -3.698566, 0.0 ], [ -38.573819, -3.6986, 0.0 ], [ -38.573793, -3.698623, 0.0 ], [ -38.573763, -3.698647, 0.0 ], [ -38.573721, -3.698699, 0.0 ], [ -38.573703, -3.698718, 0.0 ], [ -38.57369, -3.698748, 0.0 ], [ -38.573669, -3.698782, 0.0 ], [ -38.573649, -3.698801, 0.0 ], [ -38.573611, -3.698823, 0.0 ], [ -38.57358, -3.698868, 0.0 ], [ -38.57349, -3.698921, 0.0 ], [ -38.57344, -3.69899, 0.0 ], [ -38.573405, -3.69902, 0.0 ], [ -38.573375, -3.699032, 0.0 ], [ -38.573336, -3.699058, 0.0 ], [ -38.573299, -3.699078, 0.0 ], [ -38.573279, -3.699102, 0.0 ], [ -38.573259, -3.699131, 0.0 ], [ -38.573178, -3.699182, 0.0 ], [ -38.573134, -3.699224, 0.0 ], [ -38.573117, -3.699238, 0.0 ], [ -38.573075, -3.69928, 0.0 ], [ -38.573047, -3.699309, 0.0 ], [ -38.573029, -3.699331, 0.0 ], [ -38.573, -3.699362, 0.0 ], [ -38.572967, -3.699403, 0.0 ], [ -38.572917, -3.699448, 0.0 ], [ -38.572901, -3.69947, 0.0 ], [ -38.572891, -3.69948, 0.0 ], [ -38.572861, -3.699485, 0.0 ], [ -38.572842, -3.699504, 0.0 ], [ -38.572808, -3.69952, 0.0 ], [ -38.572708, -3.699624, 0.0 ], [ -38.572657, -3.699672, 0.0 ], [ -38.572552, -3.69979, 0.0 ], [ -38.572463, -3.699894, 0.0 ], [ -38.572388, -3.699967, 0.0 ], [ -38.572212, -3.700063, 0.0 ], [ -38.572079, -3.700172, 0.0 ], [ -38.571982, -3.700256, 0.0 ], [ -38.571935, -3.700306, 0.0 ], [ -38.571677, -3.700415, 0.0 ], [ -38.571597, -3.700475, 0.0 ], [ -38.571469, -3.700508, 0.0 ], [ -38.571416, -3.700536, 0.0 ], [ -38.571368, -3.700553, 0.0 ], [ -38.571306, -3.700556, 0.0 ], [ -38.571265, -3.700565, 0.0 ], [ -38.571204, -3.700573, 0.0 ], [ -38.571143, -3.700565, 0.0 ], [ -38.571016, -3.700566, 0.0 ], [ -38.571, -3.700543, 0.0 ], [ -38.570973, -3.700487, 0.0 ], [ -38.570793, -3.700139, 0.0 ], [ -38.570669, -3.699885, 0.0 ], [ -38.570665, -3.699842, 0.0 ], [ -38.570689, -3.699754, 0.0 ], [ -38.570686, -3.699695, 0.0 ], [ -38.570663, -3.699642, 0.0 ], [ -38.57063, -3.699608, 0.0 ], [ -38.570598, -3.699586, 0.0 ], [ -38.570566, -3.699576, 0.0 ], [ -38.57052, -3.699576, 0.0 ], [ -38.570469, -3.699582, 0.0 ], [ -38.57042, -3.699598, 0.0 ], [ -38.570386, -3.699621, 0.0 ], [ -38.57035, -3.699663, 0.0 ], [ -38.570322, -3.699743, 0.0 ], [ -38.570327, -3.699809, 0.0 ], [ -38.570357, -3.699849, 0.0 ], [ -38.570516, -3.699956, 0.0 ], [ -38.570536, -3.699981, 0.0 ], [ -38.570586, -3.700092, 0.0 ], [ -38.570613, -3.700168, 0.0 ], [ -38.570641, -3.700254, 0.0 ], [ -38.570653, -3.700305, 0.0 ], [ -38.570662, -3.700349, 0.0 ], [ -38.570682, -3.70037, 0.0 ], [ -38.570738, -3.700454, 0.0 ], [ -38.570768, -3.70051, 0.0 ], [ -38.57078, -3.700545, 0.0 ], [ -38.570798, -3.700569, 0.0 ], [ -38.570837, -3.700646, 0.0 ], [ -38.57088, -3.700701, 0.0 ], [ -38.570888, -3.700723, 0.0 ], [ -38.570796, -3.700745, 0.0 ], [ -38.570722, -3.700772, 0.0 ], [ -38.570658, -3.700823, 0.0 ], [ -38.570599, -3.700882, 0.0 ], [ -38.570539, -3.700909, 0.0 ], [ -38.570448, -3.700964, 0.0 ], [ -38.570416, -3.700978, 0.0 ], [ -38.570361, -3.701009, 0.0 ], [ -38.570306, -3.701023, 0.0 ], [ -38.570228, -3.701055, 0.0 ], [ -38.570169, -3.701083, 0.0 ], [ -38.570118, -3.701096, 0.0 ], [ -38.570059, -3.70111, 0.0 ], [ -38.569976, -3.70116, 0.0 ], [ -38.569912, -3.701201, 0.0 ], [ -38.569724, -3.701293, 0.0 ], [ -38.569628, -3.701329, 0.0 ], [ -38.569559, -3.701366, 0.0 ], [ -38.569462, -3.701412, 0.0 ], [ -38.569403, -3.701444, 0.0 ], [ -38.569311, -3.701485, 0.0 ], [ -38.569219, -3.701517, 0.0 ], [ -38.569146, -3.701567, 0.0 ], [ -38.569072, -3.701581, 0.0 ], [ -38.56893, -3.701645, 0.0 ], [ -38.568884, -3.7017, 0.0 ], [ -38.568788, -3.701728, 0.0 ], [ -38.568696, -3.701769, 0.0 ], [ -38.568655, -3.701774, 0.0 ], [ -38.56859, -3.701806, 0.0 ], [ -38.568544, -3.701847, 0.0 ], [ -38.568489, -3.70187, 0.0 ], [ -38.568453, -3.701902, 0.0 ], [ -38.56842, -3.701919, 0.0 ], [ -38.568402, -3.701929, 0.0 ], [ -38.568352, -3.701961, 0.0 ], [ -38.568319, -3.701993, 0.0 ], [ -38.568292, -3.702048, 0.0 ], [ -38.568278, -3.702112, 0.0 ], [ -38.568281, -3.702228, 0.0 ], [ -38.568137, -3.702281, 0.0 ], [ -38.568, -3.702353, 0.0 ], [ -38.567885, -3.70241, 0.0 ], [ -38.567727, -3.702476, 0.0 ], [ -38.567576, -3.702534, 0.0 ], [ -38.567432, -3.702614, 0.0 ], [ -38.567346, -3.702657, 0.0 ], [ -38.567216, -3.702705, 0.0 ], [ -38.567137, -3.702731, 0.0 ], [ -38.567062, -3.702747, 0.0 ], [ -38.566873, -3.702811, 0.0 ], [ -38.566761, -3.702862, 0.0 ], [ -38.566717, -3.702881, 0.0 ], [ -38.566667, -3.702896, 0.0 ], [ -38.566666, -3.702897, 0.0 ], [ -38.566646, -3.702904, 0.0 ], [ -38.566575, -3.70292, 0.0 ], [ -38.566554, -3.702928, 0.0 ], [ -38.566523, -3.702951, 0.0 ], [ -38.566496, -3.702961, 0.0 ], [ -38.566463, -3.70297, 0.0 ], [ -38.566435, -3.702975, 0.0 ], [ -38.566403, -3.702986, 0.0 ], [ -38.566368, -3.702995, 0.0 ], [ -38.56631, -3.703004, 0.0 ], [ -38.566269, -3.703012, 0.0 ], [ -38.566237, -3.703023, 0.0 ], [ -38.566206, -3.703039, 0.0 ], [ -38.56617, -3.703048, 0.0 ], [ -38.566137, -3.703051, 0.0 ], [ -38.566111, -3.70306, 0.0 ], [ -38.566065, -3.703071, 0.0 ], [ -38.565986, -3.703096, 0.0 ], [ -38.565944, -3.703102, 0.0 ], [ -38.565836, -3.703121, 0.0 ], [ -38.565717, -3.703128, 0.0 ], [ -38.565686, -3.703133, 0.0 ], [ -38.565644, -3.703135, 0.0 ], [ -38.565609, -3.70314, 0.0 ], [ -38.565572, -3.703142, 0.0 ], [ -38.565533, -3.703142, 0.0 ], [ -38.565508, -3.703147, 0.0 ], [ -38.565475, -3.70315, 0.0 ], [ -38.565446, -3.703146, 0.0 ], [ -38.565415, -3.703143, 0.0 ], [ -38.565375, -3.703142, 0.0 ], [ -38.565344, -3.703139, 0.0 ], [ -38.565274, -3.703126, 0.0 ], [ -38.565242, -3.703125, 0.0 ], [ -38.565178, -3.703129, 0.0 ], [ -38.565149, -3.703135, 0.0 ], [ -38.565123, -3.703138, 0.0 ], [ -38.565097, -3.703138, 0.0 ], [ -38.565035, -3.703127, 0.0 ], [ -38.565002, -3.703125, 0.0 ], [ -38.564968, -3.703128, 0.0 ], [ -38.564929, -3.703132, 0.0 ], [ -38.564823, -3.703148, 0.0 ], [ -38.564765, -3.703146, 0.0 ], [ -38.564734, -3.703147, 0.0 ], [ -38.564612, -3.703163, 0.0 ], [ -38.564577, -3.703163, 0.0 ], [ -38.564543, -3.703159, 0.0 ], [ -38.564518, -3.703154, 0.0 ], [ -38.564466, -3.703153, 0.0 ], [ -38.564435, -3.703157, 0.0 ], [ -38.564374, -3.703155, 0.0 ], [ -38.564348, -3.703149, 0.0 ], [ -38.564323, -3.703142, 0.0 ], [ -38.564274, -3.703133, 0.0 ], [ -38.564247, -3.703133, 0.0 ], [ -38.564216, -3.703134, 0.0 ], [ -38.564156, -3.703143, 0.0 ], [ -38.564105, -3.70316, 0.0 ], [ -38.564063, -3.703165, 0.0 ], [ -38.564045, -3.70317, 0.0 ], [ -38.564019, -3.703177, 0.0 ], [ -38.563969, -3.703196, 0.0 ], [ -38.56392, -3.703203, 0.0 ], [ -38.56385, -3.703224, 0.0 ], [ -38.563771, -3.703244, 0.0 ], [ -38.563754, -3.703244, 0.0 ], [ -38.563739, -3.703237, 0.0 ], [ -38.563707, -3.70323, 0.0 ], [ -38.563668, -3.703231, 0.0 ], [ -38.563639, -3.703239, 0.0 ], [ -38.563598, -3.703239, 0.0 ], [ -38.563572, -3.703239, 0.0 ], [ -38.563554, -3.703232, 0.0 ], [ -38.563524, -3.70323, 0.0 ], [ -38.563499, -3.70323, 0.0 ], [ -38.563452, -3.703233, 0.0 ], [ -38.563374, -3.703248, 0.0 ], [ -38.563355, -3.703249, 0.0 ], [ -38.563301, -3.703249, 0.0 ], [ -38.563275, -3.703251, 0.0 ], [ -38.563254, -3.70325, 0.0 ], [ -38.563239, -3.703248, 0.0 ], [ -38.563222, -3.703234, 0.0 ], [ -38.563211, -3.703227, 0.0 ], [ -38.563204, -3.703212, 0.0 ], [ -38.563193, -3.70317, 0.0 ], [ -38.563179, -3.703133, 0.0 ], [ -38.563171, -3.703118, 0.0 ], [ -38.563167, -3.703105, 0.0 ], [ -38.56309, -3.70294, 0.0 ], [ -38.562622, -3.701861, 0.0 ], [ -38.562541, -3.701644, 0.0 ], [ -38.56234, -3.701202, 0.0 ], [ -38.562239, -3.700927, 0.0 ], [ -38.562133, -3.700727, 0.0 ], [ -38.562096, -3.700622, 0.0 ], [ -38.562103, -3.70047, 0.0 ], [ -38.562123, -3.700413, 0.0 ], [ -38.562166, -3.700349, 0.0 ], [ -38.562219, -3.700306, 0.0 ], [ -38.56233, -3.700133, 0.0 ], [ -38.562552, -3.699863, 0.0 ], [ -38.562577, -3.699789, 0.0 ], [ -38.562938, -3.699309, 0.0 ], [ -38.56307, -3.699109, 0.0 ], [ -38.563141, -3.699036, 0.0 ], [ -38.563319, -3.698759, 0.0 ], [ -38.563368, -3.698724, 0.0 ], [ -38.563556, -3.698722, 0.0 ], [ -38.564067, -3.69881, 0.0 ], [ -38.564187, -3.698819, 0.0 ], [ -38.564261, -3.698803, 0.0 ], [ -38.564298, -3.698765, 0.0 ], [ -38.564273, -3.698684, 0.0 ], [ -38.564057, -3.698622, 0.0 ], [ -38.563738, -3.698588, 0.0 ], [ -38.563632, -3.698549, 0.0 ], [ -38.563387, -3.698536, 0.0 ], [ -38.563349, -3.698521, 0.0 ], [ -38.563261, -3.698533, 0.0 ], [ -38.563177, -3.698681, 0.0 ], [ -38.563095, -3.698784, 0.0 ], [ -38.563046, -3.698893, 0.0 ], [ -38.562993, -3.698919, 0.0 ], [ -38.56272, -3.699345, 0.0 ], [ -38.562607, -3.699491, 0.0 ], [ -38.5625, -3.699635, 0.0 ], [ -38.562415, -3.699785, 0.0 ], [ -38.561927, -3.7004, 0.0 ], [ -38.561898, -3.70045, 0.0 ], [ -38.561885, -3.700499, 0.0 ], [ -38.561892, -3.700561, 0.0 ], [ -38.562101, -3.701051, 0.0 ], [ -38.562176, -3.701263, 0.0 ], [ -38.562622, -3.702272, 0.0 ], [ -38.562638, -3.702349, 0.0 ], [ -38.562729, -3.702519, 0.0 ], [ -38.56298, -3.703109, 0.0 ], [ -38.562993, -3.703149, 0.0 ], [ -38.563011, -3.703194, 0.0 ], [ -38.563045, -3.703291, 0.0 ], [ -38.563094, -3.703411, 0.0 ], [ -38.5631, -3.703428, 0.0 ], [ -38.56311, -3.703439, 0.0 ], [ -38.563145, -3.703522, 0.0 ], [ -38.56316, -3.703554, 0.0 ], [ -38.563177, -3.703582, 0.0 ], [ -38.563195, -3.703621, 0.0 ], [ -38.5632, -3.703646, 0.0 ], [ -38.563199, -3.703648, 0.0 ], [ -38.563194, -3.703654, 0.0 ], [ -38.563181, -3.70366, 0.0 ], [ -38.563151, -3.703683, 0.0 ], [ -38.563094, -3.703739, 0.0 ], [ -38.563068, -3.703759, 0.0 ], [ -38.563051, -3.703774, 0.0 ], [ -38.562968, -3.70383, 0.0 ], [ -38.562948, -3.703845, 0.0 ], [ -38.56293, -3.703861, 0.0 ], [ -38.562895, -3.703881, 0.0 ], [ -38.562883, -3.703887, 0.0 ], [ -38.562856, -3.703895, 0.0 ], [ -38.562839, -3.703904, 0.0 ], [ -38.562804, -3.703919, 0.0 ], [ -38.562784, -3.703933, 0.0 ], [ -38.562725, -3.703968, 0.0 ], [ -38.56267, -3.704011, 0.0 ], [ -38.562652, -3.704022, 0.0 ], [ -38.562625, -3.70403, 0.0 ], [ -38.562568, -3.704051, 0.0 ], [ -38.56253, -3.704069, 0.0 ], [ -38.562497, -3.70409, 0.0 ], [ -38.562486, -3.704099, 0.0 ], [ -38.562173, -3.704269, 0.0 ], [ -38.561888, -3.704436, 0.0 ], [ -38.561633, -3.70459, 0.0 ], [ -38.56145, -3.704675, 0.0 ], [ -38.56133, -3.704758, 0.0 ], [ -38.561255, -3.704815, 0.0 ], [ -38.561181, -3.704849, 0.0 ], [ -38.561088, -3.704873, 0.0 ], [ -38.560954, -3.704891, 0.0 ], [ -38.560853, -3.70495, 0.0 ], [ -38.560783, -3.704988, 0.0 ], [ -38.560716, -3.704982, 0.0 ], [ -38.560702, -3.704942, 0.0 ], [ -38.560692, -3.704883, 0.0 ], [ -38.560644, -3.704875, 0.0 ], [ -38.560551, -3.704935, 0.0 ], [ -38.560422, -3.705053, 0.0 ], [ -38.560356, -3.705071, 0.0 ], [ -38.560233, -3.705109, 0.0 ], [ -38.560177, -3.705107, 0.0 ], [ -38.560109, -3.705149, 0.0 ], [ -38.560042, -3.705155, 0.0 ], [ -38.55998, -3.705174, 0.0 ], [ -38.559918, -3.70518, 0.0 ], [ -38.559869, -3.705178, 0.0 ], [ -38.559829, -3.70518, 0.0 ], [ -38.559797, -3.705178, 0.0 ], [ -38.559753, -3.705163, 0.0 ], [ -38.55973, -3.705107, 0.0 ], [ -38.559692, -3.705085, 0.0 ], [ -38.559668, -3.705042, 0.0 ], [ -38.559658, -3.705002, 0.0 ], [ -38.559636, -3.704959, 0.0 ], [ -38.559628, -3.704923, 0.0 ], [ -38.559618, -3.704893, 0.0 ], [ -38.559592, -3.70487, 0.0 ], [ -38.559549, -3.704771, 0.0 ], [ -38.559521, -3.704675, 0.0 ], [ -38.55946, -3.704587, 0.0 ], [ -38.559448, -3.704563, 0.0 ], [ -38.559445, -3.704537, 0.0 ], [ -38.559432, -3.704517, 0.0 ], [ -38.559411, -3.704496, 0.0 ], [ -38.559395, -3.704441, 0.0 ], [ -38.559377, -3.704416, 0.0 ], [ -38.559357, -3.704385, 0.0 ], [ -38.559349, -3.704323, 0.0 ], [ -38.559321, -3.704282, 0.0 ], [ -38.559313, -3.704268, 0.0 ], [ -38.559307, -3.704252, 0.0 ], [ -38.559266, -3.704204, 0.0 ], [ -38.559225, -3.704127, 0.0 ], [ -38.559214, -3.704089, 0.0 ], [ -38.559208, -3.704042, 0.0 ], [ -38.5592, -3.704016, 0.0 ], [ -38.559169, -3.703961, 0.0 ], [ -38.559129, -3.703915, 0.0 ], [ -38.55909, -3.703895, 0.0 ], [ -38.559064, -3.703895, 0.0 ], [ -38.559047, -3.703898, 0.0 ], [ -38.559012, -3.703917, 0.0 ], [ -38.558991, -3.70394, 0.0 ], [ -38.558985, -3.703965, 0.0 ], [ -38.558984, -3.703994, 0.0 ], [ -38.558989, -3.70403, 0.0 ], [ -38.559126, -3.704361, 0.0 ], [ -38.559196, -3.704465, 0.0 ], [ -38.559217, -3.704502, 0.0 ], [ -38.559225, -3.704552, 0.0 ], [ -38.559225, -3.704592, 0.0 ], [ -38.559202, -3.704674, 0.0 ], [ -38.559173, -3.704707, 0.0 ], [ -38.559147, -3.704734, 0.0 ], [ -38.559088, -3.70478, 0.0 ], [ -38.559047, -3.704805, 0.0 ], [ -38.558975, -3.704865, 0.0 ], [ -38.558925, -3.704923, 0.0 ], [ -38.558895, -3.704954, 0.0 ], [ -38.558789, -3.705017, 0.0 ], [ -38.558741, -3.705053, 0.0 ], [ -38.558695, -3.705081, 0.0 ], [ -38.558607, -3.705133, 0.0 ], [ -38.558481, -3.7052, 0.0 ], [ -38.558423, -3.705236, 0.0 ], [ -38.558367, -3.7053, 0.0 ], [ -38.558312, -3.705332, 0.0 ], [ -38.558258, -3.705369, 0.0 ], [ -38.558196, -3.705403, 0.0 ], [ -38.558137, -3.705439, 0.0 ], [ -38.558085, -3.705462, 0.0 ], [ -38.558041, -3.705486, 0.0 ], [ -38.557982, -3.705525, 0.0 ], [ -38.557912, -3.705564, 0.0 ], [ -38.557866, -3.705586, 0.0 ], [ -38.557817, -3.705624, 0.0 ], [ -38.557697, -3.705697, 0.0 ], [ -38.557614, -3.705741, 0.0 ], [ -38.55752, -3.705801, 0.0 ], [ -38.557459, -3.705832, 0.0 ], [ -38.557338, -3.70591, 0.0 ], [ -38.557271, -3.705952, 0.0 ], [ -38.557276, -3.705965, 0.0 ], [ -38.557246, -3.705977, 0.0 ], [ -38.557243, -3.705969, 0.0 ], [ -38.557232, -3.705977, 0.0 ], [ -38.557139, -3.706031, 0.0 ], [ -38.557049, -3.706073, 0.0 ], [ -38.556942, -3.70612, 0.0 ], [ -38.556853, -3.706162, 0.0 ], [ -38.556775, -3.706219, 0.0 ], [ -38.556654, -3.706273, 0.0 ], [ -38.556544, -3.706332, 0.0 ], [ -38.556455, -3.706391, 0.0 ], [ -38.556328, -3.706456, 0.0 ], [ -38.556262, -3.706484, 0.0 ], [ -38.556196, -3.706517, 0.0 ], [ -38.556123, -3.706549, 0.0 ], [ -38.556047, -3.706589, 0.0 ], [ -38.55598, -3.706595, 0.0 ], [ -38.555932, -3.706585, 0.0 ], [ -38.55588, -3.706583, 0.0 ], [ -38.555848, -3.706529, 0.0 ], [ -38.555799, -3.706466, 0.0 ], [ -38.555771, -3.706416, 0.0 ], [ -38.555751, -3.706397, 0.0 ], [ -38.555723, -3.706355, 0.0 ], [ -38.555693, -3.70632, 0.0 ], [ -38.555681, -3.706286, 0.0 ], [ -38.555682, -3.706266, 0.0 ], [ -38.555676, -3.706257, 0.0 ], [ -38.555675, -3.706245, 0.0 ], [ -38.55566, -3.706233, 0.0 ], [ -38.555656, -3.706221, 0.0 ], [ -38.555626, -3.706196, 0.0 ], [ -38.555613, -3.706177, 0.0 ], [ -38.555599, -3.706159, 0.0 ], [ -38.555597, -3.70615, 0.0 ], [ -38.555586, -3.706135, 0.0 ], [ -38.555577, -3.706131, 0.0 ], [ -38.555571, -3.706129, 0.0 ], [ -38.555573, -3.706126, 0.0 ], [ -38.555574, -3.706113, 0.0 ], [ -38.555565, -3.706107, 0.0 ], [ -38.555562, -3.706098, 0.0 ], [ -38.555554, -3.706092, 0.0 ], [ -38.555551, -3.706091, 0.0 ], [ -38.555554, -3.706087, 0.0 ], [ -38.555549, -3.706081, 0.0 ], [ -38.555557, -3.706067, 0.0 ], [ -38.555539, -3.706067, 0.0 ], [ -38.555537, -3.706064, 0.0 ], [ -38.555549, -3.706054, 0.0 ], [ -38.555534, -3.706049, 0.0 ], [ -38.555528, -3.70605, 0.0 ], [ -38.555513, -3.706039, 0.0 ], [ -38.555511, -3.706028, 0.0 ], [ -38.555504, -3.706018, 0.0 ], [ -38.555495, -3.706014, 0.0 ], [ -38.55549, -3.706004, 0.0 ], [ -38.555483, -3.705997, 0.0 ], [ -38.555483, -3.705988, 0.0 ], [ -38.555479, -3.70598, 0.0 ], [ -38.55547, -3.705981, 0.0 ], [ -38.555474, -3.705976, 0.0 ], [ -38.555473, -3.705963, 0.0 ], [ -38.555457, -3.705954, 0.0 ], [ -38.555456, -3.705949, 0.0 ], [ -38.555456, -3.705939, 0.0 ], [ -38.555449, -3.705927, 0.0 ], [ -38.555439, -3.705927, 0.0 ], [ -38.555429, -3.705914, 0.0 ], [ -38.555422, -3.705902, 0.0 ], [ -38.555423, -3.705891, 0.0 ], [ -38.555415, -3.705877, 0.0 ], [ -38.555404, -3.705869, 0.0 ], [ -38.555396, -3.705868, 0.0 ], [ -38.555385, -3.70586, 0.0 ], [ -38.555382, -3.705849, 0.0 ], [ -38.555374, -3.705844, 0.0 ], [ -38.555367, -3.705833, 0.0 ], [ -38.555363, -3.705826, 0.0 ], [ -38.555363, -3.705819, 0.0 ], [ -38.555365, -3.705798, 0.0 ], [ -38.555361, -3.70579, 0.0 ], [ -38.55536, -3.705779, 0.0 ], [ -38.555355, -3.705768, 0.0 ], [ -38.555335, -3.705768, 0.0 ], [ -38.555346, -3.705764, 0.0 ], [ -38.555348, -3.705752, 0.0 ], [ -38.555333, -3.705745, 0.0 ], [ -38.555327, -3.705751, 0.0 ], [ -38.555324, -3.70575, 0.0 ], [ -38.555321, -3.70574, 0.0 ], [ -38.555322, -3.705724, 0.0 ], [ -38.55531, -3.705718, 0.0 ], [ -38.555305, -3.7057, 0.0 ], [ -38.55529, -3.705677, 0.0 ], [ -38.555278, -3.705673, 0.0 ], [ -38.555265, -3.705652, 0.0 ], [ -38.555259, -3.705639, 0.0 ], [ -38.555247, -3.705625, 0.0 ], [ -38.555234, -3.7056, 0.0 ], [ -38.555197, -3.705558, 0.0 ], [ -38.555185, -3.705547, 0.0 ], [ -38.555183, -3.705538, 0.0 ], [ -38.555177, -3.705528, 0.0 ], [ -38.555174, -3.705518, 0.0 ], [ -38.555169, -3.705511, 0.0 ], [ -38.555168, -3.7055, 0.0 ], [ -38.555161, -3.705493, 0.0 ], [ -38.555148, -3.705485, 0.0 ], [ -38.55514, -3.705483, 0.0 ], [ -38.55513, -3.705455, 0.0 ], [ -38.555123, -3.705444, 0.0 ], [ -38.55512, -3.705435, 0.0 ], [ -38.555113, -3.705425, 0.0 ], [ -38.555104, -3.70542, 0.0 ], [ -38.555096, -3.705407, 0.0 ], [ -38.555094, -3.705396, 0.0 ], [ -38.555089, -3.705382, 0.0 ], [ -38.55508, -3.705366, 0.0 ], [ -38.555068, -3.705356, 0.0 ], [ -38.555043, -3.705318, 0.0 ], [ -38.555034, -3.705295, 0.0 ], [ -38.555033, -3.705286, 0.0 ], [ -38.555034, -3.705272, 0.0 ], [ -38.555013, -3.705257, 0.0 ], [ -38.555003, -3.705242, 0.0 ], [ -38.554992, -3.705242, 0.0 ], [ -38.55497, -3.705216, 0.0 ], [ -38.554959, -3.705189, 0.0 ], [ -38.554949, -3.705181, 0.0 ], [ -38.55494, -3.705161, 0.0 ], [ -38.554932, -3.70515, 0.0 ], [ -38.554927, -3.705137, 0.0 ], [ -38.554927, -3.705127, 0.0 ], [ -38.554921, -3.705113, 0.0 ], [ -38.554907, -3.705109, 0.0 ], [ -38.554901, -3.705101, 0.0 ], [ -38.554893, -3.705094, 0.0 ], [ -38.554886, -3.705073, 0.0 ], [ -38.55488, -3.705071, 0.0 ], [ -38.554878, -3.705064, 0.0 ], [ -38.554871, -3.705056, 0.0 ], [ -38.554856, -3.705012, 0.0 ], [ -38.55484, -3.705002, 0.0 ], [ -38.554834, -3.705012, 0.0 ], [ -38.554831, -3.704994, 0.0 ], [ -38.554825, -3.704988, 0.0 ], [ -38.554825, -3.704976, 0.0 ], [ -38.554816, -3.70497, 0.0 ], [ -38.554811, -3.704964, 0.0 ], [ -38.554808, -3.704952, 0.0 ], [ -38.554798, -3.704931, 0.0 ], [ -38.554787, -3.704921, 0.0 ], [ -38.554778, -3.70491, 0.0 ], [ -38.554771, -3.704909, 0.0 ], [ -38.554766, -3.704901, 0.0 ], [ -38.554768, -3.704898, 0.0 ], [ -38.554766, -3.704891, 0.0 ], [ -38.55476, -3.704882, 0.0 ], [ -38.554753, -3.704879, 0.0 ], [ -38.554745, -3.704873, 0.0 ], [ -38.554737, -3.704879, 0.0 ], [ -38.554734, -3.704878, 0.0 ], [ -38.554729, -3.704872, 0.0 ], [ -38.55471, -3.704859, 0.0 ], [ -38.554693, -3.704868, 0.0 ], [ -38.554686, -3.70487, 0.0 ], [ -38.554679, -3.704869, 0.0 ], [ -38.554671, -3.704871, 0.0 ], [ -38.554667, -3.704867, 0.0 ], [ -38.554654, -3.704867, 0.0 ], [ -38.554645, -3.704873, 0.0 ], [ -38.554638, -3.704881, 0.0 ], [ -38.554641, -3.704887, 0.0 ], [ -38.554631, -3.704903, 0.0 ], [ -38.554624, -3.704908, 0.0 ], [ -38.554621, -3.704914, 0.0 ], [ -38.55461, -3.704929, 0.0 ], [ -38.554609, -3.704944, 0.0 ], [ -38.554606, -3.70495, 0.0 ], [ -38.5546, -3.704955, 0.0 ], [ -38.554599, -3.704964, 0.0 ], [ -38.55461, -3.704977, 0.0 ], [ -38.554615, -3.705009, 0.0 ], [ -38.554619, -3.705017, 0.0 ], [ -38.554627, -3.705016, 0.0 ], [ -38.554631, -3.705018, 0.0 ], [ -38.554633, -3.705032, 0.0 ], [ -38.554642, -3.705033, 0.0 ], [ -38.55466, -3.70505, 0.0 ], [ -38.554661, -3.705068, 0.0 ], [ -38.554665, -3.705078, 0.0 ], [ -38.554664, -3.705087, 0.0 ], [ -38.554661, -3.705095, 0.0 ], [ -38.554659, -3.705105, 0.0 ], [ -38.554669, -3.705112, 0.0 ], [ -38.55468, -3.705108, 0.0 ], [ -38.55468, -3.705104, 0.0 ], [ -38.55469, -3.705106, 0.0 ], [ -38.554692, -3.705109, 0.0 ], [ -38.554696, -3.705115, 0.0 ], [ -38.554692, -3.705121, 0.0 ], [ -38.554696, -3.70513, 0.0 ], [ -38.554701, -3.705133, 0.0 ], [ -38.554702, -3.70514, 0.0 ], [ -38.554709, -3.705147, 0.0 ], [ -38.554717, -3.70515, 0.0 ], [ -38.554725, -3.705168, 0.0 ], [ -38.554733, -3.705171, 0.0 ], [ -38.554737, -3.705175, 0.0 ], [ -38.554745, -3.705195, 0.0 ], [ -38.554757, -3.705213, 0.0 ], [ -38.554763, -3.705225, 0.0 ], [ -38.554771, -3.705232, 0.0 ], [ -38.55478, -3.705247, 0.0 ], [ -38.55479, -3.705251, 0.0 ], [ -38.554793, -3.705256, 0.0 ], [ -38.554789, -3.705253, 0.0 ], [ -38.554782, -3.705262, 0.0 ], [ -38.554787, -3.705276, 0.0 ], [ -38.554796, -3.705279, 0.0 ], [ -38.554794, -3.705286, 0.0 ], [ -38.554802, -3.705292, 0.0 ], [ -38.554807, -3.705292, 0.0 ], [ -38.554804, -3.705299, 0.0 ], [ -38.554813, -3.705307, 0.0 ], [ -38.554817, -3.705318, 0.0 ], [ -38.554829, -3.705324, 0.0 ], [ -38.554835, -3.70533, 0.0 ], [ -38.55484, -3.705339, 0.0 ], [ -38.554841, -3.705349, 0.0 ], [ -38.554851, -3.705357, 0.0 ], [ -38.554857, -3.705359, 0.0 ], [ -38.554859, -3.705368, 0.0 ], [ -38.554867, -3.705379, 0.0 ], [ -38.554878, -3.705384, 0.0 ], [ -38.554879, -3.705405, 0.0 ], [ -38.554895, -3.705424, 0.0 ], [ -38.554903, -3.705429, 0.0 ], [ -38.554908, -3.705435, 0.0 ], [ -38.55491, -3.705441, 0.0 ], [ -38.554909, -3.705453, 0.0 ], [ -38.55491, -3.705465, 0.0 ], [ -38.554917, -3.705474, 0.0 ], [ -38.554926, -3.705478, 0.0 ], [ -38.554927, -3.705481, 0.0 ], [ -38.554942, -3.705496, 0.0 ], [ -38.55494, -3.705503, 0.0 ], [ -38.554952, -3.705509, 0.0 ], [ -38.554956, -3.705514, 0.0 ], [ -38.554958, -3.705539, 0.0 ], [ -38.554961, -3.705553, 0.0 ], [ -38.554966, -3.70556, 0.0 ], [ -38.55497, -3.705576, 0.0 ], [ -38.55498, -3.705584, 0.0 ], [ -38.554988, -3.70558, 0.0 ], [ -38.554986, -3.705596, 0.0 ], [ -38.554994, -3.705604, 0.0 ], [ -38.555004, -3.705608, 0.0 ], [ -38.555002, -3.705612, 0.0 ], [ -38.555009, -3.70562, 0.0 ], [ -38.555012, -3.70562, 0.0 ], [ -38.555009, -3.705627, 0.0 ], [ -38.555019, -3.705636, 0.0 ], [ -38.55502, -3.705643, 0.0 ], [ -38.55503, -3.705646, 0.0 ], [ -38.555036, -3.705647, 0.0 ], [ -38.555037, -3.705659, 0.0 ], [ -38.555044, -3.705666, 0.0 ], [ -38.555052, -3.705669, 0.0 ], [ -38.555055, -3.705664, 0.0 ], [ -38.555056, -3.705665, 0.0 ], [ -38.555058, -3.705687, 0.0 ], [ -38.555061, -3.705692, 0.0 ], [ -38.555061, -3.705705, 0.0 ], [ -38.555069, -3.705711, 0.0 ], [ -38.555075, -3.705705, 0.0 ], [ -38.555071, -3.705711, 0.0 ], [ -38.555071, -3.705732, 0.0 ], [ -38.555079, -3.705738, 0.0 ], [ -38.555089, -3.705733, 0.0 ], [ -38.555092, -3.705733, 0.0 ], [ -38.555094, -3.705744, 0.0 ], [ -38.555099, -3.705751, 0.0 ], [ -38.5551, -3.705758, 0.0 ], [ -38.555098, -3.705764, 0.0 ], [ -38.555104, -3.705775, 0.0 ], [ -38.555116, -3.705779, 0.0 ], [ -38.555115, -3.705791, 0.0 ], [ -38.555123, -3.705794, 0.0 ], [ -38.555131, -3.705812, 0.0 ], [ -38.555135, -3.705817, 0.0 ], [ -38.55515, -3.705851, 0.0 ], [ -38.555161, -3.705857, 0.0 ], [ -38.555166, -3.705866, 0.0 ], [ -38.555175, -3.705875, 0.0 ], [ -38.555182, -3.705887, 0.0 ], [ -38.55519, -3.70589, 0.0 ], [ -38.555193, -3.705893, 0.0 ], [ -38.555194, -3.705909, 0.0 ], [ -38.5552, -3.705913, 0.0 ], [ -38.555199, -3.70592, 0.0 ], [ -38.555207, -3.705931, 0.0 ], [ -38.555211, -3.705938, 0.0 ], [ -38.555221, -3.705945, 0.0 ], [ -38.555225, -3.70595, 0.0 ], [ -38.555228, -3.705959, 0.0 ], [ -38.555238, -3.705971, 0.0 ], [ -38.55525, -3.705998, 0.0 ], [ -38.555254, -3.706001, 0.0 ], [ -38.555256, -3.706016, 0.0 ], [ -38.555266, -3.706022, 0.0 ], [ -38.555265, -3.706026, 0.0 ], [ -38.555267, -3.706038, 0.0 ], [ -38.555276, -3.706046, 0.0 ], [ -38.555276, -3.70605, 0.0 ], [ -38.555269, -3.706052, 0.0 ], [ -38.555271, -3.706064, 0.0 ], [ -38.555287, -3.706071, 0.0 ], [ -38.555292, -3.706074, 0.0 ], [ -38.555294, -3.706079, 0.0 ], [ -38.555293, -3.706086, 0.0 ], [ -38.55531, -3.706099, 0.0 ], [ -38.555317, -3.706102, 0.0 ], [ -38.555314, -3.706112, 0.0 ], [ -38.555327, -3.706122, 0.0 ], [ -38.555327, -3.706123, 0.0 ], [ -38.55532, -3.706131, 0.0 ], [ -38.555326, -3.706137, 0.0 ], [ -38.555316, -3.706136, 0.0 ], [ -38.555301, -3.706151, 0.0 ], [ -38.555292, -3.706162, 0.0 ], [ -38.555273, -3.706173, 0.0 ], [ -38.555265, -3.706192, 0.0 ], [ -38.555235, -3.706231, 0.0 ], [ -38.555217, -3.706259, 0.0 ], [ -38.5552, -3.706268, 0.0 ], [ -38.55518, -3.706294, 0.0 ], [ -38.555159, -3.706309, 0.0 ], [ -38.55514, -3.706331, 0.0 ], [ -38.555125, -3.706354, 0.0 ], [ -38.555103, -3.706365, 0.0 ], [ -38.555087, -3.706377, 0.0 ], [ -38.555071, -3.706393, 0.0 ], [ -38.555049, -3.706424, 0.0 ], [ -38.555036, -3.706449, 0.0 ], [ -38.555019, -3.706478, 0.0 ], [ -38.554989, -3.706488, 0.0 ], [ -38.554968, -3.706506, 0.0 ], [ -38.554952, -3.706524, 0.0 ], [ -38.554936, -3.706546, 0.0 ], [ -38.55492, -3.706555, 0.0 ], [ -38.554907, -3.706568, 0.0 ], [ -38.554834, -3.706682, 0.0 ], [ -38.554735, -3.706802, 0.0 ], [ -38.554653, -3.706879, 0.0 ], [ -38.554547, -3.707011, 0.0 ], [ -38.554423, -3.707155, 0.0 ], [ -38.554357, -3.70724, 0.0 ], [ -38.554282, -3.707329, 0.0 ], [ -38.5542, -3.707401, 0.0 ], [ -38.554123, -3.707465, 0.0 ], [ -38.554082, -3.707509, 0.0 ], [ -38.554044, -3.707553, 0.0 ], [ -38.553991, -3.707598, 0.0 ], [ -38.553925, -3.707658, 0.0 ], [ -38.553867, -3.707734, 0.0 ], [ -38.553818, -3.707777, 0.0 ], [ -38.553769, -3.707829, 0.0 ], [ -38.553703, -3.707865, 0.0 ], [ -38.553636, -3.707917, 0.0 ], [ -38.553574, -3.707947, 0.0 ], [ -38.553518, -3.707979, 0.0 ], [ -38.553444, -3.708012, 0.0 ], [ -38.553177, -3.708192, 0.0 ], [ -38.553109, -3.70824, 0.0 ], [ -38.55304, -3.708266, 0.0 ], [ -38.552952, -3.70832, 0.0 ], [ -38.552889, -3.708369, 0.0 ], [ -38.552823, -3.708408, 0.0 ], [ -38.552657, -3.708489, 0.0 ], [ -38.552484, -3.708533, 0.0 ], [ -38.552374, -3.708534, 0.0 ], [ -38.552305, -3.708515, 0.0 ], [ -38.552185, -3.708394, 0.0 ], [ -38.552128, -3.708298, 0.0 ], [ -38.552083, -3.708211, 0.0 ], [ -38.552078, -3.708197, 0.0 ], [ -38.552059, -3.70818, 0.0 ], [ -38.552048, -3.708154, 0.0 ], [ -38.552045, -3.708136, 0.0 ], [ -38.552038, -3.708124, 0.0 ], [ -38.552027, -3.708112, 0.0 ], [ -38.552022, -3.708104, 0.0 ], [ -38.552017, -3.70809, 0.0 ], [ -38.551995, -3.708071, 0.0 ], [ -38.551984, -3.708066, 0.0 ], [ -38.551971, -3.708032, 0.0 ], [ -38.551964, -3.708023, 0.0 ], [ -38.551952, -3.708012, 0.0 ], [ -38.551942, -3.707997, 0.0 ], [ -38.551924, -3.707988, 0.0 ], [ -38.55192, -3.707982, 0.0 ], [ -38.55192, -3.70796, 0.0 ], [ -38.551918, -3.707954, 0.0 ], [ -38.551911, -3.707944, 0.0 ], [ -38.551887, -3.707924, 0.0 ], [ -38.551878, -3.707912, 0.0 ], [ -38.551876, -3.707903, 0.0 ], [ -38.551867, -3.707884, 0.0 ], [ -38.551861, -3.707878, 0.0 ], [ -38.551845, -3.707849, 0.0 ], [ -38.551839, -3.707826, 0.0 ], [ -38.551829, -3.707803, 0.0 ], [ -38.551823, -3.707794, 0.0 ], [ -38.551806, -3.707782, 0.0 ], [ -38.551803, -3.707774, 0.0 ], [ -38.551792, -3.707765, 0.0 ], [ -38.55179, -3.707756, 0.0 ], [ -38.55179, -3.707737, 0.0 ], [ -38.551738, -3.707669, 0.0 ], [ -38.551717, -3.707636, 0.0 ], [ -38.55171, -3.707623, 0.0 ], [ -38.551708, -3.707606, 0.0 ], [ -38.551691, -3.707583, 0.0 ], [ -38.551682, -3.707558, 0.0 ], [ -38.55167, -3.707541, 0.0 ], [ -38.551663, -3.707526, 0.0 ], [ -38.551654, -3.707496, 0.0 ], [ -38.551647, -3.707481, 0.0 ], [ -38.55164, -3.707471, 0.0 ], [ -38.55162, -3.70745, 0.0 ], [ -38.551617, -3.707438, 0.0 ], [ -38.551602, -3.707407, 0.0 ], [ -38.551594, -3.707397, 0.0 ], [ -38.551587, -3.707383, 0.0 ], [ -38.551565, -3.707366, 0.0 ], [ -38.551542, -3.707352, 0.0 ], [ -38.551535, -3.707342, 0.0 ], [ -38.551528, -3.707328, 0.0 ], [ -38.551526, -3.707317, 0.0 ], [ -38.551525, -3.707292, 0.0 ], [ -38.551515, -3.707273, 0.0 ], [ -38.551501, -3.707267, 0.0 ], [ -38.551486, -3.70725, 0.0 ], [ -38.551475, -3.707242, 0.0 ], [ -38.551453, -3.707235, 0.0 ], [ -38.551444, -3.70723, 0.0 ], [ -38.551436, -3.707217, 0.0 ], [ -38.551429, -3.707213, 0.0 ], [ -38.551416, -3.707209, 0.0 ], [ -38.551392, -3.707212, 0.0 ], [ -38.551374, -3.707231, 0.0 ], [ -38.551361, -3.707228, 0.0 ], [ -38.551354, -3.707233, 0.0 ], [ -38.551354, -3.707243, 0.0 ], [ -38.551357, -3.707251, 0.0 ], [ -38.551381, -3.707269, 0.0 ], [ -38.551391, -3.707265, 0.0 ], [ -38.551399, -3.70726, 0.0 ], [ -38.551406, -3.707252, 0.0 ], [ -38.551411, -3.70725, 0.0 ], [ -38.551416, -3.70725, 0.0 ], [ -38.55142, -3.707254, 0.0 ], [ -38.551422, -3.707261, 0.0 ], [ -38.551419, -3.707274, 0.0 ], [ -38.551419, -3.707282, 0.0 ], [ -38.551413, -3.707284, 0.0 ], [ -38.551409, -3.707283, 0.0 ], [ -38.551402, -3.707276, 0.0 ], [ -38.551392, -3.707276, 0.0 ], [ -38.551384, -3.70728, 0.0 ], [ -38.551383, -3.707288, 0.0 ], [ -38.551386, -3.707299, 0.0 ], [ -38.551396, -3.707305, 0.0 ], [ -38.551405, -3.707308, 0.0 ], [ -38.551409, -3.707325, 0.0 ], [ -38.551407, -3.707336, 0.0 ], [ -38.551407, -3.707363, 0.0 ], [ -38.551399, -3.707375, 0.0 ], [ -38.551396, -3.707392, 0.0 ], [ -38.55139, -3.707407, 0.0 ], [ -38.551392, -3.70742, 0.0 ], [ -38.551414, -3.707438, 0.0 ], [ -38.551426, -3.707456, 0.0 ], [ -38.551438, -3.707501, 0.0 ], [ -38.551457, -3.707517, 0.0 ], [ -38.55147, -3.707532, 0.0 ], [ -38.551495, -3.707581, 0.0 ], [ -38.551502, -3.70759, 0.0 ], [ -38.551519, -3.707598, 0.0 ], [ -38.551534, -3.707613, 0.0 ], [ -38.551546, -3.70764, 0.0 ], [ -38.551559, -3.707656, 0.0 ], [ -38.551564, -3.707669, 0.0 ], [ -38.551581, -3.707686, 0.0 ], [ -38.5516, -3.707726, 0.0 ], [ -38.551613, -3.707738, 0.0 ], [ -38.551623, -3.707751, 0.0 ], [ -38.551657, -3.707811, 0.0 ], [ -38.551665, -3.70783, 0.0 ], [ -38.551702, -3.707897, 0.0 ], [ -38.551712, -3.707913, 0.0 ], [ -38.55172, -3.707929, 0.0 ], [ -38.551729, -3.707944, 0.0 ], [ -38.551748, -3.707962, 0.0 ], [ -38.551755, -3.707977, 0.0 ], [ -38.551753, -3.707988, 0.0 ], [ -38.551753, -3.707996, 0.0 ], [ -38.551758, -3.708006, 0.0 ], [ -38.551766, -3.70801, 0.0 ], [ -38.551776, -3.708013, 0.0 ], [ -38.551786, -3.708031, 0.0 ], [ -38.551793, -3.708039, 0.0 ], [ -38.551803, -3.708046, 0.0 ], [ -38.551811, -3.708056, 0.0 ], [ -38.551821, -3.708083, 0.0 ], [ -38.551836, -3.708105, 0.0 ], [ -38.551848, -3.708135, 0.0 ], [ -38.551845, -3.708143, 0.0 ], [ -38.551845, -3.708158, 0.0 ], [ -38.551849, -3.708165, 0.0 ], [ -38.551853, -3.708178, 0.0 ], [ -38.551871, -3.708205, 0.0 ], [ -38.551883, -3.708216, 0.0 ], [ -38.551908, -3.708228, 0.0 ], [ -38.551917, -3.708237, 0.0 ], [ -38.551927, -3.70826, 0.0 ], [ -38.551954, -3.70829, 0.0 ], [ -38.551974, -3.708302, 0.0 ], [ -38.55198, -3.708308, 0.0 ], [ -38.552027, -3.708368, 0.0 ], [ -38.552053, -3.708405, 0.0 ], [ -38.552092, -3.708471, 0.0 ], [ -38.552109, -3.708517, 0.0 ], [ -38.552128, -3.708551, 0.0 ], [ -38.552139, -3.708574, 0.0 ], [ -38.552159, -3.708602, 0.0 ], [ -38.552161, -3.708619, 0.0 ], [ -38.552151, -3.708651, 0.0 ], [ -38.552096, -3.70871, 0.0 ], [ -38.551997, -3.70883, 0.0 ], [ -38.551912, -3.708912, 0.0 ], [ -38.551847, -3.708971, 0.0 ], [ -38.551758, -3.709022, 0.0 ], [ -38.551667, -3.709108, 0.0 ], [ -38.551519, -3.709211, 0.0 ], [ -38.551261, -3.709382, 0.0 ], [ -38.551159, -3.709484, 0.0 ], [ -38.550975, -3.709629, 0.0 ], [ -38.550819, -3.709741, 0.0 ], [ -38.550736, -3.709789, 0.0 ], [ -38.550698, -3.709802, 0.0 ], [ -38.550628, -3.70979, 0.0 ], [ -38.550622, -3.709782, 0.0 ], [ -38.550634, -3.709762, 0.0 ], [ -38.550651, -3.709683, 0.0 ], [ -38.550657, -3.709661, 0.0 ], [ -38.550664, -3.709649, 0.0 ], [ -38.550666, -3.709635, 0.0 ], [ -38.550664, -3.709617, 0.0 ], [ -38.550646, -3.709608, 0.0 ], [ -38.550639, -3.709602, 0.0 ], [ -38.550622, -3.709616, 0.0 ], [ -38.550608, -3.709612, 0.0 ], [ -38.550591, -3.70962, 0.0 ], [ -38.55056, -3.709616, 0.0 ], [ -38.550555, -3.709638, 0.0 ], [ -38.550555, -3.709671, 0.0 ], [ -38.550564, -3.709713, 0.0 ], [ -38.550574, -3.709741, 0.0 ], [ -38.550576, -3.709758, 0.0 ], [ -38.550571, -3.709768, 0.0 ], [ -38.550556, -3.709774, 0.0 ], [ -38.550547, -3.709799, 0.0 ], [ -38.550535, -3.709804, 0.0 ], [ -38.550513, -3.709804, 0.0 ], [ -38.55051, -3.709816, 0.0 ], [ -38.550479, -3.709821, 0.0 ], [ -38.550476, -3.709842, 0.0 ], [ -38.550481, -3.709855, 0.0 ], [ -38.550481, -3.709874, 0.0 ], [ -38.550489, -3.709889, 0.0 ], [ -38.550489, -3.709897, 0.0 ], [ -38.55046, -3.709924, 0.0 ], [ -38.550357, -3.709997, 0.0 ], [ -38.550267, -3.710066, 0.0 ], [ -38.550122, -3.710172, 0.0 ], [ -38.550021, -3.710233, 0.0 ], [ -38.549888, -3.710293, 0.0 ], [ -38.549787, -3.710349, 0.0 ], [ -38.549601, -3.710478, 0.0 ], [ -38.549496, -3.710538, 0.0 ], [ -38.549365, -3.710596, 0.0 ], [ -38.54914, -3.710684, 0.0 ], [ -38.548935, -3.710727, 0.0 ], [ -38.548896, -3.710723, 0.0 ], [ -38.548851, -3.710699, 0.0 ], [ -38.548842, -3.710687, 0.0 ], [ -38.548823, -3.710657, 0.0 ], [ -38.548803, -3.710621, 0.0 ], [ -38.548787, -3.710586, 0.0 ], [ -38.548727, -3.710476, 0.0 ], [ -38.548706, -3.710439, 0.0 ], [ -38.54866, -3.710365, 0.0 ], [ -38.548605, -3.710265, 0.0 ], [ -38.548584, -3.71023, 0.0 ], [ -38.548564, -3.710195, 0.0 ], [ -38.548526, -3.710133, 0.0 ], [ -38.548503, -3.710103, 0.0 ], [ -38.548463, -3.710033, 0.0 ], [ -38.54839, -3.709916, 0.0 ], [ -38.548304, -3.709798, 0.0 ], [ -38.548284, -3.709767, 0.0 ], [ -38.548257, -3.709734, 0.0 ], [ -38.548239, -3.709706, 0.0 ], [ -38.548217, -3.709666, 0.0 ], [ -38.548154, -3.709558, 0.0 ], [ -38.548113, -3.70949, 0.0 ], [ -38.548093, -3.709469, 0.0 ], [ -38.548027, -3.709383, 0.0 ], [ -38.547939, -3.709257, 0.0 ], [ -38.547918, -3.709213, 0.0 ], [ -38.547894, -3.709166, 0.0 ], [ -38.547865, -3.70912, 0.0 ], [ -38.547731, -3.708925, 0.0 ], [ -38.547692, -3.708877, 0.0 ], [ -38.547663, -3.708849, 0.0 ], [ -38.547643, -3.708843, 0.0 ], [ -38.547622, -3.708842, 0.0 ], [ -38.547601, -3.708848, 0.0 ], [ -38.547581, -3.70886, 0.0 ], [ -38.54757, -3.708874, 0.0 ], [ -38.54756, -3.708891, 0.0 ], [ -38.547561, -3.708913, 0.0 ], [ -38.547569, -3.708939, 0.0 ], [ -38.547587, -3.708983, 0.0 ], [ -38.547617, -3.709039, 0.0 ], [ -38.547662, -3.709107, 0.0 ], [ -38.547787, -3.709291, 0.0 ], [ -38.54785, -3.709392, 0.0 ], [ -38.547912, -3.70952, 0.0 ], [ -38.54794, -3.709589, 0.0 ], [ -38.547986, -3.709675, 0.0 ], [ -38.548127, -3.709887, 0.0 ], [ -38.548212, -3.710001, 0.0 ], [ -38.548378, -3.710257, 0.0 ], [ -38.548492, -3.710421, 0.0 ], [ -38.548522, -3.710473, 0.0 ], [ -38.548531, -3.710487, 0.0 ], [ -38.548551, -3.71051, 0.0 ], [ -38.548597, -3.710584, 0.0 ], [ -38.548613, -3.710618, 0.0 ], [ -38.548613, -3.710652, 0.0 ], [ -38.548571, -3.710702, 0.0 ], [ -38.548554, -3.710729, 0.0 ], [ -38.548532, -3.710753, 0.0 ], [ -38.548506, -3.710785, 0.0 ], [ -38.54848, -3.710806, 0.0 ], [ -38.548446, -3.710835, 0.0 ], [ -38.548422, -3.710876, 0.0 ], [ -38.548381, -3.710904, 0.0 ], [ -38.548314, -3.710986, 0.0 ], [ -38.548253, -3.711029, 0.0 ], [ -38.54822, -3.711066, 0.0 ], [ -38.548178, -3.711108, 0.0 ], [ -38.548124, -3.711133, 0.0 ], [ -38.548106, -3.71116, 0.0 ], [ -38.548025, -3.711198, 0.0 ], [ -38.547972, -3.711245, 0.0 ], [ -38.547935, -3.711268, 0.0 ], [ -38.547895, -3.711305, 0.0 ], [ -38.547859, -3.71135, 0.0 ], [ -38.547803, -3.711374, 0.0 ], [ -38.547763, -3.711399, 0.0 ], [ -38.547718, -3.711444, 0.0 ], [ -38.547629, -3.711515, 0.0 ], [ -38.547565, -3.711544, 0.0 ], [ -38.547538, -3.711579, 0.0 ], [ -38.547506, -3.711607, 0.0 ], [ -38.547464, -3.71163, 0.0 ], [ -38.547415, -3.711671, 0.0 ], [ -38.547346, -3.711705, 0.0 ], [ -38.547135, -3.711786, 0.0 ], [ -38.546927, -3.711893, 0.0 ], [ -38.546726, -3.711997, 0.0 ], [ -38.546694, -3.712021, 0.0 ], [ -38.546669, -3.712034, 0.0 ], [ -38.546646, -3.712043, 0.0 ], [ -38.54663, -3.712052, 0.0 ], [ -38.546601, -3.712066, 0.0 ], [ -38.546594, -3.712076, 0.0 ], [ -38.546591, -3.712084, 0.0 ], [ -38.546566, -3.712085, 0.0 ], [ -38.546551, -3.712091, 0.0 ], [ -38.546538, -3.712103, 0.0 ], [ -38.546469, -3.712138, 0.0 ], [ -38.546437, -3.712146, 0.0 ], [ -38.546334, -3.712178, 0.0 ], [ -38.546297, -3.712187, 0.0 ], [ -38.546232, -3.712206, 0.0 ], [ -38.546185, -3.712214, 0.0 ], [ -38.546145, -3.712222, 0.0 ], [ -38.546114, -3.712232, 0.0 ], [ -38.546089, -3.712236, 0.0 ], [ -38.546081, -3.712226, 0.0 ], [ -38.546064, -3.712187, 0.0 ], [ -38.546052, -3.712167, 0.0 ], [ -38.546021, -3.712107, 0.0 ], [ -38.546004, -3.71208, 0.0 ], [ -38.545982, -3.712057, 0.0 ], [ -38.545956, -3.712016, 0.0 ], [ -38.545946, -3.711996, 0.0 ], [ -38.545936, -3.71197, 0.0 ], [ -38.545921, -3.711941, 0.0 ], [ -38.545906, -3.711922, 0.0 ], [ -38.545877, -3.711866, 0.0 ], [ -38.545839, -3.711816, 0.0 ], [ -38.545814, -3.711788, 0.0 ], [ -38.545747, -3.711703, 0.0 ], [ -38.545736, -3.711676, 0.0 ], [ -38.545716, -3.711641, 0.0 ], [ -38.545681, -3.711571, 0.0 ], [ -38.545664, -3.711546, 0.0 ], [ -38.545601, -3.711474, 0.0 ], [ -38.545569, -3.711426, 0.0 ], [ -38.545541, -3.711372, 0.0 ], [ -38.545515, -3.711304, 0.0 ], [ -38.5455, -3.711274, 0.0 ], [ -38.545488, -3.711251, 0.0 ], [ -38.545466, -3.711222, 0.0 ], [ -38.545438, -3.711189, 0.0 ], [ -38.5454, -3.711154, 0.0 ], [ -38.545387, -3.711143, 0.0 ], [ -38.545372, -3.711136, 0.0 ], [ -38.545369, -3.711128, 0.0 ], [ -38.545357, -3.711117, 0.0 ], [ -38.545344, -3.711109, 0.0 ], [ -38.545333, -3.711106, 0.0 ], [ -38.545311, -3.711119, 0.0 ], [ -38.545306, -3.71112, 0.0 ], [ -38.545298, -3.711118, 0.0 ], [ -38.545288, -3.711121, 0.0 ], [ -38.545283, -3.711128, 0.0 ], [ -38.54528, -3.71113, 0.0 ], [ -38.545263, -3.71113, 0.0 ], [ -38.545257, -3.711138, 0.0 ], [ -38.545257, -3.711151, 0.0 ], [ -38.545252, -3.711175, 0.0 ], [ -38.545255, -3.711201, 0.0 ], [ -38.545258, -3.711218, 0.0 ], [ -38.54529, -3.711316, 0.0 ], [ -38.545298, -3.711348, 0.0 ], [ -38.545316, -3.711374, 0.0 ], [ -38.545358, -3.711407, 0.0 ], [ -38.545377, -3.711427, 0.0 ], [ -38.545399, -3.711465, 0.0 ], [ -38.545422, -3.71151, 0.0 ], [ -38.545452, -3.711563, 0.0 ], [ -38.545484, -3.711618, 0.0 ], [ -38.545511, -3.711659, 0.0 ], [ -38.545601, -3.71178, 0.0 ], [ -38.545631, -3.711827, 0.0 ], [ -38.545671, -3.711894, 0.0 ], [ -38.545708, -3.711944, 0.0 ], [ -38.545726, -3.711973, 0.0 ], [ -38.545744, -3.711991, 0.0 ], [ -38.545758, -3.712009, 0.0 ], [ -38.545785, -3.71206, 0.0 ], [ -38.545812, -3.712091, 0.0 ], [ -38.545814, -3.712096, 0.0 ], [ -38.545812, -3.712101, 0.0 ], [ -38.545802, -3.712114, 0.0 ], [ -38.545788, -3.712143, 0.0 ], [ -38.545763, -3.712179, 0.0 ], [ -38.545701, -3.712284, 0.0 ], [ -38.545671, -3.712321, 0.0 ], [ -38.545648, -3.712354, 0.0 ], [ -38.545606, -3.712403, 0.0 ], [ -38.545584, -3.712422, 0.0 ], [ -38.545543, -3.712476, 0.0 ], [ -38.545516, -3.712495, 0.0 ], [ -38.545485, -3.712514, 0.0 ], [ -38.545416, -3.712559, 0.0 ], [ -38.545363, -3.712601, 0.0 ], [ -38.545347, -3.712619, 0.0 ], [ -38.545311, -3.71265, 0.0 ], [ -38.545275, -3.712677, 0.0 ], [ -38.545237, -3.7127, 0.0 ], [ -38.545215, -3.712718, 0.0 ], [ -38.545202, -3.712738, 0.0 ], [ -38.545188, -3.712764, 0.0 ], [ -38.545174, -3.712781, 0.0 ], [ -38.545133, -3.712808, 0.0 ], [ -38.545103, -3.712836, 0.0 ], [ -38.545088, -3.712858, 0.0 ], [ -38.545032, -3.712912, 0.0 ], [ -38.54497, -3.712956, 0.0 ], [ -38.544953, -3.712982, 0.0 ], [ -38.544938, -3.712994, 0.0 ], [ -38.544926, -3.713012, 0.0 ], [ -38.544916, -3.713021, 0.0 ], [ -38.5449, -3.713029, 0.0 ], [ -38.544879, -3.713045, 0.0 ], [ -38.544841, -3.713064, 0.0 ], [ -38.544811, -3.713083, 0.0 ], [ -38.544785, -3.713097, 0.0 ], [ -38.544721, -3.713112, 0.0 ], [ -38.544685, -3.713128, 0.0 ], [ -38.544646, -3.713152, 0.0 ], [ -38.544615, -3.713176, 0.0 ], [ -38.544577, -3.713199, 0.0 ], [ -38.544516, -3.713225, 0.0 ], [ -38.544487, -3.713247, 0.0 ], [ -38.544461, -3.713278, 0.0 ], [ -38.544431, -3.713304, 0.0 ], [ -38.54437, -3.713364, 0.0 ], [ -38.544338, -3.713387, 0.0 ], [ -38.54428, -3.71344, 0.0 ], [ -38.544227, -3.713468, 0.0 ], [ -38.544204, -3.713484, 0.0 ], [ -38.544139, -3.713502, 0.0 ], [ -38.544087, -3.713513, 0.0 ], [ -38.544044, -3.71352, 0.0 ], [ -38.54381, -3.713643, 0.0 ], [ -38.543749, -3.71365, 0.0 ], [ -38.543713, -3.71365, 0.0 ], [ -38.543706, -3.713615, 0.0 ], [ -38.543708, -3.713534, 0.0 ], [ -38.543607, -3.713449, 0.0 ], [ -38.543575, -3.713436, 0.0 ], [ -38.543553, -3.713434, 0.0 ], [ -38.543487, -3.713452, 0.0 ], [ -38.543435, -3.713464, 0.0 ], [ -38.543397, -3.713451, 0.0 ], [ -38.54336, -3.713444, 0.0 ], [ -38.54331, -3.713444, 0.0 ], [ -38.543233, -3.713476, 0.0 ], [ -38.543199, -3.71347, 0.0 ], [ -38.543175, -3.713449, 0.0 ], [ -38.543144, -3.713433, 0.0 ], [ -38.543122, -3.713418, 0.0 ], [ -38.543089, -3.713361, 0.0 ], [ -38.543046, -3.7133, 0.0 ], [ -38.543011, -3.713265, 0.0 ], [ -38.542993, -3.713245, 0.0 ], [ -38.542948, -3.713183, 0.0 ], [ -38.542934, -3.713159, 0.0 ], [ -38.542899, -3.713107, 0.0 ], [ -38.54283, -3.713014, 0.0 ], [ -38.542771, -3.712891, 0.0 ], [ -38.54275, -3.712869, 0.0 ], [ -38.542725, -3.712864, 0.0 ], [ -38.542708, -3.712862, 0.0 ], [ -38.54269, -3.712854, 0.0 ], [ -38.542674, -3.712855, 0.0 ], [ -38.542655, -3.712863, 0.0 ], [ -38.542632, -3.712885, 0.0 ], [ -38.542615, -3.712909, 0.0 ], [ -38.542601, -3.712925, 0.0 ], [ -38.542588, -3.712949, 0.0 ], [ -38.542554, -3.712972, 0.0 ], [ -38.54254, -3.712979, 0.0 ], [ -38.542489, -3.71299, 0.0 ], [ -38.542458, -3.713001, 0.0 ], [ -38.542441, -3.713008, 0.0 ], [ -38.54242, -3.71302, 0.0 ], [ -38.5424, -3.713029, 0.0 ], [ -38.542364, -3.71304, 0.0 ], [ -38.542311, -3.713053, 0.0 ], [ -38.542284, -3.713054, 0.0 ], [ -38.542259, -3.713051, 0.0 ], [ -38.542234, -3.71304, 0.0 ], [ -38.542219, -3.713031, 0.0 ], [ -38.542204, -3.713009, 0.0 ], [ -38.542196, -3.712993, 0.0 ], [ -38.542172, -3.712918, 0.0 ], [ -38.542161, -3.712904, 0.0 ], [ -38.542148, -3.712877, 0.0 ], [ -38.54213, -3.712825, 0.0 ], [ -38.542116, -3.712764, 0.0 ], [ -38.542113, -3.71274, 0.0 ], [ -38.542105, -3.712709, 0.0 ], [ -38.542094, -3.712679, 0.0 ], [ -38.542037, -3.712547, 0.0 ], [ -38.541998, -3.712463, 0.0 ], [ -38.541987, -3.712432, 0.0 ], [ -38.541982, -3.712406, 0.0 ], [ -38.541965, -3.712359, 0.0 ], [ -38.541938, -3.712307, 0.0 ], [ -38.541906, -3.712208, 0.0 ], [ -38.541897, -3.712178, 0.0 ], [ -38.541878, -3.712127, 0.0 ], [ -38.541837, -3.712003, 0.0 ], [ -38.541831, -3.711971, 0.0 ], [ -38.541819, -3.711925, 0.0 ], [ -38.541799, -3.711873, 0.0 ], [ -38.541786, -3.71185, 0.0 ], [ -38.541771, -3.711815, 0.0 ], [ -38.541754, -3.71176, 0.0 ], [ -38.541736, -3.711685, 0.0 ], [ -38.541724, -3.711657, 0.0 ], [ -38.541696, -3.711607, 0.0 ], [ -38.541689, -3.711582, 0.0 ], [ -38.541684, -3.711544, 0.0 ], [ -38.541676, -3.711507, 0.0 ], [ -38.541667, -3.711472, 0.0 ], [ -38.541641, -3.711391, 0.0 ], [ -38.541617, -3.711348, 0.0 ], [ -38.541596, -3.711303, 0.0 ], [ -38.541554, -3.711226, 0.0 ], [ -38.541528, -3.711185, 0.0 ], [ -38.541509, -3.711162, 0.0 ], [ -38.541482, -3.71113, 0.0 ], [ -38.54146, -3.711112, 0.0 ], [ -38.541441, -3.711098, 0.0 ], [ -38.541421, -3.711088, 0.0 ], [ -38.541405, -3.711086, 0.0 ], [ -38.541389, -3.711092, 0.0 ], [ -38.54138, -3.711111, 0.0 ], [ -38.541375, -3.711137, 0.0 ], [ -38.541366, -3.711159, 0.0 ], [ -38.541355, -3.711193, 0.0 ], [ -38.541362, -3.711237, 0.0 ], [ -38.541371, -3.711264, 0.0 ], [ -38.541382, -3.711289, 0.0 ], [ -38.541401, -3.711367, 0.0 ], [ -38.541409, -3.711389, 0.0 ], [ -38.541415, -3.711416, 0.0 ], [ -38.541427, -3.711451, 0.0 ], [ -38.541469, -3.711542, 0.0 ], [ -38.541512, -3.711666, 0.0 ], [ -38.541556, -3.711777, 0.0 ], [ -38.541583, -3.711863, 0.0 ], [ -38.54161, -3.711934, 0.0 ], [ -38.541667, -3.712099, 0.0 ], [ -38.541672, -3.712116, 0.0 ], [ -38.541682, -3.712169, 0.0 ], [ -38.541693, -3.71226, 0.0 ], [ -38.541705, -3.712304, 0.0 ], [ -38.541716, -3.712329, 0.0 ], [ -38.541739, -3.712356, 0.0 ], [ -38.541749, -3.712377, 0.0 ], [ -38.541758, -3.712402, 0.0 ], [ -38.54177, -3.712423, 0.0 ], [ -38.541788, -3.712468, 0.0 ], [ -38.541796, -3.712487, 0.0 ], [ -38.541819, -3.712526, 0.0 ], [ -38.541824, -3.712552, 0.0 ], [ -38.541836, -3.712582, 0.0 ], [ -38.541849, -3.71262, 0.0 ], [ -38.541877, -3.712694, 0.0 ], [ -38.541888, -3.712765, 0.0 ], [ -38.541895, -3.712782, 0.0 ], [ -38.541907, -3.712825, 0.0 ], [ -38.541924, -3.712865, 0.0 ], [ -38.541939, -3.712907, 0.0 ], [ -38.541951, -3.712954, 0.0 ], [ -38.541958, -3.712972, 0.0 ], [ -38.541966, -3.713002, 0.0 ], [ -38.541976, -3.713068, 0.0 ], [ -38.541977, -3.7131, 0.0 ], [ -38.541984, -3.71313, 0.0 ], [ -38.541988, -3.713155, 0.0 ], [ -38.542002, -3.713206, 0.0 ], [ -38.542012, -3.713228, 0.0 ], [ -38.542066, -3.713334, 0.0 ], [ -38.542107, -3.713432, 0.0 ], [ -38.54215, -3.713508, 0.0 ], [ -38.542153, -3.713518, 0.0 ], [ -38.54216, -3.713558, 0.0 ], [ -38.54216, -3.713568, 0.0 ], [ -38.542162, -3.713578, 0.0 ], [ -38.542168, -3.713587, 0.0 ], [ -38.542183, -3.713603, 0.0 ], [ -38.542189, -3.713615, 0.0 ], [ -38.542194, -3.713635, 0.0 ], [ -38.542204, -3.713694, 0.0 ], [ -38.542206, -3.713716, 0.0 ], [ -38.542206, -3.713729, 0.0 ], [ -38.542204, -3.71374, 0.0 ], [ -38.542196, -3.713761, 0.0 ], [ -38.542192, -3.713768, 0.0 ], [ -38.542391, -3.714252, 0.0 ], [ -38.542594, -3.71464, 0.0 ], [ -38.542676, -3.71481, 0.0 ], [ -38.542743, -3.714956, 0.0 ], [ -38.542193, -3.715279, 0.0 ], [ -38.541987, -3.715445, 0.0 ], [ -38.541994, -3.715663, 0.0 ], [ -38.541986, -3.715827, 0.0 ], [ -38.541983, -3.715858, 0.0 ], [ -38.541945, -3.716134, 0.0 ], [ -38.541915, -3.716355, 0.0 ], [ -38.541883, -3.716587, 0.0 ], [ -38.54186, -3.716758, 0.0 ], [ -38.541828, -3.716992, 0.0 ], [ -38.541793, -3.717246, 0.0 ], [ -38.541731, -3.717706, 0.0 ], [ -38.5417, -3.71792, 0.0 ], [ -38.541493, -3.719404, 0.0 ], [ -38.541457, -3.719674, 0.0 ], [ -38.541396, -3.720132, 0.0 ], [ -38.541298, -3.720836, 0.0 ], [ -38.541267, -3.721081, 0.0 ], [ -38.541224, -3.721395, 0.0 ], [ -38.541201, -3.721575, 0.0 ], [ -38.541192, -3.721644, 0.0 ], [ -38.541136, -3.722053, 0.0 ], [ -38.541057, -3.722657, 0.0 ], [ -38.541165, -3.7228, 0.0 ], [ -38.541239, -3.723001, 0.0 ], [ -38.541302, -3.723217, 0.0 ], [ -38.541563, -3.724072, 0.0 ], [ -38.541736, -3.72461, 0.0 ], [ -38.540747, -3.724917, 0.0 ], [ -38.540658, -3.725575, 0.0 ], [ -38.540572, -3.726177, 0.0 ], [ -38.540534, -3.726447, 0.0 ], [ -38.540511, -3.726601, 0.0 ], [ -38.540376, -3.727545, 0.0 ], [ -38.540307, -3.728019, 0.0 ], [ -38.540248, -3.728422, 0.0 ], [ -38.540409, -3.728378, 0.0 ], [ -38.540916, -3.728214, 0.0 ], [ -38.541567, -3.728003, 0.0 ], [ -38.542051, -3.727844, 0.0 ], [ -38.542892, -3.72757, 0.0 ], [ -38.543625, -3.727332, 0.0 ], [ -38.544072, -3.727187, 0.0 ], [ -38.544335, -3.7271, 0.0 ], [ -38.544559, -3.727028, 0.0 ], [ -38.545001, -3.726879, 0.0 ], [ -38.545204, -3.726812, 0.0 ], [ -38.545359, -3.72676, 0.0 ], [ -38.545522, -3.726707, 0.0 ], [ -38.545688, -3.726717, 0.0 ], [ -38.545791, -3.726725, 0.0 ], [ -38.546194, -3.72466, 0.0 ], [ -38.546313, -3.724649, 0.0 ], [ -38.546915, -3.724611, 0.0 ], [ -38.547443, -3.724575, 0.0 ], [ -38.547805, -3.724547, 0.0 ], [ -38.548112, -3.724536, 0.0 ], [ -38.548836, -3.724525, 0.0 ], [ -38.549158, -3.72454, 0.0 ], [ -38.549089, -3.724195, 0.0 ], [ -38.54903, -3.723924, 0.0 ], [ -38.548988, -3.723708, 0.0 ], [ -38.548967, -3.723589, 0.0 ], [ -38.548948, -3.723482, 0.0 ], [ -38.548996, -3.723465, 0.0 ], [ -38.549327, -3.723351, 0.0 ], [ -38.54932, -3.72333, 0.0 ], [ -38.549678, -3.723212, 0.0 ], [ -38.55052, -3.722934, 0.0 ], [ -38.550587, -3.722914, 0.0 ], [ -38.551371, -3.72266, 0.0 ], [ -38.55169, -3.722556, 0.0 ], [ -38.551836, -3.722517, 0.0 ], [ -38.552647, -3.722331, 0.0 ], [ -38.554522, -3.721904, 0.0 ], [ -38.555681, -3.72164, 0.0 ], [ -38.557708, -3.721179, 0.0 ], [ -38.558288, -3.721049, 0.0 ], [ -38.558509, -3.720997, 0.0 ], [ -38.558522, -3.720993, 0.0 ], [ -38.558534, -3.720991, 0.0 ], [ -38.558547, -3.720989, 0.0 ], [ -38.55856, -3.720987, 0.0 ], [ -38.558573, -3.720987, 0.0 ], [ -38.558586, -3.720987, 0.0 ], [ -38.558599, -3.720987, 0.0 ], [ -38.558611, -3.720989, 0.0 ], [ -38.558624, -3.720991, 0.0 ], [ -38.558637, -3.720993, 0.0 ], [ -38.558649, -3.720997, 0.0 ], [ -38.559283, -3.72116, 0.0 ], [ -38.560709, -3.72155, 0.0 ], [ -38.560995, -3.721624, 0.0 ], [ -38.56111, -3.721203, 0.0 ], [ -38.561211, -3.720815, 0.0 ], [ -38.561274, -3.720582, 0.0 ], [ -38.561365, -3.720229, 0.0 ], [ -38.561492, -3.719704, 0.0 ], [ -38.561572, -3.719374, 0.0 ], [ -38.561881, -3.719456, 0.0 ], [ -38.562595, -3.719647, 0.0 ], [ -38.563425, -3.71987, 0.0 ], [ -38.563647, -3.71993, 0.0 ], [ -38.563865, -3.719988, 0.0 ], [ -38.564154, -3.720065, 0.0 ], [ -38.565139, -3.72033, 0.0 ], [ -38.565651, -3.720466, 0.0 ], [ -38.566081, -3.720581, 0.0 ], [ -38.566695, -3.720747, 0.0 ], [ -38.566992, -3.720827, 0.0 ], [ -38.567005, -3.720873, 0.0 ], [ -38.567134, -3.720904, 0.0 ], [ -38.567532, -3.721012, 0.0 ], [ -38.568045, -3.721152, 0.0 ], [ -38.568073, -3.72116, 0.0 ], [ -38.568101, -3.721169, 0.0 ], [ -38.568128, -3.721178, 0.0 ], [ -38.568155, -3.721188, 0.0 ], [ -38.568183, -3.721198, 0.0 ], [ -38.56821, -3.721208, 0.0 ], [ -38.568236, -3.721219, 0.0 ], [ -38.568263, -3.721231, 0.0 ], [ -38.56829, -3.721243, 0.0 ], [ -38.568316, -3.721255, 0.0 ], [ -38.568342, -3.721268, 0.0 ], [ -38.568367, -3.721281, 0.0 ], [ -38.568393, -3.721295, 0.0 ], [ -38.568418, -3.721309, 0.0 ], [ -38.568443, -3.721324, 0.0 ], [ -38.568468, -3.721339, 0.0 ], [ -38.568493, -3.721354, 0.0 ], [ -38.568517, -3.72137, 0.0 ], [ -38.568541, -3.721387, 0.0 ], [ -38.568565, -3.721403, 0.0 ], [ -38.568588, -3.72142, 0.0 ], [ -38.568611, -3.721438, 0.0 ], [ -38.568634, -3.721456, 0.0 ], [ -38.568656, -3.721474, 0.0 ], [ -38.568679, -3.721493, 0.0 ], [ -38.5687, -3.721512, 0.0 ], [ -38.568722, -3.721532, 0.0 ], [ -38.568743, -3.721551, 0.0 ], [ -38.568764, -3.721572, 0.0 ], [ -38.568784, -3.721592, 0.0 ], [ -38.568805, -3.721613, 0.0 ], [ -38.568824, -3.721634, 0.0 ], [ -38.568844, -3.721656, 0.0 ], [ -38.568863, -3.721678, 0.0 ], [ -38.568881, -3.7217, 0.0 ], [ -38.5689, -3.721723, 0.0 ], [ -38.568917, -3.721746, 0.0 ], [ -38.568935, -3.721769, 0.0 ], [ -38.568952, -3.721793, 0.0 ], [ -38.568969, -3.721816, 0.0 ], [ -38.568985, -3.72184, 0.0 ], [ -38.569001, -3.721865, 0.0 ], [ -38.569006, -3.721874, 0.0 ], [ -38.569016, -3.72189, 0.0 ] ] ] } },
{ "type": "Feature", "properties": { "regional": 2, "area_km2": 23.48180497813313, "n_bairros": 11 }, "geometry": { "type": "Polygon", "coordinates": [ [ [ -38.506918, -3.762458, 0.0 ], [ -38.507618, -3.762542, 0.0 ], [ -38.507767, -3.762548, 0.0 ], [ -38.50803, -3.762582, 0.0 ], [ -38.508193, -3.76262, 0.0 ], [ -38.508328, -3.762581, 0.0 ], [ -38.508483, -3.762559, 0.0 ], [ -38.508621, -3.762548, 0.0 ], [ -38.509272, -3.76267, 0.0 ], [ -38.509783, -3.762766, 0.0 ], [ -38.510148, -3.762799, 0.0 ], [ -38.510419, -3.762799, 0.0 ], [ -38.510837, -3.762766, 0.0 ], [ -38.510942, -3.76275, 0.0 ], [ -38.511069, -3.76275, 0.0 ], [ -38.511506, -3.762656, 0.0 ], [ -38.511788, -3.762611, 0.0 ], [ -38.512072, -3.76258, 0.0 ], [ -38.512209, -3.762567, 0.0 ], [ -38.512449, -3.76245, 0.0 ], [ -38.512543, -3.762417, 0.0 ], [ -38.512704, -3.762395, 0.0 ], [ -38.513052, -3.762395, 0.0 ], [ -38.51319, -3.762412, 0.0 ], [ -38.513394, -3.762449, 0.0 ], [ -38.513494, -3.762468, 0.0 ], [ -38.513588, -3.762518, 0.0 ], [ -38.513705, -3.762523, 0.0 ], [ -38.514032, -3.762486, 0.0 ], [ -38.514426, -3.762389, 0.0 ], [ -38.514661, -3.762314, 0.0 ], [ -38.515106, -3.762173, 0.0 ], [ -38.515883, -3.761834, 0.0 ], [ -38.516111, -3.761746, 0.0 ], [ -38.516547, -3.761579, 0.0 ], [ -38.517005, -3.761255, 0.0 ], [ -38.517277, -3.761063, 0.0 ], [ -38.517568, -3.760761, 0.0 ], [ -38.517708, -3.760617, 0.0 ], [ -38.517924, -3.760265, 0.0 ], [ -38.517981, -3.760185, 0.0 ], [ -38.518998, -3.760066, 0.0 ], [ -38.519036, -3.759806, 0.0 ], [ -38.519086, -3.759501, 0.0 ], [ -38.519119, -3.759303, 0.0 ], [ -38.519155, -3.759133, 0.0 ], [ -38.519176, -3.75904, 0.0 ], [ -38.519197, -3.758967, 0.0 ], [ -38.519261, -3.758788, 0.0 ], [ -38.519292, -3.758699, 0.0 ], [ -38.519343, -3.758583, 0.0 ], [ -38.51941, -3.758459, 0.0 ], [ -38.519497, -3.758321, 0.0 ], [ -38.519549, -3.758251, 0.0 ], [ -38.519619, -3.757991, 0.0 ], [ -38.519642, -3.757879, 0.0 ], [ -38.519683, -3.757656, 0.0 ], [ -38.519805, -3.757069, 0.0 ], [ -38.519881, -3.756703, 0.0 ], [ -38.520016, -3.755998, 0.0 ], [ -38.52012, -3.755466, 0.0 ], [ -38.520154, -3.755294, 0.0 ], [ -38.520235, -3.754882, 0.0 ], [ -38.520473, -3.75366, 0.0 ], [ -38.520497, -3.75354, 0.0 ], [ -38.520588, -3.753041, 0.0 ], [ -38.52066, -3.75267, 0.0 ], [ -38.520752, -3.7522, 0.0 ], [ -38.520815, -3.751877, 0.0 ], [ -38.520894, -3.751478, 0.0 ], [ -38.520994, -3.750972, 0.0 ], [ -38.521163, -3.750138, 0.0 ], [ -38.521339, -3.749288, 0.0 ], [ -38.521503, -3.748499, 0.0 ], [ -38.52159, -3.748083, 0.0 ], [ -38.521652, -3.747803, 0.0 ], [ -38.521835, -3.746951, 0.0 ], [ -38.521956, -3.746343, 0.0 ], [ -38.522135, -3.745496, 0.0 ], [ -38.52227, -3.744852, 0.0 ], [ -38.52244, -3.744056, 0.0 ], [ -38.522597, -3.743313, 0.0 ], [ -38.522637, -3.743121, 0.0 ], [ -38.522719, -3.742727, 0.0 ], [ -38.522888, -3.741931, 0.0 ], [ -38.5233, -3.739967, 0.0 ], [ -38.523647, -3.738296, 0.0 ], [ -38.523898, -3.737049, 0.0 ], [ -38.523928, -3.736904, 0.0 ], [ -38.523802, -3.736943, 0.0 ], [ -38.522988, -3.737197, 0.0 ], [ -38.522212, -3.737442, 0.0 ], [ -38.521225, -3.737753, 0.0 ], [ -38.520377, -3.73802, 0.0 ], [ -38.51937, -3.738337, 0.0 ], [ -38.518188, -3.738713, 0.0 ], [ -38.517879, -3.738808, 0.0 ], [ -38.517554, -3.738914, 0.0 ], [ -38.517511, -3.738788, 0.0 ], [ -38.517274, -3.738013, 0.0 ], [ -38.516959, -3.736985, 0.0 ], [ -38.516704, -3.736161, 0.0 ], [ -38.516667, -3.736034, 0.0 ], [ -38.516408, -3.736118, 0.0 ], [ -38.516138, -3.735259, 0.0 ], [ -38.515839, -3.734298, 0.0 ], [ -38.515755, -3.734025, 0.0 ], [ -38.515591, -3.733504, 0.0 ], [ -38.51545, -3.733059, 0.0 ], [ -38.515326, -3.732652, 0.0 ], [ -38.515174, -3.732157, 0.0 ], [ -38.514962, -3.731482, 0.0 ], [ -38.514812, -3.73099, 0.0 ], [ -38.514591, -3.730294, 0.0 ], [ -38.514353, -3.72955, 0.0 ], [ -38.514158, -3.728916, 0.0 ], [ -38.514077, -3.728657, 0.0 ], [ -38.513905, -3.728124, 0.0 ], [ -38.513878, -3.728026, 0.0 ], [ -38.513683, -3.727406, 0.0 ], [ -38.513522, -3.72688, 0.0 ], [ -38.513441, -3.72663, 0.0 ], [ -38.513381, -3.726464, 0.0 ], [ -38.513303, -3.726204, 0.0 ], [ -38.513017, -3.725289, 0.0 ], [ -38.512613, -3.724011, 0.0 ], [ -38.512559, -3.72382, 0.0 ], [ -38.512525, -3.723718, 0.0 ], [ -38.512475, -3.723561, 0.0 ], [ -38.512457, -3.723508, 0.0 ], [ -38.51244, -3.723458, 0.0 ], [ -38.51241, -3.723382, 0.0 ], [ -38.512345, -3.723147, 0.0 ], [ -38.512236, -3.722785, 0.0 ], [ -38.512149, -3.722519, 0.0 ], [ -38.512081, -3.722301, 0.0 ], [ -38.511997, -3.722042, 0.0 ], [ -38.511897, -3.721728, 0.0 ], [ -38.511807, -3.721448, 0.0 ], [ -38.511683, -3.721058, 0.0 ], [ -38.511643, -3.720925, 0.0 ], [ -38.51155, -3.720647, 0.0 ], [ -38.5115, -3.720484, 0.0 ], [ -38.511451, -3.720325, 0.0 ], [ -38.511151, -3.71935, 0.0 ], [ -38.511123, -3.719263, 0.0 ], [ -38.510989, -3.719391, 0.0 ], [ -38.510938, -3.719449, 0.0 ], [ -38.51086, -3.719504, 0.0 ], [ -38.510799, -3.719552, 0.0 ], [ -38.510729, -3.71959, 0.0 ], [ -38.510651, -3.719615, 0.0 ], [ -38.510597, -3.719648, 0.0 ], [ -38.510533, -3.719684, 0.0 ], [ -38.510409, -3.719747, 0.0 ], [ -38.510371, -3.719759, 0.0 ], [ -38.510258, -3.719848, 0.0 ], [ -38.510222, -3.719885, 0.0 ], [ -38.510179, -3.719945, 0.0 ], [ -38.51009, -3.72, 0.0 ], [ -38.510037, -3.720043, 0.0 ], [ -38.509979, -3.720084, 0.0 ], [ -38.509929, -3.720117, 0.0 ], [ -38.509876, -3.720173, 0.0 ], [ -38.509826, -3.720216, 0.0 ], [ -38.509777, -3.720245, 0.0 ], [ -38.509748, -3.720276, 0.0 ], [ -38.509723, -3.720301, 0.0 ], [ -38.509682, -3.720322, 0.0 ], [ -38.509601, -3.720354, 0.0 ], [ -38.509564, -3.720364, 0.0 ], [ -38.509535, -3.720363, 0.0 ], [ -38.509501, -3.720355, 0.0 ], [ -38.509462, -3.720364, 0.0 ], [ -38.50943, -3.720375, 0.0 ], [ -38.509352, -3.72042, 0.0 ], [ -38.509339, -3.720426, 0.0 ], [ -38.509325, -3.720427, 0.0 ], [ -38.509287, -3.720417, 0.0 ], [ -38.509265, -3.72042, 0.0 ], [ -38.509257, -3.720429, 0.0 ], [ -38.509243, -3.720438, 0.0 ], [ -38.509238, -3.720449, 0.0 ], [ -38.509216, -3.720484, 0.0 ], [ -38.509193, -3.720502, 0.0 ], [ -38.509152, -3.720518, 0.0 ], [ -38.509109, -3.720541, 0.0 ], [ -38.509031, -3.720574, 0.0 ], [ -38.509012, -3.720586, 0.0 ], [ -38.508954, -3.720607, 0.0 ], [ -38.508901, -3.720619, 0.0 ], [ -38.508867, -3.720638, 0.0 ], [ -38.50882, -3.720654, 0.0 ], [ -38.508773, -3.720673, 0.0 ], [ -38.508709, -3.720691, 0.0 ], [ -38.508641, -3.720724, 0.0 ], [ -38.508595, -3.720749, 0.0 ], [ -38.508531, -3.720788, 0.0 ], [ -38.508465, -3.720818, 0.0 ], [ -38.508428, -3.720849, 0.0 ], [ -38.508381, -3.720867, 0.0 ], [ -38.508295, -3.720895, 0.0 ], [ -38.508195, -3.720939, 0.0 ], [ -38.508135, -3.720962, 0.0 ], [ -38.508023, -3.721007, 0.0 ], [ -38.50794, -3.721028, 0.0 ], [ -38.507892, -3.721053, 0.0 ], [ -38.507849, -3.72107, 0.0 ], [ -38.507796, -3.721083, 0.0 ], [ -38.507737, -3.721103, 0.0 ], [ -38.507622, -3.721154, 0.0 ], [ -38.507514, -3.721196, 0.0 ], [ -38.507406, -3.721233, 0.0 ], [ -38.507186, -3.721318, 0.0 ], [ -38.507139, -3.721347, 0.0 ], [ -38.507086, -3.721374, 0.0 ], [ -38.506958, -3.721422, 0.0 ], [ -38.506921, -3.721438, 0.0 ], [ -38.506846, -3.721461, 0.0 ], [ -38.506781, -3.721469, 0.0 ], [ -38.50671, -3.721466, 0.0 ], [ -38.506611, -3.721481, 0.0 ], [ -38.50655, -3.721505, 0.0 ], [ -38.506464, -3.721535, 0.0 ], [ -38.506345, -3.721582, 0.0 ], [ -38.506298, -3.721612, 0.0 ], [ -38.50623, -3.721637, 0.0 ], [ -38.50615, -3.721664, 0.0 ], [ -38.506105, -3.721685, 0.0 ], [ -38.50591, -3.721756, 0.0 ], [ -38.505845, -3.721788, 0.0 ], [ -38.505794, -3.721826, 0.0 ], [ -38.505756, -3.721852, 0.0 ], [ -38.505705, -3.721876, 0.0 ], [ -38.505589, -3.721907, 0.0 ], [ -38.505502, -3.721932, 0.0 ], [ -38.50542, -3.721949, 0.0 ], [ -38.505255, -3.721979, 0.0 ], [ -38.505073, -3.722009, 0.0 ], [ -38.504883, -3.722021, 0.0 ], [ -38.504825, -3.722022, 0.0 ], [ -38.504764, -3.72202, 0.0 ], [ -38.504714, -3.722006, 0.0 ], [ -38.504684, -3.722002, 0.0 ], [ -38.504669, -3.722002, 0.0 ], [ -38.504652, -3.721951, 0.0 ], [ -38.504617, -3.721854, 0.0 ], [ -38.504601, -3.721803, 0.0 ], [ -38.504579, -3.721757, 0.0 ], [ -38.504505, -3.721564, 0.0 ], [ -38.504469, -3.721454, 0.0 ], [ -38.50439, -3.721235, 0.0 ], [ -38.504374, -3.721152, 0.0 ], [ -38.504374, -3.721112, 0.0 ], [ -38.504368, -3.721064, 0.0 ], [ -38.504342, -3.721009, 0.0 ], [ -38.504308, -3.720945, 0.0 ], [ -38.504265, -3.720878, 0.0 ], [ -38.504226, -3.720785, 0.0 ], [ -38.504215, -3.720729, 0.0 ], [ -38.504198, -3.720655, 0.0 ], [ -38.504172, -3.720593, 0.0 ], [ -38.504143, -3.720538, 0.0 ], [ -38.504093, -3.720517, 0.0 ], [ -38.504046, -3.720519, 0.0 ], [ -38.503996, -3.72054, 0.0 ], [ -38.503972, -3.720569, 0.0 ], [ -38.503951, -3.720636, 0.0 ], [ -38.503957, -3.720688, 0.0 ], [ -38.503992, -3.720722, 0.0 ], [ -38.50401, -3.720749, 0.0 ], [ -38.504033, -3.720796, 0.0 ], [ -38.504058, -3.72086, 0.0 ], [ -38.504095, -3.72096, 0.0 ], [ -38.504129, -3.721064, 0.0 ], [ -38.504163, -3.721174, 0.0 ], [ -38.504189, -3.721243, 0.0 ], [ -38.504216, -3.721325, 0.0 ], [ -38.504274, -3.721447, 0.0 ], [ -38.504316, -3.721554, 0.0 ], [ -38.50436, -3.721662, 0.0 ], [ -38.504395, -3.721754, 0.0 ], [ -38.504435, -3.72185, 0.0 ], [ -38.504462, -3.721957, 0.0 ], [ -38.504577, -3.722215, 0.0 ], [ -38.504681, -3.722485, 0.0 ], [ -38.504711, -3.722574, 0.0 ], [ -38.504732, -3.72263, 0.0 ], [ -38.504689, -3.722645, 0.0 ], [ -38.504612, -3.722699, 0.0 ], [ -38.504556, -3.72272, 0.0 ], [ -38.504452, -3.722756, 0.0 ], [ -38.504422, -3.722676, 0.0 ], [ -38.504404, -3.722618, 0.0 ], [ -38.504372, -3.722502, 0.0 ], [ -38.504358, -3.722482, 0.0 ], [ -38.504321, -3.722476, 0.0 ], [ -38.504277, -3.722492, 0.0 ], [ -38.504262, -3.722527, 0.0 ], [ -38.504264, -3.722565, 0.0 ], [ -38.504273, -3.722595, 0.0 ], [ -38.504285, -3.722624, 0.0 ], [ -38.504302, -3.722655, 0.0 ], [ -38.504331, -3.722749, 0.0 ], [ -38.504338, -3.722789, 0.0 ], [ -38.504272, -3.722835, 0.0 ], [ -38.504233, -3.722875, 0.0 ], [ -38.504156, -3.722912, 0.0 ], [ -38.504091, -3.72296, 0.0 ], [ -38.504046, -3.722987, 0.0 ], [ -38.503866, -3.723073, 0.0 ], [ -38.50381, -3.72309, 0.0 ], [ -38.503759, -3.723118, 0.0 ], [ -38.503706, -3.72315, 0.0 ], [ -38.503583, -3.723196, 0.0 ], [ -38.503473, -3.723271, 0.0 ], [ -38.503374, -3.723304, 0.0 ], [ -38.503287, -3.723347, 0.0 ], [ -38.503207, -3.723383, 0.0 ], [ -38.503106, -3.723431, 0.0 ], [ -38.503046, -3.723465, 0.0 ], [ -38.502971, -3.723502, 0.0 ], [ -38.502768, -3.72362, 0.0 ], [ -38.502666, -3.723682, 0.0 ], [ -38.502538, -3.72374, 0.0 ], [ -38.502461, -3.723758, 0.0 ], [ -38.502387, -3.723802, 0.0 ], [ -38.502326, -3.72386, 0.0 ], [ -38.50222, -3.723886, 0.0 ], [ -38.501919, -3.723946, 0.0 ], [ -38.501845, -3.723964, 0.0 ], [ -38.501752, -3.723976, 0.0 ], [ -38.501657, -3.723996, 0.0 ], [ -38.501565, -3.724013, 0.0 ], [ -38.501524, -3.724018, 0.0 ], [ -38.501429, -3.724037, 0.0 ], [ -38.501285, -3.724042, 0.0 ], [ -38.501135, -3.724063, 0.0 ], [ -38.501095, -3.724072, 0.0 ], [ -38.501058, -3.724072, 0.0 ], [ -38.500965, -3.724069, 0.0 ], [ -38.500926, -3.72407, 0.0 ], [ -38.500908, -3.724073, 0.0 ], [ -38.500851, -3.724095, 0.0 ], [ -38.500777, -3.724118, 0.0 ], [ -38.500377, -3.724211, 0.0 ], [ -38.500124, -3.724273, 0.0 ], [ -38.500054, -3.724301, 0.0 ], [ -38.500032, -3.724307, 0.0 ], [ -38.499969, -3.724333, 0.0 ], [ -38.499939, -3.724353, 0.0 ], [ -38.499901, -3.724368, 0.0 ], [ -38.499777, -3.724389, 0.0 ], [ -38.499593, -3.724448, 0.0 ], [ -38.499552, -3.724457, 0.0 ], [ -38.499491, -3.724477, 0.0 ], [ -38.499411, -3.724488, 0.0 ], [ -38.49926, -3.724518, 0.0 ], [ -38.499123, -3.724538, 0.0 ], [ -38.499026, -3.724557, 0.0 ], [ -38.49888, -3.724567, 0.0 ], [ -38.498728, -3.724582, 0.0 ], [ -38.498565, -3.724593, 0.0 ], [ -38.498439, -3.724596, 0.0 ], [ -38.498293, -3.72461, 0.0 ], [ -38.498188, -3.724622, 0.0 ], [ -38.497965, -3.724638, 0.0 ], [ -38.497862, -3.724654, 0.0 ], [ -38.497751, -3.724667, 0.0 ], [ -38.49759, -3.72467, 0.0 ], [ -38.497402, -3.72468, 0.0 ], [ -38.497162, -3.724689, 0.0 ], [ -38.496993, -3.724699, 0.0 ], [ -38.49683, -3.724726, 0.0 ], [ -38.496705, -3.72478, 0.0 ], [ -38.496463, -3.724847, 0.0 ], [ -38.496315, -3.724874, 0.0 ], [ -38.496028, -3.72488, 0.0 ], [ -38.495754, -3.7249, 0.0 ], [ -38.495436, -3.72494, 0.0 ], [ -38.495238, -3.72494, 0.0 ], [ -38.495062, -3.724936, 0.0 ], [ -38.494837, -3.724929, 0.0 ], [ -38.494801, -3.724916, 0.0 ], [ -38.494573, -3.724213, 0.0 ], [ -38.494491, -3.723933, 0.0 ], [ -38.49446, -3.723842, 0.0 ], [ -38.494442, -3.723771, 0.0 ], [ -38.494415, -3.723679, 0.0 ], [ -38.494379, -3.723577, 0.0 ], [ -38.494349, -3.72347, 0.0 ], [ -38.494312, -3.723354, 0.0 ], [ -38.494242, -3.72315, 0.0 ], [ -38.494227, -3.723109, 0.0 ], [ -38.494213, -3.723056, 0.0 ], [ -38.494201, -3.723025, 0.0 ], [ -38.494195, -3.722982, 0.0 ], [ -38.494182, -3.722935, 0.0 ], [ -38.49418, -3.722896, 0.0 ], [ -38.494193, -3.722888, 0.0 ], [ -38.494262, -3.722859, 0.0 ], [ -38.494291, -3.722853, 0.0 ], [ -38.494321, -3.722835, 0.0 ], [ -38.494358, -3.722821, 0.0 ], [ -38.494388, -3.722816, 0.0 ], [ -38.494417, -3.722804, 0.0 ], [ -38.49445, -3.722788, 0.0 ], [ -38.494509, -3.722769, 0.0 ], [ -38.494545, -3.722761, 0.0 ], [ -38.494562, -3.722755, 0.0 ], [ -38.494572, -3.722724, 0.0 ], [ -38.494586, -3.7227, 0.0 ], [ -38.494582, -3.722675, 0.0 ], [ -38.494562, -3.722645, 0.0 ], [ -38.494537, -3.722618, 0.0 ], [ -38.494503, -3.722608, 0.0 ], [ -38.494478, -3.722608, 0.0 ], [ -38.494452, -3.722618, 0.0 ], [ -38.494419, -3.722628, 0.0 ], [ -38.494388, -3.722632, 0.0 ], [ -38.494346, -3.722651, 0.0 ], [ -38.494274, -3.722667, 0.0 ], [ -38.494227, -3.722673, 0.0 ], [ -38.494191, -3.722692, 0.0 ], [ -38.49417, -3.722692, 0.0 ], [ -38.49415, -3.722661, 0.0 ], [ -38.494135, -3.72263, 0.0 ], [ -38.494103, -3.722602, 0.0 ], [ -38.494066, -3.722588, 0.0 ], [ -38.493997, -3.722588, 0.0 ], [ -38.493966, -3.722596, 0.0 ], [ -38.493944, -3.72261, 0.0 ], [ -38.493927, -3.722633, 0.0 ], [ -38.493921, -3.722657, 0.0 ], [ -38.493923, -3.72269, 0.0 ], [ -38.493936, -3.722729, 0.0 ], [ -38.493936, -3.722773, 0.0 ], [ -38.49396, -3.722829, 0.0 ], [ -38.493968, -3.722861, 0.0 ], [ -38.493978, -3.722892, 0.0 ], [ -38.493987, -3.722915, 0.0 ], [ -38.494005, -3.722951, 0.0 ], [ -38.494011, -3.72299, 0.0 ], [ -38.494023, -3.723039, 0.0 ], [ -38.494036, -3.72308, 0.0 ], [ -38.494066, -3.723184, 0.0 ], [ -38.494093, -3.723231, 0.0 ], [ -38.494117, -3.723297, 0.0 ], [ -38.494125, -3.72334, 0.0 ], [ -38.494152, -3.723406, 0.0 ], [ -38.494158, -3.723443, 0.0 ], [ -38.494175, -3.723494, 0.0 ], [ -38.494187, -3.723551, 0.0 ], [ -38.494209, -3.72361, 0.0 ], [ -38.494219, -3.723651, 0.0 ], [ -38.494232, -3.72369, 0.0 ], [ -38.494242, -3.723729, 0.0 ], [ -38.494256, -3.723772, 0.0 ], [ -38.49427, -3.72381, 0.0 ], [ -38.494289, -3.723851, 0.0 ], [ -38.494305, -3.723896, 0.0 ], [ -38.494313, -3.723939, 0.0 ], [ -38.494348, -3.724019, 0.0 ], [ -38.494387, -3.724138, 0.0 ], [ -38.49442, -3.724298, 0.0 ], [ -38.494436, -3.724403, 0.0 ], [ -38.494135, -3.724447, 0.0 ], [ -38.49399, -3.72447, 0.0 ], [ -38.49391, -3.724488, 0.0 ], [ -38.493854, -3.724518, 0.0 ], [ -38.493772, -3.724529, 0.0 ], [ -38.493668, -3.724535, 0.0 ], [ -38.493534, -3.724549, 0.0 ], [ -38.493383, -3.724546, 0.0 ], [ -38.493205, -3.724568, 0.0 ], [ -38.493066, -3.724618, 0.0 ], [ -38.492908, -3.724597, 0.0 ], [ -38.492745, -3.724582, 0.0 ], [ -38.49264, -3.724579, 0.0 ], [ -38.492365, -3.724564, 0.0 ], [ -38.492209, -3.724561, 0.0 ], [ -38.492075, -3.724552, 0.0 ], [ -38.49194, -3.724528, 0.0 ], [ -38.491764, -3.724506, 0.0 ], [ -38.49161, -3.724495, 0.0 ], [ -38.49154, -3.724496, 0.0 ], [ -38.49134, -3.72446, 0.0 ], [ -38.491151, -3.724411, 0.0 ], [ -38.491049, -3.724376, 0.0 ], [ -38.490982, -3.724315, 0.0 ], [ -38.490904, -3.724298, 0.0 ], [ -38.490878, -3.724283, 0.0 ], [ -38.490843, -3.724269, 0.0 ], [ -38.490768, -3.724242, 0.0 ], [ -38.490592, -3.724147, 0.0 ], [ -38.490545, -3.724116, 0.0 ], [ -38.490535, -3.724103, 0.0 ], [ -38.490528, -3.724071, 0.0 ], [ -38.490538, -3.72398, 0.0 ], [ -38.490533, -3.723913, 0.0 ], [ -38.490526, -3.723875, 0.0 ], [ -38.490514, -3.723852, 0.0 ], [ -38.490486, -3.723825, 0.0 ], [ -38.490466, -3.723794, 0.0 ], [ -38.490467, -3.723745, 0.0 ], [ -38.49048, -3.723715, 0.0 ], [ -38.490498, -3.723695, 0.0 ], [ -38.490514, -3.723671, 0.0 ], [ -38.490512, -3.723646, 0.0 ], [ -38.490502, -3.723621, 0.0 ], [ -38.490512, -3.723584, 0.0 ], [ -38.49053, -3.723558, 0.0 ], [ -38.49051, -3.723534, 0.0 ], [ -38.490495, -3.723511, 0.0 ], [ -38.490472, -3.72347, 0.0 ], [ -38.490468, -3.723428, 0.0 ], [ -38.490445, -3.723407, 0.0 ], [ -38.49045, -3.723375, 0.0 ], [ -38.490445, -3.723345, 0.0 ], [ -38.490433, -3.723314, 0.0 ], [ -38.490387, -3.7233, 0.0 ], [ -38.490355, -3.723299, 0.0 ], [ -38.490292, -3.723311, 0.0 ], [ -38.490247, -3.72331, 0.0 ], [ -38.490202, -3.723306, 0.0 ], [ -38.490166, -3.723316, 0.0 ], [ -38.490141, -3.723331, 0.0 ], [ -38.490109, -3.723359, 0.0 ], [ -38.49009, -3.723379, 0.0 ], [ -38.490062, -3.7234, 0.0 ], [ -38.490052, -3.723421, 0.0 ], [ -38.490071, -3.723438, 0.0 ], [ -38.49005, -3.723501, 0.0 ], [ -38.490024, -3.7235, 0.0 ], [ -38.490015, -3.723477, 0.0 ], [ -38.490007, -3.723448, 0.0 ], [ -38.490003, -3.723407, 0.0 ], [ -38.489993, -3.723362, 0.0 ], [ -38.489955, -3.723315, 0.0 ], [ -38.489938, -3.723307, 0.0 ], [ -38.489927, -3.723301, 0.0 ], [ -38.489908, -3.723282, 0.0 ], [ -38.489884, -3.723253, 0.0 ], [ -38.489863, -3.723213, 0.0 ], [ -38.489844, -3.723174, 0.0 ], [ -38.489839, -3.723143, 0.0 ], [ -38.489803, -3.72313, 0.0 ], [ -38.489726, -3.723158, 0.0 ], [ -38.489693, -3.723167, 0.0 ], [ -38.489663, -3.723169, 0.0 ], [ -38.489662, -3.723142, 0.0 ], [ -38.489685, -3.723128, 0.0 ], [ -38.489672, -3.723067, 0.0 ], [ -38.489638, -3.723084, 0.0 ], [ -38.489603, -3.723086, 0.0 ], [ -38.489563, -3.723066, 0.0 ], [ -38.489529, -3.723059, 0.0 ], [ -38.489482, -3.723068, 0.0 ], [ -38.489466, -3.723088, 0.0 ], [ -38.489435, -3.723118, 0.0 ], [ -38.489403, -3.723105, 0.0 ], [ -38.489394, -3.723083, 0.0 ], [ -38.489404, -3.723044, 0.0 ], [ -38.489467, -3.72299, 0.0 ], [ -38.489481, -3.72295, 0.0 ], [ -38.489451, -3.722921, 0.0 ], [ -38.489404, -3.722912, 0.0 ], [ -38.489353, -3.722919, 0.0 ], [ -38.48928, -3.722937, 0.0 ], [ -38.489219, -3.722942, 0.0 ], [ -38.489175, -3.722961, 0.0 ], [ -38.489161, -3.722994, 0.0 ], [ -38.489146, -3.723022, 0.0 ], [ -38.489125, -3.723034, 0.0 ], [ -38.489096, -3.72303, 0.0 ], [ -38.489062, -3.723055, 0.0 ], [ -38.489028, -3.723069, 0.0 ], [ -38.488993, -3.723031, 0.0 ], [ -38.489016, -3.722973, 0.0 ], [ -38.489004, -3.722943, 0.0 ], [ -38.489006, -3.722915, 0.0 ], [ -38.489005, -3.722871, 0.0 ], [ -38.488999, -3.722835, 0.0 ], [ -38.488972, -3.722831, 0.0 ], [ -38.488943, -3.7228, 0.0 ], [ -38.488913, -3.722759, 0.0 ], [ -38.488901, -3.722736, 0.0 ], [ -38.488877, -3.722699, 0.0 ], [ -38.488832, -3.722659, 0.0 ], [ -38.488813, -3.722632, 0.0 ], [ -38.488795, -3.722611, 0.0 ], [ -38.488807, -3.722575, 0.0 ], [ -38.488816, -3.72254, 0.0 ], [ -38.488818, -3.722492, 0.0 ], [ -38.488809, -3.722459, 0.0 ], [ -38.488791, -3.722434, 0.0 ], [ -38.48875, -3.722402, 0.0 ], [ -38.488706, -3.722375, 0.0 ], [ -38.488664, -3.722365, 0.0 ], [ -38.488615, -3.722364, 0.0 ], [ -38.488589, -3.722366, 0.0 ], [ -38.48855, -3.722356, 0.0 ], [ -38.488531, -3.722339, 0.0 ], [ -38.488471, -3.722312, 0.0 ], [ -38.488385, -3.722312, 0.0 ], [ -38.4883, -3.722314, 0.0 ], [ -38.48827, -3.722317, 0.0 ], [ -38.488213, -3.722333, 0.0 ], [ -38.488184, -3.722335, 0.0 ], [ -38.488116, -3.722336, 0.0 ], [ -38.488002, -3.722339, 0.0 ], [ -38.48796, -3.722343, 0.0 ], [ -38.487905, -3.722353, 0.0 ], [ -38.487817, -3.722356, 0.0 ], [ -38.487732, -3.722357, 0.0 ], [ -38.487692, -3.722362, 0.0 ], [ -38.487641, -3.72237, 0.0 ], [ -38.487572, -3.722371, 0.0 ], [ -38.487519, -3.722382, 0.0 ], [ -38.487475, -3.722397, 0.0 ], [ -38.487399, -3.722414, 0.0 ], [ -38.487366, -3.722425, 0.0 ], [ -38.487334, -3.72243, 0.0 ], [ -38.487285, -3.722434, 0.0 ], [ -38.487253, -3.722443, 0.0 ], [ -38.487199, -3.722443, 0.0 ], [ -38.487161, -3.722447, 0.0 ], [ -38.487124, -3.722459, 0.0 ], [ -38.48708, -3.722484, 0.0 ], [ -38.487039, -3.722499, 0.0 ], [ -38.486976, -3.722502, 0.0 ], [ -38.486945, -3.722506, 0.0 ], [ -38.486919, -3.722513, 0.0 ], [ -38.4869, -3.722531, 0.0 ], [ -38.486903, -3.722578, 0.0 ], [ -38.486909, -3.722631, 0.0 ], [ -38.486915, -3.722667, 0.0 ], [ -38.486936, -3.722722, 0.0 ], [ -38.486872, -3.722728, 0.0 ], [ -38.486811, -3.722739, 0.0 ], [ -38.486745, -3.72276, 0.0 ], [ -38.486539, -3.722784, 0.0 ], [ -38.48644, -3.722799, 0.0 ], [ -38.486342, -3.722805, 0.0 ], [ -38.48621, -3.722793, 0.0 ], [ -38.486081, -3.722759, 0.0 ], [ -38.485996, -3.722731, 0.0 ], [ -38.485918, -3.722698, 0.0 ], [ -38.485699, -3.722626, 0.0 ], [ -38.485627, -3.722596, 0.0 ], [ -38.485429, -3.722524, 0.0 ], [ -38.485335, -3.722484, 0.0 ], [ -38.485177, -3.72241, 0.0 ], [ -38.48509, -3.722393, 0.0 ], [ -38.485009, -3.722387, 0.0 ], [ -38.48493, -3.72237, 0.0 ], [ -38.484825, -3.722366, 0.0 ], [ -38.484765, -3.722357, 0.0 ], [ -38.484661, -3.722339, 0.0 ], [ -38.484505, -3.722334, 0.0 ], [ -38.484449, -3.722334, 0.0 ], [ -38.484394, -3.722331, 0.0 ], [ -38.484366, -3.722327, 0.0 ], [ -38.484327, -3.722292, 0.0 ], [ -38.484299, -3.722251, 0.0 ], [ -38.484273, -3.722191, 0.0 ], [ -38.484249, -3.722155, 0.0 ], [ -38.484222, -3.72213, 0.0 ], [ -38.484181, -3.722128, 0.0 ], [ -38.484165, -3.722147, 0.0 ], [ -38.48416, -3.722167, 0.0 ], [ -38.484161, -3.722185, 0.0 ], [ -38.484155, -3.722199, 0.0 ], [ -38.484136, -3.722204, 0.0 ], [ -38.484105, -3.722178, 0.0 ], [ -38.48408, -3.722144, 0.0 ], [ -38.484049, -3.722119, 0.0 ], [ -38.484016, -3.722095, 0.0 ], [ -38.483984, -3.722089, 0.0 ], [ -38.483948, -3.7221, 0.0 ], [ -38.483918, -3.722135, 0.0 ], [ -38.48389, -3.722176, 0.0 ], [ -38.483845, -3.722206, 0.0 ], [ -38.483791, -3.722236, 0.0 ], [ -38.483667, -3.722293, 0.0 ], [ -38.483603, -3.722326, 0.0 ], [ -38.48354, -3.722352, 0.0 ], [ -38.483486, -3.722368, 0.0 ], [ -38.483424, -3.722384, 0.0 ], [ -38.483351, -3.722396, 0.0 ], [ -38.483282, -3.722396, 0.0 ], [ -38.4832, -3.722404, 0.0 ], [ -38.48315, -3.722407, 0.0 ], [ -38.483102, -3.722407, 0.0 ], [ -38.483043, -3.7224, 0.0 ], [ -38.482956, -3.722396, 0.0 ], [ -38.48287, -3.722384, 0.0 ], [ -38.482749, -3.72237, 0.0 ], [ -38.482693, -3.722359, 0.0 ], [ -38.48261, -3.72234, 0.0 ], [ -38.482465, -3.7223, 0.0 ], [ -38.482405, -3.722287, 0.0 ], [ -38.482352, -3.722272, 0.0 ], [ -38.482301, -3.722248, 0.0 ], [ -38.482252, -3.72223, 0.0 ], [ -38.482012, -3.72212, 0.0 ], [ -38.481825, -3.722045, 0.0 ], [ -38.481739, -3.722008, 0.0 ], [ -38.481703, -3.721998, 0.0 ], [ -38.481684, -3.72199, 0.0 ], [ -38.481663, -3.721978, 0.0 ], [ -38.48152, -3.721911, 0.0 ], [ -38.481425, -3.721863, 0.0 ], [ -38.481323, -3.721821, 0.0 ], [ -38.481261, -3.72178, 0.0 ], [ -38.481198, -3.721753, 0.0 ], [ -38.481144, -3.721718, 0.0 ], [ -38.481091, -3.721698, 0.0 ], [ -38.481047, -3.721677, 0.0 ], [ -38.481029, -3.721672, 0.0 ], [ -38.48102, -3.721665, 0.0 ], [ -38.480988, -3.721645, 0.0 ], [ -38.48095, -3.721642, 0.0 ], [ -38.480943, -3.72164, 0.0 ], [ -38.480919, -3.721624, 0.0 ], [ -38.480915, -3.721617, 0.0 ], [ -38.480907, -3.721612, 0.0 ], [ -38.480881, -3.721605, 0.0 ], [ -38.480868, -3.721595, 0.0 ], [ -38.480859, -3.721586, 0.0 ], [ -38.480847, -3.721578, 0.0 ], [ -38.480815, -3.721555, 0.0 ], [ -38.480798, -3.72154, 0.0 ], [ -38.480787, -3.721531, 0.0 ], [ -38.480762, -3.721527, 0.0 ], [ -38.480736, -3.72151, 0.0 ], [ -38.480711, -3.721503, 0.0 ], [ -38.480702, -3.721499, 0.0 ], [ -38.480653, -3.721467, 0.0 ], [ -38.480557, -3.721414, 0.0 ], [ -38.480532, -3.721405, 0.0 ], [ -38.48052, -3.721405, 0.0 ], [ -38.480503, -3.721376, 0.0 ], [ -38.480474, -3.721366, 0.0 ], [ -38.480458, -3.721355, 0.0 ], [ -38.480433, -3.721349, 0.0 ], [ -38.480406, -3.721315, 0.0 ], [ -38.480396, -3.721312, 0.0 ], [ -38.480383, -3.721311, 0.0 ], [ -38.480355, -3.721295, 0.0 ], [ -38.480311, -3.721273, 0.0 ], [ -38.480257, -3.721259, 0.0 ], [ -38.480202, -3.721239, 0.0 ], [ -38.480159, -3.721225, 0.0 ], [ -38.480095, -3.721197, 0.0 ], [ -38.48008, -3.721194, 0.0 ], [ -38.480073, -3.721196, 0.0 ], [ -38.480062, -3.721209, 0.0 ], [ -38.480054, -3.721203, 0.0 ], [ -38.480048, -3.72119, 0.0 ], [ -38.480037, -3.721183, 0.0 ], [ -38.480016, -3.721175, 0.0 ], [ -38.479964, -3.721149, 0.0 ], [ -38.479931, -3.721149, 0.0 ], [ -38.479912, -3.721141, 0.0 ], [ -38.479907, -3.721125, 0.0 ], [ -38.479897, -3.721118, 0.0 ], [ -38.479849, -3.721098, 0.0 ], [ -38.479833, -3.721097, 0.0 ], [ -38.479828, -3.721092, 0.0 ], [ -38.479819, -3.72109, 0.0 ], [ -38.479812, -3.72109, 0.0 ], [ -38.479805, -3.721096, 0.0 ], [ -38.479795, -3.721095, 0.0 ], [ -38.479786, -3.721092, 0.0 ], [ -38.479774, -3.721091, 0.0 ], [ -38.479771, -3.721088, 0.0 ], [ -38.479771, -3.721081, 0.0 ], [ -38.479767, -3.721072, 0.0 ], [ -38.479729, -3.721053, 0.0 ], [ -38.479692, -3.721023, 0.0 ], [ -38.479672, -3.721013, 0.0 ], [ -38.47965, -3.721004, 0.0 ], [ -38.4796, -3.720998, 0.0 ], [ -38.479563, -3.72099, 0.0 ], [ -38.479533, -3.72099, 0.0 ], [ -38.479503, -3.720976, 0.0 ], [ -38.479484, -3.720975, 0.0 ], [ -38.479466, -3.720971, 0.0 ], [ -38.479374, -3.720946, 0.0 ], [ -38.47935, -3.720939, 0.0 ], [ -38.479296, -3.720919, 0.0 ], [ -38.47926, -3.72091, 0.0 ], [ -38.479213, -3.720892, 0.0 ], [ -38.479184, -3.720877, 0.0 ], [ -38.479167, -3.720873, 0.0 ], [ -38.479128, -3.720848, 0.0 ], [ -38.479067, -3.720818, 0.0 ], [ -38.479015, -3.720784, 0.0 ], [ -38.478935, -3.720721, 0.0 ], [ -38.478905, -3.720694, 0.0 ], [ -38.478893, -3.720666, 0.0 ], [ -38.478879, -3.720603, 0.0 ], [ -38.478897, -3.720524, 0.0 ], [ -38.478927, -3.720412, 0.0 ], [ -38.478944, -3.72034, 0.0 ], [ -38.47897, -3.720264, 0.0 ], [ -38.478988, -3.720221, 0.0 ], [ -38.479, -3.720165, 0.0 ], [ -38.479002, -3.720116, 0.0 ], [ -38.478993, -3.720089, 0.0 ], [ -38.478983, -3.720074, 0.0 ], [ -38.478974, -3.720069, 0.0 ], [ -38.479003, -3.719982, 0.0 ], [ -38.479026, -3.71999, 0.0 ], [ -38.47904, -3.71995, 0.0 ], [ -38.478948, -3.719917, 0.0 ], [ -38.478934, -3.719957, 0.0 ], [ -38.478956, -3.719966, 0.0 ], [ -38.478926, -3.720053, 0.0 ], [ -38.478922, -3.720053, 0.0 ], [ -38.478895, -3.72006, 0.0 ], [ -38.478871, -3.720085, 0.0 ], [ -38.478838, -3.720174, 0.0 ], [ -38.478794, -3.720267, 0.0 ], [ -38.478778, -3.720316, 0.0 ], [ -38.478733, -3.720372, 0.0 ], [ -38.478686, -3.720378, 0.0 ], [ -38.478375, -3.720288, 0.0 ], [ -38.478377, -3.720276, 0.0 ], [ -38.478303, -3.720259, 0.0 ], [ -38.4783, -3.720277, 0.0 ], [ -38.478089, -3.720232, 0.0 ], [ -38.477982, -3.720474, 0.0 ], [ -38.477945, -3.720463, 0.0 ], [ -38.477728, -3.720332, 0.0 ], [ -38.477701, -3.720307, 0.0 ], [ -38.477812, -3.720104, 0.0 ], [ -38.477805, -3.720099, 0.0 ], [ -38.477835, -3.72003, 0.0 ], [ -38.477841, -3.720033, 0.0 ], [ -38.477836, -3.720042, 0.0 ], [ -38.47785, -3.720049, 0.0 ], [ -38.477903, -3.719947, 0.0 ], [ -38.47785, -3.719919, 0.0 ], [ -38.477848, -3.71992, 0.0 ], [ -38.477797, -3.720016, 0.0 ], [ -38.477797, -3.720018, 0.0 ], [ -38.477807, -3.720024, 0.0 ], [ -38.47781, -3.720024, 0.0 ], [ -38.477814, -3.720018, 0.0 ], [ -38.477819, -3.720021, 0.0 ], [ -38.477788, -3.720087, 0.0 ], [ -38.477778, -3.72008, 0.0 ], [ -38.477636, -3.720315, 0.0 ], [ -38.477319, -3.72013, 0.0 ], [ -38.477338, -3.720097, 0.0 ], [ -38.47717, -3.71998, 0.0 ], [ -38.477139, -3.720016, 0.0 ], [ -38.476923, -3.719893, 0.0 ], [ -38.476824, -3.719822, 0.0 ], [ -38.476756, -3.719755, 0.0 ], [ -38.476674, -3.719654, 0.0 ], [ -38.476594, -3.719538, 0.0 ], [ -38.476501, -3.719392, 0.0 ], [ -38.476425, -3.719279, 0.0 ], [ -38.476378, -3.719167, 0.0 ], [ -38.476924, -3.718782, 0.0 ], [ -38.476949, -3.718763, 0.0 ], [ -38.477007, -3.718723, 0.0 ], [ -38.477071, -3.718813, 0.0 ], [ -38.477119, -3.718777, 0.0 ], [ -38.47699, -3.718588, 0.0 ], [ -38.476941, -3.718619, 0.0 ], [ -38.476999, -3.718708, 0.0 ], [ -38.476936, -3.718752, 0.0 ], [ -38.476935, -3.718751, 0.0 ], [ -38.47637, -3.719146, 0.0 ], [ -38.476309, -3.719, 0.0 ], [ -38.476302, -3.718957, 0.0 ], [ -38.476327, -3.718928, 0.0 ], [ -38.476325, -3.718908, 0.0 ], [ -38.476295, -3.718874, 0.0 ], [ -38.476257, -3.718843, 0.0 ], [ -38.476179, -3.71875, 0.0 ], [ -38.476149, -3.718637, 0.0 ], [ -38.476123, -3.718525, 0.0 ], [ -38.476115, -3.718468, 0.0 ], [ -38.476095, -3.718392, 0.0 ], [ -38.47608, -3.718272, 0.0 ], [ -38.476075, -3.718188, 0.0 ], [ -38.476074, -3.718096, 0.0 ], [ -38.476072, -3.718012, 0.0 ], [ -38.476073, -3.717996, 0.0 ], [ -38.476083, -3.717928, 0.0 ], [ -38.476129, -3.71777, 0.0 ], [ -38.476159, -3.717679, 0.0 ], [ -38.476179, -3.717632, 0.0 ], [ -38.476226, -3.717569, 0.0 ], [ -38.476297, -3.717494, 0.0 ], [ -38.476445, -3.717325, 0.0 ], [ -38.476568, -3.717222, 0.0 ], [ -38.476629, -3.717184, 0.0 ], [ -38.476649, -3.717177, 0.0 ], [ -38.476659, -3.717183, 0.0 ], [ -38.476706, -3.717225, 0.0 ], [ -38.476821, -3.717306, 0.0 ], [ -38.476861, -3.71733, 0.0 ], [ -38.476895, -3.717357, 0.0 ], [ -38.476947, -3.717402, 0.0 ], [ -38.476993, -3.71742, 0.0 ], [ -38.47709, -3.717415, 0.0 ], [ -38.477149, -3.717407, 0.0 ], [ -38.477202, -3.717398, 0.0 ], [ -38.477261, -3.717379, 0.0 ], [ -38.477307, -3.717359, 0.0 ], [ -38.477529, -3.71729, 0.0 ], [ -38.47734, -3.716683, 0.0 ], [ -38.477206, -3.716262, 0.0 ], [ -38.477328, -3.715715, 0.0 ], [ -38.477304, -3.715709, 0.0 ], [ -38.477304, -3.715712, 0.0 ], [ -38.477291, -3.715709, 0.0 ], [ -38.477284, -3.715692, 0.0 ], [ -38.477282, -3.715673, 0.0 ], [ -38.477277, -3.715653, 0.0 ], [ -38.477277, -3.715628, 0.0 ], [ -38.477281, -3.715621, 0.0 ], [ -38.477293, -3.715605, 0.0 ], [ -38.477306, -3.715582, 0.0 ], [ -38.477313, -3.715556, 0.0 ], [ -38.477315, -3.715544, 0.0 ], [ -38.477315, -3.715526, 0.0 ], [ -38.477423, -3.715455, 0.0 ], [ -38.477292, -3.715267, 0.0 ], [ -38.478172, -3.714763, 0.0 ], [ -38.482496, -3.712293, 0.0 ], [ -38.482508, -3.712318, 0.0 ], [ -38.482581, -3.712278, 0.0 ], [ -38.482613, -3.712246, 0.0 ], [ -38.482637, -3.712161, 0.0 ], [ -38.48261, -3.712152, 0.0 ], [ -38.482822, -3.71138, 0.0 ], [ -38.482837, -3.711382, 0.0 ], [ -38.482848, -3.711382, 0.0 ], [ -38.482854, -3.711377, 0.0 ], [ -38.482879, -3.711274, 0.0 ], [ -38.482879, -3.711267, 0.0 ], [ -38.482875, -3.711262, 0.0 ], [ -38.482856, -3.711258, 0.0 ], [ -38.483023, -3.710644, 0.0 ], [ -38.483047, -3.71065, 0.0 ], [ -38.483044, -3.710664, 0.0 ], [ -38.483078, -3.710675, 0.0 ], [ -38.483082, -3.710662, 0.0 ], [ -38.483104, -3.710669, 0.0 ], [ -38.483108, -3.710669, 0.0 ], [ -38.483113, -3.710667, 0.0 ], [ -38.483328, -3.709884, 0.0 ], [ -38.483328, -3.709879, 0.0 ], [ -38.483327, -3.709874, 0.0 ], [ -38.483322, -3.709871, 0.0 ], [ -38.483096, -3.709804, 0.0 ], [ -38.483088, -3.709803, 0.0 ], [ -38.483084, -3.709804, 0.0 ], [ -38.483079, -3.709808, 0.0 ], [ -38.483067, -3.709849, 0.0 ], [ -38.483059, -3.709851, 0.0 ], [ -38.483044, -3.70991, 0.0 ], [ -38.48305, -3.709916, 0.0 ], [ -38.48298, -3.710167, 0.0 ], [ -38.482972, -3.71017, 0.0 ], [ -38.482956, -3.710225, 0.0 ], [ -38.482962, -3.710232, 0.0 ], [ -38.482894, -3.710482, 0.0 ], [ -38.482889, -3.710482, 0.0 ], [ -38.482884, -3.710485, 0.0 ], [ -38.482868, -3.71054, 0.0 ], [ -38.482875, -3.710546, 0.0 ], [ -38.482865, -3.710583, 0.0 ], [ -38.482864, -3.710589, 0.0 ], [ -38.482865, -3.710593, 0.0 ], [ -38.482868, -3.710598, 0.0 ], [ -38.482903, -3.710609, 0.0 ], [ -38.482737, -3.711222, 0.0 ], [ -38.482724, -3.71122, 0.0 ], [ -38.482718, -3.711223, 0.0 ], [ -38.482688, -3.711331, 0.0 ], [ -38.482688, -3.711337, 0.0 ], [ -38.482692, -3.711343, 0.0 ], [ -38.482702, -3.711347, 0.0 ], [ -38.482492, -3.712114, 0.0 ], [ -38.482475, -3.712108, 0.0 ], [ -38.482431, -3.712168, 0.0 ], [ -38.482441, -3.712187, 0.0 ], [ -38.479918, -3.713627, 0.0 ], [ -38.478844, -3.714239, 0.0 ], [ -38.478095, -3.714668, 0.0 ], [ -38.477785, -3.714844, 0.0 ], [ -38.477222, -3.715165, 0.0 ], [ -38.475236, -3.712271, 0.0 ], [ -38.474886, -3.711277, 0.0 ], [ -38.474601, -3.710477, 0.0 ], [ -38.474551, -3.71033, 0.0 ], [ -38.474403, -3.709919, 0.0 ], [ -38.474327, -3.709698, 0.0 ], [ -38.474208, -3.709365, 0.0 ], [ -38.473502, -3.707355, 0.0 ], [ -38.473155, -3.706378, 0.0 ], [ -38.475409, -3.704178, 0.0 ], [ -38.474672, -3.703468, 0.0 ], [ -38.474691, -3.703288, 0.0 ], [ -38.474809, -3.703166, 0.0 ], [ -38.474938, -3.703097, 0.0 ], [ -38.475075, -3.703076, 0.0 ], [ -38.475186, -3.703004, 0.0 ], [ -38.475258, -3.702885, 0.0 ], [ -38.475333, -3.702701, 0.0 ], [ -38.475437, -3.702539, 0.0 ], [ -38.475712, -3.702262, 0.0 ], [ -38.475803, -3.702135, 0.0 ], [ -38.475893, -3.702036, 0.0 ], [ -38.475924, -3.701932, 0.0 ], [ -38.475988, -3.701837, 0.0 ], [ -38.476127, -3.701841, 0.0 ], [ -38.476195, -3.701796, 0.0 ], [ -38.47629, -3.701719, 0.0 ], [ -38.476466, -3.701529, 0.0 ], [ -38.476542, -3.701443, 0.0 ], [ -38.476614, -3.701357, 0.0 ], [ -38.476694, -3.701253, 0.0 ], [ -38.476795, -3.701132, 0.0 ], [ -38.476863, -3.701035, 0.0 ], [ -38.476932, -3.700897, 0.0 ], [ -38.477076, -3.700864, 0.0 ], [ -38.47713, -3.700861, 0.0 ], [ -38.477232, -3.700861, 0.0 ], [ -38.477286, -3.70087, 0.0 ], [ -38.477345, -3.700888, 0.0 ], [ -38.477366, -3.700891, 0.0 ], [ -38.477392, -3.700884, 0.0 ], [ -38.477467, -3.700815, 0.0 ], [ -38.477518, -3.700776, 0.0 ], [ -38.477553, -3.700753, 0.0 ], [ -38.477598, -3.700729, 0.0 ], [ -38.477648, -3.700709, 0.0 ], [ -38.477765, -3.700667, 0.0 ], [ -38.477824, -3.70065, 0.0 ], [ -38.477885, -3.700626, 0.0 ], [ -38.478048, -3.700585, 0.0 ], [ -38.478204, -3.700539, 0.0 ], [ -38.478347, -3.700504, 0.0 ], [ -38.478404, -3.700493, 0.0 ], [ -38.478554, -3.700452, 0.0 ], [ -38.478586, -3.700443, 0.0 ], [ -38.478613, -3.700427, 0.0 ], [ -38.478643, -3.70042, 0.0 ], [ -38.478703, -3.700412, 0.0 ], [ -38.478759, -3.700403, 0.0 ], [ -38.478803, -3.700391, 0.0 ], [ -38.47886, -3.700373, 0.0 ], [ -38.478951, -3.700351, 0.0 ], [ -38.47911, -3.700301, 0.0 ], [ -38.479164, -3.700288, 0.0 ], [ -38.479245, -3.700274, 0.0 ], [ -38.479286, -3.700274, 0.0 ], [ -38.479307, -3.700278, 0.0 ], [ -38.47937, -3.700298, 0.0 ], [ -38.479426, -3.700321, 0.0 ], [ -38.479439, -3.700328, 0.0 ], [ -38.479455, -3.700334, 0.0 ], [ -38.479468, -3.700336, 0.0 ], [ -38.479481, -3.700333, 0.0 ], [ -38.479493, -3.700321, 0.0 ], [ -38.479519, -3.700312, 0.0 ], [ -38.479534, -3.700304, 0.0 ], [ -38.479553, -3.700291, 0.0 ], [ -38.479575, -3.700273, 0.0 ], [ -38.479615, -3.700234, 0.0 ], [ -38.479634, -3.700211, 0.0 ], [ -38.479657, -3.700172, 0.0 ], [ -38.47967, -3.700159, 0.0 ], [ -38.479682, -3.700151, 0.0 ], [ -38.479696, -3.700146, 0.0 ], [ -38.479717, -3.700145, 0.0 ], [ -38.479739, -3.700145, 0.0 ], [ -38.479759, -3.700139, 0.0 ], [ -38.479768, -3.70013, 0.0 ], [ -38.47979, -3.700114, 0.0 ], [ -38.479811, -3.700102, 0.0 ], [ -38.479826, -3.700096, 0.0 ], [ -38.479864, -3.700092, 0.0 ], [ -38.479908, -3.70009, 0.0 ], [ -38.479929, -3.700085, 0.0 ], [ -38.479949, -3.700078, 0.0 ], [ -38.479963, -3.700067, 0.0 ], [ -38.479978, -3.700047, 0.0 ], [ -38.479986, -3.700031, 0.0 ], [ -38.480003, -3.700012, 0.0 ], [ -38.480018, -3.700005, 0.0 ], [ -38.480046, -3.699996, 0.0 ], [ -38.480074, -3.699983, 0.0 ], [ -38.480113, -3.699957, 0.0 ], [ -38.480155, -3.699936, 0.0 ], [ -38.480191, -3.699916, 0.0 ], [ -38.480229, -3.699899, 0.0 ], [ -38.480268, -3.699884, 0.0 ], [ -38.480313, -3.699866, 0.0 ], [ -38.480349, -3.699848, 0.0 ], [ -38.480392, -3.699829, 0.0 ], [ -38.480434, -3.699806, 0.0 ], [ -38.480511, -3.699769, 0.0 ], [ -38.480559, -3.699753, 0.0 ], [ -38.480688, -3.699698, 0.0 ], [ -38.480909, -3.699597, 0.0 ], [ -38.480954, -3.699575, 0.0 ], [ -38.481006, -3.699544, 0.0 ], [ -38.481047, -3.699523, 0.0 ], [ -38.481123, -3.699476, 0.0 ], [ -38.481159, -3.69946, 0.0 ], [ -38.481211, -3.699428, 0.0 ], [ -38.481242, -3.699414, 0.0 ], [ -38.481282, -3.699402, 0.0 ], [ -38.481386, -3.699377, 0.0 ], [ -38.481462, -3.699348, 0.0 ], [ -38.481505, -3.699337, 0.0 ], [ -38.481553, -3.69932, 0.0 ], [ -38.481601, -3.699297, 0.0 ], [ -38.481673, -3.69925, 0.0 ], [ -38.481715, -3.699229, 0.0 ], [ -38.481769, -3.699208, 0.0 ], [ -38.481821, -3.699193, 0.0 ], [ -38.481883, -3.699177, 0.0 ], [ -38.482023, -3.699156, 0.0 ], [ -38.482048, -3.699146, 0.0 ], [ -38.482072, -3.699129, 0.0 ], [ -38.482102, -3.699099, 0.0 ], [ -38.482113, -3.699079, 0.0 ], [ -38.482127, -3.699074, 0.0 ], [ -38.482225, -3.699057, 0.0 ], [ -38.482275, -3.699057, 0.0 ], [ -38.482312, -3.699059, 0.0 ], [ -38.48235, -3.699065, 0.0 ], [ -38.482386, -3.699073, 0.0 ], [ -38.482508, -3.699106, 0.0 ], [ -38.482528, -3.699107, 0.0 ], [ -38.482546, -3.699103, 0.0 ], [ -38.482565, -3.699091, 0.0 ], [ -38.482585, -3.699071, 0.0 ], [ -38.482602, -3.699046, 0.0 ], [ -38.48263, -3.698968, 0.0 ], [ -38.482636, -3.698935, 0.0 ], [ -38.482636, -3.698893, 0.0 ], [ -38.482634, -3.698851, 0.0 ], [ -38.482627, -3.698818, 0.0 ], [ -38.482612, -3.698788, 0.0 ], [ -38.48259, -3.698758, 0.0 ], [ -38.482565, -3.69873, 0.0 ], [ -38.482526, -3.6987, 0.0 ], [ -38.482492, -3.698676, 0.0 ], [ -38.482461, -3.698657, 0.0 ], [ -38.482425, -3.698642, 0.0 ], [ -38.482401, -3.698638, 0.0 ], [ -38.482367, -3.698638, 0.0 ], [ -38.482333, -3.698643, 0.0 ], [ -38.482294, -3.698653, 0.0 ], [ -38.482238, -3.698671, 0.0 ], [ -38.481989, -3.698793, 0.0 ], [ -38.481813, -3.698862, 0.0 ], [ -38.481751, -3.698884, 0.0 ], [ -38.481667, -3.698918, 0.0 ], [ -38.481607, -3.698945, 0.0 ], [ -38.481548, -3.698975, 0.0 ], [ -38.481482, -3.699012, 0.0 ], [ -38.481407, -3.699048, 0.0 ], [ -38.481294, -3.699098, 0.0 ], [ -38.481175, -3.699146, 0.0 ], [ -38.481079, -3.699193, 0.0 ], [ -38.48099, -3.699235, 0.0 ], [ -38.480903, -3.69928, 0.0 ], [ -38.480807, -3.699321, 0.0 ], [ -38.48063, -3.699389, 0.0 ], [ -38.480509, -3.699445, 0.0 ], [ -38.480196, -3.699584, 0.0 ], [ -38.480125, -3.699625, 0.0 ], [ -38.479979, -3.699714, 0.0 ], [ -38.479774, -3.699804, 0.0 ], [ -38.479633, -3.699856, 0.0 ], [ -38.479583, -3.699878, 0.0 ], [ -38.479518, -3.6999, 0.0 ], [ -38.479448, -3.699927, 0.0 ], [ -38.479425, -3.69994, 0.0 ], [ -38.479409, -3.699951, 0.0 ], [ -38.479399, -3.699953, 0.0 ], [ -38.479342, -3.699949, 0.0 ], [ -38.479308, -3.699951, 0.0 ], [ -38.479293, -3.699953, 0.0 ], [ -38.479262, -3.69996, 0.0 ], [ -38.479222, -3.699974, 0.0 ], [ -38.479138, -3.699995, 0.0 ], [ -38.479046, -3.700014, 0.0 ], [ -38.479003, -3.700026, 0.0 ], [ -38.478952, -3.700047, 0.0 ], [ -38.4789, -3.700066, 0.0 ], [ -38.478841, -3.700079, 0.0 ], [ -38.478779, -3.70009, 0.0 ], [ -38.478721, -3.700106, 0.0 ], [ -38.478684, -3.700125, 0.0 ], [ -38.478643, -3.700138, 0.0 ], [ -38.478583, -3.700146, 0.0 ], [ -38.478538, -3.700158, 0.0 ], [ -38.478469, -3.70017, 0.0 ], [ -38.478429, -3.700172, 0.0 ], [ -38.478388, -3.700181, 0.0 ], [ -38.478358, -3.700201, 0.0 ], [ -38.478311, -3.700217, 0.0 ], [ -38.478273, -3.700214, 0.0 ], [ -38.478229, -3.700219, 0.0 ], [ -38.478145, -3.700255, 0.0 ], [ -38.477922, -3.700325, 0.0 ], [ -38.47783, -3.700359, 0.0 ], [ -38.477776, -3.700372, 0.0 ], [ -38.477726, -3.700386, 0.0 ], [ -38.477632, -3.700408, 0.0 ], [ -38.477568, -3.700427, 0.0 ], [ -38.477546, -3.700435, 0.0 ], [ -38.477496, -3.700459, 0.0 ], [ -38.477456, -3.700468, 0.0 ], [ -38.477413, -3.700475, 0.0 ], [ -38.477367, -3.700495, 0.0 ], [ -38.477315, -3.700503, 0.0 ], [ -38.477249, -3.700518, 0.0 ], [ -38.477169, -3.700547, 0.0 ], [ -38.477072, -3.70058, 0.0 ], [ -38.477004, -3.700596, 0.0 ], [ -38.476943, -3.700609, 0.0 ], [ -38.476898, -3.700615, 0.0 ], [ -38.476843, -3.70062, 0.0 ], [ -38.47673, -3.700651, 0.0 ], [ -38.47664, -3.70067, 0.0 ], [ -38.476558, -3.700694, 0.0 ], [ -38.476531, -3.700712, 0.0 ], [ -38.4765, -3.700724, 0.0 ], [ -38.476435, -3.700718, 0.0 ], [ -38.476379, -3.70072, 0.0 ], [ -38.476321, -3.700736, 0.0 ], [ -38.476258, -3.700758, 0.0 ], [ -38.476205, -3.700782, 0.0 ], [ -38.476167, -3.700793, 0.0 ], [ -38.476129, -3.700792, 0.0 ], [ -38.476091, -3.700795, 0.0 ], [ -38.476048, -3.700812, 0.0 ], [ -38.475999, -3.700836, 0.0 ], [ -38.475947, -3.700859, 0.0 ], [ -38.475894, -3.700877, 0.0 ], [ -38.475822, -3.700898, 0.0 ], [ -38.475732, -3.700928, 0.0 ], [ -38.475638, -3.700956, 0.0 ], [ -38.475569, -3.700979, 0.0 ], [ -38.475503, -3.700989, 0.0 ], [ -38.475426, -3.700996, 0.0 ], [ -38.47537, -3.701007, 0.0 ], [ -38.475299, -3.701024, 0.0 ], [ -38.475222, -3.701035, 0.0 ], [ -38.475172, -3.701049, 0.0 ], [ -38.47514, -3.701064, 0.0 ], [ -38.475116, -3.70108, 0.0 ], [ -38.475068, -3.701094, 0.0 ], [ -38.474988, -3.701095, 0.0 ], [ -38.474935, -3.701106, 0.0 ], [ -38.474896, -3.701125, 0.0 ], [ -38.474815, -3.701158, 0.0 ], [ -38.474761, -3.701169, 0.0 ], [ -38.474713, -3.701186, 0.0 ], [ -38.474674, -3.701193, 0.0 ], [ -38.474627, -3.701181, 0.0 ], [ -38.474586, -3.701182, 0.0 ], [ -38.474498, -3.701216, 0.0 ], [ -38.474443, -3.70124, 0.0 ], [ -38.474325, -3.701295, 0.0 ], [ -38.474238, -3.701332, 0.0 ], [ -38.47417, -3.701365, 0.0 ], [ -38.474096, -3.701394, 0.0 ], [ -38.473942, -3.701466, 0.0 ], [ -38.473832, -3.701513, 0.0 ], [ -38.473706, -3.701574, 0.0 ], [ -38.473681, -3.70159, 0.0 ], [ -38.473658, -3.701604, 0.0 ], [ -38.473628, -3.701629, 0.0 ], [ -38.4736, -3.701648, 0.0 ], [ -38.473516, -3.701696, 0.0 ], [ -38.473473, -3.701724, 0.0 ], [ -38.473441, -3.701748, 0.0 ], [ -38.473375, -3.701801, 0.0 ], [ -38.473321, -3.701852, 0.0 ], [ -38.473247, -3.701962, 0.0 ], [ -38.473216, -3.701999, 0.0 ], [ -38.473182, -3.702032, 0.0 ], [ -38.473043, -3.702176, 0.0 ], [ -38.473002, -3.702214, 0.0 ], [ -38.472968, -3.702252, 0.0 ], [ -38.472873, -3.702375, 0.0 ], [ -38.472778, -3.702508, 0.0 ], [ -38.47275, -3.702558, 0.0 ], [ -38.472704, -3.702655, 0.0 ], [ -38.472646, -3.702758, 0.0 ], [ -38.472552, -3.702891, 0.0 ], [ -38.472512, -3.702979, 0.0 ], [ -38.472486, -3.703057, 0.0 ], [ -38.472463, -3.703101, 0.0 ], [ -38.472461, -3.703114, 0.0 ], [ -38.472461, -3.703139, 0.0 ], [ -38.472453, -3.703172, 0.0 ], [ -38.472428, -3.703228, 0.0 ], [ -38.472384, -3.703318, 0.0 ], [ -38.47233, -3.703408, 0.0 ], [ -38.472303, -3.703456, 0.0 ], [ -38.472283, -3.703497, 0.0 ], [ -38.47225, -3.70355, 0.0 ], [ -38.472214, -3.703607, 0.0 ], [ -38.472185, -3.703659, 0.0 ], [ -38.472121, -3.703764, 0.0 ], [ -38.472085, -3.70382, 0.0 ], [ -38.472051, -3.70389, 0.0 ], [ -38.472017, -3.703945, 0.0 ], [ -38.471982, -3.704016, 0.0 ], [ -38.471952, -3.704067, 0.0 ], [ -38.471929, -3.704111, 0.0 ], [ -38.471911, -3.704153, 0.0 ], [ -38.471902, -3.704182, 0.0 ], [ -38.471891, -3.704204, 0.0 ], [ -38.471875, -3.70423, 0.0 ], [ -38.471841, -3.704276, 0.0 ], [ -38.471815, -3.704322, 0.0 ], [ -38.471793, -3.704366, 0.0 ], [ -38.471702, -3.704534, 0.0 ], [ -38.471614, -3.704691, 0.0 ], [ -38.471536, -3.704839, 0.0 ], [ -38.471511, -3.704892, 0.0 ], [ -38.471487, -3.704933, 0.0 ], [ -38.471464, -3.704981, 0.0 ], [ -38.471416, -3.705068, 0.0 ], [ -38.471369, -3.705164, 0.0 ], [ -38.471334, -3.705228, 0.0 ], [ -38.47131, -3.705282, 0.0 ], [ -38.471294, -3.705313, 0.0 ], [ -38.471249, -3.705383, 0.0 ], [ -38.471156, -3.705543, 0.0 ], [ -38.471145, -3.705558, 0.0 ], [ -38.47112, -3.70558, 0.0 ], [ -38.471115, -3.705589, 0.0 ], [ -38.471113, -3.705629, 0.0 ], [ -38.471099, -3.705659, 0.0 ], [ -38.47108, -3.705693, 0.0 ], [ -38.471052, -3.705738, 0.0 ], [ -38.471025, -3.705784, 0.0 ], [ -38.471004, -3.705816, 0.0 ], [ -38.470948, -3.705909, 0.0 ], [ -38.470917, -3.705953, 0.0 ], [ -38.470892, -3.705981, 0.0 ], [ -38.470866, -3.706013, 0.0 ], [ -38.470826, -3.706072, 0.0 ], [ -38.470782, -3.706149, 0.0 ], [ -38.470776, -3.706176, 0.0 ], [ -38.470773, -3.706179, 0.0 ], [ -38.470769, -3.706181, 0.0 ], [ -38.470748, -3.706184, 0.0 ], [ -38.470738, -3.706192, 0.0 ], [ -38.470729, -3.706205, 0.0 ], [ -38.470719, -3.706224, 0.0 ], [ -38.470707, -3.706259, 0.0 ], [ -38.4707, -3.706298, 0.0 ], [ -38.470689, -3.706344, 0.0 ], [ -38.470662, -3.706427, 0.0 ], [ -38.470647, -3.706469, 0.0 ], [ -38.470611, -3.706545, 0.0 ], [ -38.470539, -3.706662, 0.0 ], [ -38.470481, -3.706733, 0.0 ], [ -38.470444, -3.70677, 0.0 ], [ -38.470431, -3.706787, 0.0 ], [ -38.470421, -3.706804, 0.0 ], [ -38.470395, -3.706863, 0.0 ], [ -38.470385, -3.706882, 0.0 ], [ -38.470377, -3.706892, 0.0 ], [ -38.470349, -3.706913, 0.0 ], [ -38.470331, -3.70692, 0.0 ], [ -38.4703, -3.706926, 0.0 ], [ -38.47027, -3.706947, 0.0 ], [ -38.470241, -3.706982, 0.0 ], [ -38.470234, -3.707, 0.0 ], [ -38.470236, -3.707016, 0.0 ], [ -38.470095, -3.706993, 0.0 ], [ -38.470001, -3.706982, 0.0 ], [ -38.469871, -3.70691, 0.0 ], [ -38.469813, -3.706899, 0.0 ], [ -38.46977, -3.706909, 0.0 ], [ -38.469678, -3.706961, 0.0 ], [ -38.469582, -3.707008, 0.0 ], [ -38.469471, -3.707107, 0.0 ], [ -38.469401, -3.707182, 0.0 ], [ -38.469305, -3.707335, 0.0 ], [ -38.469187, -3.70741, 0.0 ], [ -38.469124, -3.707469, 0.0 ], [ -38.469076, -3.707498, 0.0 ], [ -38.469013, -3.707504, 0.0 ], [ -38.468945, -3.707516, 0.0 ], [ -38.4689, -3.707549, 0.0 ], [ -38.46884, -3.707612, 0.0 ], [ -38.468803, -3.70766, 0.0 ], [ -38.468784, -3.70767, 0.0 ], [ -38.46877, -3.70768, 0.0 ], [ -38.468741, -3.707696, 0.0 ], [ -38.468726, -3.707704, 0.0 ], [ -38.468708, -3.707709, 0.0 ], [ -38.468664, -3.707718, 0.0 ], [ -38.468634, -3.707718, 0.0 ], [ -38.468611, -3.707715, 0.0 ], [ -38.468592, -3.707707, 0.0 ], [ -38.468556, -3.707685, 0.0 ], [ -38.468544, -3.707676, 0.0 ], [ -38.468524, -3.707667, 0.0 ], [ -38.468484, -3.707658, 0.0 ], [ -38.468423, -3.70764, 0.0 ], [ -38.468391, -3.707642, 0.0 ], [ -38.46834, -3.707665, 0.0 ], [ -38.468306, -3.707678, 0.0 ], [ -38.468274, -3.707661, 0.0 ], [ -38.468221, -3.707652, 0.0 ], [ -38.468202, -3.707645, 0.0 ], [ -38.468147, -3.707635, 0.0 ], [ -38.468118, -3.707635, 0.0 ], [ -38.468071, -3.707638, 0.0 ], [ -38.468028, -3.707643, 0.0 ], [ -38.468012, -3.707647, 0.0 ], [ -38.467982, -3.707666, 0.0 ], [ -38.467954, -3.707675, 0.0 ], [ -38.467919, -3.707678, 0.0 ], [ -38.467881, -3.707672, 0.0 ], [ -38.467837, -3.70767, 0.0 ], [ -38.467809, -3.707664, 0.0 ], [ -38.467799, -3.707657, 0.0 ], [ -38.467791, -3.707643, 0.0 ], [ -38.46779, -3.707632, 0.0 ], [ -38.467791, -3.707617, 0.0 ], [ -38.467786, -3.707595, 0.0 ], [ -38.46777, -3.707584, 0.0 ], [ -38.46775, -3.707586, 0.0 ], [ -38.467736, -3.707592, 0.0 ], [ -38.467712, -3.707616, 0.0 ], [ -38.467678, -3.707662, 0.0 ], [ -38.467672, -3.707684, 0.0 ], [ -38.467676, -3.707704, 0.0 ], [ -38.467698, -3.707735, 0.0 ], [ -38.467705, -3.707742, 0.0 ], [ -38.467717, -3.707767, 0.0 ], [ -38.467717, -3.707782, 0.0 ], [ -38.467714, -3.707795, 0.0 ], [ -38.467728, -3.70782, 0.0 ], [ -38.467735, -3.707829, 0.0 ], [ -38.467736, -3.707844, 0.0 ], [ -38.467738, -3.707851, 0.0 ], [ -38.467772, -3.707877, 0.0 ], [ -38.467815, -3.707898, 0.0 ], [ -38.467825, -3.707898, 0.0 ], [ -38.467833, -3.707896, 0.0 ], [ -38.467838, -3.707897, 0.0 ], [ -38.467856, -3.707906, 0.0 ], [ -38.46788, -3.707907, 0.0 ], [ -38.467914, -3.7079, 0.0 ], [ -38.467926, -3.707904, 0.0 ], [ -38.467967, -3.707904, 0.0 ], [ -38.467977, -3.707907, 0.0 ], [ -38.467996, -3.707923, 0.0 ], [ -38.468018, -3.707947, 0.0 ], [ -38.468018, -3.707953, 0.0 ], [ -38.468017, -3.707956, 0.0 ], [ -38.468012, -3.707963, 0.0 ], [ -38.467993, -3.707973, 0.0 ], [ -38.467969, -3.70799, 0.0 ], [ -38.467962, -3.708001, 0.0 ], [ -38.467964, -3.708013, 0.0 ], [ -38.467982, -3.708034, 0.0 ], [ -38.467982, -3.708045, 0.0 ], [ -38.467979, -3.708055, 0.0 ], [ -38.467976, -3.708061, 0.0 ], [ -38.467971, -3.708066, 0.0 ], [ -38.467959, -3.70807, 0.0 ], [ -38.46793, -3.708071, 0.0 ], [ -38.467861, -3.708089, 0.0 ], [ -38.467833, -3.708101, 0.0 ], [ -38.46778, -3.708131, 0.0 ], [ -38.467737, -3.708149, 0.0 ], [ -38.46767, -3.708189, 0.0 ], [ -38.467628, -3.708226, 0.0 ], [ -38.467593, -3.708261, 0.0 ], [ -38.467561, -3.708299, 0.0 ], [ -38.46753, -3.708329, 0.0 ], [ -38.467518, -3.708335, 0.0 ], [ -38.467488, -3.708331, 0.0 ], [ -38.467441, -3.70831, 0.0 ], [ -38.467361, -3.708288, 0.0 ], [ -38.4673, -3.7083, 0.0 ], [ -38.467234, -3.708331, 0.0 ], [ -38.467204, -3.708356, 0.0 ], [ -38.467173, -3.708386, 0.0 ], [ -38.46715, -3.708405, 0.0 ], [ -38.467134, -3.708415, 0.0 ], [ -38.467109, -3.708425, 0.0 ], [ -38.466978, -3.708448, 0.0 ], [ -38.466959, -3.708454, 0.0 ], [ -38.466949, -3.70846, 0.0 ], [ -38.46694, -3.708469, 0.0 ], [ -38.466937, -3.708478, 0.0 ], [ -38.46694, -3.708505, 0.0 ], [ -38.466939, -3.708515, 0.0 ], [ -38.466935, -3.708521, 0.0 ], [ -38.466932, -3.708522, 0.0 ], [ -38.466919, -3.708524, 0.0 ], [ -38.466903, -3.708518, 0.0 ], [ -38.466871, -3.708497, 0.0 ], [ -38.46673, -3.708412, 0.0 ], [ -38.466661, -3.708368, 0.0 ], [ -38.466632, -3.708345, 0.0 ], [ -38.466602, -3.708328, 0.0 ], [ -38.466581, -3.708336, 0.0 ], [ -38.466562, -3.708338, 0.0 ], [ -38.466548, -3.708333, 0.0 ], [ -38.466537, -3.708323, 0.0 ], [ -38.466528, -3.708295, 0.0 ], [ -38.466516, -3.708285, 0.0 ], [ -38.466439, -3.708245, 0.0 ], [ -38.466371, -3.708213, 0.0 ], [ -38.466292, -3.708168, 0.0 ], [ -38.466241, -3.708144, 0.0 ], [ -38.466221, -3.708137, 0.0 ], [ -38.466205, -3.708135, 0.0 ], [ -38.466183, -3.708136, 0.0 ], [ -38.466175, -3.708133, 0.0 ], [ -38.466161, -3.708114, 0.0 ], [ -38.466098, -3.708072, 0.0 ], [ -38.466066, -3.708056, 0.0 ], [ -38.466012, -3.708033, 0.0 ], [ -38.46595, -3.707998, 0.0 ], [ -38.465887, -3.707967, 0.0 ], [ -38.465823, -3.707932, 0.0 ], [ -38.465766, -3.707909, 0.0 ], [ -38.465634, -3.707851, 0.0 ], [ -38.465498, -3.707765, 0.0 ], [ -38.465383, -3.707703, 0.0 ], [ -38.465323, -3.707681, 0.0 ], [ -38.465263, -3.707648, 0.0 ], [ -38.465197, -3.707615, 0.0 ], [ -38.465142, -3.707591, 0.0 ], [ -38.465078, -3.707554, 0.0 ], [ -38.465003, -3.707505, 0.0 ], [ -38.464953, -3.707466, 0.0 ], [ -38.46492, -3.707435, 0.0 ], [ -38.464878, -3.707394, 0.0 ], [ -38.464868, -3.707377, 0.0 ], [ -38.464853, -3.707341, 0.0 ], [ -38.464835, -3.707318, 0.0 ], [ -38.464822, -3.707306, 0.0 ], [ -38.464792, -3.70729, 0.0 ], [ -38.464766, -3.707277, 0.0 ], [ -38.464707, -3.707257, 0.0 ], [ -38.464675, -3.707251, 0.0 ], [ -38.464606, -3.707251, 0.0 ], [ -38.464573, -3.707249, 0.0 ], [ -38.464549, -3.707242, 0.0 ], [ -38.464501, -3.707228, 0.0 ], [ -38.464405, -3.707193, 0.0 ], [ -38.464318, -3.707151, 0.0 ], [ -38.464283, -3.707126, 0.0 ], [ -38.464257, -3.707101, 0.0 ], [ -38.464237, -3.707089, 0.0 ], [ -38.464191, -3.707072, 0.0 ], [ -38.464155, -3.707053, 0.0 ], [ -38.464056, -3.706992, 0.0 ], [ -38.463964, -3.706945, 0.0 ], [ -38.463915, -3.706925, 0.0 ], [ -38.463825, -3.706877, 0.0 ], [ -38.463706, -3.706819, 0.0 ], [ -38.463656, -3.706794, 0.0 ], [ -38.463547, -3.706733, 0.0 ], [ -38.463519, -3.706716, 0.0 ], [ -38.463409, -3.706655, 0.0 ], [ -38.463315, -3.706597, 0.0 ], [ -38.463249, -3.706563, 0.0 ], [ -38.463145, -3.706498, 0.0 ], [ -38.463088, -3.706459, 0.0 ], [ -38.463022, -3.706417, 0.0 ], [ -38.462926, -3.706366, 0.0 ], [ -38.462866, -3.706332, 0.0 ], [ -38.462816, -3.706312, 0.0 ], [ -38.46264, -3.706225, 0.0 ], [ -38.462625, -3.706214, 0.0 ], [ -38.462614, -3.706197, 0.0 ], [ -38.462603, -3.706187, 0.0 ], [ -38.462589, -3.706179, 0.0 ], [ -38.462576, -3.706177, 0.0 ], [ -38.462561, -3.70618, 0.0 ], [ -38.462544, -3.706181, 0.0 ], [ -38.462539, -3.706178, 0.0 ], [ -38.462535, -3.706169, 0.0 ], [ -38.462527, -3.706158, 0.0 ], [ -38.462511, -3.706147, 0.0 ], [ -38.462464, -3.706111, 0.0 ], [ -38.462449, -3.706094, 0.0 ], [ -38.462441, -3.706089, 0.0 ], [ -38.462418, -3.706087, 0.0 ], [ -38.462366, -3.70609, 0.0 ], [ -38.462317, -3.70608, 0.0 ], [ -38.462298, -3.706071, 0.0 ], [ -38.462283, -3.706061, 0.0 ], [ -38.462232, -3.706043, 0.0 ], [ -38.462209, -3.706027, 0.0 ], [ -38.462193, -3.706022, 0.0 ], [ -38.462182, -3.706014, 0.0 ], [ -38.46213, -3.705992, 0.0 ], [ -38.46211, -3.70598, 0.0 ], [ -38.462086, -3.705973, 0.0 ], [ -38.462046, -3.705954, 0.0 ], [ -38.462023, -3.705945, 0.0 ], [ -38.461986, -3.705922, 0.0 ], [ -38.461972, -3.70591, 0.0 ], [ -38.461929, -3.70589, 0.0 ], [ -38.461911, -3.705879, 0.0 ], [ -38.461896, -3.705877, 0.0 ], [ -38.461885, -3.705873, 0.0 ], [ -38.461853, -3.705846, 0.0 ], [ -38.461839, -3.705838, 0.0 ], [ -38.461811, -3.70582, 0.0 ], [ -38.461786, -3.705813, 0.0 ], [ -38.461757, -3.705801, 0.0 ], [ -38.461744, -3.705791, 0.0 ], [ -38.461721, -3.705786, 0.0 ], [ -38.461704, -3.705775, 0.0 ], [ -38.461687, -3.705762, 0.0 ], [ -38.461667, -3.705752, 0.0 ], [ -38.461653, -3.705748, 0.0 ], [ -38.461639, -3.705734, 0.0 ], [ -38.461621, -3.705723, 0.0 ], [ -38.461601, -3.705714, 0.0 ], [ -38.461572, -3.705696, 0.0 ], [ -38.461547, -3.705684, 0.0 ], [ -38.46153, -3.70567, 0.0 ], [ -38.461507, -3.705656, 0.0 ], [ -38.461463, -3.705639, 0.0 ], [ -38.461456, -3.705636, 0.0 ], [ -38.461442, -3.705621, 0.0 ], [ -38.461429, -3.705612, 0.0 ], [ -38.461386, -3.70559, 0.0 ], [ -38.461378, -3.705584, 0.0 ], [ -38.461377, -3.705581, 0.0 ], [ -38.461346, -3.705557, 0.0 ], [ -38.46133, -3.705549, 0.0 ], [ -38.461322, -3.705542, 0.0 ], [ -38.461303, -3.705536, 0.0 ], [ -38.461284, -3.705528, 0.0 ], [ -38.461262, -3.705514, 0.0 ], [ -38.461242, -3.705504, 0.0 ], [ -38.461221, -3.705495, 0.0 ], [ -38.461204, -3.705485, 0.0 ], [ -38.461177, -3.705474, 0.0 ], [ -38.461108, -3.705452, 0.0 ], [ -38.461076, -3.70543, 0.0 ], [ -38.461045, -3.705411, 0.0 ], [ -38.461025, -3.705402, 0.0 ], [ -38.460989, -3.705391, 0.0 ], [ -38.460969, -3.705381, 0.0 ], [ -38.460952, -3.705365, 0.0 ], [ -38.460926, -3.705349, 0.0 ], [ -38.460898, -3.70534, 0.0 ], [ -38.460838, -3.705307, 0.0 ], [ -38.46082, -3.705305, 0.0 ], [ -38.460808, -3.705301, 0.0 ], [ -38.460795, -3.705294, 0.0 ], [ -38.460772, -3.705272, 0.0 ], [ -38.460707, -3.70524, 0.0 ], [ -38.460653, -3.705217, 0.0 ], [ -38.460629, -3.705204, 0.0 ], [ -38.46061, -3.705192, 0.0 ], [ -38.460566, -3.70517, 0.0 ], [ -38.46053, -3.705159, 0.0 ], [ -38.46049, -3.705135, 0.0 ], [ -38.460473, -3.705129, 0.0 ], [ -38.460455, -3.705118, 0.0 ], [ -38.460445, -3.705109, 0.0 ], [ -38.460432, -3.705104, 0.0 ], [ -38.460407, -3.705083, 0.0 ], [ -38.460397, -3.705083, 0.0 ], [ -38.460377, -3.70509, 0.0 ], [ -38.460375, -3.705099, 0.0 ], [ -38.460375, -3.705117, 0.0 ], [ -38.46038, -3.705131, 0.0 ], [ -38.46038, -3.705138, 0.0 ], [ -38.460376, -3.705147, 0.0 ], [ -38.460365, -3.705165, 0.0 ], [ -38.460359, -3.705178, 0.0 ], [ -38.460354, -3.705205, 0.0 ], [ -38.460349, -3.705216, 0.0 ], [ -38.46035, -3.705238, 0.0 ], [ -38.460355, -3.705246, 0.0 ], [ -38.460371, -3.705253, 0.0 ], [ -38.460375, -3.705257, 0.0 ], [ -38.460376, -3.70527, 0.0 ], [ -38.460386, -3.7053, 0.0 ], [ -38.460394, -3.705317, 0.0 ], [ -38.460408, -3.705329, 0.0 ], [ -38.460447, -3.705347, 0.0 ], [ -38.460481, -3.705356, 0.0 ], [ -38.460493, -3.705363, 0.0 ], [ -38.460526, -3.70539, 0.0 ], [ -38.460539, -3.705403, 0.0 ], [ -38.460553, -3.705412, 0.0 ], [ -38.460561, -3.70542, 0.0 ], [ -38.460594, -3.70543, 0.0 ], [ -38.460627, -3.705455, 0.0 ], [ -38.460641, -3.705459, 0.0 ], [ -38.460668, -3.705463, 0.0 ], [ -38.460677, -3.705469, 0.0 ], [ -38.460682, -3.705478, 0.0 ], [ -38.46071, -3.705492, 0.0 ], [ -38.460723, -3.705496, 0.0 ], [ -38.460738, -3.705496, 0.0 ], [ -38.460762, -3.705502, 0.0 ], [ -38.460778, -3.705511, 0.0 ], [ -38.46082, -3.705528, 0.0 ], [ -38.460841, -3.705539, 0.0 ], [ -38.460849, -3.705553, 0.0 ], [ -38.46086, -3.705563, 0.0 ], [ -38.460874, -3.70557, 0.0 ], [ -38.46089, -3.705575, 0.0 ], [ -38.460919, -3.705595, 0.0 ], [ -38.460993, -3.705631, 0.0 ], [ -38.461004, -3.705643, 0.0 ], [ -38.46103, -3.705647, 0.0 ], [ -38.461053, -3.705653, 0.0 ], [ -38.461068, -3.705661, 0.0 ], [ -38.461091, -3.705674, 0.0 ], [ -38.461111, -3.70568, 0.0 ], [ -38.461159, -3.705715, 0.0 ], [ -38.461205, -3.705729, 0.0 ], [ -38.461256, -3.705754, 0.0 ], [ -38.461275, -3.705766, 0.0 ], [ -38.461305, -3.70579, 0.0 ], [ -38.461319, -3.705797, 0.0 ], [ -38.461351, -3.705805, 0.0 ], [ -38.461359, -3.70581, 0.0 ], [ -38.46137, -3.705822, 0.0 ], [ -38.461377, -3.705834, 0.0 ], [ -38.461398, -3.70585, 0.0 ], [ -38.461415, -3.705853, 0.0 ], [ -38.461446, -3.705853, 0.0 ], [ -38.461457, -3.705861, 0.0 ], [ -38.46146, -3.705866, 0.0 ], [ -38.461472, -3.705876, 0.0 ], [ -38.461483, -3.705892, 0.0 ], [ -38.461496, -3.705896, 0.0 ], [ -38.461522, -3.705898, 0.0 ], [ -38.461525, -3.705908, 0.0 ], [ -38.461543, -3.705922, 0.0 ], [ -38.461554, -3.705924, 0.0 ], [ -38.46158, -3.705932, 0.0 ], [ -38.461602, -3.705944, 0.0 ], [ -38.461623, -3.705963, 0.0 ], [ -38.461645, -3.705976, 0.0 ], [ -38.461664, -3.705981, 0.0 ], [ -38.461686, -3.705991, 0.0 ], [ -38.461709, -3.706007, 0.0 ], [ -38.46173, -3.706024, 0.0 ], [ -38.461748, -3.706037, 0.0 ], [ -38.461771, -3.70605, 0.0 ], [ -38.4618, -3.706053, 0.0 ], [ -38.461819, -3.706061, 0.0 ], [ -38.461846, -3.706085, 0.0 ], [ -38.461885, -3.706108, 0.0 ], [ -38.461991, -3.706149, 0.0 ], [ -38.46201, -3.706163, 0.0 ], [ -38.462022, -3.706177, 0.0 ], [ -38.462034, -3.706183, 0.0 ], [ -38.462062, -3.706185, 0.0 ], [ -38.462075, -3.706202, 0.0 ], [ -38.462099, -3.706224, 0.0 ], [ -38.462127, -3.706239, 0.0 ], [ -38.462152, -3.706257, 0.0 ], [ -38.462169, -3.706273, 0.0 ], [ -38.462193, -3.706286, 0.0 ], [ -38.46221, -3.706291, 0.0 ], [ -38.462223, -3.706298, 0.0 ], [ -38.462285, -3.706323, 0.0 ], [ -38.462309, -3.706336, 0.0 ], [ -38.462332, -3.706346, 0.0 ], [ -38.462353, -3.706351, 0.0 ], [ -38.462388, -3.706372, 0.0 ], [ -38.46242, -3.706393, 0.0 ], [ -38.462438, -3.706414, 0.0 ], [ -38.462476, -3.706438, 0.0 ], [ -38.462514, -3.706452, 0.0 ], [ -38.462539, -3.706471, 0.0 ], [ -38.462551, -3.706487, 0.0 ], [ -38.462591, -3.706503, 0.0 ], [ -38.462629, -3.706523, 0.0 ], [ -38.462645, -3.706536, 0.0 ], [ -38.462654, -3.706547, 0.0 ], [ -38.462679, -3.70657, 0.0 ], [ -38.462689, -3.706578, 0.0 ], [ -38.462721, -3.70659, 0.0 ], [ -38.462741, -3.706595, 0.0 ], [ -38.462798, -3.706639, 0.0 ], [ -38.462837, -3.706656, 0.0 ], [ -38.462859, -3.706663, 0.0 ], [ -38.462897, -3.706683, 0.0 ], [ -38.462911, -3.706686, 0.0 ], [ -38.46292, -3.70669, 0.0 ], [ -38.462932, -3.706704, 0.0 ], [ -38.462947, -3.706716, 0.0 ], [ -38.462992, -3.706737, 0.0 ], [ -38.463025, -3.706758, 0.0 ], [ -38.463054, -3.706768, 0.0 ], [ -38.463074, -3.706772, 0.0 ], [ -38.463087, -3.706778, 0.0 ], [ -38.463105, -3.706796, 0.0 ], [ -38.463117, -3.706803, 0.0 ], [ -38.463152, -3.706809, 0.0 ], [ -38.463163, -3.706813, 0.0 ], [ -38.463179, -3.706825, 0.0 ], [ -38.46322, -3.706848, 0.0 ], [ -38.463256, -3.706863, 0.0 ], [ -38.463302, -3.706891, 0.0 ], [ -38.463311, -3.706896, 0.0 ], [ -38.463318, -3.706904, 0.0 ], [ -38.463328, -3.706913, 0.0 ], [ -38.46334, -3.706917, 0.0 ], [ -38.46336, -3.706921, 0.0 ], [ -38.463384, -3.70693, 0.0 ], [ -38.463393, -3.706938, 0.0 ], [ -38.463402, -3.70695, 0.0 ], [ -38.463419, -3.706958, 0.0 ], [ -38.463431, -3.70696, 0.0 ], [ -38.463438, -3.706962, 0.0 ], [ -38.463442, -3.706969, 0.0 ], [ -38.463456, -3.706983, 0.0 ], [ -38.463494, -3.707002, 0.0 ], [ -38.46352, -3.707016, 0.0 ], [ -38.463551, -3.70703, 0.0 ], [ -38.463606, -3.707043, 0.0 ], [ -38.463629, -3.707052, 0.0 ], [ -38.463678, -3.707089, 0.0 ], [ -38.463707, -3.70712, 0.0 ], [ -38.463733, -3.70714, 0.0 ], [ -38.463759, -3.707153, 0.0 ], [ -38.463773, -3.707162, 0.0 ], [ -38.463784, -3.70717, 0.0 ], [ -38.463792, -3.70718, 0.0 ], [ -38.463812, -3.70719, 0.0 ], [ -38.463856, -3.707191, 0.0 ], [ -38.463867, -3.707194, 0.0 ], [ -38.463887, -3.707204, 0.0 ], [ -38.463899, -3.707216, 0.0 ], [ -38.463918, -3.707227, 0.0 ], [ -38.463933, -3.707233, 0.0 ], [ -38.463959, -3.70725, 0.0 ], [ -38.463967, -3.707261, 0.0 ], [ -38.463967, -3.707265, 0.0 ], [ -38.463965, -3.707269, 0.0 ], [ -38.463934, -3.707274, 0.0 ], [ -38.463875, -3.707272, 0.0 ], [ -38.46381, -3.707262, 0.0 ], [ -38.463755, -3.707263, 0.0 ], [ -38.463742, -3.707267, 0.0 ], [ -38.463726, -3.707275, 0.0 ], [ -38.463718, -3.707285, 0.0 ], [ -38.463716, -3.707304, 0.0 ], [ -38.463717, -3.707363, 0.0 ], [ -38.463714, -3.707394, 0.0 ], [ -38.46371, -3.707419, 0.0 ], [ -38.463696, -3.707454, 0.0 ], [ -38.463687, -3.707483, 0.0 ], [ -38.46368, -3.707522, 0.0 ], [ -38.463675, -3.707557, 0.0 ], [ -38.463663, -3.707685, 0.0 ], [ -38.463654, -3.707762, 0.0 ], [ -38.463644, -3.70782, 0.0 ], [ -38.463644, -3.707836, 0.0 ], [ -38.463657, -3.707925, 0.0 ], [ -38.463671, -3.708031, 0.0 ], [ -38.463672, -3.70813, 0.0 ], [ -38.463665, -3.708168, 0.0 ], [ -38.463654, -3.708205, 0.0 ], [ -38.463635, -3.708253, 0.0 ], [ -38.46362, -3.708283, 0.0 ], [ -38.463557, -3.708388, 0.0 ], [ -38.463537, -3.708427, 0.0 ], [ -38.463521, -3.708451, 0.0 ], [ -38.463516, -3.708476, 0.0 ], [ -38.463517, -3.70854, 0.0 ], [ -38.463542, -3.708663, 0.0 ], [ -38.463574, -3.708763, 0.0 ], [ -38.463605, -3.708878, 0.0 ], [ -38.463627, -3.709034, 0.0 ], [ -38.463644, -3.709136, 0.0 ], [ -38.463631, -3.70925, 0.0 ], [ -38.463586, -3.70938, 0.0 ], [ -38.463508, -3.709513, 0.0 ], [ -38.463498, -3.709625, 0.0 ], [ -38.463465, -3.709863, 0.0 ], [ -38.463443, -3.710058, 0.0 ], [ -38.463414, -3.71028, 0.0 ], [ -38.463375, -3.71067, 0.0 ], [ -38.463362, -3.710827, 0.0 ], [ -38.463368, -3.710926, 0.0 ], [ -38.463358, -3.711035, 0.0 ], [ -38.46331, -3.711131, 0.0 ], [ -38.463237, -3.711207, 0.0 ], [ -38.463198, -3.7113, 0.0 ], [ -38.463188, -3.711406, 0.0 ], [ -38.463199, -3.711543, 0.0 ], [ -38.463222, -3.711623, 0.0 ], [ -38.463258, -3.711653, 0.0 ], [ -38.46326, -3.711719, 0.0 ], [ -38.46324, -3.711868, 0.0 ], [ -38.463229, -3.712007, 0.0 ], [ -38.463229, -3.712137, 0.0 ], [ -38.463217, -3.712335, 0.0 ], [ -38.463187, -3.712471, 0.0 ], [ -38.463134, -3.712595, 0.0 ], [ -38.46309, -3.712702, 0.0 ], [ -38.463026, -3.712803, 0.0 ], [ -38.462968, -3.712957, 0.0 ], [ -38.462938, -3.713059, 0.0 ], [ -38.462933, -3.713121, 0.0 ], [ -38.462943, -3.713208, 0.0 ], [ -38.462939, -3.713278, 0.0 ], [ -38.462938, -3.713403, 0.0 ], [ -38.462936, -3.713466, 0.0 ], [ -38.46293, -3.713542, 0.0 ], [ -38.462912, -3.713691, 0.0 ], [ -38.462803, -3.714215, 0.0 ], [ -38.462667, -3.714732, 0.0 ], [ -38.462572, -3.714967, 0.0 ], [ -38.462458, -3.71537, 0.0 ], [ -38.462404, -3.715642, 0.0 ], [ -38.462367, -3.715782, 0.0 ], [ -38.462331, -3.716001, 0.0 ], [ -38.46225, -3.716128, 0.0 ], [ -38.462164, -3.716356, 0.0 ], [ -38.462123, -3.71673, 0.0 ], [ -38.462042, -3.716931, 0.0 ], [ -38.461971, -3.717016, 0.0 ], [ -38.461931, -3.717102, 0.0 ], [ -38.461875, -3.717208, 0.0 ], [ -38.461813, -3.717356, 0.0 ], [ -38.461758, -3.717539, 0.0 ], [ -38.461671, -3.717898, 0.0 ], [ -38.461633, -3.718116, 0.0 ], [ -38.461606, -3.718281, 0.0 ], [ -38.461575, -3.718448, 0.0 ], [ -38.461553, -3.718583, 0.0 ], [ -38.461508, -3.71875, 0.0 ], [ -38.461452, -3.718925, 0.0 ], [ -38.461384, -3.719079, 0.0 ], [ -38.46137, -3.719113, 0.0 ], [ -38.461311, -3.719259, 0.0 ], [ -38.461266, -3.719463, 0.0 ], [ -38.461249, -3.719623, 0.0 ], [ -38.461217, -3.719814, 0.0 ], [ -38.461167, -3.720203, 0.0 ], [ -38.461085, -3.720404, 0.0 ], [ -38.460996, -3.720585, 0.0 ], [ -38.4609, -3.720723, 0.0 ], [ -38.460712, -3.721066, 0.0 ], [ -38.460557, -3.721488, 0.0 ], [ -38.460447, -3.721714, 0.0 ], [ -38.460359, -3.721876, 0.0 ], [ -38.460273, -3.72232, 0.0 ], [ -38.460215, -3.722496, 0.0 ], [ -38.460108, -3.722654, 0.0 ], [ -38.45999, -3.722788, 0.0 ], [ -38.459905, -3.722919, 0.0 ], [ -38.459813, -3.723099, 0.0 ], [ -38.459726, -3.723275, 0.0 ], [ -38.459658, -3.723425, 0.0 ], [ -38.459624, -3.723606, 0.0 ], [ -38.459458, -3.724029, 0.0 ], [ -38.459284, -3.724447, 0.0 ], [ -38.459115, -3.724859, 0.0 ], [ -38.458942, -3.725243, 0.0 ], [ -38.458781, -3.725527, 0.0 ], [ -38.458652, -3.7258, 0.0 ], [ -38.458559, -3.726052, 0.0 ], [ -38.458414, -3.726366, 0.0 ], [ -38.458333, -3.72657, 0.0 ], [ -38.458308, -3.726642, 0.0 ], [ -38.45824, -3.726877, 0.0 ], [ -38.458222, -3.726953, 0.0 ], [ -38.458164, -3.727165, 0.0 ], [ -38.458123, -3.727223, 0.0 ], [ -38.458034, -3.727334, 0.0 ], [ -38.458, -3.727369, 0.0 ], [ -38.457964, -3.727402, 0.0 ], [ -38.457909, -3.727442, 0.0 ], [ -38.45788, -3.727468, 0.0 ], [ -38.457858, -3.727493, 0.0 ], [ -38.457826, -3.727531, 0.0 ], [ -38.457798, -3.727572, 0.0 ], [ -38.457767, -3.727609, 0.0 ], [ -38.457737, -3.727655, 0.0 ], [ -38.457715, -3.727696, 0.0 ], [ -38.457702, -3.727744, 0.0 ], [ -38.457682, -3.7278, 0.0 ], [ -38.457671, -3.72782, 0.0 ], [ -38.457648, -3.72788, 0.0 ], [ -38.457623, -3.727924, 0.0 ], [ -38.457594, -3.727966, 0.0 ], [ -38.457561, -3.728008, 0.0 ], [ -38.457527, -3.728048, 0.0 ], [ -38.457497, -3.72809, 0.0 ], [ -38.45748, -3.728125, 0.0 ], [ -38.457477, -3.728146, 0.0 ], [ -38.457475, -3.728186, 0.0 ], [ -38.457452, -3.728273, 0.0 ], [ -38.457439, -3.728315, 0.0 ], [ -38.457418, -3.728362, 0.0 ], [ -38.457389, -3.728415, 0.0 ], [ -38.457357, -3.728465, 0.0 ], [ -38.457319, -3.728514, 0.0 ], [ -38.457281, -3.728574, 0.0 ], [ -38.457243, -3.728628, 0.0 ], [ -38.457229, -3.728643, 0.0 ], [ -38.457107, -3.728752, 0.0 ], [ -38.45701, -3.728856, 0.0 ], [ -38.456943, -3.728937, 0.0 ], [ -38.456897, -3.728997, 0.0 ], [ -38.45686, -3.72904, 0.0 ], [ -38.456845, -3.729062, 0.0 ], [ -38.456833, -3.729083, 0.0 ], [ -38.456808, -3.729153, 0.0 ], [ -38.456802, -3.729167, 0.0 ], [ -38.456719, -3.729284, 0.0 ], [ -38.456679, -3.72935, 0.0 ], [ -38.456626, -3.729441, 0.0 ], [ -38.456577, -3.729512, 0.0 ], [ -38.456413, -3.729801, 0.0 ], [ -38.456367, -3.7299, 0.0 ], [ -38.456322, -3.730015, 0.0 ], [ -38.456267, -3.730127, 0.0 ], [ -38.456211, -3.730211, 0.0 ], [ -38.456359, -3.730288, 0.0 ], [ -38.457404, -3.730778, 0.0 ], [ -38.457685, -3.730883, 0.0 ], [ -38.45792, -3.730968, 0.0 ], [ -38.458171, -3.731089, 0.0 ], [ -38.458679, -3.731333, 0.0 ], [ -38.459109, -3.731548, 0.0 ], [ -38.459637, -3.731804, 0.0 ], [ -38.459989, -3.731975, 0.0 ], [ -38.460424, -3.732187, 0.0 ], [ -38.461073, -3.732506, 0.0 ], [ -38.461308, -3.732621, 0.0 ], [ -38.461528, -3.732729, 0.0 ], [ -38.461591, -3.732756, 0.0 ], [ -38.461639, -3.732774, 0.0 ], [ -38.461686, -3.732788, 0.0 ], [ -38.461745, -3.7328, 0.0 ], [ -38.461804, -3.732807, 0.0 ], [ -38.461892, -3.732813, 0.0 ], [ -38.461941, -3.732814, 0.0 ], [ -38.461984, -3.732813, 0.0 ], [ -38.462025, -3.732807, 0.0 ], [ -38.462085, -3.732797, 0.0 ], [ -38.462149, -3.732782, 0.0 ], [ -38.46223, -3.732755, 0.0 ], [ -38.462369, -3.732698, 0.0 ], [ -38.462979, -3.732451, 0.0 ], [ -38.463265, -3.732336, 0.0 ], [ -38.46373, -3.732152, 0.0 ], [ -38.463958, -3.732059, 0.0 ], [ -38.463925, -3.732133, 0.0 ], [ -38.463823, -3.732346, 0.0 ], [ -38.463552, -3.732914, 0.0 ], [ -38.463261, -3.733516, 0.0 ], [ -38.463022, -3.734008, 0.0 ], [ -38.462744, -3.73458, 0.0 ], [ -38.462492, -3.735106, 0.0 ], [ -38.462242, -3.735617, 0.0 ], [ -38.462007, -3.7361, 0.0 ], [ -38.461777, -3.736571, 0.0 ], [ -38.461545, -3.73705, 0.0 ], [ -38.461343, -3.737471, 0.0 ], [ -38.461136, -3.73787, 0.0 ], [ -38.460904, -3.738361, 0.0 ], [ -38.460696, -3.738779, 0.0 ], [ -38.460436, -3.73931, 0.0 ], [ -38.460235, -3.739748, 0.0 ], [ -38.460029, -3.740171, 0.0 ], [ -38.459812, -3.740623, 0.0 ], [ -38.45955, -3.741172, 0.0 ], [ -38.45932, -3.74164, 0.0 ], [ -38.459108, -3.742079, 0.0 ], [ -38.458944, -3.742424, 0.0 ], [ -38.458974, -3.742438, 0.0 ], [ -38.458751, -3.742941, 0.0 ], [ -38.458504, -3.743456, 0.0 ], [ -38.458254, -3.743959, 0.0 ], [ -38.458021, -3.744405, 0.0 ], [ -38.457766, -3.744857, 0.0 ], [ -38.4575, -3.745392, 0.0 ], [ -38.457192, -3.746009, 0.0 ], [ -38.456956, -3.746493, 0.0 ], [ -38.456729, -3.746995, 0.0 ], [ -38.456477, -3.747485, 0.0 ], [ -38.456019, -3.748446, 0.0 ], [ -38.455733, -3.749035, 0.0 ], [ -38.455557, -3.749394, 0.0 ], [ -38.455479, -3.749632, 0.0 ], [ -38.455611, -3.749676, 0.0 ], [ -38.455833, -3.749727, 0.0 ], [ -38.456042, -3.749754, 0.0 ], [ -38.456271, -3.749759, 0.0 ], [ -38.456549, -3.749741, 0.0 ], [ -38.456887, -3.749661, 0.0 ], [ -38.458827, -3.749035, 0.0 ], [ -38.460766, -3.74841, 0.0 ], [ -38.461758, -3.748091, 0.0 ], [ -38.461855, -3.748064, 0.0 ], [ -38.462727, -3.747786, 0.0 ], [ -38.463694, -3.747472, 0.0 ], [ -38.465642, -3.746839, 0.0 ], [ -38.466714, -3.7465, 0.0 ], [ -38.467874, -3.746126, 0.0 ], [ -38.4697, -3.745541, 0.0 ], [ -38.47063, -3.74524, 0.0 ], [ -38.472311, -3.744696, 0.0 ], [ -38.47335, -3.74436, 0.0 ], [ -38.475078, -3.743807, 0.0 ], [ -38.475177, -3.743776, 0.0 ], [ -38.476103, -3.743474, 0.0 ], [ -38.477859, -3.742901, 0.0 ], [ -38.479683, -3.742304, 0.0 ], [ -38.481506, -3.741722, 0.0 ], [ -38.483328, -3.741126, 0.0 ], [ -38.484313, -3.740815, 0.0 ], [ -38.485069, -3.74057, 0.0 ], [ -38.485244, -3.74052, 0.0 ], [ -38.48725, -3.739868, 0.0 ], [ -38.487302, -3.739959, 0.0 ], [ -38.487402, -3.740126, 0.0 ], [ -38.487435, -3.74018, 0.0 ], [ -38.487473, -3.74024, 0.0 ], [ -38.487494, -3.740274, 0.0 ], [ -38.487941, -3.740983, 0.0 ], [ -38.48796, -3.741013, 0.0 ], [ -38.487979, -3.741042, 0.0 ], [ -38.488004, -3.741082, 0.0 ], [ -38.48804, -3.741135, 0.0 ], [ -38.488097, -3.741211, 0.0 ], [ -38.488158, -3.741284, 0.0 ], [ -38.488264, -3.741396, 0.0 ], [ -38.488353, -3.741479, 0.0 ], [ -38.48849, -3.741607, 0.0 ], [ -38.488561, -3.741672, 0.0 ], [ -38.488628, -3.741737, 0.0 ], [ -38.488636, -3.741745, 0.0 ], [ -38.488648, -3.741757, 0.0 ], [ -38.488714, -3.741828, 0.0 ], [ -38.488776, -3.741903, 0.0 ], [ -38.488833, -3.74198, 0.0 ], [ -38.488882, -3.742053, 0.0 ], [ -38.488929, -3.742127, 0.0 ], [ -38.489335, -3.742771, 0.0 ], [ -38.489437, -3.742934, 0.0 ], [ -38.489476, -3.743002, 0.0 ], [ -38.489553, -3.743143, 0.0 ], [ -38.489595, -3.74323, 0.0 ], [ -38.489748, -3.743561, 0.0 ], [ -38.489827, -3.743729, 0.0 ], [ -38.489925, -3.743912, 0.0 ], [ -38.490039, -3.744098, 0.0 ], [ -38.490423, -3.744704, 0.0 ], [ -38.49057, -3.744931, 0.0 ], [ -38.490677, -3.745085, 0.0 ], [ -38.490729, -3.745156, 0.0 ], [ -38.49077, -3.745212, 0.0 ], [ -38.490791, -3.74524, 0.0 ], [ -38.491481, -3.746151, 0.0 ], [ -38.491789, -3.746549, 0.0 ], [ -38.492131, -3.746969, 0.0 ], [ -38.492625, -3.74758, 0.0 ], [ -38.49387, -3.749145, 0.0 ], [ -38.493912, -3.749198, 0.0 ], [ -38.493614, -3.749298, 0.0 ], [ -38.493025, -3.74949, 0.0 ], [ -38.492308, -3.749723, 0.0 ], [ -38.491461, -3.749988, 0.0 ], [ -38.490886, -3.750175, 0.0 ], [ -38.490268, -3.750362, 0.0 ], [ -38.490229, -3.750374, 0.0 ], [ -38.49034, -3.750871, 0.0 ], [ -38.490659, -3.752309, 0.0 ], [ -38.490714, -3.752301, 0.0 ], [ -38.491644, -3.752176, 0.0 ], [ -38.491798, -3.752164, 0.0 ], [ -38.492017, -3.752159, 0.0 ], [ -38.492302, -3.752178, 0.0 ], [ -38.49243, -3.752195, 0.0 ], [ -38.492626, -3.752239, 0.0 ], [ -38.492789, -3.752287, 0.0 ], [ -38.492937, -3.752353, 0.0 ], [ -38.493074, -3.752425, 0.0 ], [ -38.493238, -3.752526, 0.0 ], [ -38.493393, -3.752641, 0.0 ], [ -38.49361, -3.752819, 0.0 ], [ -38.49386, -3.753028, 0.0 ], [ -38.494206, -3.753318, 0.0 ], [ -38.494563, -3.75362, 0.0 ], [ -38.4949, -3.753933, 0.0 ], [ -38.495003, -3.754024, 0.0 ], [ -38.495097, -3.754095, 0.0 ], [ -38.495202, -3.75417, 0.0 ], [ -38.49547, -3.754363, 0.0 ], [ -38.495626, -3.754488, 0.0 ], [ -38.495695, -3.754533, 0.0 ], [ -38.495805, -3.754588, 0.0 ], [ -38.495877, -3.754622, 0.0 ], [ -38.495934, -3.754656, 0.0 ], [ -38.495976, -3.754692, 0.0 ], [ -38.496079, -3.75475, 0.0 ], [ -38.496183, -3.754793, 0.0 ], [ -38.496388, -3.754865, 0.0 ], [ -38.496809, -3.754998, 0.0 ], [ -38.497508, -3.755215, 0.0 ], [ -38.498013, -3.755369, 0.0 ], [ -38.498071, -3.755392, 0.0 ], [ -38.49811, -3.755416, 0.0 ], [ -38.498156, -3.755452, 0.0 ], [ -38.498239, -3.755512, 0.0 ], [ -38.49829, -3.755541, 0.0 ], [ -38.498352, -3.755566, 0.0 ], [ -38.49868, -3.75566, 0.0 ], [ -38.498814, -3.755679, 0.0 ], [ -38.499008, -3.755703, 0.0 ], [ -38.499103, -3.755706, 0.0 ], [ -38.49921, -3.755709, 0.0 ], [ -38.499346, -3.75573, 0.0 ], [ -38.499421, -3.755749, 0.0 ], [ -38.499493, -3.755774, 0.0 ], [ -38.499578, -3.755801, 0.0 ], [ -38.499662, -3.755816, 0.0 ], [ -38.499732, -3.755817, 0.0 ], [ -38.499784, -3.755816, 0.0 ], [ -38.499826, -3.755814, 0.0 ], [ -38.499874, -3.75582, 0.0 ], [ -38.499927, -3.755836, 0.0 ], [ -38.499986, -3.755864, 0.0 ], [ -38.500117, -3.755914, 0.0 ], [ -38.500348, -3.756012, 0.0 ], [ -38.50051, -3.756104, 0.0 ], [ -38.500697, -3.75622, 0.0 ], [ -38.500741, -3.756237, 0.0 ], [ -38.500784, -3.756254, 0.0 ], [ -38.500811, -3.756272, 0.0 ], [ -38.500835, -3.756303, 0.0 ], [ -38.500868, -3.756353, 0.0 ], [ -38.500883, -3.756392, 0.0 ], [ -38.50089, -3.756426, 0.0 ], [ -38.500902, -3.756464, 0.0 ], [ -38.500921, -3.756507, 0.0 ], [ -38.500995, -3.756641, 0.0 ], [ -38.501058, -3.756728, 0.0 ], [ -38.501101, -3.756767, 0.0 ], [ -38.501166, -3.756801, 0.0 ], [ -38.501222, -3.756827, 0.0 ], [ -38.501263, -3.756838, 0.0 ], [ -38.501305, -3.756855, 0.0 ], [ -38.501333, -3.756867, 0.0 ], [ -38.501355, -3.756884, 0.0 ], [ -38.501378, -3.756911, 0.0 ], [ -38.50144, -3.757003, 0.0 ], [ -38.501463, -3.757023, 0.0 ], [ -38.501491, -3.757048, 0.0 ], [ -38.501572, -3.757113, 0.0 ], [ -38.501628, -3.757162, 0.0 ], [ -38.501691, -3.757229, 0.0 ], [ -38.501739, -3.757294, 0.0 ], [ -38.501813, -3.757389, 0.0 ], [ -38.50188, -3.757506, 0.0 ], [ -38.501952, -3.757627, 0.0 ], [ -38.501981, -3.757678, 0.0 ], [ -38.502002, -3.757723, 0.0 ], [ -38.502018, -3.757775, 0.0 ], [ -38.502021, -3.757814, 0.0 ], [ -38.50202, -3.757849, 0.0 ], [ -38.502012, -3.757908, 0.0 ], [ -38.502001, -3.757974, 0.0 ], [ -38.502001, -3.758029, 0.0 ], [ -38.502001, -3.758091, 0.0 ], [ -38.502006, -3.758146, 0.0 ], [ -38.502013, -3.758214, 0.0 ], [ -38.502022, -3.75825, 0.0 ], [ -38.502052, -3.758311, 0.0 ], [ -38.502077, -3.758367, 0.0 ], [ -38.502113, -3.758436, 0.0 ], [ -38.502161, -3.75853, 0.0 ], [ -38.502178, -3.758565, 0.0 ], [ -38.502186, -3.758605, 0.0 ], [ -38.502197, -3.758687, 0.0 ], [ -38.502199, -3.758757, 0.0 ], [ -38.502204, -3.758806, 0.0 ], [ -38.502214, -3.758845, 0.0 ], [ -38.50223, -3.758882, 0.0 ], [ -38.502254, -3.758909, 0.0 ], [ -38.502271, -3.758933, 0.0 ], [ -38.502291, -3.75897, 0.0 ], [ -38.502325, -3.759046, 0.0 ], [ -38.502342, -3.759096, 0.0 ], [ -38.502355, -3.759135, 0.0 ], [ -38.502362, -3.759175, 0.0 ], [ -38.502369, -3.759204, 0.0 ], [ -38.502377, -3.759223, 0.0 ], [ -38.502401, -3.759271, 0.0 ], [ -38.50242, -3.759321, 0.0 ], [ -38.502423, -3.759344, 0.0 ], [ -38.502425, -3.759362, 0.0 ], [ -38.50243, -3.759381, 0.0 ], [ -38.502439, -3.759441, 0.0 ], [ -38.502456, -3.759528, 0.0 ], [ -38.50249, -3.759683, 0.0 ], [ -38.502499, -3.759717, 0.0 ], [ -38.502499, -3.759732, 0.0 ], [ -38.5025, -3.759756, 0.0 ], [ -38.502502, -3.759766, 0.0 ], [ -38.502515, -3.759793, 0.0 ], [ -38.502558, -3.759859, 0.0 ], [ -38.502577, -3.759919, 0.0 ], [ -38.502593, -3.759958, 0.0 ], [ -38.502617, -3.760015, 0.0 ], [ -38.502635, -3.760075, 0.0 ], [ -38.50264, -3.760108, 0.0 ], [ -38.502649, -3.760147, 0.0 ], [ -38.502668, -3.760194, 0.0 ], [ -38.502688, -3.760254, 0.0 ], [ -38.502719, -3.760332, 0.0 ], [ -38.502741, -3.760396, 0.0 ], [ -38.502754, -3.76043, 0.0 ], [ -38.502776, -3.760474, 0.0 ], [ -38.502806, -3.760541, 0.0 ], [ -38.502835, -3.760596, 0.0 ], [ -38.502854, -3.760648, 0.0 ], [ -38.502863, -3.760686, 0.0 ], [ -38.502877, -3.760741, 0.0 ], [ -38.50289, -3.760774, 0.0 ], [ -38.502909, -3.760806, 0.0 ], [ -38.50292, -3.760912, 0.0 ], [ -38.503032, -3.761127, 0.0 ], [ -38.503135, -3.761307, 0.0 ], [ -38.503221, -3.761551, 0.0 ], [ -38.503298, -3.76164, 0.0 ], [ -38.503392, -3.761729, 0.0 ], [ -38.503525, -3.761829, 0.0 ], [ -38.503691, -3.761912, 0.0 ], [ -38.50384, -3.761973, 0.0 ], [ -38.503956, -3.762029, 0.0 ], [ -38.504089, -3.762073, 0.0 ], [ -38.504222, -3.762107, 0.0 ], [ -38.504382, -3.762174, 0.0 ], [ -38.504526, -3.762179, 0.0 ], [ -38.504692, -3.762168, 0.0 ], [ -38.504797, -3.762174, 0.0 ], [ -38.504996, -3.762196, 0.0 ], [ -38.505198, -3.762257, 0.0 ], [ -38.50543, -3.762324, 0.0 ], [ -38.50564, -3.762358, 0.0 ], [ -38.506108, -3.762418, 0.0 ], [ -38.506365, -3.762447, 0.0 ], [ -38.506686, -3.762447, 0.0 ], [ -38.506918, -3.762458, 0.0 ] ] ] } },
{ "type": "Feature", "properties": { "regional": 3, "area_km2": 16.009327708283482, "n_bairros": 13 }, "geometry": { "type": "Polygon", "coordinates": [ [ [ -38.560412, -3.749238, 0.0 ], [ -38.561376, -3.748123, 0.0 ], [ -38.562238, -3.747125, 0.0 ], [ -38.563145, -3.746052, 0.0 ], [ -38.564003, -3.744986, 0.0 ], [ -38.564858, -3.743921, 0.0 ], [ -38.564934, -3.74379, 0.0 ], [ -38.565424, -3.743193, 0.0 ], [ -38.56596, -3.742577, 0.0 ], [ -38.566215, -3.742316, 0.0 ], [ -38.566526, -3.742057, 0.0 ], [ -38.566641, -3.741966, 0.0 ], [ -38.566895, -3.741759, 0.0 ], [ -38.567044, -3.741588, 0.0 ], [ -38.567211, -3.741396, 0.0 ], [ -38.567566, -3.740937, 0.0 ], [ -38.567882, -3.74038, 0.0 ], [ -38.568227, -3.739926, 0.0 ], [ -38.568584, -3.739491, 0.0 ], [ -38.56897, -3.739009, 0.0 ], [ -38.569084, -3.738877, 0.0 ], [ -38.569183, -3.738702, 0.0 ], [ -38.569273, -3.738422, 0.0 ], [ -38.569286, -3.738316, 0.0 ], [ -38.569288, -3.7382, 0.0 ], [ -38.569277, -3.737962, 0.0 ], [ -38.56925, -3.737403, 0.0 ], [ -38.569238, -3.737168, 0.0 ], [ -38.569223, -3.73673, 0.0 ], [ -38.569767, -3.736821, 0.0 ], [ -38.571121, -3.736942, 0.0 ], [ -38.573319, -3.737196, 0.0 ], [ -38.573297, -3.737373, 0.0 ], [ -38.573301, -3.737396, 0.0 ], [ -38.573307, -3.737403, 0.0 ], [ -38.573319, -3.737411, 0.0 ], [ -38.573329, -3.737417, 0.0 ], [ -38.57334, -3.737423, 0.0 ], [ -38.573376, -3.737453, 0.0 ], [ -38.573391, -3.737467, 0.0 ], [ -38.573401, -3.737479, 0.0 ], [ -38.573416, -3.737503, 0.0 ], [ -38.573426, -3.737516, 0.0 ], [ -38.573436, -3.737525, 0.0 ], [ -38.57345, -3.737533, 0.0 ], [ -38.573469, -3.737542, 0.0 ], [ -38.573495, -3.737555, 0.0 ], [ -38.573524, -3.737568, 0.0 ], [ -38.573544, -3.737582, 0.0 ], [ -38.573558, -3.737597, 0.0 ], [ -38.573595, -3.737646, 0.0 ], [ -38.573705, -3.737794, 0.0 ], [ -38.573755, -3.737858, 0.0 ], [ -38.57379, -3.737891, 0.0 ], [ -38.573867, -3.737936, 0.0 ], [ -38.573894, -3.73795, 0.0 ], [ -38.573914, -3.737958, 0.0 ], [ -38.573935, -3.73796, 0.0 ], [ -38.573954, -3.73796, 0.0 ], [ -38.573967, -3.737958, 0.0 ], [ -38.573984, -3.73796, 0.0 ], [ -38.573994, -3.737965, 0.0 ], [ -38.574002, -3.737971, 0.0 ], [ -38.574017, -3.737988, 0.0 ], [ -38.574061, -3.738046, 0.0 ], [ -38.574115, -3.738109, 0.0 ], [ -38.574167, -3.738153, 0.0 ], [ -38.574233, -3.738191, 0.0 ], [ -38.574312, -3.738226, 0.0 ], [ -38.574419, -3.738261, 0.0 ], [ -38.574545, -3.738312, 0.0 ], [ -38.574642, -3.738347, 0.0 ], [ -38.574721, -3.738373, 0.0 ], [ -38.57477, -3.738393, 0.0 ], [ -38.574799, -3.738408, 0.0 ], [ -38.574833, -3.738434, 0.0 ], [ -38.574869, -3.738463, 0.0 ], [ -38.574982, -3.738514, 0.0 ], [ -38.575182, -3.738596, 0.0 ], [ -38.575298, -3.738642, 0.0 ], [ -38.575413, -3.738677, 0.0 ], [ -38.575625, -3.73873, 0.0 ], [ -38.57569, -3.738745, 0.0 ], [ -38.575759, -3.738748, 0.0 ], [ -38.575844, -3.738738, 0.0 ], [ -38.57592, -3.738723, 0.0 ], [ -38.575985, -3.738708, 0.0 ], [ -38.576038, -3.738698, 0.0 ], [ -38.576106, -3.738675, 0.0 ], [ -38.576161, -3.738661, 0.0 ], [ -38.576211, -3.738652, 0.0 ], [ -38.576256, -3.738654, 0.0 ], [ -38.576297, -3.738663, 0.0 ], [ -38.576344, -3.738681, 0.0 ], [ -38.576609, -3.738825, 0.0 ], [ -38.576944, -3.739025, 0.0 ], [ -38.577062, -3.739101, 0.0 ], [ -38.577178, -3.739199, 0.0 ], [ -38.577237, -3.739267, 0.0 ], [ -38.577288, -3.739328, 0.0 ], [ -38.577337, -3.73937, 0.0 ], [ -38.577395, -3.739404, 0.0 ], [ -38.577451, -3.739431, 0.0 ], [ -38.577621, -3.739543, 0.0 ], [ -38.577723, -3.739623, 0.0 ], [ -38.577826, -3.739715, 0.0 ], [ -38.57789, -3.739795, 0.0 ], [ -38.577992, -3.739952, 0.0 ], [ -38.578105, -3.740118, 0.0 ], [ -38.578161, -3.740178, 0.0 ], [ -38.57825, -3.740303, 0.0 ], [ -38.578329, -3.740468, 0.0 ], [ -38.57834, -3.740501, 0.0 ], [ -38.578345, -3.740534, 0.0 ], [ -38.578346, -3.740569, 0.0 ], [ -38.578353, -3.740592, 0.0 ], [ -38.578362, -3.740606, 0.0 ], [ -38.578373, -3.740619, 0.0 ], [ -38.57839, -3.740628, 0.0 ], [ -38.578418, -3.740641, 0.0 ], [ -38.578441, -3.740655, 0.0 ], [ -38.578459, -3.740674, 0.0 ], [ -38.578478, -3.740721, 0.0 ], [ -38.578513, -3.740818, 0.0 ], [ -38.578581, -3.740948, 0.0 ], [ -38.578634, -3.741013, 0.0 ], [ -38.578678, -3.741076, 0.0 ], [ -38.578719, -3.74116, 0.0 ], [ -38.578757, -3.741222, 0.0 ], [ -38.57881, -3.741269, 0.0 ], [ -38.578904, -3.741326, 0.0 ], [ -38.579194, -3.741456, 0.0 ], [ -38.579506, -3.741565, 0.0 ], [ -38.579813, -3.741656, 0.0 ], [ -38.579885, -3.741679, 0.0 ], [ -38.579927, -3.741696, 0.0 ], [ -38.580084, -3.741785, 0.0 ], [ -38.580132, -3.741806, 0.0 ], [ -38.580183, -3.741817, 0.0 ], [ -38.58038, -3.741824, 0.0 ], [ -38.580465, -3.741834, 0.0 ], [ -38.580527, -3.741847, 0.0 ], [ -38.580582, -3.741868, 0.0 ], [ -38.580644, -3.7419, 0.0 ], [ -38.580703, -3.741926, 0.0 ], [ -38.580761, -3.741946, 0.0 ], [ -38.580894, -3.741965, 0.0 ], [ -38.580951, -3.741973, 0.0 ], [ -38.581015, -3.741994, 0.0 ], [ -38.58121, -3.742059, 0.0 ], [ -38.581307, -3.742085, 0.0 ], [ -38.581417, -3.742104, 0.0 ], [ -38.581501, -3.742118, 0.0 ], [ -38.581614, -3.742148, 0.0 ], [ -38.581676, -3.74216, 0.0 ], [ -38.58174, -3.742164, 0.0 ], [ -38.58179, -3.742172, 0.0 ], [ -38.581834, -3.742187, 0.0 ], [ -38.581901, -3.742217, 0.0 ], [ -38.581949, -3.742244, 0.0 ], [ -38.582076, -3.742293, 0.0 ], [ -38.5821, -3.742297, 0.0 ], [ -38.582122, -3.742298, 0.0 ], [ -38.582166, -3.742295, 0.0 ], [ -38.5822, -3.742298, 0.0 ], [ -38.582225, -3.742305, 0.0 ], [ -38.582239, -3.742315, 0.0 ], [ -38.582255, -3.742332, 0.0 ], [ -38.582278, -3.742375, 0.0 ], [ -38.582321, -3.742453, 0.0 ], [ -38.58236, -3.742509, 0.0 ], [ -38.582411, -3.742574, 0.0 ], [ -38.582461, -3.742615, 0.0 ], [ -38.582501, -3.742633, 0.0 ], [ -38.582546, -3.742643, 0.0 ], [ -38.582573, -3.742647, 0.0 ], [ -38.582595, -3.742647, 0.0 ], [ -38.582612, -3.742644, 0.0 ], [ -38.582629, -3.742636, 0.0 ], [ -38.582644, -3.742626, 0.0 ], [ -38.582671, -3.742618, 0.0 ], [ -38.582698, -3.742618, 0.0 ], [ -38.582713, -3.74262, 0.0 ], [ -38.582729, -3.742627, 0.0 ], [ -38.582793, -3.742676, 0.0 ], [ -38.582813, -3.742693, 0.0 ], [ -38.58285, -3.742706, 0.0 ], [ -38.582876, -3.742722, 0.0 ], [ -38.5829, -3.742744, 0.0 ], [ -38.582921, -3.74277, 0.0 ], [ -38.582959, -3.74281, 0.0 ], [ -38.583028, -3.742859, 0.0 ], [ -38.58312, -3.742925, 0.0 ], [ -38.583164, -3.742942, 0.0 ], [ -38.583199, -3.742947, 0.0 ], [ -38.583215, -3.742946, 0.0 ], [ -38.583238, -3.742942, 0.0 ], [ -38.583261, -3.742931, 0.0 ], [ -38.583284, -3.742917, 0.0 ], [ -38.583314, -3.742906, 0.0 ], [ -38.58334, -3.742901, 0.0 ], [ -38.583399, -3.742903, 0.0 ], [ -38.583475, -3.74291, 0.0 ], [ -38.583556, -3.742927, 0.0 ], [ -38.583628, -3.74295, 0.0 ], [ -38.583726, -3.742996, 0.0 ], [ -38.58377, -3.743025, 0.0 ], [ -38.583863, -3.743107, 0.0 ], [ -38.583918, -3.743155, 0.0 ], [ -38.583971, -3.743218, 0.0 ], [ -38.58401, -3.743268, 0.0 ], [ -38.584036, -3.743296, 0.0 ], [ -38.584048, -3.743315, 0.0 ], [ -38.584063, -3.743346, 0.0 ], [ -38.584121, -3.743484, 0.0 ], [ -38.584133, -3.743513, 0.0 ], [ -38.584143, -3.743547, 0.0 ], [ -38.584168, -3.743613, 0.0 ], [ -38.58418, -3.743633, 0.0 ], [ -38.584199, -3.743656, 0.0 ], [ -38.58422, -3.743669, 0.0 ], [ -38.584238, -3.743687, 0.0 ], [ -38.584254, -3.743705, 0.0 ], [ -38.584308, -3.743806, 0.0 ], [ -38.58451, -3.744113, 0.0 ], [ -38.58456, -3.744198, 0.0 ], [ -38.58459, -3.744242, 0.0 ], [ -38.584698, -3.744342, 0.0 ], [ -38.584781, -3.744402, 0.0 ], [ -38.584857, -3.744422, 0.0 ], [ -38.584877, -3.744425, 0.0 ], [ -38.584969, -3.744439, 0.0 ], [ -38.585164, -3.744466, 0.0 ], [ -38.58518, -3.744474, 0.0 ], [ -38.585196, -3.744482, 0.0 ], [ -38.585207, -3.744491, 0.0 ], [ -38.58522, -3.744506, 0.0 ], [ -38.585234, -3.74452, 0.0 ], [ -38.585292, -3.744566, 0.0 ], [ -38.585362, -3.744629, 0.0 ], [ -38.585383, -3.744648, 0.0 ], [ -38.585398, -3.74467, 0.0 ], [ -38.585405, -3.744686, 0.0 ], [ -38.585434, -3.744794, 0.0 ], [ -38.585439, -3.744821, 0.0 ], [ -38.585445, -3.744839, 0.0 ], [ -38.585489, -3.744922, 0.0 ], [ -38.585499, -3.744947, 0.0 ], [ -38.585505, -3.744964, 0.0 ], [ -38.585508, -3.744985, 0.0 ], [ -38.585511, -3.745006, 0.0 ], [ -38.585518, -3.745023, 0.0 ], [ -38.585576, -3.745144, 0.0 ], [ -38.585582, -3.74516, 0.0 ], [ -38.58563, -3.745339, 0.0 ], [ -38.585637, -3.745356, 0.0 ], [ -38.585647, -3.74537, 0.0 ], [ -38.585723, -3.745454, 0.0 ], [ -38.585743, -3.745475, 0.0 ], [ -38.585757, -3.745492, 0.0 ], [ -38.585782, -3.74553, 0.0 ], [ -38.585799, -3.745551, 0.0 ], [ -38.585824, -3.745579, 0.0 ], [ -38.585847, -3.745611, 0.0 ], [ -38.585865, -3.745652, 0.0 ], [ -38.585871, -3.745693, 0.0 ], [ -38.585881, -3.745735, 0.0 ], [ -38.585888, -3.745757, 0.0 ], [ -38.585895, -3.745787, 0.0 ], [ -38.585939, -3.745893, 0.0 ], [ -38.585961, -3.745941, 0.0 ], [ -38.585979, -3.745982, 0.0 ], [ -38.585985, -3.746011, 0.0 ], [ -38.585989, -3.746051, 0.0 ], [ -38.585992, -3.74609, 0.0 ], [ -38.585998, -3.746118, 0.0 ], [ -38.586007, -3.746143, 0.0 ], [ -38.586017, -3.746157, 0.0 ], [ -38.586032, -3.746171, 0.0 ], [ -38.586041, -3.746182, 0.0 ], [ -38.586053, -3.746202, 0.0 ], [ -38.586066, -3.746228, 0.0 ], [ -38.586078, -3.746247, 0.0 ], [ -38.586097, -3.746263, 0.0 ], [ -38.58612, -3.746277, 0.0 ], [ -38.586196, -3.746348, 0.0 ], [ -38.586228, -3.746376, 0.0 ], [ -38.586242, -3.746398, 0.0 ], [ -38.586251, -3.746424, 0.0 ], [ -38.586259, -3.74645, 0.0 ], [ -38.586263, -3.74648, 0.0 ], [ -38.586271, -3.746519, 0.0 ], [ -38.586286, -3.746546, 0.0 ], [ -38.586309, -3.746575, 0.0 ], [ -38.58634, -3.746599, 0.0 ], [ -38.586477, -3.746666, 0.0 ], [ -38.586511, -3.746688, 0.0 ], [ -38.586535, -3.7467, 0.0 ], [ -38.586557, -3.746707, 0.0 ], [ -38.586572, -3.746711, 0.0 ], [ -38.586585, -3.746719, 0.0 ], [ -38.586593, -3.746727, 0.0 ], [ -38.586605, -3.746738, 0.0 ], [ -38.586626, -3.746749, 0.0 ], [ -38.586669, -3.746769, 0.0 ], [ -38.586696, -3.746786, 0.0 ], [ -38.586712, -3.7468, 0.0 ], [ -38.586728, -3.746815, 0.0 ], [ -38.586741, -3.746834, 0.0 ], [ -38.586748, -3.74685, 0.0 ], [ -38.586758, -3.746869, 0.0 ], [ -38.586821, -3.746943, 0.0 ], [ -38.586861, -3.746986, 0.0 ], [ -38.586892, -3.747028, 0.0 ], [ -38.586928, -3.747081, 0.0 ], [ -38.586993, -3.747144, 0.0 ], [ -38.587027, -3.747173, 0.0 ], [ -38.587076, -3.747196, 0.0 ], [ -38.587128, -3.747225, 0.0 ], [ -38.587173, -3.747254, 0.0 ], [ -38.587225, -3.747295, 0.0 ], [ -38.587295, -3.747339, 0.0 ], [ -38.58735, -3.747382, 0.0 ], [ -38.587384, -3.747418, 0.0 ], [ -38.587409, -3.747452, 0.0 ], [ -38.587425, -3.747467, 0.0 ], [ -38.58744, -3.747475, 0.0 ], [ -38.587463, -3.747479, 0.0 ], [ -38.587483, -3.747483, 0.0 ], [ -38.587501, -3.747493, 0.0 ], [ -38.587511, -3.747505, 0.0 ], [ -38.587521, -3.747528, 0.0 ], [ -38.58753, -3.747551, 0.0 ], [ -38.587553, -3.747581, 0.0 ], [ -38.587572, -3.747602, 0.0 ], [ -38.587699, -3.747757, 0.0 ], [ -38.587794, -3.747853, 0.0 ], [ -38.58784, -3.747885, 0.0 ], [ -38.587872, -3.747897, 0.0 ], [ -38.587904, -3.747904, 0.0 ], [ -38.587935, -3.747907, 0.0 ], [ -38.587971, -3.747919, 0.0 ], [ -38.587997, -3.747935, 0.0 ], [ -38.588051, -3.747988, 0.0 ], [ -38.588118, -3.748032, 0.0 ], [ -38.588237, -3.748097, 0.0 ], [ -38.588382, -3.748183, 0.0 ], [ -38.588457, -3.748237, 0.0 ], [ -38.588491, -3.748256, 0.0 ], [ -38.588515, -3.748264, 0.0 ], [ -38.588532, -3.748265, 0.0 ], [ -38.588558, -3.748261, 0.0 ], [ -38.588576, -3.748259, 0.0 ], [ -38.588603, -3.748263, 0.0 ], [ -38.588639, -3.74828, 0.0 ], [ -38.588678, -3.748316, 0.0 ], [ -38.588706, -3.748359, 0.0 ], [ -38.588728, -3.748399, 0.0 ], [ -38.588733, -3.748433, 0.0 ], [ -38.588742, -3.748473, 0.0 ], [ -38.588766, -3.748533, 0.0 ], [ -38.588785, -3.748575, 0.0 ], [ -38.588796, -3.74861, 0.0 ], [ -38.588819, -3.748635, 0.0 ], [ -38.588956, -3.748682, 0.0 ], [ -38.589148, -3.748708, 0.0 ], [ -38.589257, -3.748713, 0.0 ], [ -38.589359, -3.748714, 0.0 ], [ -38.589539, -3.748714, 0.0 ], [ -38.589769, -3.748702, 0.0 ], [ -38.589894, -3.748694, 0.0 ], [ -38.589957, -3.74868, 0.0 ], [ -38.590003, -3.748669, 0.0 ], [ -38.590044, -3.748663, 0.0 ], [ -38.590111, -3.748659, 0.0 ], [ -38.59016, -3.748653, 0.0 ], [ -38.590224, -3.748636, 0.0 ], [ -38.59033, -3.748607, 0.0 ], [ -38.590362, -3.748602, 0.0 ], [ -38.590403, -3.7486, 0.0 ], [ -38.590455, -3.748602, 0.0 ], [ -38.590497, -3.748596, 0.0 ], [ -38.590801, -3.748531, 0.0 ], [ -38.590897, -3.748508, 0.0 ], [ -38.590931, -3.748505, 0.0 ], [ -38.590985, -3.748505, 0.0 ], [ -38.591034, -3.7485, 0.0 ], [ -38.591088, -3.748488, 0.0 ], [ -38.591128, -3.748477, 0.0 ], [ -38.591178, -3.748474, 0.0 ], [ -38.591244, -3.748478, 0.0 ], [ -38.591298, -3.748479, 0.0 ], [ -38.591332, -3.748475, 0.0 ], [ -38.591369, -3.748467, 0.0 ], [ -38.5914, -3.748457, 0.0 ], [ -38.591432, -3.748444, 0.0 ], [ -38.591464, -3.748431, 0.0 ], [ -38.59149, -3.748423, 0.0 ], [ -38.591509, -3.74842, 0.0 ], [ -38.591534, -3.74842, 0.0 ], [ -38.591569, -3.748417, 0.0 ], [ -38.591596, -3.748417, 0.0 ], [ -38.591651, -3.748419, 0.0 ], [ -38.591682, -3.748419, 0.0 ], [ -38.591708, -3.748416, 0.0 ], [ -38.591751, -3.748401, 0.0 ], [ -38.591776, -3.748393, 0.0 ], [ -38.591792, -3.748389, 0.0 ], [ -38.591816, -3.748386, 0.0 ], [ -38.591861, -3.748383, 0.0 ], [ -38.591903, -3.748382, 0.0 ], [ -38.591972, -3.748381, 0.0 ], [ -38.592064, -3.74838, 0.0 ], [ -38.592126, -3.748375, 0.0 ], [ -38.592204, -3.748363, 0.0 ], [ -38.592284, -3.748346, 0.0 ], [ -38.592369, -3.748318, 0.0 ], [ -38.592443, -3.74829, 0.0 ], [ -38.592507, -3.748267, 0.0 ], [ -38.592889, -3.748121, 0.0 ], [ -38.592933, -3.748108, 0.0 ], [ -38.592971, -3.748099, 0.0 ], [ -38.593074, -3.748081, 0.0 ], [ -38.593213, -3.748063, 0.0 ], [ -38.593233, -3.748061, 0.0 ], [ -38.593251, -3.748061, 0.0 ], [ -38.593269, -3.748061, 0.0 ], [ -38.593294, -3.748066, 0.0 ], [ -38.593322, -3.748069, 0.0 ], [ -38.593353, -3.748071, 0.0 ], [ -38.593406, -3.748074, 0.0 ], [ -38.593449, -3.748078, 0.0 ], [ -38.593484, -3.748079, 0.0 ], [ -38.593521, -3.748076, 0.0 ], [ -38.593571, -3.74807, 0.0 ], [ -38.593629, -3.748061, 0.0 ], [ -38.593672, -3.748054, 0.0 ], [ -38.593727, -3.748048, 0.0 ], [ -38.593758, -3.748046, 0.0 ], [ -38.593792, -3.748042, 0.0 ], [ -38.593846, -3.74803, 0.0 ], [ -38.593891, -3.748016, 0.0 ], [ -38.593939, -3.748002, 0.0 ], [ -38.593988, -3.747985, 0.0 ], [ -38.594025, -3.747972, 0.0 ], [ -38.59415, -3.747937, 0.0 ], [ -38.594219, -3.747925, 0.0 ], [ -38.594296, -3.747909, 0.0 ], [ -38.59436, -3.747902, 0.0 ], [ -38.594487, -3.747897, 0.0 ], [ -38.594714, -3.747886, 0.0 ], [ -38.594873, -3.74787, 0.0 ], [ -38.595027, -3.747849, 0.0 ], [ -38.595128, -3.747832, 0.0 ], [ -38.595194, -3.747825, 0.0 ], [ -38.595269, -3.747821, 0.0 ], [ -38.595343, -3.747825, 0.0 ], [ -38.595385, -3.747835, 0.0 ], [ -38.595416, -3.747848, 0.0 ], [ -38.595439, -3.74787, 0.0 ], [ -38.595462, -3.747904, 0.0 ], [ -38.595474, -3.747935, 0.0 ], [ -38.59548, -3.747962, 0.0 ], [ -38.595491, -3.747995, 0.0 ], [ -38.595513, -3.748042, 0.0 ], [ -38.59554, -3.748083, 0.0 ], [ -38.595576, -3.748118, 0.0 ], [ -38.595611, -3.748142, 0.0 ], [ -38.595639, -3.748156, 0.0 ], [ -38.59567, -3.748165, 0.0 ], [ -38.595697, -3.748172, 0.0 ], [ -38.59572, -3.748174, 0.0 ], [ -38.595757, -3.748171, 0.0 ], [ -38.595814, -3.748165, 0.0 ], [ -38.595877, -3.748153, 0.0 ], [ -38.595941, -3.748138, 0.0 ], [ -38.595994, -3.748116, 0.0 ], [ -38.596032, -3.748091, 0.0 ], [ -38.596067, -3.748068, 0.0 ], [ -38.596239, -3.747912, 0.0 ], [ -38.596352, -3.747825, 0.0 ], [ -38.596496, -3.747721, 0.0 ], [ -38.596565, -3.747685, 0.0 ], [ -38.596612, -3.747669, 0.0 ], [ -38.596654, -3.747659, 0.0 ], [ -38.596698, -3.747656, 0.0 ], [ -38.596757, -3.747662, 0.0 ], [ -38.5968, -3.747669, 0.0 ], [ -38.596848, -3.74768, 0.0 ], [ -38.596902, -3.747693, 0.0 ], [ -38.596993, -3.7477, 0.0 ], [ -38.597118, -3.747704, 0.0 ], [ -38.597223, -3.747707, 0.0 ], [ -38.597329, -3.747712, 0.0 ], [ -38.597396, -3.747716, 0.0 ], [ -38.597471, -3.747711, 0.0 ], [ -38.597541, -3.747697, 0.0 ], [ -38.597641, -3.747667, 0.0 ], [ -38.597733, -3.747644, 0.0 ], [ -38.597827, -3.747625, 0.0 ], [ -38.598001, -3.747572, 0.0 ], [ -38.59802, -3.747571, 0.0 ], [ -38.598047, -3.747574, 0.0 ], [ -38.598076, -3.747574, 0.0 ], [ -38.598106, -3.747574, 0.0 ], [ -38.598139, -3.74757, 0.0 ], [ -38.598178, -3.747561, 0.0 ], [ -38.598221, -3.747545, 0.0 ], [ -38.59826, -3.747526, 0.0 ], [ -38.598297, -3.747505, 0.0 ], [ -38.598328, -3.74748, 0.0 ], [ -38.598352, -3.747454, 0.0 ], [ -38.598372, -3.74743, 0.0 ], [ -38.598385, -3.747409, 0.0 ], [ -38.598397, -3.747386, 0.0 ], [ -38.598414, -3.747353, 0.0 ], [ -38.598433, -3.74731, 0.0 ], [ -38.598451, -3.747272, 0.0 ], [ -38.598467, -3.747245, 0.0 ], [ -38.59848, -3.747228, 0.0 ], [ -38.598527, -3.747171, 0.0 ], [ -38.598605, -3.747085, 0.0 ], [ -38.598613, -3.747009, 0.0 ], [ -38.598616, -3.746957, 0.0 ], [ -38.598615, -3.746883, 0.0 ], [ -38.59861, -3.746829, 0.0 ], [ -38.598599, -3.746767, 0.0 ], [ -38.59858, -3.746709, 0.0 ], [ -38.59856, -3.746663, 0.0 ], [ -38.598538, -3.74663, 0.0 ], [ -38.598512, -3.746599, 0.0 ], [ -38.598474, -3.74656, 0.0 ], [ -38.598372, -3.746465, 0.0 ], [ -38.598328, -3.746425, 0.0 ], [ -38.598291, -3.746399, 0.0 ], [ -38.597915, -3.746205, 0.0 ], [ -38.59789, -3.746188, 0.0 ], [ -38.597859, -3.746161, 0.0 ], [ -38.59783, -3.746131, 0.0 ], [ -38.597802, -3.746089, 0.0 ], [ -38.597778, -3.746037, 0.0 ], [ -38.597712, -3.74586, 0.0 ], [ -38.597631, -3.745629, 0.0 ], [ -38.597585, -3.745463, 0.0 ], [ -38.597546, -3.745273, 0.0 ], [ -38.597496, -3.744916, 0.0 ], [ -38.597491, -3.744805, 0.0 ], [ -38.597499, -3.74475, 0.0 ], [ -38.597534, -3.744652, 0.0 ], [ -38.59758, -3.744584, 0.0 ], [ -38.597689, -3.74445, 0.0 ], [ -38.597865, -3.744225, 0.0 ], [ -38.597913, -3.744148, 0.0 ], [ -38.597963, -3.744056, 0.0 ], [ -38.598012, -3.743957, 0.0 ], [ -38.598028, -3.743893, 0.0 ], [ -38.598034, -3.743831, 0.0 ], [ -38.598029, -3.743745, 0.0 ], [ -38.598009, -3.743444, 0.0 ], [ -38.598013, -3.743376, 0.0 ], [ -38.598024, -3.743326, 0.0 ], [ -38.598043, -3.743263, 0.0 ], [ -38.598079, -3.743203, 0.0 ], [ -38.598256, -3.74298, 0.0 ], [ -38.598513, -3.742738, 0.0 ], [ -38.598759, -3.742483, 0.0 ], [ -38.598926, -3.742236, 0.0 ], [ -38.598925, -3.742232, 0.0 ], [ -38.599176, -3.74195, 0.0 ], [ -38.599188, -3.74193, 0.0 ], [ -38.599248, -3.741866, 0.0 ], [ -38.599324, -3.741809, 0.0 ], [ -38.599376, -3.741762, 0.0 ], [ -38.599429, -3.741703, 0.0 ], [ -38.599456, -3.74168, 0.0 ], [ -38.599508, -3.741653, 0.0 ], [ -38.599597, -3.741614, 0.0 ], [ -38.599711, -3.741582, 0.0 ], [ -38.599812, -3.741547, 0.0 ], [ -38.599847, -3.741532, 0.0 ], [ -38.599862, -3.74152, 0.0 ], [ -38.599906, -3.741513, 0.0 ], [ -38.600047, -3.741505, 0.0 ], [ -38.600085, -3.741505, 0.0 ], [ -38.600161, -3.741523, 0.0 ], [ -38.600203, -3.74153, 0.0 ], [ -38.600245, -3.741557, 0.0 ], [ -38.600268, -3.741579, 0.0 ], [ -38.600305, -3.741607, 0.0 ], [ -38.600342, -3.741626, 0.0 ], [ -38.600357, -3.741639, 0.0 ], [ -38.600389, -3.741676, 0.0 ], [ -38.600416, -3.741703, 0.0 ], [ -38.600463, -3.741733, 0.0 ], [ -38.600557, -3.74174, 0.0 ], [ -38.600589, -3.74174, 0.0 ], [ -38.600604, -3.741743, 0.0 ], [ -38.600721, -3.741737, 0.0 ], [ -38.600753, -3.741732, 0.0 ], [ -38.600778, -3.741725, 0.0 ], [ -38.600844, -3.741698, 0.0 ], [ -38.600914, -3.741648, 0.0 ], [ -38.600976, -3.741589, 0.0 ], [ -38.601018, -3.741557, 0.0 ], [ -38.601053, -3.741515, 0.0 ], [ -38.601085, -3.741468, 0.0 ], [ -38.60111, -3.741423, 0.0 ], [ -38.601184, -3.741268, 0.0 ], [ -38.6012, -3.741198, 0.0 ], [ -38.601198, -3.741148, 0.0 ], [ -38.601198, -3.741146, 0.0 ], [ -38.601194, -3.741107, 0.0 ], [ -38.6012, -3.741088, 0.0 ], [ -38.601198, -3.741076, 0.0 ], [ -38.601233, -3.740876, 0.0 ], [ -38.601468, -3.740328, 0.0 ], [ -38.601483, -3.740301, 0.0 ], [ -38.6015, -3.740249, 0.0 ], [ -38.601522, -3.740155, 0.0 ], [ -38.601524, -3.740125, 0.0 ], [ -38.601551, -3.740009, 0.0 ], [ -38.601556, -3.739975, 0.0 ], [ -38.601576, -3.739906, 0.0 ], [ -38.601596, -3.739844, 0.0 ], [ -38.601598, -3.739785, 0.0 ], [ -38.601621, -3.739671, 0.0 ], [ -38.601628, -3.739617, 0.0 ], [ -38.601643, -3.73956, 0.0 ], [ -38.601653, -3.7395, 0.0 ], [ -38.601677, -3.739248, 0.0 ], [ -38.601677, -3.739231, 0.0 ], [ -38.601688, -3.739113, 0.0 ], [ -38.601702, -3.739021, 0.0 ], [ -38.601705, -3.738964, 0.0 ], [ -38.60171, -3.738912, 0.0 ], [ -38.60171, -3.738838, 0.0 ], [ -38.601712, -3.738771, 0.0 ], [ -38.601712, -3.738673, 0.0 ], [ -38.601717, -3.738584, 0.0 ], [ -38.601719, -3.738505, 0.0 ], [ -38.601717, -3.738465, 0.0 ], [ -38.60171, -3.738401, 0.0 ], [ -38.601695, -3.738312, 0.0 ], [ -38.601692, -3.738181, 0.0 ], [ -38.60165, -3.738017, 0.0 ], [ -38.60164, -3.737955, 0.0 ], [ -38.601648, -3.737738, 0.0 ], [ -38.601653, -3.737679, 0.0 ], [ -38.601653, -3.737629, 0.0 ], [ -38.60166, -3.737563, 0.0 ], [ -38.601672, -3.737508, 0.0 ], [ -38.601695, -3.737442, 0.0 ], [ -38.601712, -3.737409, 0.0 ], [ -38.601744, -3.737365, 0.0 ], [ -38.601786, -3.737318, 0.0 ], [ -38.601821, -3.737288, 0.0 ], [ -38.6019, -3.737231, 0.0 ], [ -38.60194, -3.737214, 0.0 ], [ -38.602037, -3.737184, 0.0 ], [ -38.602087, -3.737151, 0.0 ], [ -38.602231, -3.737074, 0.0 ], [ -38.602253, -3.737052, 0.0 ], [ -38.602278, -3.737018, 0.0 ], [ -38.602295, -3.736983, 0.0 ], [ -38.6023, -3.736939, 0.0 ], [ -38.6023, -3.736892, 0.0 ], [ -38.602287, -3.736862, 0.0 ], [ -38.602265, -3.736815, 0.0 ], [ -38.602245, -3.73678, 0.0 ], [ -38.602208, -3.736748, 0.0 ], [ -38.602155, -3.736706, 0.0 ], [ -38.602087, -3.736626, 0.0 ], [ -38.602064, -3.736592, 0.0 ], [ -38.602011, -3.736529, 0.0 ], [ -38.601896, -3.736397, 0.0 ], [ -38.6018, -3.736269, 0.0 ], [ -38.601546, -3.735859, 0.0 ], [ -38.601521, -3.735785, 0.0 ], [ -38.601481, -3.735679, 0.0 ], [ -38.601434, -3.735533, 0.0 ], [ -38.601405, -3.735459, 0.0 ], [ -38.60138, -3.735392, 0.0 ], [ -38.601318, -3.735252, 0.0 ], [ -38.601288, -3.735153, 0.0 ], [ -38.601165, -3.734816, 0.0 ], [ -38.601155, -3.734781, 0.0 ], [ -38.601147, -3.734692, 0.0 ], [ -38.601137, -3.734628, 0.0 ], [ -38.601135, -3.734576, 0.0 ], [ -38.601135, -3.734517, 0.0 ], [ -38.601137, -3.734452, 0.0 ], [ -38.601172, -3.734393, 0.0 ], [ -38.601229, -3.734329, 0.0 ], [ -38.601239, -3.734321, 0.0 ], [ -38.601303, -3.73425, 0.0 ], [ -38.601363, -3.734195, 0.0 ], [ -38.601415, -3.734171, 0.0 ], [ -38.601536, -3.734124, 0.0 ], [ -38.601603, -3.734094, 0.0 ], [ -38.601744, -3.734042, 0.0 ], [ -38.601789, -3.734018, 0.0 ], [ -38.601843, -3.733993, 0.0 ], [ -38.601905, -3.733966, 0.0 ], [ -38.601957, -3.733946, 0.0 ], [ -38.602014, -3.733904, 0.0 ], [ -38.602051, -3.733867, 0.0 ], [ -38.602105, -3.733822, 0.0 ], [ -38.602187, -3.733726, 0.0 ], [ -38.602227, -3.733674, 0.0 ], [ -38.602301, -3.733564, 0.0 ], [ -38.602335, -3.733519, 0.0 ], [ -38.602461, -3.733378, 0.0 ], [ -38.602509, -3.733329, 0.0 ], [ -38.602541, -3.733287, 0.0 ], [ -38.602585, -3.733245, 0.0 ], [ -38.602635, -3.733203, 0.0 ], [ -38.602828, -3.733083, 0.0 ], [ -38.602966, -3.732958, 0.0 ], [ -38.603009, -3.732889, 0.0 ], [ -38.603045, -3.732819, 0.0 ], [ -38.603115, -3.732768, 0.0 ], [ -38.603177, -3.732694, 0.0 ], [ -38.603202, -3.732662, 0.0 ], [ -38.603278, -3.732583, 0.0 ], [ -38.603318, -3.732531, 0.0 ], [ -38.6034, -3.732497, 0.0 ], [ -38.603444, -3.732469, 0.0 ], [ -38.603477, -3.73244, 0.0 ], [ -38.603538, -3.732375, 0.0 ], [ -38.603561, -3.732346, 0.0 ], [ -38.603593, -3.732294, 0.0 ], [ -38.60363, -3.732247, 0.0 ], [ -38.603647, -3.732232, 0.0 ], [ -38.604249, -3.731162, 0.0 ], [ -38.604577, -3.730559, 0.0 ], [ -38.604639, -3.730293, 0.0 ], [ -38.604614, -3.730103, 0.0 ], [ -38.604642, -3.729972, 0.0 ], [ -38.604751, -3.729504, 0.0 ], [ -38.60483, -3.729282, 0.0 ], [ -38.605073, -3.72901, 0.0 ], [ -38.605317, -3.728684, 0.0 ], [ -38.605779, -3.727972, 0.0 ], [ -38.605876, -3.727727, 0.0 ], [ -38.605905, -3.727463, 0.0 ], [ -38.60592, -3.72725, 0.0 ], [ -38.605992, -3.727072, 0.0 ], [ -38.606096, -3.726986, 0.0 ], [ -38.60619, -3.726914, 0.0 ], [ -38.606294, -3.726879, 0.0 ], [ -38.60634, -3.726878, 0.0 ], [ -38.606407, -3.726869, 0.0 ], [ -38.606502, -3.726871, 0.0 ], [ -38.606617, -3.726875, 0.0 ], [ -38.606752, -3.726871, 0.0 ], [ -38.606854, -3.726807, 0.0 ], [ -38.606934, -3.726749, 0.0 ], [ -38.606992, -3.726692, 0.0 ], [ -38.607074, -3.726631, 0.0 ], [ -38.607127, -3.726594, 0.0 ], [ -38.607184, -3.726551, 0.0 ], [ -38.607261, -3.726505, 0.0 ], [ -38.607332, -3.726446, 0.0 ], [ -38.607401, -3.726396, 0.0 ], [ -38.607473, -3.726364, 0.0 ], [ -38.607556, -3.726309, 0.0 ], [ -38.60761, -3.726265, 0.0 ], [ -38.607672, -3.726227, 0.0 ], [ -38.607733, -3.726193, 0.0 ], [ -38.6078, -3.726142, 0.0 ], [ -38.607841, -3.726122, 0.0 ], [ -38.607962, -3.726035, 0.0 ], [ -38.607999, -3.726003, 0.0 ], [ -38.608082, -3.725963, 0.0 ], [ -38.60815, -3.725933, 0.0 ], [ -38.608218, -3.725894, 0.0 ], [ -38.60828, -3.725853, 0.0 ], [ -38.608379, -3.7258, 0.0 ], [ -38.608465, -3.725745, 0.0 ], [ -38.608518, -3.72569, 0.0 ], [ -38.608563, -3.725654, 0.0 ], [ -38.608671, -3.725583, 0.0 ], [ -38.608698, -3.725551, 0.0 ], [ -38.608707, -3.725507, 0.0 ], [ -38.608704, -3.725467, 0.0 ], [ -38.608707, -3.725383, 0.0 ], [ -38.608653, -3.725294, 0.0 ], [ -38.608605, -3.725242, 0.0 ], [ -38.608587, -3.725187, 0.0 ], [ -38.608605, -3.725124, 0.0 ], [ -38.608647, -3.725039, 0.0 ], [ -38.608758, -3.724949, 0.0 ], [ -38.608846, -3.724902, 0.0 ], [ -38.608931, -3.724854, 0.0 ], [ -38.608943, -3.724842, 0.0 ], [ -38.608964, -3.724826, 0.0 ], [ -38.609004, -3.72482, 0.0 ], [ -38.609011, -3.724812, 0.0 ], [ -38.609048, -3.72479, 0.0 ], [ -38.609056, -3.724779, 0.0 ], [ -38.609129, -3.724706, 0.0 ], [ -38.60925, -3.724653, 0.0 ], [ -38.609295, -3.724626, 0.0 ], [ -38.609317, -3.724543, 0.0 ], [ -38.609334, -3.724456, 0.0 ], [ -38.609344, -3.724367, 0.0 ], [ -38.609345, -3.724279, 0.0 ], [ -38.609345, -3.724193, 0.0 ], [ -38.60936, -3.724109, 0.0 ], [ -38.609426, -3.724024, 0.0 ], [ -38.609519, -3.723989, 0.0 ], [ -38.609658, -3.723979, 0.0 ], [ -38.609692, -3.723997, 0.0 ], [ -38.60975, -3.724039, 0.0 ], [ -38.609824, -3.724068, 0.0 ], [ -38.609821, -3.724094, 0.0 ], [ -38.609824, -3.724103, 0.0 ], [ -38.609848, -3.724144, 0.0 ], [ -38.609958, -3.724178, 0.0 ], [ -38.610025, -3.72422, 0.0 ], [ -38.610108, -3.724238, 0.0 ], [ -38.610179, -3.724229, 0.0 ], [ -38.610238, -3.724187, 0.0 ], [ -38.610273, -3.724105, 0.0 ], [ -38.610285, -3.724049, 0.0 ], [ -38.610279, -3.72399, 0.0 ], [ -38.610275, -3.723892, 0.0 ], [ -38.61028, -3.723819, 0.0 ], [ -38.61028, -3.723755, 0.0 ], [ -38.610303, -3.723705, 0.0 ], [ -38.610374, -3.723626, 0.0 ], [ -38.610445, -3.723551, 0.0 ], [ -38.610508, -3.723521, 0.0 ], [ -38.610584, -3.723528, 0.0 ], [ -38.610696, -3.723576, 0.0 ], [ -38.610754, -3.723598, 0.0 ], [ -38.61078, -3.723618, 0.0 ], [ -38.610843, -3.723597, 0.0 ], [ -38.610929, -3.72362, 0.0 ], [ -38.611061, -3.723605, 0.0 ], [ -38.611193, -3.723571, 0.0 ], [ -38.61121, -3.723564, 0.0 ], [ -38.611313, -3.72353, 0.0 ], [ -38.611377, -3.723452, 0.0 ], [ -38.611491, -3.723331, 0.0 ], [ -38.611574, -3.723251, 0.0 ], [ -38.611634, -3.723196, 0.0 ], [ -38.611763, -3.723132, 0.0 ], [ -38.611838, -3.723101, 0.0 ], [ -38.611923, -3.723089, 0.0 ], [ -38.612005, -3.723086, 0.0 ], [ -38.61212, -3.723073, 0.0 ], [ -38.612199, -3.723059, 0.0 ], [ -38.612311, -3.723028, 0.0 ], [ -38.612397, -3.722981, 0.0 ], [ -38.612413, -3.72297, 0.0 ], [ -38.61245, -3.722957, 0.0 ], [ -38.612562, -3.722911, 0.0 ], [ -38.612566, -3.722906, 0.0 ], [ -38.612618, -3.722862, 0.0 ], [ -38.612721, -3.722788, 0.0 ], [ -38.612817, -3.722714, 0.0 ], [ -38.613007, -3.722651, 0.0 ], [ -38.61307, -3.722611, 0.0 ], [ -38.613162, -3.722515, 0.0 ], [ -38.613261, -3.722469, 0.0 ], [ -38.61334, -3.722448, 0.0 ], [ -38.61343, -3.72243, 0.0 ], [ -38.613497, -3.722408, 0.0 ], [ -38.61359, -3.722394, 0.0 ], [ -38.61368, -3.722385, 0.0 ], [ -38.613778, -3.722386, 0.0 ], [ -38.613952, -3.722416, 0.0 ], [ -38.614207, -3.722525, 0.0 ], [ -38.614245, -3.722571, 0.0 ], [ -38.614313, -3.722618, 0.0 ], [ -38.614416, -3.722686, 0.0 ], [ -38.614451, -3.722717, 0.0 ], [ -38.614498, -3.722735, 0.0 ], [ -38.614519, -3.722747, 0.0 ], [ -38.614598, -3.722766, 0.0 ], [ -38.614619, -3.722773, 0.0 ], [ -38.614699, -3.722783, 0.0 ], [ -38.614774, -3.722776, 0.0 ], [ -38.614805, -3.72274, 0.0 ], [ -38.614849, -3.722703, 0.0 ], [ -38.614894, -3.722672, 0.0 ], [ -38.614985, -3.722536, 0.0 ], [ -38.615028, -3.722454, 0.0 ], [ -38.615037, -3.722367, 0.0 ], [ -38.615042, -3.722269, 0.0 ], [ -38.615039, -3.722125, 0.0 ], [ -38.615035, -3.721868, 0.0 ], [ -38.615045, -3.721809, 0.0 ], [ -38.615091, -3.721714, 0.0 ], [ -38.615126, -3.721652, 0.0 ], [ -38.615213, -3.721536, 0.0 ], [ -38.615257, -3.721487, 0.0 ], [ -38.615355, -3.721437, 0.0 ], [ -38.615432, -3.721409, 0.0 ], [ -38.615446, -3.721402, 0.0 ], [ -38.615492, -3.721374, 0.0 ], [ -38.615534, -3.721335, 0.0 ], [ -38.615565, -3.721302, 0.0 ], [ -38.615617, -3.721257, 0.0 ], [ -38.615717, -3.7212, 0.0 ], [ -38.615758, -3.721169, 0.0 ], [ -38.615913, -3.721039, 0.0 ], [ -38.615951, -3.72098, 0.0 ], [ -38.615994, -3.720925, 0.0 ], [ -38.616065, -3.720873, 0.0 ], [ -38.616122, -3.720828, 0.0 ], [ -38.616191, -3.72079, 0.0 ], [ -38.616263, -3.720764, 0.0 ], [ -38.616337, -3.720747, 0.0 ], [ -38.616432, -3.720737, 0.0 ], [ -38.616526, -3.720735, 0.0 ], [ -38.616595, -3.720734, 0.0 ], [ -38.616655, -3.720739, 0.0 ], [ -38.616701, -3.720751, 0.0 ], [ -38.616851, -3.720869, 0.0 ], [ -38.616865, -3.720878, 0.0 ], [ -38.616937, -3.720936, 0.0 ], [ -38.61698, -3.720978, 0.0 ], [ -38.617023, -3.721026, 0.0 ], [ -38.617042, -3.721043, 0.0 ], [ -38.617081, -3.721131, 0.0 ], [ -38.617086, -3.721153, 0.0 ], [ -38.617086, -3.721162, 0.0 ], [ -38.61711, -3.721248, 0.0 ], [ -38.617112, -3.721327, 0.0 ], [ -38.617105, -3.721442, 0.0 ], [ -38.617083, -3.721535, 0.0 ], [ -38.617059, -3.721669, 0.0 ], [ -38.617057, -3.721714, 0.0 ], [ -38.617057, -3.721771, 0.0 ], [ -38.617066, -3.721817, 0.0 ], [ -38.617093, -3.721905, 0.0 ], [ -38.617126, -3.721972, 0.0 ], [ -38.617171, -3.722033, 0.0 ], [ -38.617212, -3.722076, 0.0 ], [ -38.617269, -3.722086, 0.0 ], [ -38.617389, -3.722098, 0.0 ], [ -38.617449, -3.7221, 0.0 ], [ -38.617506, -3.722096, 0.0 ], [ -38.617564, -3.722041, 0.0 ], [ -38.617615, -3.72198, 0.0 ], [ -38.617647, -3.721913, 0.0 ], [ -38.617683, -3.721842, 0.0 ], [ -38.617722, -3.721732, 0.0 ], [ -38.617755, -3.721632, 0.0 ], [ -38.617816, -3.721543, 0.0 ], [ -38.617844, -3.721495, 0.0 ], [ -38.617898, -3.721428, 0.0 ], [ -38.617943, -3.721337, 0.0 ], [ -38.617966, -3.721275, 0.0 ], [ -38.618005, -3.721156, 0.0 ], [ -38.618023, -3.721042, 0.0 ], [ -38.618044, -3.720759, 0.0 ], [ -38.618036, -3.720695, 0.0 ], [ -38.618035, -3.720638, 0.0 ], [ -38.618013, -3.720552, 0.0 ], [ -38.617991, -3.720493, 0.0 ], [ -38.617972, -3.720422, 0.0 ], [ -38.617955, -3.720372, 0.0 ], [ -38.617926, -3.720325, 0.0 ], [ -38.617858, -3.720256, 0.0 ], [ -38.617797, -3.720216, 0.0 ], [ -38.617652, -3.720147, 0.0 ], [ -38.617612, -3.720139, 0.0 ], [ -38.617546, -3.720146, 0.0 ], [ -38.617481, -3.720156, 0.0 ], [ -38.617407, -3.720177, 0.0 ], [ -38.61735, -3.720187, 0.0 ], [ -38.617243, -3.720189, 0.0 ], [ -38.617164, -3.72017, 0.0 ], [ -38.617054, -3.720129, 0.0 ], [ -38.616966, -3.720088, 0.0 ], [ -38.616891, -3.720045, 0.0 ], [ -38.616855, -3.720014, 0.0 ], [ -38.616717, -3.719762, 0.0 ], [ -38.616726, -3.719566, 0.0 ], [ -38.61688, -3.719295, 0.0 ], [ -38.616953, -3.719213, 0.0 ], [ -38.617009, -3.719143, 0.0 ], [ -38.617069, -3.719041, 0.0 ], [ -38.617113, -3.718978, 0.0 ], [ -38.617147, -3.718937, 0.0 ], [ -38.617164, -3.71892, 0.0 ], [ -38.617181, -3.718898, 0.0 ], [ -38.617186, -3.718889, 0.0 ], [ -38.617212, -3.718858, 0.0 ], [ -38.617227, -3.718836, 0.0 ], [ -38.617265, -3.71881, 0.0 ], [ -38.617267, -3.718809, 0.0 ], [ -38.611539, -3.720668, 0.0 ], [ -38.606259, -3.72248, 0.0 ], [ -38.605964, -3.722563, 0.0 ], [ -38.605742, -3.722633, 0.0 ], [ -38.605541, -3.722689, 0.0 ], [ -38.605441, -3.722717, 0.0 ], [ -38.60536, -3.722732, 0.0 ], [ -38.605338, -3.722655, 0.0 ], [ -38.605238, -3.722683, 0.0 ], [ -38.60174, -3.723712, 0.0 ], [ -38.599697, -3.724299, 0.0 ], [ -38.597689, -3.724887, 0.0 ], [ -38.597583, -3.724924, 0.0 ], [ -38.597002, -3.725096, 0.0 ], [ -38.596167, -3.725342, 0.0 ], [ -38.596089, -3.725365, 0.0 ], [ -38.595571, -3.725513, 0.0 ], [ -38.593559, -3.726103, 0.0 ], [ -38.59154, -3.726687, 0.0 ], [ -38.589466, -3.727293, 0.0 ], [ -38.588732, -3.727508, 0.0 ], [ -38.58803, -3.727717, 0.0 ], [ -38.587349, -3.727926, 0.0 ], [ -38.586656, -3.728139, 0.0 ], [ -38.585934, -3.728364, 0.0 ], [ -38.584976, -3.728634, 0.0 ], [ -38.584963, -3.728705, 0.0 ], [ -38.584938, -3.728829, 0.0 ], [ -38.584922, -3.728925, 0.0 ], [ -38.584897, -3.729061, 0.0 ], [ -38.584872, -3.729233, 0.0 ], [ -38.584857, -3.729343, 0.0 ], [ -38.584836, -3.729506, 0.0 ], [ -38.584807, -3.729737, 0.0 ], [ -38.584793, -3.729869, 0.0 ], [ -38.584766, -3.730087, 0.0 ], [ -38.584745, -3.730269, 0.0 ], [ -38.584735, -3.730358, 0.0 ], [ -38.584723, -3.730469, 0.0 ], [ -38.58471, -3.730575, 0.0 ], [ -38.584692, -3.730719, 0.0 ], [ -38.58468, -3.730818, 0.0 ], [ -38.584666, -3.730936, 0.0 ], [ -38.584609, -3.731424, 0.0 ], [ -38.584599, -3.731515, 0.0 ], [ -38.584592, -3.731559, 0.0 ], [ -38.584584, -3.731616, 0.0 ], [ -38.584526, -3.731591, 0.0 ], [ -38.584174, -3.731435, 0.0 ], [ -38.583317, -3.731054, 0.0 ], [ -38.58261, -3.73074, 0.0 ], [ -38.581818, -3.730388, 0.0 ], [ -38.5818, -3.730381, 0.0 ], [ -38.581171, -3.730101, 0.0 ], [ -38.58074, -3.729909, 0.0 ], [ -38.580513, -3.729809, 0.0 ], [ -38.580057, -3.729606, 0.0 ], [ -38.579043, -3.729155, 0.0 ], [ -38.578542, -3.728932, 0.0 ], [ -38.57751, -3.728474, 0.0 ], [ -38.577218, -3.728344, 0.0 ], [ -38.576984, -3.728244, 0.0 ], [ -38.576797, -3.728157, 0.0 ], [ -38.575588, -3.727621, 0.0 ], [ -38.575313, -3.727498, 0.0 ], [ -38.57513, -3.727417, 0.0 ], [ -38.574973, -3.727347, 0.0 ], [ -38.574331, -3.727064, 0.0 ], [ -38.573842, -3.726846, 0.0 ], [ -38.573472, -3.72668, 0.0 ], [ -38.573325, -3.726615, 0.0 ], [ -38.573103, -3.726518, 0.0 ], [ -38.572842, -3.726402, 0.0 ], [ -38.572645, -3.726315, 0.0 ], [ -38.572436, -3.72622, 0.0 ], [ -38.572211, -3.726119, 0.0 ], [ -38.572077, -3.726058, 0.0 ], [ -38.571888, -3.725969, 0.0 ], [ -38.571845, -3.725947, 0.0 ], [ -38.571803, -3.725925, 0.0 ], [ -38.571761, -3.725902, 0.0 ], [ -38.571719, -3.725878, 0.0 ], [ -38.571678, -3.725854, 0.0 ], [ -38.571637, -3.725828, 0.0 ], [ -38.571597, -3.725802, 0.0 ], [ -38.571557, -3.725776, 0.0 ], [ -38.571517, -3.725748, 0.0 ], [ -38.571478, -3.72572, 0.0 ], [ -38.57144, -3.725692, 0.0 ], [ -38.571402, -3.725662, 0.0 ], [ -38.571364, -3.725632, 0.0 ], [ -38.571327, -3.725602, 0.0 ], [ -38.571291, -3.725571, 0.0 ], [ -38.571255, -3.725539, 0.0 ], [ -38.571219, -3.725506, 0.0 ], [ -38.571184, -3.725473, 0.0 ], [ -38.57115, -3.725439, 0.0 ], [ -38.571117, -3.725405, 0.0 ], [ -38.571084, -3.72537, 0.0 ], [ -38.571051, -3.725335, 0.0 ], [ -38.571019, -3.725298, 0.0 ], [ -38.570988, -3.725262, 0.0 ], [ -38.570957, -3.725225, 0.0 ], [ -38.570928, -3.725187, 0.0 ], [ -38.570898, -3.725149, 0.0 ], [ -38.57087, -3.72511, 0.0 ], [ -38.570842, -3.725071, 0.0 ], [ -38.570814, -3.725032, 0.0 ], [ -38.570695, -3.724853, 0.0 ], [ -38.570579, -3.724663, 0.0 ], [ -38.570301, -3.724171, 0.0 ], [ -38.570034, -3.723697, 0.0 ], [ -38.569719, -3.723136, 0.0 ], [ -38.569649, -3.723011, 0.0 ], [ -38.569455, -3.722663, 0.0 ], [ -38.569203, -3.722216, 0.0 ], [ -38.569016, -3.72189, 0.0 ], [ -38.569006, -3.721874, 0.0 ], [ -38.569001, -3.721865, 0.0 ], [ -38.568985, -3.72184, 0.0 ], [ -38.568969, -3.721816, 0.0 ], [ -38.568952, -3.721793, 0.0 ], [ -38.568935, -3.721769, 0.0 ], [ -38.568917, -3.721746, 0.0 ], [ -38.5689, -3.721723, 0.0 ], [ -38.568881, -3.7217, 0.0 ], [ -38.568863, -3.721678, 0.0 ], [ -38.568844, -3.721656, 0.0 ], [ -38.568824, -3.721634, 0.0 ], [ -38.568805, -3.721613, 0.0 ], [ -38.568784, -3.721592, 0.0 ], [ -38.568764, -3.721572, 0.0 ], [ -38.568743, -3.721551, 0.0 ], [ -38.568722, -3.721532, 0.0 ], [ -38.5687, -3.721512, 0.0 ], [ -38.568679, -3.721493, 0.0 ], [ -38.568656, -3.721474, 0.0 ], [ -38.568634, -3.721456, 0.0 ], [ -38.568611, -3.721438, 0.0 ], [ -38.568588, -3.72142, 0.0 ], [ -38.568565, -3.721403, 0.0 ], [ -38.568541, -3.721387, 0.0 ], [ -38.568517, -3.72137, 0.0 ], [ -38.568493, -3.721354, 0.0 ], [ -38.568468, -3.721339, 0.0 ], [ -38.568443, -3.721324, 0.0 ], [ -38.568418, -3.721309, 0.0 ], [ -38.568393, -3.721295, 0.0 ], [ -38.568367, -3.721281, 0.0 ], [ -38.568342, -3.721268, 0.0 ], [ -38.568316, -3.721255, 0.0 ], [ -38.56829, -3.721243, 0.0 ], [ -38.568263, -3.721231, 0.0 ], [ -38.568236, -3.721219, 0.0 ], [ -38.56821, -3.721208, 0.0 ], [ -38.568183, -3.721198, 0.0 ], [ -38.568155, -3.721188, 0.0 ], [ -38.568128, -3.721178, 0.0 ], [ -38.568101, -3.721169, 0.0 ], [ -38.568073, -3.72116, 0.0 ], [ -38.568045, -3.721152, 0.0 ], [ -38.567532, -3.721012, 0.0 ], [ -38.567134, -3.720904, 0.0 ], [ -38.567005, -3.720873, 0.0 ], [ -38.566992, -3.720827, 0.0 ], [ -38.566695, -3.720747, 0.0 ], [ -38.566081, -3.720581, 0.0 ], [ -38.565651, -3.720466, 0.0 ], [ -38.565139, -3.72033, 0.0 ], [ -38.564154, -3.720065, 0.0 ], [ -38.563865, -3.719988, 0.0 ], [ -38.563647, -3.71993, 0.0 ], [ -38.563425, -3.71987, 0.0 ], [ -38.562595, -3.719647, 0.0 ], [ -38.561881, -3.719456, 0.0 ], [ -38.561572, -3.719374, 0.0 ], [ -38.561492, -3.719704, 0.0 ], [ -38.561365, -3.720229, 0.0 ], [ -38.561274, -3.720582, 0.0 ], [ -38.561211, -3.720815, 0.0 ], [ -38.56111, -3.721203, 0.0 ], [ -38.560995, -3.721624, 0.0 ], [ -38.560709, -3.72155, 0.0 ], [ -38.559283, -3.72116, 0.0 ], [ -38.558649, -3.720997, 0.0 ], [ -38.558637, -3.720993, 0.0 ], [ -38.558624, -3.720991, 0.0 ], [ -38.558611, -3.720989, 0.0 ], [ -38.558599, -3.720987, 0.0 ], [ -38.558586, -3.720987, 0.0 ], [ -38.558573, -3.720987, 0.0 ], [ -38.55856, -3.720987, 0.0 ], [ -38.558547, -3.720989, 0.0 ], [ -38.558534, -3.720991, 0.0 ], [ -38.558522, -3.720993, 0.0 ], [ -38.558509, -3.720997, 0.0 ], [ -38.558288, -3.721049, 0.0 ], [ -38.557708, -3.721179, 0.0 ], [ -38.555681, -3.72164, 0.0 ], [ -38.554522, -3.721904, 0.0 ], [ -38.552647, -3.722331, 0.0 ], [ -38.551836, -3.722517, 0.0 ], [ -38.55169, -3.722556, 0.0 ], [ -38.551371, -3.72266, 0.0 ], [ -38.550587, -3.722914, 0.0 ], [ -38.55052, -3.722934, 0.0 ], [ -38.549678, -3.723212, 0.0 ], [ -38.54932, -3.72333, 0.0 ], [ -38.549327, -3.723351, 0.0 ], [ -38.548996, -3.723465, 0.0 ], [ -38.548948, -3.723482, 0.0 ], [ -38.548967, -3.723589, 0.0 ], [ -38.548988, -3.723708, 0.0 ], [ -38.54903, -3.723924, 0.0 ], [ -38.549089, -3.724195, 0.0 ], [ -38.549158, -3.72454, 0.0 ], [ -38.548836, -3.724525, 0.0 ], [ -38.548112, -3.724536, 0.0 ], [ -38.547805, -3.724547, 0.0 ], [ -38.547443, -3.724575, 0.0 ], [ -38.546915, -3.724611, 0.0 ], [ -38.546313, -3.724649, 0.0 ], [ -38.546194, -3.72466, 0.0 ], [ -38.545791, -3.726725, 0.0 ], [ -38.545688, -3.726717, 0.0 ], [ -38.545522, -3.726707, 0.0 ], [ -38.545359, -3.72676, 0.0 ], [ -38.545204, -3.726812, 0.0 ], [ -38.545001, -3.726879, 0.0 ], [ -38.544559, -3.727028, 0.0 ], [ -38.544335, -3.7271, 0.0 ], [ -38.544072, -3.727187, 0.0 ], [ -38.543625, -3.727332, 0.0 ], [ -38.542892, -3.72757, 0.0 ], [ -38.542051, -3.727844, 0.0 ], [ -38.541567, -3.728003, 0.0 ], [ -38.540916, -3.728214, 0.0 ], [ -38.540409, -3.728378, 0.0 ], [ -38.540248, -3.728422, 0.0 ], [ -38.540246, -3.728438, 0.0 ], [ -38.539999, -3.730132, 0.0 ], [ -38.539973, -3.730312, 0.0 ], [ -38.539937, -3.730562, 0.0 ], [ -38.539923, -3.730635, 0.0 ], [ -38.5402, -3.730698, 0.0 ], [ -38.540211, -3.730726, 0.0 ], [ -38.540247, -3.730828, 0.0 ], [ -38.540335, -3.731066, 0.0 ], [ -38.54054, -3.731648, 0.0 ], [ -38.540339, -3.731713, 0.0 ], [ -38.539318, -3.732048, 0.0 ], [ -38.538371, -3.732349, 0.0 ], [ -38.536542, -3.732935, 0.0 ], [ -38.536185, -3.733045, 0.0 ], [ -38.536218, -3.733148, 0.0 ], [ -38.53631, -3.733456, 0.0 ], [ -38.536509, -3.734127, 0.0 ], [ -38.536635, -3.734552, 0.0 ], [ -38.536684, -3.734722, 0.0 ], [ -38.536785, -3.735062, 0.0 ], [ -38.537149, -3.736289, 0.0 ], [ -38.537435, -3.737247, 0.0 ], [ -38.537451, -3.737277, 0.0 ], [ -38.537467, -3.737307, 0.0 ], [ -38.537484, -3.737338, 0.0 ], [ -38.537502, -3.737367, 0.0 ], [ -38.537519, -3.737397, 0.0 ], [ -38.537538, -3.737426, 0.0 ], [ -38.537556, -3.737455, 0.0 ], [ -38.537576, -3.737483, 0.0 ], [ -38.537595, -3.737511, 0.0 ], [ -38.537616, -3.737539, 0.0 ], [ -38.537636, -3.737567, 0.0 ], [ -38.537657, -3.737594, 0.0 ], [ -38.537679, -3.737621, 0.0 ], [ -38.537701, -3.737647, 0.0 ], [ -38.537723, -3.737673, 0.0 ], [ -38.537746, -3.737699, 0.0 ], [ -38.53777, -3.737724, 0.0 ], [ -38.537794, -3.737749, 0.0 ], [ -38.538172, -3.738133, 0.0 ], [ -38.538501, -3.737835, 0.0 ], [ -38.538509, -3.737828, 0.0 ], [ -38.538517, -3.737822, 0.0 ], [ -38.538526, -3.737816, 0.0 ], [ -38.538535, -3.73781, 0.0 ], [ -38.538544, -3.737805, 0.0 ], [ -38.538554, -3.737801, 0.0 ], [ -38.538563, -3.737797, 0.0 ], [ -38.538573, -3.737794, 0.0 ], [ -38.538583, -3.737791, 0.0 ], [ -38.538593, -3.737788, 0.0 ], [ -38.538604, -3.737787, 0.0 ], [ -38.538801, -3.737748, 0.0 ], [ -38.541492, -3.737224, 0.0 ], [ -38.541502, -3.737222, 0.0 ], [ -38.541511, -3.73722, 0.0 ], [ -38.541521, -3.737218, 0.0 ], [ -38.541531, -3.737216, 0.0 ], [ -38.541541, -3.737215, 0.0 ], [ -38.54155, -3.737214, 0.0 ], [ -38.54156, -3.737213, 0.0 ], [ -38.54157, -3.737212, 0.0 ], [ -38.54158, -3.737211, 0.0 ], [ -38.54159, -3.737211, 0.0 ], [ -38.5416, -3.737211, 0.0 ], [ -38.54161, -3.73721, 0.0 ], [ -38.54162, -3.73721, 0.0 ], [ -38.541629, -3.737211, 0.0 ], [ -38.541639, -3.737211, 0.0 ], [ -38.54265, -3.737612, 0.0 ], [ -38.543614, -3.737999, 0.0 ], [ -38.543642, -3.738007, 0.0 ], [ -38.543513, -3.738707, 0.0 ], [ -38.543401, -3.739339, 0.0 ], [ -38.543322, -3.739776, 0.0 ], [ -38.543213, -3.74041, 0.0 ], [ -38.543129, -3.740948, 0.0 ], [ -38.543078, -3.741413, 0.0 ], [ -38.543073, -3.741794, 0.0 ], [ -38.543087, -3.741911, 0.0 ], [ -38.54315, -3.742313, 0.0 ], [ -38.543255, -3.742696, 0.0 ], [ -38.543328, -3.742897, 0.0 ], [ -38.543619, -3.743072, 0.0 ], [ -38.543844, -3.743271, 0.0 ], [ -38.544226, -3.743685, 0.0 ], [ -38.544661, -3.744218, 0.0 ], [ -38.544795, -3.744394, 0.0 ], [ -38.544935, -3.74456, 0.0 ], [ -38.545156, -3.74483, 0.0 ], [ -38.545413, -3.745083, 0.0 ], [ -38.546548, -3.746207, 0.0 ], [ -38.547667, -3.747327, 0.0 ], [ -38.548324, -3.747972, 0.0 ], [ -38.548923, -3.748566, 0.0 ], [ -38.549807, -3.749437, 0.0 ], [ -38.550496, -3.750118, 0.0 ], [ -38.551176, -3.750799, 0.0 ], [ -38.551223, -3.750847, 0.0 ], [ -38.551949, -3.751594, 0.0 ], [ -38.555409, -3.755025, 0.0 ], [ -38.555448, -3.754984, 0.0 ], [ -38.555661, -3.754762, 0.0 ], [ -38.555861, -3.754551, 0.0 ], [ -38.556084, -3.754313, 0.0 ], [ -38.556156, -3.754239, 0.0 ], [ -38.556279, -3.754106, 0.0 ], [ -38.556387, -3.753996, 0.0 ], [ -38.556469, -3.753902, 0.0 ], [ -38.556608, -3.753744, 0.0 ], [ -38.556741, -3.753604, 0.0 ], [ -38.556934, -3.7534, 0.0 ], [ -38.557085, -3.753236, 0.0 ], [ -38.557244, -3.753066, 0.0 ], [ -38.557373, -3.752932, 0.0 ], [ -38.557546, -3.752741, 0.0 ], [ -38.557706, -3.752548, 0.0 ], [ -38.558068, -3.752124, 0.0 ], [ -38.558257, -3.751903, 0.0 ], [ -38.558384, -3.751752, 0.0 ], [ -38.55845, -3.751673, 0.0 ], [ -38.558524, -3.751587, 0.0 ], [ -38.558744, -3.751334, 0.0 ], [ -38.558991, -3.75105, 0.0 ], [ -38.559206, -3.750812, 0.0 ], [ -38.55941, -3.750556, 0.0 ], [ -38.559446, -3.750511, 0.0 ], [ -38.559851, -3.749976, 0.0 ], [ -38.560104, -3.749616, 0.0 ], [ -38.560412, -3.749238, 0.0 ] ] ] } },
{ "type": "Feature", "properties": { "regional": 4, "area_km2": 24.084633458159399, "n_bairros": 13 }, "geometry": { "type": "Polygon", "coordinates": [ [ [ -38.578438, -3.790422, 0.0 ], [ -38.579366, -3.791424, 0.0 ], [ -38.579835, -3.791933, 0.0 ], [ -38.580321, -3.792462, 0.0 ], [ -38.581602, -3.793843, 0.0 ], [ -38.583012, -3.795358, 0.0 ], [ -38.583149, -3.79523, 0.0 ], [ -38.583518, -3.794875, 0.0 ], [ -38.583624, -3.794768, 0.0 ], [ -38.583701, -3.794698, 0.0 ], [ -38.584179, -3.794241, 0.0 ], [ -38.584758, -3.794863, 0.0 ], [ -38.58565, -3.795847, 0.0 ], [ -38.58637, -3.796627, 0.0 ], [ -38.586701, -3.795791, 0.0 ], [ -38.587079, -3.794869, 0.0 ], [ -38.587433, -3.793961, 0.0 ], [ -38.587773, -3.793111, 0.0 ], [ -38.588107, -3.792255, 0.0 ], [ -38.588619, -3.791003, 0.0 ], [ -38.588019, -3.790375, 0.0 ], [ -38.586934, -3.789261, 0.0 ], [ -38.585688, -3.787981, 0.0 ], [ -38.585452, -3.78778, 0.0 ], [ -38.58516, -3.787532, 0.0 ], [ -38.584826, -3.787323, 0.0 ], [ -38.584644, -3.786913, 0.0 ], [ -38.584467, -3.78656, 0.0 ], [ -38.58427, -3.78629, 0.0 ], [ -38.583987, -3.785861, 0.0 ], [ -38.583707, -3.78545, 0.0 ], [ -38.583449, -3.785094, 0.0 ], [ -38.58325, -3.784866, 0.0 ], [ -38.582868, -3.784422, 0.0 ], [ -38.582672, -3.784198, 0.0 ], [ -38.582583, -3.784094, 0.0 ], [ -38.582463, -3.783954, 0.0 ], [ -38.582335, -3.783809, 0.0 ], [ -38.582019, -3.783441, 0.0 ], [ -38.581826, -3.783221, 0.0 ], [ -38.581688, -3.783062, 0.0 ], [ -38.581637, -3.783003, 0.0 ], [ -38.58139, -3.78272, 0.0 ], [ -38.581318, -3.782639, 0.0 ], [ -38.581201, -3.782508, 0.0 ], [ -38.580935, -3.782201, 0.0 ], [ -38.58075, -3.78199, 0.0 ], [ -38.580477, -3.781679, 0.0 ], [ -38.580282, -3.781455, 0.0 ], [ -38.580202, -3.781365, 0.0 ], [ -38.580128, -3.781278, 0.0 ], [ -38.579829, -3.780923, 0.0 ], [ -38.579422, -3.780458, 0.0 ], [ -38.579265, -3.780275, 0.0 ], [ -38.579047, -3.780029, 0.0 ], [ -38.578659, -3.779599, 0.0 ], [ -38.578505, -3.779414, 0.0 ], [ -38.578087, -3.778942, 0.0 ], [ -38.57803, -3.778877, 0.0 ], [ -38.57791, -3.778744, 0.0 ], [ -38.57773, -3.778535, 0.0 ], [ -38.577708, -3.778507, 0.0 ], [ -38.577682, -3.778478, 0.0 ], [ -38.577513, -3.778283, 0.0 ], [ -38.57741, -3.778166, 0.0 ], [ -38.577311, -3.778051, 0.0 ], [ -38.577196, -3.777921, 0.0 ], [ -38.577085, -3.777794, 0.0 ], [ -38.57703, -3.777731, 0.0 ], [ -38.576842, -3.777514, 0.0 ], [ -38.576737, -3.777395, 0.0 ], [ -38.576638, -3.777282, 0.0 ], [ -38.576436, -3.777051, 0.0 ], [ -38.576279, -3.776872, 0.0 ], [ -38.576203, -3.77678, 0.0 ], [ -38.575962, -3.776513, 0.0 ], [ -38.575763, -3.776288, 0.0 ], [ -38.575141, -3.775596, 0.0 ], [ -38.574869, -3.775294, 0.0 ], [ -38.574634, -3.775037, 0.0 ], [ -38.573215, -3.773479, 0.0 ], [ -38.572844, -3.773093, 0.0 ], [ -38.572158, -3.772365, 0.0 ], [ -38.571731, -3.771923, 0.0 ], [ -38.571284, -3.771471, 0.0 ], [ -38.570858, -3.771027, 0.0 ], [ -38.570607, -3.770597, 0.0 ], [ -38.570454, -3.770255, 0.0 ], [ -38.570414, -3.770178, 0.0 ], [ -38.570381, -3.770091, 0.0 ], [ -38.569817, -3.767879, 0.0 ], [ -38.569688, -3.767614, 0.0 ], [ -38.569362, -3.767197, 0.0 ], [ -38.569067, -3.766903, 0.0 ], [ -38.568284, -3.766361, 0.0 ], [ -38.568029, -3.766102, 0.0 ], [ -38.567502, -3.765376, 0.0 ], [ -38.566708, -3.764139, 0.0 ], [ -38.565387, -3.764843, 0.0 ], [ -38.565085, -3.765, 0.0 ], [ -38.564744, -3.76515, 0.0 ], [ -38.563805, -3.765561, 0.0 ], [ -38.559814, -3.767236, 0.0 ], [ -38.559714, -3.766994, 0.0 ], [ -38.55958, -3.766667, 0.0 ], [ -38.559382, -3.766186, 0.0 ], [ -38.559207, -3.76576, 0.0 ], [ -38.558988, -3.765223, 0.0 ], [ -38.558776, -3.764706, 0.0 ], [ -38.558681, -3.764472, 0.0 ], [ -38.55858, -3.764227, 0.0 ], [ -38.558451, -3.763916, 0.0 ], [ -38.558321, -3.763594, 0.0 ], [ -38.558247, -3.763411, 0.0 ], [ -38.558093, -3.763041, 0.0 ], [ -38.557903, -3.762583, 0.0 ], [ -38.557732, -3.762171, 0.0 ], [ -38.557683, -3.762062, 0.0 ], [ -38.557617, -3.761922, 0.0 ], [ -38.557532, -3.761751, 0.0 ], [ -38.557451, -3.761597, 0.0 ], [ -38.557373, -3.76146, 0.0 ], [ -38.557293, -3.761328, 0.0 ], [ -38.557222, -3.761214, 0.0 ], [ -38.557152, -3.76111, 0.0 ], [ -38.557066, -3.760984, 0.0 ], [ -38.556999, -3.760891, 0.0 ], [ -38.556927, -3.760801, 0.0 ], [ -38.556838, -3.76069, 0.0 ], [ -38.556719, -3.760551, 0.0 ], [ -38.556581, -3.760387, 0.0 ], [ -38.556425, -3.760209, 0.0 ], [ -38.556227, -3.759987, 0.0 ], [ -38.555975, -3.759712, 0.0 ], [ -38.555871, -3.759595, 0.0 ], [ -38.555797, -3.75951, 0.0 ], [ -38.555578, -3.759269, 0.0 ], [ -38.555487, -3.759166, 0.0 ], [ -38.555376, -3.75904, 0.0 ], [ -38.555225, -3.758868, 0.0 ], [ -38.555109, -3.758739, 0.0 ], [ -38.554991, -3.758609, 0.0 ], [ -38.554917, -3.758525, 0.0 ], [ -38.554847, -3.758445, 0.0 ], [ -38.554763, -3.758353, 0.0 ], [ -38.554663, -3.758241, 0.0 ], [ -38.554524, -3.75808, 0.0 ], [ -38.554289, -3.757818, 0.0 ], [ -38.554168, -3.757683, 0.0 ], [ -38.553998, -3.757492, 0.0 ], [ -38.553877, -3.757359, 0.0 ], [ -38.553676, -3.757129, 0.0 ], [ -38.553594, -3.757033, 0.0 ], [ -38.553516, -3.756947, 0.0 ], [ -38.553776, -3.756718, 0.0 ], [ -38.55415, -3.756377, 0.0 ], [ -38.55475, -3.755831, 0.0 ], [ -38.555188, -3.75543, 0.0 ], [ -38.55538, -3.755256, 0.0 ], [ -38.555282, -3.755156, 0.0 ], [ -38.555409, -3.755025, 0.0 ], [ -38.551949, -3.751594, 0.0 ], [ -38.551223, -3.750847, 0.0 ], [ -38.551176, -3.750799, 0.0 ], [ -38.550496, -3.750118, 0.0 ], [ -38.549807, -3.749437, 0.0 ], [ -38.548923, -3.748566, 0.0 ], [ -38.548324, -3.747972, 0.0 ], [ -38.547667, -3.747327, 0.0 ], [ -38.546548, -3.746207, 0.0 ], [ -38.545413, -3.745083, 0.0 ], [ -38.545156, -3.74483, 0.0 ], [ -38.544935, -3.74456, 0.0 ], [ -38.544795, -3.744394, 0.0 ], [ -38.544661, -3.744218, 0.0 ], [ -38.544226, -3.743685, 0.0 ], [ -38.543844, -3.743271, 0.0 ], [ -38.543619, -3.743072, 0.0 ], [ -38.543328, -3.742897, 0.0 ], [ -38.543255, -3.742696, 0.0 ], [ -38.54315, -3.742313, 0.0 ], [ -38.543087, -3.741911, 0.0 ], [ -38.543073, -3.741794, 0.0 ], [ -38.543078, -3.741413, 0.0 ], [ -38.543129, -3.740948, 0.0 ], [ -38.543213, -3.74041, 0.0 ], [ -38.543322, -3.739776, 0.0 ], [ -38.543401, -3.739339, 0.0 ], [ -38.543513, -3.738707, 0.0 ], [ -38.543642, -3.738007, 0.0 ], [ -38.543614, -3.737999, 0.0 ], [ -38.54265, -3.737612, 0.0 ], [ -38.541639, -3.737211, 0.0 ], [ -38.541629, -3.737211, 0.0 ], [ -38.54162, -3.73721, 0.0 ], [ -38.54161, -3.73721, 0.0 ], [ -38.5416, -3.737211, 0.0 ], [ -38.54159, -3.737211, 0.0 ], [ -38.54158, -3.737211, 0.0 ], [ -38.54157, -3.737212, 0.0 ], [ -38.54156, -3.737213, 0.0 ], [ -38.54155, -3.737214, 0.0 ], [ -38.541541, -3.737215, 0.0 ], [ -38.541531, -3.737216, 0.0 ], [ -38.541521, -3.737218, 0.0 ], [ -38.541511, -3.73722, 0.0 ], [ -38.541502, -3.737222, 0.0 ], [ -38.541492, -3.737224, 0.0 ], [ -38.538801, -3.737748, 0.0 ], [ -38.538604, -3.737787, 0.0 ], [ -38.538593, -3.737788, 0.0 ], [ -38.538583, -3.737791, 0.0 ], [ -38.538573, -3.737794, 0.0 ], [ -38.538563, -3.737797, 0.0 ], [ -38.538554, -3.737801, 0.0 ], [ -38.538544, -3.737805, 0.0 ], [ -38.538535, -3.73781, 0.0 ], [ -38.538526, -3.737816, 0.0 ], [ -38.538517, -3.737822, 0.0 ], [ -38.538509, -3.737828, 0.0 ], [ -38.538501, -3.737835, 0.0 ], [ -38.538172, -3.738133, 0.0 ], [ -38.537794, -3.737749, 0.0 ], [ -38.53777, -3.737724, 0.0 ], [ -38.537746, -3.737699, 0.0 ], [ -38.537723, -3.737673, 0.0 ], [ -38.537701, -3.737647, 0.0 ], [ -38.537679, -3.737621, 0.0 ], [ -38.537657, -3.737594, 0.0 ], [ -38.537636, -3.737567, 0.0 ], [ -38.537616, -3.737539, 0.0 ], [ -38.537595, -3.737511, 0.0 ], [ -38.537576, -3.737483, 0.0 ], [ -38.537556, -3.737455, 0.0 ], [ -38.537538, -3.737426, 0.0 ], [ -38.537519, -3.737397, 0.0 ], [ -38.537502, -3.737367, 0.0 ], [ -38.537484, -3.737338, 0.0 ], [ -38.537467, -3.737307, 0.0 ], [ -38.537451, -3.737277, 0.0 ], [ -38.537435, -3.737247, 0.0 ], [ -38.537149, -3.736289, 0.0 ], [ -38.536785, -3.735062, 0.0 ], [ -38.536684, -3.734722, 0.0 ], [ -38.536635, -3.734552, 0.0 ], [ -38.536509, -3.734127, 0.0 ], [ -38.53631, -3.733456, 0.0 ], [ -38.536218, -3.733148, 0.0 ], [ -38.536185, -3.733045, 0.0 ], [ -38.536052, -3.733086, 0.0 ], [ -38.535917, -3.733126, 0.0 ], [ -38.534855, -3.733465, 0.0 ], [ -38.534009, -3.733732, 0.0 ], [ -38.532779, -3.734131, 0.0 ], [ -38.532361, -3.734261, 0.0 ], [ -38.531895, -3.734402, 0.0 ], [ -38.531156, -3.734626, 0.0 ], [ -38.530626, -3.734789, 0.0 ], [ -38.528649, -3.735418, 0.0 ], [ -38.527666, -3.735725, 0.0 ], [ -38.526591, -3.736067, 0.0 ], [ -38.525791, -3.736321, 0.0 ], [ -38.525287, -3.736479, 0.0 ], [ -38.524248, -3.736803, 0.0 ], [ -38.523928, -3.736904, 0.0 ], [ -38.523898, -3.737049, 0.0 ], [ -38.523647, -3.738296, 0.0 ], [ -38.5233, -3.739967, 0.0 ], [ -38.522888, -3.741931, 0.0 ], [ -38.522719, -3.742727, 0.0 ], [ -38.522637, -3.743121, 0.0 ], [ -38.522597, -3.743313, 0.0 ], [ -38.52244, -3.744056, 0.0 ], [ -38.52227, -3.744852, 0.0 ], [ -38.522135, -3.745496, 0.0 ], [ -38.521956, -3.746343, 0.0 ], [ -38.521835, -3.746951, 0.0 ], [ -38.521652, -3.747803, 0.0 ], [ -38.52159, -3.748083, 0.0 ], [ -38.521503, -3.748499, 0.0 ], [ -38.521339, -3.749288, 0.0 ], [ -38.521163, -3.750138, 0.0 ], [ -38.520994, -3.750972, 0.0 ], [ -38.520894, -3.751478, 0.0 ], [ -38.520815, -3.751877, 0.0 ], [ -38.520752, -3.7522, 0.0 ], [ -38.52066, -3.75267, 0.0 ], [ -38.520588, -3.753041, 0.0 ], [ -38.520497, -3.75354, 0.0 ], [ -38.520473, -3.75366, 0.0 ], [ -38.520235, -3.754882, 0.0 ], [ -38.520154, -3.755294, 0.0 ], [ -38.52012, -3.755466, 0.0 ], [ -38.520016, -3.755998, 0.0 ], [ -38.519881, -3.756703, 0.0 ], [ -38.519805, -3.757069, 0.0 ], [ -38.519683, -3.757656, 0.0 ], [ -38.519642, -3.757879, 0.0 ], [ -38.519619, -3.757991, 0.0 ], [ -38.519549, -3.758251, 0.0 ], [ -38.519497, -3.758321, 0.0 ], [ -38.51941, -3.758459, 0.0 ], [ -38.519343, -3.758583, 0.0 ], [ -38.519292, -3.758699, 0.0 ], [ -38.519261, -3.758788, 0.0 ], [ -38.519197, -3.758967, 0.0 ], [ -38.519176, -3.75904, 0.0 ], [ -38.519155, -3.759133, 0.0 ], [ -38.519119, -3.759303, 0.0 ], [ -38.519086, -3.759501, 0.0 ], [ -38.519036, -3.759806, 0.0 ], [ -38.518998, -3.760066, 0.0 ], [ -38.51898, -3.760178, 0.0 ], [ -38.518946, -3.760408, 0.0 ], [ -38.518897, -3.760724, 0.0 ], [ -38.518865, -3.760932, 0.0 ], [ -38.518817, -3.761239, 0.0 ], [ -38.518758, -3.761622, 0.0 ], [ -38.518668, -3.762215, 0.0 ], [ -38.518598, -3.762678, 0.0 ], [ -38.518543, -3.763046, 0.0 ], [ -38.518487, -3.763417, 0.0 ], [ -38.518466, -3.763549, 0.0 ], [ -38.518421, -3.76384, 0.0 ], [ -38.518382, -3.764092, 0.0 ], [ -38.518332, -3.764419, 0.0 ], [ -38.518298, -3.764642, 0.0 ], [ -38.518263, -3.764866, 0.0 ], [ -38.518226, -3.765102, 0.0 ], [ -38.5182, -3.765253, 0.0 ], [ -38.518189, -3.765321, 0.0 ], [ -38.518163, -3.765456, 0.0 ], [ -38.518149, -3.765539, 0.0 ], [ -38.518118, -3.765696, 0.0 ], [ -38.518069, -3.765925, 0.0 ], [ -38.518015, -3.766154, 0.0 ], [ -38.517958, -3.766399, 0.0 ], [ -38.517909, -3.766617, 0.0 ], [ -38.517824, -3.766973, 0.0 ], [ -38.517745, -3.767278, 0.0 ], [ -38.51767, -3.767604, 0.0 ], [ -38.517566, -3.768025, 0.0 ], [ -38.517431, -3.768551, 0.0 ], [ -38.51732, -3.768987, 0.0 ], [ -38.517186, -3.769475, 0.0 ], [ -38.51707, -3.769882, 0.0 ], [ -38.517192, -3.769892, 0.0 ], [ -38.518222, -3.770056, 0.0 ], [ -38.518201, -3.770434, 0.0 ], [ -38.518156, -3.771397, 0.0 ], [ -38.518118, -3.772127, 0.0 ], [ -38.518068, -3.773187, 0.0 ], [ -38.518058, -3.773363, 0.0 ], [ -38.518047, -3.773546, 0.0 ], [ -38.518033, -3.773671, 0.0 ], [ -38.518012, -3.774138, 0.0 ], [ -38.517993, -3.774511, 0.0 ], [ -38.517984, -3.774768, 0.0 ], [ -38.517978, -3.774906, 0.0 ], [ -38.517964, -3.775144, 0.0 ], [ -38.517959, -3.775253, 0.0 ], [ -38.517948, -3.775467, 0.0 ], [ -38.517942, -3.775649, 0.0 ], [ -38.517931, -3.775892, 0.0 ], [ -38.517921, -3.775931, 0.0 ], [ -38.517915, -3.776034, 0.0 ], [ -38.517898, -3.776313, 0.0 ], [ -38.517885, -3.776564, 0.0 ], [ -38.517876, -3.776766, 0.0 ], [ -38.517869, -3.776855, 0.0 ], [ -38.517858, -3.777147, 0.0 ], [ -38.517844, -3.777444, 0.0 ], [ -38.517831, -3.777707, 0.0 ], [ -38.51782, -3.77789, 0.0 ], [ -38.51781, -3.778105, 0.0 ], [ -38.517808, -3.778275, 0.0 ], [ -38.517815, -3.778329, 0.0 ], [ -38.517839, -3.778468, 0.0 ], [ -38.517873, -3.778657, 0.0 ], [ -38.517902, -3.778834, 0.0 ], [ -38.517908, -3.778867, 0.0 ], [ -38.517919, -3.778932, 0.0 ], [ -38.517848, -3.778916, 0.0 ], [ -38.517736, -3.778887, 0.0 ], [ -38.517506, -3.778826, 0.0 ], [ -38.516477, -3.778563, 0.0 ], [ -38.515808, -3.778383, 0.0 ], [ -38.514908, -3.778122, 0.0 ], [ -38.514803, -3.778096, 0.0 ], [ -38.514513, -3.779214, 0.0 ], [ -38.514497, -3.77927, 0.0 ], [ -38.514612, -3.779308, 0.0 ], [ -38.514668, -3.779333, 0.0 ], [ -38.514727, -3.77936, 0.0 ], [ -38.514783, -3.77939, 0.0 ], [ -38.514831, -3.779418, 0.0 ], [ -38.514878, -3.779447, 0.0 ], [ -38.514918, -3.779473, 0.0 ], [ -38.514971, -3.779511, 0.0 ], [ -38.515016, -3.779545, 0.0 ], [ -38.515061, -3.779582, 0.0 ], [ -38.515104, -3.77962, 0.0 ], [ -38.515142, -3.779656, 0.0 ], [ -38.515186, -3.779699, 0.0 ], [ -38.515228, -3.779743, 0.0 ], [ -38.515252, -3.779769, 0.0 ], [ -38.515295, -3.779819, 0.0 ], [ -38.515324, -3.779855, 0.0 ], [ -38.515349, -3.77989, 0.0 ], [ -38.515375, -3.779925, 0.0 ], [ -38.515399, -3.779961, 0.0 ], [ -38.515426, -3.780002, 0.0 ], [ -38.515456, -3.780054, 0.0 ], [ -38.515482, -3.780102, 0.0 ], [ -38.515496, -3.780129, 0.0 ], [ -38.515509, -3.780157, 0.0 ], [ -38.515519, -3.78018, 0.0 ], [ -38.515682, -3.780583, 0.0 ], [ -38.515769, -3.780802, 0.0 ], [ -38.515783, -3.780838, 0.0 ], [ -38.515793, -3.780868, 0.0 ], [ -38.515808, -3.780909, 0.0 ], [ -38.515819, -3.780942, 0.0 ], [ -38.515942, -3.78129, 0.0 ], [ -38.516148, -3.781833, 0.0 ], [ -38.51641, -3.78262, 0.0 ], [ -38.516593, -3.783104, 0.0 ], [ -38.516644, -3.783258, 0.0 ], [ -38.516709, -3.783521, 0.0 ], [ -38.516758, -3.78372, 0.0 ], [ -38.516838, -3.783912, 0.0 ], [ -38.516909, -3.784044, 0.0 ], [ -38.517, -3.78416, 0.0 ], [ -38.51707, -3.784231, 0.0 ], [ -38.517167, -3.784304, 0.0 ], [ -38.517321, -3.784378, 0.0 ], [ -38.517458, -3.784423, 0.0 ], [ -38.517602, -3.78444, 0.0 ], [ -38.517783, -3.784444, 0.0 ], [ -38.51803, -3.784411, 0.0 ], [ -38.518189, -3.784383, 0.0 ], [ -38.518604, -3.784329, 0.0 ], [ -38.523635, -3.78335, 0.0 ], [ -38.524142, -3.783304, 0.0 ], [ -38.524355, -3.78331, 0.0 ], [ -38.524542, -3.783329, 0.0 ], [ -38.524843, -3.783397, 0.0 ], [ -38.525129, -3.783468, 0.0 ], [ -38.525377, -3.783553, 0.0 ], [ -38.526103, -3.783937, 0.0 ], [ -38.526683, -3.784231, 0.0 ], [ -38.526968, -3.784333, 0.0 ], [ -38.527251, -3.784409, 0.0 ], [ -38.527465, -3.784455, 0.0 ], [ -38.527755, -3.784487, 0.0 ], [ -38.527947, -3.784496, 0.0 ], [ -38.528072, -3.784493, 0.0 ], [ -38.528226, -3.784487, 0.0 ], [ -38.52843, -3.78447, 0.0 ], [ -38.528618, -3.784435, 0.0 ], [ -38.528939, -3.784357, 0.0 ], [ -38.533998, -3.782755, 0.0 ], [ -38.535349, -3.78235, 0.0 ], [ -38.539065, -3.78122, 0.0 ], [ -38.544421, -3.779591, 0.0 ], [ -38.545018, -3.77941, 0.0 ], [ -38.545477, -3.779266, 0.0 ], [ -38.545868, -3.779135, 0.0 ], [ -38.546504, -3.778825, 0.0 ], [ -38.547054, -3.778479, 0.0 ], [ -38.55015, -3.775763, 0.0 ], [ -38.550365, -3.775501, 0.0 ], [ -38.550566, -3.775195, 0.0 ], [ -38.550677, -3.774969, 0.0 ], [ -38.550781, -3.774736, 0.0 ], [ -38.550862, -3.774449, 0.0 ], [ -38.550904, -3.7743, 0.0 ], [ -38.550957, -3.773749, 0.0 ], [ -38.550939, -3.773499, 0.0 ], [ -38.550927, -3.773343, 0.0 ], [ -38.55087, -3.773109, 0.0 ], [ -38.550814, -3.7729, 0.0 ], [ -38.550517, -3.772011, 0.0 ], [ -38.550341, -3.771483, 0.0 ], [ -38.550277, -3.77116, 0.0 ], [ -38.550265, -3.771056, 0.0 ], [ -38.550383, -3.770918, 0.0 ], [ -38.550457, -3.771131, 0.0 ], [ -38.551029, -3.77278, 0.0 ], [ -38.55145, -3.774021, 0.0 ], [ -38.551678, -3.774689, 0.0 ], [ -38.552022, -3.775725, 0.0 ], [ -38.552286, -3.776512, 0.0 ], [ -38.552654, -3.777596, 0.0 ], [ -38.551521, -3.777948, 0.0 ], [ -38.551937, -3.778983, 0.0 ], [ -38.552023, -3.779201, 0.0 ], [ -38.55235, -3.780017, 0.0 ], [ -38.55251, -3.780421, 0.0 ], [ -38.552761, -3.781048, 0.0 ], [ -38.552869, -3.781317, 0.0 ], [ -38.553177, -3.782089, 0.0 ], [ -38.553268, -3.78232, 0.0 ], [ -38.553305, -3.782414, 0.0 ], [ -38.553338, -3.782496, 0.0 ], [ -38.553599, -3.783139, 0.0 ], [ -38.553645, -3.783256, 0.0 ], [ -38.553905, -3.783896, 0.0 ], [ -38.554502, -3.783011, 0.0 ], [ -38.554763, -3.78276, 0.0 ], [ -38.554956, -3.782624, 0.0 ], [ -38.555177, -3.782477, 0.0 ], [ -38.555195, -3.782508, 0.0 ], [ -38.555236, -3.782485, 0.0 ], [ -38.555349, -3.782423, 0.0 ], [ -38.555592, -3.782291, 0.0 ], [ -38.556145, -3.781993, 0.0 ], [ -38.556681, -3.781704, 0.0 ], [ -38.557168, -3.781438, 0.0 ], [ -38.557554, -3.781229, 0.0 ], [ -38.557908, -3.781039, 0.0 ], [ -38.558083, -3.780945, 0.0 ], [ -38.558291, -3.780833, 0.0 ], [ -38.558568, -3.780683, 0.0 ], [ -38.558897, -3.78051, 0.0 ], [ -38.559346, -3.780266, 0.0 ], [ -38.559697, -3.780078, 0.0 ], [ -38.559867, -3.779986, 0.0 ], [ -38.559981, -3.779919, 0.0 ], [ -38.560056, -3.779875, 0.0 ], [ -38.560129, -3.779826, 0.0 ], [ -38.560191, -3.779783, 0.0 ], [ -38.560261, -3.779732, 0.0 ], [ -38.560379, -3.779639, 0.0 ], [ -38.560491, -3.779542, 0.0 ], [ -38.56064, -3.779398, 0.0 ], [ -38.560979, -3.779816, 0.0 ], [ -38.561672, -3.780664, 0.0 ], [ -38.562318, -3.781452, 0.0 ], [ -38.563104, -3.78242, 0.0 ], [ -38.564016, -3.783516, 0.0 ], [ -38.564113, -3.783812, 0.0 ], [ -38.56578, -3.783291, 0.0 ], [ -38.565783, -3.783302, 0.0 ], [ -38.566228, -3.784773, 0.0 ], [ -38.566699, -3.786361, 0.0 ], [ -38.566756, -3.786721, 0.0 ], [ -38.566738, -3.787554, 0.0 ], [ -38.566788, -3.787592, 0.0 ], [ -38.566802, -3.787594, 0.0 ], [ -38.566857, -3.787602, 0.0 ], [ -38.566918, -3.78761, 0.0 ], [ -38.566971, -3.787625, 0.0 ], [ -38.567063, -3.78766, 0.0 ], [ -38.567112, -3.787704, 0.0 ], [ -38.567159, -3.787773, 0.0 ], [ -38.567239, -3.787868, 0.0 ], [ -38.567296, -3.787933, 0.0 ], [ -38.567317, -3.787954, 0.0 ], [ -38.56734, -3.787973, 0.0 ], [ -38.567364, -3.78799, 0.0 ], [ -38.567389, -3.788006, 0.0 ], [ -38.567415, -3.788021, 0.0 ], [ -38.567441, -3.788034, 0.0 ], [ -38.567456, -3.78804, 0.0 ], [ -38.567471, -3.788044, 0.0 ], [ -38.567486, -3.788046, 0.0 ], [ -38.567502, -3.788046, 0.0 ], [ -38.567594, -3.788038, 0.0 ], [ -38.567621, -3.788035, 0.0 ], [ -38.567648, -3.788031, 0.0 ], [ -38.567675, -3.788024, 0.0 ], [ -38.567689, -3.788021, 0.0 ], [ -38.567703, -3.788019, 0.0 ], [ -38.567717, -3.788018, 0.0 ], [ -38.567731, -3.788017, 0.0 ], [ -38.567746, -3.788018, 0.0 ], [ -38.56776, -3.78802, 0.0 ], [ -38.567774, -3.788022, 0.0 ], [ -38.567798, -3.788028, 0.0 ], [ -38.567821, -3.788035, 0.0 ], [ -38.567844, -3.788044, 0.0 ], [ -38.567866, -3.788054, 0.0 ], [ -38.567883, -3.788063, 0.0 ], [ -38.567901, -3.78807, 0.0 ], [ -38.567919, -3.788075, 0.0 ], [ -38.567938, -3.78808, 0.0 ], [ -38.568067, -3.788106, 0.0 ], [ -38.568096, -3.78811, 0.0 ], [ -38.568126, -3.788114, 0.0 ], [ -38.568155, -3.788115, 0.0 ], [ -38.568245, -3.788114, 0.0 ], [ -38.568335, -3.788106, 0.0 ], [ -38.568371, -3.788103, 0.0 ], [ -38.568407, -3.788102, 0.0 ], [ -38.568444, -3.788103, 0.0 ], [ -38.56848, -3.788107, 0.0 ], [ -38.568538, -3.788115, 0.0 ], [ -38.568595, -3.788126, 0.0 ], [ -38.568742, -3.788152, 0.0 ], [ -38.568757, -3.788155, 0.0 ], [ -38.568773, -3.788158, 0.0 ], [ -38.568789, -3.788163, 0.0 ], [ -38.568804, -3.788168, 0.0 ], [ -38.568942, -3.78822, 0.0 ], [ -38.569221, -3.788321, 0.0 ], [ -38.569359, -3.788372, 0.0 ], [ -38.569423, -3.788396, 0.0 ], [ -38.569531, -3.78844, 0.0 ], [ -38.569671, -3.788501, 0.0 ], [ -38.5697, -3.788514, 0.0 ], [ -38.569752, -3.788534, 0.0 ], [ -38.569884, -3.788584, 0.0 ], [ -38.570042, -3.788654, 0.0 ], [ -38.570066, -3.788665, 0.0 ], [ -38.570098, -3.788679, 0.0 ], [ -38.57013, -3.788692, 0.0 ], [ -38.570245, -3.788738, 0.0 ], [ -38.570262, -3.788747, 0.0 ], [ -38.570278, -3.788757, 0.0 ], [ -38.570294, -3.788768, 0.0 ], [ -38.570377, -3.788831, 0.0 ], [ -38.570403, -3.788851, 0.0 ], [ -38.570454, -3.788884, 0.0 ], [ -38.570463, -3.788891, 0.0 ], [ -38.570472, -3.788897, 0.0 ], [ -38.570482, -3.788905, 0.0 ], [ -38.570491, -3.788914, 0.0 ], [ -38.570499, -3.788923, 0.0 ], [ -38.570507, -3.788932, 0.0 ], [ -38.57053, -3.78896, 0.0 ], [ -38.570554, -3.788987, 0.0 ], [ -38.57057, -3.789003, 0.0 ], [ -38.570603, -3.789037, 0.0 ], [ -38.570636, -3.789073, 0.0 ], [ -38.570649, -3.789089, 0.0 ], [ -38.570661, -3.789105, 0.0 ], [ -38.570685, -3.789142, 0.0 ], [ -38.570739, -3.78922, 0.0 ], [ -38.570779, -3.789274, 0.0 ], [ -38.57082, -3.789326, 0.0 ], [ -38.570838, -3.789348, 0.0 ], [ -38.570934, -3.789462, 0.0 ], [ -38.57096, -3.789494, 0.0 ], [ -38.571004, -3.789549, 0.0 ], [ -38.57102, -3.789569, 0.0 ], [ -38.571034, -3.78959, 0.0 ], [ -38.571047, -3.789612, 0.0 ], [ -38.571056, -3.78963, 0.0 ], [ -38.571084, -3.789685, 0.0 ], [ -38.571114, -3.789739, 0.0 ], [ -38.571146, -3.789792, 0.0 ], [ -38.571181, -3.789845, 0.0 ], [ -38.571203, -3.789878, 0.0 ], [ -38.571228, -3.78992, 0.0 ], [ -38.571274, -3.789994, 0.0 ], [ -38.571324, -3.790065, 0.0 ], [ -38.571334, -3.790078, 0.0 ], [ -38.571354, -3.790106, 0.0 ], [ -38.571372, -3.790135, 0.0 ], [ -38.571444, -3.790249, 0.0 ], [ -38.571453, -3.790263, 0.0 ], [ -38.571499, -3.790325, 0.0 ], [ -38.571547, -3.790387, 0.0 ], [ -38.571582, -3.790428, 0.0 ], [ -38.571608, -3.790458, 0.0 ], [ -38.571625, -3.790476, 0.0 ], [ -38.571643, -3.790493, 0.0 ], [ -38.571662, -3.790509, 0.0 ], [ -38.571698, -3.790536, 0.0 ], [ -38.571734, -3.790561, 0.0 ], [ -38.57176, -3.790577, 0.0 ], [ -38.571787, -3.790591, 0.0 ], [ -38.571815, -3.790604, 0.0 ], [ -38.571843, -3.790615, 0.0 ], [ -38.571872, -3.790625, 0.0 ], [ -38.571914, -3.790638, 0.0 ], [ -38.571955, -3.790654, 0.0 ], [ -38.571996, -3.790671, 0.0 ], [ -38.572041, -3.790694, 0.0 ], [ -38.572081, -3.790725, 0.0 ], [ -38.572266, -3.790781, 0.0 ], [ -38.572457, -3.790839, 0.0 ], [ -38.572646, -3.790896, 0.0 ], [ -38.572832, -3.790952, 0.0 ], [ -38.573024, -3.79101, 0.0 ], [ -38.573219, -3.791067, 0.0 ], [ -38.574422, -3.791459, 0.0 ], [ -38.574685, -3.791456, 0.0 ], [ -38.574657, -3.790828, 0.0 ], [ -38.578136, -3.790714, 0.0 ], [ -38.578101, -3.790065, 0.0 ], [ -38.578438, -3.790422, 0.0 ] ] ] } },
{ "type": "Feature", "properties": { "regional": 5, "area_km2": 19.064486833521745, "n_bairros": 5 }, "geometry": { "type": "Polygon", "coordinates": [ [ [ -38.591736, -3.794211, 0.0 ], [ -38.594961, -3.797547, 0.0 ], [ -38.596156, -3.798779, 0.0 ], [ -38.597495, -3.800168, 0.0 ], [ -38.598818, -3.801562, 0.0 ], [ -38.60017, -3.80293, 0.0 ], [ -38.601152, -3.803948, 0.0 ], [ -38.60196, -3.804791, 0.0 ], [ -38.602328, -3.805161, 0.0 ], [ -38.602725, -3.805565, 0.0 ], [ -38.604475, -3.807376, 0.0 ], [ -38.604718, -3.807628, 0.0 ], [ -38.605019, -3.807939, 0.0 ], [ -38.605299, -3.808228, 0.0 ], [ -38.60698, -3.809968, 0.0 ], [ -38.6079, -3.810905, 0.0 ], [ -38.608139, -3.811149, 0.0 ], [ -38.608842, -3.811866, 0.0 ], [ -38.609578, -3.812623, 0.0 ], [ -38.610593, -3.813656, 0.0 ], [ -38.611268, -3.814342, 0.0 ], [ -38.611847, -3.81493, 0.0 ], [ -38.614267, -3.8174, 0.0 ], [ -38.614623, -3.817764, 0.0 ], [ -38.615548, -3.818712, 0.0 ], [ -38.61576, -3.818928, 0.0 ], [ -38.616044, -3.819217, 0.0 ], [ -38.617781, -3.820993, 0.0 ], [ -38.617861, -3.820951, 0.0 ], [ -38.618135, -3.821218, 0.0 ], [ -38.620603, -3.81881, 0.0 ], [ -38.622501, -3.816967, 0.0 ], [ -38.62152, -3.815259, 0.0 ], [ -38.625545, -3.812227, 0.0 ], [ -38.626861, -3.811229, 0.0 ], [ -38.628067, -3.810371, 0.0 ], [ -38.628204, -3.810353, 0.0 ], [ -38.630527, -3.809744, 0.0 ], [ -38.629768, -3.806537, 0.0 ], [ -38.633229, -3.80567, 0.0 ], [ -38.636317, -3.805022, 0.0 ], [ -38.636978, -3.804835, 0.0 ], [ -38.637726, -3.804689, 0.0 ], [ -38.637932, -3.801327, 0.0 ], [ -38.637847, -3.801323, 0.0 ], [ -38.637809, -3.801298, 0.0 ], [ -38.637791, -3.801277, 0.0 ], [ -38.637777, -3.801264, 0.0 ], [ -38.637741, -3.801252, 0.0 ], [ -38.637704, -3.801243, 0.0 ], [ -38.637673, -3.801237, 0.0 ], [ -38.637626, -3.801235, 0.0 ], [ -38.637574, -3.801193, 0.0 ], [ -38.637556, -3.801172, 0.0 ], [ -38.637544, -3.801166, 0.0 ], [ -38.637511, -3.801168, 0.0 ], [ -38.637504, -3.801166, 0.0 ], [ -38.6375, -3.801161, 0.0 ], [ -38.637487, -3.801137, 0.0 ], [ -38.637469, -3.801127, 0.0 ], [ -38.637453, -3.801121, 0.0 ], [ -38.637396, -3.801085, 0.0 ], [ -38.637379, -3.801077, 0.0 ], [ -38.637368, -3.801064, 0.0 ], [ -38.637352, -3.801033, 0.0 ], [ -38.637319, -3.800984, 0.0 ], [ -38.637261, -3.800909, 0.0 ], [ -38.63723, -3.800889, 0.0 ], [ -38.637214, -3.800881, 0.0 ], [ -38.637208, -3.800872, 0.0 ], [ -38.637203, -3.800858, 0.0 ], [ -38.637199, -3.800826, 0.0 ], [ -38.637194, -3.800809, 0.0 ], [ -38.637184, -3.800794, 0.0 ], [ -38.637172, -3.800787, 0.0 ], [ -38.637159, -3.800782, 0.0 ], [ -38.637131, -3.80078, 0.0 ], [ -38.637098, -3.80077, 0.0 ], [ -38.637076, -3.800737, 0.0 ], [ -38.637045, -3.800711, 0.0 ], [ -38.637007, -3.800695, 0.0 ], [ -38.636968, -3.800659, 0.0 ], [ -38.636946, -3.800644, 0.0 ], [ -38.636909, -3.800624, 0.0 ], [ -38.636873, -3.800608, 0.0 ], [ -38.636847, -3.800591, 0.0 ], [ -38.636817, -3.800569, 0.0 ], [ -38.636785, -3.800556, 0.0 ], [ -38.636768, -3.800551, 0.0 ], [ -38.6367, -3.800525, 0.0 ], [ -38.6367, -3.8005, 0.0 ], [ -38.636698, -3.800463, 0.0 ], [ -38.636692, -3.800423, 0.0 ], [ -38.636687, -3.800398, 0.0 ], [ -38.636678, -3.800355, 0.0 ], [ -38.63668, -3.800327, 0.0 ], [ -38.636682, -3.800304, 0.0 ], [ -38.636676, -3.800275, 0.0 ], [ -38.636674, -3.800247, 0.0 ], [ -38.636652, -3.800215, 0.0 ], [ -38.636645, -3.800168, 0.0 ], [ -38.636652, -3.800148, 0.0 ], [ -38.636682, -3.800097, 0.0 ], [ -38.636705, -3.800062, 0.0 ], [ -38.636723, -3.800022, 0.0 ], [ -38.636724, -3.799914, 0.0 ], [ -38.636665, -3.799849, 0.0 ], [ -38.636631, -3.799723, 0.0 ], [ -38.636573, -3.799621, 0.0 ], [ -38.636535, -3.799587, 0.0 ], [ -38.636347, -3.79961, 0.0 ], [ -38.636212, -3.799678, 0.0 ], [ -38.636151, -3.799689, 0.0 ], [ -38.636068, -3.799683, 0.0 ], [ -38.635984, -3.799675, 0.0 ], [ -38.635973, -3.799675, 0.0 ], [ -38.635929, -3.799663, 0.0 ], [ -38.635889, -3.799646, 0.0 ], [ -38.635847, -3.79962, 0.0 ], [ -38.635823, -3.799596, 0.0 ], [ -38.635803, -3.799536, 0.0 ], [ -38.635774, -3.799488, 0.0 ], [ -38.63574, -3.799457, 0.0 ], [ -38.635687, -3.799445, 0.0 ], [ -38.635644, -3.799434, 0.0 ], [ -38.635609, -3.799419, 0.0 ], [ -38.635587, -3.799374, 0.0 ], [ -38.635576, -3.799325, 0.0 ], [ -38.635589, -3.799252, 0.0 ], [ -38.635549, -3.799197, 0.0 ], [ -38.635514, -3.799174, 0.0 ], [ -38.63548, -3.799152, 0.0 ], [ -38.635451, -3.799093, 0.0 ], [ -38.635387, -3.799047, 0.0 ], [ -38.635334, -3.79902, 0.0 ], [ -38.635286, -3.799013, 0.0 ], [ -38.635265, -3.798979, 0.0 ], [ -38.635244, -3.798939, 0.0 ], [ -38.635212, -3.79891, 0.0 ], [ -38.635178, -3.79888, 0.0 ], [ -38.635126, -3.798853, 0.0 ], [ -38.635089, -3.798827, 0.0 ], [ -38.635055, -3.798797, 0.0 ], [ -38.635028, -3.798754, 0.0 ], [ -38.634996, -3.798725, 0.0 ], [ -38.634972, -3.798691, 0.0 ], [ -38.634955, -3.798645, 0.0 ], [ -38.63494, -3.798571, 0.0 ], [ -38.634914, -3.79851, 0.0 ], [ -38.634892, -3.798427, 0.0 ], [ -38.634861, -3.798386, 0.0 ], [ -38.63484, -3.798347, 0.0 ], [ -38.634825, -3.798284, 0.0 ], [ -38.634811, -3.79823, 0.0 ], [ -38.634793, -3.798182, 0.0 ], [ -38.634757, -3.798135, 0.0 ], [ -38.634702, -3.79811, 0.0 ], [ -38.63468, -3.798068, 0.0 ], [ -38.634671, -3.798022, 0.0 ], [ -38.634645, -3.79795, 0.0 ], [ -38.634599, -3.797898, 0.0 ], [ -38.634569, -3.797882, 0.0 ], [ -38.634541, -3.797839, 0.0 ], [ -38.634509, -3.797801, 0.0 ], [ -38.634483, -3.797757, 0.0 ], [ -38.634472, -3.797692, 0.0 ], [ -38.63446, -3.797613, 0.0 ], [ -38.634461, -3.797558, 0.0 ], [ -38.634467, -3.797495, 0.0 ], [ -38.634486, -3.797419, 0.0 ], [ -38.634494, -3.797389, 0.0 ], [ -38.634514, -3.797319, 0.0 ], [ -38.634553, -3.79726, 0.0 ], [ -38.6346, -3.797183, 0.0 ], [ -38.634664, -3.797137, 0.0 ], [ -38.634748, -3.797091, 0.0 ], [ -38.634793, -3.797069, 0.0 ], [ -38.634863, -3.797022, 0.0 ], [ -38.634906, -3.796961, 0.0 ], [ -38.634941, -3.796915, 0.0 ], [ -38.634984, -3.796881, 0.0 ], [ -38.634997, -3.796863, 0.0 ], [ -38.635026, -3.79683, 0.0 ], [ -38.635064, -3.796804, 0.0 ], [ -38.635116, -3.79678, 0.0 ], [ -38.635163, -3.796726, 0.0 ], [ -38.635182, -3.796699, 0.0 ], [ -38.635211, -3.796654, 0.0 ], [ -38.635218, -3.796639, 0.0 ], [ -38.635225, -3.796618, 0.0 ], [ -38.635231, -3.79661, 0.0 ], [ -38.635236, -3.796598, 0.0 ], [ -38.635238, -3.796586, 0.0 ], [ -38.635248, -3.796563, 0.0 ], [ -38.63526, -3.79652, 0.0 ], [ -38.635269, -3.796502, 0.0 ], [ -38.635277, -3.796492, 0.0 ], [ -38.635291, -3.796465, 0.0 ], [ -38.635291, -3.796443, 0.0 ], [ -38.635294, -3.796431, 0.0 ], [ -38.635298, -3.796392, 0.0 ], [ -38.635301, -3.79629, 0.0 ], [ -38.635303, -3.796273, 0.0 ], [ -38.635318, -3.79624, 0.0 ], [ -38.635331, -3.796218, 0.0 ], [ -38.635347, -3.796196, 0.0 ], [ -38.635351, -3.796123, 0.0 ], [ -38.635356, -3.796094, 0.0 ], [ -38.635346, -3.796049, 0.0 ], [ -38.635313, -3.796009, 0.0 ], [ -38.635258, -3.795967, 0.0 ], [ -38.635218, -3.795945, 0.0 ], [ -38.635189, -3.795914, 0.0 ], [ -38.635153, -3.795832, 0.0 ], [ -38.635135, -3.795795, 0.0 ], [ -38.635118, -3.795742, 0.0 ], [ -38.635118, -3.79567, 0.0 ], [ -38.635123, -3.795647, 0.0 ], [ -38.635127, -3.795638, 0.0 ], [ -38.63513, -3.795626, 0.0 ], [ -38.635139, -3.795606, 0.0 ], [ -38.635141, -3.795587, 0.0 ], [ -38.635148, -3.795558, 0.0 ], [ -38.635164, -3.795519, 0.0 ], [ -38.635177, -3.795494, 0.0 ], [ -38.635199, -3.795471, 0.0 ], [ -38.635259, -3.795423, 0.0 ], [ -38.635301, -3.795352, 0.0 ], [ -38.635354, -3.795269, 0.0 ], [ -38.635375, -3.795226, 0.0 ], [ -38.635406, -3.795117, 0.0 ], [ -38.635415, -3.79508, 0.0 ], [ -38.635429, -3.795039, 0.0 ], [ -38.635448, -3.795001, 0.0 ], [ -38.635477, -3.794958, 0.0 ], [ -38.635501, -3.794945, 0.0 ], [ -38.635559, -3.794921, 0.0 ], [ -38.635594, -3.7949, 0.0 ], [ -38.635622, -3.794874, 0.0 ], [ -38.635661, -3.794796, 0.0 ], [ -38.635674, -3.794745, 0.0 ], [ -38.635677, -3.794694, 0.0 ], [ -38.635688, -3.794604, 0.0 ], [ -38.63569, -3.794556, 0.0 ], [ -38.635707, -3.794506, 0.0 ], [ -38.635707, -3.794438, 0.0 ], [ -38.635679, -3.79437, 0.0 ], [ -38.635656, -3.794322, 0.0 ], [ -38.635647, -3.794299, 0.0 ], [ -38.635627, -3.794269, 0.0 ], [ -38.635623, -3.794261, 0.0 ], [ -38.635615, -3.794239, 0.0 ], [ -38.635612, -3.794203, 0.0 ], [ -38.635604, -3.794175, 0.0 ], [ -38.635598, -3.794161, 0.0 ], [ -38.635596, -3.794152, 0.0 ], [ -38.635589, -3.794138, 0.0 ], [ -38.635587, -3.794128, 0.0 ], [ -38.63558, -3.794118, 0.0 ], [ -38.635576, -3.794102, 0.0 ], [ -38.635569, -3.794086, 0.0 ], [ -38.635562, -3.794052, 0.0 ], [ -38.635561, -3.794037, 0.0 ], [ -38.635556, -3.794025, 0.0 ], [ -38.635554, -3.794008, 0.0 ], [ -38.635551, -3.793991, 0.0 ], [ -38.635552, -3.793959, 0.0 ], [ -38.635537, -3.793878, 0.0 ], [ -38.635534, -3.793849, 0.0 ], [ -38.635512, -3.793767, 0.0 ], [ -38.635509, -3.793731, 0.0 ], [ -38.635503, -3.793699, 0.0 ], [ -38.635453, -3.793628, 0.0 ], [ -38.635449, -3.793621, 0.0 ], [ -38.63544, -3.793612, 0.0 ], [ -38.635386, -3.793587, 0.0 ], [ -38.635279, -3.79356, 0.0 ], [ -38.635234, -3.793547, 0.0 ], [ -38.635222, -3.793543, 0.0 ], [ -38.635179, -3.793541, 0.0 ], [ -38.635154, -3.793536, 0.0 ], [ -38.635141, -3.793536, 0.0 ], [ -38.635098, -3.793531, 0.0 ], [ -38.635087, -3.793531, 0.0 ], [ -38.635064, -3.793527, 0.0 ], [ -38.635053, -3.793522, 0.0 ], [ -38.635028, -3.793515, 0.0 ], [ -38.634996, -3.793483, 0.0 ], [ -38.634944, -3.79341, 0.0 ], [ -38.634901, -3.793344, 0.0 ], [ -38.634871, -3.793291, 0.0 ], [ -38.634888, -3.793252, 0.0 ], [ -38.634892, -3.793236, 0.0 ], [ -38.634902, -3.793222, 0.0 ], [ -38.63491, -3.793203, 0.0 ], [ -38.634939, -3.793163, 0.0 ], [ -38.634944, -3.793163, 0.0 ], [ -38.634965, -3.793133, 0.0 ], [ -38.635005, -3.793108, 0.0 ], [ -38.635015, -3.793065, 0.0 ], [ -38.634987, -3.792981, 0.0 ], [ -38.634939, -3.792968, 0.0 ], [ -38.634892, -3.792963, 0.0 ], [ -38.634856, -3.792936, 0.0 ], [ -38.634855, -3.792899, 0.0 ], [ -38.634872, -3.792855, 0.0 ], [ -38.634927, -3.792812, 0.0 ], [ -38.634941, -3.79276, 0.0 ], [ -38.634951, -3.792742, 0.0 ], [ -38.634975, -3.792716, 0.0 ], [ -38.634981, -3.792711, 0.0 ], [ -38.634994, -3.792707, 0.0 ], [ -38.635011, -3.792695, 0.0 ], [ -38.63502, -3.792684, 0.0 ], [ -38.635033, -3.792676, 0.0 ], [ -38.635079, -3.792618, 0.0 ], [ -38.635115, -3.792536, 0.0 ], [ -38.635132, -3.792481, 0.0 ], [ -38.635077, -3.792334, 0.0 ], [ -38.635074, -3.792066, 0.0 ], [ -38.634881, -3.79171, 0.0 ], [ -38.634355, -3.791229, 0.0 ], [ -38.63386, -3.790755, 0.0 ], [ -38.633436, -3.790583, 0.0 ], [ -38.631548, -3.783688, 0.0 ], [ -38.630895, -3.783873, 0.0 ], [ -38.629459, -3.784281, 0.0 ], [ -38.628022, -3.78468, 0.0 ], [ -38.627825, -3.784007, 0.0 ], [ -38.627631, -3.783311, 0.0 ], [ -38.627554, -3.783066, 0.0 ], [ -38.627446, -3.782632, 0.0 ], [ -38.626456, -3.782901, 0.0 ], [ -38.626003, -3.783027, 0.0 ], [ -38.6258, -3.782318, 0.0 ], [ -38.625626, -3.781653, 0.0 ], [ -38.625442, -3.780961, 0.0 ], [ -38.623972, -3.781352, 0.0 ], [ -38.62251, -3.78179, 0.0 ], [ -38.62212, -3.780369, 0.0 ], [ -38.621733, -3.778947, 0.0 ], [ -38.62133, -3.777568, 0.0 ], [ -38.621186, -3.777058, 0.0 ], [ -38.621174, -3.777057, 0.0 ], [ -38.620619, -3.777002, 0.0 ], [ -38.619579, -3.776909, 0.0 ], [ -38.617944, -3.776727, 0.0 ], [ -38.616499, -3.776579, 0.0 ], [ -38.614545, -3.776374, 0.0 ], [ -38.613125, -3.776232, 0.0 ], [ -38.612604, -3.776179, 0.0 ], [ -38.611544, -3.776037, 0.0 ], [ -38.610191, -3.775862, 0.0 ], [ -38.609839, -3.775817, 0.0 ], [ -38.608887, -3.775694, 0.0 ], [ -38.607627, -3.775528, 0.0 ], [ -38.607131, -3.775435, 0.0 ], [ -38.605986, -3.775201, 0.0 ], [ -38.605946, -3.775197, 0.0 ], [ -38.605904, -3.775192, 0.0 ], [ -38.605371, -3.775127, 0.0 ], [ -38.603677, -3.774924, 0.0 ], [ -38.603589, -3.774912, 0.0 ], [ -38.602066, -3.774747, 0.0 ], [ -38.601777, -3.774673, 0.0 ], [ -38.601444, -3.774505, 0.0 ], [ -38.601348, -3.774408, 0.0 ], [ -38.601089, -3.774122, 0.0 ], [ -38.600641, -3.77351, 0.0 ], [ -38.600459, -3.773283, 0.0 ], [ -38.600369, -3.773232, 0.0 ], [ -38.60026, -3.773176, 0.0 ], [ -38.600095, -3.773131, 0.0 ], [ -38.599959, -3.773129, 0.0 ], [ -38.598847, -3.773301, 0.0 ], [ -38.598674, -3.773309, 0.0 ], [ -38.598531, -3.77329, 0.0 ], [ -38.598343, -3.773219, 0.0 ], [ -38.598165, -3.773076, 0.0 ], [ -38.598063, -3.77295, 0.0 ], [ -38.598012, -3.772826, 0.0 ], [ -38.597964, -3.772645, 0.0 ], [ -38.597831, -3.772002, 0.0 ], [ -38.597481, -3.772151, 0.0 ], [ -38.597205, -3.772262, 0.0 ], [ -38.597144, -3.772287, 0.0 ], [ -38.597076, -3.772319, 0.0 ], [ -38.597016, -3.772352, 0.0 ], [ -38.596951, -3.772394, 0.0 ], [ -38.596891, -3.772437, 0.0 ], [ -38.596665, -3.772588, 0.0 ], [ -38.596446, -3.772745, 0.0 ], [ -38.596375, -3.772778, 0.0 ], [ -38.596319, -3.772802, 0.0 ], [ -38.596194, -3.77285, 0.0 ], [ -38.596118, -3.772876, 0.0 ], [ -38.596099, -3.772824, 0.0 ], [ -38.596029, -3.77265, 0.0 ], [ -38.596016, -3.772549, 0.0 ], [ -38.596013, -3.772386, 0.0 ], [ -38.596005, -3.772248, 0.0 ], [ -38.596002, -3.772201, 0.0 ], [ -38.595982, -3.772108, 0.0 ], [ -38.595948, -3.772031, 0.0 ], [ -38.595895, -3.771953, 0.0 ], [ -38.595833, -3.771893, 0.0 ], [ -38.595778, -3.771856, 0.0 ], [ -38.59572, -3.771833, 0.0 ], [ -38.595613, -3.771793, 0.0 ], [ -38.595562, -3.771775, 0.0 ], [ -38.595062, -3.772165, 0.0 ], [ -38.593955, -3.773032, 0.0 ], [ -38.592654, -3.774037, 0.0 ], [ -38.59214, -3.773498, 0.0 ], [ -38.592081, -3.77344, 0.0 ], [ -38.592026, -3.773386, 0.0 ], [ -38.591956, -3.773333, 0.0 ], [ -38.591823, -3.773237, 0.0 ], [ -38.591699, -3.77315, 0.0 ], [ -38.591664, -3.773121, 0.0 ], [ -38.591614, -3.77308, 0.0 ], [ -38.591553, -3.773024, 0.0 ], [ -38.591487, -3.772963, 0.0 ], [ -38.59131, -3.772823, 0.0 ], [ -38.590948, -3.772517, 0.0 ], [ -38.590865, -3.772563, 0.0 ], [ -38.590784, -3.772615, 0.0 ], [ -38.590703, -3.772676, 0.0 ], [ -38.590663, -3.77271, 0.0 ], [ -38.590488, -3.772859, 0.0 ], [ -38.590359, -3.772951, 0.0 ], [ -38.590232, -3.773038, 0.0 ], [ -38.589988, -3.77322, 0.0 ], [ -38.589869, -3.773301, 0.0 ], [ -38.589727, -3.773392, 0.0 ], [ -38.589623, -3.77345, 0.0 ], [ -38.589371, -3.773606, 0.0 ], [ -38.589026, -3.773819, 0.0 ], [ -38.588641, -3.774065, 0.0 ], [ -38.58851, -3.774053, 0.0 ], [ -38.588246, -3.77403, 0.0 ], [ -38.587926, -3.774005, 0.0 ], [ -38.587477, -3.773975, 0.0 ], [ -38.586877, -3.77394, 0.0 ], [ -38.586803, -3.773936, 0.0 ], [ -38.586738, -3.773924, 0.0 ], [ -38.586677, -3.773912, 0.0 ], [ -38.586561, -3.773879, 0.0 ], [ -38.586476, -3.773847, 0.0 ], [ -38.586464, -3.773843, 0.0 ], [ -38.586397, -3.773816, 0.0 ], [ -38.5863, -3.773775, 0.0 ], [ -38.586198, -3.773725, 0.0 ], [ -38.586102, -3.773672, 0.0 ], [ -38.585864, -3.773536, 0.0 ], [ -38.585585, -3.773377, 0.0 ], [ -38.585542, -3.773353, 0.0 ], [ -38.5855, -3.773329, 0.0 ], [ -38.585491, -3.773324, 0.0 ], [ -38.585463, -3.773307, 0.0 ], [ -38.585371, -3.773259, 0.0 ], [ -38.585321, -3.773236, 0.0 ], [ -38.585269, -3.773212, 0.0 ], [ -38.585217, -3.773192, 0.0 ], [ -38.585167, -3.773173, 0.0 ], [ -38.585115, -3.773156, 0.0 ], [ -38.585093, -3.773149, 0.0 ], [ -38.585062, -3.77314, 0.0 ], [ -38.585006, -3.773128, 0.0 ], [ -38.584958, -3.77312, 0.0 ], [ -38.584931, -3.773117, 0.0 ], [ -38.584896, -3.773113, 0.0 ], [ -38.584868, -3.773113, 0.0 ], [ -38.584833, -3.773112, 0.0 ], [ -38.58479, -3.773114, 0.0 ], [ -38.584738, -3.773117, 0.0 ], [ -38.584723, -3.77312, 0.0 ], [ -38.584676, -3.77313, 0.0 ], [ -38.584659, -3.773135, 0.0 ], [ -38.584593, -3.773161, 0.0 ], [ -38.584492, -3.773215, 0.0 ], [ -38.584404, -3.773266, 0.0 ], [ -38.584393, -3.773273, 0.0 ], [ -38.584252, -3.773356, 0.0 ], [ -38.583887, -3.77357, 0.0 ], [ -38.583852, -3.773592, 0.0 ], [ -38.583812, -3.773621, 0.0 ], [ -38.58377, -3.773654, 0.0 ], [ -38.58373, -3.77369, 0.0 ], [ -38.58369, -3.773728, 0.0 ], [ -38.583656, -3.773766, 0.0 ], [ -38.583623, -3.773809, 0.0 ], [ -38.583513, -3.773954, 0.0 ], [ -38.583488, -3.773982, 0.0 ], [ -38.583453, -3.774022, 0.0 ], [ -38.583415, -3.774061, 0.0 ], [ -38.583379, -3.774098, 0.0 ], [ -38.583176, -3.774281, 0.0 ], [ -38.583015, -3.774421, 0.0 ], [ -38.582829, -3.774583, 0.0 ], [ -38.582644, -3.774745, 0.0 ], [ -38.582614, -3.774771, 0.0 ], [ -38.582441, -3.774922, 0.0 ], [ -38.582289, -3.775054, 0.0 ], [ -38.582221, -3.775111, 0.0 ], [ -38.582177, -3.775145, 0.0 ], [ -38.582134, -3.775177, 0.0 ], [ -38.582099, -3.775198, 0.0 ], [ -38.582071, -3.775214, 0.0 ], [ -38.582031, -3.775233, 0.0 ], [ -38.581991, -3.775247, 0.0 ], [ -38.581958, -3.775257, 0.0 ], [ -38.581933, -3.775264, 0.0 ], [ -38.581909, -3.775269, 0.0 ], [ -38.581761, -3.775305, 0.0 ], [ -38.581711, -3.775317, 0.0 ], [ -38.581607, -3.775342, 0.0 ], [ -38.581468, -3.775376, 0.0 ], [ -38.581256, -3.775426, 0.0 ], [ -38.580919, -3.775505, 0.0 ], [ -38.580363, -3.775626, 0.0 ], [ -38.580023, -3.7757, 0.0 ], [ -38.579697, -3.775773, 0.0 ], [ -38.579464, -3.775825, 0.0 ], [ -38.579312, -3.77586, 0.0 ], [ -38.579198, -3.775889, 0.0 ], [ -38.579114, -3.775914, 0.0 ], [ -38.579037, -3.775939, 0.0 ], [ -38.57893, -3.775977, 0.0 ], [ -38.578616, -3.77611, 0.0 ], [ -38.578586, -3.776123, 0.0 ], [ -38.578257, -3.77626, 0.0 ], [ -38.57819, -3.776286, 0.0 ], [ -38.578114, -3.776314, 0.0 ], [ -38.578055, -3.776333, 0.0 ], [ -38.577974, -3.776354, 0.0 ], [ -38.577903, -3.776368, 0.0 ], [ -38.577773, -3.776389, 0.0 ], [ -38.57766, -3.776401, 0.0 ], [ -38.577095, -3.776448, 0.0 ], [ -38.577055, -3.776454, 0.0 ], [ -38.577005, -3.776468, 0.0 ], [ -38.576944, -3.776487, 0.0 ], [ -38.57673, -3.77657, 0.0 ], [ -38.576203, -3.77678, 0.0 ], [ -38.576279, -3.776872, 0.0 ], [ -38.576436, -3.777051, 0.0 ], [ -38.576638, -3.777282, 0.0 ], [ -38.576737, -3.777395, 0.0 ], [ -38.576842, -3.777514, 0.0 ], [ -38.57703, -3.777731, 0.0 ], [ -38.577085, -3.777794, 0.0 ], [ -38.577196, -3.777921, 0.0 ], [ -38.577311, -3.778051, 0.0 ], [ -38.57741, -3.778166, 0.0 ], [ -38.577513, -3.778283, 0.0 ], [ -38.577682, -3.778478, 0.0 ], [ -38.577708, -3.778507, 0.0 ], [ -38.57773, -3.778535, 0.0 ], [ -38.57791, -3.778744, 0.0 ], [ -38.57803, -3.778877, 0.0 ], [ -38.578087, -3.778942, 0.0 ], [ -38.578505, -3.779414, 0.0 ], [ -38.578659, -3.779599, 0.0 ], [ -38.579047, -3.780029, 0.0 ], [ -38.579265, -3.780275, 0.0 ], [ -38.579422, -3.780458, 0.0 ], [ -38.579829, -3.780923, 0.0 ], [ -38.580128, -3.781278, 0.0 ], [ -38.580202, -3.781365, 0.0 ], [ -38.580282, -3.781455, 0.0 ], [ -38.580477, -3.781679, 0.0 ], [ -38.58075, -3.78199, 0.0 ], [ -38.580935, -3.782201, 0.0 ], [ -38.581201, -3.782508, 0.0 ], [ -38.581318, -3.782639, 0.0 ], [ -38.58139, -3.78272, 0.0 ], [ -38.581637, -3.783003, 0.0 ], [ -38.581688, -3.783062, 0.0 ], [ -38.581826, -3.783221, 0.0 ], [ -38.582019, -3.783441, 0.0 ], [ -38.582335, -3.783809, 0.0 ], [ -38.582463, -3.783954, 0.0 ], [ -38.582583, -3.784094, 0.0 ], [ -38.582672, -3.784198, 0.0 ], [ -38.582868, -3.784422, 0.0 ], [ -38.58325, -3.784866, 0.0 ], [ -38.583449, -3.785094, 0.0 ], [ -38.583707, -3.78545, 0.0 ], [ -38.583987, -3.785861, 0.0 ], [ -38.58427, -3.78629, 0.0 ], [ -38.584467, -3.78656, 0.0 ], [ -38.584644, -3.786913, 0.0 ], [ -38.584826, -3.787323, 0.0 ], [ -38.58516, -3.787532, 0.0 ], [ -38.585452, -3.78778, 0.0 ], [ -38.585688, -3.787981, 0.0 ], [ -38.586934, -3.789261, 0.0 ], [ -38.588019, -3.790375, 0.0 ], [ -38.588619, -3.791003, 0.0 ], [ -38.589304, -3.791702, 0.0 ], [ -38.59026, -3.79269, 0.0 ], [ -38.590798, -3.793248, 0.0 ], [ -38.591041, -3.793498, 0.0 ], [ -38.591506, -3.793976, 0.0 ], [ -38.591736, -3.794211, 0.0 ] ] ] } },
{ "type": "Feature", "properties": { "regional": 6, "area_km2": 44.710916405927925, "n_bairros": 15 }, "geometry": { "type": "Polygon", "coordinates": [ [ [ -38.485656, -3.864658, 0.0 ], [ -38.485712, -3.864741, 0.0 ], [ -38.485773, -3.864878, 0.0 ], [ -38.485828, -3.865009, 0.0 ], [ -38.485844, -3.865054, 0.0 ], [ -38.485856, -3.865099, 0.0 ], [ -38.485893, -3.865162, 0.0 ], [ -38.485917, -3.865191, 0.0 ], [ -38.485932, -3.865241, 0.0 ], [ -38.485987, -3.865311, 0.0 ], [ -38.486083, -3.865384, 0.0 ], [ -38.486159, -3.865452, 0.0 ], [ -38.486189, -3.865461, 0.0 ], [ -38.486206, -3.865458, 0.0 ], [ -38.486225, -3.865441, 0.0 ], [ -38.486274, -3.865426, 0.0 ], [ -38.48631, -3.865406, 0.0 ], [ -38.486333, -3.865401, 0.0 ], [ -38.486366, -3.865403, 0.0 ], [ -38.486375, -3.865413, 0.0 ], [ -38.486377, -3.865453, 0.0 ], [ -38.486374, -3.865485, 0.0 ], [ -38.486374, -3.865519, 0.0 ], [ -38.486415, -3.865555, 0.0 ], [ -38.486449, -3.86558, 0.0 ], [ -38.486486, -3.86559, 0.0 ], [ -38.486527, -3.865587, 0.0 ], [ -38.48658, -3.865593, 0.0 ], [ -38.486626, -3.865605, 0.0 ], [ -38.486657, -3.86561, 0.0 ], [ -38.486704, -3.865624, 0.0 ], [ -38.486771, -3.865651, 0.0 ], [ -38.486801, -3.86565, 0.0 ], [ -38.486855, -3.865676, 0.0 ], [ -38.486909, -3.865694, 0.0 ], [ -38.486939, -3.865696, 0.0 ], [ -38.48697, -3.865689, 0.0 ], [ -38.486991, -3.865687, 0.0 ], [ -38.487016, -3.86569, 0.0 ], [ -38.487045, -3.865698, 0.0 ], [ -38.487072, -3.865692, 0.0 ], [ -38.487126, -3.865666, 0.0 ], [ -38.487181, -3.86567, 0.0 ], [ -38.487264, -3.86566, 0.0 ], [ -38.487314, -3.865647, 0.0 ], [ -38.487337, -3.865653, 0.0 ], [ -38.487363, -3.865657, 0.0 ], [ -38.487384, -3.865663, 0.0 ], [ -38.487412, -3.865679, 0.0 ], [ -38.487443, -3.865695, 0.0 ], [ -38.487482, -3.865721, 0.0 ], [ -38.487513, -3.865738, 0.0 ], [ -38.487556, -3.865772, 0.0 ], [ -38.487645, -3.86582, 0.0 ], [ -38.487694, -3.865824, 0.0 ], [ -38.487767, -3.865772, 0.0 ], [ -38.487837, -3.865747, 0.0 ], [ -38.487882, -3.865742, 0.0 ], [ -38.487913, -3.865747, 0.0 ], [ -38.488053, -3.865796, 0.0 ], [ -38.488138, -3.86589, 0.0 ], [ -38.488148, -3.86591, 0.0 ], [ -38.488139, -3.865951, 0.0 ], [ -38.488112, -3.865995, 0.0 ], [ -38.488112, -3.866048, 0.0 ], [ -38.488111, -3.866113, 0.0 ], [ -38.488153, -3.866157, 0.0 ], [ -38.488209, -3.866182, 0.0 ], [ -38.488241, -3.866245, 0.0 ], [ -38.488261, -3.866356, 0.0 ], [ -38.488322, -3.866423, 0.0 ], [ -38.488317, -3.866491, 0.0 ], [ -38.488317, -3.866549, 0.0 ], [ -38.48834, -3.866611, 0.0 ], [ -38.488396, -3.866636, 0.0 ], [ -38.488466, -3.866664, 0.0 ], [ -38.488527, -3.866701, 0.0 ], [ -38.488575, -3.866747, 0.0 ], [ -38.488616, -3.866885, 0.0 ], [ -38.488654, -3.866881, 0.0 ], [ -38.488675, -3.866881, 0.0 ], [ -38.488688, -3.866911, 0.0 ], [ -38.488724, -3.867127, 0.0 ], [ -38.488692, -3.867162, 0.0 ], [ -38.48866, -3.867222, 0.0 ], [ -38.488667, -3.86729, 0.0 ], [ -38.488672, -3.867367, 0.0 ], [ -38.488714, -3.867467, 0.0 ], [ -38.488754, -3.867575, 0.0 ], [ -38.488833, -3.867634, 0.0 ], [ -38.488993, -3.867698, 0.0 ], [ -38.489021, -3.867746, 0.0 ], [ -38.489023, -3.867869, 0.0 ], [ -38.488979, -3.868064, 0.0 ], [ -38.488953, -3.868472, 0.0 ], [ -38.488804, -3.8688, 0.0 ], [ -38.488559, -3.869307, 0.0 ], [ -38.488713, -3.869606, 0.0 ], [ -38.488888, -3.86975, 0.0 ], [ -38.488915, -3.869741, 0.0 ], [ -38.488919, -3.869745, 0.0 ], [ -38.488925, -3.869749, 0.0 ], [ -38.488931, -3.869752, 0.0 ], [ -38.488936, -3.869756, 0.0 ], [ -38.488946, -3.869766, 0.0 ], [ -38.488952, -3.869773, 0.0 ], [ -38.488954, -3.869777, 0.0 ], [ -38.488974, -3.869801, 0.0 ], [ -38.488987, -3.869816, 0.0 ], [ -38.488992, -3.869821, 0.0 ], [ -38.489005, -3.869833, 0.0 ], [ -38.489015, -3.869842, 0.0 ], [ -38.489022, -3.869854, 0.0 ], [ -38.489028, -3.869865, 0.0 ], [ -38.489032, -3.869876, 0.0 ], [ -38.489034, -3.869885, 0.0 ], [ -38.489035, -3.869894, 0.0 ], [ -38.489033, -3.869908, 0.0 ], [ -38.489031, -3.869923, 0.0 ], [ -38.489028, -3.869935, 0.0 ], [ -38.489026, -3.869942, 0.0 ], [ -38.489024, -3.869951, 0.0 ], [ -38.489015, -3.869978, 0.0 ], [ -38.489011, -3.869993, 0.0 ], [ -38.489009, -3.870005, 0.0 ], [ -38.489006, -3.870016, 0.0 ], [ -38.489002, -3.870032, 0.0 ], [ -38.488996, -3.870049, 0.0 ], [ -38.488993, -3.870062, 0.0 ], [ -38.488992, -3.870073, 0.0 ], [ -38.488992, -3.870083, 0.0 ], [ -38.488993, -3.87009, 0.0 ], [ -38.488997, -3.870099, 0.0 ], [ -38.489003, -3.87011, 0.0 ], [ -38.489009, -3.87012, 0.0 ], [ -38.489014, -3.870129, 0.0 ], [ -38.489018, -3.870139, 0.0 ], [ -38.489021, -3.870148, 0.0 ], [ -38.489023, -3.870157, 0.0 ], [ -38.489029, -3.870171, 0.0 ], [ -38.489036, -3.870196, 0.0 ], [ -38.489045, -3.870231, 0.0 ], [ -38.489047, -3.870244, 0.0 ], [ -38.489049, -3.870259, 0.0 ], [ -38.489052, -3.870269, 0.0 ], [ -38.489056, -3.870277, 0.0 ], [ -38.489071, -3.8703, 0.0 ], [ -38.489075, -3.870306, 0.0 ], [ -38.489082, -3.870318, 0.0 ], [ -38.489091, -3.870333, 0.0 ], [ -38.489098, -3.870346, 0.0 ], [ -38.489103, -3.870356, 0.0 ], [ -38.489109, -3.870371, 0.0 ], [ -38.489121, -3.870409, 0.0 ], [ -38.489126, -3.870424, 0.0 ], [ -38.48913, -3.870433, 0.0 ], [ -38.489137, -3.870443, 0.0 ], [ -38.489146, -3.870457, 0.0 ], [ -38.489156, -3.870468, 0.0 ], [ -38.48917, -3.870487, 0.0 ], [ -38.489179, -3.8705, 0.0 ], [ -38.489186, -3.870509, 0.0 ], [ -38.489194, -3.870516, 0.0 ], [ -38.489201, -3.870522, 0.0 ], [ -38.489209, -3.870526, 0.0 ], [ -38.489219, -3.870531, 0.0 ], [ -38.489228, -3.870536, 0.0 ], [ -38.489236, -3.870541, 0.0 ], [ -38.489242, -3.870546, 0.0 ], [ -38.489249, -3.870552, 0.0 ], [ -38.489256, -3.870561, 0.0 ], [ -38.489263, -3.87057, 0.0 ], [ -38.489269, -3.870579, 0.0 ], [ -38.489274, -3.870589, 0.0 ], [ -38.489278, -3.870599, 0.0 ], [ -38.48928, -3.870612, 0.0 ], [ -38.489284, -3.87063, 0.0 ], [ -38.489289, -3.870648, 0.0 ], [ -38.489295, -3.870661, 0.0 ], [ -38.489307, -3.870676, 0.0 ], [ -38.489315, -3.870682, 0.0 ], [ -38.48933, -3.870695, 0.0 ], [ -38.489342, -3.870711, 0.0 ], [ -38.489351, -3.870727, 0.0 ], [ -38.489355, -3.870736, 0.0 ], [ -38.489357, -3.870743, 0.0 ], [ -38.48936, -3.870757, 0.0 ], [ -38.489363, -3.870772, 0.0 ], [ -38.489368, -3.870785, 0.0 ], [ -38.489379, -3.870807, 0.0 ], [ -38.489388, -3.870821, 0.0 ], [ -38.489397, -3.870838, 0.0 ], [ -38.489403, -3.870853, 0.0 ], [ -38.489406, -3.870865, 0.0 ], [ -38.489406, -3.870873, 0.0 ], [ -38.489401, -3.870877, 0.0 ], [ -38.489392, -3.870882, 0.0 ], [ -38.489382, -3.870885, 0.0 ], [ -38.489373, -3.870886, 0.0 ], [ -38.489365, -3.870889, 0.0 ], [ -38.48936, -3.870892, 0.0 ], [ -38.489356, -3.870897, 0.0 ], [ -38.489355, -3.870902, 0.0 ], [ -38.489355, -3.870909, 0.0 ], [ -38.489355, -3.870914, 0.0 ], [ -38.489356, -3.870918, 0.0 ], [ -38.48936, -3.870934, 0.0 ], [ -38.489367, -3.870949, 0.0 ], [ -38.489372, -3.870959, 0.0 ], [ -38.489377, -3.870967, 0.0 ], [ -38.48938, -3.870974, 0.0 ], [ -38.489384, -3.87098, 0.0 ], [ -38.489392, -3.870987, 0.0 ], [ -38.489402, -3.870994, 0.0 ], [ -38.489413, -3.871001, 0.0 ], [ -38.489422, -3.87101, 0.0 ], [ -38.48943, -3.871021, 0.0 ], [ -38.489431, -3.871032, 0.0 ], [ -38.489431, -3.871044, 0.0 ], [ -38.48943, -3.871053, 0.0 ], [ -38.489431, -3.87106, 0.0 ], [ -38.489438, -3.871071, 0.0 ], [ -38.48944, -3.871076, 0.0 ], [ -38.48944, -3.871082, 0.0 ], [ -38.48944, -3.871089, 0.0 ], [ -38.489441, -3.871096, 0.0 ], [ -38.489445, -3.871103, 0.0 ], [ -38.489446, -3.871115, 0.0 ], [ -38.489445, -3.871125, 0.0 ], [ -38.489444, -3.871133, 0.0 ], [ -38.489444, -3.871137, 0.0 ], [ -38.489447, -3.871144, 0.0 ], [ -38.489451, -3.871152, 0.0 ], [ -38.489455, -3.87116, 0.0 ], [ -38.48946, -3.87117, 0.0 ], [ -38.48946, -3.871176, 0.0 ], [ -38.489462, -3.871191, 0.0 ], [ -38.489469, -3.871203, 0.0 ], [ -38.48948, -3.871213, 0.0 ], [ -38.489495, -3.871219, 0.0 ], [ -38.48951, -3.871222, 0.0 ], [ -38.489522, -3.871223, 0.0 ], [ -38.489535, -3.871224, 0.0 ], [ -38.489548, -3.871226, 0.0 ], [ -38.489558, -3.871229, 0.0 ], [ -38.489567, -3.871232, 0.0 ], [ -38.489575, -3.871237, 0.0 ], [ -38.489581, -3.871243, 0.0 ], [ -38.489584, -3.871248, 0.0 ], [ -38.489587, -3.871252, 0.0 ], [ -38.489596, -3.871263, 0.0 ], [ -38.489611, -3.871272, 0.0 ], [ -38.48963, -3.871277, 0.0 ], [ -38.489648, -3.871278, 0.0 ], [ -38.489662, -3.871277, 0.0 ], [ -38.489674, -3.871274, 0.0 ], [ -38.489685, -3.871272, 0.0 ], [ -38.489694, -3.87127, 0.0 ], [ -38.489701, -3.87127, 0.0 ], [ -38.489708, -3.87127, 0.0 ], [ -38.489714, -3.871272, 0.0 ], [ -38.489721, -3.871275, 0.0 ], [ -38.489726, -3.87128, 0.0 ], [ -38.48973, -3.871283, 0.0 ], [ -38.489736, -3.871289, 0.0 ], [ -38.489742, -3.871295, 0.0 ], [ -38.489748, -3.871301, 0.0 ], [ -38.489754, -3.87131, 0.0 ], [ -38.489759, -3.871317, 0.0 ], [ -38.489771, -3.871332, 0.0 ], [ -38.489782, -3.871343, 0.0 ], [ -38.489791, -3.871352, 0.0 ], [ -38.489808, -3.871365, 0.0 ], [ -38.489813, -3.871371, 0.0 ], [ -38.489817, -3.871375, 0.0 ], [ -38.489821, -3.871382, 0.0 ], [ -38.48983, -3.87139, 0.0 ], [ -38.48984, -3.871397, 0.0 ], [ -38.489852, -3.871403, 0.0 ], [ -38.489862, -3.871408, 0.0 ], [ -38.489874, -3.871415, 0.0 ], [ -38.489881, -3.871417, 0.0 ], [ -38.489893, -3.871423, 0.0 ], [ -38.489904, -3.871429, 0.0 ], [ -38.489913, -3.871433, 0.0 ], [ -38.48992, -3.871438, 0.0 ], [ -38.489927, -3.871443, 0.0 ], [ -38.489931, -3.87145, 0.0 ], [ -38.489931, -3.871456, 0.0 ], [ -38.489929, -3.871462, 0.0 ], [ -38.489925, -3.871467, 0.0 ], [ -38.489918, -3.871473, 0.0 ], [ -38.489911, -3.871478, 0.0 ], [ -38.489905, -3.871482, 0.0 ], [ -38.489897, -3.871487, 0.0 ], [ -38.489885, -3.871493, 0.0 ], [ -38.489875, -3.871499, 0.0 ], [ -38.489865, -3.871505, 0.0 ], [ -38.48986, -3.87151, 0.0 ], [ -38.489859, -3.871515, 0.0 ], [ -38.489858, -3.871522, 0.0 ], [ -38.489856, -3.87153, 0.0 ], [ -38.489852, -3.871538, 0.0 ], [ -38.489847, -3.871545, 0.0 ], [ -38.489842, -3.871551, 0.0 ], [ -38.489836, -3.871553, 0.0 ], [ -38.48983, -3.871555, 0.0 ], [ -38.489819, -3.871553, 0.0 ], [ -38.489815, -3.871556, 0.0 ], [ -38.489816, -3.871561, 0.0 ], [ -38.489819, -3.871565, 0.0 ], [ -38.489822, -3.871569, 0.0 ], [ -38.48983, -3.871575, 0.0 ], [ -38.489834, -3.871577, 0.0 ], [ -38.489839, -3.871579, 0.0 ], [ -38.489852, -3.871581, 0.0 ], [ -38.489856, -3.871583, 0.0 ], [ -38.489866, -3.871588, 0.0 ], [ -38.489874, -3.871594, 0.0 ], [ -38.48988, -3.8716, 0.0 ], [ -38.489883, -3.871605, 0.0 ], [ -38.489888, -3.871616, 0.0 ], [ -38.489889, -3.871621, 0.0 ], [ -38.489892, -3.871628, 0.0 ], [ -38.489897, -3.871639, 0.0 ], [ -38.489907, -3.871666, 0.0 ], [ -38.489912, -3.871679, 0.0 ], [ -38.489921, -3.871702, 0.0 ], [ -38.489929, -3.871721, 0.0 ], [ -38.489935, -3.871735, 0.0 ], [ -38.489939, -3.871743, 0.0 ], [ -38.489942, -3.871747, 0.0 ], [ -38.48995, -3.871763, 0.0 ], [ -38.489966, -3.871794, 0.0 ], [ -38.489971, -3.871803, 0.0 ], [ -38.489975, -3.871811, 0.0 ], [ -38.489979, -3.871822, 0.0 ], [ -38.489983, -3.871834, 0.0 ], [ -38.489991, -3.871855, 0.0 ], [ -38.489994, -3.871862, 0.0 ], [ -38.489997, -3.871869, 0.0 ], [ -38.490011, -3.871896, 0.0 ], [ -38.490021, -3.871912, 0.0 ], [ -38.490028, -3.871923, 0.0 ], [ -38.490032, -3.871929, 0.0 ], [ -38.490037, -3.871937, 0.0 ], [ -38.490048, -3.871953, 0.0 ], [ -38.490058, -3.871969, 0.0 ], [ -38.490066, -3.871981, 0.0 ], [ -38.490071, -3.871989, 0.0 ], [ -38.490076, -3.871996, 0.0 ], [ -38.490089, -3.872011, 0.0 ], [ -38.490105, -3.87203, 0.0 ], [ -38.490119, -3.872046, 0.0 ], [ -38.490151, -3.872084, 0.0 ], [ -38.490175, -3.872109, 0.0 ], [ -38.490179, -3.872114, 0.0 ], [ -38.490196, -3.87213, 0.0 ], [ -38.49021, -3.872143, 0.0 ], [ -38.490229, -3.872161, 0.0 ], [ -38.490238, -3.87217, 0.0 ], [ -38.490264, -3.872197, 0.0 ], [ -38.490274, -3.872207, 0.0 ], [ -38.490284, -3.872216, 0.0 ], [ -38.49029, -3.872224, 0.0 ], [ -38.490315, -3.872266, 0.0 ], [ -38.490318, -3.872272, 0.0 ], [ -38.490322, -3.872279, 0.0 ], [ -38.49033, -3.872295, 0.0 ], [ -38.490347, -3.872323, 0.0 ], [ -38.490357, -3.872337, 0.0 ], [ -38.490364, -3.872346, 0.0 ], [ -38.49037, -3.872356, 0.0 ], [ -38.490375, -3.872366, 0.0 ], [ -38.490379, -3.872374, 0.0 ], [ -38.490387, -3.872395, 0.0 ], [ -38.490392, -3.872408, 0.0 ], [ -38.490396, -3.872418, 0.0 ], [ -38.490402, -3.872428, 0.0 ], [ -38.490407, -3.872436, 0.0 ], [ -38.490413, -3.872445, 0.0 ], [ -38.490422, -3.87246, 0.0 ], [ -38.490441, -3.872495, 0.0 ], [ -38.490448, -3.872505, 0.0 ], [ -38.490455, -3.872516, 0.0 ], [ -38.490461, -3.872524, 0.0 ], [ -38.490465, -3.872531, 0.0 ], [ -38.490469, -3.872539, 0.0 ], [ -38.490471, -3.872547, 0.0 ], [ -38.490476, -3.87256, 0.0 ], [ -38.490484, -3.872575, 0.0 ], [ -38.490491, -3.872587, 0.0 ], [ -38.490502, -3.872607, 0.0 ], [ -38.490506, -3.872615, 0.0 ], [ -38.49051, -3.872621, 0.0 ], [ -38.490514, -3.87263, 0.0 ], [ -38.490517, -3.87264, 0.0 ], [ -38.490521, -3.87265, 0.0 ], [ -38.490525, -3.872665, 0.0 ], [ -38.490528, -3.872675, 0.0 ], [ -38.490531, -3.872691, 0.0 ], [ -38.490536, -3.872706, 0.0 ], [ -38.49054, -3.872716, 0.0 ], [ -38.490544, -3.872724, 0.0 ], [ -38.490547, -3.872729, 0.0 ], [ -38.490558, -3.872748, 0.0 ], [ -38.490567, -3.872761, 0.0 ], [ -38.490576, -3.87277, 0.0 ], [ -38.490583, -3.872777, 0.0 ], [ -38.490604, -3.872803, 0.0 ], [ -38.490614, -3.872816, 0.0 ], [ -38.490625, -3.872828, 0.0 ], [ -38.490629, -3.872836, 0.0 ], [ -38.490639, -3.872857, 0.0 ], [ -38.490644, -3.872866, 0.0 ], [ -38.490656, -3.872882, 0.0 ], [ -38.490663, -3.87289, 0.0 ], [ -38.490668, -3.872899, 0.0 ], [ -38.490672, -3.872907, 0.0 ], [ -38.490675, -3.872914, 0.0 ], [ -38.490676, -3.872921, 0.0 ], [ -38.490678, -3.872937, 0.0 ], [ -38.49068, -3.872943, 0.0 ], [ -38.490684, -3.872947, 0.0 ], [ -38.490689, -3.872952, 0.0 ], [ -38.490696, -3.872956, 0.0 ], [ -38.490712, -3.872968, 0.0 ], [ -38.490718, -3.872972, 0.0 ], [ -38.490723, -3.872977, 0.0 ], [ -38.490729, -3.872983, 0.0 ], [ -38.490733, -3.87299, 0.0 ], [ -38.490737, -3.872997, 0.0 ], [ -38.490739, -3.873003, 0.0 ], [ -38.490745, -3.873008, 0.0 ], [ -38.490779, -3.873034, 0.0 ], [ -38.490786, -3.873039, 0.0 ], [ -38.490791, -3.873043, 0.0 ], [ -38.490796, -3.873047, 0.0 ], [ -38.490803, -3.873057, 0.0 ], [ -38.490822, -3.873083, 0.0 ], [ -38.49083, -3.873094, 0.0 ], [ -38.490835, -3.873101, 0.0 ], [ -38.49085, -3.873131, 0.0 ], [ -38.490856, -3.873141, 0.0 ], [ -38.490862, -3.873149, 0.0 ], [ -38.49087, -3.873158, 0.0 ], [ -38.490886, -3.873177, 0.0 ], [ -38.490895, -3.873183, 0.0 ], [ -38.490902, -3.873188, 0.0 ], [ -38.490912, -3.873193, 0.0 ], [ -38.490916, -3.873196, 0.0 ], [ -38.490921, -3.873199, 0.0 ], [ -38.49093, -3.873208, 0.0 ], [ -38.490935, -3.873213, 0.0 ], [ -38.490938, -3.873217, 0.0 ], [ -38.490939, -3.873224, 0.0 ], [ -38.490939, -3.873229, 0.0 ], [ -38.490941, -3.873238, 0.0 ], [ -38.490946, -3.873245, 0.0 ], [ -38.490951, -3.873249, 0.0 ], [ -38.490956, -3.873253, 0.0 ], [ -38.490958, -3.873261, 0.0 ], [ -38.490959, -3.873269, 0.0 ], [ -38.490959, -3.873276, 0.0 ], [ -38.490955, -3.873295, 0.0 ], [ -38.491004, -3.873504, 0.0 ], [ -38.491027, -3.873567, 0.0 ], [ -38.491072, -3.873728, 0.0 ], [ -38.491079, -3.873747, 0.0 ], [ -38.491083, -3.873755, 0.0 ], [ -38.491086, -3.873762, 0.0 ], [ -38.49109, -3.873771, 0.0 ], [ -38.491096, -3.873779, 0.0 ], [ -38.491103, -3.873787, 0.0 ], [ -38.491109, -3.873794, 0.0 ], [ -38.491114, -3.873799, 0.0 ], [ -38.491124, -3.873808, 0.0 ], [ -38.491131, -3.873813, 0.0 ], [ -38.491138, -3.873817, 0.0 ], [ -38.491155, -3.873829, 0.0 ], [ -38.491161, -3.873833, 0.0 ], [ -38.491168, -3.873836, 0.0 ], [ -38.491174, -3.873839, 0.0 ], [ -38.491177, -3.873841, 0.0 ], [ -38.491182, -3.873844, 0.0 ], [ -38.491193, -3.873851, 0.0 ], [ -38.491205, -3.873858, 0.0 ], [ -38.491214, -3.873865, 0.0 ], [ -38.491221, -3.873873, 0.0 ], [ -38.491227, -3.873881, 0.0 ], [ -38.491232, -3.873888, 0.0 ], [ -38.491237, -3.873899, 0.0 ], [ -38.491241, -3.873909, 0.0 ], [ -38.491244, -3.873917, 0.0 ], [ -38.491246, -3.873926, 0.0 ], [ -38.491247, -3.873933, 0.0 ], [ -38.491247, -3.87394, 0.0 ], [ -38.491248, -3.873957, 0.0 ], [ -38.491248, -3.873962, 0.0 ], [ -38.491248, -3.873971, 0.0 ], [ -38.49125, -3.873979, 0.0 ], [ -38.491253, -3.873985, 0.0 ], [ -38.491256, -3.873991, 0.0 ], [ -38.491259, -3.873994, 0.0 ], [ -38.491263, -3.873998, 0.0 ], [ -38.491268, -3.874002, 0.0 ], [ -38.491273, -3.874006, 0.0 ], [ -38.49128, -3.874008, 0.0 ], [ -38.491288, -3.874009, 0.0 ], [ -38.491296, -3.87401, 0.0 ], [ -38.491304, -3.87401, 0.0 ], [ -38.491311, -3.874009, 0.0 ], [ -38.491319, -3.874008, 0.0 ], [ -38.491326, -3.874009, 0.0 ], [ -38.491335, -3.874011, 0.0 ], [ -38.491357, -3.874019, 0.0 ], [ -38.491367, -3.874024, 0.0 ], [ -38.491375, -3.874029, 0.0 ], [ -38.491389, -3.874039, 0.0 ], [ -38.491396, -3.874043, 0.0 ], [ -38.491404, -3.874045, 0.0 ], [ -38.491409, -3.874048, 0.0 ], [ -38.491419, -3.87405, 0.0 ], [ -38.49145, -3.874057, 0.0 ], [ -38.49146, -3.87406, 0.0 ], [ -38.491474, -3.874064, 0.0 ], [ -38.491483, -3.874067, 0.0 ], [ -38.491498, -3.874074, 0.0 ], [ -38.491511, -3.874082, 0.0 ], [ -38.49153, -3.874094, 0.0 ], [ -38.491537, -3.874099, 0.0 ], [ -38.491543, -3.874102, 0.0 ], [ -38.491553, -3.874108, 0.0 ], [ -38.491568, -3.874119, 0.0 ], [ -38.491573, -3.874123, 0.0 ], [ -38.491583, -3.874133, 0.0 ], [ -38.491586, -3.874137, 0.0 ], [ -38.491589, -3.874142, 0.0 ], [ -38.491592, -3.874148, 0.0 ], [ -38.491593, -3.874153, 0.0 ], [ -38.491594, -3.874161, 0.0 ], [ -38.491594, -3.874169, 0.0 ], [ -38.491594, -3.874176, 0.0 ], [ -38.491595, -3.874182, 0.0 ], [ -38.491598, -3.874188, 0.0 ], [ -38.491602, -3.874193, 0.0 ], [ -38.491607, -3.874199, 0.0 ], [ -38.491612, -3.874204, 0.0 ], [ -38.491619, -3.874209, 0.0 ], [ -38.491626, -3.874216, 0.0 ], [ -38.491631, -3.874222, 0.0 ], [ -38.491636, -3.87423, 0.0 ], [ -38.491641, -3.874238, 0.0 ], [ -38.491645, -3.874246, 0.0 ], [ -38.491648, -3.874254, 0.0 ], [ -38.491649, -3.874262, 0.0 ], [ -38.49165, -3.87427, 0.0 ], [ -38.49165, -3.874279, 0.0 ], [ -38.491649, -3.874291, 0.0 ], [ -38.49165, -3.874299, 0.0 ], [ -38.49165, -3.874305, 0.0 ], [ -38.491651, -3.87431, 0.0 ], [ -38.491653, -3.874318, 0.0 ], [ -38.491655, -3.874324, 0.0 ], [ -38.491657, -3.874328, 0.0 ], [ -38.491661, -3.874332, 0.0 ], [ -38.491673, -3.874337, 0.0 ], [ -38.491689, -3.874344, 0.0 ], [ -38.491694, -3.874347, 0.0 ], [ -38.491704, -3.874354, 0.0 ], [ -38.491707, -3.874357, 0.0 ], [ -38.491712, -3.874362, 0.0 ], [ -38.49172, -3.874369, 0.0 ], [ -38.491728, -3.874379, 0.0 ], [ -38.491733, -3.874388, 0.0 ], [ -38.491735, -3.874396, 0.0 ], [ -38.491735, -3.874403, 0.0 ], [ -38.491734, -3.874419, 0.0 ], [ -38.491733, -3.874425, 0.0 ], [ -38.491732, -3.874437, 0.0 ], [ -38.491732, -3.874443, 0.0 ], [ -38.491733, -3.874448, 0.0 ], [ -38.491734, -3.874452, 0.0 ], [ -38.491736, -3.874462, 0.0 ], [ -38.491737, -3.874474, 0.0 ], [ -38.491736, -3.874496, 0.0 ], [ -38.491737, -3.874506, 0.0 ], [ -38.491738, -3.874515, 0.0 ], [ -38.491741, -3.874523, 0.0 ], [ -38.491745, -3.874529, 0.0 ], [ -38.49175, -3.874534, 0.0 ], [ -38.491763, -3.874548, 0.0 ], [ -38.491771, -3.874556, 0.0 ], [ -38.491775, -3.874562, 0.0 ], [ -38.491777, -3.874568, 0.0 ], [ -38.491778, -3.874573, 0.0 ], [ -38.491777, -3.874579, 0.0 ], [ -38.491778, -3.874586, 0.0 ], [ -38.49178, -3.874593, 0.0 ], [ -38.491784, -3.8746, 0.0 ], [ -38.491787, -3.874606, 0.0 ], [ -38.491795, -3.874616, 0.0 ], [ -38.491798, -3.87462, 0.0 ], [ -38.491814, -3.874637, 0.0 ], [ -38.491821, -3.874645, 0.0 ], [ -38.491827, -3.874651, 0.0 ], [ -38.491831, -3.874657, 0.0 ], [ -38.491834, -3.874663, 0.0 ], [ -38.491835, -3.87467, 0.0 ], [ -38.491835, -3.874676, 0.0 ], [ -38.491834, -3.874683, 0.0 ], [ -38.491832, -3.874691, 0.0 ], [ -38.49183, -3.874699, 0.0 ], [ -38.491826, -3.874706, 0.0 ], [ -38.491819, -3.874716, 0.0 ], [ -38.491813, -3.874722, 0.0 ], [ -38.491806, -3.874726, 0.0 ], [ -38.491801, -3.874729, 0.0 ], [ -38.491789, -3.874733, 0.0 ], [ -38.491782, -3.874735, 0.0 ], [ -38.491777, -3.874736, 0.0 ], [ -38.491769, -3.874739, 0.0 ], [ -38.491763, -3.874742, 0.0 ], [ -38.491759, -3.874745, 0.0 ], [ -38.49175, -3.874754, 0.0 ], [ -38.491741, -3.87476, 0.0 ], [ -38.491735, -3.874765, 0.0 ], [ -38.49173, -3.874769, 0.0 ], [ -38.491723, -3.874777, 0.0 ], [ -38.49172, -3.874781, 0.0 ], [ -38.491709, -3.874796, 0.0 ], [ -38.491708, -3.874798, 0.0 ], [ -38.491697, -3.874815, 0.0 ], [ -38.491691, -3.874836, 0.0 ], [ -38.491692, -3.874848, 0.0 ], [ -38.491691, -3.874853, 0.0 ], [ -38.491686, -3.874863, 0.0 ], [ -38.491687, -3.874869, 0.0 ], [ -38.491687, -3.874874, 0.0 ], [ -38.491687, -3.874879, 0.0 ], [ -38.491686, -3.874884, 0.0 ], [ -38.491684, -3.874889, 0.0 ], [ -38.491683, -3.874894, 0.0 ], [ -38.49168, -3.874904, 0.0 ], [ -38.491679, -3.874909, 0.0 ], [ -38.491679, -3.87492, 0.0 ], [ -38.491678, -3.874925, 0.0 ], [ -38.491676, -3.87493, 0.0 ], [ -38.491673, -3.874935, 0.0 ], [ -38.491669, -3.87494, 0.0 ], [ -38.491668, -3.874946, 0.0 ], [ -38.491667, -3.874951, 0.0 ], [ -38.491666, -3.874956, 0.0 ], [ -38.491665, -3.874961, 0.0 ], [ -38.491664, -3.874967, 0.0 ], [ -38.491664, -3.874972, 0.0 ], [ -38.491662, -3.874977, 0.0 ], [ -38.49166, -3.874982, 0.0 ], [ -38.491656, -3.874987, 0.0 ], [ -38.491654, -3.874992, 0.0 ], [ -38.491654, -3.874998, 0.0 ], [ -38.491654, -3.875003, 0.0 ], [ -38.491655, -3.875008, 0.0 ], [ -38.491656, -3.875014, 0.0 ], [ -38.491657, -3.875019, 0.0 ], [ -38.491658, -3.875024, 0.0 ], [ -38.491657, -3.87503, 0.0 ], [ -38.491655, -3.875034, 0.0 ], [ -38.491653, -3.875039, 0.0 ], [ -38.491648, -3.875044, 0.0 ], [ -38.491645, -3.875048, 0.0 ], [ -38.491641, -3.875054, 0.0 ], [ -38.491639, -3.875059, 0.0 ], [ -38.49164, -3.875065, 0.0 ], [ -38.491642, -3.87507, 0.0 ], [ -38.491645, -3.875073, 0.0 ], [ -38.491654, -3.87508, 0.0 ], [ -38.491658, -3.875084, 0.0 ], [ -38.491658, -3.875089, 0.0 ], [ -38.491658, -3.875095, 0.0 ], [ -38.491655, -3.875099, 0.0 ], [ -38.491652, -3.875104, 0.0 ], [ -38.491649, -3.875108, 0.0 ], [ -38.491647, -3.875112, 0.0 ], [ -38.491642, -3.875121, 0.0 ], [ -38.49164, -3.875124, 0.0 ], [ -38.491637, -3.87513, 0.0 ], [ -38.491634, -3.875139, 0.0 ], [ -38.491632, -3.875143, 0.0 ], [ -38.491631, -3.875148, 0.0 ], [ -38.49163, -3.875154, 0.0 ], [ -38.49163, -3.875158, 0.0 ], [ -38.491631, -3.875164, 0.0 ], [ -38.491632, -3.87517, 0.0 ], [ -38.491633, -3.875174, 0.0 ], [ -38.491632, -3.87518, 0.0 ], [ -38.491632, -3.875184, 0.0 ], [ -38.491634, -3.875191, 0.0 ], [ -38.491637, -3.875197, 0.0 ], [ -38.49164, -3.875202, 0.0 ], [ -38.491648, -3.875208, 0.0 ], [ -38.491651, -3.875212, 0.0 ], [ -38.491653, -3.875218, 0.0 ], [ -38.491654, -3.875225, 0.0 ], [ -38.491658, -3.87523, 0.0 ], [ -38.491664, -3.875232, 0.0 ], [ -38.491668, -3.875234, 0.0 ], [ -38.491673, -3.875236, 0.0 ], [ -38.491679, -3.875242, 0.0 ], [ -38.491683, -3.875247, 0.0 ], [ -38.491686, -3.875251, 0.0 ], [ -38.491691, -3.875256, 0.0 ], [ -38.491695, -3.875259, 0.0 ], [ -38.4917, -3.875261, 0.0 ], [ -38.491705, -3.875263, 0.0 ], [ -38.491709, -3.875266, 0.0 ], [ -38.491712, -3.875271, 0.0 ], [ -38.491715, -3.875275, 0.0 ], [ -38.491719, -3.875278, 0.0 ], [ -38.491724, -3.87528, 0.0 ], [ -38.491729, -3.875281, 0.0 ], [ -38.491733, -3.875283, 0.0 ], [ -38.491737, -3.875287, 0.0 ], [ -38.49174, -3.87529, 0.0 ], [ -38.491743, -3.875295, 0.0 ], [ -38.491743, -3.875301, 0.0 ], [ -38.491743, -3.875306, 0.0 ], [ -38.491742, -3.87531, 0.0 ], [ -38.491743, -3.875315, 0.0 ], [ -38.491745, -3.875322, 0.0 ], [ -38.491749, -3.875328, 0.0 ], [ -38.491753, -3.875333, 0.0 ], [ -38.491756, -3.875336, 0.0 ], [ -38.49176, -3.87534, 0.0 ], [ -38.491765, -3.875343, 0.0 ], [ -38.491771, -3.875346, 0.0 ], [ -38.491776, -3.875348, 0.0 ], [ -38.491781, -3.875351, 0.0 ], [ -38.491787, -3.875353, 0.0 ], [ -38.491794, -3.875353, 0.0 ], [ -38.4918, -3.875353, 0.0 ], [ -38.491805, -3.875352, 0.0 ], [ -38.49181, -3.87535, 0.0 ], [ -38.491814, -3.875347, 0.0 ], [ -38.49182, -3.875337, 0.0 ], [ -38.491827, -3.875331, 0.0 ], [ -38.49183, -3.875327, 0.0 ], [ -38.491832, -3.875322, 0.0 ], [ -38.491834, -3.875318, 0.0 ], [ -38.491835, -3.875313, 0.0 ], [ -38.491838, -3.875308, 0.0 ], [ -38.491844, -3.875299, 0.0 ], [ -38.491847, -3.875294, 0.0 ], [ -38.491851, -3.87529, 0.0 ], [ -38.491855, -3.875286, 0.0 ], [ -38.491859, -3.875282, 0.0 ], [ -38.491863, -3.87528, 0.0 ], [ -38.491869, -3.875277, 0.0 ], [ -38.49188, -3.875273, 0.0 ], [ -38.491885, -3.875272, 0.0 ], [ -38.491906, -3.875267, 0.0 ], [ -38.491912, -3.875267, 0.0 ], [ -38.491918, -3.875268, 0.0 ], [ -38.491923, -3.87527, 0.0 ], [ -38.491926, -3.875272, 0.0 ], [ -38.49193, -3.875276, 0.0 ], [ -38.491934, -3.875281, 0.0 ], [ -38.491936, -3.875285, 0.0 ], [ -38.491938, -3.87529, 0.0 ], [ -38.49194, -3.875296, 0.0 ], [ -38.491942, -3.875301, 0.0 ], [ -38.491943, -3.875306, 0.0 ], [ -38.491943, -3.875312, 0.0 ], [ -38.491942, -3.875324, 0.0 ], [ -38.491941, -3.875329, 0.0 ], [ -38.491942, -3.875334, 0.0 ], [ -38.491943, -3.875339, 0.0 ], [ -38.491944, -3.875344, 0.0 ], [ -38.491945, -3.875349, 0.0 ], [ -38.491946, -3.875355, 0.0 ], [ -38.491946, -3.87536, 0.0 ], [ -38.491944, -3.875371, 0.0 ], [ -38.491944, -3.875377, 0.0 ], [ -38.491946, -3.875383, 0.0 ], [ -38.491947, -3.875387, 0.0 ], [ -38.491948, -3.875392, 0.0 ], [ -38.491949, -3.875397, 0.0 ], [ -38.49195, -3.875402, 0.0 ], [ -38.491951, -3.875407, 0.0 ], [ -38.49195, -3.875414, 0.0 ], [ -38.491949, -3.875419, 0.0 ], [ -38.491948, -3.875426, 0.0 ], [ -38.491948, -3.875436, 0.0 ], [ -38.491947, -3.875441, 0.0 ], [ -38.491945, -3.875446, 0.0 ], [ -38.491944, -3.875451, 0.0 ], [ -38.491942, -3.875456, 0.0 ], [ -38.491942, -3.875461, 0.0 ], [ -38.491942, -3.875466, 0.0 ], [ -38.491942, -3.875471, 0.0 ], [ -38.491943, -3.875476, 0.0 ], [ -38.491946, -3.875487, 0.0 ], [ -38.491947, -3.875493, 0.0 ], [ -38.491949, -3.875498, 0.0 ], [ -38.49195, -3.875502, 0.0 ], [ -38.49195, -3.875512, 0.0 ], [ -38.491953, -3.875522, 0.0 ], [ -38.491954, -3.875526, 0.0 ], [ -38.491955, -3.875532, 0.0 ], [ -38.491957, -3.875537, 0.0 ], [ -38.491959, -3.875542, 0.0 ], [ -38.491962, -3.875546, 0.0 ], [ -38.491963, -3.875551, 0.0 ], [ -38.491963, -3.875557, 0.0 ], [ -38.491965, -3.875571, 0.0 ], [ -38.491967, -3.875576, 0.0 ], [ -38.49197, -3.875586, 0.0 ], [ -38.491969, -3.87559, 0.0 ], [ -38.491968, -3.875594, 0.0 ], [ -38.491964, -3.875603, 0.0 ], [ -38.49196, -3.875615, 0.0 ], [ -38.491954, -3.875631, 0.0 ], [ -38.49195, -3.87566, 0.0 ], [ -38.491949, -3.875667, 0.0 ], [ -38.491947, -3.875677, 0.0 ], [ -38.49195, -3.875692, 0.0 ], [ -38.491954, -3.875702, 0.0 ], [ -38.491965, -3.875721, 0.0 ], [ -38.491969, -3.875729, 0.0 ], [ -38.491973, -3.875741, 0.0 ], [ -38.491973, -3.875752, 0.0 ], [ -38.491972, -3.87576, 0.0 ], [ -38.49197, -3.875769, 0.0 ], [ -38.491947, -3.875798, 0.0 ], [ -38.491944, -3.875804, 0.0 ], [ -38.491942, -3.875809, 0.0 ], [ -38.49194, -3.875815, 0.0 ], [ -38.491941, -3.875848, 0.0 ], [ -38.491938, -3.875866, 0.0 ], [ -38.491935, -3.875873, 0.0 ], [ -38.491926, -3.875883, 0.0 ], [ -38.491918, -3.875887, 0.0 ], [ -38.491911, -3.875889, 0.0 ], [ -38.491836, -3.87589, 0.0 ], [ -38.491821, -3.875888, 0.0 ], [ -38.491806, -3.875889, 0.0 ], [ -38.491798, -3.875898, 0.0 ], [ -38.491796, -3.875911, 0.0 ], [ -38.49179, -3.875928, 0.0 ], [ -38.491794, -3.875944, 0.0 ], [ -38.491794, -3.875987, 0.0 ], [ -38.491788, -3.876027, 0.0 ], [ -38.491788, -3.876046, 0.0 ], [ -38.491792, -3.876061, 0.0 ], [ -38.491796, -3.876074, 0.0 ], [ -38.491795, -3.876088, 0.0 ], [ -38.491786, -3.876098, 0.0 ], [ -38.491778, -3.876108, 0.0 ], [ -38.491772, -3.876121, 0.0 ], [ -38.49177, -3.876131, 0.0 ], [ -38.49178, -3.876137, 0.0 ], [ -38.491793, -3.876145, 0.0 ], [ -38.491798, -3.876149, 0.0 ], [ -38.4918, -3.876156, 0.0 ], [ -38.491799, -3.876195, 0.0 ], [ -38.491781, -3.87622, 0.0 ], [ -38.491773, -3.876251, 0.0 ], [ -38.491763, -3.876268, 0.0 ], [ -38.491756, -3.876278, 0.0 ], [ -38.49173, -3.876327, 0.0 ], [ -38.491718, -3.876354, 0.0 ], [ -38.491702, -3.876366, 0.0 ], [ -38.491698, -3.876362, 0.0 ], [ -38.491694, -3.876357, 0.0 ], [ -38.491685, -3.876353, 0.0 ], [ -38.491678, -3.876352, 0.0 ], [ -38.491671, -3.876356, 0.0 ], [ -38.491667, -3.876365, 0.0 ], [ -38.49166, -3.87638, 0.0 ], [ -38.491659, -3.876395, 0.0 ], [ -38.491663, -3.876407, 0.0 ], [ -38.491671, -3.876422, 0.0 ], [ -38.49168, -3.876456, 0.0 ], [ -38.491683, -3.876468, 0.0 ], [ -38.49169, -3.876485, 0.0 ], [ -38.491694, -3.876495, 0.0 ], [ -38.4917, -3.876503, 0.0 ], [ -38.491708, -3.876508, 0.0 ], [ -38.491711, -3.876519, 0.0 ], [ -38.491709, -3.876534, 0.0 ], [ -38.491701, -3.876547, 0.0 ], [ -38.491697, -3.876553, 0.0 ], [ -38.491696, -3.876563, 0.0 ], [ -38.491694, -3.876576, 0.0 ], [ -38.491693, -3.876594, 0.0 ], [ -38.491694, -3.876622, 0.0 ], [ -38.4917, -3.876638, 0.0 ], [ -38.491705, -3.876658, 0.0 ], [ -38.491704, -3.87669, 0.0 ], [ -38.491706, -3.8767, 0.0 ], [ -38.491711, -3.876711, 0.0 ], [ -38.491727, -3.876728, 0.0 ], [ -38.491739, -3.876738, 0.0 ], [ -38.491766, -3.876754, 0.0 ], [ -38.491791, -3.876765, 0.0 ], [ -38.491801, -3.876773, 0.0 ], [ -38.491809, -3.876783, 0.0 ], [ -38.491816, -3.876792, 0.0 ], [ -38.491817, -3.876805, 0.0 ], [ -38.491814, -3.876814, 0.0 ], [ -38.491813, -3.876826, 0.0 ], [ -38.491817, -3.876837, 0.0 ], [ -38.491823, -3.876843, 0.0 ], [ -38.491831, -3.87685, 0.0 ], [ -38.491845, -3.876863, 0.0 ], [ -38.491853, -3.876869, 0.0 ], [ -38.49187, -3.876883, 0.0 ], [ -38.491877, -3.876893, 0.0 ], [ -38.491888, -3.87691, 0.0 ], [ -38.491901, -3.876927, 0.0 ], [ -38.491913, -3.876946, 0.0 ], [ -38.491919, -3.876954, 0.0 ], [ -38.491927, -3.87696, 0.0 ], [ -38.491936, -3.876965, 0.0 ], [ -38.491945, -3.876967, 0.0 ], [ -38.491955, -3.876967, 0.0 ], [ -38.491973, -3.876966, 0.0 ], [ -38.491988, -3.87696, 0.0 ], [ -38.492014, -3.876955, 0.0 ], [ -38.492023, -3.876956, 0.0 ], [ -38.492033, -3.876959, 0.0 ], [ -38.492041, -3.87697, 0.0 ], [ -38.492045, -3.876981, 0.0 ], [ -38.492049, -3.876998, 0.0 ], [ -38.492056, -3.87701, 0.0 ], [ -38.492063, -3.877017, 0.0 ], [ -38.492068, -3.877029, 0.0 ], [ -38.492067, -3.877044, 0.0 ], [ -38.492064, -3.87706, 0.0 ], [ -38.492067, -3.877095, 0.0 ], [ -38.49207, -3.877109, 0.0 ], [ -38.492079, -3.877114, 0.0 ], [ -38.492088, -3.877117, 0.0 ], [ -38.492091, -3.877125, 0.0 ], [ -38.49209, -3.877149, 0.0 ], [ -38.492093, -3.877164, 0.0 ], [ -38.492097, -3.877179, 0.0 ], [ -38.492099, -3.877189, 0.0 ], [ -38.492098, -3.877205, 0.0 ], [ -38.492098, -3.87724, 0.0 ], [ -38.492101, -3.877257, 0.0 ], [ -38.492106, -3.877266, 0.0 ], [ -38.492112, -3.877271, 0.0 ], [ -38.492121, -3.877277, 0.0 ], [ -38.492129, -3.877284, 0.0 ], [ -38.492141, -3.877296, 0.0 ], [ -38.49215, -3.87731, 0.0 ], [ -38.492155, -3.877328, 0.0 ], [ -38.492161, -3.877342, 0.0 ], [ -38.492169, -3.877352, 0.0 ], [ -38.492175, -3.877356, 0.0 ], [ -38.492183, -3.87736, 0.0 ], [ -38.492189, -3.877362, 0.0 ], [ -38.492201, -3.877367, 0.0 ], [ -38.492219, -3.877375, 0.0 ], [ -38.492232, -3.877379, 0.0 ], [ -38.492255, -3.87739, 0.0 ], [ -38.492259, -3.877401, 0.0 ], [ -38.492265, -3.877415, 0.0 ], [ -38.492268, -3.87742, 0.0 ], [ -38.492276, -3.877429, 0.0 ], [ -38.492284, -3.877436, 0.0 ], [ -38.492295, -3.877442, 0.0 ], [ -38.492303, -3.877443, 0.0 ], [ -38.492316, -3.877443, 0.0 ], [ -38.492342, -3.877439, 0.0 ], [ -38.492376, -3.87743, 0.0 ], [ -38.492411, -3.877422, 0.0 ], [ -38.492422, -3.87742, 0.0 ], [ -38.492437, -3.87742, 0.0 ], [ -38.492447, -3.877422, 0.0 ], [ -38.492459, -3.877429, 0.0 ], [ -38.492465, -3.877435, 0.0 ], [ -38.492474, -3.877444, 0.0 ], [ -38.492482, -3.87746, 0.0 ], [ -38.492496, -3.87748, 0.0 ], [ -38.492508, -3.877492, 0.0 ], [ -38.492512, -3.877498, 0.0 ], [ -38.492523, -3.877512, 0.0 ], [ -38.49253, -3.877533, 0.0 ], [ -38.492529, -3.877546, 0.0 ], [ -38.492523, -3.877565, 0.0 ], [ -38.492521, -3.87758, 0.0 ], [ -38.49252, -3.877591, 0.0 ], [ -38.492526, -3.877601, 0.0 ], [ -38.492536, -3.877614, 0.0 ], [ -38.492549, -3.877623, 0.0 ], [ -38.492565, -3.877628, 0.0 ], [ -38.492588, -3.877638, 0.0 ], [ -38.492598, -3.877648, 0.0 ], [ -38.492603, -3.877659, 0.0 ], [ -38.492612, -3.877684, 0.0 ], [ -38.492611, -3.877693, 0.0 ], [ -38.492607, -3.877701, 0.0 ], [ -38.492606, -3.877712, 0.0 ], [ -38.492607, -3.877719, 0.0 ], [ -38.49261, -3.877724, 0.0 ], [ -38.492614, -3.877727, 0.0 ], [ -38.49262, -3.877729, 0.0 ], [ -38.492626, -3.877731, 0.0 ], [ -38.492632, -3.877733, 0.0 ], [ -38.492638, -3.877741, 0.0 ], [ -38.492643, -3.877758, 0.0 ], [ -38.492645, -3.87777, 0.0 ], [ -38.492645, -3.877787, 0.0 ], [ -38.492645, -3.877796, 0.0 ], [ -38.492649, -3.877805, 0.0 ], [ -38.492656, -3.877812, 0.0 ], [ -38.492664, -3.877818, 0.0 ], [ -38.492668, -3.877825, 0.0 ], [ -38.492669, -3.877839, 0.0 ], [ -38.492664, -3.877859, 0.0 ], [ -38.492648, -3.877885, 0.0 ], [ -38.492641, -3.877907, 0.0 ], [ -38.492633, -3.877917, 0.0 ], [ -38.492617, -3.877931, 0.0 ], [ -38.492595, -3.877942, 0.0 ], [ -38.492582, -3.877953, 0.0 ], [ -38.492573, -3.877961, 0.0 ], [ -38.492566, -3.877975, 0.0 ], [ -38.492565, -3.877983, 0.0 ], [ -38.492566, -3.877988, 0.0 ], [ -38.492569, -3.878001, 0.0 ], [ -38.492569, -3.878005, 0.0 ], [ -38.492564, -3.878016, 0.0 ], [ -38.492556, -3.878025, 0.0 ], [ -38.492549, -3.878031, 0.0 ], [ -38.492544, -3.878035, 0.0 ], [ -38.492541, -3.878038, 0.0 ], [ -38.492538, -3.87804, 0.0 ], [ -38.492535, -3.878043, 0.0 ], [ -38.492532, -3.878048, 0.0 ], [ -38.49253, -3.878053, 0.0 ], [ -38.492529, -3.878065, 0.0 ], [ -38.492527, -3.878073, 0.0 ], [ -38.49252, -3.878081, 0.0 ], [ -38.492505, -3.878091, 0.0 ], [ -38.492488, -3.878102, 0.0 ], [ -38.492464, -3.878108, 0.0 ], [ -38.492451, -3.878114, 0.0 ], [ -38.49244, -3.878117, 0.0 ], [ -38.492435, -3.87812, 0.0 ], [ -38.492416, -3.878174, 0.0 ], [ -38.492414, -3.878177, 0.0 ], [ -38.492415, -3.878184, 0.0 ], [ -38.492428, -3.878198, 0.0 ], [ -38.492432, -3.878203, 0.0 ], [ -38.492433, -3.878209, 0.0 ], [ -38.492431, -3.878216, 0.0 ], [ -38.492418, -3.878239, 0.0 ], [ -38.492417, -3.878249, 0.0 ], [ -38.492419, -3.878256, 0.0 ], [ -38.492426, -3.878277, 0.0 ], [ -38.49243, -3.878309, 0.0 ], [ -38.492433, -3.878328, 0.0 ], [ -38.492437, -3.878336, 0.0 ], [ -38.492443, -3.878337, 0.0 ], [ -38.492459, -3.878337, 0.0 ], [ -38.492478, -3.878335, 0.0 ], [ -38.492492, -3.878337, 0.0 ], [ -38.492502, -3.878342, 0.0 ], [ -38.492503, -3.878353, 0.0 ], [ -38.4925, -3.878367, 0.0 ], [ -38.492484, -3.878389, 0.0 ], [ -38.492469, -3.878403, 0.0 ], [ -38.49246, -3.878415, 0.0 ], [ -38.492449, -3.878434, 0.0 ], [ -38.49244, -3.878446, 0.0 ], [ -38.492428, -3.878454, 0.0 ], [ -38.492397, -3.878472, 0.0 ], [ -38.492397, -3.878484, 0.0 ], [ -38.492402, -3.878504, 0.0 ], [ -38.492405, -3.878519, 0.0 ], [ -38.492402, -3.878537, 0.0 ], [ -38.492402, -3.878551, 0.0 ], [ -38.492409, -3.878569, 0.0 ], [ -38.492411, -3.878576, 0.0 ], [ -38.49241, -3.878587, 0.0 ], [ -38.492406, -3.878599, 0.0 ], [ -38.492403, -3.878619, 0.0 ], [ -38.492407, -3.87863, 0.0 ], [ -38.492418, -3.87864, 0.0 ], [ -38.492421, -3.878656, 0.0 ], [ -38.49242, -3.878674, 0.0 ], [ -38.492415, -3.878694, 0.0 ], [ -38.492412, -3.878716, 0.0 ], [ -38.492403, -3.878742, 0.0 ], [ -38.492396, -3.878778, 0.0 ], [ -38.492384, -3.878806, 0.0 ], [ -38.492384, -3.878824, 0.0 ], [ -38.492386, -3.878837, 0.0 ], [ -38.492398, -3.878857, 0.0 ], [ -38.492411, -3.878869, 0.0 ], [ -38.492423, -3.878873, 0.0 ], [ -38.492436, -3.878875, 0.0 ], [ -38.492447, -3.878875, 0.0 ], [ -38.49246, -3.878873, 0.0 ], [ -38.49247, -3.878869, 0.0 ], [ -38.492484, -3.878859, 0.0 ], [ -38.492493, -3.878849, 0.0 ], [ -38.492507, -3.878841, 0.0 ], [ -38.492521, -3.878842, 0.0 ], [ -38.492525, -3.878853, 0.0 ], [ -38.492528, -3.878879, 0.0 ], [ -38.49253, -3.878915, 0.0 ], [ -38.492527, -3.878945, 0.0 ], [ -38.492522, -3.878976, 0.0 ], [ -38.492515, -3.878987, 0.0 ], [ -38.492512, -3.879, 0.0 ], [ -38.492512, -3.879011, 0.0 ], [ -38.492514, -3.879031, 0.0 ], [ -38.492521, -3.879068, 0.0 ], [ -38.492525, -3.879083, 0.0 ], [ -38.492537, -3.879115, 0.0 ], [ -38.492543, -3.879128, 0.0 ], [ -38.492542, -3.879153, 0.0 ], [ -38.492523, -3.87924, 0.0 ], [ -38.492525, -3.879254, 0.0 ], [ -38.492525, -3.879278, 0.0 ], [ -38.492523, -3.879298, 0.0 ], [ -38.492516, -3.879339, 0.0 ], [ -38.492508, -3.879365, 0.0 ], [ -38.492514, -3.8794, 0.0 ], [ -38.492523, -3.879432, 0.0 ], [ -38.492526, -3.879445, 0.0 ], [ -38.492527, -3.879459, 0.0 ], [ -38.492525, -3.879475, 0.0 ], [ -38.492501, -3.879514, 0.0 ], [ -38.49249, -3.87953, 0.0 ], [ -38.492457, -3.879543, 0.0 ], [ -38.49244, -3.879548, 0.0 ], [ -38.492422, -3.879551, 0.0 ], [ -38.492404, -3.87955, 0.0 ], [ -38.492387, -3.879551, 0.0 ], [ -38.492375, -3.879552, 0.0 ], [ -38.492363, -3.879563, 0.0 ], [ -38.492362, -3.879577, 0.0 ], [ -38.492368, -3.879605, 0.0 ], [ -38.492402, -3.879635, 0.0 ], [ -38.49242, -3.879671, 0.0 ], [ -38.492426, -3.879688, 0.0 ], [ -38.492426, -3.879709, 0.0 ], [ -38.492431, -3.879727, 0.0 ], [ -38.492442, -3.879767, 0.0 ], [ -38.492448, -3.879787, 0.0 ], [ -38.492467, -3.879809, 0.0 ], [ -38.492482, -3.879826, 0.0 ], [ -38.492485, -3.879839, 0.0 ], [ -38.492487, -3.879903, 0.0 ], [ -38.492492, -3.879913, 0.0 ], [ -38.492503, -3.879932, 0.0 ], [ -38.492517, -3.879962, 0.0 ], [ -38.492529, -3.879992, 0.0 ], [ -38.492537, -3.880044, 0.0 ], [ -38.492557, -3.880101, 0.0 ], [ -38.492577, -3.880126, 0.0 ], [ -38.492588, -3.880135, 0.0 ], [ -38.492624, -3.880159, 0.0 ], [ -38.492652, -3.880184, 0.0 ], [ -38.492674, -3.880207, 0.0 ], [ -38.492707, -3.880239, 0.0 ], [ -38.492718, -3.880247, 0.0 ], [ -38.492731, -3.88025, 0.0 ], [ -38.492739, -3.880247, 0.0 ], [ -38.492748, -3.880242, 0.0 ], [ -38.492756, -3.880234, 0.0 ], [ -38.492777, -3.880228, 0.0 ], [ -38.492795, -3.880227, 0.0 ], [ -38.492804, -3.880238, 0.0 ], [ -38.492807, -3.880257, 0.0 ], [ -38.492813, -3.88028, 0.0 ], [ -38.492821, -3.880303, 0.0 ], [ -38.492829, -3.880317, 0.0 ], [ -38.492864, -3.880338, 0.0 ], [ -38.492876, -3.880349, 0.0 ], [ -38.492894, -3.880355, 0.0 ], [ -38.492915, -3.88036, 0.0 ], [ -38.492935, -3.880363, 0.0 ], [ -38.492964, -3.880379, 0.0 ], [ -38.492992, -3.880395, 0.0 ], [ -38.493006, -3.880402, 0.0 ], [ -38.493019, -3.88041, 0.0 ], [ -38.493022, -3.880424, 0.0 ], [ -38.493027, -3.880445, 0.0 ], [ -38.493035, -3.880477, 0.0 ], [ -38.493038, -3.880496, 0.0 ], [ -38.493041, -3.880513, 0.0 ], [ -38.493044, -3.88053, 0.0 ], [ -38.493052, -3.880544, 0.0 ], [ -38.49308, -3.88058, 0.0 ], [ -38.493088, -3.880587, 0.0 ], [ -38.493103, -3.880602, 0.0 ], [ -38.49312, -3.880615, 0.0 ], [ -38.493139, -3.880644, 0.0 ], [ -38.493148, -3.880672, 0.0 ], [ -38.49315, -3.880688, 0.0 ], [ -38.493147, -3.880706, 0.0 ], [ -38.493145, -3.880727, 0.0 ], [ -38.493145, -3.880757, 0.0 ], [ -38.493152, -3.880779, 0.0 ], [ -38.493167, -3.880788, 0.0 ], [ -38.493185, -3.880795, 0.0 ], [ -38.493203, -3.880809, 0.0 ], [ -38.493214, -3.88082, 0.0 ], [ -38.493226, -3.880854, 0.0 ], [ -38.493227, -3.880871, 0.0 ], [ -38.493222, -3.880886, 0.0 ], [ -38.493217, -3.880907, 0.0 ], [ -38.493215, -3.880928, 0.0 ], [ -38.493232, -3.88096, 0.0 ], [ -38.493262, -3.881014, 0.0 ], [ -38.493281, -3.881049, 0.0 ], [ -38.493292, -3.881074, 0.0 ], [ -38.493303, -3.8811, 0.0 ], [ -38.493316, -3.881129, 0.0 ], [ -38.493322, -3.881139, 0.0 ], [ -38.493334, -3.881161, 0.0 ], [ -38.493349, -3.881182, 0.0 ], [ -38.493365, -3.881207, 0.0 ], [ -38.493374, -3.881213, 0.0 ], [ -38.493385, -3.881217, 0.0 ], [ -38.4934, -3.881226, 0.0 ], [ -38.493405, -3.88124, 0.0 ], [ -38.493404, -3.881256, 0.0 ], [ -38.493393, -3.88128, 0.0 ], [ -38.49338, -3.881286, 0.0 ], [ -38.493364, -3.881288, 0.0 ], [ -38.49335, -3.881286, 0.0 ], [ -38.493334, -3.881281, 0.0 ], [ -38.493316, -3.88128, 0.0 ], [ -38.493305, -3.881287, 0.0 ], [ -38.493305, -3.881301, 0.0 ], [ -38.493307, -3.881339, 0.0 ], [ -38.493317, -3.881375, 0.0 ], [ -38.493319, -3.881388, 0.0 ], [ -38.493323, -3.88141, 0.0 ], [ -38.493328, -3.881426, 0.0 ], [ -38.493335, -3.881445, 0.0 ], [ -38.493344, -3.881464, 0.0 ], [ -38.49335, -3.881475, 0.0 ], [ -38.493359, -3.881492, 0.0 ], [ -38.49337, -3.881508, 0.0 ], [ -38.493375, -3.881526, 0.0 ], [ -38.493377, -3.881533, 0.0 ], [ -38.493384, -3.881553, 0.0 ], [ -38.493399, -3.881582, 0.0 ], [ -38.493413, -3.881613, 0.0 ], [ -38.493417, -3.881621, 0.0 ], [ -38.493423, -3.881641, 0.0 ], [ -38.493431, -3.881674, 0.0 ], [ -38.493442, -3.881699, 0.0 ], [ -38.493445, -3.881716, 0.0 ], [ -38.493447, -3.881777, 0.0 ], [ -38.493455, -3.881788, 0.0 ], [ -38.49347, -3.881796, 0.0 ], [ -38.493483, -3.881802, 0.0 ], [ -38.493501, -3.881806, 0.0 ], [ -38.493528, -3.881811, 0.0 ], [ -38.493544, -3.881814, 0.0 ], [ -38.493555, -3.881821, 0.0 ], [ -38.49356, -3.881839, 0.0 ], [ -38.493557, -3.881871, 0.0 ], [ -38.493551, -3.881883, 0.0 ], [ -38.49353, -3.881901, 0.0 ], [ -38.493516, -3.881908, 0.0 ], [ -38.493513, -3.881916, 0.0 ], [ -38.493516, -3.881927, 0.0 ], [ -38.493523, -3.881941, 0.0 ], [ -38.493536, -3.88195, 0.0 ], [ -38.49355, -3.881959, 0.0 ], [ -38.493559, -3.881967, 0.0 ], [ -38.493563, -3.881978, 0.0 ], [ -38.493558, -3.881989, 0.0 ], [ -38.493537, -3.881994, 0.0 ], [ -38.493518, -3.882, 0.0 ], [ -38.493513, -3.882007, 0.0 ], [ -38.493514, -3.882022, 0.0 ], [ -38.493518, -3.882037, 0.0 ], [ -38.49353, -3.882073, 0.0 ], [ -38.493533, -3.882085, 0.0 ], [ -38.493539, -3.882109, 0.0 ], [ -38.49354, -3.882125, 0.0 ], [ -38.493547, -3.882153, 0.0 ], [ -38.493548, -3.882168, 0.0 ], [ -38.493549, -3.882186, 0.0 ], [ -38.493551, -3.882207, 0.0 ], [ -38.493555, -3.882223, 0.0 ], [ -38.493565, -3.882245, 0.0 ], [ -38.49357, -3.882255, 0.0 ], [ -38.493576, -3.882275, 0.0 ], [ -38.493579, -3.882288, 0.0 ], [ -38.493576, -3.882304, 0.0 ], [ -38.493571, -3.882326, 0.0 ], [ -38.493571, -3.882352, 0.0 ], [ -38.493565, -3.882375, 0.0 ], [ -38.493558, -3.882405, 0.0 ], [ -38.49356, -3.882455, 0.0 ], [ -38.493563, -3.882485, 0.0 ], [ -38.493566, -3.882498, 0.0 ], [ -38.49357, -3.882503, 0.0 ], [ -38.493575, -3.882507, 0.0 ], [ -38.493583, -3.882508, 0.0 ], [ -38.493591, -3.882504, 0.0 ], [ -38.493599, -3.882493, 0.0 ], [ -38.493601, -3.882485, 0.0 ], [ -38.493603, -3.882474, 0.0 ], [ -38.493603, -3.882463, 0.0 ], [ -38.493604, -3.882453, 0.0 ], [ -38.493609, -3.882443, 0.0 ], [ -38.493616, -3.882439, 0.0 ], [ -38.493623, -3.882438, 0.0 ], [ -38.493633, -3.88244, 0.0 ], [ -38.49364, -3.882444, 0.0 ], [ -38.493647, -3.882448, 0.0 ], [ -38.493684, -3.882471, 0.0 ], [ -38.493689, -3.882478, 0.0 ], [ -38.493696, -3.882487, 0.0 ], [ -38.493705, -3.882494, 0.0 ], [ -38.493734, -3.882509, 0.0 ], [ -38.49375, -3.882513, 0.0 ], [ -38.493771, -3.882515, 0.0 ], [ -38.493787, -3.88252, 0.0 ], [ -38.493804, -3.882538, 0.0 ], [ -38.493816, -3.882554, 0.0 ], [ -38.493827, -3.882572, 0.0 ], [ -38.493827, -3.882584, 0.0 ], [ -38.493824, -3.882596, 0.0 ], [ -38.493824, -3.882606, 0.0 ], [ -38.493825, -3.882618, 0.0 ], [ -38.493833, -3.882632, 0.0 ], [ -38.493839, -3.882636, 0.0 ], [ -38.493862, -3.882648, 0.0 ], [ -38.493877, -3.882656, 0.0 ], [ -38.493888, -3.882661, 0.0 ], [ -38.493901, -3.882671, 0.0 ], [ -38.493913, -3.882679, 0.0 ], [ -38.493923, -3.8827, 0.0 ], [ -38.493926, -3.882713, 0.0 ], [ -38.493927, -3.882727, 0.0 ], [ -38.493926, -3.882741, 0.0 ], [ -38.493922, -3.882751, 0.0 ], [ -38.49392, -3.882761, 0.0 ], [ -38.493918, -3.882771, 0.0 ], [ -38.493916, -3.882809, 0.0 ], [ -38.493915, -3.882841, 0.0 ], [ -38.493915, -3.882854, 0.0 ], [ -38.49391, -3.882869, 0.0 ], [ -38.493903, -3.882878, 0.0 ], [ -38.493896, -3.882882, 0.0 ], [ -38.493885, -3.882884, 0.0 ], [ -38.49388, -3.882884, 0.0 ], [ -38.493873, -3.882882, 0.0 ], [ -38.493866, -3.882881, 0.0 ], [ -38.493859, -3.88288, 0.0 ], [ -38.49385, -3.882876, 0.0 ], [ -38.493847, -3.882871, 0.0 ], [ -38.493845, -3.882866, 0.0 ], [ -38.493838, -3.882863, 0.0 ], [ -38.493832, -3.882862, 0.0 ], [ -38.493826, -3.882862, 0.0 ], [ -38.493822, -3.882866, 0.0 ], [ -38.493818, -3.882869, 0.0 ], [ -38.493815, -3.882879, 0.0 ], [ -38.493814, -3.882888, 0.0 ], [ -38.493814, -3.882896, 0.0 ], [ -38.493815, -3.882908, 0.0 ], [ -38.493818, -3.882916, 0.0 ], [ -38.493822, -3.882923, 0.0 ], [ -38.493827, -3.882925, 0.0 ], [ -38.493835, -3.882929, 0.0 ], [ -38.493844, -3.882934, 0.0 ], [ -38.493848, -3.882939, 0.0 ], [ -38.493848, -3.88295, 0.0 ], [ -38.493848, -3.882961, 0.0 ], [ -38.493848, -3.882972, 0.0 ], [ -38.493845, -3.882981, 0.0 ], [ -38.493841, -3.882987, 0.0 ], [ -38.493831, -3.882995, 0.0 ], [ -38.493829, -3.882998, 0.0 ], [ -38.493828, -3.883003, 0.0 ], [ -38.49383, -3.883008, 0.0 ], [ -38.493835, -3.883015, 0.0 ], [ -38.49384, -3.883024, 0.0 ], [ -38.493854, -3.883041, 0.0 ], [ -38.493862, -3.883049, 0.0 ], [ -38.493862, -3.883055, 0.0 ], [ -38.493855, -3.88306, 0.0 ], [ -38.493851, -3.883067, 0.0 ], [ -38.493855, -3.883081, 0.0 ], [ -38.49386, -3.883086, 0.0 ], [ -38.493867, -3.883094, 0.0 ], [ -38.493872, -3.883103, 0.0 ], [ -38.493875, -3.883112, 0.0 ], [ -38.493871, -3.883131, 0.0 ], [ -38.49387, -3.883141, 0.0 ], [ -38.493864, -3.883159, 0.0 ], [ -38.493861, -3.88317, 0.0 ], [ -38.493862, -3.88318, 0.0 ], [ -38.493866, -3.883188, 0.0 ], [ -38.493892, -3.883191, 0.0 ], [ -38.493919, -3.883196, 0.0 ], [ -38.493924, -3.883199, 0.0 ], [ -38.493931, -3.883206, 0.0 ], [ -38.493933, -3.883217, 0.0 ], [ -38.493923, -3.883227, 0.0 ], [ -38.493916, -3.883227, 0.0 ], [ -38.493905, -3.883226, 0.0 ], [ -38.493882, -3.883226, 0.0 ], [ -38.493871, -3.883226, 0.0 ], [ -38.493855, -3.883231, 0.0 ], [ -38.493837, -3.883236, 0.0 ], [ -38.493795, -3.883262, 0.0 ], [ -38.493778, -3.883265, 0.0 ], [ -38.493766, -3.883261, 0.0 ], [ -38.493748, -3.883258, 0.0 ], [ -38.493733, -3.883259, 0.0 ], [ -38.493721, -3.883267, 0.0 ], [ -38.493707, -3.883281, 0.0 ], [ -38.493708, -3.883302, 0.0 ], [ -38.493711, -3.88334, 0.0 ], [ -38.493708, -3.883362, 0.0 ], [ -38.493709, -3.883387, 0.0 ], [ -38.493737, -3.883441, 0.0 ], [ -38.493739, -3.883464, 0.0 ], [ -38.493747, -3.883487, 0.0 ], [ -38.493775, -3.88352, 0.0 ], [ -38.493787, -3.883544, 0.0 ], [ -38.493795, -3.883561, 0.0 ], [ -38.493816, -3.883591, 0.0 ], [ -38.493852, -3.883626, 0.0 ], [ -38.493868, -3.883658, 0.0 ], [ -38.493889, -3.883675, 0.0 ], [ -38.493914, -3.883693, 0.0 ], [ -38.493945, -3.883728, 0.0 ], [ -38.49397, -3.883773, 0.0 ], [ -38.493977, -3.883795, 0.0 ], [ -38.493988, -3.88381, 0.0 ], [ -38.494024, -3.883812, 0.0 ], [ -38.494042, -3.883809, 0.0 ], [ -38.494062, -3.883801, 0.0 ], [ -38.494099, -3.883797, 0.0 ], [ -38.494123, -3.8838, 0.0 ], [ -38.494158, -3.883821, 0.0 ], [ -38.494188, -3.883834, 0.0 ], [ -38.494213, -3.883843, 0.0 ], [ -38.494221, -3.88387, 0.0 ], [ -38.494226, -3.883923, 0.0 ], [ -38.494242, -3.883963, 0.0 ], [ -38.494274, -3.884001, 0.0 ], [ -38.494316, -3.884036, 0.0 ], [ -38.494387, -3.884112, 0.0 ], [ -38.494419, -3.884136, 0.0 ], [ -38.494433, -3.884132, 0.0 ], [ -38.494446, -3.884118, 0.0 ], [ -38.494458, -3.884109, 0.0 ], [ -38.494475, -3.884089, 0.0 ], [ -38.494507, -3.884039, 0.0 ], [ -38.494529, -3.88402, 0.0 ], [ -38.494555, -3.88404, 0.0 ], [ -38.494626, -3.884145, 0.0 ], [ -38.494679, -3.884209, 0.0 ], [ -38.494696, -3.884263, 0.0 ], [ -38.494723, -3.884347, 0.0 ], [ -38.494752, -3.884431, 0.0 ], [ -38.494771, -3.884496, 0.0 ], [ -38.494794, -3.884555, 0.0 ], [ -38.4948, -3.884582, 0.0 ], [ -38.494824, -3.884617, 0.0 ], [ -38.494835, -3.884633, 0.0 ], [ -38.494841, -3.884653, 0.0 ], [ -38.494845, -3.884707, 0.0 ], [ -38.494865, -3.884748, 0.0 ], [ -38.494882, -3.884775, 0.0 ], [ -38.494927, -3.884803, 0.0 ], [ -38.494982, -3.884831, 0.0 ], [ -38.495034, -3.884849, 0.0 ], [ -38.495076, -3.884884, 0.0 ], [ -38.49512, -3.884951, 0.0 ], [ -38.495164, -3.885011, 0.0 ], [ -38.495197, -3.885062, 0.0 ], [ -38.495229, -3.885105, 0.0 ], [ -38.495303, -3.885192, 0.0 ], [ -38.495341, -3.88523, 0.0 ], [ -38.495387, -3.88527, 0.0 ], [ -38.495417, -3.885303, 0.0 ], [ -38.495477, -3.885383, 0.0 ], [ -38.495506, -3.885415, 0.0 ], [ -38.495523, -3.885437, 0.0 ], [ -38.495548, -3.885454, 0.0 ], [ -38.495585, -3.885463, 0.0 ], [ -38.495604, -3.885478, 0.0 ], [ -38.49564, -3.885526, 0.0 ], [ -38.495674, -3.885543, 0.0 ], [ -38.49573, -3.885553, 0.0 ], [ -38.495757, -3.885545, 0.0 ], [ -38.49578, -3.88554, 0.0 ], [ -38.495806, -3.885556, 0.0 ], [ -38.495839, -3.885572, 0.0 ], [ -38.495866, -3.885582, 0.0 ], [ -38.49593, -3.885614, 0.0 ], [ -38.495968, -3.885647, 0.0 ], [ -38.49601, -3.885688, 0.0 ], [ -38.496098, -3.885781, 0.0 ], [ -38.496122, -3.88582, 0.0 ], [ -38.49616, -3.88587, 0.0 ], [ -38.496163, -3.885909, 0.0 ], [ -38.496157, -3.885948, 0.0 ], [ -38.496159, -3.885987, 0.0 ], [ -38.496179, -3.886005, 0.0 ], [ -38.49623, -3.886021, 0.0 ], [ -38.496257, -3.886044, 0.0 ], [ -38.496269, -3.886064, 0.0 ], [ -38.496273, -3.886088, 0.0 ], [ -38.49626, -3.886136, 0.0 ], [ -38.496245, -3.886174, 0.0 ], [ -38.496228, -3.886194, 0.0 ], [ -38.496195, -3.886231, 0.0 ], [ -38.496239, -3.886293, 0.0 ], [ -38.496284, -3.886334, 0.0 ], [ -38.496297, -3.886359, 0.0 ], [ -38.496344, -3.88638, 0.0 ], [ -38.496396, -3.886377, 0.0 ], [ -38.496461, -3.886381, 0.0 ], [ -38.496492, -3.886392, 0.0 ], [ -38.496548, -3.886415, 0.0 ], [ -38.496579, -3.886438, 0.0 ], [ -38.496615, -3.886443, 0.0 ], [ -38.496644, -3.886424, 0.0 ], [ -38.496663, -3.88642, 0.0 ], [ -38.496686, -3.886431, 0.0 ], [ -38.496711, -3.886431, 0.0 ], [ -38.496741, -3.886422, 0.0 ], [ -38.496766, -3.886433, 0.0 ], [ -38.496778, -3.886455, 0.0 ], [ -38.496784, -3.886489, 0.0 ], [ -38.496796, -3.886499, 0.0 ], [ -38.496838, -3.886499, 0.0 ], [ -38.496866, -3.886527, 0.0 ], [ -38.496944, -3.886613, 0.0 ], [ -38.496977, -3.886629, 0.0 ], [ -38.497014, -3.886628, 0.0 ], [ -38.497036, -3.886635, 0.0 ], [ -38.497085, -3.886674, 0.0 ], [ -38.497101, -3.886707, 0.0 ], [ -38.497168, -3.886774, 0.0 ], [ -38.497194, -3.88683, 0.0 ], [ -38.4972, -3.886875, 0.0 ], [ -38.497201, -3.886908, 0.0 ], [ -38.497209, -3.88692, 0.0 ], [ -38.49723, -3.886934, 0.0 ], [ -38.497263, -3.886945, 0.0 ], [ -38.497298, -3.886969, 0.0 ], [ -38.497331, -3.886989, 0.0 ], [ -38.497381, -3.887012, 0.0 ], [ -38.497446, -3.887043, 0.0 ], [ -38.497465, -3.887054, 0.0 ], [ -38.497501, -3.887084, 0.0 ], [ -38.497568, -3.887136, 0.0 ], [ -38.49763, -3.887183, 0.0 ], [ -38.497676, -3.887259, 0.0 ], [ -38.497696, -3.88728, 0.0 ], [ -38.497738, -3.887293, 0.0 ], [ -38.49777, -3.887296, 0.0 ], [ -38.497807, -3.887309, 0.0 ], [ -38.497866, -3.88733, 0.0 ], [ -38.497921, -3.88736, 0.0 ], [ -38.498004, -3.887403, 0.0 ], [ -38.4981, -3.887441, 0.0 ], [ -38.498131, -3.887451, 0.0 ], [ -38.498179, -3.887461, 0.0 ], [ -38.498232, -3.887474, 0.0 ], [ -38.498261, -3.887481, 0.0 ], [ -38.498319, -3.887512, 0.0 ], [ -38.498348, -3.887529, 0.0 ], [ -38.498358, -3.887532, 0.0 ], [ -38.49841, -3.887537, 0.0 ], [ -38.498431, -3.887542, 0.0 ], [ -38.498474, -3.887556, 0.0 ], [ -38.498541, -3.887579, 0.0 ], [ -38.49861, -3.887606, 0.0 ], [ -38.498669, -3.887621, 0.0 ], [ -38.498695, -3.887624, 0.0 ], [ -38.498768, -3.887605, 0.0 ], [ -38.498889, -3.887589, 0.0 ], [ -38.498928, -3.887586, 0.0 ], [ -38.499013, -3.887575, 0.0 ], [ -38.499089, -3.887568, 0.0 ], [ -38.499155, -3.887564, 0.0 ], [ -38.499201, -3.887576, 0.0 ], [ -38.499242, -3.887619, 0.0 ], [ -38.499297, -3.887647, 0.0 ], [ -38.499384, -3.887667, 0.0 ], [ -38.499439, -3.887652, 0.0 ], [ -38.499524, -3.887646, 0.0 ], [ -38.499579, -3.887638, 0.0 ], [ -38.499772, -3.887676, 0.0 ], [ -38.499868, -3.8877, 0.0 ], [ -38.499952, -3.887711, 0.0 ], [ -38.50003, -3.88772, 0.0 ], [ -38.500121, -3.887732, 0.0 ], [ -38.500191, -3.887742, 0.0 ], [ -38.500275, -3.887764, 0.0 ], [ -38.500386, -3.887799, 0.0 ], [ -38.500484, -3.887822, 0.0 ], [ -38.500592, -3.887855, 0.0 ], [ -38.500656, -3.887895, 0.0 ], [ -38.500725, -3.887962, 0.0 ], [ -38.500833, -3.887983, 0.0 ], [ -38.50094, -3.888022, 0.0 ], [ -38.501023, -3.888046, 0.0 ], [ -38.501073, -3.888082, 0.0 ], [ -38.501123, -3.888125, 0.0 ], [ -38.50119, -3.88816, 0.0 ], [ -38.501239, -3.888158, 0.0 ], [ -38.501295, -3.88814, 0.0 ], [ -38.501352, -3.888088, 0.0 ], [ -38.501419, -3.888008, 0.0 ], [ -38.50147, -3.88798, 0.0 ], [ -38.501526, -3.887984, 0.0 ], [ -38.501589, -3.887986, 0.0 ], [ -38.501636, -3.887987, 0.0 ], [ -38.501701, -3.887994, 0.0 ], [ -38.5015, -3.886284, 0.0 ], [ -38.500975, -3.881823, 0.0 ], [ -38.500638, -3.878964, 0.0 ], [ -38.500564, -3.878619, 0.0 ], [ -38.500473, -3.878298, 0.0 ], [ -38.500213, -3.877416, 0.0 ], [ -38.500059, -3.876884, 0.0 ], [ -38.499577, -3.875157, 0.0 ], [ -38.49939, -3.874487, 0.0 ], [ -38.499188, -3.873764, 0.0 ], [ -38.498958, -3.872941, 0.0 ], [ -38.498544, -3.87146, 0.0 ], [ -38.498532, -3.871418, 0.0 ], [ -38.498414, -3.870996, 0.0 ], [ -38.498103, -3.869881, 0.0 ], [ -38.497733, -3.868559, 0.0 ], [ -38.497719, -3.868441, 0.0 ], [ -38.497639, -3.867791, 0.0 ], [ -38.497639, -3.867691, 0.0 ], [ -38.497635, -3.866927, 0.0 ], [ -38.497627, -3.864985, 0.0 ], [ -38.497604, -3.864316, 0.0 ], [ -38.497533, -3.863718, 0.0 ], [ -38.497376, -3.86274, 0.0 ], [ -38.497071, -3.861431, 0.0 ], [ -38.496832, -3.860399, 0.0 ], [ -38.49664, -3.859585, 0.0 ], [ -38.496417, -3.85863, 0.0 ], [ -38.496257, -3.857732, 0.0 ], [ -38.49609, -3.85678, 0.0 ], [ -38.495934, -3.85589, 0.0 ], [ -38.495439, -3.853062, 0.0 ], [ -38.495428, -3.85217, 0.0 ], [ -38.495402, -3.852063, 0.0 ], [ -38.495373, -3.851956, 0.0 ], [ -38.495339, -3.851769, 0.0 ], [ -38.495282, -3.851354, 0.0 ], [ -38.49519, -3.850785, 0.0 ], [ -38.495107, -3.850287, 0.0 ], [ -38.495042, -3.84985, 0.0 ], [ -38.495028, -3.849754, 0.0 ], [ -38.494805, -3.848554, 0.0 ], [ -38.494592, -3.847161, 0.0 ], [ -38.494493, -3.846282, 0.0 ], [ -38.494449, -3.845454, 0.0 ], [ -38.494377, -3.844113, 0.0 ], [ -38.494278, -3.842254, 0.0 ], [ -38.494231, -3.840933, 0.0 ], [ -38.49419, -3.83901, 0.0 ], [ -38.494232, -3.839013, 0.0 ], [ -38.494252, -3.839041, 0.0 ], [ -38.494275, -3.839069, 0.0 ], [ -38.494306, -3.839099, 0.0 ], [ -38.494327, -3.839119, 0.0 ], [ -38.494402, -3.839178, 0.0 ], [ -38.494501, -3.839256, 0.0 ], [ -38.494561, -3.839303, 0.0 ], [ -38.494615, -3.83934, 0.0 ], [ -38.494732, -3.839419, 0.0 ], [ -38.494867, -3.839507, 0.0 ], [ -38.494958, -3.839567, 0.0 ], [ -38.495034, -3.839612, 0.0 ], [ -38.495115, -3.839667, 0.0 ], [ -38.495162, -3.839697, 0.0 ], [ -38.495307, -3.839781, 0.0 ], [ -38.495326, -3.83979, 0.0 ], [ -38.495343, -3.839797, 0.0 ], [ -38.495365, -3.839805, 0.0 ], [ -38.495396, -3.839815, 0.0 ], [ -38.495721, -3.839921, 0.0 ], [ -38.495978, -3.839995, 0.0 ], [ -38.496058, -3.840016, 0.0 ], [ -38.496123, -3.840028, 0.0 ], [ -38.496207, -3.84005, 0.0 ], [ -38.496279, -3.840074, 0.0 ], [ -38.496339, -3.840097, 0.0 ], [ -38.496384, -3.840118, 0.0 ], [ -38.496432, -3.840136, 0.0 ], [ -38.496511, -3.840154, 0.0 ], [ -38.49688, -3.840249, 0.0 ], [ -38.497052, -3.840308, 0.0 ], [ -38.497093, -3.840324, 0.0 ], [ -38.497122, -3.84034, 0.0 ], [ -38.497155, -3.840366, 0.0 ], [ -38.497214, -3.840414, 0.0 ], [ -38.497372, -3.840548, 0.0 ], [ -38.497467, -3.840629, 0.0 ], [ -38.49754, -3.840694, 0.0 ], [ -38.497616, -3.840769, 0.0 ], [ -38.497696, -3.840854, 0.0 ], [ -38.497753, -3.840915, 0.0 ], [ -38.497789, -3.840959, 0.0 ], [ -38.497857, -3.841031, 0.0 ], [ -38.498076, -3.841278, 0.0 ], [ -38.498196, -3.841413, 0.0 ], [ -38.498254, -3.841476, 0.0 ], [ -38.498282, -3.841504, 0.0 ], [ -38.498329, -3.841552, 0.0 ], [ -38.498566, -3.841765, 0.0 ], [ -38.498875, -3.842029, 0.0 ], [ -38.499151, -3.84227, 0.0 ], [ -38.499399, -3.842465, 0.0 ], [ -38.499436, -3.842388, 0.0 ], [ -38.500248, -3.840699, 0.0 ], [ -38.501263, -3.838585, 0.0 ], [ -38.502217, -3.836585, 0.0 ], [ -38.502756, -3.835469, 0.0 ], [ -38.503125, -3.834719, 0.0 ], [ -38.503489, -3.833974, 0.0 ], [ -38.503847, -3.833241, 0.0 ], [ -38.504116, -3.832676, 0.0 ], [ -38.504586, -3.83162, 0.0 ], [ -38.504735, -3.831124, 0.0 ], [ -38.504809, -3.830818, 0.0 ], [ -38.504914, -3.830155, 0.0 ], [ -38.504927, -3.829661, 0.0 ], [ -38.504907, -3.82922, 0.0 ], [ -38.50484, -3.828739, 0.0 ], [ -38.504643, -3.827845, 0.0 ], [ -38.504175, -3.826027, 0.0 ], [ -38.503724, -3.824262, 0.0 ], [ -38.503669, -3.824051, 0.0 ], [ -38.503453, -3.823207, 0.0 ], [ -38.503276, -3.822439, 0.0 ], [ -38.503043, -3.821616, 0.0 ], [ -38.501926, -3.817316, 0.0 ], [ -38.501765, -3.816643, 0.0 ], [ -38.501636, -3.816129, 0.0 ], [ -38.501495, -3.81622, 0.0 ], [ -38.501364, -3.81631, 0.0 ], [ -38.501131, -3.816472, 0.0 ], [ -38.500837, -3.816659, 0.0 ], [ -38.500407, -3.81694, 0.0 ], [ -38.500091, -3.817164, 0.0 ], [ -38.499991, -3.817092, 0.0 ], [ -38.499682, -3.816856, 0.0 ], [ -38.499459, -3.816687, 0.0 ], [ -38.49924, -3.816523, 0.0 ], [ -38.499023, -3.816369, 0.0 ], [ -38.498982, -3.81634, 0.0 ], [ -38.498957, -3.816326, 0.0 ], [ -38.498935, -3.816316, 0.0 ], [ -38.498905, -3.816303, 0.0 ], [ -38.498721, -3.816238, 0.0 ], [ -38.498493, -3.816156, 0.0 ], [ -38.497997, -3.815966, 0.0 ], [ -38.498441, -3.814974, 0.0 ], [ -38.498689, -3.814407, 0.0 ], [ -38.498909, -3.813902, 0.0 ], [ -38.499051, -3.813574, 0.0 ], [ -38.499268, -3.813085, 0.0 ], [ -38.499345, -3.812834, 0.0 ], [ -38.499439, -3.812505, 0.0 ], [ -38.499465, -3.812371, 0.0 ], [ -38.499469, -3.812337, 0.0 ], [ -38.499475, -3.812297, 0.0 ], [ -38.4995, -3.812168, 0.0 ], [ -38.499526, -3.812069, 0.0 ], [ -38.49955, -3.811991, 0.0 ], [ -38.49957, -3.811938, 0.0 ], [ -38.499593, -3.811887, 0.0 ], [ -38.499627, -3.811831, 0.0 ], [ -38.499658, -3.811778, 0.0 ], [ -38.49969, -3.811733, 0.0 ], [ -38.499726, -3.811679, 0.0 ], [ -38.499922, -3.81141, 0.0 ], [ -38.499981, -3.811327, 0.0 ], [ -38.500003, -3.811295, 0.0 ], [ -38.50004, -3.811226, 0.0 ], [ -38.500127, -3.81106, 0.0 ], [ -38.500189, -3.81091, 0.0 ], [ -38.50022, -3.810827, 0.0 ], [ -38.500249, -3.810722, 0.0 ], [ -38.500295, -3.810551, 0.0 ], [ -38.500358, -3.810314, 0.0 ], [ -38.500448, -3.810008, 0.0 ], [ -38.500531, -3.809687, 0.0 ], [ -38.500601, -3.809435, 0.0 ], [ -38.50086, -3.808675, 0.0 ], [ -38.501368, -3.807626, 0.0 ], [ -38.501702, -3.806901, 0.0 ], [ -38.501921, -3.806397, 0.0 ], [ -38.502022, -3.806284, 0.0 ], [ -38.50216, -3.806133, 0.0 ], [ -38.503021, -3.804153, 0.0 ], [ -38.504094, -3.801862, 0.0 ], [ -38.50492, -3.800095, 0.0 ], [ -38.505198, -3.799502, 0.0 ], [ -38.50916, -3.791035, 0.0 ], [ -38.51015, -3.788921, 0.0 ], [ -38.511055, -3.786992, 0.0 ], [ -38.511062, -3.786976, 0.0 ], [ -38.511721, -3.785561, 0.0 ], [ -38.511965, -3.785052, 0.0 ], [ -38.51262, -3.783651, 0.0 ], [ -38.512893, -3.783073, 0.0 ], [ -38.513443, -3.781889, 0.0 ], [ -38.514138, -3.780393, 0.0 ], [ -38.514194, -3.780272, 0.0 ], [ -38.514403, -3.779583, 0.0 ], [ -38.514497, -3.77927, 0.0 ], [ -38.514513, -3.779214, 0.0 ], [ -38.514803, -3.778096, 0.0 ], [ -38.514908, -3.778122, 0.0 ], [ -38.515808, -3.778383, 0.0 ], [ -38.516477, -3.778563, 0.0 ], [ -38.517506, -3.778826, 0.0 ], [ -38.517736, -3.778887, 0.0 ], [ -38.517848, -3.778916, 0.0 ], [ -38.517919, -3.778932, 0.0 ], [ -38.517908, -3.778867, 0.0 ], [ -38.517902, -3.778834, 0.0 ], [ -38.517873, -3.778657, 0.0 ], [ -38.517839, -3.778468, 0.0 ], [ -38.517815, -3.778329, 0.0 ], [ -38.517808, -3.778275, 0.0 ], [ -38.51781, -3.778105, 0.0 ], [ -38.51782, -3.77789, 0.0 ], [ -38.517831, -3.777707, 0.0 ], [ -38.517844, -3.777444, 0.0 ], [ -38.517858, -3.777147, 0.0 ], [ -38.517869, -3.776855, 0.0 ], [ -38.517876, -3.776766, 0.0 ], [ -38.517885, -3.776564, 0.0 ], [ -38.517898, -3.776313, 0.0 ], [ -38.517915, -3.776034, 0.0 ], [ -38.517921, -3.775931, 0.0 ], [ -38.517931, -3.775892, 0.0 ], [ -38.517942, -3.775649, 0.0 ], [ -38.517948, -3.775467, 0.0 ], [ -38.517959, -3.775253, 0.0 ], [ -38.517964, -3.775144, 0.0 ], [ -38.517978, -3.774906, 0.0 ], [ -38.517984, -3.774768, 0.0 ], [ -38.517993, -3.774511, 0.0 ], [ -38.518012, -3.774138, 0.0 ], [ -38.518033, -3.773671, 0.0 ], [ -38.518047, -3.773546, 0.0 ], [ -38.518058, -3.773363, 0.0 ], [ -38.518068, -3.773187, 0.0 ], [ -38.518118, -3.772127, 0.0 ], [ -38.518156, -3.771397, 0.0 ], [ -38.518201, -3.770434, 0.0 ], [ -38.518222, -3.770056, 0.0 ], [ -38.517192, -3.769892, 0.0 ], [ -38.51707, -3.769882, 0.0 ], [ -38.517186, -3.769475, 0.0 ], [ -38.51732, -3.768987, 0.0 ], [ -38.517431, -3.768551, 0.0 ], [ -38.517566, -3.768025, 0.0 ], [ -38.51767, -3.767604, 0.0 ], [ -38.517745, -3.767278, 0.0 ], [ -38.517824, -3.766973, 0.0 ], [ -38.517909, -3.766617, 0.0 ], [ -38.517958, -3.766399, 0.0 ], [ -38.518015, -3.766154, 0.0 ], [ -38.518069, -3.765925, 0.0 ], [ -38.518118, -3.765696, 0.0 ], [ -38.518149, -3.765539, 0.0 ], [ -38.518163, -3.765456, 0.0 ], [ -38.518189, -3.765321, 0.0 ], [ -38.5182, -3.765253, 0.0 ], [ -38.518226, -3.765102, 0.0 ], [ -38.518263, -3.764866, 0.0 ], [ -38.518298, -3.764642, 0.0 ], [ -38.518332, -3.764419, 0.0 ], [ -38.518382, -3.764092, 0.0 ], [ -38.518421, -3.76384, 0.0 ], [ -38.518466, -3.763549, 0.0 ], [ -38.518487, -3.763417, 0.0 ], [ -38.518543, -3.763046, 0.0 ], [ -38.518598, -3.762678, 0.0 ], [ -38.518668, -3.762215, 0.0 ], [ -38.518758, -3.761622, 0.0 ], [ -38.518817, -3.761239, 0.0 ], [ -38.518865, -3.760932, 0.0 ], [ -38.518897, -3.760724, 0.0 ], [ -38.518946, -3.760408, 0.0 ], [ -38.51898, -3.760178, 0.0 ], [ -38.518998, -3.760066, 0.0 ], [ -38.517981, -3.760185, 0.0 ], [ -38.517924, -3.760265, 0.0 ], [ -38.517708, -3.760617, 0.0 ], [ -38.517568, -3.760761, 0.0 ], [ -38.517277, -3.761063, 0.0 ], [ -38.517005, -3.761255, 0.0 ], [ -38.516547, -3.761579, 0.0 ], [ -38.516111, -3.761746, 0.0 ], [ -38.515883, -3.761834, 0.0 ], [ -38.515106, -3.762173, 0.0 ], [ -38.514661, -3.762314, 0.0 ], [ -38.514426, -3.762389, 0.0 ], [ -38.514032, -3.762486, 0.0 ], [ -38.513705, -3.762523, 0.0 ], [ -38.513588, -3.762518, 0.0 ], [ -38.513494, -3.762468, 0.0 ], [ -38.513394, -3.762449, 0.0 ], [ -38.51319, -3.762412, 0.0 ], [ -38.513052, -3.762395, 0.0 ], [ -38.512704, -3.762395, 0.0 ], [ -38.512543, -3.762417, 0.0 ], [ -38.512449, -3.76245, 0.0 ], [ -38.512209, -3.762567, 0.0 ], [ -38.512072, -3.76258, 0.0 ], [ -38.511788, -3.762611, 0.0 ], [ -38.511506, -3.762656, 0.0 ], [ -38.511069, -3.76275, 0.0 ], [ -38.510942, -3.76275, 0.0 ], [ -38.510837, -3.762766, 0.0 ], [ -38.510419, -3.762799, 0.0 ], [ -38.510148, -3.762799, 0.0 ], [ -38.509783, -3.762766, 0.0 ], [ -38.509272, -3.76267, 0.0 ], [ -38.508621, -3.762548, 0.0 ], [ -38.508483, -3.762559, 0.0 ], [ -38.508328, -3.762581, 0.0 ], [ -38.508193, -3.76262, 0.0 ], [ -38.50803, -3.762582, 0.0 ], [ -38.507767, -3.762548, 0.0 ], [ -38.507618, -3.762542, 0.0 ], [ -38.506918, -3.762458, 0.0 ], [ -38.506686, -3.762447, 0.0 ], [ -38.506365, -3.762447, 0.0 ], [ -38.506108, -3.762418, 0.0 ], [ -38.506222, -3.762602, 0.0 ], [ -38.506504, -3.76295, 0.0 ], [ -38.506657, -3.763114, 0.0 ], [ -38.506775, -3.76326, 0.0 ], [ -38.50685, -3.763373, 0.0 ], [ -38.506993, -3.763635, 0.0 ], [ -38.507098, -3.763854, 0.0 ], [ -38.508364, -3.767143, 0.0 ], [ -38.508513, -3.767498, 0.0 ], [ -38.508688, -3.767984, 0.0 ], [ -38.508905, -3.768549, 0.0 ], [ -38.508997, -3.768908, 0.0 ], [ -38.509173, -3.769515, 0.0 ], [ -38.509323, -3.770171, 0.0 ], [ -38.509418, -3.770799, 0.0 ], [ -38.509466, -3.771353, 0.0 ], [ -38.50892, -3.771524, 0.0 ], [ -38.508233, -3.771755, 0.0 ], [ -38.506508, -3.772101, 0.0 ], [ -38.505925, -3.772353, 0.0 ], [ -38.505371, -3.772748, 0.0 ], [ -38.505176, -3.772934, 0.0 ], [ -38.504873, -3.773205, 0.0 ], [ -38.504398, -3.773664, 0.0 ], [ -38.504012, -3.774002, 0.0 ], [ -38.503688, -3.774356, 0.0 ], [ -38.503314, -3.774728, 0.0 ], [ -38.502687, -3.775215, 0.0 ], [ -38.502209, -3.775545, 0.0 ], [ -38.501927, -3.77565, 0.0 ], [ -38.501685, -3.775726, 0.0 ], [ -38.50125, -3.775864, 0.0 ], [ -38.500405, -3.776135, 0.0 ], [ -38.500011, -3.776269, 0.0 ], [ -38.499729, -3.776363, 0.0 ], [ -38.499778, -3.776733, 0.0 ], [ -38.499784, -3.77678, 0.0 ], [ -38.499786, -3.776831, 0.0 ], [ -38.499783, -3.776888, 0.0 ], [ -38.49977, -3.776937, 0.0 ], [ -38.499745, -3.776997, 0.0 ], [ -38.499707, -3.777062, 0.0 ], [ -38.499648, -3.77714, 0.0 ], [ -38.499326, -3.777538, 0.0 ], [ -38.4993, -3.777573, 0.0 ], [ -38.499273, -3.77763, 0.0 ], [ -38.499252, -3.777695, 0.0 ], [ -38.499232, -3.77776, 0.0 ], [ -38.499218, -3.777822, 0.0 ], [ -38.499207, -3.777885, 0.0 ], [ -38.49916, -3.778233, 0.0 ], [ -38.49913, -3.778456, 0.0 ], [ -38.499108, -3.7786, 0.0 ], [ -38.49909, -3.77869, 0.0 ], [ -38.499065, -3.778802, 0.0 ], [ -38.49904, -3.778923, 0.0 ], [ -38.499011, -3.779043, 0.0 ], [ -38.498987, -3.77913, 0.0 ], [ -38.498961, -3.779212, 0.0 ], [ -38.498922, -3.779292, 0.0 ], [ -38.498874, -3.779369, 0.0 ], [ -38.498822, -3.779429, 0.0 ], [ -38.498759, -3.779475, 0.0 ], [ -38.498672, -3.779508, 0.0 ], [ -38.497856, -3.779714, 0.0 ], [ -38.497825, -3.779724, 0.0 ], [ -38.497793, -3.779741, 0.0 ], [ -38.497767, -3.779758, 0.0 ], [ -38.497744, -3.779786, 0.0 ], [ -38.497718, -3.779805, 0.0 ], [ -38.497673, -3.779837, 0.0 ], [ -38.497628, -3.779861, 0.0 ], [ -38.497499, -3.779914, 0.0 ], [ -38.497035, -3.780191, 0.0 ], [ -38.49701, -3.780207, 0.0 ], [ -38.496976, -3.780232, 0.0 ], [ -38.496454, -3.780634, 0.0 ], [ -38.496397, -3.780682, 0.0 ], [ -38.496353, -3.780724, 0.0 ], [ -38.496307, -3.780776, 0.0 ], [ -38.495931, -3.781374, 0.0 ], [ -38.495892, -3.781432, 0.0 ], [ -38.495851, -3.78148, 0.0 ], [ -38.495803, -3.781523, 0.0 ], [ -38.495741, -3.781571, 0.0 ], [ -38.495693, -3.781601, 0.0 ], [ -38.495652, -3.781631, 0.0 ], [ -38.495307, -3.781901, 0.0 ], [ -38.495258, -3.781951, 0.0 ], [ -38.495204, -3.782023, 0.0 ], [ -38.495152, -3.782098, 0.0 ], [ -38.495134, -3.782121, 0.0 ], [ -38.495122, -3.782137, 0.0 ], [ -38.494895, -3.782927, 0.0 ], [ -38.494873, -3.783012, 0.0 ], [ -38.493965, -3.783282, 0.0 ], [ -38.494279, -3.784363, 0.0 ], [ -38.494598, -3.785455, 0.0 ], [ -38.494916, -3.786531, 0.0 ], [ -38.494754, -3.786577, 0.0 ], [ -38.494359, -3.786695, 0.0 ], [ -38.494021, -3.786794, 0.0 ], [ -38.493812, -3.786853, 0.0 ], [ -38.493547, -3.786924, 0.0 ], [ -38.493439, -3.786951, 0.0 ], [ -38.493334, -3.786979, 0.0 ], [ -38.493143, -3.787031, 0.0 ], [ -38.49309, -3.787038, 0.0 ], [ -38.493035, -3.787043, 0.0 ], [ -38.492947, -3.787044, 0.0 ], [ -38.492909, -3.787038, 0.0 ], [ -38.492848, -3.787022, 0.0 ], [ -38.492659, -3.786957, 0.0 ], [ -38.492439, -3.786888, 0.0 ], [ -38.492396, -3.786874, 0.0 ], [ -38.492291, -3.78685, 0.0 ], [ -38.492125, -3.786812, 0.0 ], [ -38.492086, -3.786809, 0.0 ], [ -38.492009, -3.786802, 0.0 ], [ -38.491846, -3.78679, 0.0 ], [ -38.49153, -3.786771, 0.0 ], [ -38.491066, -3.786745, 0.0 ], [ -38.490961, -3.786739, 0.0 ], [ -38.490908, -3.786737, 0.0 ], [ -38.490891, -3.786737, 0.0 ], [ -38.490853, -3.786735, 0.0 ], [ -38.490798, -3.786737, 0.0 ], [ -38.49075, -3.786741, 0.0 ], [ -38.490696, -3.786747, 0.0 ], [ -38.490423, -3.78678, 0.0 ], [ -38.490017, -3.78683, 0.0 ], [ -38.489588, -3.786884, 0.0 ], [ -38.488414, -3.787035, 0.0 ], [ -38.488088, -3.787078, 0.0 ], [ -38.486599, -3.787274, 0.0 ], [ -38.486331, -3.787313, 0.0 ], [ -38.486057, -3.787351, 0.0 ], [ -38.485997, -3.787356, 0.0 ], [ -38.485932, -3.78736, 0.0 ], [ -38.485871, -3.787363, 0.0 ], [ -38.485813, -3.787366, 0.0 ], [ -38.485732, -3.787369, 0.0 ], [ -38.485673, -3.787368, 0.0 ], [ -38.484727, -3.787286, 0.0 ], [ -38.484102, -3.787227, 0.0 ], [ -38.484046, -3.787222, 0.0 ], [ -38.483673, -3.787188, 0.0 ], [ -38.483231, -3.787148, 0.0 ], [ -38.482811, -3.787112, 0.0 ], [ -38.482486, -3.787083, 0.0 ], [ -38.481494, -3.786998, 0.0 ], [ -38.480678, -3.786924, 0.0 ], [ -38.480459, -3.789447, 0.0 ], [ -38.480353, -3.790673, 0.0 ], [ -38.480244, -3.791965, 0.0 ], [ -38.480192, -3.792479, 0.0 ], [ -38.480105, -3.792928, 0.0 ], [ -38.48007, -3.793202, 0.0 ], [ -38.48002, -3.793972, 0.0 ], [ -38.480006, -3.794307, 0.0 ], [ -38.479914, -3.795435, 0.0 ], [ -38.479881, -3.795715, 0.0 ], [ -38.479839, -3.796283, 0.0 ], [ -38.479782, -3.796973, 0.0 ], [ -38.479737, -3.79737, 0.0 ], [ -38.479682, -3.798216, 0.0 ], [ -38.479571, -3.799462, 0.0 ], [ -38.479467, -3.800705, 0.0 ], [ -38.479359, -3.801975, 0.0 ], [ -38.47925, -3.801971, 0.0 ], [ -38.479052, -3.801953, 0.0 ], [ -38.478629, -3.801915, 0.0 ], [ -38.47845, -3.8019, 0.0 ], [ -38.478173, -3.801875, 0.0 ], [ -38.477887, -3.80185, 0.0 ], [ -38.477585, -3.801826, 0.0 ], [ -38.477293, -3.801802, 0.0 ], [ -38.476954, -3.801776, 0.0 ], [ -38.476668, -3.801752, 0.0 ], [ -38.476377, -3.801731, 0.0 ], [ -38.476104, -3.801708, 0.0 ], [ -38.475889, -3.801688, 0.0 ], [ -38.475768, -3.801677, 0.0 ], [ -38.475505, -3.80165, 0.0 ], [ -38.475363, -3.801636, 0.0 ], [ -38.475282, -3.801629, 0.0 ], [ -38.475069, -3.801607, 0.0 ], [ -38.474364, -3.801541, 0.0 ], [ -38.473901, -3.801503, 0.0 ], [ -38.473349, -3.801454, 0.0 ], [ -38.472851, -3.801408, 0.0 ], [ -38.47239, -3.801367, 0.0 ], [ -38.471922, -3.801327, 0.0 ], [ -38.471471, -3.801289, 0.0 ], [ -38.471224, -3.801263, 0.0 ], [ -38.470772, -3.801237, 0.0 ], [ -38.470634, -3.801224, 0.0 ], [ -38.470456, -3.801203, 0.0 ], [ -38.470269, -3.801188, 0.0 ], [ -38.470066, -3.801169, 0.0 ], [ -38.469669, -3.801137, 0.0 ], [ -38.469473, -3.80112, 0.0 ], [ -38.469263, -3.801105, 0.0 ], [ -38.469157, -3.801093, 0.0 ], [ -38.46895, -3.801077, 0.0 ], [ -38.468344, -3.801027, 0.0 ], [ -38.467998, -3.800997, 0.0 ], [ -38.467541, -3.80096, 0.0 ], [ -38.467251, -3.800937, 0.0 ], [ -38.466888, -3.800908, 0.0 ], [ -38.466617, -3.800888, 0.0 ], [ -38.46611, -3.800845, 0.0 ], [ -38.465944, -3.800831, 0.0 ], [ -38.465888, -3.800827, 0.0 ], [ -38.465869, -3.80101, 0.0 ], [ -38.465848, -3.801213, 0.0 ], [ -38.46583, -3.801458, 0.0 ], [ -38.465795, -3.8018, 0.0 ], [ -38.465769, -3.802021, 0.0 ], [ -38.465731, -3.802311, 0.0 ], [ -38.465694, -3.802639, 0.0 ], [ -38.465679, -3.802851, 0.0 ], [ -38.465644, -3.803286, 0.0 ], [ -38.465623, -3.803497, 0.0 ], [ -38.465607, -3.803579, 0.0 ], [ -38.465582, -3.803659, 0.0 ], [ -38.465489, -3.803976, 0.0 ], [ -38.465455, -3.804099, 0.0 ], [ -38.465435, -3.804203, 0.0 ], [ -38.46541, -3.804342, 0.0 ], [ -38.465398, -3.804438, 0.0 ], [ -38.465385, -3.80459, 0.0 ], [ -38.465384, -3.804735, 0.0 ], [ -38.465386, -3.804832, 0.0 ], [ -38.465382, -3.804929, 0.0 ], [ -38.465379, -3.805006, 0.0 ], [ -38.465368, -3.805078, 0.0 ], [ -38.465351, -3.80514, 0.0 ], [ -38.465314, -3.805208, 0.0 ], [ -38.465272, -3.80527, 0.0 ], [ -38.465199, -3.805342, 0.0 ], [ -38.464986, -3.805536, 0.0 ], [ -38.464718, -3.80576, 0.0 ], [ -38.464446, -3.805992, 0.0 ], [ -38.464055, -3.806291, 0.0 ], [ -38.463973, -3.806344, 0.0 ], [ -38.463774, -3.806479, 0.0 ], [ -38.463391, -3.806723, 0.0 ], [ -38.463091, -3.806898, 0.0 ], [ -38.462826, -3.807045, 0.0 ], [ -38.462554, -3.807201, 0.0 ], [ -38.462392, -3.807297, 0.0 ], [ -38.462067, -3.807485, 0.0 ], [ -38.461871, -3.807596, 0.0 ], [ -38.461604, -3.807794, 0.0 ], [ -38.461379, -3.807752, 0.0 ], [ -38.461216, -3.80772, 0.0 ], [ -38.461068, -3.807694, 0.0 ], [ -38.46097, -3.807682, 0.0 ], [ -38.460733, -3.80766, 0.0 ], [ -38.460451, -3.807635, 0.0 ], [ -38.460086, -3.80759, 0.0 ], [ -38.459875, -3.807554, 0.0 ], [ -38.459691, -3.807522, 0.0 ], [ -38.459487, -3.807478, 0.0 ], [ -38.459222, -3.807426, 0.0 ], [ -38.458901, -3.807344, 0.0 ], [ -38.458698, -3.807287, 0.0 ], [ -38.458505, -3.807229, 0.0 ], [ -38.458286, -3.807154, 0.0 ], [ -38.457982, -3.807049, 0.0 ], [ -38.457786, -3.80698, 0.0 ], [ -38.45765, -3.806943, 0.0 ], [ -38.45752, -3.806912, 0.0 ], [ -38.457308, -3.806866, 0.0 ], [ -38.456837, -3.806764, 0.0 ], [ -38.456567, -3.806705, 0.0 ], [ -38.456233, -3.806631, 0.0 ], [ -38.455727, -3.80652, 0.0 ], [ -38.455228, -3.806415, 0.0 ], [ -38.454951, -3.806362, 0.0 ], [ -38.454837, -3.806341, 0.0 ], [ -38.454594, -3.806303, 0.0 ], [ -38.454169, -3.806235, 0.0 ], [ -38.453712, -3.80616, 0.0 ], [ -38.4532, -3.806077, 0.0 ], [ -38.452857, -3.80602, 0.0 ], [ -38.452631, -3.805993, 0.0 ], [ -38.452446, -3.805975, 0.0 ], [ -38.452071, -3.805946, 0.0 ], [ -38.451879, -3.80593, 0.0 ], [ -38.45145, -3.805889, 0.0 ], [ -38.451261, -3.805874, 0.0 ], [ -38.451098, -3.80586, 0.0 ], [ -38.450844, -3.805838, 0.0 ], [ -38.450562, -3.805812, 0.0 ], [ -38.450309, -3.805793, 0.0 ], [ -38.450009, -3.805769, 0.0 ], [ -38.449805, -3.805752, 0.0 ], [ -38.44955, -3.805731, 0.0 ], [ -38.449256, -3.805709, 0.0 ], [ -38.449001, -3.805687, 0.0 ], [ -38.448633, -3.805659, 0.0 ], [ -38.448279, -3.805611, 0.0 ], [ -38.447807, -3.805535, 0.0 ], [ -38.447388, -3.805468, 0.0 ], [ -38.447126, -3.805423, 0.0 ], [ -38.446968, -3.80539, 0.0 ], [ -38.446687, -3.805329, 0.0 ], [ -38.446421, -3.80528, 0.0 ], [ -38.446316, -3.805263, 0.0 ], [ -38.446328, -3.805341, 0.0 ], [ -38.446178, -3.805673, 0.0 ], [ -38.446124, -3.806022, 0.0 ], [ -38.446072, -3.806389, 0.0 ], [ -38.445894, -3.806699, 0.0 ], [ -38.445535, -3.806686, 0.0 ], [ -38.445189, -3.806766, 0.0 ], [ -38.445029, -3.807023, 0.0 ], [ -38.444954, -3.807243, 0.0 ], [ -38.44477, -3.807377, 0.0 ], [ -38.444641, -3.807642, 0.0 ], [ -38.444657, -3.807871, 0.0 ], [ -38.444612, -3.808076, 0.0 ], [ -38.444528, -3.808375, 0.0 ], [ -38.444341, -3.808546, 0.0 ], [ -38.444149, -3.808547, 0.0 ], [ -38.443529, -3.808531, 0.0 ], [ -38.443299, -3.808618, 0.0 ], [ -38.443108, -3.80884, 0.0 ], [ -38.443043, -3.809045, 0.0 ], [ -38.443088, -3.809459, 0.0 ], [ -38.443019, -3.809638, 0.0 ], [ -38.442715, -3.809907, 0.0 ], [ -38.442488, -3.810021, 0.0 ], [ -38.442319, -3.810166, 0.0 ], [ -38.442067, -3.810458, 0.0 ], [ -38.44167, -3.811088, 0.0 ], [ -38.441356, -3.812026, 0.0 ], [ -38.441215, -3.812407, 0.0 ], [ -38.441111, -3.812933, 0.0 ], [ -38.441015, -3.813167, 0.0 ], [ -38.440907, -3.813407, 0.0 ], [ -38.440667, -3.813714, 0.0 ], [ -38.440543, -3.813946, 0.0 ], [ -38.440394, -3.814237, 0.0 ], [ -38.440311, -3.814793, 0.0 ], [ -38.440385, -3.815423, 0.0 ], [ -38.440938, -3.816378, 0.0 ], [ -38.441624, -3.817297, 0.0 ], [ -38.44207, -3.817637, 0.0 ], [ -38.44254, -3.81801, 0.0 ], [ -38.443176, -3.818545, 0.0 ], [ -38.443812, -3.818778, 0.0 ], [ -38.444571, -3.819201, 0.0 ], [ -38.445322, -3.819508, 0.0 ], [ -38.445627, -3.819839, 0.0 ], [ -38.445578, -3.820155, 0.0 ], [ -38.445324, -3.820681, 0.0 ], [ -38.445411, -3.820961, 0.0 ], [ -38.445642, -3.821227, 0.0 ], [ -38.445948, -3.821542, 0.0 ], [ -38.446137, -3.821848, 0.0 ], [ -38.446261, -3.822155, 0.0 ], [ -38.446252, -3.822619, 0.0 ], [ -38.446137, -3.822867, 0.0 ], [ -38.445905, -3.823033, 0.0 ], [ -38.445509, -3.823232, 0.0 ], [ -38.445327, -3.82343, 0.0 ], [ -38.445129, -3.823695, 0.0 ], [ -38.445022, -3.824027, 0.0 ], [ -38.44503, -3.824358, 0.0 ], [ -38.445029, -3.824515, 0.0 ], [ -38.445013, -3.824665, 0.0 ], [ -38.445027, -3.824803, 0.0 ], [ -38.445059, -3.824936, 0.0 ], [ -38.445092, -3.825035, 0.0 ], [ -38.445191, -3.825267, 0.0 ], [ -38.445257, -3.8254, 0.0 ], [ -38.44529, -3.825532, 0.0 ], [ -38.445323, -3.825631, 0.0 ], [ -38.445356, -3.825764, 0.0 ], [ -38.445421, -3.825896, 0.0 ], [ -38.445421, -3.826062, 0.0 ], [ -38.445454, -3.826195, 0.0 ], [ -38.44552, -3.826327, 0.0 ], [ -38.445553, -3.826526, 0.0 ], [ -38.445553, -3.826758, 0.0 ], [ -38.445748, -3.827143, 0.0 ], [ -38.445745, -3.827205, 0.0 ], [ -38.445747, -3.827312, 0.0 ], [ -38.44576, -3.827407, 0.0 ], [ -38.445768, -3.82753, 0.0 ], [ -38.445773, -3.827651, 0.0 ], [ -38.445788, -3.827775, 0.0 ], [ -38.445787, -3.827898, 0.0 ], [ -38.445796, -3.828033, 0.0 ], [ -38.445797, -3.828145, 0.0 ], [ -38.445805, -3.828286, 0.0 ], [ -38.445806, -3.828396, 0.0 ], [ -38.445805, -3.828495, 0.0 ], [ -38.445815, -3.828746, 0.0 ], [ -38.445816, -3.828874, 0.0 ], [ -38.445829, -3.82899, 0.0 ], [ -38.445864, -3.82922, 0.0 ], [ -38.445899, -3.829432, 0.0 ], [ -38.445917, -3.829584, 0.0 ], [ -38.44593, -3.82974, 0.0 ], [ -38.445954, -3.829906, 0.0 ], [ -38.446, -3.830149, 0.0 ], [ -38.446059, -3.830406, 0.0 ], [ -38.446078, -3.830547, 0.0 ], [ -38.446091, -3.830667, 0.0 ], [ -38.446118, -3.830793, 0.0 ], [ -38.446139, -3.830911, 0.0 ], [ -38.446166, -3.83103, 0.0 ], [ -38.446189, -3.831162, 0.0 ], [ -38.446217, -3.831302, 0.0 ], [ -38.446232, -3.831391, 0.0 ], [ -38.446271, -3.831587, 0.0 ], [ -38.446339, -3.831887, 0.0 ], [ -38.446407, -3.832122, 0.0 ], [ -38.446491, -3.832369, 0.0 ], [ -38.446597, -3.832627, 0.0 ], [ -38.446658, -3.832748, 0.0 ], [ -38.446753, -3.833013, 0.0 ], [ -38.446786, -3.833128, 0.0 ], [ -38.446835, -3.833244, 0.0 ], [ -38.446881, -3.833381, 0.0 ], [ -38.446984, -3.833616, 0.0 ], [ -38.447042, -3.833728, 0.0 ], [ -38.447109, -3.833874, 0.0 ], [ -38.447185, -3.834051, 0.0 ], [ -38.447304, -3.834403, 0.0 ], [ -38.447356, -3.834528, 0.0 ], [ -38.447409, -3.834668, 0.0 ], [ -38.44746, -3.834791, 0.0 ], [ -38.447494, -3.834888, 0.0 ], [ -38.447552, -3.835031, 0.0 ], [ -38.447658, -3.835266, 0.0 ], [ -38.447712, -3.835405, 0.0 ], [ -38.447736, -3.835517, 0.0 ], [ -38.447828, -3.835755, 0.0 ], [ -38.447932, -3.835984, 0.0 ], [ -38.447974, -3.836069, 0.0 ], [ -38.448005, -3.836153, 0.0 ], [ -38.448023, -3.836191, 0.0 ], [ -38.448422, -3.836513, 0.0 ], [ -38.448699, -3.836612, 0.0 ], [ -38.449011, -3.8367, 0.0 ], [ -38.449252, -3.836782, 0.0 ], [ -38.449585, -3.83697, 0.0 ], [ -38.449669, -3.837099, 0.0 ], [ -38.449769, -3.837248, 0.0 ], [ -38.449933, -3.837485, 0.0 ], [ -38.450148, -3.837787, 0.0 ], [ -38.450202, -3.837865, 0.0 ], [ -38.450316, -3.838026, 0.0 ], [ -38.45046, -3.838208, 0.0 ], [ -38.450715, -3.838498, 0.0 ], [ -38.450847, -3.838635, 0.0 ], [ -38.45098, -3.838752, 0.0 ], [ -38.451197, -3.839005, 0.0 ], [ -38.451369, -3.839189, 0.0 ], [ -38.451544, -3.839366, 0.0 ], [ -38.451599, -3.839418, 0.0 ], [ -38.451658, -3.839464, 0.0 ], [ -38.451733, -3.839519, 0.0 ], [ -38.451868, -3.839616, 0.0 ], [ -38.452016, -3.83973, 0.0 ], [ -38.452334, -3.839964, 0.0 ], [ -38.452665, -3.840125, 0.0 ], [ -38.452812, -3.840193, 0.0 ], [ -38.452886, -3.84023, 0.0 ], [ -38.452972, -3.84028, 0.0 ], [ -38.453125, -3.840373, 0.0 ], [ -38.45328, -3.840497, 0.0 ], [ -38.453518, -3.840737, 0.0 ], [ -38.453619, -3.84079, 0.0 ], [ -38.453802, -3.84083, 0.0 ], [ -38.453938, -3.840814, 0.0 ], [ -38.454031, -3.840819, 0.0 ], [ -38.454335, -3.840779, 0.0 ], [ -38.454662, -3.840727, 0.0 ], [ -38.455112, -3.840646, 0.0 ], [ -38.455257, -3.840625, 0.0 ], [ -38.455512, -3.840596, 0.0 ], [ -38.455727, -3.84059, 0.0 ], [ -38.456071, -3.840607, 0.0 ], [ -38.456288, -3.840648, 0.0 ], [ -38.456477, -3.840734, 0.0 ], [ -38.456643, -3.840849, 0.0 ], [ -38.456872, -3.841057, 0.0 ], [ -38.457261, -3.841465, 0.0 ], [ -38.457502, -3.841788, 0.0 ], [ -38.457622, -3.841932, 0.0 ], [ -38.457735, -3.84209, 0.0 ], [ -38.457866, -3.84227, 0.0 ], [ -38.457942, -3.842381, 0.0 ], [ -38.458027, -3.842477, 0.0 ], [ -38.458093, -3.84256, 0.0 ], [ -38.458213, -3.842681, 0.0 ], [ -38.45833, -3.842794, 0.0 ], [ -38.45841, -3.842857, 0.0 ], [ -38.458522, -3.842935, 0.0 ], [ -38.458605, -3.842981, 0.0 ], [ -38.458734, -3.843038, 0.0 ], [ -38.458866, -3.843107, 0.0 ], [ -38.45904, -3.84318, 0.0 ], [ -38.459201, -3.843266, 0.0 ], [ -38.459358, -3.843344, 0.0 ], [ -38.459464, -3.843378, 0.0 ], [ -38.459601, -3.843416, 0.0 ], [ -38.459753, -3.843419, 0.0 ], [ -38.459882, -3.843379, 0.0 ], [ -38.459946, -3.843349, 0.0 ], [ -38.459996, -3.843324, 0.0 ], [ -38.46009, -3.843331, 0.0 ], [ -38.460181, -3.843347, 0.0 ], [ -38.460301, -3.843338, 0.0 ], [ -38.460473, -3.843279, 0.0 ], [ -38.46056, -3.84324, 0.0 ], [ -38.460687, -3.843178, 0.0 ], [ -38.460887, -3.843084, 0.0 ], [ -38.461081, -3.843007, 0.0 ], [ -38.46166, -3.842711, 0.0 ], [ -38.462205, -3.842641, 0.0 ], [ -38.462421, -3.842952, 0.0 ], [ -38.462559, -3.8432, 0.0 ], [ -38.462761, -3.843344, 0.0 ], [ -38.463028, -3.84346, 0.0 ], [ -38.46336, -3.843662, 0.0 ], [ -38.46353, -3.843681, 0.0 ], [ -38.463613, -3.843635, 0.0 ], [ -38.463713, -3.843471, 0.0 ], [ -38.463728, -3.843335, 0.0 ], [ -38.463701, -3.843205, 0.0 ], [ -38.463635, -3.843044, 0.0 ], [ -38.463626, -3.842774, 0.0 ], [ -38.463614, -3.842695, 0.0 ], [ -38.463651, -3.842527, 0.0 ], [ -38.463642, -3.842418, 0.0 ], [ -38.46361, -3.842339, 0.0 ], [ -38.463657, -3.842246, 0.0 ], [ -38.463838, -3.842173, 0.0 ], [ -38.464023, -3.842129, 0.0 ], [ -38.464215, -3.842149, 0.0 ], [ -38.464387, -3.842217, 0.0 ], [ -38.464553, -3.84229, 0.0 ], [ -38.464711, -3.842481, 0.0 ], [ -38.464846, -3.842801, 0.0 ], [ -38.464999, -3.843023, 0.0 ], [ -38.465148, -3.84313, 0.0 ], [ -38.465261, -3.843135, 0.0 ], [ -38.465409, -3.843184, 0.0 ], [ -38.46561, -3.843231, 0.0 ], [ -38.465947, -3.843373, 0.0 ], [ -38.46626, -3.843572, 0.0 ], [ -38.466443, -3.843722, 0.0 ], [ -38.466571, -3.844007, 0.0 ], [ -38.466636, -3.844248, 0.0 ], [ -38.466753, -3.844473, 0.0 ], [ -38.466866, -3.844601, 0.0 ], [ -38.466986, -3.844756, 0.0 ], [ -38.467089, -3.844978, 0.0 ], [ -38.467195, -3.84525, 0.0 ], [ -38.46723, -3.84539, 0.0 ], [ -38.467236, -3.8455, 0.0 ], [ -38.46737, -3.845846, 0.0 ], [ -38.467383, -3.845873, 0.0 ], [ -38.467393, -3.845897, 0.0 ], [ -38.46739, -3.846026, 0.0 ], [ -38.46738, -3.846132, 0.0 ], [ -38.467359, -3.846262, 0.0 ], [ -38.467344, -3.846796, 0.0 ], [ -38.467342, -3.846921, 0.0 ], [ -38.467342, -3.847142, 0.0 ], [ -38.467354, -3.847376, 0.0 ], [ -38.467377, -3.847612, 0.0 ], [ -38.467389, -3.847842, 0.0 ], [ -38.46741, -3.848122, 0.0 ], [ -38.467428, -3.848289, 0.0 ], [ -38.467478, -3.848498, 0.0 ], [ -38.467513, -3.848694, 0.0 ], [ -38.467526, -3.848876, 0.0 ], [ -38.46755, -3.849114, 0.0 ], [ -38.46761, -3.849237, 0.0 ], [ -38.467676, -3.849427, 0.0 ], [ -38.467847, -3.849737, 0.0 ], [ -38.467998, -3.849941, 0.0 ], [ -38.468159, -3.85015, 0.0 ], [ -38.468226, -3.850258, 0.0 ], [ -38.468317, -3.850367, 0.0 ], [ -38.468418, -3.850479, 0.0 ], [ -38.468481, -3.850558, 0.0 ], [ -38.468522, -3.850594, 0.0 ], [ -38.4686, -3.850671, 0.0 ], [ -38.468679, -3.850754, 0.0 ], [ -38.468872, -3.850902, 0.0 ], [ -38.468967, -3.850935, 0.0 ], [ -38.469103, -3.850923, 0.0 ], [ -38.469169, -3.850878, 0.0 ], [ -38.469265, -3.850629, 0.0 ], [ -38.469397, -3.850427, 0.0 ], [ -38.469572, -3.850293, 0.0 ], [ -38.469679, -3.850264, 0.0 ], [ -38.46986, -3.850278, 0.0 ], [ -38.470094, -3.850246, 0.0 ], [ -38.470216, -3.850249, 0.0 ], [ -38.470298, -3.850287, 0.0 ], [ -38.470368, -3.850347, 0.0 ], [ -38.470469, -3.850419, 0.0 ], [ -38.470564, -3.850435, 0.0 ], [ -38.470654, -3.850474, 0.0 ], [ -38.470798, -3.850518, 0.0 ], [ -38.470854, -3.850567, 0.0 ], [ -38.470889, -3.850602, 0.0 ], [ -38.470928, -3.850641, 0.0 ], [ -38.470983, -3.850679, 0.0 ], [ -38.471024, -3.850696, 0.0 ], [ -38.471077, -3.850697, 0.0 ], [ -38.471146, -3.850677, 0.0 ], [ -38.471213, -3.850661, 0.0 ], [ -38.471252, -3.850655, 0.0 ], [ -38.471318, -3.850642, 0.0 ], [ -38.471398, -3.850643, 0.0 ], [ -38.471439, -3.850645, 0.0 ], [ -38.471491, -3.850653, 0.0 ], [ -38.471537, -3.850674, 0.0 ], [ -38.471567, -3.850693, 0.0 ], [ -38.471593, -3.850724, 0.0 ], [ -38.471615, -3.850759, 0.0 ], [ -38.471655, -3.850831, 0.0 ], [ -38.471686, -3.85089, 0.0 ], [ -38.471692, -3.850916, 0.0 ], [ -38.471698, -3.850953, 0.0 ], [ -38.471701, -3.851045, 0.0 ], [ -38.471706, -3.851079, 0.0 ], [ -38.471705, -3.851132, 0.0 ], [ -38.471711, -3.851192, 0.0 ], [ -38.471712, -3.851222, 0.0 ], [ -38.47171, -3.85125, 0.0 ], [ -38.471703, -3.851283, 0.0 ], [ -38.471694, -3.851308, 0.0 ], [ -38.471687, -3.851345, 0.0 ], [ -38.471689, -3.851374, 0.0 ], [ -38.471693, -3.851408, 0.0 ], [ -38.471704, -3.851445, 0.0 ], [ -38.471711, -3.851529, 0.0 ], [ -38.471727, -3.851577, 0.0 ], [ -38.471765, -3.851617, 0.0 ], [ -38.471837, -3.851663, 0.0 ], [ -38.471875, -3.851717, 0.0 ], [ -38.471923, -3.851845, 0.0 ], [ -38.471946, -3.851888, 0.0 ], [ -38.471968, -3.851939, 0.0 ], [ -38.471991, -3.851972, 0.0 ], [ -38.471992, -3.852012, 0.0 ], [ -38.471966, -3.852046, 0.0 ], [ -38.47192, -3.852074, 0.0 ], [ -38.471872, -3.852094, 0.0 ], [ -38.471819, -3.852107, 0.0 ], [ -38.47178, -3.852129, 0.0 ], [ -38.471743, -3.852162, 0.0 ], [ -38.471714, -3.852202, 0.0 ], [ -38.471673, -3.85223, 0.0 ], [ -38.471633, -3.852249, 0.0 ], [ -38.471598, -3.852263, 0.0 ], [ -38.47154, -3.852311, 0.0 ], [ -38.471496, -3.852321, 0.0 ], [ -38.471453, -3.852337, 0.0 ], [ -38.471411, -3.852365, 0.0 ], [ -38.471376, -3.852394, 0.0 ], [ -38.471341, -3.852431, 0.0 ], [ -38.47131, -3.852473, 0.0 ], [ -38.471288, -3.852513, 0.0 ], [ -38.471272, -3.852557, 0.0 ], [ -38.471252, -3.852586, 0.0 ], [ -38.471231, -3.852631, 0.0 ], [ -38.471193, -3.852706, 0.0 ], [ -38.471175, -3.852748, 0.0 ], [ -38.471158, -3.852852, 0.0 ], [ -38.471159, -3.852907, 0.0 ], [ -38.471141, -3.85302, 0.0 ], [ -38.471131, -3.853104, 0.0 ], [ -38.471128, -3.853214, 0.0 ], [ -38.471135, -3.853277, 0.0 ], [ -38.471147, -3.853318, 0.0 ], [ -38.471154, -3.85338, 0.0 ], [ -38.471166, -3.853429, 0.0 ], [ -38.47119, -3.853495, 0.0 ], [ -38.471204, -3.853546, 0.0 ], [ -38.47122, -3.853574, 0.0 ], [ -38.471241, -3.853617, 0.0 ], [ -38.4713, -3.853681, 0.0 ], [ -38.471328, -3.853719, 0.0 ], [ -38.471361, -3.853745, 0.0 ], [ -38.471402, -3.853787, 0.0 ], [ -38.471443, -3.853928, 0.0 ], [ -38.471478, -3.854, 0.0 ], [ -38.471561, -3.854083, 0.0 ], [ -38.471641, -3.854122, 0.0 ], [ -38.471713, -3.854079, 0.0 ], [ -38.471849, -3.853933, 0.0 ], [ -38.471921, -3.853893, 0.0 ], [ -38.472038, -3.853803, 0.0 ], [ -38.472143, -3.853784, 0.0 ], [ -38.472238, -3.853788, 0.0 ], [ -38.472311, -3.853778, 0.0 ], [ -38.4724, -3.853774, 0.0 ], [ -38.472492, -3.853797, 0.0 ], [ -38.472601, -3.85381, 0.0 ], [ -38.472653, -3.853819, 0.0 ], [ -38.472715, -3.853832, 0.0 ], [ -38.472776, -3.853843, 0.0 ], [ -38.472811, -3.853842, 0.0 ], [ -38.472842, -3.853836, 0.0 ], [ -38.472906, -3.853835, 0.0 ], [ -38.47295, -3.853848, 0.0 ], [ -38.472998, -3.853863, 0.0 ], [ -38.473065, -3.853907, 0.0 ], [ -38.473133, -3.853951, 0.0 ], [ -38.473143, -3.853973, 0.0 ], [ -38.473127, -3.854028, 0.0 ], [ -38.473132, -3.854092, 0.0 ], [ -38.473172, -3.854132, 0.0 ], [ -38.47321, -3.854151, 0.0 ], [ -38.473285, -3.854257, 0.0 ], [ -38.473307, -3.854339, 0.0 ], [ -38.473318, -3.85439, 0.0 ], [ -38.47334, -3.85445, 0.0 ], [ -38.473372, -3.854518, 0.0 ], [ -38.473398, -3.854576, 0.0 ], [ -38.473424, -3.854614, 0.0 ], [ -38.4735, -3.854665, 0.0 ], [ -38.473598, -3.854702, 0.0 ], [ -38.473753, -3.854767, 0.0 ], [ -38.473925, -3.854839, 0.0 ], [ -38.474179, -3.854738, 0.0 ], [ -38.474333, -3.85459, 0.0 ], [ -38.474495, -3.854451, 0.0 ], [ -38.474645, -3.854447, 0.0 ], [ -38.474882, -3.854484, 0.0 ], [ -38.475102, -3.854579, 0.0 ], [ -38.475283, -3.854675, 0.0 ], [ -38.475383, -3.854729, 0.0 ], [ -38.475468, -3.854794, 0.0 ], [ -38.475525, -3.854845, 0.0 ], [ -38.475593, -3.85491, 0.0 ], [ -38.475786, -3.855202, 0.0 ], [ -38.475886, -3.855568, 0.0 ], [ -38.475946, -3.856046, 0.0 ], [ -38.475912, -3.85621, 0.0 ], [ -38.475846, -3.856326, 0.0 ], [ -38.475772, -3.85651, 0.0 ], [ -38.475759, -3.856609, 0.0 ], [ -38.475764, -3.856713, 0.0 ], [ -38.475732, -3.856831, 0.0 ], [ -38.475691, -3.856939, 0.0 ], [ -38.475677, -3.856978, 0.0 ], [ -38.475632, -3.857017, 0.0 ], [ -38.475549, -3.857062, 0.0 ], [ -38.475509, -3.857118, 0.0 ], [ -38.475453, -3.857118, 0.0 ], [ -38.475406, -3.857147, 0.0 ], [ -38.475321, -3.857358, 0.0 ], [ -38.475291, -3.857401, 0.0 ], [ -38.475242, -3.857469, 0.0 ], [ -38.475253, -3.857532, 0.0 ], [ -38.475254, -3.857593, 0.0 ], [ -38.475261, -3.857623, 0.0 ], [ -38.475297, -3.857682, 0.0 ], [ -38.475311, -3.857776, 0.0 ], [ -38.475318, -3.857838, 0.0 ], [ -38.475313, -3.857915, 0.0 ], [ -38.475325, -3.857981, 0.0 ], [ -38.475428, -3.858082, 0.0 ], [ -38.475536, -3.858164, 0.0 ], [ -38.475663, -3.85819, 0.0 ], [ -38.475751, -3.858193, 0.0 ], [ -38.475867, -3.858149, 0.0 ], [ -38.47601, -3.85813, 0.0 ], [ -38.476123, -3.85815, 0.0 ], [ -38.476208, -3.858156, 0.0 ], [ -38.476289, -3.858183, 0.0 ], [ -38.476409, -3.858253, 0.0 ], [ -38.476482, -3.85832, 0.0 ], [ -38.476561, -3.858387, 0.0 ], [ -38.47665, -3.858477, 0.0 ], [ -38.476727, -3.858539, 0.0 ], [ -38.476809, -3.858591, 0.0 ], [ -38.476916, -3.858641, 0.0 ], [ -38.477043, -3.858659, 0.0 ], [ -38.477079, -3.858709, 0.0 ], [ -38.477334, -3.858865, 0.0 ], [ -38.477544, -3.859077, 0.0 ], [ -38.477735, -3.859193, 0.0 ], [ -38.477884, -3.859453, 0.0 ], [ -38.477979, -3.859593, 0.0 ], [ -38.478046, -3.859843, 0.0 ], [ -38.478037, -3.860045, 0.0 ], [ -38.477982, -3.860178, 0.0 ], [ -38.477919, -3.860278, 0.0 ], [ -38.477889, -3.860324, 0.0 ], [ -38.477872, -3.860346, 0.0 ], [ -38.477851, -3.860385, 0.0 ], [ -38.477835, -3.860418, 0.0 ], [ -38.477791, -3.860436, 0.0 ], [ -38.477737, -3.860432, 0.0 ], [ -38.477682, -3.860436, 0.0 ], [ -38.477631, -3.860463, 0.0 ], [ -38.477584, -3.860518, 0.0 ], [ -38.477554, -3.860583, 0.0 ], [ -38.47754, -3.860646, 0.0 ], [ -38.477528, -3.860716, 0.0 ], [ -38.477423, -3.860847, 0.0 ], [ -38.477346, -3.860984, 0.0 ], [ -38.477312, -3.861128, 0.0 ], [ -38.477375, -3.861302, 0.0 ], [ -38.477509, -3.861695, 0.0 ], [ -38.477699, -3.861989, 0.0 ], [ -38.477783, -3.862092, 0.0 ], [ -38.47789, -3.862155, 0.0 ], [ -38.478007, -3.862152, 0.0 ], [ -38.478092, -3.862125, 0.0 ], [ -38.478182, -3.862108, 0.0 ], [ -38.478266, -3.862107, 0.0 ], [ -38.478329, -3.862146, 0.0 ], [ -38.478387, -3.86225, 0.0 ], [ -38.478445, -3.8623, 0.0 ], [ -38.478561, -3.86224, 0.0 ], [ -38.478603, -3.86225, 0.0 ], [ -38.478641, -3.862281, 0.0 ], [ -38.478668, -3.86231, 0.0 ], [ -38.478712, -3.862334, 0.0 ], [ -38.478737, -3.862319, 0.0 ], [ -38.47876, -3.862278, 0.0 ], [ -38.478771, -3.862193, 0.0 ], [ -38.478813, -3.862134, 0.0 ], [ -38.478849, -3.862105, 0.0 ], [ -38.478923, -3.862099, 0.0 ], [ -38.479006, -3.862084, 0.0 ], [ -38.479051, -3.862091, 0.0 ], [ -38.479118, -3.862086, 0.0 ], [ -38.479176, -3.862088, 0.0 ], [ -38.479408, -3.8621, 0.0 ], [ -38.479537, -3.8621, 0.0 ], [ -38.479674, -3.862143, 0.0 ], [ -38.47985, -3.862216, 0.0 ], [ -38.479898, -3.862257, 0.0 ], [ -38.479918, -3.86236, 0.0 ], [ -38.479952, -3.862483, 0.0 ], [ -38.480078, -3.862661, 0.0 ], [ -38.480134, -3.862724, 0.0 ], [ -38.480263, -3.862838, 0.0 ], [ -38.480302, -3.862906, 0.0 ], [ -38.480328, -3.862958, 0.0 ], [ -38.48036, -3.863005, 0.0 ], [ -38.480396, -3.863041, 0.0 ], [ -38.480427, -3.863058, 0.0 ], [ -38.480454, -3.863085, 0.0 ], [ -38.480488, -3.86313, 0.0 ], [ -38.480581, -3.863296, 0.0 ], [ -38.480626, -3.863351, 0.0 ], [ -38.48067, -3.863422, 0.0 ], [ -38.480708, -3.863584, 0.0 ], [ -38.480727, -3.863658, 0.0 ], [ -38.480765, -3.863738, 0.0 ], [ -38.48083, -3.863808, 0.0 ], [ -38.480919, -3.86383, 0.0 ], [ -38.481078, -3.863825, 0.0 ], [ -38.481135, -3.863825, 0.0 ], [ -38.481244, -3.863827, 0.0 ], [ -38.481293, -3.863748, 0.0 ], [ -38.481358, -3.863664, 0.0 ], [ -38.48142, -3.863612, 0.0 ], [ -38.481453, -3.863587, 0.0 ], [ -38.48149, -3.863568, 0.0 ], [ -38.481523, -3.863554, 0.0 ], [ -38.481577, -3.86351, 0.0 ], [ -38.481622, -3.863352, 0.0 ], [ -38.481749, -3.863263, 0.0 ], [ -38.481801, -3.863256, 0.0 ], [ -38.481945, -3.863299, 0.0 ], [ -38.4821, -3.863313, 0.0 ], [ -38.482236, -3.863302, 0.0 ], [ -38.482288, -3.863299, 0.0 ], [ -38.482334, -3.863299, 0.0 ], [ -38.482376, -3.863291, 0.0 ], [ -38.482448, -3.863256, 0.0 ], [ -38.482489, -3.863242, 0.0 ], [ -38.482634, -3.863187, 0.0 ], [ -38.482671, -3.863169, 0.0 ], [ -38.48277, -3.863154, 0.0 ], [ -38.482814, -3.863144, 0.0 ], [ -38.482867, -3.863124, 0.0 ], [ -38.482903, -3.863126, 0.0 ], [ -38.482939, -3.863129, 0.0 ], [ -38.482969, -3.863145, 0.0 ], [ -38.483026, -3.863159, 0.0 ], [ -38.483067, -3.863165, 0.0 ], [ -38.483109, -3.863168, 0.0 ], [ -38.483177, -3.863186, 0.0 ], [ -38.483247, -3.863215, 0.0 ], [ -38.48328, -3.86323, 0.0 ], [ -38.483315, -3.86325, 0.0 ], [ -38.483346, -3.863274, 0.0 ], [ -38.48338, -3.863303, 0.0 ], [ -38.483401, -3.86333, 0.0 ], [ -38.483423, -3.863374, 0.0 ], [ -38.483443, -3.863396, 0.0 ], [ -38.483495, -3.863466, 0.0 ], [ -38.48353, -3.863531, 0.0 ], [ -38.483555, -3.863706, 0.0 ], [ -38.483562, -3.863813, 0.0 ], [ -38.483581, -3.86386, 0.0 ], [ -38.483613, -3.863902, 0.0 ], [ -38.483663, -3.863956, 0.0 ], [ -38.4837, -3.864005, 0.0 ], [ -38.483797, -3.86411, 0.0 ], [ -38.483847, -3.864146, 0.0 ], [ -38.483899, -3.864169, 0.0 ], [ -38.483954, -3.864188, 0.0 ], [ -38.483981, -3.864212, 0.0 ], [ -38.484055, -3.864304, 0.0 ], [ -38.484093, -3.864336, 0.0 ], [ -38.484103, -3.864381, 0.0 ], [ -38.484117, -3.864401, 0.0 ], [ -38.484146, -3.864404, 0.0 ], [ -38.48417, -3.864394, 0.0 ], [ -38.484211, -3.864383, 0.0 ], [ -38.48425, -3.864377, 0.0 ], [ -38.484286, -3.864385, 0.0 ], [ -38.484342, -3.864396, 0.0 ], [ -38.484431, -3.864433, 0.0 ], [ -38.484522, -3.864457, 0.0 ], [ -38.484588, -3.86446, 0.0 ], [ -38.484635, -3.864448, 0.0 ], [ -38.484677, -3.864427, 0.0 ], [ -38.484741, -3.864408, 0.0 ], [ -38.484896, -3.864394, 0.0 ], [ -38.484969, -3.86438, 0.0 ], [ -38.485105, -3.86434, 0.0 ], [ -38.485172, -3.864342, 0.0 ], [ -38.485271, -3.864366, 0.0 ], [ -38.485327, -3.86439, 0.0 ], [ -38.485372, -3.864427, 0.0 ], [ -38.485437, -3.864491, 0.0 ], [ -38.48548, -3.864519, 0.0 ], [ -38.485512, -3.864533, 0.0 ], [ -38.485576, -3.864583, 0.0 ], [ -38.485608, -3.864613, 0.0 ], [ -38.485656, -3.864658, 0.0 ] ] ] } },
{ "type": "Feature", "properties": { "regional": 7, "area_km2": 50.499646305871465, "n_bairros": 11 }, "geometry": { "type": "Polygon", "coordinates": [ [ [ -38.462392, -3.807297, 0.0 ], [ -38.462554, -3.807201, 0.0 ], [ -38.462826, -3.807045, 0.0 ], [ -38.463091, -3.806898, 0.0 ], [ -38.463391, -3.806723, 0.0 ], [ -38.463774, -3.806479, 0.0 ], [ -38.463973, -3.806344, 0.0 ], [ -38.464055, -3.806291, 0.0 ], [ -38.464446, -3.805992, 0.0 ], [ -38.464718, -3.80576, 0.0 ], [ -38.464986, -3.805536, 0.0 ], [ -38.465199, -3.805342, 0.0 ], [ -38.465272, -3.80527, 0.0 ], [ -38.465314, -3.805208, 0.0 ], [ -38.465351, -3.80514, 0.0 ], [ -38.465368, -3.805078, 0.0 ], [ -38.465379, -3.805006, 0.0 ], [ -38.465382, -3.804929, 0.0 ], [ -38.465386, -3.804832, 0.0 ], [ -38.465384, -3.804735, 0.0 ], [ -38.465385, -3.80459, 0.0 ], [ -38.465398, -3.804438, 0.0 ], [ -38.46541, -3.804342, 0.0 ], [ -38.465435, -3.804203, 0.0 ], [ -38.465455, -3.804099, 0.0 ], [ -38.465489, -3.803976, 0.0 ], [ -38.465582, -3.803659, 0.0 ], [ -38.465607, -3.803579, 0.0 ], [ -38.465623, -3.803497, 0.0 ], [ -38.465644, -3.803286, 0.0 ], [ -38.465679, -3.802851, 0.0 ], [ -38.465694, -3.802639, 0.0 ], [ -38.465731, -3.802311, 0.0 ], [ -38.465769, -3.802021, 0.0 ], [ -38.465795, -3.8018, 0.0 ], [ -38.46583, -3.801458, 0.0 ], [ -38.465848, -3.801213, 0.0 ], [ -38.465869, -3.80101, 0.0 ], [ -38.465888, -3.800827, 0.0 ], [ -38.465944, -3.800831, 0.0 ], [ -38.46611, -3.800845, 0.0 ], [ -38.466617, -3.800888, 0.0 ], [ -38.466888, -3.800908, 0.0 ], [ -38.467251, -3.800937, 0.0 ], [ -38.467541, -3.80096, 0.0 ], [ -38.467998, -3.800997, 0.0 ], [ -38.468344, -3.801027, 0.0 ], [ -38.46895, -3.801077, 0.0 ], [ -38.469157, -3.801093, 0.0 ], [ -38.469263, -3.801105, 0.0 ], [ -38.469473, -3.80112, 0.0 ], [ -38.469669, -3.801137, 0.0 ], [ -38.470066, -3.801169, 0.0 ], [ -38.470269, -3.801188, 0.0 ], [ -38.470456, -3.801203, 0.0 ], [ -38.470634, -3.801224, 0.0 ], [ -38.470772, -3.801237, 0.0 ], [ -38.471224, -3.801263, 0.0 ], [ -38.471471, -3.801289, 0.0 ], [ -38.471922, -3.801327, 0.0 ], [ -38.47239, -3.801367, 0.0 ], [ -38.472851, -3.801408, 0.0 ], [ -38.473349, -3.801454, 0.0 ], [ -38.473901, -3.801503, 0.0 ], [ -38.474364, -3.801541, 0.0 ], [ -38.475069, -3.801607, 0.0 ], [ -38.475282, -3.801629, 0.0 ], [ -38.475363, -3.801636, 0.0 ], [ -38.475505, -3.80165, 0.0 ], [ -38.475768, -3.801677, 0.0 ], [ -38.475889, -3.801688, 0.0 ], [ -38.476104, -3.801708, 0.0 ], [ -38.476377, -3.801731, 0.0 ], [ -38.476668, -3.801752, 0.0 ], [ -38.476954, -3.801776, 0.0 ], [ -38.477293, -3.801802, 0.0 ], [ -38.477585, -3.801826, 0.0 ], [ -38.477887, -3.80185, 0.0 ], [ -38.478173, -3.801875, 0.0 ], [ -38.47845, -3.8019, 0.0 ], [ -38.478629, -3.801915, 0.0 ], [ -38.479052, -3.801953, 0.0 ], [ -38.47925, -3.801971, 0.0 ], [ -38.479359, -3.801975, 0.0 ], [ -38.479467, -3.800705, 0.0 ], [ -38.479571, -3.799462, 0.0 ], [ -38.479682, -3.798216, 0.0 ], [ -38.479737, -3.79737, 0.0 ], [ -38.479782, -3.796973, 0.0 ], [ -38.479839, -3.796283, 0.0 ], [ -38.479881, -3.795715, 0.0 ], [ -38.479914, -3.795435, 0.0 ], [ -38.480006, -3.794307, 0.0 ], [ -38.48002, -3.793972, 0.0 ], [ -38.48007, -3.793202, 0.0 ], [ -38.480105, -3.792928, 0.0 ], [ -38.480192, -3.792479, 0.0 ], [ -38.480244, -3.791965, 0.0 ], [ -38.480353, -3.790673, 0.0 ], [ -38.480459, -3.789447, 0.0 ], [ -38.480678, -3.786924, 0.0 ], [ -38.481494, -3.786998, 0.0 ], [ -38.482486, -3.787083, 0.0 ], [ -38.482811, -3.787112, 0.0 ], [ -38.483231, -3.787148, 0.0 ], [ -38.483673, -3.787188, 0.0 ], [ -38.484046, -3.787222, 0.0 ], [ -38.484102, -3.787227, 0.0 ], [ -38.484727, -3.787286, 0.0 ], [ -38.485673, -3.787368, 0.0 ], [ -38.485732, -3.787369, 0.0 ], [ -38.485813, -3.787366, 0.0 ], [ -38.485871, -3.787363, 0.0 ], [ -38.485932, -3.78736, 0.0 ], [ -38.485997, -3.787356, 0.0 ], [ -38.486057, -3.787351, 0.0 ], [ -38.486331, -3.787313, 0.0 ], [ -38.486599, -3.787274, 0.0 ], [ -38.488088, -3.787078, 0.0 ], [ -38.488414, -3.787035, 0.0 ], [ -38.489588, -3.786884, 0.0 ], [ -38.490017, -3.78683, 0.0 ], [ -38.490423, -3.78678, 0.0 ], [ -38.490696, -3.786747, 0.0 ], [ -38.49075, -3.786741, 0.0 ], [ -38.490798, -3.786737, 0.0 ], [ -38.490853, -3.786735, 0.0 ], [ -38.490891, -3.786737, 0.0 ], [ -38.490908, -3.786737, 0.0 ], [ -38.490961, -3.786739, 0.0 ], [ -38.491066, -3.786745, 0.0 ], [ -38.49153, -3.786771, 0.0 ], [ -38.491846, -3.78679, 0.0 ], [ -38.492009, -3.786802, 0.0 ], [ -38.492086, -3.786809, 0.0 ], [ -38.492125, -3.786812, 0.0 ], [ -38.492291, -3.78685, 0.0 ], [ -38.492396, -3.786874, 0.0 ], [ -38.492439, -3.786888, 0.0 ], [ -38.492659, -3.786957, 0.0 ], [ -38.492848, -3.787022, 0.0 ], [ -38.492909, -3.787038, 0.0 ], [ -38.492947, -3.787044, 0.0 ], [ -38.493035, -3.787043, 0.0 ], [ -38.49309, -3.787038, 0.0 ], [ -38.493143, -3.787031, 0.0 ], [ -38.493334, -3.786979, 0.0 ], [ -38.493439, -3.786951, 0.0 ], [ -38.493547, -3.786924, 0.0 ], [ -38.493812, -3.786853, 0.0 ], [ -38.494021, -3.786794, 0.0 ], [ -38.494359, -3.786695, 0.0 ], [ -38.494754, -3.786577, 0.0 ], [ -38.494916, -3.786531, 0.0 ], [ -38.494598, -3.785455, 0.0 ], [ -38.494279, -3.784363, 0.0 ], [ -38.493965, -3.783282, 0.0 ], [ -38.494873, -3.783012, 0.0 ], [ -38.494895, -3.782927, 0.0 ], [ -38.495122, -3.782137, 0.0 ], [ -38.495134, -3.782121, 0.0 ], [ -38.495152, -3.782098, 0.0 ], [ -38.495204, -3.782023, 0.0 ], [ -38.495258, -3.781951, 0.0 ], [ -38.495307, -3.781901, 0.0 ], [ -38.495652, -3.781631, 0.0 ], [ -38.495693, -3.781601, 0.0 ], [ -38.495741, -3.781571, 0.0 ], [ -38.495803, -3.781523, 0.0 ], [ -38.495851, -3.78148, 0.0 ], [ -38.495892, -3.781432, 0.0 ], [ -38.495931, -3.781374, 0.0 ], [ -38.496307, -3.780776, 0.0 ], [ -38.496353, -3.780724, 0.0 ], [ -38.496397, -3.780682, 0.0 ], [ -38.496454, -3.780634, 0.0 ], [ -38.496976, -3.780232, 0.0 ], [ -38.49701, -3.780207, 0.0 ], [ -38.497035, -3.780191, 0.0 ], [ -38.497499, -3.779914, 0.0 ], [ -38.497628, -3.779861, 0.0 ], [ -38.497673, -3.779837, 0.0 ], [ -38.497718, -3.779805, 0.0 ], [ -38.497744, -3.779786, 0.0 ], [ -38.497767, -3.779758, 0.0 ], [ -38.497793, -3.779741, 0.0 ], [ -38.497825, -3.779724, 0.0 ], [ -38.497856, -3.779714, 0.0 ], [ -38.498672, -3.779508, 0.0 ], [ -38.498759, -3.779475, 0.0 ], [ -38.498822, -3.779429, 0.0 ], [ -38.498874, -3.779369, 0.0 ], [ -38.498922, -3.779292, 0.0 ], [ -38.498961, -3.779212, 0.0 ], [ -38.498987, -3.77913, 0.0 ], [ -38.499011, -3.779043, 0.0 ], [ -38.49904, -3.778923, 0.0 ], [ -38.499065, -3.778802, 0.0 ], [ -38.49909, -3.77869, 0.0 ], [ -38.499108, -3.7786, 0.0 ], [ -38.49913, -3.778456, 0.0 ], [ -38.49916, -3.778233, 0.0 ], [ -38.499207, -3.777885, 0.0 ], [ -38.499218, -3.777822, 0.0 ], [ -38.499232, -3.77776, 0.0 ], [ -38.499252, -3.777695, 0.0 ], [ -38.499273, -3.77763, 0.0 ], [ -38.4993, -3.777573, 0.0 ], [ -38.499326, -3.777538, 0.0 ], [ -38.499648, -3.77714, 0.0 ], [ -38.499707, -3.777062, 0.0 ], [ -38.499745, -3.776997, 0.0 ], [ -38.49977, -3.776937, 0.0 ], [ -38.499783, -3.776888, 0.0 ], [ -38.499786, -3.776831, 0.0 ], [ -38.499784, -3.77678, 0.0 ], [ -38.499778, -3.776733, 0.0 ], [ -38.499729, -3.776363, 0.0 ], [ -38.500011, -3.776269, 0.0 ], [ -38.500405, -3.776135, 0.0 ], [ -38.50125, -3.775864, 0.0 ], [ -38.501685, -3.775726, 0.0 ], [ -38.501927, -3.77565, 0.0 ], [ -38.502209, -3.775545, 0.0 ], [ -38.502687, -3.775215, 0.0 ], [ -38.503314, -3.774728, 0.0 ], [ -38.503688, -3.774356, 0.0 ], [ -38.504012, -3.774002, 0.0 ], [ -38.504398, -3.773664, 0.0 ], [ -38.504873, -3.773205, 0.0 ], [ -38.505176, -3.772934, 0.0 ], [ -38.505371, -3.772748, 0.0 ], [ -38.505925, -3.772353, 0.0 ], [ -38.506508, -3.772101, 0.0 ], [ -38.508233, -3.771755, 0.0 ], [ -38.50892, -3.771524, 0.0 ], [ -38.509466, -3.771353, 0.0 ], [ -38.509418, -3.770799, 0.0 ], [ -38.509323, -3.770171, 0.0 ], [ -38.509173, -3.769515, 0.0 ], [ -38.508997, -3.768908, 0.0 ], [ -38.508905, -3.768549, 0.0 ], [ -38.508688, -3.767984, 0.0 ], [ -38.508513, -3.767498, 0.0 ], [ -38.508364, -3.767143, 0.0 ], [ -38.507098, -3.763854, 0.0 ], [ -38.506993, -3.763635, 0.0 ], [ -38.50685, -3.763373, 0.0 ], [ -38.506775, -3.76326, 0.0 ], [ -38.506657, -3.763114, 0.0 ], [ -38.506504, -3.76295, 0.0 ], [ -38.506222, -3.762602, 0.0 ], [ -38.506108, -3.762418, 0.0 ], [ -38.50564, -3.762358, 0.0 ], [ -38.50543, -3.762324, 0.0 ], [ -38.505198, -3.762257, 0.0 ], [ -38.504996, -3.762196, 0.0 ], [ -38.504797, -3.762174, 0.0 ], [ -38.504692, -3.762168, 0.0 ], [ -38.504526, -3.762179, 0.0 ], [ -38.504382, -3.762174, 0.0 ], [ -38.504222, -3.762107, 0.0 ], [ -38.504089, -3.762073, 0.0 ], [ -38.503956, -3.762029, 0.0 ], [ -38.50384, -3.761973, 0.0 ], [ -38.503691, -3.761912, 0.0 ], [ -38.503525, -3.761829, 0.0 ], [ -38.503392, -3.761729, 0.0 ], [ -38.503298, -3.76164, 0.0 ], [ -38.503221, -3.761551, 0.0 ], [ -38.503135, -3.761307, 0.0 ], [ -38.503032, -3.761127, 0.0 ], [ -38.50292, -3.760912, 0.0 ], [ -38.502909, -3.760806, 0.0 ], [ -38.50289, -3.760774, 0.0 ], [ -38.502877, -3.760741, 0.0 ], [ -38.502863, -3.760686, 0.0 ], [ -38.502854, -3.760648, 0.0 ], [ -38.502835, -3.760596, 0.0 ], [ -38.502806, -3.760541, 0.0 ], [ -38.502776, -3.760474, 0.0 ], [ -38.502754, -3.76043, 0.0 ], [ -38.502741, -3.760396, 0.0 ], [ -38.502719, -3.760332, 0.0 ], [ -38.502688, -3.760254, 0.0 ], [ -38.502668, -3.760194, 0.0 ], [ -38.502649, -3.760147, 0.0 ], [ -38.50264, -3.760108, 0.0 ], [ -38.502635, -3.760075, 0.0 ], [ -38.502617, -3.760015, 0.0 ], [ -38.502593, -3.759958, 0.0 ], [ -38.502577, -3.759919, 0.0 ], [ -38.502558, -3.759859, 0.0 ], [ -38.502515, -3.759793, 0.0 ], [ -38.502502, -3.759766, 0.0 ], [ -38.5025, -3.759756, 0.0 ], [ -38.502499, -3.759732, 0.0 ], [ -38.502499, -3.759717, 0.0 ], [ -38.50249, -3.759683, 0.0 ], [ -38.502456, -3.759528, 0.0 ], [ -38.502439, -3.759441, 0.0 ], [ -38.50243, -3.759381, 0.0 ], [ -38.502425, -3.759362, 0.0 ], [ -38.502423, -3.759344, 0.0 ], [ -38.50242, -3.759321, 0.0 ], [ -38.502401, -3.759271, 0.0 ], [ -38.502377, -3.759223, 0.0 ], [ -38.502369, -3.759204, 0.0 ], [ -38.502362, -3.759175, 0.0 ], [ -38.502355, -3.759135, 0.0 ], [ -38.502342, -3.759096, 0.0 ], [ -38.502325, -3.759046, 0.0 ], [ -38.502291, -3.75897, 0.0 ], [ -38.502271, -3.758933, 0.0 ], [ -38.502254, -3.758909, 0.0 ], [ -38.50223, -3.758882, 0.0 ], [ -38.502214, -3.758845, 0.0 ], [ -38.502204, -3.758806, 0.0 ], [ -38.502199, -3.758757, 0.0 ], [ -38.502197, -3.758687, 0.0 ], [ -38.502186, -3.758605, 0.0 ], [ -38.502178, -3.758565, 0.0 ], [ -38.502161, -3.75853, 0.0 ], [ -38.502113, -3.758436, 0.0 ], [ -38.502077, -3.758367, 0.0 ], [ -38.502052, -3.758311, 0.0 ], [ -38.502022, -3.75825, 0.0 ], [ -38.502013, -3.758214, 0.0 ], [ -38.502006, -3.758146, 0.0 ], [ -38.502001, -3.758091, 0.0 ], [ -38.502001, -3.758029, 0.0 ], [ -38.502001, -3.757974, 0.0 ], [ -38.502012, -3.757908, 0.0 ], [ -38.50202, -3.757849, 0.0 ], [ -38.502021, -3.757814, 0.0 ], [ -38.502018, -3.757775, 0.0 ], [ -38.502002, -3.757723, 0.0 ], [ -38.501981, -3.757678, 0.0 ], [ -38.501952, -3.757627, 0.0 ], [ -38.50188, -3.757506, 0.0 ], [ -38.501813, -3.757389, 0.0 ], [ -38.501739, -3.757294, 0.0 ], [ -38.501691, -3.757229, 0.0 ], [ -38.501628, -3.757162, 0.0 ], [ -38.501572, -3.757113, 0.0 ], [ -38.501491, -3.757048, 0.0 ], [ -38.501463, -3.757023, 0.0 ], [ -38.50144, -3.757003, 0.0 ], [ -38.501378, -3.756911, 0.0 ], [ -38.501355, -3.756884, 0.0 ], [ -38.501333, -3.756867, 0.0 ], [ -38.501305, -3.756855, 0.0 ], [ -38.501263, -3.756838, 0.0 ], [ -38.501222, -3.756827, 0.0 ], [ -38.501166, -3.756801, 0.0 ], [ -38.501101, -3.756767, 0.0 ], [ -38.501058, -3.756728, 0.0 ], [ -38.500995, -3.756641, 0.0 ], [ -38.500921, -3.756507, 0.0 ], [ -38.500902, -3.756464, 0.0 ], [ -38.50089, -3.756426, 0.0 ], [ -38.500883, -3.756392, 0.0 ], [ -38.500868, -3.756353, 0.0 ], [ -38.500835, -3.756303, 0.0 ], [ -38.500811, -3.756272, 0.0 ], [ -38.500784, -3.756254, 0.0 ], [ -38.500741, -3.756237, 0.0 ], [ -38.500697, -3.75622, 0.0 ], [ -38.50051, -3.756104, 0.0 ], [ -38.500348, -3.756012, 0.0 ], [ -38.500117, -3.755914, 0.0 ], [ -38.499986, -3.755864, 0.0 ], [ -38.499927, -3.755836, 0.0 ], [ -38.499874, -3.75582, 0.0 ], [ -38.499826, -3.755814, 0.0 ], [ -38.499784, -3.755816, 0.0 ], [ -38.499732, -3.755817, 0.0 ], [ -38.499662, -3.755816, 0.0 ], [ -38.499578, -3.755801, 0.0 ], [ -38.499493, -3.755774, 0.0 ], [ -38.499421, -3.755749, 0.0 ], [ -38.499346, -3.75573, 0.0 ], [ -38.49921, -3.755709, 0.0 ], [ -38.499103, -3.755706, 0.0 ], [ -38.499008, -3.755703, 0.0 ], [ -38.498814, -3.755679, 0.0 ], [ -38.49868, -3.75566, 0.0 ], [ -38.498352, -3.755566, 0.0 ], [ -38.49829, -3.755541, 0.0 ], [ -38.498239, -3.755512, 0.0 ], [ -38.498156, -3.755452, 0.0 ], [ -38.49811, -3.755416, 0.0 ], [ -38.498071, -3.755392, 0.0 ], [ -38.498013, -3.755369, 0.0 ], [ -38.497508, -3.755215, 0.0 ], [ -38.496809, -3.754998, 0.0 ], [ -38.496388, -3.754865, 0.0 ], [ -38.496183, -3.754793, 0.0 ], [ -38.496079, -3.75475, 0.0 ], [ -38.495976, -3.754692, 0.0 ], [ -38.495934, -3.754656, 0.0 ], [ -38.495877, -3.754622, 0.0 ], [ -38.495805, -3.754588, 0.0 ], [ -38.495695, -3.754533, 0.0 ], [ -38.495626, -3.754488, 0.0 ], [ -38.49547, -3.754363, 0.0 ], [ -38.495202, -3.75417, 0.0 ], [ -38.495097, -3.754095, 0.0 ], [ -38.495003, -3.754024, 0.0 ], [ -38.4949, -3.753933, 0.0 ], [ -38.494563, -3.75362, 0.0 ], [ -38.494206, -3.753318, 0.0 ], [ -38.49386, -3.753028, 0.0 ], [ -38.49361, -3.752819, 0.0 ], [ -38.493393, -3.752641, 0.0 ], [ -38.493238, -3.752526, 0.0 ], [ -38.493074, -3.752425, 0.0 ], [ -38.492937, -3.752353, 0.0 ], [ -38.492789, -3.752287, 0.0 ], [ -38.492626, -3.752239, 0.0 ], [ -38.49243, -3.752195, 0.0 ], [ -38.492302, -3.752178, 0.0 ], [ -38.492017, -3.752159, 0.0 ], [ -38.491798, -3.752164, 0.0 ], [ -38.491644, -3.752176, 0.0 ], [ -38.490714, -3.752301, 0.0 ], [ -38.490659, -3.752309, 0.0 ], [ -38.49034, -3.750871, 0.0 ], [ -38.490229, -3.750374, 0.0 ], [ -38.490268, -3.750362, 0.0 ], [ -38.490886, -3.750175, 0.0 ], [ -38.491461, -3.749988, 0.0 ], [ -38.492308, -3.749723, 0.0 ], [ -38.493025, -3.74949, 0.0 ], [ -38.493614, -3.749298, 0.0 ], [ -38.493912, -3.749198, 0.0 ], [ -38.49387, -3.749145, 0.0 ], [ -38.492625, -3.74758, 0.0 ], [ -38.492131, -3.746969, 0.0 ], [ -38.491789, -3.746549, 0.0 ], [ -38.491481, -3.746151, 0.0 ], [ -38.490791, -3.74524, 0.0 ], [ -38.49077, -3.745212, 0.0 ], [ -38.490729, -3.745156, 0.0 ], [ -38.490677, -3.745085, 0.0 ], [ -38.49057, -3.744931, 0.0 ], [ -38.490423, -3.744704, 0.0 ], [ -38.490039, -3.744098, 0.0 ], [ -38.489925, -3.743912, 0.0 ], [ -38.489827, -3.743729, 0.0 ], [ -38.489748, -3.743561, 0.0 ], [ -38.489595, -3.74323, 0.0 ], [ -38.489553, -3.743143, 0.0 ], [ -38.489476, -3.743002, 0.0 ], [ -38.489437, -3.742934, 0.0 ], [ -38.489335, -3.742771, 0.0 ], [ -38.488929, -3.742127, 0.0 ], [ -38.488882, -3.742053, 0.0 ], [ -38.488833, -3.74198, 0.0 ], [ -38.488776, -3.741903, 0.0 ], [ -38.488714, -3.741828, 0.0 ], [ -38.488648, -3.741757, 0.0 ], [ -38.488636, -3.741745, 0.0 ], [ -38.488628, -3.741737, 0.0 ], [ -38.488561, -3.741672, 0.0 ], [ -38.48849, -3.741607, 0.0 ], [ -38.488353, -3.741479, 0.0 ], [ -38.488264, -3.741396, 0.0 ], [ -38.488158, -3.741284, 0.0 ], [ -38.488097, -3.741211, 0.0 ], [ -38.48804, -3.741135, 0.0 ], [ -38.488004, -3.741082, 0.0 ], [ -38.487979, -3.741042, 0.0 ], [ -38.48796, -3.741013, 0.0 ], [ -38.487941, -3.740983, 0.0 ], [ -38.487494, -3.740274, 0.0 ], [ -38.487473, -3.74024, 0.0 ], [ -38.487435, -3.74018, 0.0 ], [ -38.487402, -3.740126, 0.0 ], [ -38.487302, -3.739959, 0.0 ], [ -38.48725, -3.739868, 0.0 ], [ -38.485244, -3.74052, 0.0 ], [ -38.485069, -3.74057, 0.0 ], [ -38.484313, -3.740815, 0.0 ], [ -38.483328, -3.741126, 0.0 ], [ -38.481506, -3.741722, 0.0 ], [ -38.479683, -3.742304, 0.0 ], [ -38.477859, -3.742901, 0.0 ], [ -38.476103, -3.743474, 0.0 ], [ -38.475177, -3.743776, 0.0 ], [ -38.475078, -3.743807, 0.0 ], [ -38.47335, -3.74436, 0.0 ], [ -38.472311, -3.744696, 0.0 ], [ -38.47063, -3.74524, 0.0 ], [ -38.4697, -3.745541, 0.0 ], [ -38.467874, -3.746126, 0.0 ], [ -38.466714, -3.7465, 0.0 ], [ -38.465642, -3.746839, 0.0 ], [ -38.463694, -3.747472, 0.0 ], [ -38.462727, -3.747786, 0.0 ], [ -38.461855, -3.748064, 0.0 ], [ -38.461758, -3.748091, 0.0 ], [ -38.460766, -3.74841, 0.0 ], [ -38.458827, -3.749035, 0.0 ], [ -38.456887, -3.749661, 0.0 ], [ -38.456549, -3.749741, 0.0 ], [ -38.456271, -3.749759, 0.0 ], [ -38.456042, -3.749754, 0.0 ], [ -38.455833, -3.749727, 0.0 ], [ -38.455611, -3.749676, 0.0 ], [ -38.455479, -3.749632, 0.0 ], [ -38.455557, -3.749394, 0.0 ], [ -38.455733, -3.749035, 0.0 ], [ -38.456019, -3.748446, 0.0 ], [ -38.456477, -3.747485, 0.0 ], [ -38.456729, -3.746995, 0.0 ], [ -38.456956, -3.746493, 0.0 ], [ -38.457192, -3.746009, 0.0 ], [ -38.4575, -3.745392, 0.0 ], [ -38.457766, -3.744857, 0.0 ], [ -38.458021, -3.744405, 0.0 ], [ -38.458254, -3.743959, 0.0 ], [ -38.458504, -3.743456, 0.0 ], [ -38.458751, -3.742941, 0.0 ], [ -38.458974, -3.742438, 0.0 ], [ -38.458944, -3.742424, 0.0 ], [ -38.459108, -3.742079, 0.0 ], [ -38.45932, -3.74164, 0.0 ], [ -38.45955, -3.741172, 0.0 ], [ -38.459812, -3.740623, 0.0 ], [ -38.460029, -3.740171, 0.0 ], [ -38.460235, -3.739748, 0.0 ], [ -38.460436, -3.73931, 0.0 ], [ -38.460696, -3.738779, 0.0 ], [ -38.460904, -3.738361, 0.0 ], [ -38.461136, -3.73787, 0.0 ], [ -38.461343, -3.737471, 0.0 ], [ -38.461545, -3.73705, 0.0 ], [ -38.461777, -3.736571, 0.0 ], [ -38.462007, -3.7361, 0.0 ], [ -38.462242, -3.735617, 0.0 ], [ -38.462492, -3.735106, 0.0 ], [ -38.462744, -3.73458, 0.0 ], [ -38.463022, -3.734008, 0.0 ], [ -38.463261, -3.733516, 0.0 ], [ -38.463552, -3.732914, 0.0 ], [ -38.463823, -3.732346, 0.0 ], [ -38.463925, -3.732133, 0.0 ], [ -38.463958, -3.732059, 0.0 ], [ -38.46373, -3.732152, 0.0 ], [ -38.463265, -3.732336, 0.0 ], [ -38.462979, -3.732451, 0.0 ], [ -38.462369, -3.732698, 0.0 ], [ -38.46223, -3.732755, 0.0 ], [ -38.462149, -3.732782, 0.0 ], [ -38.462085, -3.732797, 0.0 ], [ -38.462025, -3.732807, 0.0 ], [ -38.461984, -3.732813, 0.0 ], [ -38.461941, -3.732814, 0.0 ], [ -38.461892, -3.732813, 0.0 ], [ -38.461804, -3.732807, 0.0 ], [ -38.461745, -3.7328, 0.0 ], [ -38.461686, -3.732788, 0.0 ], [ -38.461639, -3.732774, 0.0 ], [ -38.461591, -3.732756, 0.0 ], [ -38.461528, -3.732729, 0.0 ], [ -38.461308, -3.732621, 0.0 ], [ -38.461073, -3.732506, 0.0 ], [ -38.460424, -3.732187, 0.0 ], [ -38.459989, -3.731975, 0.0 ], [ -38.459637, -3.731804, 0.0 ], [ -38.459109, -3.731548, 0.0 ], [ -38.458679, -3.731333, 0.0 ], [ -38.458171, -3.731089, 0.0 ], [ -38.45792, -3.730968, 0.0 ], [ -38.457685, -3.730883, 0.0 ], [ -38.457404, -3.730778, 0.0 ], [ -38.456359, -3.730288, 0.0 ], [ -38.456211, -3.730211, 0.0 ], [ -38.45619, -3.730242, 0.0 ], [ -38.456168, -3.730281, 0.0 ], [ -38.456085, -3.730433, 0.0 ], [ -38.456032, -3.73052, 0.0 ], [ -38.455988, -3.730614, 0.0 ], [ -38.455937, -3.73076, 0.0 ], [ -38.455921, -3.730849, 0.0 ], [ -38.455908, -3.730947, 0.0 ], [ -38.455879, -3.731043, 0.0 ], [ -38.455755, -3.731273, 0.0 ], [ -38.455715, -3.731342, 0.0 ], [ -38.455638, -3.731458, 0.0 ], [ -38.455589, -3.731566, 0.0 ], [ -38.455512, -3.731683, 0.0 ], [ -38.455451, -3.7318, 0.0 ], [ -38.45535, -3.732063, 0.0 ], [ -38.455296, -3.732167, 0.0 ], [ -38.455247, -3.732281, 0.0 ], [ -38.455184, -3.732437, 0.0 ], [ -38.455126, -3.732559, 0.0 ], [ -38.455059, -3.732671, 0.0 ], [ -38.454998, -3.732765, 0.0 ], [ -38.45495, -3.732864, 0.0 ], [ -38.454907, -3.732967, 0.0 ], [ -38.45486, -3.733062, 0.0 ], [ -38.454788, -3.733198, 0.0 ], [ -38.45466, -3.733372, 0.0 ], [ -38.454561, -3.733483, 0.0 ], [ -38.454462, -3.733599, 0.0 ], [ -38.454407, -3.733679, 0.0 ], [ -38.454361, -3.733772, 0.0 ], [ -38.45432, -3.733887, 0.0 ], [ -38.454287, -3.733988, 0.0 ], [ -38.454262, -3.7341, 0.0 ], [ -38.454239, -3.734236, 0.0 ], [ -38.45422, -3.734284, 0.0 ], [ -38.454172, -3.734357, 0.0 ], [ -38.454135, -3.734423, 0.0 ], [ -38.454099, -3.734489, 0.0 ], [ -38.454068, -3.73456, 0.0 ], [ -38.454038, -3.734617, 0.0 ], [ -38.453989, -3.734746, 0.0 ], [ -38.453972, -3.734805, 0.0 ], [ -38.453956, -3.734851, 0.0 ], [ -38.453911, -3.734933, 0.0 ], [ -38.453882, -3.734975, 0.0 ], [ -38.453855, -3.735004, 0.0 ], [ -38.453771, -3.735103, 0.0 ], [ -38.453728, -3.735179, 0.0 ], [ -38.453701, -3.735244, 0.0 ], [ -38.453696, -3.735319, 0.0 ], [ -38.453688, -3.735396, 0.0 ], [ -38.453675, -3.735459, 0.0 ], [ -38.45364, -3.73552, 0.0 ], [ -38.453617, -3.735581, 0.0 ], [ -38.453566, -3.735682, 0.0 ], [ -38.453542, -3.735768, 0.0 ], [ -38.453524, -3.735809, 0.0 ], [ -38.453491, -3.735836, 0.0 ], [ -38.453443, -3.735871, 0.0 ], [ -38.453387, -3.735934, 0.0 ], [ -38.453324, -3.736012, 0.0 ], [ -38.453262, -3.736106, 0.0 ], [ -38.453219, -3.736187, 0.0 ], [ -38.453161, -3.736268, 0.0 ], [ -38.453125, -3.736323, 0.0 ], [ -38.453098, -3.736379, 0.0 ], [ -38.453087, -3.736426, 0.0 ], [ -38.453088, -3.736478, 0.0 ], [ -38.453083, -3.736514, 0.0 ], [ -38.453059, -3.736562, 0.0 ], [ -38.453041, -3.736635, 0.0 ], [ -38.453002, -3.736723, 0.0 ], [ -38.452968, -3.736848, 0.0 ], [ -38.452929, -3.736978, 0.0 ], [ -38.452914, -3.737034, 0.0 ], [ -38.452897, -3.737087, 0.0 ], [ -38.452868, -3.737155, 0.0 ], [ -38.452839, -3.737217, 0.0 ], [ -38.452786, -3.737301, 0.0 ], [ -38.45276, -3.737332, 0.0 ], [ -38.452701, -3.737414, 0.0 ], [ -38.452638, -3.737509, 0.0 ], [ -38.452593, -3.737583, 0.0 ], [ -38.452552, -3.737638, 0.0 ], [ -38.452506, -3.737714, 0.0 ], [ -38.45247, -3.737789, 0.0 ], [ -38.452411, -3.737898, 0.0 ], [ -38.452362, -3.737983, 0.0 ], [ -38.45229, -3.738091, 0.0 ], [ -38.45224, -3.738188, 0.0 ], [ -38.452175, -3.738302, 0.0 ], [ -38.45206, -3.738518, 0.0 ], [ -38.452021, -3.738606, 0.0 ], [ -38.45199, -3.738665, 0.0 ], [ -38.451917, -3.738838, 0.0 ], [ -38.451886, -3.738909, 0.0 ], [ -38.451876, -3.738953, 0.0 ], [ -38.451826, -3.739104, 0.0 ], [ -38.451782, -3.739263, 0.0 ], [ -38.451729, -3.739408, 0.0 ], [ -38.451693, -3.739482, 0.0 ], [ -38.451652, -3.73955, 0.0 ], [ -38.451619, -3.73961, 0.0 ], [ -38.451555, -3.739751, 0.0 ], [ -38.451526, -3.739839, 0.0 ], [ -38.451472, -3.739942, 0.0 ], [ -38.4514, -3.740071, 0.0 ], [ -38.451339, -3.740194, 0.0 ], [ -38.451282, -3.740317, 0.0 ], [ -38.451208, -3.740442, 0.0 ], [ -38.45116, -3.740552, 0.0 ], [ -38.451114, -3.740685, 0.0 ], [ -38.451052, -3.740814, 0.0 ], [ -38.451001, -3.740911, 0.0 ], [ -38.450961, -3.741011, 0.0 ], [ -38.45089, -3.741143, 0.0 ], [ -38.450807, -3.741308, 0.0 ], [ -38.450742, -3.741416, 0.0 ], [ -38.450674, -3.741551, 0.0 ], [ -38.450635, -3.741648, 0.0 ], [ -38.450587, -3.741727, 0.0 ], [ -38.450505, -3.741841, 0.0 ], [ -38.450427, -3.741973, 0.0 ], [ -38.450347, -3.74208, 0.0 ], [ -38.450297, -3.742181, 0.0 ], [ -38.45027, -3.742242, 0.0 ], [ -38.450227, -3.742321, 0.0 ], [ -38.450197, -3.742387, 0.0 ], [ -38.450155, -3.742465, 0.0 ], [ -38.450107, -3.74254, 0.0 ], [ -38.450061, -3.742633, 0.0 ], [ -38.450028, -3.742736, 0.0 ], [ -38.449985, -3.742843, 0.0 ], [ -38.449951, -3.742929, 0.0 ], [ -38.449905, -3.743024, 0.0 ], [ -38.449836, -3.743128, 0.0 ], [ -38.449781, -3.743207, 0.0 ], [ -38.449729, -3.743283, 0.0 ], [ -38.449671, -3.743378, 0.0 ], [ -38.449602, -3.743481, 0.0 ], [ -38.449542, -3.743599, 0.0 ], [ -38.449483, -3.743696, 0.0 ], [ -38.449427, -3.74383, 0.0 ], [ -38.449374, -3.74394, 0.0 ], [ -38.449338, -3.744037, 0.0 ], [ -38.449281, -3.744161, 0.0 ], [ -38.44924, -3.744247, 0.0 ], [ -38.4492, -3.744339, 0.0 ], [ -38.449064, -3.744509, 0.0 ], [ -38.448997, -3.744625, 0.0 ], [ -38.44895, -3.744713, 0.0 ], [ -38.448924, -3.744793, 0.0 ], [ -38.448905, -3.744826, 0.0 ], [ -38.448892, -3.744858, 0.0 ], [ -38.448881, -3.744898, 0.0 ], [ -38.448847, -3.744988, 0.0 ], [ -38.448833, -3.745012, 0.0 ], [ -38.448825, -3.745036, 0.0 ], [ -38.448788, -3.74509, 0.0 ], [ -38.448769, -3.745123, 0.0 ], [ -38.44876, -3.745158, 0.0 ], [ -38.448741, -3.74521, 0.0 ], [ -38.448732, -3.745239, 0.0 ], [ -38.44872, -3.745262, 0.0 ], [ -38.448687, -3.745313, 0.0 ], [ -38.448664, -3.745329, 0.0 ], [ -38.448636, -3.745354, 0.0 ], [ -38.448618, -3.745389, 0.0 ], [ -38.448594, -3.745422, 0.0 ], [ -38.44857, -3.745437, 0.0 ], [ -38.448547, -3.745462, 0.0 ], [ -38.448529, -3.745504, 0.0 ], [ -38.448489, -3.745582, 0.0 ], [ -38.448476, -3.745622, 0.0 ], [ -38.448463, -3.745666, 0.0 ], [ -38.448451, -3.745744, 0.0 ], [ -38.448441, -3.745819, 0.0 ], [ -38.448431, -3.745859, 0.0 ], [ -38.448412, -3.745896, 0.0 ], [ -38.448393, -3.745956, 0.0 ], [ -38.448379, -3.745993, 0.0 ], [ -38.448369, -3.746029, 0.0 ], [ -38.448278, -3.746189, 0.0 ], [ -38.448249, -3.746236, 0.0 ], [ -38.44822, -3.746279, 0.0 ], [ -38.448191, -3.74635, 0.0 ], [ -38.44811, -3.746446, 0.0 ], [ -38.448081, -3.746486, 0.0 ], [ -38.448012, -3.746562, 0.0 ], [ -38.447986, -3.746635, 0.0 ], [ -38.447978, -3.746687, 0.0 ], [ -38.447936, -3.74677, 0.0 ], [ -38.447871, -3.746872, 0.0 ], [ -38.447865, -3.746922, 0.0 ], [ -38.447862, -3.746975, 0.0 ], [ -38.447825, -3.747023, 0.0 ], [ -38.447816, -3.747034, 0.0 ], [ -38.447776, -3.747105, 0.0 ], [ -38.447717, -3.747182, 0.0 ], [ -38.447679, -3.74727, 0.0 ], [ -38.447659, -3.747349, 0.0 ], [ -38.447648, -3.747425, 0.0 ], [ -38.447618, -3.747495, 0.0 ], [ -38.447586, -3.747566, 0.0 ], [ -38.447543, -3.747635, 0.0 ], [ -38.447515, -3.747684, 0.0 ], [ -38.447509, -3.747721, 0.0 ], [ -38.447492, -3.747756, 0.0 ], [ -38.44746, -3.747797, 0.0 ], [ -38.447424, -3.747863, 0.0 ], [ -38.447389, -3.747941, 0.0 ], [ -38.447346, -3.748024, 0.0 ], [ -38.447299, -3.748125, 0.0 ], [ -38.447265, -3.748183, 0.0 ], [ -38.447184, -3.748329, 0.0 ], [ -38.447138, -3.748394, 0.0 ], [ -38.447117, -3.748444, 0.0 ], [ -38.447092, -3.748493, 0.0 ], [ -38.447064, -3.748555, 0.0 ], [ -38.447052, -3.748589, 0.0 ], [ -38.447024, -3.748616, 0.0 ], [ -38.446984, -3.748682, 0.0 ], [ -38.446948, -3.748758, 0.0 ], [ -38.446884, -3.748888, 0.0 ], [ -38.446857, -3.74895, 0.0 ], [ -38.44682, -3.749003, 0.0 ], [ -38.446674, -3.749255, 0.0 ], [ -38.446639, -3.749334, 0.0 ], [ -38.446599, -3.749406, 0.0 ], [ -38.446573, -3.749477, 0.0 ], [ -38.446544, -3.749537, 0.0 ], [ -38.446519, -3.7496, 0.0 ], [ -38.446511, -3.749649, 0.0 ], [ -38.446494, -3.749694, 0.0 ], [ -38.446444, -3.749778, 0.0 ], [ -38.446409, -3.749814, 0.0 ], [ -38.446331, -3.749864, 0.0 ], [ -38.446181, -3.749949, 0.0 ], [ -38.446155, -3.749971, 0.0 ], [ -38.446127, -3.75, 0.0 ], [ -38.446122, -3.750011, 0.0 ], [ -38.446109, -3.750041, 0.0 ], [ -38.446095, -3.750086, 0.0 ], [ -38.44608, -3.750117, 0.0 ], [ -38.446064, -3.750138, 0.0 ], [ -38.446042, -3.750155, 0.0 ], [ -38.446021, -3.750174, 0.0 ], [ -38.445999, -3.75019, 0.0 ], [ -38.445871, -3.750261, 0.0 ], [ -38.445839, -3.750281, 0.0 ], [ -38.445817, -3.750297, 0.0 ], [ -38.445801, -3.750312, 0.0 ], [ -38.445791, -3.750325, 0.0 ], [ -38.445784, -3.75034, 0.0 ], [ -38.445773, -3.750354, 0.0 ], [ -38.445764, -3.750363, 0.0 ], [ -38.445733, -3.750389, 0.0 ], [ -38.445719, -3.750411, 0.0 ], [ -38.4457, -3.750457, 0.0 ], [ -38.4457, -3.75049, 0.0 ], [ -38.445685, -3.750598, 0.0 ], [ -38.445674, -3.750635, 0.0 ], [ -38.44566, -3.750672, 0.0 ], [ -38.445647, -3.750715, 0.0 ], [ -38.445629, -3.750739, 0.0 ], [ -38.445596, -3.750792, 0.0 ], [ -38.445576, -3.75082, 0.0 ], [ -38.445538, -3.750859, 0.0 ], [ -38.445447, -3.751026, 0.0 ], [ -38.44543, -3.751093, 0.0 ], [ -38.445395, -3.751179, 0.0 ], [ -38.445379, -3.751245, 0.0 ], [ -38.445356, -3.751301, 0.0 ], [ -38.445338, -3.75133, 0.0 ], [ -38.445277, -3.751405, 0.0 ], [ -38.44526, -3.751422, 0.0 ], [ -38.445235, -3.751463, 0.0 ], [ -38.445215, -3.751486, 0.0 ], [ -38.445175, -3.751512, 0.0 ], [ -38.445143, -3.751542, 0.0 ], [ -38.445102, -3.751589, 0.0 ], [ -38.445072, -3.751654, 0.0 ], [ -38.445054, -3.75171, 0.0 ], [ -38.445035, -3.751807, 0.0 ], [ -38.445019, -3.751862, 0.0 ], [ -38.445001, -3.75194, 0.0 ], [ -38.444927, -3.75212, 0.0 ], [ -38.44489, -3.752204, 0.0 ], [ -38.444857, -3.752262, 0.0 ], [ -38.444817, -3.75232, 0.0 ], [ -38.444769, -3.752359, 0.0 ], [ -38.44475, -3.752383, 0.0 ], [ -38.444697, -3.752489, 0.0 ], [ -38.444678, -3.75252, 0.0 ], [ -38.444648, -3.75258, 0.0 ], [ -38.444613, -3.752663, 0.0 ], [ -38.444582, -3.752723, 0.0 ], [ -38.444547, -3.752772, 0.0 ], [ -38.444493, -3.752812, 0.0 ], [ -38.444401, -3.752901, 0.0 ], [ -38.444377, -3.752943, 0.0 ], [ -38.444362, -3.752975, 0.0 ], [ -38.444337, -3.753022, 0.0 ], [ -38.44432, -3.753048, 0.0 ], [ -38.444301, -3.753071, 0.0 ], [ -38.44428, -3.753104, 0.0 ], [ -38.444255, -3.753129, 0.0 ], [ -38.444235, -3.753155, 0.0 ], [ -38.444221, -3.753179, 0.0 ], [ -38.44419, -3.753224, 0.0 ], [ -38.44412, -3.753342, 0.0 ], [ -38.444085, -3.753424, 0.0 ], [ -38.444069, -3.753468, 0.0 ], [ -38.44406, -3.753516, 0.0 ], [ -38.444052, -3.753589, 0.0 ], [ -38.44404, -3.75366, 0.0 ], [ -38.444023, -3.753719, 0.0 ], [ -38.444005, -3.753757, 0.0 ], [ -38.443972, -3.753868, 0.0 ], [ -38.443949, -3.753917, 0.0 ], [ -38.443931, -3.753987, 0.0 ], [ -38.443911, -3.754049, 0.0 ], [ -38.443892, -3.75409, 0.0 ], [ -38.443877, -3.754137, 0.0 ], [ -38.443856, -3.754183, 0.0 ], [ -38.443846, -3.754217, 0.0 ], [ -38.443792, -3.754357, 0.0 ], [ -38.443772, -3.754404, 0.0 ], [ -38.443754, -3.754441, 0.0 ], [ -38.443738, -3.75448, 0.0 ], [ -38.44372, -3.75451, 0.0 ], [ -38.443701, -3.754547, 0.0 ], [ -38.443657, -3.754642, 0.0 ], [ -38.443629, -3.754724, 0.0 ], [ -38.443599, -3.754782, 0.0 ], [ -38.443529, -3.754928, 0.0 ], [ -38.443493, -3.754989, 0.0 ], [ -38.443459, -3.755058, 0.0 ], [ -38.443439, -3.755113, 0.0 ], [ -38.44339, -3.755208, 0.0 ], [ -38.443383, -3.755232, 0.0 ], [ -38.443365, -3.755265, 0.0 ], [ -38.443344, -3.755298, 0.0 ], [ -38.443324, -3.755323, 0.0 ], [ -38.443311, -3.755355, 0.0 ], [ -38.443296, -3.755398, 0.0 ], [ -38.443276, -3.755437, 0.0 ], [ -38.443259, -3.755474, 0.0 ], [ -38.443237, -3.755514, 0.0 ], [ -38.443227, -3.755576, 0.0 ], [ -38.443196, -3.755663, 0.0 ], [ -38.443171, -3.755711, 0.0 ], [ -38.443153, -3.755735, 0.0 ], [ -38.443138, -3.755801, 0.0 ], [ -38.443087, -3.75588, 0.0 ], [ -38.443062, -3.755929, 0.0 ], [ -38.443061, -3.755947, 0.0 ], [ -38.443046, -3.755975, 0.0 ], [ -38.443035, -3.756001, 0.0 ], [ -38.443021, -3.756045, 0.0 ], [ -38.442997, -3.756073, 0.0 ], [ -38.442981, -3.756102, 0.0 ], [ -38.442967, -3.756136, 0.0 ], [ -38.44295, -3.756212, 0.0 ], [ -38.442936, -3.756233, 0.0 ], [ -38.442915, -3.756256, 0.0 ], [ -38.44289, -3.756291, 0.0 ], [ -38.44287, -3.756312, 0.0 ], [ -38.442852, -3.75634, 0.0 ], [ -38.44284, -3.756413, 0.0 ], [ -38.442806, -3.756443, 0.0 ], [ -38.442767, -3.756491, 0.0 ], [ -38.442749, -3.756525, 0.0 ], [ -38.442708, -3.75661, 0.0 ], [ -38.442693, -3.756645, 0.0 ], [ -38.442684, -3.756676, 0.0 ], [ -38.442669, -3.756783, 0.0 ], [ -38.442658, -3.756818, 0.0 ], [ -38.442632, -3.756863, 0.0 ], [ -38.442608, -3.7569, 0.0 ], [ -38.442543, -3.757031, 0.0 ], [ -38.442507, -3.75714, 0.0 ], [ -38.442437, -3.757295, 0.0 ], [ -38.442348, -3.757461, 0.0 ], [ -38.442258, -3.757618, 0.0 ], [ -38.442199, -3.757748, 0.0 ], [ -38.442093, -3.758023, 0.0 ], [ -38.441953, -3.758344, 0.0 ], [ -38.441858, -3.758519, 0.0 ], [ -38.44178, -3.758671, 0.0 ], [ -38.44175, -3.758749, 0.0 ], [ -38.441648, -3.758939, 0.0 ], [ -38.44155, -3.759086, 0.0 ], [ -38.441494, -3.759221, 0.0 ], [ -38.441419, -3.759336, 0.0 ], [ -38.441357, -3.759419, 0.0 ], [ -38.441293, -3.759488, 0.0 ], [ -38.441182, -3.759558, 0.0 ], [ -38.441096, -3.759622, 0.0 ], [ -38.44099, -3.75971, 0.0 ], [ -38.440913, -3.759799, 0.0 ], [ -38.440795, -3.759918, 0.0 ], [ -38.440693, -3.760024, 0.0 ], [ -38.440592, -3.760133, 0.0 ], [ -38.440529, -3.760227, 0.0 ], [ -38.440481, -3.760357, 0.0 ], [ -38.440463, -3.760417, 0.0 ], [ -38.440463, -3.760455, 0.0 ], [ -38.440457, -3.760502, 0.0 ], [ -38.440455, -3.760536, 0.0 ], [ -38.440447, -3.760585, 0.0 ], [ -38.440427, -3.760643, 0.0 ], [ -38.440417, -3.760693, 0.0 ], [ -38.440398, -3.760857, 0.0 ], [ -38.440394, -3.760908, 0.0 ], [ -38.440369, -3.761024, 0.0 ], [ -38.440313, -3.761195, 0.0 ], [ -38.440271, -3.761303, 0.0 ], [ -38.440228, -3.761391, 0.0 ], [ -38.440194, -3.761432, 0.0 ], [ -38.440146, -3.761457, 0.0 ], [ -38.440077, -3.761511, 0.0 ], [ -38.440026, -3.761554, 0.0 ], [ -38.439968, -3.761577, 0.0 ], [ -38.439871, -3.761602, 0.0 ], [ -38.439792, -3.761615, 0.0 ], [ -38.439745, -3.761607, 0.0 ], [ -38.4397, -3.76162, 0.0 ], [ -38.439505, -3.761752, 0.0 ], [ -38.439492, -3.761788, 0.0 ], [ -38.439493, -3.761843, 0.0 ], [ -38.439501, -3.76191, 0.0 ], [ -38.439498, -3.761952, 0.0 ], [ -38.439478, -3.762024, 0.0 ], [ -38.439466, -3.762106, 0.0 ], [ -38.439434, -3.762278, 0.0 ], [ -38.439458, -3.762349, 0.0 ], [ -38.439457, -3.762397, 0.0 ], [ -38.439439, -3.762456, 0.0 ], [ -38.43941, -3.762514, 0.0 ], [ -38.439383, -3.762547, 0.0 ], [ -38.439324, -3.762594, 0.0 ], [ -38.439273, -3.762661, 0.0 ], [ -38.439273, -3.762663, 0.0 ], [ -38.439241, -3.76271, 0.0 ], [ -38.439164, -3.762885, 0.0 ], [ -38.439142, -3.76298, 0.0 ], [ -38.439101, -3.763037, 0.0 ], [ -38.438977, -3.763266, 0.0 ], [ -38.438971, -3.763303, 0.0 ], [ -38.438926, -3.763396, 0.0 ], [ -38.438878, -3.763449, 0.0 ], [ -38.43883, -3.763496, 0.0 ], [ -38.438813, -3.76355, 0.0 ], [ -38.438814, -3.763629, 0.0 ], [ -38.438811, -3.763672, 0.0 ], [ -38.438789, -3.763719, 0.0 ], [ -38.438774, -3.763771, 0.0 ], [ -38.438761, -3.763852, 0.0 ], [ -38.438761, -3.763927, 0.0 ], [ -38.438753, -3.763968, 0.0 ], [ -38.438751, -3.763987, 0.0 ], [ -38.438748, -3.763999, 0.0 ], [ -38.438721, -3.764035, 0.0 ], [ -38.438706, -3.764074, 0.0 ], [ -38.438706, -3.764105, 0.0 ], [ -38.4387, -3.764149, 0.0 ], [ -38.438687, -3.764184, 0.0 ], [ -38.438681, -3.764237, 0.0 ], [ -38.438673, -3.764257, 0.0 ], [ -38.438644, -3.76431, 0.0 ], [ -38.438602, -3.764382, 0.0 ], [ -38.438532, -3.764482, 0.0 ], [ -38.438456, -3.764587, 0.0 ], [ -38.438174, -3.764965, 0.0 ], [ -38.438082, -3.76508, 0.0 ], [ -38.437999, -3.765194, 0.0 ], [ -38.437923, -3.765286, 0.0 ], [ -38.437839, -3.765382, 0.0 ], [ -38.437763, -3.76549, 0.0 ], [ -38.437721, -3.765571, 0.0 ], [ -38.437699, -3.765625, 0.0 ], [ -38.437666, -3.765694, 0.0 ], [ -38.437644, -3.765752, 0.0 ], [ -38.437632, -3.765796, 0.0 ], [ -38.437625, -3.765838, 0.0 ], [ -38.437611, -3.765879, 0.0 ], [ -38.437601, -3.765929, 0.0 ], [ -38.437587, -3.765967, 0.0 ], [ -38.437565, -3.766056, 0.0 ], [ -38.437539, -3.766119, 0.0 ], [ -38.437515, -3.766154, 0.0 ], [ -38.4375, -3.766187, 0.0 ], [ -38.437483, -3.76621, 0.0 ], [ -38.437413, -3.766289, 0.0 ], [ -38.437334, -3.766401, 0.0 ], [ -38.437298, -3.766446, 0.0 ], [ -38.437257, -3.76653, 0.0 ], [ -38.437217, -3.766627, 0.0 ], [ -38.437138, -3.766728, 0.0 ], [ -38.43709, -3.766826, 0.0 ], [ -38.437028, -3.766972, 0.0 ], [ -38.436982, -3.767087, 0.0 ], [ -38.436936, -3.767165, 0.0 ], [ -38.436839, -3.767316, 0.0 ], [ -38.436772, -3.76741, 0.0 ], [ -38.436746, -3.767436, 0.0 ], [ -38.436727, -3.767459, 0.0 ], [ -38.4367, -3.767502, 0.0 ], [ -38.436668, -3.767591, 0.0 ], [ -38.436648, -3.767652, 0.0 ], [ -38.43663, -3.767686, 0.0 ], [ -38.436596, -3.767749, 0.0 ], [ -38.436532, -3.767826, 0.0 ], [ -38.436498, -3.767871, 0.0 ], [ -38.43647, -3.767931, 0.0 ], [ -38.436437, -3.767992, 0.0 ], [ -38.4364, -3.768047, 0.0 ], [ -38.436366, -3.768106, 0.0 ], [ -38.436321, -3.768208, 0.0 ], [ -38.436307, -3.768247, 0.0 ], [ -38.436289, -3.768281, 0.0 ], [ -38.436269, -3.768345, 0.0 ], [ -38.436258, -3.768371, 0.0 ], [ -38.436253, -3.768401, 0.0 ], [ -38.436255, -3.768445, 0.0 ], [ -38.436266, -3.768481, 0.0 ], [ -38.436293, -3.768529, 0.0 ], [ -38.43631, -3.768567, 0.0 ], [ -38.436343, -3.768624, 0.0 ], [ -38.436389, -3.768732, 0.0 ], [ -38.4364, -3.76877, 0.0 ], [ -38.436408, -3.768823, 0.0 ], [ -38.436399, -3.768878, 0.0 ], [ -38.43641, -3.768951, 0.0 ], [ -38.436407, -3.76906, 0.0 ], [ -38.436399, -3.769136, 0.0 ], [ -38.436387, -3.769198, 0.0 ], [ -38.436369, -3.769272, 0.0 ], [ -38.436355, -3.769342, 0.0 ], [ -38.436325, -3.769416, 0.0 ], [ -38.436304, -3.769472, 0.0 ], [ -38.436244, -3.76959, 0.0 ], [ -38.43621, -3.769636, 0.0 ], [ -38.436066, -3.769878, 0.0 ], [ -38.436025, -3.76994, 0.0 ], [ -38.435949, -3.770081, 0.0 ], [ -38.435892, -3.770196, 0.0 ], [ -38.435844, -3.770302, 0.0 ], [ -38.435795, -3.770403, 0.0 ], [ -38.435738, -3.770529, 0.0 ], [ -38.435698, -3.77061, 0.0 ], [ -38.435649, -3.770729, 0.0 ], [ -38.435592, -3.770805, 0.0 ], [ -38.435531, -3.770838, 0.0 ], [ -38.435369, -3.770816, 0.0 ], [ -38.435258, -3.770801, 0.0 ], [ -38.435239, -3.770771, 0.0 ], [ -38.435214, -3.770744, 0.0 ], [ -38.435185, -3.770682, 0.0 ], [ -38.435166, -3.770646, 0.0 ], [ -38.435147, -3.770626, 0.0 ], [ -38.435161, -3.770425, 0.0 ], [ -38.435175, -3.770351, 0.0 ], [ -38.435189, -3.770312, 0.0 ], [ -38.435205, -3.770276, 0.0 ], [ -38.435216, -3.770239, 0.0 ], [ -38.43524, -3.770183, 0.0 ], [ -38.435258, -3.770144, 0.0 ], [ -38.435266, -3.770109, 0.0 ], [ -38.43527, -3.770077, 0.0 ], [ -38.435279, -3.770025, 0.0 ], [ -38.43529, -3.769926, 0.0 ], [ -38.435313, -3.769872, 0.0 ], [ -38.435345, -3.769818, 0.0 ], [ -38.435392, -3.769773, 0.0 ], [ -38.435396, -3.769664, 0.0 ], [ -38.435396, -3.76961, 0.0 ], [ -38.435377, -3.769591, 0.0 ], [ -38.435326, -3.769592, 0.0 ], [ -38.435282, -3.769637, 0.0 ], [ -38.435265, -3.769659, 0.0 ], [ -38.435242, -3.769706, 0.0 ], [ -38.435209, -3.769751, 0.0 ], [ -38.435185, -3.769792, 0.0 ], [ -38.435167, -3.769842, 0.0 ], [ -38.435168, -3.769889, 0.0 ], [ -38.435174, -3.769925, 0.0 ], [ -38.435169, -3.769974, 0.0 ], [ -38.435152, -3.770041, 0.0 ], [ -38.435139, -3.770072, 0.0 ], [ -38.435101, -3.770113, 0.0 ], [ -38.435053, -3.770155, 0.0 ], [ -38.435017, -3.770206, 0.0 ], [ -38.434965, -3.770245, 0.0 ], [ -38.434942, -3.77027, 0.0 ], [ -38.434932, -3.770283, 0.0 ], [ -38.434893, -3.770313, 0.0 ], [ -38.434861, -3.770341, 0.0 ], [ -38.434813, -3.770373, 0.0 ], [ -38.434773, -3.770402, 0.0 ], [ -38.434742, -3.770429, 0.0 ], [ -38.434703, -3.770477, 0.0 ], [ -38.434673, -3.770494, 0.0 ], [ -38.434651, -3.77051, 0.0 ], [ -38.434618, -3.770508, 0.0 ], [ -38.434575, -3.770495, 0.0 ], [ -38.434523, -3.77049, 0.0 ], [ -38.434469, -3.770504, 0.0 ], [ -38.434435, -3.770519, 0.0 ], [ -38.434394, -3.770557, 0.0 ], [ -38.434366, -3.770598, 0.0 ], [ -38.434339, -3.770647, 0.0 ], [ -38.434323, -3.770693, 0.0 ], [ -38.434303, -3.770731, 0.0 ], [ -38.434284, -3.770746, 0.0 ], [ -38.434265, -3.770751, 0.0 ], [ -38.43422, -3.770755, 0.0 ], [ -38.434173, -3.770777, 0.0 ], [ -38.434142, -3.770835, 0.0 ], [ -38.434141, -3.77085, 0.0 ], [ -38.434141, -3.770864, 0.0 ], [ -38.434146, -3.770876, 0.0 ], [ -38.434159, -3.770877, 0.0 ], [ -38.43416, -3.770881, 0.0 ], [ -38.434156, -3.770892, 0.0 ], [ -38.43415, -3.77092, 0.0 ], [ -38.434152, -3.770992, 0.0 ], [ -38.434146, -3.771008, 0.0 ], [ -38.434132, -3.77103, 0.0 ], [ -38.434111, -3.771053, 0.0 ], [ -38.434097, -3.771072, 0.0 ], [ -38.434079, -3.771083, 0.0 ], [ -38.434074, -3.771095, 0.0 ], [ -38.434073, -3.771103, 0.0 ], [ -38.434066, -3.771106, 0.0 ], [ -38.434024, -3.771101, 0.0 ], [ -38.434009, -3.771103, 0.0 ], [ -38.433994, -3.771116, 0.0 ], [ -38.433938, -3.77116, 0.0 ], [ -38.43393, -3.771194, 0.0 ], [ -38.433902, -3.771221, 0.0 ], [ -38.433873, -3.771234, 0.0 ], [ -38.433849, -3.771235, 0.0 ], [ -38.433809, -3.771232, 0.0 ], [ -38.433789, -3.771223, 0.0 ], [ -38.433778, -3.771227, 0.0 ], [ -38.433766, -3.771246, 0.0 ], [ -38.433751, -3.771283, 0.0 ], [ -38.433743, -3.77133, 0.0 ], [ -38.433728, -3.771381, 0.0 ], [ -38.433718, -3.771425, 0.0 ], [ -38.43369, -3.771511, 0.0 ], [ -38.433678, -3.771551, 0.0 ], [ -38.433677, -3.771573, 0.0 ], [ -38.433678, -3.771591, 0.0 ], [ -38.433686, -3.77163, 0.0 ], [ -38.43368, -3.771664, 0.0 ], [ -38.433664, -3.771697, 0.0 ], [ -38.433624, -3.771755, 0.0 ], [ -38.433606, -3.771771, 0.0 ], [ -38.433598, -3.771772, 0.0 ], [ -38.433568, -3.771757, 0.0 ], [ -38.433552, -3.771757, 0.0 ], [ -38.433519, -3.771786, 0.0 ], [ -38.433461, -3.771829, 0.0 ], [ -38.433393, -3.771887, 0.0 ], [ -38.433347, -3.771941, 0.0 ], [ -38.433323, -3.771979, 0.0 ], [ -38.433301, -3.772007, 0.0 ], [ -38.433293, -3.772039, 0.0 ], [ -38.433292, -3.772063, 0.0 ], [ -38.433296, -3.772091, 0.0 ], [ -38.43329, -3.7721, 0.0 ], [ -38.433267, -3.772123, 0.0 ], [ -38.433238, -3.772159, 0.0 ], [ -38.433218, -3.772191, 0.0 ], [ -38.43319, -3.772217, 0.0 ], [ -38.433169, -3.772246, 0.0 ], [ -38.43315, -3.772277, 0.0 ], [ -38.433136, -3.772305, 0.0 ], [ -38.433127, -3.772335, 0.0 ], [ -38.433118, -3.772376, 0.0 ], [ -38.433108, -3.772412, 0.0 ], [ -38.433092, -3.77244, 0.0 ], [ -38.433069, -3.772492, 0.0 ], [ -38.433053, -3.772512, 0.0 ], [ -38.433012, -3.772535, 0.0 ], [ -38.432967, -3.772573, 0.0 ], [ -38.432955, -3.772602, 0.0 ], [ -38.432941, -3.772622, 0.0 ], [ -38.432945, -3.77266, 0.0 ], [ -38.432938, -3.772678, 0.0 ], [ -38.432919, -3.77271, 0.0 ], [ -38.43288, -3.772736, 0.0 ], [ -38.432876, -3.772745, 0.0 ], [ -38.432879, -3.772802, 0.0 ], [ -38.432892, -3.77281, 0.0 ], [ -38.432912, -3.772811, 0.0 ], [ -38.432914, -3.772819, 0.0 ], [ -38.432908, -3.772852, 0.0 ], [ -38.43288, -3.772917, 0.0 ], [ -38.432789, -3.773057, 0.0 ], [ -38.432764, -3.773107, 0.0 ], [ -38.432735, -3.773172, 0.0 ], [ -38.432701, -3.773263, 0.0 ], [ -38.432683, -3.773306, 0.0 ], [ -38.432646, -3.773429, 0.0 ], [ -38.43263, -3.773471, 0.0 ], [ -38.43261, -3.773519, 0.0 ], [ -38.432586, -3.773581, 0.0 ], [ -38.432555, -3.773671, 0.0 ], [ -38.432532, -3.773713, 0.0 ], [ -38.432513, -3.773762, 0.0 ], [ -38.432493, -3.773801, 0.0 ], [ -38.432465, -3.773847, 0.0 ], [ -38.43244, -3.773892, 0.0 ], [ -38.432428, -3.773928, 0.0 ], [ -38.4324, -3.773993, 0.0 ], [ -38.432371, -3.774081, 0.0 ], [ -38.432364, -3.774112, 0.0 ], [ -38.432353, -3.774146, 0.0 ], [ -38.432324, -3.774259, 0.0 ], [ -38.432292, -3.774333, 0.0 ], [ -38.432258, -3.77439, 0.0 ], [ -38.43224, -3.774415, 0.0 ], [ -38.432203, -3.774479, 0.0 ], [ -38.432151, -3.774555, 0.0 ], [ -38.432097, -3.77464, 0.0 ], [ -38.432048, -3.774722, 0.0 ], [ -38.431993, -3.774806, 0.0 ], [ -38.43181, -3.775121, 0.0 ], [ -38.431761, -3.77521, 0.0 ], [ -38.431711, -3.775322, 0.0 ], [ -38.431656, -3.775418, 0.0 ], [ -38.431582, -3.775514, 0.0 ], [ -38.431516, -3.775604, 0.0 ], [ -38.431475, -3.77567, 0.0 ], [ -38.431344, -3.775922, 0.0 ], [ -38.431298, -3.775998, 0.0 ], [ -38.431261, -3.776049, 0.0 ], [ -38.431214, -3.776123, 0.0 ], [ -38.431173, -3.776179, 0.0 ], [ -38.431138, -3.776247, 0.0 ], [ -38.431123, -3.776289, 0.0 ], [ -38.431096, -3.776346, 0.0 ], [ -38.431074, -3.776385, 0.0 ], [ -38.431049, -3.776423, 0.0 ], [ -38.431021, -3.776459, 0.0 ], [ -38.430992, -3.776505, 0.0 ], [ -38.430967, -3.776553, 0.0 ], [ -38.430946, -3.776598, 0.0 ], [ -38.430921, -3.776643, 0.0 ], [ -38.430866, -3.776718, 0.0 ], [ -38.430838, -3.776758, 0.0 ], [ -38.430811, -3.776806, 0.0 ], [ -38.430773, -3.776874, 0.0 ], [ -38.430741, -3.776935, 0.0 ], [ -38.430725, -3.776971, 0.0 ], [ -38.430716, -3.776999, 0.0 ], [ -38.430713, -3.77704, 0.0 ], [ -38.430712, -3.777094, 0.0 ], [ -38.430707, -3.777118, 0.0 ], [ -38.430697, -3.77714, 0.0 ], [ -38.430683, -3.777158, 0.0 ], [ -38.430655, -3.777216, 0.0 ], [ -38.430634, -3.777254, 0.0 ], [ -38.430596, -3.777311, 0.0 ], [ -38.43055, -3.777343, 0.0 ], [ -38.430521, -3.77737, 0.0 ], [ -38.430494, -3.777402, 0.0 ], [ -38.430468, -3.777441, 0.0 ], [ -38.43043, -3.777526, 0.0 ], [ -38.430409, -3.77759, 0.0 ], [ -38.430372, -3.777662, 0.0 ], [ -38.430339, -3.777715, 0.0 ], [ -38.430313, -3.777753, 0.0 ], [ -38.430309, -3.777769, 0.0 ], [ -38.430262, -3.777849, 0.0 ], [ -38.430245, -3.777875, 0.0 ], [ -38.43022, -3.777915, 0.0 ], [ -38.430201, -3.777953, 0.0 ], [ -38.430177, -3.777993, 0.0 ], [ -38.43015, -3.778037, 0.0 ], [ -38.430121, -3.778076, 0.0 ], [ -38.430105, -3.778105, 0.0 ], [ -38.430103, -3.778122, 0.0 ], [ -38.430111, -3.778134, 0.0 ], [ -38.430127, -3.778146, 0.0 ], [ -38.430132, -3.778156, 0.0 ], [ -38.430128, -3.778165, 0.0 ], [ -38.43011, -3.778167, 0.0 ], [ -38.430081, -3.778174, 0.0 ], [ -38.430066, -3.778195, 0.0 ], [ -38.430032, -3.778256, 0.0 ], [ -38.43002, -3.778282, 0.0 ], [ -38.430015, -3.778299, 0.0 ], [ -38.429997, -3.778337, 0.0 ], [ -38.429977, -3.778372, 0.0 ], [ -38.42992, -3.778453, 0.0 ], [ -38.429895, -3.778473, 0.0 ], [ -38.429869, -3.778501, 0.0 ], [ -38.429844, -3.778529, 0.0 ], [ -38.429827, -3.778552, 0.0 ], [ -38.429813, -3.778579, 0.0 ], [ -38.429801, -3.778644, 0.0 ], [ -38.429785, -3.778674, 0.0 ], [ -38.429763, -3.778705, 0.0 ], [ -38.429725, -3.778748, 0.0 ], [ -38.429711, -3.778771, 0.0 ], [ -38.429698, -3.778797, 0.0 ], [ -38.429695, -3.778827, 0.0 ], [ -38.429694, -3.778855, 0.0 ], [ -38.429688, -3.778881, 0.0 ], [ -38.429653, -3.778929, 0.0 ], [ -38.429624, -3.778953, 0.0 ], [ -38.429603, -3.77898, 0.0 ], [ -38.429531, -3.779113, 0.0 ], [ -38.429505, -3.779158, 0.0 ], [ -38.429488, -3.779192, 0.0 ], [ -38.429484, -3.779223, 0.0 ], [ -38.429483, -3.77926, 0.0 ], [ -38.429474, -3.779298, 0.0 ], [ -38.429451, -3.77933, 0.0 ], [ -38.429422, -3.779374, 0.0 ], [ -38.429375, -3.779439, 0.0 ], [ -38.429352, -3.779464, 0.0 ], [ -38.429324, -3.779503, 0.0 ], [ -38.429297, -3.779543, 0.0 ], [ -38.429222, -3.779675, 0.0 ], [ -38.429204, -3.779714, 0.0 ], [ -38.429193, -3.779744, 0.0 ], [ -38.429174, -3.779773, 0.0 ], [ -38.429137, -3.77982, 0.0 ], [ -38.429121, -3.779837, 0.0 ], [ -38.42908, -3.779853, 0.0 ], [ -38.429027, -3.779917, 0.0 ], [ -38.428959, -3.780026, 0.0 ], [ -38.42894, -3.780074, 0.0 ], [ -38.42893, -3.780114, 0.0 ], [ -38.428906, -3.780161, 0.0 ], [ -38.428874, -3.780217, 0.0 ], [ -38.428846, -3.780259, 0.0 ], [ -38.42881, -3.780317, 0.0 ], [ -38.428758, -3.780414, 0.0 ], [ -38.428739, -3.780444, 0.0 ], [ -38.428667, -3.780527, 0.0 ], [ -38.428638, -3.780564, 0.0 ], [ -38.428626, -3.780588, 0.0 ], [ -38.428619, -3.780614, 0.0 ], [ -38.428599, -3.780631, 0.0 ], [ -38.428585, -3.780659, 0.0 ], [ -38.428568, -3.780725, 0.0 ], [ -38.428551, -3.78077, 0.0 ], [ -38.428533, -3.780805, 0.0 ], [ -38.428517, -3.780843, 0.0 ], [ -38.428493, -3.780885, 0.0 ], [ -38.428465, -3.780927, 0.0 ], [ -38.428415, -3.781006, 0.0 ], [ -38.428393, -3.781057, 0.0 ], [ -38.42838, -3.781103, 0.0 ], [ -38.428368, -3.781155, 0.0 ], [ -38.42835, -3.78119, 0.0 ], [ -38.42831, -3.781238, 0.0 ], [ -38.428292, -3.781271, 0.0 ], [ -38.42828, -3.78131, 0.0 ], [ -38.428262, -3.781357, 0.0 ], [ -38.428228, -3.78141, 0.0 ], [ -38.428203, -3.781469, 0.0 ], [ -38.428174, -3.781511, 0.0 ], [ -38.428144, -3.781538, 0.0 ], [ -38.428103, -3.781604, 0.0 ], [ -38.428051, -3.781677, 0.0 ], [ -38.428044, -3.781698, 0.0 ], [ -38.428016, -3.78175, 0.0 ], [ -38.427998, -3.781792, 0.0 ], [ -38.427993, -3.781828, 0.0 ], [ -38.427975, -3.781878, 0.0 ], [ -38.427952, -3.781911, 0.0 ], [ -38.42794, -3.781933, 0.0 ], [ -38.427917, -3.781958, 0.0 ], [ -38.427874, -3.781997, 0.0 ], [ -38.427858, -3.782022, 0.0 ], [ -38.427848, -3.782055, 0.0 ], [ -38.427809, -3.782149, 0.0 ], [ -38.427767, -3.782225, 0.0 ], [ -38.427731, -3.782275, 0.0 ], [ -38.427707, -3.782328, 0.0 ], [ -38.427657, -3.78241, 0.0 ], [ -38.427635, -3.782449, 0.0 ], [ -38.427626, -3.78248, 0.0 ], [ -38.427612, -3.782506, 0.0 ], [ -38.427582, -3.782536, 0.0 ], [ -38.427552, -3.782556, 0.0 ], [ -38.427533, -3.782572, 0.0 ], [ -38.427508, -3.782607, 0.0 ], [ -38.427496, -3.782661, 0.0 ], [ -38.427482, -3.78269, 0.0 ], [ -38.427444, -3.782707, 0.0 ], [ -38.427412, -3.782734, 0.0 ], [ -38.427413, -3.782794, 0.0 ], [ -38.427403, -3.782824, 0.0 ], [ -38.427385, -3.782841, 0.0 ], [ -38.427351, -3.782862, 0.0 ], [ -38.427329, -3.782886, 0.0 ], [ -38.427306, -3.782925, 0.0 ], [ -38.427295, -3.782957, 0.0 ], [ -38.427263, -3.782991, 0.0 ], [ -38.427262, -3.783012, 0.0 ], [ -38.427256, -3.78304, 0.0 ], [ -38.427226, -3.783076, 0.0 ], [ -38.427194, -3.783119, 0.0 ], [ -38.427182, -3.783156, 0.0 ], [ -38.427182, -3.783189, 0.0 ], [ -38.427178, -3.78322, 0.0 ], [ -38.427163, -3.78324, 0.0 ], [ -38.427156, -3.783273, 0.0 ], [ -38.427143, -3.78332, 0.0 ], [ -38.427134, -3.783338, 0.0 ], [ -38.427118, -3.783357, 0.0 ], [ -38.427111, -3.783374, 0.0 ], [ -38.427099, -3.78343, 0.0 ], [ -38.42707, -3.783504, 0.0 ], [ -38.427051, -3.783525, 0.0 ], [ -38.427035, -3.783541, 0.0 ], [ -38.427023, -3.783566, 0.0 ], [ -38.427002, -3.783588, 0.0 ], [ -38.426965, -3.78363, 0.0 ], [ -38.426906, -3.783721, 0.0 ], [ -38.426732, -3.78397, 0.0 ], [ -38.426685, -3.784077, 0.0 ], [ -38.426648, -3.784131, 0.0 ], [ -38.42662, -3.784163, 0.0 ], [ -38.426556, -3.784252, 0.0 ], [ -38.426511, -3.784322, 0.0 ], [ -38.426447, -3.7844, 0.0 ], [ -38.426404, -3.784467, 0.0 ], [ -38.42636, -3.784527, 0.0 ], [ -38.426307, -3.784575, 0.0 ], [ -38.426267, -3.784618, 0.0 ], [ -38.42624, -3.784658, 0.0 ], [ -38.426208, -3.784727, 0.0 ], [ -38.42619, -3.784785, 0.0 ], [ -38.426154, -3.78487, 0.0 ], [ -38.426096, -3.784958, 0.0 ], [ -38.42603, -3.785074, 0.0 ], [ -38.425941, -3.785217, 0.0 ], [ -38.425897, -3.785281, 0.0 ], [ -38.425849, -3.785361, 0.0 ], [ -38.425822, -3.785421, 0.0 ], [ -38.425772, -3.785501, 0.0 ], [ -38.42568, -3.785617, 0.0 ], [ -38.425606, -3.785733, 0.0 ], [ -38.425544, -3.785838, 0.0 ], [ -38.425543, -3.78588, 0.0 ], [ -38.425506, -3.785945, 0.0 ], [ -38.425443, -3.786011, 0.0 ], [ -38.425398, -3.786062, 0.0 ], [ -38.425361, -3.786114, 0.0 ], [ -38.425317, -3.786186, 0.0 ], [ -38.425295, -3.786241, 0.0 ], [ -38.425279, -3.786276, 0.0 ], [ -38.42524, -3.786349, 0.0 ], [ -38.425205, -3.786387, 0.0 ], [ -38.425163, -3.786418, 0.0 ], [ -38.425105, -3.786443, 0.0 ], [ -38.425063, -3.786477, 0.0 ], [ -38.425041, -3.786506, 0.0 ], [ -38.425024, -3.786532, 0.0 ], [ -38.424981, -3.786587, 0.0 ], [ -38.424957, -3.786633, 0.0 ], [ -38.424926, -3.786687, 0.0 ], [ -38.424911, -3.786734, 0.0 ], [ -38.424874, -3.78679, 0.0 ], [ -38.424832, -3.786846, 0.0 ], [ -38.42479, -3.786906, 0.0 ], [ -38.42476, -3.786968, 0.0 ], [ -38.42473, -3.787024, 0.0 ], [ -38.424698, -3.78706, 0.0 ], [ -38.424645, -3.787127, 0.0 ], [ -38.424576, -3.787253, 0.0 ], [ -38.424477, -3.787392, 0.0 ], [ -38.42446, -3.787443, 0.0 ], [ -38.424409, -3.787545, 0.0 ], [ -38.424368, -3.787621, 0.0 ], [ -38.42433, -3.787709, 0.0 ], [ -38.424303, -3.787814, 0.0 ], [ -38.424279, -3.787889, 0.0 ], [ -38.42425, -3.787967, 0.0 ], [ -38.424221, -3.788024, 0.0 ], [ -38.424194, -3.788073, 0.0 ], [ -38.424145, -3.788148, 0.0 ], [ -38.424107, -3.788232, 0.0 ], [ -38.423946, -3.788554, 0.0 ], [ -38.423897, -3.788635, 0.0 ], [ -38.423849, -3.788719, 0.0 ], [ -38.423725, -3.788955, 0.0 ], [ -38.423663, -3.789052, 0.0 ], [ -38.423611, -3.789128, 0.0 ], [ -38.423547, -3.789229, 0.0 ], [ -38.423528, -3.789254, 0.0 ], [ -38.423453, -3.789371, 0.0 ], [ -38.423386, -3.789453, 0.0 ], [ -38.423342, -3.789495, 0.0 ], [ -38.42328, -3.789564, 0.0 ], [ -38.423227, -3.789638, 0.0 ], [ -38.423163, -3.789745, 0.0 ], [ -38.42308, -3.789864, 0.0 ], [ -38.423022, -3.789961, 0.0 ], [ -38.422899, -3.790125, 0.0 ], [ -38.422836, -3.790237, 0.0 ], [ -38.422792, -3.790333, 0.0 ], [ -38.422742, -3.790484, 0.0 ], [ -38.422696, -3.790565, 0.0 ], [ -38.422646, -3.790647, 0.0 ], [ -38.422584, -3.790741, 0.0 ], [ -38.422562, -3.790771, 0.0 ], [ -38.422503, -3.790837, 0.0 ], [ -38.422435, -3.790934, 0.0 ], [ -38.422376, -3.791025, 0.0 ], [ -38.422329, -3.791113, 0.0 ], [ -38.422222, -3.791415, 0.0 ], [ -38.422176, -3.791528, 0.0 ], [ -38.42211, -3.791667, 0.0 ], [ -38.422044, -3.791827, 0.0 ], [ -38.421989, -3.791948, 0.0 ], [ -38.421945, -3.792038, 0.0 ], [ -38.421923, -3.792106, 0.0 ], [ -38.421886, -3.792188, 0.0 ], [ -38.421875, -3.792207, 0.0 ], [ -38.421753, -3.792403, 0.0 ], [ -38.42166, -3.792511, 0.0 ], [ -38.421539, -3.792666, 0.0 ], [ -38.421404, -3.792826, 0.0 ], [ -38.421303, -3.792965, 0.0 ], [ -38.421219, -3.793108, 0.0 ], [ -38.42113, -3.793232, 0.0 ], [ -38.421054, -3.793373, 0.0 ], [ -38.420956, -3.793496, 0.0 ], [ -38.420883, -3.793568, 0.0 ], [ -38.420817, -3.79359, 0.0 ], [ -38.420722, -3.793645, 0.0 ], [ -38.420592, -3.793822, 0.0 ], [ -38.420511, -3.793956, 0.0 ], [ -38.420459, -3.794093, 0.0 ], [ -38.420397, -3.794237, 0.0 ], [ -38.420323, -3.794363, 0.0 ], [ -38.42022, -3.794506, 0.0 ], [ -38.420152, -3.794607, 0.0 ], [ -38.419973, -3.794908, 0.0 ], [ -38.419893, -3.795055, 0.0 ], [ -38.419826, -3.795172, 0.0 ], [ -38.41979, -3.795277, 0.0 ], [ -38.419739, -3.795363, 0.0 ], [ -38.419501, -3.795745, 0.0 ], [ -38.419462, -3.795868, 0.0 ], [ -38.419382, -3.795977, 0.0 ], [ -38.419335, -3.79601, 0.0 ], [ -38.41924, -3.796081, 0.0 ], [ -38.419187, -3.796133, 0.0 ], [ -38.419138, -3.7962, 0.0 ], [ -38.419098, -3.79628, 0.0 ], [ -38.419067, -3.796379, 0.0 ], [ -38.419008, -3.796488, 0.0 ], [ -38.41896, -3.796582, 0.0 ], [ -38.418921, -3.796675, 0.0 ], [ -38.418912, -3.796706, 0.0 ], [ -38.418883, -3.796751, 0.0 ], [ -38.418773, -3.796875, 0.0 ], [ -38.418741, -3.797001, 0.0 ], [ -38.418656, -3.79714, 0.0 ], [ -38.418583, -3.797249, 0.0 ], [ -38.418543, -3.797357, 0.0 ], [ -38.418487, -3.797457, 0.0 ], [ -38.418445, -3.797543, 0.0 ], [ -38.418398, -3.797647, 0.0 ], [ -38.418352, -3.797753, 0.0 ], [ -38.418283, -3.797879, 0.0 ], [ -38.418247, -3.797969, 0.0 ], [ -38.418102, -3.798189, 0.0 ], [ -38.41802, -3.798331, 0.0 ], [ -38.417935, -3.798488, 0.0 ], [ -38.417844, -3.798603, 0.0 ], [ -38.417786, -3.798701, 0.0 ], [ -38.417752, -3.798799, 0.0 ], [ -38.417701, -3.798965, 0.0 ], [ -38.417657, -3.799067, 0.0 ], [ -38.417627, -3.79916, 0.0 ], [ -38.41759, -3.799196, 0.0 ], [ -38.417522, -3.799272, 0.0 ], [ -38.417453, -3.799443, 0.0 ], [ -38.417395, -3.799546, 0.0 ], [ -38.417293, -3.799711, 0.0 ], [ -38.417234, -3.79974, 0.0 ], [ -38.41714, -3.799801, 0.0 ], [ -38.417084, -3.799857, 0.0 ], [ -38.416924, -3.799936, 0.0 ], [ -38.41683, -3.799993, 0.0 ], [ -38.416758, -3.800067, 0.0 ], [ -38.416667, -3.800174, 0.0 ], [ -38.416633, -3.800255, 0.0 ], [ -38.416611, -3.800295, 0.0 ], [ -38.416599, -3.800314, 0.0 ], [ -38.416582, -3.800334, 0.0 ], [ -38.416559, -3.800358, 0.0 ], [ -38.416537, -3.800389, 0.0 ], [ -38.416518, -3.800423, 0.0 ], [ -38.416499, -3.800463, 0.0 ], [ -38.41649, -3.800513, 0.0 ], [ -38.41648, -3.800557, 0.0 ], [ -38.416463, -3.80059, 0.0 ], [ -38.416433, -3.800625, 0.0 ], [ -38.416401, -3.800657, 0.0 ], [ -38.416383, -3.8007, 0.0 ], [ -38.416358, -3.800748, 0.0 ], [ -38.416326, -3.800808, 0.0 ], [ -38.416297, -3.800864, 0.0 ], [ -38.416266, -3.80092, 0.0 ], [ -38.416234, -3.800965, 0.0 ], [ -38.416197, -3.801006, 0.0 ], [ -38.416154, -3.801062, 0.0 ], [ -38.416136, -3.801093, 0.0 ], [ -38.416086, -3.801167, 0.0 ], [ -38.416042, -3.801239, 0.0 ], [ -38.415992, -3.801309, 0.0 ], [ -38.415979, -3.801334, 0.0 ], [ -38.415948, -3.80142, 0.0 ], [ -38.415953, -3.801456, 0.0 ], [ -38.415956, -3.801482, 0.0 ], [ -38.415928, -3.801509, 0.0 ], [ -38.415919, -3.801537, 0.0 ], [ -38.415935, -3.801606, 0.0 ], [ -38.415928, -3.801628, 0.0 ], [ -38.415901, -3.801677, 0.0 ], [ -38.415871, -3.801726, 0.0 ], [ -38.415859, -3.80174, 0.0 ], [ -38.415768, -3.801828, 0.0 ], [ -38.415716, -3.801885, 0.0 ], [ -38.415687, -3.801928, 0.0 ], [ -38.415666, -3.801991, 0.0 ], [ -38.415579, -3.802177, 0.0 ], [ -38.415541, -3.802221, 0.0 ], [ -38.415499, -3.802261, 0.0 ], [ -38.415405, -3.80234, 0.0 ], [ -38.415392, -3.802356, 0.0 ], [ -38.415347, -3.802403, 0.0 ], [ -38.415325, -3.802438, 0.0 ], [ -38.415301, -3.802469, 0.0 ], [ -38.415279, -3.802487, 0.0 ], [ -38.415252, -3.802502, 0.0 ], [ -38.415227, -3.802519, 0.0 ], [ -38.415218, -3.802527, 0.0 ], [ -38.415211, -3.802534, 0.0 ], [ -38.415203, -3.80254, 0.0 ], [ -38.415196, -3.802558, 0.0 ], [ -38.415185, -3.802576, 0.0 ], [ -38.415143, -3.802632, 0.0 ], [ -38.415073, -3.802705, 0.0 ], [ -38.414997, -3.802771, 0.0 ], [ -38.414957, -3.802807, 0.0 ], [ -38.414904, -3.802842, 0.0 ], [ -38.414889, -3.802853, 0.0 ], [ -38.414873, -3.802869, 0.0 ], [ -38.414841, -3.802904, 0.0 ], [ -38.414778, -3.802961, 0.0 ], [ -38.414737, -3.803007, 0.0 ], [ -38.414716, -3.803028, 0.0 ], [ -38.414701, -3.80304, 0.0 ], [ -38.414631, -3.803086, 0.0 ], [ -38.414601, -3.803114, 0.0 ], [ -38.414585, -3.803131, 0.0 ], [ -38.414579, -3.80314, 0.0 ], [ -38.41456, -3.803183, 0.0 ], [ -38.414551, -3.803214, 0.0 ], [ -38.414542, -3.803257, 0.0 ], [ -38.414538, -3.803267, 0.0 ], [ -38.4145, -3.803315, 0.0 ], [ -38.414481, -3.803342, 0.0 ], [ -38.414471, -3.803361, 0.0 ], [ -38.414462, -3.803389, 0.0 ], [ -38.414454, -3.803407, 0.0 ], [ -38.414445, -3.803423, 0.0 ], [ -38.414426, -3.803447, 0.0 ], [ -38.414401, -3.803485, 0.0 ], [ -38.41438, -3.80352, 0.0 ], [ -38.414358, -3.803575, 0.0 ], [ -38.414336, -3.80362, 0.0 ], [ -38.414315, -3.803671, 0.0 ], [ -38.414306, -3.803687, 0.0 ], [ -38.414279, -3.803726, 0.0 ], [ -38.414232, -3.8038, 0.0 ], [ -38.414221, -3.803815, 0.0 ], [ -38.414176, -3.803859, 0.0 ], [ -38.414132, -3.803899, 0.0 ], [ -38.414111, -3.803922, 0.0 ], [ -38.414098, -3.803938, 0.0 ], [ -38.414074, -3.803974, 0.0 ], [ -38.414059, -3.803999, 0.0 ], [ -38.414035, -3.804057, 0.0 ], [ -38.414027, -3.804086, 0.0 ], [ -38.414022, -3.804094, 0.0 ], [ -38.414, -3.804112, 0.0 ], [ -38.413993, -3.804119, 0.0 ], [ -38.413975, -3.804143, 0.0 ], [ -38.413959, -3.80417, 0.0 ], [ -38.413929, -3.804203, 0.0 ], [ -38.413906, -3.804226, 0.0 ], [ -38.41388, -3.804259, 0.0 ], [ -38.413862, -3.804284, 0.0 ], [ -38.41384, -3.804319, 0.0 ], [ -38.413799, -3.804381, 0.0 ], [ -38.413789, -3.804397, 0.0 ], [ -38.413776, -3.804428, 0.0 ], [ -38.413759, -3.804455, 0.0 ], [ -38.413747, -3.804469, 0.0 ], [ -38.413715, -3.804503, 0.0 ], [ -38.413638, -3.804571, 0.0 ], [ -38.413617, -3.804594, 0.0 ], [ -38.413605, -3.804615, 0.0 ], [ -38.413586, -3.804654, 0.0 ], [ -38.413577, -3.80467, 0.0 ], [ -38.413564, -3.804685, 0.0 ], [ -38.413559, -3.804695, 0.0 ], [ -38.413557, -3.804704, 0.0 ], [ -38.413552, -3.804711, 0.0 ], [ -38.413492, -3.804764, 0.0 ], [ -38.413449, -3.804797, 0.0 ], [ -38.413434, -3.804812, 0.0 ], [ -38.413427, -3.804821, 0.0 ], [ -38.413416, -3.804838, 0.0 ], [ -38.413396, -3.804876, 0.0 ], [ -38.413385, -3.804895, 0.0 ], [ -38.413342, -3.80495, 0.0 ], [ -38.413337, -3.804961, 0.0 ], [ -38.413333, -3.804992, 0.0 ], [ -38.413325, -3.805009, 0.0 ], [ -38.41332, -3.805016, 0.0 ], [ -38.413282, -3.805052, 0.0 ], [ -38.413265, -3.805064, 0.0 ], [ -38.413237, -3.805074, 0.0 ], [ -38.413228, -3.805081, 0.0 ], [ -38.413221, -3.805089, 0.0 ], [ -38.413206, -3.805117, 0.0 ], [ -38.413199, -3.805136, 0.0 ], [ -38.413193, -3.805142, 0.0 ], [ -38.413184, -3.805145, 0.0 ], [ -38.413161, -3.80518, 0.0 ], [ -38.413153, -3.805199, 0.0 ], [ -38.413144, -3.805216, 0.0 ], [ -38.413133, -3.80523, 0.0 ], [ -38.413112, -3.805251, 0.0 ], [ -38.413066, -3.805315, 0.0 ], [ -38.413036, -3.805352, 0.0 ], [ -38.413024, -3.805372, 0.0 ], [ -38.413005, -3.805408, 0.0 ], [ -38.412993, -3.805426, 0.0 ], [ -38.412986, -3.805433, 0.0 ], [ -38.412968, -3.805448, 0.0 ], [ -38.412918, -3.805481, 0.0 ], [ -38.412909, -3.805488, 0.0 ], [ -38.412901, -3.805495, 0.0 ], [ -38.412882, -3.805518, 0.0 ], [ -38.412836, -3.805563, 0.0 ], [ -38.412784, -3.805637, 0.0 ], [ -38.412775, -3.805654, 0.0 ], [ -38.412753, -3.80571, 0.0 ], [ -38.412738, -3.805766, 0.0 ], [ -38.412725, -3.805794, 0.0 ], [ -38.412703, -3.805827, 0.0 ], [ -38.412644, -3.805897, 0.0 ], [ -38.412627, -3.805922, 0.0 ], [ -38.412607, -3.805961, 0.0 ], [ -38.412602, -3.805969, 0.0 ], [ -38.412588, -3.805982, 0.0 ], [ -38.412566, -3.806, 0.0 ], [ -38.412542, -3.806017, 0.0 ], [ -38.412515, -3.806033, 0.0 ], [ -38.412482, -3.806061, 0.0 ], [ -38.412457, -3.806083, 0.0 ], [ -38.412442, -3.806099, 0.0 ], [ -38.412429, -3.806118, 0.0 ], [ -38.412396, -3.806169, 0.0 ], [ -38.412389, -3.806189, 0.0 ], [ -38.412387, -3.8062, 0.0 ], [ -38.412386, -3.80622, 0.0 ], [ -38.412398, -3.80627, 0.0 ], [ -38.4124, -3.80628, 0.0 ], [ -38.4124, -3.806299, 0.0 ], [ -38.412398, -3.806307, 0.0 ], [ -38.412389, -3.806324, 0.0 ], [ -38.412378, -3.806352, 0.0 ], [ -38.412373, -3.806374, 0.0 ], [ -38.412363, -3.806429, 0.0 ], [ -38.412356, -3.806447, 0.0 ], [ -38.412332, -3.806481, 0.0 ], [ -38.412293, -3.806541, 0.0 ], [ -38.412279, -3.806553, 0.0 ], [ -38.412253, -3.806568, 0.0 ], [ -38.412236, -3.806581, 0.0 ], [ -38.412198, -3.806619, 0.0 ], [ -38.412186, -3.806636, 0.0 ], [ -38.41217, -3.806662, 0.0 ], [ -38.412136, -3.806723, 0.0 ], [ -38.412131, -3.806743, 0.0 ], [ -38.41213, -3.806771, 0.0 ], [ -38.412126, -3.806787, 0.0 ], [ -38.412121, -3.806793, 0.0 ], [ -38.412083, -3.806793, 0.0 ], [ -38.412016, -3.806851, 0.0 ], [ -38.411988, -3.806867, 0.0 ], [ -38.41198, -3.806873, 0.0 ], [ -38.411936, -3.806919, 0.0 ], [ -38.411891, -3.806987, 0.0 ], [ -38.41186, -3.807021, 0.0 ], [ -38.411836, -3.807057, 0.0 ], [ -38.4118, -3.807093, 0.0 ], [ -38.411783, -3.807116, 0.0 ], [ -38.411758, -3.80716, 0.0 ], [ -38.411746, -3.807199, 0.0 ], [ -38.411734, -3.807226, 0.0 ], [ -38.411723, -3.807242, 0.0 ], [ -38.411703, -3.807266, 0.0 ], [ -38.411698, -3.807276, 0.0 ], [ -38.411694, -3.807292, 0.0 ], [ -38.411663, -3.807334, 0.0 ], [ -38.411622, -3.807395, 0.0 ], [ -38.41159, -3.807451, 0.0 ], [ -38.411563, -3.8075, 0.0 ], [ -38.411493, -3.807604, 0.0 ], [ -38.411458, -3.807663, 0.0 ], [ -38.411414, -3.807775, 0.0 ], [ -38.411385, -3.807838, 0.0 ], [ -38.411351, -3.807901, 0.0 ], [ -38.41132, -3.807956, 0.0 ], [ -38.411282, -3.808012, 0.0 ], [ -38.411236, -3.808117, 0.0 ], [ -38.411215, -3.808168, 0.0 ], [ -38.411186, -3.808226, 0.0 ], [ -38.411122, -3.808341, 0.0 ], [ -38.411055, -3.808467, 0.0 ], [ -38.410988, -3.808572, 0.0 ], [ -38.410924, -3.808668, 0.0 ], [ -38.410888, -3.808717, 0.0 ], [ -38.410798, -3.808837, 0.0 ], [ -38.410751, -3.808903, 0.0 ], [ -38.410706, -3.808975, 0.0 ], [ -38.410635, -3.80908, 0.0 ], [ -38.410586, -3.809141, 0.0 ], [ -38.41056, -3.809166, 0.0 ], [ -38.41053, -3.809203, 0.0 ], [ -38.410501, -3.809251, 0.0 ], [ -38.410458, -3.809331, 0.0 ], [ -38.41037, -3.809489, 0.0 ], [ -38.410332, -3.809544, 0.0 ], [ -38.410294, -3.809595, 0.0 ], [ -38.410226, -3.809672, 0.0 ], [ -38.410181, -3.809727, 0.0 ], [ -38.410125, -3.80979, 0.0 ], [ -38.410082, -3.809825, 0.0 ], [ -38.410043, -3.809872, 0.0 ], [ -38.410002, -3.809927, 0.0 ], [ -38.409962, -3.809987, 0.0 ], [ -38.40991, -3.810048, 0.0 ], [ -38.40986, -3.810095, 0.0 ], [ -38.40977, -3.810191, 0.0 ], [ -38.409623, -3.810358, 0.0 ], [ -38.409549, -3.81045, 0.0 ], [ -38.409514, -3.810499, 0.0 ], [ -38.409478, -3.810559, 0.0 ], [ -38.409434, -3.810619, 0.0 ], [ -38.409398, -3.810677, 0.0 ], [ -38.409358, -3.810735, 0.0 ], [ -38.409279, -3.81081, 0.0 ], [ -38.409236, -3.810858, 0.0 ], [ -38.40921, -3.8109, 0.0 ], [ -38.409171, -3.810953, 0.0 ], [ -38.409134, -3.810996, 0.0 ], [ -38.409089, -3.811051, 0.0 ], [ -38.409056, -3.811088, 0.0 ], [ -38.409017, -3.81114, 0.0 ], [ -38.408899, -3.811322, 0.0 ], [ -38.408862, -3.811373, 0.0 ], [ -38.408817, -3.811443, 0.0 ], [ -38.408752, -3.811565, 0.0 ], [ -38.408725, -3.811623, 0.0 ], [ -38.408711, -3.811657, 0.0 ], [ -38.40867, -3.811734, 0.0 ], [ -38.408642, -3.81179, 0.0 ], [ -38.408543, -3.811948, 0.0 ], [ -38.408518, -3.811995, 0.0 ], [ -38.408477, -3.812081, 0.0 ], [ -38.408445, -3.812136, 0.0 ], [ -38.408388, -3.812254, 0.0 ], [ -38.408358, -3.812311, 0.0 ], [ -38.408339, -3.812345, 0.0 ], [ -38.408324, -3.812381, 0.0 ], [ -38.408314, -3.812407, 0.0 ], [ -38.408299, -3.812439, 0.0 ], [ -38.408276, -3.812469, 0.0 ], [ -38.408248, -3.812529, 0.0 ], [ -38.408215, -3.812589, 0.0 ], [ -38.40817, -3.812645, 0.0 ], [ -38.408126, -3.812714, 0.0 ], [ -38.408119, -3.812733, 0.0 ], [ -38.408049, -3.81283, 0.0 ], [ -38.408026, -3.812889, 0.0 ], [ -38.407983, -3.812937, 0.0 ], [ -38.407945, -3.812998, 0.0 ], [ -38.407914, -3.813059, 0.0 ], [ -38.407857, -3.813129, 0.0 ], [ -38.40776, -3.813174, 0.0 ], [ -38.407708, -3.813256, 0.0 ], [ -38.407666, -3.813308, 0.0 ], [ -38.407622, -3.813378, 0.0 ], [ -38.407545, -3.813542, 0.0 ], [ -38.407498, -3.813577, 0.0 ], [ -38.40744, -3.813625, 0.0 ], [ -38.407406, -3.813717, 0.0 ], [ -38.407379, -3.81378, 0.0 ], [ -38.407341, -3.813845, 0.0 ], [ -38.407328, -3.813881, 0.0 ], [ -38.407257, -3.813977, 0.0 ], [ -38.407238, -3.814019, 0.0 ], [ -38.407173, -3.814043, 0.0 ], [ -38.407115, -3.814116, 0.0 ], [ -38.407086, -3.81418, 0.0 ], [ -38.407052, -3.814238, 0.0 ], [ -38.407027, -3.814297, 0.0 ], [ -38.406877, -3.814563, 0.0 ], [ -38.406849, -3.814623, 0.0 ], [ -38.406802, -3.814702, 0.0 ], [ -38.406779, -3.814733, 0.0 ], [ -38.40676, -3.814786, 0.0 ], [ -38.406719, -3.814851, 0.0 ], [ -38.40668, -3.814893, 0.0 ], [ -38.406633, -3.814929, 0.0 ], [ -38.406546, -3.815013, 0.0 ], [ -38.406441, -3.815147, 0.0 ], [ -38.406404, -3.815178, 0.0 ], [ -38.406352, -3.815206, 0.0 ], [ -38.406323, -3.815233, 0.0 ], [ -38.406294, -3.815282, 0.0 ], [ -38.406263, -3.815326, 0.0 ], [ -38.40623, -3.815366, 0.0 ], [ -38.406152, -3.815489, 0.0 ], [ -38.40612, -3.815559, 0.0 ], [ -38.406112, -3.815583, 0.0 ], [ -38.406108, -3.815636, 0.0 ], [ -38.406105, -3.815645, 0.0 ], [ -38.406103, -3.815662, 0.0 ], [ -38.406096, -3.815681, 0.0 ], [ -38.406083, -3.8157, 0.0 ], [ -38.406061, -3.815717, 0.0 ], [ -38.406042, -3.815731, 0.0 ], [ -38.406025, -3.815748, 0.0 ], [ -38.406003, -3.815789, 0.0 ], [ -38.405981, -3.815819, 0.0 ], [ -38.405967, -3.815848, 0.0 ], [ -38.405953, -3.815885, 0.0 ], [ -38.405941, -3.815909, 0.0 ], [ -38.405931, -3.815936, 0.0 ], [ -38.40588, -3.816011, 0.0 ], [ -38.40584, -3.816067, 0.0 ], [ -38.405824, -3.816083, 0.0 ], [ -38.40581, -3.816103, 0.0 ], [ -38.405795, -3.816117, 0.0 ], [ -38.405765, -3.816163, 0.0 ], [ -38.405741, -3.816206, 0.0 ], [ -38.405702, -3.81625, 0.0 ], [ -38.405684, -3.816296, 0.0 ], [ -38.405677, -3.816328, 0.0 ], [ -38.405654, -3.816361, 0.0 ], [ -38.405604, -3.816407, 0.0 ], [ -38.405577, -3.816428, 0.0 ], [ -38.405555, -3.816441, 0.0 ], [ -38.40551, -3.816459, 0.0 ], [ -38.405495, -3.81647, 0.0 ], [ -38.405448, -3.816522, 0.0 ], [ -38.405419, -3.816562, 0.0 ], [ -38.4054, -3.816584, 0.0 ], [ -38.405365, -3.816668, 0.0 ], [ -38.405344, -3.816697, 0.0 ], [ -38.405296, -3.816747, 0.0 ], [ -38.405276, -3.816773, 0.0 ], [ -38.405256, -3.816805, 0.0 ], [ -38.405236, -3.816831, 0.0 ], [ -38.40522, -3.816866, 0.0 ], [ -38.405208, -3.816884, 0.0 ], [ -38.4052, -3.81689, 0.0 ], [ -38.405186, -3.816909, 0.0 ], [ -38.405155, -3.816943, 0.0 ], [ -38.405123, -3.816985, 0.0 ], [ -38.405086, -3.817042, 0.0 ], [ -38.405063, -3.817068, 0.0 ], [ -38.405041, -3.817106, 0.0 ], [ -38.404991, -3.817174, 0.0 ], [ -38.404971, -3.817233, 0.0 ], [ -38.404932, -3.817291, 0.0 ], [ -38.404913, -3.817327, 0.0 ], [ -38.404893, -3.81738, 0.0 ], [ -38.404885, -3.817393, 0.0 ], [ -38.404842, -3.817454, 0.0 ], [ -38.404829, -3.817474, 0.0 ], [ -38.404779, -3.817533, 0.0 ], [ -38.404741, -3.817605, 0.0 ], [ -38.404721, -3.817627, 0.0 ], [ -38.404712, -3.817647, 0.0 ], [ -38.404707, -3.817668, 0.0 ], [ -38.404674, -3.817732, 0.0 ], [ -38.404639, -3.817772, 0.0 ], [ -38.404624, -3.817794, 0.0 ], [ -38.404596, -3.817847, 0.0 ], [ -38.404561, -3.8179, 0.0 ], [ -38.40454, -3.81794, 0.0 ], [ -38.404507, -3.817979, 0.0 ], [ -38.404477, -3.818023, 0.0 ], [ -38.404458, -3.818058, 0.0 ], [ -38.40443, -3.818081, 0.0 ], [ -38.404412, -3.818102, 0.0 ], [ -38.404393, -3.818148, 0.0 ], [ -38.404364, -3.818193, 0.0 ], [ -38.40433, -3.818234, 0.0 ], [ -38.404293, -3.818274, 0.0 ], [ -38.40427, -3.818303, 0.0 ], [ -38.404254, -3.818331, 0.0 ], [ -38.40424, -3.818347, 0.0 ], [ -38.404237, -3.818363, 0.0 ], [ -38.404228, -3.818377, 0.0 ], [ -38.404213, -3.818409, 0.0 ], [ -38.404196, -3.818431, 0.0 ], [ -38.40418, -3.818444, 0.0 ], [ -38.404154, -3.818474, 0.0 ], [ -38.404117, -3.81852, 0.0 ], [ -38.404095, -3.818556, 0.0 ], [ -38.404083, -3.818593, 0.0 ], [ -38.40406, -3.818632, 0.0 ], [ -38.404028, -3.818674, 0.0 ], [ -38.403991, -3.818718, 0.0 ], [ -38.40396, -3.818743, 0.0 ], [ -38.403919, -3.818762, 0.0 ], [ -38.403883, -3.818786, 0.0 ], [ -38.403837, -3.818825, 0.0 ], [ -38.403783, -3.818857, 0.0 ], [ -38.403705, -3.818921, 0.0 ], [ -38.403652, -3.818967, 0.0 ], [ -38.40358, -3.819034, 0.0 ], [ -38.403543, -3.819094, 0.0 ], [ -38.403527, -3.819131, 0.0 ], [ -38.403524, -3.819165, 0.0 ], [ -38.403506, -3.819196, 0.0 ], [ -38.403468, -3.819237, 0.0 ], [ -38.40344, -3.819275, 0.0 ], [ -38.403407, -3.819316, 0.0 ], [ -38.403311, -3.819465, 0.0 ], [ -38.403275, -3.819511, 0.0 ], [ -38.403252, -3.819544, 0.0 ], [ -38.403227, -3.819594, 0.0 ], [ -38.403199, -3.819637, 0.0 ], [ -38.403148, -3.819704, 0.0 ], [ -38.403138, -3.819737, 0.0 ], [ -38.403127, -3.819763, 0.0 ], [ -38.403113, -3.81978, 0.0 ], [ -38.403049, -3.819846, 0.0 ], [ -38.403026, -3.819876, 0.0 ], [ -38.403011, -3.819911, 0.0 ], [ -38.402985, -3.819946, 0.0 ], [ -38.402939, -3.82005, 0.0 ], [ -38.402896, -3.820096, 0.0 ], [ -38.402853, -3.820146, 0.0 ], [ -38.402818, -3.820217, 0.0 ], [ -38.402779, -3.820272, 0.0 ], [ -38.402683, -3.82037, 0.0 ], [ -38.402632, -3.820407, 0.0 ], [ -38.402593, -3.82043, 0.0 ], [ -38.402565, -3.820454, 0.0 ], [ -38.402559, -3.820486, 0.0 ], [ -38.402564, -3.820516, 0.0 ], [ -38.402569, -3.820556, 0.0 ], [ -38.402551, -3.820597, 0.0 ], [ -38.402536, -3.820661, 0.0 ], [ -38.402501, -3.820738, 0.0 ], [ -38.402444, -3.820848, 0.0 ], [ -38.402431, -3.820897, 0.0 ], [ -38.402411, -3.820974, 0.0 ], [ -38.402407, -3.821026, 0.0 ], [ -38.402408, -3.82111, 0.0 ], [ -38.402399, -3.821177, 0.0 ], [ -38.402382, -3.821243, 0.0 ], [ -38.402354, -3.821318, 0.0 ], [ -38.402337, -3.821389, 0.0 ], [ -38.402319, -3.821434, 0.0 ], [ -38.402296, -3.821477, 0.0 ], [ -38.402276, -3.82154, 0.0 ], [ -38.402268, -3.82159, 0.0 ], [ -38.402276, -3.821656, 0.0 ], [ -38.402273, -3.821696, 0.0 ], [ -38.402263, -3.821723, 0.0 ], [ -38.402232, -3.821779, 0.0 ], [ -38.402207, -3.82182, 0.0 ], [ -38.40218, -3.821874, 0.0 ], [ -38.402159, -3.821972, 0.0 ], [ -38.40214, -3.822023, 0.0 ], [ -38.402145, -3.822061, 0.0 ], [ -38.402154, -3.822086, 0.0 ], [ -38.402156, -3.822127, 0.0 ], [ -38.402155, -3.82216, 0.0 ], [ -38.402146, -3.822211, 0.0 ], [ -38.402134, -3.822233, 0.0 ], [ -38.402127, -3.822267, 0.0 ], [ -38.402128, -3.822323, 0.0 ], [ -38.402115, -3.822345, 0.0 ], [ -38.402101, -3.822422, 0.0 ], [ -38.402065, -3.822501, 0.0 ], [ -38.40204, -3.822588, 0.0 ], [ -38.402021, -3.822664, 0.0 ], [ -38.402008, -3.82273, 0.0 ], [ -38.401989, -3.82278, 0.0 ], [ -38.401977, -3.822827, 0.0 ], [ -38.401936, -3.822965, 0.0 ], [ -38.401918, -3.823072, 0.0 ], [ -38.401909, -3.823138, 0.0 ], [ -38.401912, -3.823223, 0.0 ], [ -38.401921, -3.823309, 0.0 ], [ -38.401858, -3.823452, 0.0 ], [ -38.40177, -3.823762, 0.0 ], [ -38.401862, -3.824066, 0.0 ], [ -38.402006, -3.82443, 0.0 ], [ -38.402568, -3.825023, 0.0 ], [ -38.403086, -3.825327, 0.0 ], [ -38.403446, -3.825515, 0.0 ], [ -38.403892, -3.825588, 0.0 ], [ -38.404473, -3.825085, 0.0 ], [ -38.405289, -3.824556, 0.0 ], [ -38.405931, -3.823986, 0.0 ], [ -38.405997, -3.823819, 0.0 ], [ -38.405834, -3.823131, 0.0 ], [ -38.405766, -3.822682, 0.0 ], [ -38.405732, -3.82206, 0.0 ], [ -38.40587, -3.821543, 0.0 ], [ -38.407005, -3.820508, 0.0 ], [ -38.408415, -3.819611, 0.0 ], [ -38.409402, -3.819099, 0.0 ], [ -38.444118, -3.804975, 0.0 ], [ -38.444768, -3.80499, 0.0 ], [ -38.445273, -3.805064, 0.0 ], [ -38.445949, -3.805159, 0.0 ], [ -38.446307, -3.8052, 0.0 ], [ -38.446316, -3.805263, 0.0 ], [ -38.446421, -3.80528, 0.0 ], [ -38.446687, -3.805329, 0.0 ], [ -38.446968, -3.80539, 0.0 ], [ -38.447126, -3.805423, 0.0 ], [ -38.447388, -3.805468, 0.0 ], [ -38.447807, -3.805535, 0.0 ], [ -38.448279, -3.805611, 0.0 ], [ -38.448633, -3.805659, 0.0 ], [ -38.449001, -3.805687, 0.0 ], [ -38.449256, -3.805709, 0.0 ], [ -38.44955, -3.805731, 0.0 ], [ -38.449805, -3.805752, 0.0 ], [ -38.450009, -3.805769, 0.0 ], [ -38.450309, -3.805793, 0.0 ], [ -38.450562, -3.805812, 0.0 ], [ -38.450844, -3.805838, 0.0 ], [ -38.451098, -3.80586, 0.0 ], [ -38.451261, -3.805874, 0.0 ], [ -38.45145, -3.805889, 0.0 ], [ -38.451879, -3.80593, 0.0 ], [ -38.452071, -3.805946, 0.0 ], [ -38.452446, -3.805975, 0.0 ], [ -38.452631, -3.805993, 0.0 ], [ -38.452857, -3.80602, 0.0 ], [ -38.4532, -3.806077, 0.0 ], [ -38.453712, -3.80616, 0.0 ], [ -38.454169, -3.806235, 0.0 ], [ -38.454594, -3.806303, 0.0 ], [ -38.454837, -3.806341, 0.0 ], [ -38.454951, -3.806362, 0.0 ], [ -38.455228, -3.806415, 0.0 ], [ -38.455727, -3.80652, 0.0 ], [ -38.456233, -3.806631, 0.0 ], [ -38.456567, -3.806705, 0.0 ], [ -38.456837, -3.806764, 0.0 ], [ -38.457308, -3.806866, 0.0 ], [ -38.45752, -3.806912, 0.0 ], [ -38.45765, -3.806943, 0.0 ], [ -38.457786, -3.80698, 0.0 ], [ -38.457982, -3.807049, 0.0 ], [ -38.458286, -3.807154, 0.0 ], [ -38.458505, -3.807229, 0.0 ], [ -38.458698, -3.807287, 0.0 ], [ -38.458901, -3.807344, 0.0 ], [ -38.459222, -3.807426, 0.0 ], [ -38.459487, -3.807478, 0.0 ], [ -38.459691, -3.807522, 0.0 ], [ -38.459875, -3.807554, 0.0 ], [ -38.460086, -3.80759, 0.0 ], [ -38.460451, -3.807635, 0.0 ], [ -38.460733, -3.80766, 0.0 ], [ -38.46097, -3.807682, 0.0 ], [ -38.461068, -3.807694, 0.0 ], [ -38.461216, -3.80772, 0.0 ], [ -38.461379, -3.807752, 0.0 ], [ -38.461604, -3.807794, 0.0 ], [ -38.461871, -3.807596, 0.0 ], [ -38.462067, -3.807485, 0.0 ], [ -38.462392, -3.807297, 0.0 ] ] ] } },
{ "type": "Feature", "properties": { "regional": 8, "area_km2": 35.531645110961442, "n_bairros": 9 }, "geometry": { "type": "Polygon", "coordinates": [ [ [ -38.557172, -3.846906, 0.0 ], [ -38.557336, -3.846911, 0.0 ], [ -38.559348, -3.846132, 0.0 ], [ -38.560731, -3.845624, 0.0 ], [ -38.563215, -3.844777, 0.0 ], [ -38.565639, -3.844047, 0.0 ], [ -38.566737, -3.843717, 0.0 ], [ -38.567037, -3.843587, 0.0 ], [ -38.571778, -3.842321, 0.0 ], [ -38.577177, -3.840973, 0.0 ], [ -38.580158, -3.840191, 0.0 ], [ -38.58157, -3.839818, 0.0 ], [ -38.58298, -3.839432, 0.0 ], [ -38.583349, -3.839394, 0.0 ], [ -38.5834, -3.839069, 0.0 ], [ -38.583474, -3.838991, 0.0 ], [ -38.583464, -3.838984, 0.0 ], [ -38.583464, -3.83896, 0.0 ], [ -38.583442, -3.838673, 0.0 ], [ -38.582959, -3.837172, 0.0 ], [ -38.582515, -3.835849, 0.0 ], [ -38.582101, -3.834582, 0.0 ], [ -38.5816, -3.833064, 0.0 ], [ -38.581322, -3.832168, 0.0 ], [ -38.580932, -3.830966, 0.0 ], [ -38.580332, -3.829119, 0.0 ], [ -38.580106, -3.828422, 0.0 ], [ -38.579636, -3.826973, 0.0 ], [ -38.579535, -3.826722, 0.0 ], [ -38.579505, -3.826661, 0.0 ], [ -38.579479, -3.826616, 0.0 ], [ -38.579442, -3.826567, 0.0 ], [ -38.579351, -3.826466, 0.0 ], [ -38.579297, -3.826433, 0.0 ], [ -38.579245, -3.826396, 0.0 ], [ -38.579211, -3.826366, 0.0 ], [ -38.57918, -3.826332, 0.0 ], [ -38.579148, -3.826289, 0.0 ], [ -38.579132, -3.826265, 0.0 ], [ -38.579119, -3.826236, 0.0 ], [ -38.579104, -3.826199, 0.0 ], [ -38.579092, -3.826153, 0.0 ], [ -38.579088, -3.826106, 0.0 ], [ -38.579088, -3.826056, 0.0 ], [ -38.5791, -3.825973, 0.0 ], [ -38.579113, -3.825918, 0.0 ], [ -38.57913, -3.82587, 0.0 ], [ -38.579149, -3.825823, 0.0 ], [ -38.579155, -3.825791, 0.0 ], [ -38.579159, -3.825699, 0.0 ], [ -38.579157, -3.825598, 0.0 ], [ -38.57915, -3.825524, 0.0 ], [ -38.579135, -3.825435, 0.0 ], [ -38.578942, -3.824849, 0.0 ], [ -38.578516, -3.823541, 0.0 ], [ -38.578221, -3.82261, 0.0 ], [ -38.577446, -3.822861, 0.0 ], [ -38.577254, -3.822924, 0.0 ], [ -38.576922, -3.823041, 0.0 ], [ -38.576128, -3.823295, 0.0 ], [ -38.575687, -3.823426, 0.0 ], [ -38.575323, -3.823541, 0.0 ], [ -38.574514, -3.8238, 0.0 ], [ -38.574054, -3.823966, 0.0 ], [ -38.574138, -3.824289, 0.0 ], [ -38.573388, -3.825257, 0.0 ], [ -38.572956, -3.825581, 0.0 ], [ -38.572851, -3.825642, 0.0 ], [ -38.572449, -3.825881, 0.0 ], [ -38.57203, -3.826122, 0.0 ], [ -38.571877, -3.826213, 0.0 ], [ -38.57183, -3.826249, 0.0 ], [ -38.571424, -3.826568, 0.0 ], [ -38.571187, -3.826746, 0.0 ], [ -38.570883, -3.827008, 0.0 ], [ -38.570615, -3.827234, 0.0 ], [ -38.57065, -3.827279, 0.0 ], [ -38.570586, -3.827336, 0.0 ], [ -38.57048, -3.827433, 0.0 ], [ -38.570389, -3.827519, 0.0 ], [ -38.570185, -3.827706, 0.0 ], [ -38.570053, -3.827827, 0.0 ], [ -38.569881, -3.827987, 0.0 ], [ -38.569781, -3.828087, 0.0 ], [ -38.56973, -3.828136, 0.0 ], [ -38.569679, -3.828193, 0.0 ], [ -38.569639, -3.828238, 0.0 ], [ -38.569584, -3.828287, 0.0 ], [ -38.569527, -3.828334, 0.0 ], [ -38.569256, -3.828555, 0.0 ], [ -38.568927, -3.828827, 0.0 ], [ -38.568623, -3.829065, 0.0 ], [ -38.568106, -3.829491, 0.0 ], [ -38.567485, -3.829969, 0.0 ], [ -38.566673, -3.830585, 0.0 ], [ -38.566618, -3.830622, 0.0 ], [ -38.566569, -3.830642, 0.0 ], [ -38.566526, -3.830659, 0.0 ], [ -38.566491, -3.830668, 0.0 ], [ -38.566464, -3.830673, 0.0 ], [ -38.566432, -3.830676, 0.0 ], [ -38.566403, -3.830675, 0.0 ], [ -38.566357, -3.830671, 0.0 ], [ -38.566312, -3.83066, 0.0 ], [ -38.566272, -3.830654, 0.0 ], [ -38.566196, -3.830659, 0.0 ], [ -38.566131, -3.830671, 0.0 ], [ -38.566079, -3.830685, 0.0 ], [ -38.566026, -3.830701, 0.0 ], [ -38.565887, -3.830756, 0.0 ], [ -38.565807, -3.830781, 0.0 ], [ -38.565743, -3.830796, 0.0 ], [ -38.565667, -3.830811, 0.0 ], [ -38.565505, -3.830839, 0.0 ], [ -38.565406, -3.83087, 0.0 ], [ -38.565348, -3.830889, 0.0 ], [ -38.565301, -3.830911, 0.0 ], [ -38.565251, -3.830938, 0.0 ], [ -38.565191, -3.830968, 0.0 ], [ -38.56514, -3.830994, 0.0 ], [ -38.565061, -3.831028, 0.0 ], [ -38.564942, -3.831074, 0.0 ], [ -38.564642, -3.831189, 0.0 ], [ -38.563856, -3.831474, 0.0 ], [ -38.563107, -3.831742, 0.0 ], [ -38.562284, -3.832033, 0.0 ], [ -38.561468, -3.832333, 0.0 ], [ -38.561461, -3.832316, 0.0 ], [ -38.561012, -3.831055, 0.0 ], [ -38.560778, -3.830393, 0.0 ], [ -38.56075, -3.830321, 0.0 ], [ -38.560694, -3.830115, 0.0 ], [ -38.560612, -3.829845, 0.0 ], [ -38.560426, -3.829311, 0.0 ], [ -38.560109, -3.828421, 0.0 ], [ -38.559847, -3.827668, 0.0 ], [ -38.559701, -3.827247, 0.0 ], [ -38.55957, -3.826884, 0.0 ], [ -38.559525, -3.826754, 0.0 ], [ -38.559293, -3.826827, 0.0 ], [ -38.559187, -3.826863, 0.0 ], [ -38.558962, -3.825978, 0.0 ], [ -38.558883, -3.8256, 0.0 ], [ -38.558856, -3.825189, 0.0 ], [ -38.558872, -3.824524, 0.0 ], [ -38.55878, -3.823628, 0.0 ], [ -38.558738, -3.823157, 0.0 ], [ -38.558694, -3.822916, 0.0 ], [ -38.558115, -3.821068, 0.0 ], [ -38.558073, -3.820815, 0.0 ], [ -38.558006, -3.820518, 0.0 ], [ -38.557856, -3.820031, 0.0 ], [ -38.5572, -3.817894, 0.0 ], [ -38.556115, -3.814362, 0.0 ], [ -38.555814, -3.813387, 0.0 ], [ -38.555256, -3.811588, 0.0 ], [ -38.554615, -3.809473, 0.0 ], [ -38.554683, -3.809449, 0.0 ], [ -38.554879, -3.809331, 0.0 ], [ -38.554923, -3.809305, 0.0 ], [ -38.555068, -3.809163, 0.0 ], [ -38.555463, -3.808771, 0.0 ], [ -38.55562, -3.80862, 0.0 ], [ -38.555811, -3.808442, 0.0 ], [ -38.555984, -3.808267, 0.0 ], [ -38.556268, -3.80799, 0.0 ], [ -38.556504, -3.807759, 0.0 ], [ -38.556895, -3.807379, 0.0 ], [ -38.557049, -3.807237, 0.0 ], [ -38.55729, -3.807002, 0.0 ], [ -38.557518, -3.806779, 0.0 ], [ -38.557703, -3.806584, 0.0 ], [ -38.557875, -3.806335, 0.0 ], [ -38.558008, -3.806131, 0.0 ], [ -38.558996, -3.804486, 0.0 ], [ -38.559747, -3.803278, 0.0 ], [ -38.559855, -3.803117, 0.0 ], [ -38.559947, -3.802953, 0.0 ], [ -38.560017, -3.80279, 0.0 ], [ -38.560066, -3.802683, 0.0 ], [ -38.560093, -3.802605, 0.0 ], [ -38.560127, -3.802508, 0.0 ], [ -38.560221, -3.802177, 0.0 ], [ -38.560255, -3.802075, 0.0 ], [ -38.560303, -3.801952, 0.0 ], [ -38.560334, -3.801856, 0.0 ], [ -38.56038, -3.801734, 0.0 ], [ -38.560425, -3.801601, 0.0 ], [ -38.560475, -3.801484, 0.0 ], [ -38.560528, -3.801391, 0.0 ], [ -38.560579, -3.801313, 0.0 ], [ -38.56069, -3.801175, 0.0 ], [ -38.561139, -3.800603, 0.0 ], [ -38.561223, -3.800497, 0.0 ], [ -38.56144, -3.800218, 0.0 ], [ -38.561776, -3.799787, 0.0 ], [ -38.561808, -3.799675, 0.0 ], [ -38.561871, -3.799451, 0.0 ], [ -38.561959, -3.799155, 0.0 ], [ -38.561983, -3.799075, 0.0 ], [ -38.562073, -3.79876, 0.0 ], [ -38.562213, -3.798266, 0.0 ], [ -38.56232, -3.79788, 0.0 ], [ -38.562352, -3.797768, 0.0 ], [ -38.562398, -3.797627, 0.0 ], [ -38.562458, -3.797471, 0.0 ], [ -38.562549, -3.79723, 0.0 ], [ -38.56261, -3.797067, 0.0 ], [ -38.562704, -3.796846, 0.0 ], [ -38.562834, -3.796589, 0.0 ], [ -38.563006, -3.79625, 0.0 ], [ -38.563101, -3.796067, 0.0 ], [ -38.563117, -3.796036, 0.0 ], [ -38.56313, -3.796016, 0.0 ], [ -38.563145, -3.795996, 0.0 ], [ -38.563196, -3.795926, 0.0 ], [ -38.563495, -3.795562, 0.0 ], [ -38.563473, -3.795501, 0.0 ], [ -38.563352, -3.795193, 0.0 ], [ -38.563022, -3.794366, 0.0 ], [ -38.562833, -3.793894, 0.0 ], [ -38.562568, -3.793223, 0.0 ], [ -38.562555, -3.793101, 0.0 ], [ -38.562074, -3.791805, 0.0 ], [ -38.561716, -3.79088, 0.0 ], [ -38.561226, -3.78958, 0.0 ], [ -38.560629, -3.787994, 0.0 ], [ -38.560659, -3.787997, 0.0 ], [ -38.560693, -3.78799, 0.0 ], [ -38.560744, -3.787988, 0.0 ], [ -38.560792, -3.787993, 0.0 ], [ -38.560853, -3.78799, 0.0 ], [ -38.560904, -3.787984, 0.0 ], [ -38.560965, -3.787968, 0.0 ], [ -38.561018, -3.787947, 0.0 ], [ -38.561064, -3.787947, 0.0 ], [ -38.561123, -3.787958, 0.0 ], [ -38.561176, -3.787972, 0.0 ], [ -38.561219, -3.787986, 0.0 ], [ -38.561247, -3.787986, 0.0 ], [ -38.561267, -3.787961, 0.0 ], [ -38.561286, -3.78794, 0.0 ], [ -38.561327, -3.787892, 0.0 ], [ -38.561368, -3.787878, 0.0 ], [ -38.561438, -3.787866, 0.0 ], [ -38.561518, -3.787843, 0.0 ], [ -38.561675, -3.787806, 0.0 ], [ -38.561797, -3.787772, 0.0 ], [ -38.561919, -3.787751, 0.0 ], [ -38.562234, -3.787689, 0.0 ], [ -38.562362, -3.787678, 0.0 ], [ -38.562608, -3.78763, 0.0 ], [ -38.562702, -3.7876, 0.0 ], [ -38.562818, -3.787542, 0.0 ], [ -38.562951, -3.787487, 0.0 ], [ -38.563059, -3.787421, 0.0 ], [ -38.563127, -3.78738, 0.0 ], [ -38.56318, -3.787352, 0.0 ], [ -38.563264, -3.787348, 0.0 ], [ -38.563342, -3.787336, 0.0 ], [ -38.563428, -3.787327, 0.0 ], [ -38.563503, -3.787299, 0.0 ], [ -38.563581, -3.787277, 0.0 ], [ -38.563645, -3.787258, 0.0 ], [ -38.563716, -3.787235, 0.0 ], [ -38.563794, -3.78721, 0.0 ], [ -38.563881, -3.78718, 0.0 ], [ -38.563935, -3.787155, 0.0 ], [ -38.564013, -3.787127, 0.0 ], [ -38.56411, -3.787098, 0.0 ], [ -38.564133, -3.787109, 0.0 ], [ -38.564158, -3.787116, 0.0 ], [ -38.564183, -3.787098, 0.0 ], [ -38.564211, -3.787072, 0.0 ], [ -38.56425, -3.787047, 0.0 ], [ -38.564289, -3.787029, 0.0 ], [ -38.564321, -3.78702, 0.0 ], [ -38.564344, -3.787038, 0.0 ], [ -38.564387, -3.787036, 0.0 ], [ -38.564424, -3.787043, 0.0 ], [ -38.564476, -3.787052, 0.0 ], [ -38.564526, -3.787052, 0.0 ], [ -38.564579, -3.787057, 0.0 ], [ -38.564629, -3.787057, 0.0 ], [ -38.564677, -3.787057, 0.0 ], [ -38.564725, -3.787052, 0.0 ], [ -38.564769, -3.787045, 0.0 ], [ -38.564816, -3.787048, 0.0 ], [ -38.564852, -3.787043, 0.0 ], [ -38.564898, -3.787029, 0.0 ], [ -38.564944, -3.787022, 0.0 ], [ -38.564998, -3.787009, 0.0 ], [ -38.565037, -3.787034, 0.0 ], [ -38.56506, -3.787059, 0.0 ], [ -38.565097, -3.787073, 0.0 ], [ -38.565131, -3.787073, 0.0 ], [ -38.56517, -3.787061, 0.0 ], [ -38.565204, -3.78705, 0.0 ], [ -38.565248, -3.787039, 0.0 ], [ -38.565282, -3.787034, 0.0 ], [ -38.565314, -3.787052, 0.0 ], [ -38.56535, -3.787075, 0.0 ], [ -38.565389, -3.787091, 0.0 ], [ -38.565456, -3.787124, 0.0 ], [ -38.565485, -3.787147, 0.0 ], [ -38.565515, -3.787188, 0.0 ], [ -38.565522, -3.787225, 0.0 ], [ -38.565522, -3.787266, 0.0 ], [ -38.565534, -3.787303, 0.0 ], [ -38.565576, -3.787333, 0.0 ], [ -38.565619, -3.787369, 0.0 ], [ -38.565651, -3.787406, 0.0 ], [ -38.565676, -3.787445, 0.0 ], [ -38.565692, -3.787484, 0.0 ], [ -38.565706, -3.787516, 0.0 ], [ -38.565738, -3.787537, 0.0 ], [ -38.565765, -3.787542, 0.0 ], [ -38.565825, -3.787542, 0.0 ], [ -38.56587, -3.787542, 0.0 ], [ -38.56593, -3.787535, 0.0 ], [ -38.565989, -3.787523, 0.0 ], [ -38.566058, -3.787512, 0.0 ], [ -38.566119, -3.787503, 0.0 ], [ -38.566167, -3.787498, 0.0 ], [ -38.566227, -3.787501, 0.0 ], [ -38.566293, -3.787491, 0.0 ], [ -38.566374, -3.787464, 0.0 ], [ -38.566418, -3.787457, 0.0 ], [ -38.566486, -3.787464, 0.0 ], [ -38.566562, -3.787471, 0.0 ], [ -38.56664, -3.787471, 0.0 ], [ -38.566713, -3.787533, 0.0 ], [ -38.566738, -3.787554, 0.0 ], [ -38.566756, -3.786721, 0.0 ], [ -38.566699, -3.786361, 0.0 ], [ -38.566228, -3.784773, 0.0 ], [ -38.565783, -3.783302, 0.0 ], [ -38.56578, -3.783291, 0.0 ], [ -38.564113, -3.783812, 0.0 ], [ -38.564016, -3.783516, 0.0 ], [ -38.563104, -3.78242, 0.0 ], [ -38.562318, -3.781452, 0.0 ], [ -38.561672, -3.780664, 0.0 ], [ -38.560979, -3.779816, 0.0 ], [ -38.56064, -3.779398, 0.0 ], [ -38.560491, -3.779542, 0.0 ], [ -38.560379, -3.779639, 0.0 ], [ -38.560261, -3.779732, 0.0 ], [ -38.560191, -3.779783, 0.0 ], [ -38.560129, -3.779826, 0.0 ], [ -38.560056, -3.779875, 0.0 ], [ -38.559981, -3.779919, 0.0 ], [ -38.559867, -3.779986, 0.0 ], [ -38.559697, -3.780078, 0.0 ], [ -38.559346, -3.780266, 0.0 ], [ -38.558897, -3.78051, 0.0 ], [ -38.558568, -3.780683, 0.0 ], [ -38.558291, -3.780833, 0.0 ], [ -38.558083, -3.780945, 0.0 ], [ -38.557908, -3.781039, 0.0 ], [ -38.557554, -3.781229, 0.0 ], [ -38.557168, -3.781438, 0.0 ], [ -38.556681, -3.781704, 0.0 ], [ -38.556145, -3.781993, 0.0 ], [ -38.555592, -3.782291, 0.0 ], [ -38.555349, -3.782423, 0.0 ], [ -38.555236, -3.782485, 0.0 ], [ -38.555195, -3.782508, 0.0 ], [ -38.555177, -3.782477, 0.0 ], [ -38.554956, -3.782624, 0.0 ], [ -38.554763, -3.78276, 0.0 ], [ -38.554502, -3.783011, 0.0 ], [ -38.553905, -3.783896, 0.0 ], [ -38.553645, -3.783256, 0.0 ], [ -38.553599, -3.783139, 0.0 ], [ -38.553338, -3.782496, 0.0 ], [ -38.553305, -3.782414, 0.0 ], [ -38.553268, -3.78232, 0.0 ], [ -38.553177, -3.782089, 0.0 ], [ -38.552869, -3.781317, 0.0 ], [ -38.552761, -3.781048, 0.0 ], [ -38.55251, -3.780421, 0.0 ], [ -38.55235, -3.780017, 0.0 ], [ -38.552023, -3.779201, 0.0 ], [ -38.551937, -3.778983, 0.0 ], [ -38.551521, -3.777948, 0.0 ], [ -38.552654, -3.777596, 0.0 ], [ -38.552286, -3.776512, 0.0 ], [ -38.552022, -3.775725, 0.0 ], [ -38.551678, -3.774689, 0.0 ], [ -38.55145, -3.774021, 0.0 ], [ -38.551029, -3.77278, 0.0 ], [ -38.550457, -3.771131, 0.0 ], [ -38.550383, -3.770918, 0.0 ], [ -38.550265, -3.771056, 0.0 ], [ -38.550277, -3.77116, 0.0 ], [ -38.550341, -3.771483, 0.0 ], [ -38.550517, -3.772011, 0.0 ], [ -38.550814, -3.7729, 0.0 ], [ -38.55087, -3.773109, 0.0 ], [ -38.550927, -3.773343, 0.0 ], [ -38.550939, -3.773499, 0.0 ], [ -38.550957, -3.773749, 0.0 ], [ -38.550904, -3.7743, 0.0 ], [ -38.550862, -3.774449, 0.0 ], [ -38.550781, -3.774736, 0.0 ], [ -38.550677, -3.774969, 0.0 ], [ -38.550566, -3.775195, 0.0 ], [ -38.550365, -3.775501, 0.0 ], [ -38.55015, -3.775763, 0.0 ], [ -38.547054, -3.778479, 0.0 ], [ -38.546504, -3.778825, 0.0 ], [ -38.545868, -3.779135, 0.0 ], [ -38.545477, -3.779266, 0.0 ], [ -38.545018, -3.77941, 0.0 ], [ -38.544421, -3.779591, 0.0 ], [ -38.539065, -3.78122, 0.0 ], [ -38.535349, -3.78235, 0.0 ], [ -38.533998, -3.782755, 0.0 ], [ -38.528939, -3.784357, 0.0 ], [ -38.528618, -3.784435, 0.0 ], [ -38.52843, -3.78447, 0.0 ], [ -38.528226, -3.784487, 0.0 ], [ -38.528072, -3.784493, 0.0 ], [ -38.527947, -3.784496, 0.0 ], [ -38.527755, -3.784487, 0.0 ], [ -38.527465, -3.784455, 0.0 ], [ -38.527251, -3.784409, 0.0 ], [ -38.526968, -3.784333, 0.0 ], [ -38.526683, -3.784231, 0.0 ], [ -38.526103, -3.783937, 0.0 ], [ -38.525377, -3.783553, 0.0 ], [ -38.525129, -3.783468, 0.0 ], [ -38.524843, -3.783397, 0.0 ], [ -38.524542, -3.783329, 0.0 ], [ -38.524355, -3.78331, 0.0 ], [ -38.524142, -3.783304, 0.0 ], [ -38.523635, -3.78335, 0.0 ], [ -38.518604, -3.784329, 0.0 ], [ -38.518189, -3.784383, 0.0 ], [ -38.51803, -3.784411, 0.0 ], [ -38.517783, -3.784444, 0.0 ], [ -38.517602, -3.78444, 0.0 ], [ -38.517458, -3.784423, 0.0 ], [ -38.517321, -3.784378, 0.0 ], [ -38.517167, -3.784304, 0.0 ], [ -38.51707, -3.784231, 0.0 ], [ -38.517, -3.78416, 0.0 ], [ -38.516909, -3.784044, 0.0 ], [ -38.516838, -3.783912, 0.0 ], [ -38.516758, -3.78372, 0.0 ], [ -38.516709, -3.783521, 0.0 ], [ -38.516644, -3.783258, 0.0 ], [ -38.516593, -3.783104, 0.0 ], [ -38.51641, -3.78262, 0.0 ], [ -38.516148, -3.781833, 0.0 ], [ -38.515942, -3.78129, 0.0 ], [ -38.515819, -3.780942, 0.0 ], [ -38.515808, -3.780909, 0.0 ], [ -38.515793, -3.780868, 0.0 ], [ -38.515783, -3.780838, 0.0 ], [ -38.515769, -3.780802, 0.0 ], [ -38.515682, -3.780583, 0.0 ], [ -38.515519, -3.78018, 0.0 ], [ -38.515509, -3.780157, 0.0 ], [ -38.515496, -3.780129, 0.0 ], [ -38.515482, -3.780102, 0.0 ], [ -38.515456, -3.780054, 0.0 ], [ -38.515426, -3.780002, 0.0 ], [ -38.515399, -3.779961, 0.0 ], [ -38.515375, -3.779925, 0.0 ], [ -38.515349, -3.77989, 0.0 ], [ -38.515324, -3.779855, 0.0 ], [ -38.515295, -3.779819, 0.0 ], [ -38.515252, -3.779769, 0.0 ], [ -38.515228, -3.779743, 0.0 ], [ -38.515186, -3.779699, 0.0 ], [ -38.515142, -3.779656, 0.0 ], [ -38.515104, -3.77962, 0.0 ], [ -38.515061, -3.779582, 0.0 ], [ -38.515016, -3.779545, 0.0 ], [ -38.514971, -3.779511, 0.0 ], [ -38.514918, -3.779473, 0.0 ], [ -38.514878, -3.779447, 0.0 ], [ -38.514831, -3.779418, 0.0 ], [ -38.514783, -3.77939, 0.0 ], [ -38.514727, -3.77936, 0.0 ], [ -38.514668, -3.779333, 0.0 ], [ -38.514612, -3.779308, 0.0 ], [ -38.514497, -3.77927, 0.0 ], [ -38.514403, -3.779583, 0.0 ], [ -38.514194, -3.780272, 0.0 ], [ -38.514138, -3.780393, 0.0 ], [ -38.513443, -3.781889, 0.0 ], [ -38.512893, -3.783073, 0.0 ], [ -38.51262, -3.783651, 0.0 ], [ -38.512732, -3.783713, 0.0 ], [ -38.512951, -3.783855, 0.0 ], [ -38.512988, -3.783871, 0.0 ], [ -38.513012, -3.783876, 0.0 ], [ -38.51304, -3.783877, 0.0 ], [ -38.513072, -3.783875, 0.0 ], [ -38.513098, -3.78387, 0.0 ], [ -38.513121, -3.78386, 0.0 ], [ -38.513141, -3.783847, 0.0 ], [ -38.513175, -3.783809, 0.0 ], [ -38.513197, -3.783787, 0.0 ], [ -38.513229, -3.78376, 0.0 ], [ -38.513262, -3.783737, 0.0 ], [ -38.513285, -3.783725, 0.0 ], [ -38.51331, -3.783719, 0.0 ], [ -38.513338, -3.783718, 0.0 ], [ -38.513377, -3.783724, 0.0 ], [ -38.513408, -3.783739, 0.0 ], [ -38.51343, -3.783758, 0.0 ], [ -38.51345, -3.783787, 0.0 ], [ -38.513466, -3.783818, 0.0 ], [ -38.513485, -3.783864, 0.0 ], [ -38.513494, -3.783902, 0.0 ], [ -38.513498, -3.783948, 0.0 ], [ -38.513494, -3.783997, 0.0 ], [ -38.513488, -3.784029, 0.0 ], [ -38.513478, -3.784066, 0.0 ], [ -38.513471, -3.784102, 0.0 ], [ -38.513464, -3.784135, 0.0 ], [ -38.51346, -3.784177, 0.0 ], [ -38.513457, -3.784237, 0.0 ], [ -38.513461, -3.784326, 0.0 ], [ -38.513464, -3.784415, 0.0 ], [ -38.513474, -3.784488, 0.0 ], [ -38.513479, -3.78455, 0.0 ], [ -38.513481, -3.784619, 0.0 ], [ -38.513477, -3.784705, 0.0 ], [ -38.513462, -3.784804, 0.0 ], [ -38.513447, -3.784887, 0.0 ], [ -38.513384, -3.785199, 0.0 ], [ -38.513364, -3.785288, 0.0 ], [ -38.513341, -3.785373, 0.0 ], [ -38.513319, -3.785423, 0.0 ], [ -38.51329, -3.785464, 0.0 ], [ -38.513253, -3.785501, 0.0 ], [ -38.513214, -3.78553, 0.0 ], [ -38.51316, -3.785572, 0.0 ], [ -38.513101, -3.785621, 0.0 ], [ -38.513048, -3.785676, 0.0 ], [ -38.512999, -3.785734, 0.0 ], [ -38.512967, -3.785792, 0.0 ], [ -38.512954, -3.785851, 0.0 ], [ -38.512954, -3.785913, 0.0 ], [ -38.512959, -3.785981, 0.0 ], [ -38.512968, -3.786049, 0.0 ], [ -38.512984, -3.786117, 0.0 ], [ -38.513005, -3.786183, 0.0 ], [ -38.513032, -3.786235, 0.0 ], [ -38.513063, -3.786284, 0.0 ], [ -38.513102, -3.786343, 0.0 ], [ -38.513142, -3.786488, 0.0 ], [ -38.513148, -3.786553, 0.0 ], [ -38.513153, -3.78663, 0.0 ], [ -38.513156, -3.786715, 0.0 ], [ -38.51315, -3.7869, 0.0 ], [ -38.513141, -3.78703, 0.0 ], [ -38.513123, -3.787246, 0.0 ], [ -38.513103, -3.787507, 0.0 ], [ -38.513093, -3.787591, 0.0 ], [ -38.513082, -3.787643, 0.0 ], [ -38.513078, -3.787684, 0.0 ], [ -38.513078, -3.787728, 0.0 ], [ -38.513094, -3.787785, 0.0 ], [ -38.513114, -3.787846, 0.0 ], [ -38.513146, -3.787922, 0.0 ], [ -38.513229, -3.78805, 0.0 ], [ -38.513311, -3.788162, 0.0 ], [ -38.513485, -3.788376, 0.0 ], [ -38.513617, -3.788546, 0.0 ], [ -38.513666, -3.788584, 0.0 ], [ -38.513718, -3.788605, 0.0 ], [ -38.513786, -3.788622, 0.0 ], [ -38.513845, -3.788622, 0.0 ], [ -38.513908, -3.788618, 0.0 ], [ -38.513961, -3.788601, 0.0 ], [ -38.514007, -3.788578, 0.0 ], [ -38.51407, -3.788537, 0.0 ], [ -38.514146, -3.788492, 0.0 ], [ -38.514206, -3.788471, 0.0 ], [ -38.514289, -3.788457, 0.0 ], [ -38.514368, -3.788456, 0.0 ], [ -38.514432, -3.788459, 0.0 ], [ -38.514538, -3.788494, 0.0 ], [ -38.514605, -3.788529, 0.0 ], [ -38.514663, -3.788573, 0.0 ], [ -38.51495, -3.788799, 0.0 ], [ -38.515001, -3.788862, 0.0 ], [ -38.515046, -3.788934, 0.0 ], [ -38.515089, -3.789035, 0.0 ], [ -38.515138, -3.789181, 0.0 ], [ -38.515158, -3.789321, 0.0 ], [ -38.515184, -3.789484, 0.0 ], [ -38.515231, -3.789694, 0.0 ], [ -38.515269, -3.789842, 0.0 ], [ -38.515333, -3.789981, 0.0 ], [ -38.515356, -3.790091, 0.0 ], [ -38.515364, -3.790177, 0.0 ], [ -38.51536, -3.790266, 0.0 ], [ -38.515353, -3.790363, 0.0 ], [ -38.515342, -3.790461, 0.0 ], [ -38.515309, -3.790621, 0.0 ], [ -38.515308, -3.79068, 0.0 ], [ -38.515313, -3.790737, 0.0 ], [ -38.515328, -3.790794, 0.0 ], [ -38.515369, -3.790969, 0.0 ], [ -38.515387, -3.791044, 0.0 ], [ -38.515416, -3.791199, 0.0 ], [ -38.515423, -3.791298, 0.0 ], [ -38.515423, -3.791433, 0.0 ], [ -38.515433, -3.791511, 0.0 ], [ -38.515427, -3.791585, 0.0 ], [ -38.515404, -3.791675, 0.0 ], [ -38.515384, -3.791752, 0.0 ], [ -38.515348, -3.791852, 0.0 ], [ -38.515278, -3.792041, 0.0 ], [ -38.515208, -3.792206, 0.0 ], [ -38.515164, -3.792295, 0.0 ], [ -38.515124, -3.792337, 0.0 ], [ -38.515077, -3.792371, 0.0 ], [ -38.515036, -3.792384, 0.0 ], [ -38.514982, -3.79239, 0.0 ], [ -38.514936, -3.792392, 0.0 ], [ -38.514896, -3.792387, 0.0 ], [ -38.514836, -3.792366, 0.0 ], [ -38.514777, -3.792339, 0.0 ], [ -38.514733, -3.792309, 0.0 ], [ -38.51468, -3.792261, 0.0 ], [ -38.514612, -3.792193, 0.0 ], [ -38.514531, -3.792124, 0.0 ], [ -38.514439, -3.792073, 0.0 ], [ -38.514376, -3.79204, 0.0 ], [ -38.514352, -3.792031, 0.0 ], [ -38.514298, -3.792011, 0.0 ], [ -38.514237, -3.792001, 0.0 ], [ -38.514156, -3.791995, 0.0 ], [ -38.51411, -3.791997, 0.0 ], [ -38.514039, -3.792017, 0.0 ], [ -38.513995, -3.79204, 0.0 ], [ -38.513941, -3.792091, 0.0 ], [ -38.513892, -3.792149, 0.0 ], [ -38.513853, -3.792221, 0.0 ], [ -38.513818, -3.792337, 0.0 ], [ -38.513803, -3.792438, 0.0 ], [ -38.513786, -3.792558, 0.0 ], [ -38.513795, -3.792638, 0.0 ], [ -38.513818, -3.792717, 0.0 ], [ -38.513867, -3.792775, 0.0 ], [ -38.513928, -3.792825, 0.0 ], [ -38.513997, -3.792853, 0.0 ], [ -38.514063, -3.792861, 0.0 ], [ -38.514142, -3.792859, 0.0 ], [ -38.514217, -3.792837, 0.0 ], [ -38.514278, -3.792815, 0.0 ], [ -38.514353, -3.792805, 0.0 ], [ -38.514411, -3.792805, 0.0 ], [ -38.51445, -3.792812, 0.0 ], [ -38.514477, -3.792829, 0.0 ], [ -38.514503, -3.792862, 0.0 ], [ -38.514513, -3.792924, 0.0 ], [ -38.514537, -3.793031, 0.0 ], [ -38.514553, -3.793101, 0.0 ], [ -38.514574, -3.79317, 0.0 ], [ -38.514647, -3.793317, 0.0 ], [ -38.514697, -3.793429, 0.0 ], [ -38.514718, -3.793528, 0.0 ], [ -38.514742, -3.793675, 0.0 ], [ -38.51476, -3.793833, 0.0 ], [ -38.514739, -3.794043, 0.0 ], [ -38.51471, -3.794159, 0.0 ], [ -38.514661, -3.794313, 0.0 ], [ -38.514606, -3.794518, 0.0 ], [ -38.514573, -3.794686, 0.0 ], [ -38.514518, -3.794843, 0.0 ], [ -38.514479, -3.794911, 0.0 ], [ -38.514425, -3.794973, 0.0 ], [ -38.514367, -3.795046, 0.0 ], [ -38.514304, -3.795135, 0.0 ], [ -38.514269, -3.795211, 0.0 ], [ -38.514226, -3.795304, 0.0 ], [ -38.514216, -3.795351, 0.0 ], [ -38.514206, -3.795402, 0.0 ], [ -38.514192, -3.795442, 0.0 ], [ -38.514174, -3.795484, 0.0 ], [ -38.514154, -3.79551, 0.0 ], [ -38.514127, -3.795537, 0.0 ], [ -38.514098, -3.795552, 0.0 ], [ -38.514061, -3.795568, 0.0 ], [ -38.514008, -3.795577, 0.0 ], [ -38.513943, -3.795587, 0.0 ], [ -38.513835, -3.795586, 0.0 ], [ -38.513742, -3.795588, 0.0 ], [ -38.513678, -3.795593, 0.0 ], [ -38.513629, -3.795606, 0.0 ], [ -38.513587, -3.795621, 0.0 ], [ -38.513546, -3.795647, 0.0 ], [ -38.513476, -3.795694, 0.0 ], [ -38.513364, -3.795804, 0.0 ], [ -38.513263, -3.795904, 0.0 ], [ -38.51319, -3.795979, 0.0 ], [ -38.513151, -3.796046, 0.0 ], [ -38.513095, -3.796186, 0.0 ], [ -38.513067, -3.796321, 0.0 ], [ -38.51305, -3.796473, 0.0 ], [ -38.513055, -3.796659, 0.0 ], [ -38.513056, -3.796831, 0.0 ], [ -38.513055, -3.796911, 0.0 ], [ -38.513053, -3.796966, 0.0 ], [ -38.513049, -3.797028, 0.0 ], [ -38.513049, -3.797061, 0.0 ], [ -38.513051, -3.797096, 0.0 ], [ -38.513059, -3.797128, 0.0 ], [ -38.513076, -3.797176, 0.0 ], [ -38.513099, -3.797214, 0.0 ], [ -38.513125, -3.79724, 0.0 ], [ -38.513156, -3.79726, 0.0 ], [ -38.513191, -3.797274, 0.0 ], [ -38.51323, -3.797284, 0.0 ], [ -38.513292, -3.797291, 0.0 ], [ -38.513341, -3.797291, 0.0 ], [ -38.513485, -3.797287, 0.0 ], [ -38.51355, -3.797281, 0.0 ], [ -38.513638, -3.797266, 0.0 ], [ -38.513698, -3.797266, 0.0 ], [ -38.513736, -3.797268, 0.0 ], [ -38.51377, -3.797282, 0.0 ], [ -38.513813, -3.797309, 0.0 ], [ -38.51384, -3.797342, 0.0 ], [ -38.513863, -3.797378, 0.0 ], [ -38.513889, -3.797427, 0.0 ], [ -38.513958, -3.797576, 0.0 ], [ -38.514015, -3.797666, 0.0 ], [ -38.514063, -3.797725, 0.0 ], [ -38.514119, -3.797771, 0.0 ], [ -38.514213, -3.797843, 0.0 ], [ -38.514275, -3.797893, 0.0 ], [ -38.514326, -3.79795, 0.0 ], [ -38.514366, -3.798005, 0.0 ], [ -38.51439, -3.798058, 0.0 ], [ -38.514425, -3.798138, 0.0 ], [ -38.514459, -3.798256, 0.0 ], [ -38.514471, -3.798316, 0.0 ], [ -38.514484, -3.798396, 0.0 ], [ -38.514492, -3.798484, 0.0 ], [ -38.514492, -3.798544, 0.0 ], [ -38.514486, -3.798574, 0.0 ], [ -38.51447, -3.798609, 0.0 ], [ -38.514448, -3.798635, 0.0 ], [ -38.514401, -3.798675, 0.0 ], [ -38.514334, -3.798738, 0.0 ], [ -38.514303, -3.798771, 0.0 ], [ -38.514276, -3.798812, 0.0 ], [ -38.514249, -3.798862, 0.0 ], [ -38.514238, -3.798909, 0.0 ], [ -38.51424, -3.798947, 0.0 ], [ -38.514244, -3.799014, 0.0 ], [ -38.51427, -3.799087, 0.0 ], [ -38.51431, -3.799149, 0.0 ], [ -38.514351, -3.799214, 0.0 ], [ -38.514419, -3.799285, 0.0 ], [ -38.514476, -3.799336, 0.0 ], [ -38.51456, -3.799379, 0.0 ], [ -38.514662, -3.799427, 0.0 ], [ -38.514741, -3.799477, 0.0 ], [ -38.514859, -3.799556, 0.0 ], [ -38.514904, -3.799591, 0.0 ], [ -38.514966, -3.799658, 0.0 ], [ -38.515008, -3.799723, 0.0 ], [ -38.515057, -3.799781, 0.0 ], [ -38.515156, -3.799925, 0.0 ], [ -38.515271, -3.80011, 0.0 ], [ -38.515327, -3.800241, 0.0 ], [ -38.515394, -3.800325, 0.0 ], [ -38.515418, -3.800371, 0.0 ], [ -38.515434, -3.800422, 0.0 ], [ -38.515449, -3.800538, 0.0 ], [ -38.515458, -3.800661, 0.0 ], [ -38.515455, -3.800724, 0.0 ], [ -38.515446, -3.800816, 0.0 ], [ -38.515435, -3.800855, 0.0 ], [ -38.515407, -3.800908, 0.0 ], [ -38.515375, -3.800953, 0.0 ], [ -38.515331, -3.80099, 0.0 ], [ -38.515281, -3.801018, 0.0 ], [ -38.515222, -3.801033, 0.0 ], [ -38.51516, -3.801042, 0.0 ], [ -38.515102, -3.801056, 0.0 ], [ -38.515068, -3.801074, 0.0 ], [ -38.515041, -3.801097, 0.0 ], [ -38.515023, -3.801128, 0.0 ], [ -38.515016, -3.801154, 0.0 ], [ -38.515016, -3.801189, 0.0 ], [ -38.515022, -3.801264, 0.0 ], [ -38.515042, -3.801327, 0.0 ], [ -38.515077, -3.8014, 0.0 ], [ -38.515099, -3.801462, 0.0 ], [ -38.515143, -3.80161, 0.0 ], [ -38.515162, -3.801688, 0.0 ], [ -38.515178, -3.801752, 0.0 ], [ -38.515185, -3.801805, 0.0 ], [ -38.515185, -3.80184, 0.0 ], [ -38.515177, -3.801869, 0.0 ], [ -38.515164, -3.801901, 0.0 ], [ -38.51514, -3.801931, 0.0 ], [ -38.51508, -3.802011, 0.0 ], [ -38.515018, -3.802082, 0.0 ], [ -38.514982, -3.80216, 0.0 ], [ -38.51497, -3.802225, 0.0 ], [ -38.514967, -3.802291, 0.0 ], [ -38.514969, -3.802367, 0.0 ], [ -38.514995, -3.802463, 0.0 ], [ -38.515026, -3.802528, 0.0 ], [ -38.515069, -3.802614, 0.0 ], [ -38.515124, -3.802711, 0.0 ], [ -38.515147, -3.80278, 0.0 ], [ -38.515157, -3.802838, 0.0 ], [ -38.515165, -3.802959, 0.0 ], [ -38.515178, -3.803096, 0.0 ], [ -38.515187, -3.80322, 0.0 ], [ -38.515187, -3.803329, 0.0 ], [ -38.515183, -3.803428, 0.0 ], [ -38.515176, -3.803492, 0.0 ], [ -38.515168, -3.803536, 0.0 ], [ -38.515156, -3.803569, 0.0 ], [ -38.515125, -3.803601, 0.0 ], [ -38.51507, -3.803635, 0.0 ], [ -38.51497, -3.803699, 0.0 ], [ -38.514893, -3.803761, 0.0 ], [ -38.514839, -3.803835, 0.0 ], [ -38.514771, -3.803934, 0.0 ], [ -38.514722, -3.80404, 0.0 ], [ -38.514695, -3.804118, 0.0 ], [ -38.51468, -3.804228, 0.0 ], [ -38.514685, -3.804306, 0.0 ], [ -38.514705, -3.804392, 0.0 ], [ -38.514724, -3.804434, 0.0 ], [ -38.514751, -3.804464, 0.0 ], [ -38.514802, -3.804506, 0.0 ], [ -38.514877, -3.804562, 0.0 ], [ -38.514952, -3.80459, 0.0 ], [ -38.515053, -3.804607, 0.0 ], [ -38.515158, -3.804629, 0.0 ], [ -38.51524, -3.804656, 0.0 ], [ -38.515312, -3.804696, 0.0 ], [ -38.515366, -3.80474, 0.0 ], [ -38.515401, -3.804802, 0.0 ], [ -38.515412, -3.804841, 0.0 ], [ -38.515419, -3.804898, 0.0 ], [ -38.515409, -3.804998, 0.0 ], [ -38.515395, -3.805076, 0.0 ], [ -38.515373, -3.805148, 0.0 ], [ -38.515346, -3.805229, 0.0 ], [ -38.515332, -3.805301, 0.0 ], [ -38.515326, -3.805404, 0.0 ], [ -38.515329, -3.805452, 0.0 ], [ -38.515334, -3.805504, 0.0 ], [ -38.515339, -3.805599, 0.0 ], [ -38.515337, -3.805683, 0.0 ], [ -38.515322, -3.805764, 0.0 ], [ -38.51531, -3.805809, 0.0 ], [ -38.515296, -3.805837, 0.0 ], [ -38.515263, -3.805873, 0.0 ], [ -38.515163, -3.805937, 0.0 ], [ -38.515051, -3.806017, 0.0 ], [ -38.514885, -3.806116, 0.0 ], [ -38.514807, -3.806162, 0.0 ], [ -38.514773, -3.806195, 0.0 ], [ -38.514751, -3.806234, 0.0 ], [ -38.514716, -3.806308, 0.0 ], [ -38.514687, -3.80639, 0.0 ], [ -38.514671, -3.806476, 0.0 ], [ -38.514676, -3.80652, 0.0 ], [ -38.514686, -3.806566, 0.0 ], [ -38.514704, -3.806606, 0.0 ], [ -38.514734, -3.806653, 0.0 ], [ -38.514825, -3.80677, 0.0 ], [ -38.515065, -3.807015, 0.0 ], [ -38.515167, -3.807084, 0.0 ], [ -38.51519, -3.807127, 0.0 ], [ -38.515206, -3.80717, 0.0 ], [ -38.51521, -3.807226, 0.0 ], [ -38.515201, -3.807284, 0.0 ], [ -38.515183, -3.807334, 0.0 ], [ -38.515163, -3.807378, 0.0 ], [ -38.515128, -3.807433, 0.0 ], [ -38.515013, -3.807556, 0.0 ], [ -38.514952, -3.807614, 0.0 ], [ -38.514923, -3.807658, 0.0 ], [ -38.514904, -3.807713, 0.0 ], [ -38.514898, -3.807783, 0.0 ], [ -38.514902, -3.807823, 0.0 ], [ -38.514925, -3.808032, 0.0 ], [ -38.514929, -3.808117, 0.0 ], [ -38.514945, -3.808355, 0.0 ], [ -38.51497, -3.808529, 0.0 ], [ -38.514981, -3.808578, 0.0 ], [ -38.514994, -3.808622, 0.0 ], [ -38.515017, -3.808678, 0.0 ], [ -38.51506, -3.808804, 0.0 ], [ -38.515105, -3.808916, 0.0 ], [ -38.515165, -3.809087, 0.0 ], [ -38.515186, -3.809183, 0.0 ], [ -38.5152, -3.809257, 0.0 ], [ -38.515206, -3.809331, 0.0 ], [ -38.515205, -3.80937, 0.0 ], [ -38.515199, -3.809424, 0.0 ], [ -38.515186, -3.809459, 0.0 ], [ -38.515155, -3.809509, 0.0 ], [ -38.515104, -3.809564, 0.0 ], [ -38.515039, -3.809604, 0.0 ], [ -38.514951, -3.809658, 0.0 ], [ -38.514888, -3.809701, 0.0 ], [ -38.514839, -3.80974, 0.0 ], [ -38.514806, -3.809776, 0.0 ], [ -38.514783, -3.809814, 0.0 ], [ -38.514758, -3.809876, 0.0 ], [ -38.514744, -3.80993, 0.0 ], [ -38.514741, -3.810004, 0.0 ], [ -38.514745, -3.810065, 0.0 ], [ -38.514769, -3.810151, 0.0 ], [ -38.514794, -3.8102, 0.0 ], [ -38.51484, -3.810321, 0.0 ], [ -38.514891, -3.810487, 0.0 ], [ -38.514921, -3.810601, 0.0 ], [ -38.514954, -3.810698, 0.0 ], [ -38.514989, -3.810773, 0.0 ], [ -38.515064, -3.810949, 0.0 ], [ -38.515088, -3.811015, 0.0 ], [ -38.515097, -3.811044, 0.0 ], [ -38.515107, -3.811094, 0.0 ], [ -38.515116, -3.811139, 0.0 ], [ -38.515154, -3.811304, 0.0 ], [ -38.515152, -3.811317, 0.0 ], [ -38.515148, -3.811332, 0.0 ], [ -38.515143, -3.81136, 0.0 ], [ -38.515138, -3.811422, 0.0 ], [ -38.515138, -3.81148, 0.0 ], [ -38.515141, -3.811534, 0.0 ], [ -38.515149, -3.811575, 0.0 ], [ -38.515178, -3.811665, 0.0 ], [ -38.515213, -3.811771, 0.0 ], [ -38.515228, -3.811805, 0.0 ], [ -38.515248, -3.811847, 0.0 ], [ -38.515279, -3.8119, 0.0 ], [ -38.515305, -3.811953, 0.0 ], [ -38.515357, -3.812075, 0.0 ], [ -38.515397, -3.812171, 0.0 ], [ -38.515415, -3.812231, 0.0 ], [ -38.515428, -3.812294, 0.0 ], [ -38.515433, -3.812351, 0.0 ], [ -38.515439, -3.81244, 0.0 ], [ -38.515449, -3.8125, 0.0 ], [ -38.515458, -3.812537, 0.0 ], [ -38.515471, -3.812571, 0.0 ], [ -38.515512, -3.812633, 0.0 ], [ -38.515553, -3.81268, 0.0 ], [ -38.515614, -3.812746, 0.0 ], [ -38.515663, -3.812803, 0.0 ], [ -38.51571, -3.812849, 0.0 ], [ -38.51574, -3.812875, 0.0 ], [ -38.51576, -3.81289, 0.0 ], [ -38.515782, -3.812902, 0.0 ], [ -38.515804, -3.81291, 0.0 ], [ -38.515916, -3.812931, 0.0 ], [ -38.516091, -3.812965, 0.0 ], [ -38.516171, -3.81298, 0.0 ], [ -38.516258, -3.812998, 0.0 ], [ -38.516316, -3.813015, 0.0 ], [ -38.516375, -3.81304, 0.0 ], [ -38.516426, -3.813075, 0.0 ], [ -38.516454, -3.813107, 0.0 ], [ -38.516478, -3.813154, 0.0 ], [ -38.51651, -3.813244, 0.0 ], [ -38.516552, -3.813346, 0.0 ], [ -38.516595, -3.81344, 0.0 ], [ -38.516613, -3.813479, 0.0 ], [ -38.516633, -3.813514, 0.0 ], [ -38.51666, -3.813545, 0.0 ], [ -38.516684, -3.813565, 0.0 ], [ -38.516703, -3.813587, 0.0 ], [ -38.51672, -3.813615, 0.0 ], [ -38.516728, -3.813641, 0.0 ], [ -38.516732, -3.813671, 0.0 ], [ -38.516732, -3.813703, 0.0 ], [ -38.516715, -3.813783, 0.0 ], [ -38.51671, -3.813811, 0.0 ], [ -38.516712, -3.813836, 0.0 ], [ -38.516721, -3.813854, 0.0 ], [ -38.516778, -3.813957, 0.0 ], [ -38.51684, -3.81406, 0.0 ], [ -38.516872, -3.814106, 0.0 ], [ -38.516914, -3.814147, 0.0 ], [ -38.516996, -3.814181, 0.0 ], [ -38.517084, -3.814195, 0.0 ], [ -38.517196, -3.814196, 0.0 ], [ -38.517279, -3.814202, 0.0 ], [ -38.517343, -3.814207, 0.0 ], [ -38.517406, -3.814216, 0.0 ], [ -38.517497, -3.814253, 0.0 ], [ -38.517546, -3.814277, 0.0 ], [ -38.517613, -3.81431, 0.0 ], [ -38.517716, -3.814351, 0.0 ], [ -38.517796, -3.81438, 0.0 ], [ -38.517881, -3.81441, 0.0 ], [ -38.517951, -3.814445, 0.0 ], [ -38.517979, -3.814464, 0.0 ], [ -38.518018, -3.814494, 0.0 ], [ -38.518049, -3.814516, 0.0 ], [ -38.518073, -3.814533, 0.0 ], [ -38.518091, -3.81455, 0.0 ], [ -38.518105, -3.814579, 0.0 ], [ -38.518117, -3.814631, 0.0 ], [ -38.518133, -3.814715, 0.0 ], [ -38.518146, -3.814784, 0.0 ], [ -38.518154, -3.814811, 0.0 ], [ -38.518173, -3.814842, 0.0 ], [ -38.518213, -3.814884, 0.0 ], [ -38.518256, -3.814946, 0.0 ], [ -38.518285, -3.814991, 0.0 ], [ -38.518315, -3.815034, 0.0 ], [ -38.518354, -3.81508, 0.0 ], [ -38.518375, -3.815109, 0.0 ], [ -38.518395, -3.815141, 0.0 ], [ -38.518419, -3.815185, 0.0 ], [ -38.518468, -3.815247, 0.0 ], [ -38.518513, -3.815295, 0.0 ], [ -38.518542, -3.815319, 0.0 ], [ -38.518574, -3.815339, 0.0 ], [ -38.518604, -3.815359, 0.0 ], [ -38.518644, -3.815378, 0.0 ], [ -38.518693, -3.815402, 0.0 ], [ -38.518736, -3.815425, 0.0 ], [ -38.518777, -3.81546, 0.0 ], [ -38.518818, -3.815508, 0.0 ], [ -38.518866, -3.815587, 0.0 ], [ -38.518877, -3.815604, 0.0 ], [ -38.518884, -3.815619, 0.0 ], [ -38.518888, -3.815642, 0.0 ], [ -38.518901, -3.815711, 0.0 ], [ -38.518914, -3.815761, 0.0 ], [ -38.518933, -3.815816, 0.0 ], [ -38.518975, -3.815911, 0.0 ], [ -38.519008, -3.816013, 0.0 ], [ -38.519025, -3.816071, 0.0 ], [ -38.519043, -3.816111, 0.0 ], [ -38.519057, -3.816133, 0.0 ], [ -38.519084, -3.816161, 0.0 ], [ -38.5191, -3.81618, 0.0 ], [ -38.51911, -3.8162, 0.0 ], [ -38.519125, -3.816244, 0.0 ], [ -38.519145, -3.816312, 0.0 ], [ -38.519154, -3.816347, 0.0 ], [ -38.519163, -3.816373, 0.0 ], [ -38.519176, -3.816396, 0.0 ], [ -38.519203, -3.816428, 0.0 ], [ -38.519241, -3.816471, 0.0 ], [ -38.519275, -3.816509, 0.0 ], [ -38.5193, -3.816553, 0.0 ], [ -38.519332, -3.816642, 0.0 ], [ -38.519387, -3.816785, 0.0 ], [ -38.519413, -3.816859, 0.0 ], [ -38.519427, -3.816902, 0.0 ], [ -38.519441, -3.816953, 0.0 ], [ -38.519448, -3.816994, 0.0 ], [ -38.519452, -3.817032, 0.0 ], [ -38.519454, -3.817075, 0.0 ], [ -38.519451, -3.817108, 0.0 ], [ -38.519442, -3.817146, 0.0 ], [ -38.519437, -3.817174, 0.0 ], [ -38.519428, -3.817197, 0.0 ], [ -38.519417, -3.817213, 0.0 ], [ -38.51941, -3.817239, 0.0 ], [ -38.519409, -3.817282, 0.0 ], [ -38.519424, -3.817329, 0.0 ], [ -38.519484, -3.817509, 0.0 ], [ -38.519521, -3.817627, 0.0 ], [ -38.519558, -3.817706, 0.0 ], [ -38.519581, -3.817754, 0.0 ], [ -38.519598, -3.817789, 0.0 ], [ -38.519603, -3.817834, 0.0 ], [ -38.519616, -3.817953, 0.0 ], [ -38.519623, -3.818028, 0.0 ], [ -38.519622, -3.818077, 0.0 ], [ -38.519614, -3.818114, 0.0 ], [ -38.5196, -3.818142, 0.0 ], [ -38.519546, -3.818238, 0.0 ], [ -38.519507, -3.818303, 0.0 ], [ -38.519476, -3.818344, 0.0 ], [ -38.519444, -3.818376, 0.0 ], [ -38.519381, -3.818405, 0.0 ], [ -38.519331, -3.818429, 0.0 ], [ -38.519296, -3.818456, 0.0 ], [ -38.519268, -3.818486, 0.0 ], [ -38.51925, -3.818519, 0.0 ], [ -38.519236, -3.818592, 0.0 ], [ -38.519233, -3.818657, 0.0 ], [ -38.519245, -3.81872, 0.0 ], [ -38.519259, -3.818755, 0.0 ], [ -38.519271, -3.818789, 0.0 ], [ -38.519289, -3.818864, 0.0 ], [ -38.519303, -3.818924, 0.0 ], [ -38.519319, -3.818972, 0.0 ], [ -38.519335, -3.819017, 0.0 ], [ -38.519375, -3.819085, 0.0 ], [ -38.519406, -3.819137, 0.0 ], [ -38.519427, -3.819184, 0.0 ], [ -38.519432, -3.819249, 0.0 ], [ -38.51942, -3.819333, 0.0 ], [ -38.519403, -3.819413, 0.0 ], [ -38.519379, -3.819472, 0.0 ], [ -38.519345, -3.81952, 0.0 ], [ -38.519312, -3.819554, 0.0 ], [ -38.519268, -3.819573, 0.0 ], [ -38.519215, -3.819583, 0.0 ], [ -38.519171, -3.819586, 0.0 ], [ -38.519146, -3.819589, 0.0 ], [ -38.519127, -3.819598, 0.0 ], [ -38.519115, -3.819615, 0.0 ], [ -38.519101, -3.819655, 0.0 ], [ -38.51909, -3.819696, 0.0 ], [ -38.51909, -3.81973, 0.0 ], [ -38.519115, -3.819801, 0.0 ], [ -38.519139, -3.819864, 0.0 ], [ -38.51915, -3.819924, 0.0 ], [ -38.519153, -3.819989, 0.0 ], [ -38.519139, -3.820059, 0.0 ], [ -38.519109, -3.820138, 0.0 ], [ -38.519055, -3.820229, 0.0 ], [ -38.519031, -3.820327, 0.0 ], [ -38.519024, -3.820364, 0.0 ], [ -38.51902, -3.820379, 0.0 ], [ -38.519022, -3.82041, 0.0 ], [ -38.519025, -3.820445, 0.0 ], [ -38.519021, -3.820581, 0.0 ], [ -38.519023, -3.82062, 0.0 ], [ -38.519083, -3.820803, 0.0 ], [ -38.519165, -3.821003, 0.0 ], [ -38.519201, -3.821073, 0.0 ], [ -38.519287, -3.821233, 0.0 ], [ -38.519302, -3.821266, 0.0 ], [ -38.519317, -3.821291, 0.0 ], [ -38.519337, -3.82131, 0.0 ], [ -38.519371, -3.821337, 0.0 ], [ -38.519386, -3.821353, 0.0 ], [ -38.519395, -3.821376, 0.0 ], [ -38.519402, -3.8214, 0.0 ], [ -38.519411, -3.82142, 0.0 ], [ -38.519436, -3.821449, 0.0 ], [ -38.519458, -3.821465, 0.0 ], [ -38.519482, -3.821476, 0.0 ], [ -38.519655, -3.821514, 0.0 ], [ -38.519697, -3.821527, 0.0 ], [ -38.51992, -3.821628, 0.0 ], [ -38.519954, -3.821647, 0.0 ], [ -38.519987, -3.821673, 0.0 ], [ -38.520009, -3.821692, 0.0 ], [ -38.520028, -3.821711, 0.0 ], [ -38.520049, -3.821726, 0.0 ], [ -38.52007, -3.821737, 0.0 ], [ -38.520094, -3.821745, 0.0 ], [ -38.520141, -3.821755, 0.0 ], [ -38.520189, -3.821761, 0.0 ], [ -38.520231, -3.821768, 0.0 ], [ -38.520266, -3.821778, 0.0 ], [ -38.520301, -3.821795, 0.0 ], [ -38.520334, -3.821814, 0.0 ], [ -38.520362, -3.821835, 0.0 ], [ -38.520414, -3.821884, 0.0 ], [ -38.520467, -3.821931, 0.0 ], [ -38.520494, -3.821961, 0.0 ], [ -38.520516, -3.821987, 0.0 ], [ -38.520546, -3.822039, 0.0 ], [ -38.520587, -3.822118, 0.0 ], [ -38.520603, -3.822157, 0.0 ], [ -38.520621, -3.82221, 0.0 ], [ -38.520633, -3.822248, 0.0 ], [ -38.520649, -3.822279, 0.0 ], [ -38.520668, -3.822303, 0.0 ], [ -38.520697, -3.82235, 0.0 ], [ -38.520722, -3.822399, 0.0 ], [ -38.520768, -3.822509, 0.0 ], [ -38.520855, -3.822879, 0.0 ], [ -38.520892, -3.82301, 0.0 ], [ -38.5209, -3.82307, 0.0 ], [ -38.520911, -3.823154, 0.0 ], [ -38.520974, -3.823491, 0.0 ], [ -38.520978, -3.82351, 0.0 ], [ -38.520979, -3.82354, 0.0 ], [ -38.520973, -3.823572, 0.0 ], [ -38.520965, -3.823596, 0.0 ], [ -38.520962, -3.823622, 0.0 ], [ -38.520964, -3.823649, 0.0 ], [ -38.520974, -3.823706, 0.0 ], [ -38.52101, -3.823821, 0.0 ], [ -38.521046, -3.823927, 0.0 ], [ -38.521075, -3.824013, 0.0 ], [ -38.521124, -3.824102, 0.0 ], [ -38.521205, -3.824206, 0.0 ], [ -38.52138, -3.824512, 0.0 ], [ -38.521384, -3.824521, 0.0 ], [ -38.521391, -3.824534, 0.0 ], [ -38.521402, -3.824552, 0.0 ], [ -38.521413, -3.824568, 0.0 ], [ -38.521437, -3.82459, 0.0 ], [ -38.521461, -3.824606, 0.0 ], [ -38.52149, -3.824618, 0.0 ], [ -38.521514, -3.824625, 0.0 ], [ -38.521555, -3.824631, 0.0 ], [ -38.521691, -3.824639, 0.0 ], [ -38.521848, -3.824661, 0.0 ], [ -38.521964, -3.824677, 0.0 ], [ -38.522073, -3.824695, 0.0 ], [ -38.522166, -3.824716, 0.0 ], [ -38.522236, -3.824727, 0.0 ], [ -38.522305, -3.824733, 0.0 ], [ -38.52238, -3.824737, 0.0 ], [ -38.522472, -3.824752, 0.0 ], [ -38.522538, -3.824765, 0.0 ], [ -38.522568, -3.824775, 0.0 ], [ -38.52262, -3.824795, 0.0 ], [ -38.522664, -3.824811, 0.0 ], [ -38.522716, -3.824828, 0.0 ], [ -38.522759, -3.824849, 0.0 ], [ -38.522805, -3.824878, 0.0 ], [ -38.522843, -3.824908, 0.0 ], [ -38.522874, -3.824941, 0.0 ], [ -38.522908, -3.82498, 0.0 ], [ -38.522929, -3.825005, 0.0 ], [ -38.522949, -3.825028, 0.0 ], [ -38.522965, -3.825043, 0.0 ], [ -38.522981, -3.825053, 0.0 ], [ -38.522999, -3.825063, 0.0 ], [ -38.523036, -3.825075, 0.0 ], [ -38.523097, -3.825097, 0.0 ], [ -38.523181, -3.825138, 0.0 ], [ -38.52324, -3.825175, 0.0 ], [ -38.523364, -3.825253, 0.0 ], [ -38.52345, -3.8253, 0.0 ], [ -38.523535, -3.82535, 0.0 ], [ -38.523614, -3.825409, 0.0 ], [ -38.52368, -3.825463, 0.0 ], [ -38.523744, -3.825532, 0.0 ], [ -38.523793, -3.825587, 0.0 ], [ -38.523828, -3.825645, 0.0 ], [ -38.523855, -3.825711, 0.0 ], [ -38.523907, -3.825839, 0.0 ], [ -38.523958, -3.825929, 0.0 ], [ -38.523998, -3.826011, 0.0 ], [ -38.524018, -3.826049, 0.0 ], [ -38.524031, -3.826071, 0.0 ], [ -38.524049, -3.826089, 0.0 ], [ -38.524068, -3.826106, 0.0 ], [ -38.524091, -3.826118, 0.0 ], [ -38.524123, -3.826128, 0.0 ], [ -38.524171, -3.826139, 0.0 ], [ -38.524209, -3.826156, 0.0 ], [ -38.524233, -3.826167, 0.0 ], [ -38.524247, -3.826174, 0.0 ], [ -38.524266, -3.82619, 0.0 ], [ -38.524279, -3.826205, 0.0 ], [ -38.524293, -3.82622, 0.0 ], [ -38.524315, -3.826233, 0.0 ], [ -38.524395, -3.826259, 0.0 ], [ -38.524427, -3.826265, 0.0 ], [ -38.52445, -3.826268, 0.0 ], [ -38.524462, -3.826266, 0.0 ], [ -38.52451, -3.826249, 0.0 ], [ -38.524543, -3.826237, 0.0 ], [ -38.524562, -3.826232, 0.0 ], [ -38.524581, -3.826229, 0.0 ], [ -38.524598, -3.826229, 0.0 ], [ -38.524658, -3.826243, 0.0 ], [ -38.524732, -3.826275, 0.0 ], [ -38.524827, -3.82632, 0.0 ], [ -38.524894, -3.826353, 0.0 ], [ -38.524945, -3.826388, 0.0 ], [ -38.524977, -3.826415, 0.0 ], [ -38.52502, -3.826456, 0.0 ], [ -38.525054, -3.826487, 0.0 ], [ -38.525101, -3.826516, 0.0 ], [ -38.525141, -3.826538, 0.0 ], [ -38.5252, -3.826577, 0.0 ], [ -38.525227, -3.826593, 0.0 ], [ -38.525253, -3.826611, 0.0 ], [ -38.52528, -3.826635, 0.0 ], [ -38.52531, -3.826668, 0.0 ], [ -38.525382, -3.826722, 0.0 ], [ -38.525495, -3.826805, 0.0 ], [ -38.525598, -3.826862, 0.0 ], [ -38.525722, -3.826935, 0.0 ], [ -38.52586, -3.827025, 0.0 ], [ -38.525935, -3.827074, 0.0 ], [ -38.525983, -3.827102, 0.0 ], [ -38.526028, -3.827128, 0.0 ], [ -38.526049, -3.827137, 0.0 ], [ -38.526069, -3.827141, 0.0 ], [ -38.526116, -3.827148, 0.0 ], [ -38.526156, -3.827157, 0.0 ], [ -38.526204, -3.827173, 0.0 ], [ -38.526236, -3.82719, 0.0 ], [ -38.526268, -3.827211, 0.0 ], [ -38.526315, -3.827251, 0.0 ], [ -38.526419, -3.827368, 0.0 ], [ -38.526493, -3.827465, 0.0 ], [ -38.526544, -3.827534, 0.0 ], [ -38.526566, -3.827562, 0.0 ], [ -38.526623, -3.827624, 0.0 ], [ -38.526759, -3.827755, 0.0 ], [ -38.526883, -3.82788, 0.0 ], [ -38.526952, -3.827961, 0.0 ], [ -38.526962, -3.827972, 0.0 ], [ -38.52697, -3.827987, 0.0 ], [ -38.526982, -3.82802, 0.0 ], [ -38.527001, -3.828067, 0.0 ], [ -38.527132, -3.82826, 0.0 ], [ -38.527192, -3.828339, 0.0 ], [ -38.527216, -3.828358, 0.0 ], [ -38.52724, -3.828374, 0.0 ], [ -38.527261, -3.828382, 0.0 ], [ -38.52731, -3.828386, 0.0 ], [ -38.527349, -3.828383, 0.0 ], [ -38.527391, -3.828374, 0.0 ], [ -38.527428, -3.82837, 0.0 ], [ -38.527477, -3.82837, 0.0 ], [ -38.527551, -3.828382, 0.0 ], [ -38.527658, -3.828431, 0.0 ], [ -38.527809, -3.82855, 0.0 ], [ -38.527989, -3.828684, 0.0 ], [ -38.528067, -3.828734, 0.0 ], [ -38.528139, -3.828799, 0.0 ], [ -38.528218, -3.828901, 0.0 ], [ -38.52828, -3.828989, 0.0 ], [ -38.528317, -3.829057, 0.0 ], [ -38.528334, -3.829106, 0.0 ], [ -38.528373, -3.829222, 0.0 ], [ -38.528418, -3.829357, 0.0 ], [ -38.528439, -3.829419, 0.0 ], [ -38.528447, -3.829424, 0.0 ], [ -38.528455, -3.829429, 0.0 ], [ -38.528465, -3.829432, 0.0 ], [ -38.528474, -3.829434, 0.0 ], [ -38.528484, -3.829435, 0.0 ], [ -38.528534, -3.829434, 0.0 ], [ -38.528598, -3.829429, 0.0 ], [ -38.528728, -3.829493, 0.0 ], [ -38.528912, -3.82953, 0.0 ], [ -38.529144, -3.829586, 0.0 ], [ -38.529408, -3.82966, 0.0 ], [ -38.529622, -3.829752, 0.0 ], [ -38.529837, -3.8299, 0.0 ], [ -38.529928, -3.830005, 0.0 ], [ -38.5301, -3.830177, 0.0 ], [ -38.530149, -3.830251, 0.0 ], [ -38.530253, -3.830331, 0.0 ], [ -38.530357, -3.830362, 0.0 ], [ -38.530504, -3.83038, 0.0 ], [ -38.530602, -3.830399, 0.0 ], [ -38.530712, -3.830424, 0.0 ], [ -38.530816, -3.830448, 0.0 ], [ -38.530908, -3.830491, 0.0 ], [ -38.530982, -3.830572, 0.0 ], [ -38.531074, -3.830682, 0.0 ], [ -38.53111, -3.830781, 0.0 ], [ -38.531123, -3.83091, 0.0 ], [ -38.531092, -3.831052, 0.0 ], [ -38.531086, -3.831187, 0.0 ], [ -38.531104, -3.831285, 0.0 ], [ -38.531135, -3.831384, 0.0 ], [ -38.531196, -3.831464, 0.0 ], [ -38.531226, -3.831587, 0.0 ], [ -38.531232, -3.83171, 0.0 ], [ -38.531177, -3.831864, 0.0 ], [ -38.53111, -3.832085, 0.0 ], [ -38.53103, -3.832276, 0.0 ], [ -38.53092, -3.832504, 0.0 ], [ -38.530723, -3.832781, 0.0 ], [ -38.53055, -3.83295, 0.0 ], [ -38.530484, -3.833014, 0.0 ], [ -38.530349, -3.833119, 0.0 ], [ -38.530317, -3.833206, 0.0 ], [ -38.530313, -3.833217, 0.0 ], [ -38.530315, -3.833258, 0.0 ], [ -38.530319, -3.833346, 0.0 ], [ -38.530426, -3.833679, 0.0 ], [ -38.530462, -3.833771, 0.0 ], [ -38.530538, -3.833933, 0.0 ], [ -38.530587, -3.834028, 0.0 ], [ -38.530665, -3.834176, 0.0 ], [ -38.530747, -3.834308, 0.0 ], [ -38.530893, -3.834499, 0.0 ], [ -38.530965, -3.834581, 0.0 ], [ -38.531029, -3.834679, 0.0 ], [ -38.531092, -3.835081, 0.0 ], [ -38.531221, -3.835265, 0.0 ], [ -38.53143, -3.835467, 0.0 ], [ -38.53161, -3.835622, 0.0 ], [ -38.531813, -3.835926, 0.0 ], [ -38.531936, -3.836031, 0.0 ], [ -38.532, -3.83608, 0.0 ], [ -38.532191, -3.836201, 0.0 ], [ -38.532318, -3.836312, 0.0 ], [ -38.532395, -3.836467, 0.0 ], [ -38.532406, -3.836611, 0.0 ], [ -38.532362, -3.836809, 0.0 ], [ -38.532373, -3.837019, 0.0 ], [ -38.532428, -3.837196, 0.0 ], [ -38.532518, -3.837349, 0.0 ], [ -38.532527, -3.837362, 0.0 ], [ -38.53268, -3.837527, 0.0 ], [ -38.532812, -3.837726, 0.0 ], [ -38.532944, -3.837903, 0.0 ], [ -38.533032, -3.838036, 0.0 ], [ -38.533175, -3.838162, 0.0 ], [ -38.533261, -3.838245, 0.0 ], [ -38.533427, -3.838387, 0.0 ], [ -38.533491, -3.838437, 0.0 ], [ -38.533565, -3.838462, 0.0 ], [ -38.53365, -3.83848, 0.0 ], [ -38.533752, -3.838533, 0.0 ], [ -38.533855, -3.838619, 0.0 ], [ -38.533951, -3.83869, 0.0 ], [ -38.534042, -3.838804, 0.0 ], [ -38.534118, -3.838876, 0.0 ], [ -38.534242, -3.839029, 0.0 ], [ -38.534341, -3.839232, 0.0 ], [ -38.534369, -3.839363, 0.0 ], [ -38.53438, -3.83947, 0.0 ], [ -38.534341, -3.839548, 0.0 ], [ -38.534305, -3.839672, 0.0 ], [ -38.53427, -3.839827, 0.0 ], [ -38.534252, -3.83994, 0.0 ], [ -38.53427, -3.840043, 0.0 ], [ -38.534309, -3.840118, 0.0 ], [ -38.534411, -3.840136, 0.0 ], [ -38.534546, -3.840111, 0.0 ], [ -38.534737, -3.840079, 0.0 ], [ -38.534882, -3.840094, 0.0 ], [ -38.535034, -3.840129, 0.0 ], [ -38.535126, -3.840172, 0.0 ], [ -38.535179, -3.840229, 0.0 ], [ -38.535253, -3.840332, 0.0 ], [ -38.535299, -3.840371, 0.0 ], [ -38.535331, -3.840396, 0.0 ], [ -38.535341, -3.840428, 0.0 ], [ -38.535331, -3.840456, 0.0 ], [ -38.535299, -3.840517, 0.0 ], [ -38.535299, -3.840602, 0.0 ], [ -38.535313, -3.840719, 0.0 ], [ -38.535341, -3.84087, 0.0 ], [ -38.535327, -3.840952, 0.0 ], [ -38.535306, -3.841044, 0.0 ], [ -38.535323, -3.841168, 0.0 ], [ -38.535373, -3.841272, 0.0 ], [ -38.535447, -3.841357, 0.0 ], [ -38.535546, -3.841435, 0.0 ], [ -38.535564, -3.841488, 0.0 ], [ -38.535546, -3.841552, 0.0 ], [ -38.535468, -3.841648, 0.0 ], [ -38.535341, -3.841813, 0.0 ], [ -38.53521, -3.842012, 0.0 ], [ -38.535167, -3.842122, 0.0 ], [ -38.535146, -3.8422, 0.0 ], [ -38.535156, -3.842261, 0.0 ], [ -38.535224, -3.842396, 0.0 ], [ -38.53528, -3.842503, 0.0 ], [ -38.535291, -3.842556, 0.0 ], [ -38.535259, -3.842595, 0.0 ], [ -38.53523, -3.842648, 0.0 ], [ -38.535245, -3.842705, 0.0 ], [ -38.535291, -3.842758, 0.0 ], [ -38.535351, -3.84279, 0.0 ], [ -38.535407, -3.84279, 0.0 ], [ -38.535492, -3.842769, 0.0 ], [ -38.535542, -3.842783, 0.0 ], [ -38.535603, -3.842834, 0.0 ], [ -38.535694, -3.842883, 0.0 ], [ -38.535736, -3.8429, 0.0 ], [ -38.535793, -3.842907, 0.0 ], [ -38.535821, -3.842938, 0.0 ], [ -38.535847, -3.843087, 0.0 ], [ -38.535852, -3.843153, 0.0 ], [ -38.538265, -3.840444, 0.0 ], [ -38.538333, -3.840477, 0.0 ], [ -38.53839, -3.840515, 0.0 ], [ -38.538462, -3.840576, 0.0 ], [ -38.539022, -3.841363, 0.0 ], [ -38.539339, -3.841795, 0.0 ], [ -38.539494, -3.842012, 0.0 ], [ -38.539745, -3.843685, 0.0 ], [ -38.540391, -3.847571, 0.0 ], [ -38.540842, -3.850359, 0.0 ], [ -38.541359, -3.853367, 0.0 ], [ -38.544641, -3.852159, 0.0 ], [ -38.550884, -3.849375, 0.0 ], [ -38.557172, -3.846906, 0.0 ] ] ] } },
{ "type": "Feature", "properties": { "regional": 9, "area_km2": 31.606913745167077, "n_bairros": 7 }, "geometry": { "type": "Polygon", "coordinates": [ [ [ -38.498958, -3.872941, 0.0 ], [ -38.499188, -3.873764, 0.0 ], [ -38.49939, -3.874487, 0.0 ], [ -38.499577, -3.875157, 0.0 ], [ -38.500059, -3.876884, 0.0 ], [ -38.500213, -3.877416, 0.0 ], [ -38.500473, -3.878298, 0.0 ], [ -38.500564, -3.878619, 0.0 ], [ -38.500638, -3.878964, 0.0 ], [ -38.500975, -3.881823, 0.0 ], [ -38.5015, -3.886284, 0.0 ], [ -38.501701, -3.887994, 0.0 ], [ -38.501824, -3.888007, 0.0 ], [ -38.501885, -3.887998, 0.0 ], [ -38.501983, -3.887968, 0.0 ], [ -38.502041, -3.887955, 0.0 ], [ -38.502097, -3.888005, 0.0 ], [ -38.502187, -3.888093, 0.0 ], [ -38.502236, -3.888168, 0.0 ], [ -38.50224, -3.888212, 0.0 ], [ -38.502267, -3.888268, 0.0 ], [ -38.50236, -3.888289, 0.0 ], [ -38.502464, -3.888303, 0.0 ], [ -38.502557, -3.888318, 0.0 ], [ -38.502751, -3.888361, 0.0 ], [ -38.502883, -3.888369, 0.0 ], [ -38.503002, -3.888408, 0.0 ], [ -38.503141, -3.8885, 0.0 ], [ -38.50326, -3.888518, 0.0 ], [ -38.503452, -3.888501, 0.0 ], [ -38.503577, -3.888518, 0.0 ], [ -38.503655, -3.888529, 0.0 ], [ -38.503743, -3.888547, 0.0 ], [ -38.503858, -3.888615, 0.0 ], [ -38.503942, -3.888641, 0.0 ], [ -38.504017, -3.888666, 0.0 ], [ -38.504112, -3.888691, 0.0 ], [ -38.504229, -3.888752, 0.0 ], [ -38.504347, -3.88877, 0.0 ], [ -38.504387, -3.888769, 0.0 ], [ -38.50449, -3.888786, 0.0 ], [ -38.504577, -3.888832, 0.0 ], [ -38.504618, -3.88888, 0.0 ], [ -38.504602, -3.888939, 0.0 ], [ -38.504594, -3.889036, 0.0 ], [ -38.504553, -3.889122, 0.0 ], [ -38.504568, -3.889192, 0.0 ], [ -38.505192, -3.889791, 0.0 ], [ -38.505242, -3.889836, 0.0 ], [ -38.505295, -3.889844, 0.0 ], [ -38.505318, -3.889863, 0.0 ], [ -38.50534, -3.889867, 0.0 ], [ -38.505386, -3.88987, 0.0 ], [ -38.505422, -3.889925, 0.0 ], [ -38.505439, -3.889946, 0.0 ], [ -38.505463, -3.889994, 0.0 ], [ -38.505451, -3.890033, 0.0 ], [ -38.50541, -3.89012, 0.0 ], [ -38.505396, -3.890165, 0.0 ], [ -38.505403, -3.890252, 0.0 ], [ -38.50541, -3.890274, 0.0 ], [ -38.50543, -3.890294, 0.0 ], [ -38.505462, -3.890312, 0.0 ], [ -38.505494, -3.890326, 0.0 ], [ -38.505517, -3.890346, 0.0 ], [ -38.505552, -3.890403, 0.0 ], [ -38.505587, -3.890445, 0.0 ], [ -38.505613, -3.89047, 0.0 ], [ -38.505634, -3.890503, 0.0 ], [ -38.505652, -3.890567, 0.0 ], [ -38.505954, -3.890383, 0.0 ], [ -38.507407, -3.889548, 0.0 ], [ -38.508419, -3.888764, 0.0 ], [ -38.508511, -3.888748, 0.0 ], [ -38.508963, -3.888711, 0.0 ], [ -38.509493, -3.888877, 0.0 ], [ -38.51016, -3.888786, 0.0 ], [ -38.51079, -3.888686, 0.0 ], [ -38.511609, -3.889049, 0.0 ], [ -38.511825, -3.889314, 0.0 ], [ -38.512673, -3.890273, 0.0 ], [ -38.512858, -3.891108, 0.0 ], [ -38.514039, -3.894505, 0.0 ], [ -38.51461, -3.893989, 0.0 ], [ -38.515752, -3.892954, 0.0 ], [ -38.516761, -3.892035, 0.0 ], [ -38.519598, -3.889557, 0.0 ], [ -38.521755, -3.887611, 0.0 ], [ -38.526437, -3.883498, 0.0 ], [ -38.531103, -3.879379, 0.0 ], [ -38.530894, -3.879253, 0.0 ], [ -38.530701, -3.879146, 0.0 ], [ -38.53056, -3.879072, 0.0 ], [ -38.530324, -3.878953, 0.0 ], [ -38.530111, -3.878796, 0.0 ], [ -38.529963, -3.878576, 0.0 ], [ -38.529796, -3.878344, 0.0 ], [ -38.529722, -3.878234, 0.0 ], [ -38.529677, -3.878095, 0.0 ], [ -38.529623, -3.877899, 0.0 ], [ -38.529385, -3.877132, 0.0 ], [ -38.52929, -3.876789, 0.0 ], [ -38.529217, -3.876479, 0.0 ], [ -38.529038, -3.875936, 0.0 ], [ -38.528485, -3.874834, 0.0 ], [ -38.528234, -3.87398, 0.0 ], [ -38.528121, -3.87351, 0.0 ], [ -38.528041, -3.873178, 0.0 ], [ -38.527929, -3.872796, 0.0 ], [ -38.527783, -3.872515, 0.0 ], [ -38.527542, -3.872172, 0.0 ], [ -38.5273, -3.871792, 0.0 ], [ -38.526762, -3.871036, 0.0 ], [ -38.526164, -3.870386, 0.0 ], [ -38.525809, -3.870025, 0.0 ], [ -38.525032, -3.86939, 0.0 ], [ -38.52443, -3.868983, 0.0 ], [ -38.523705, -3.868578, 0.0 ], [ -38.522948, -3.868191, 0.0 ], [ -38.522644, -3.868076, 0.0 ], [ -38.521935, -3.8678, 0.0 ], [ -38.521176, -3.867542, 0.0 ], [ -38.520568, -3.867295, 0.0 ], [ -38.520344, -3.867122, 0.0 ], [ -38.520197, -3.866834, 0.0 ], [ -38.520173, -3.866774, 0.0 ], [ -38.519778, -3.86585, 0.0 ], [ -38.51957, -3.865316, 0.0 ], [ -38.518939, -3.864614, 0.0 ], [ -38.518908, -3.864579, 0.0 ], [ -38.518925, -3.864575, 0.0 ], [ -38.523216, -3.863613, 0.0 ], [ -38.523623, -3.863522, 0.0 ], [ -38.535605, -3.86083, 0.0 ], [ -38.539295, -3.859946, 0.0 ], [ -38.542361, -3.85929, 0.0 ], [ -38.541359, -3.853367, 0.0 ], [ -38.540842, -3.850359, 0.0 ], [ -38.540391, -3.847571, 0.0 ], [ -38.539745, -3.843685, 0.0 ], [ -38.539494, -3.842012, 0.0 ], [ -38.539339, -3.841795, 0.0 ], [ -38.539022, -3.841363, 0.0 ], [ -38.538462, -3.840576, 0.0 ], [ -38.53839, -3.840515, 0.0 ], [ -38.538333, -3.840477, 0.0 ], [ -38.538265, -3.840444, 0.0 ], [ -38.535852, -3.843153, 0.0 ], [ -38.535847, -3.843087, 0.0 ], [ -38.535821, -3.842938, 0.0 ], [ -38.535793, -3.842907, 0.0 ], [ -38.535736, -3.8429, 0.0 ], [ -38.535694, -3.842883, 0.0 ], [ -38.535603, -3.842834, 0.0 ], [ -38.535542, -3.842783, 0.0 ], [ -38.535492, -3.842769, 0.0 ], [ -38.535407, -3.84279, 0.0 ], [ -38.535351, -3.84279, 0.0 ], [ -38.535291, -3.842758, 0.0 ], [ -38.535245, -3.842705, 0.0 ], [ -38.53523, -3.842648, 0.0 ], [ -38.535259, -3.842595, 0.0 ], [ -38.535291, -3.842556, 0.0 ], [ -38.53528, -3.842503, 0.0 ], [ -38.535224, -3.842396, 0.0 ], [ -38.535156, -3.842261, 0.0 ], [ -38.535146, -3.8422, 0.0 ], [ -38.535167, -3.842122, 0.0 ], [ -38.53521, -3.842012, 0.0 ], [ -38.535341, -3.841813, 0.0 ], [ -38.535468, -3.841648, 0.0 ], [ -38.535546, -3.841552, 0.0 ], [ -38.535564, -3.841488, 0.0 ], [ -38.535546, -3.841435, 0.0 ], [ -38.535447, -3.841357, 0.0 ], [ -38.535373, -3.841272, 0.0 ], [ -38.535323, -3.841168, 0.0 ], [ -38.535306, -3.841044, 0.0 ], [ -38.535327, -3.840952, 0.0 ], [ -38.535341, -3.84087, 0.0 ], [ -38.535313, -3.840719, 0.0 ], [ -38.535299, -3.840602, 0.0 ], [ -38.535299, -3.840517, 0.0 ], [ -38.535331, -3.840456, 0.0 ], [ -38.535341, -3.840428, 0.0 ], [ -38.535331, -3.840396, 0.0 ], [ -38.535299, -3.840371, 0.0 ], [ -38.535253, -3.840332, 0.0 ], [ -38.535179, -3.840229, 0.0 ], [ -38.535126, -3.840172, 0.0 ], [ -38.535034, -3.840129, 0.0 ], [ -38.534882, -3.840094, 0.0 ], [ -38.534737, -3.840079, 0.0 ], [ -38.534546, -3.840111, 0.0 ], [ -38.534411, -3.840136, 0.0 ], [ -38.534309, -3.840118, 0.0 ], [ -38.53427, -3.840043, 0.0 ], [ -38.534252, -3.83994, 0.0 ], [ -38.53427, -3.839827, 0.0 ], [ -38.534305, -3.839672, 0.0 ], [ -38.534341, -3.839548, 0.0 ], [ -38.53438, -3.83947, 0.0 ], [ -38.534369, -3.839363, 0.0 ], [ -38.534341, -3.839232, 0.0 ], [ -38.534242, -3.839029, 0.0 ], [ -38.534118, -3.838876, 0.0 ], [ -38.534042, -3.838804, 0.0 ], [ -38.533951, -3.83869, 0.0 ], [ -38.533855, -3.838619, 0.0 ], [ -38.533752, -3.838533, 0.0 ], [ -38.53365, -3.83848, 0.0 ], [ -38.533565, -3.838462, 0.0 ], [ -38.533491, -3.838437, 0.0 ], [ -38.533427, -3.838387, 0.0 ], [ -38.533261, -3.838245, 0.0 ], [ -38.533175, -3.838162, 0.0 ], [ -38.533032, -3.838036, 0.0 ], [ -38.532944, -3.837903, 0.0 ], [ -38.532812, -3.837726, 0.0 ], [ -38.53268, -3.837527, 0.0 ], [ -38.532527, -3.837362, 0.0 ], [ -38.532518, -3.837349, 0.0 ], [ -38.532428, -3.837196, 0.0 ], [ -38.532373, -3.837019, 0.0 ], [ -38.532362, -3.836809, 0.0 ], [ -38.532406, -3.836611, 0.0 ], [ -38.532395, -3.836467, 0.0 ], [ -38.532318, -3.836312, 0.0 ], [ -38.532191, -3.836201, 0.0 ], [ -38.532, -3.83608, 0.0 ], [ -38.531936, -3.836031, 0.0 ], [ -38.531813, -3.835926, 0.0 ], [ -38.53161, -3.835622, 0.0 ], [ -38.53143, -3.835467, 0.0 ], [ -38.531221, -3.835265, 0.0 ], [ -38.531092, -3.835081, 0.0 ], [ -38.531029, -3.834679, 0.0 ], [ -38.530965, -3.834581, 0.0 ], [ -38.530893, -3.834499, 0.0 ], [ -38.530747, -3.834308, 0.0 ], [ -38.530665, -3.834176, 0.0 ], [ -38.530587, -3.834028, 0.0 ], [ -38.530538, -3.833933, 0.0 ], [ -38.530462, -3.833771, 0.0 ], [ -38.530426, -3.833679, 0.0 ], [ -38.530319, -3.833346, 0.0 ], [ -38.530315, -3.833258, 0.0 ], [ -38.530313, -3.833217, 0.0 ], [ -38.530317, -3.833206, 0.0 ], [ -38.530349, -3.833119, 0.0 ], [ -38.530484, -3.833014, 0.0 ], [ -38.53055, -3.83295, 0.0 ], [ -38.530723, -3.832781, 0.0 ], [ -38.53092, -3.832504, 0.0 ], [ -38.53103, -3.832276, 0.0 ], [ -38.53111, -3.832085, 0.0 ], [ -38.531177, -3.831864, 0.0 ], [ -38.531232, -3.83171, 0.0 ], [ -38.531226, -3.831587, 0.0 ], [ -38.531196, -3.831464, 0.0 ], [ -38.531135, -3.831384, 0.0 ], [ -38.531104, -3.831285, 0.0 ], [ -38.531086, -3.831187, 0.0 ], [ -38.531092, -3.831052, 0.0 ], [ -38.531123, -3.83091, 0.0 ], [ -38.53111, -3.830781, 0.0 ], [ -38.531074, -3.830682, 0.0 ], [ -38.530982, -3.830572, 0.0 ], [ -38.530908, -3.830491, 0.0 ], [ -38.530816, -3.830448, 0.0 ], [ -38.530712, -3.830424, 0.0 ], [ -38.530602, -3.830399, 0.0 ], [ -38.530504, -3.83038, 0.0 ], [ -38.530357, -3.830362, 0.0 ], [ -38.530253, -3.830331, 0.0 ], [ -38.530149, -3.830251, 0.0 ], [ -38.5301, -3.830177, 0.0 ], [ -38.529928, -3.830005, 0.0 ], [ -38.529837, -3.8299, 0.0 ], [ -38.529622, -3.829752, 0.0 ], [ -38.529408, -3.82966, 0.0 ], [ -38.529144, -3.829586, 0.0 ], [ -38.528912, -3.82953, 0.0 ], [ -38.528728, -3.829493, 0.0 ], [ -38.528598, -3.829429, 0.0 ], [ -38.528534, -3.829434, 0.0 ], [ -38.528484, -3.829435, 0.0 ], [ -38.528474, -3.829434, 0.0 ], [ -38.528465, -3.829432, 0.0 ], [ -38.528455, -3.829429, 0.0 ], [ -38.528447, -3.829424, 0.0 ], [ -38.528439, -3.829419, 0.0 ], [ -38.528418, -3.829357, 0.0 ], [ -38.528373, -3.829222, 0.0 ], [ -38.528334, -3.829106, 0.0 ], [ -38.528317, -3.829057, 0.0 ], [ -38.52828, -3.828989, 0.0 ], [ -38.528218, -3.828901, 0.0 ], [ -38.528139, -3.828799, 0.0 ], [ -38.528067, -3.828734, 0.0 ], [ -38.527989, -3.828684, 0.0 ], [ -38.527809, -3.82855, 0.0 ], [ -38.527658, -3.828431, 0.0 ], [ -38.527551, -3.828382, 0.0 ], [ -38.527477, -3.82837, 0.0 ], [ -38.527428, -3.82837, 0.0 ], [ -38.527391, -3.828374, 0.0 ], [ -38.527349, -3.828383, 0.0 ], [ -38.52731, -3.828386, 0.0 ], [ -38.527261, -3.828382, 0.0 ], [ -38.52724, -3.828374, 0.0 ], [ -38.527216, -3.828358, 0.0 ], [ -38.527192, -3.828339, 0.0 ], [ -38.527132, -3.82826, 0.0 ], [ -38.527001, -3.828067, 0.0 ], [ -38.526982, -3.82802, 0.0 ], [ -38.52697, -3.827987, 0.0 ], [ -38.526962, -3.827972, 0.0 ], [ -38.526952, -3.827961, 0.0 ], [ -38.526883, -3.82788, 0.0 ], [ -38.526759, -3.827755, 0.0 ], [ -38.526623, -3.827624, 0.0 ], [ -38.526566, -3.827562, 0.0 ], [ -38.526544, -3.827534, 0.0 ], [ -38.526493, -3.827465, 0.0 ], [ -38.526419, -3.827368, 0.0 ], [ -38.526315, -3.827251, 0.0 ], [ -38.526268, -3.827211, 0.0 ], [ -38.526236, -3.82719, 0.0 ], [ -38.526204, -3.827173, 0.0 ], [ -38.526156, -3.827157, 0.0 ], [ -38.526116, -3.827148, 0.0 ], [ -38.526069, -3.827141, 0.0 ], [ -38.526049, -3.827137, 0.0 ], [ -38.526028, -3.827128, 0.0 ], [ -38.525983, -3.827102, 0.0 ], [ -38.525935, -3.827074, 0.0 ], [ -38.52586, -3.827025, 0.0 ], [ -38.525722, -3.826935, 0.0 ], [ -38.525598, -3.826862, 0.0 ], [ -38.525495, -3.826805, 0.0 ], [ -38.525382, -3.826722, 0.0 ], [ -38.52531, -3.826668, 0.0 ], [ -38.52528, -3.826635, 0.0 ], [ -38.525253, -3.826611, 0.0 ], [ -38.525227, -3.826593, 0.0 ], [ -38.5252, -3.826577, 0.0 ], [ -38.525141, -3.826538, 0.0 ], [ -38.525101, -3.826516, 0.0 ], [ -38.525054, -3.826487, 0.0 ], [ -38.52502, -3.826456, 0.0 ], [ -38.524977, -3.826415, 0.0 ], [ -38.524945, -3.826388, 0.0 ], [ -38.524894, -3.826353, 0.0 ], [ -38.524827, -3.82632, 0.0 ], [ -38.524732, -3.826275, 0.0 ], [ -38.524658, -3.826243, 0.0 ], [ -38.524598, -3.826229, 0.0 ], [ -38.524581, -3.826229, 0.0 ], [ -38.524562, -3.826232, 0.0 ], [ -38.524543, -3.826237, 0.0 ], [ -38.52451, -3.826249, 0.0 ], [ -38.524462, -3.826266, 0.0 ], [ -38.52445, -3.826268, 0.0 ], [ -38.524427, -3.826265, 0.0 ], [ -38.524395, -3.826259, 0.0 ], [ -38.524315, -3.826233, 0.0 ], [ -38.524293, -3.82622, 0.0 ], [ -38.524279, -3.826205, 0.0 ], [ -38.524266, -3.82619, 0.0 ], [ -38.524247, -3.826174, 0.0 ], [ -38.524233, -3.826167, 0.0 ], [ -38.524209, -3.826156, 0.0 ], [ -38.524171, -3.826139, 0.0 ], [ -38.524123, -3.826128, 0.0 ], [ -38.524091, -3.826118, 0.0 ], [ -38.524068, -3.826106, 0.0 ], [ -38.524049, -3.826089, 0.0 ], [ -38.524031, -3.826071, 0.0 ], [ -38.524018, -3.826049, 0.0 ], [ -38.523998, -3.826011, 0.0 ], [ -38.523958, -3.825929, 0.0 ], [ -38.523907, -3.825839, 0.0 ], [ -38.523855, -3.825711, 0.0 ], [ -38.523828, -3.825645, 0.0 ], [ -38.523793, -3.825587, 0.0 ], [ -38.523744, -3.825532, 0.0 ], [ -38.52368, -3.825463, 0.0 ], [ -38.523614, -3.825409, 0.0 ], [ -38.523535, -3.82535, 0.0 ], [ -38.52345, -3.8253, 0.0 ], [ -38.523364, -3.825253, 0.0 ], [ -38.52324, -3.825175, 0.0 ], [ -38.523181, -3.825138, 0.0 ], [ -38.523097, -3.825097, 0.0 ], [ -38.523036, -3.825075, 0.0 ], [ -38.522999, -3.825063, 0.0 ], [ -38.522981, -3.825053, 0.0 ], [ -38.522965, -3.825043, 0.0 ], [ -38.522949, -3.825028, 0.0 ], [ -38.522929, -3.825005, 0.0 ], [ -38.522908, -3.82498, 0.0 ], [ -38.522874, -3.824941, 0.0 ], [ -38.522843, -3.824908, 0.0 ], [ -38.522805, -3.824878, 0.0 ], [ -38.522759, -3.824849, 0.0 ], [ -38.522716, -3.824828, 0.0 ], [ -38.522664, -3.824811, 0.0 ], [ -38.52262, -3.824795, 0.0 ], [ -38.522568, -3.824775, 0.0 ], [ -38.522538, -3.824765, 0.0 ], [ -38.522472, -3.824752, 0.0 ], [ -38.52238, -3.824737, 0.0 ], [ -38.522305, -3.824733, 0.0 ], [ -38.522236, -3.824727, 0.0 ], [ -38.522166, -3.824716, 0.0 ], [ -38.522073, -3.824695, 0.0 ], [ -38.521964, -3.824677, 0.0 ], [ -38.521848, -3.824661, 0.0 ], [ -38.521691, -3.824639, 0.0 ], [ -38.521555, -3.824631, 0.0 ], [ -38.521514, -3.824625, 0.0 ], [ -38.52149, -3.824618, 0.0 ], [ -38.521461, -3.824606, 0.0 ], [ -38.521437, -3.82459, 0.0 ], [ -38.521413, -3.824568, 0.0 ], [ -38.521402, -3.824552, 0.0 ], [ -38.521391, -3.824534, 0.0 ], [ -38.521384, -3.824521, 0.0 ], [ -38.52138, -3.824512, 0.0 ], [ -38.521205, -3.824206, 0.0 ], [ -38.521124, -3.824102, 0.0 ], [ -38.521075, -3.824013, 0.0 ], [ -38.521046, -3.823927, 0.0 ], [ -38.52101, -3.823821, 0.0 ], [ -38.520974, -3.823706, 0.0 ], [ -38.520964, -3.823649, 0.0 ], [ -38.520962, -3.823622, 0.0 ], [ -38.520965, -3.823596, 0.0 ], [ -38.520973, -3.823572, 0.0 ], [ -38.520979, -3.82354, 0.0 ], [ -38.520978, -3.82351, 0.0 ], [ -38.520974, -3.823491, 0.0 ], [ -38.520911, -3.823154, 0.0 ], [ -38.5209, -3.82307, 0.0 ], [ -38.520892, -3.82301, 0.0 ], [ -38.520855, -3.822879, 0.0 ], [ -38.520768, -3.822509, 0.0 ], [ -38.520722, -3.822399, 0.0 ], [ -38.520697, -3.82235, 0.0 ], [ -38.520668, -3.822303, 0.0 ], [ -38.520649, -3.822279, 0.0 ], [ -38.520633, -3.822248, 0.0 ], [ -38.520621, -3.82221, 0.0 ], [ -38.520603, -3.822157, 0.0 ], [ -38.520587, -3.822118, 0.0 ], [ -38.520546, -3.822039, 0.0 ], [ -38.520516, -3.821987, 0.0 ], [ -38.520494, -3.821961, 0.0 ], [ -38.520467, -3.821931, 0.0 ], [ -38.520414, -3.821884, 0.0 ], [ -38.520362, -3.821835, 0.0 ], [ -38.520334, -3.821814, 0.0 ], [ -38.520301, -3.821795, 0.0 ], [ -38.520266, -3.821778, 0.0 ], [ -38.520231, -3.821768, 0.0 ], [ -38.520189, -3.821761, 0.0 ], [ -38.520141, -3.821755, 0.0 ], [ -38.520094, -3.821745, 0.0 ], [ -38.52007, -3.821737, 0.0 ], [ -38.520049, -3.821726, 0.0 ], [ -38.520028, -3.821711, 0.0 ], [ -38.520009, -3.821692, 0.0 ], [ -38.519987, -3.821673, 0.0 ], [ -38.519954, -3.821647, 0.0 ], [ -38.51992, -3.821628, 0.0 ], [ -38.519697, -3.821527, 0.0 ], [ -38.519655, -3.821514, 0.0 ], [ -38.519482, -3.821476, 0.0 ], [ -38.519458, -3.821465, 0.0 ], [ -38.519436, -3.821449, 0.0 ], [ -38.519411, -3.82142, 0.0 ], [ -38.519402, -3.8214, 0.0 ], [ -38.519395, -3.821376, 0.0 ], [ -38.519386, -3.821353, 0.0 ], [ -38.519371, -3.821337, 0.0 ], [ -38.519337, -3.82131, 0.0 ], [ -38.519317, -3.821291, 0.0 ], [ -38.519302, -3.821266, 0.0 ], [ -38.519287, -3.821233, 0.0 ], [ -38.519201, -3.821073, 0.0 ], [ -38.519165, -3.821003, 0.0 ], [ -38.519083, -3.820803, 0.0 ], [ -38.519023, -3.82062, 0.0 ], [ -38.519021, -3.820581, 0.0 ], [ -38.519025, -3.820445, 0.0 ], [ -38.519022, -3.82041, 0.0 ], [ -38.51902, -3.820379, 0.0 ], [ -38.519024, -3.820364, 0.0 ], [ -38.519031, -3.820327, 0.0 ], [ -38.519055, -3.820229, 0.0 ], [ -38.519109, -3.820138, 0.0 ], [ -38.519139, -3.820059, 0.0 ], [ -38.519153, -3.819989, 0.0 ], [ -38.51915, -3.819924, 0.0 ], [ -38.519139, -3.819864, 0.0 ], [ -38.519115, -3.819801, 0.0 ], [ -38.51909, -3.81973, 0.0 ], [ -38.51909, -3.819696, 0.0 ], [ -38.519101, -3.819655, 0.0 ], [ -38.519115, -3.819615, 0.0 ], [ -38.519127, -3.819598, 0.0 ], [ -38.519146, -3.819589, 0.0 ], [ -38.519171, -3.819586, 0.0 ], [ -38.519215, -3.819583, 0.0 ], [ -38.519268, -3.819573, 0.0 ], [ -38.519312, -3.819554, 0.0 ], [ -38.519345, -3.81952, 0.0 ], [ -38.519379, -3.819472, 0.0 ], [ -38.519403, -3.819413, 0.0 ], [ -38.51942, -3.819333, 0.0 ], [ -38.519432, -3.819249, 0.0 ], [ -38.519427, -3.819184, 0.0 ], [ -38.519406, -3.819137, 0.0 ], [ -38.519375, -3.819085, 0.0 ], [ -38.519335, -3.819017, 0.0 ], [ -38.519319, -3.818972, 0.0 ], [ -38.519303, -3.818924, 0.0 ], [ -38.519289, -3.818864, 0.0 ], [ -38.519271, -3.818789, 0.0 ], [ -38.519259, -3.818755, 0.0 ], [ -38.519245, -3.81872, 0.0 ], [ -38.519233, -3.818657, 0.0 ], [ -38.519236, -3.818592, 0.0 ], [ -38.51925, -3.818519, 0.0 ], [ -38.519268, -3.818486, 0.0 ], [ -38.519296, -3.818456, 0.0 ], [ -38.519331, -3.818429, 0.0 ], [ -38.519381, -3.818405, 0.0 ], [ -38.519444, -3.818376, 0.0 ], [ -38.519476, -3.818344, 0.0 ], [ -38.519507, -3.818303, 0.0 ], [ -38.519546, -3.818238, 0.0 ], [ -38.5196, -3.818142, 0.0 ], [ -38.519614, -3.818114, 0.0 ], [ -38.519622, -3.818077, 0.0 ], [ -38.519623, -3.818028, 0.0 ], [ -38.519616, -3.817953, 0.0 ], [ -38.519603, -3.817834, 0.0 ], [ -38.519598, -3.817789, 0.0 ], [ -38.519581, -3.817754, 0.0 ], [ -38.519558, -3.817706, 0.0 ], [ -38.519521, -3.817627, 0.0 ], [ -38.519484, -3.817509, 0.0 ], [ -38.519424, -3.817329, 0.0 ], [ -38.519409, -3.817282, 0.0 ], [ -38.51941, -3.817239, 0.0 ], [ -38.519417, -3.817213, 0.0 ], [ -38.519428, -3.817197, 0.0 ], [ -38.519437, -3.817174, 0.0 ], [ -38.519442, -3.817146, 0.0 ], [ -38.519451, -3.817108, 0.0 ], [ -38.519454, -3.817075, 0.0 ], [ -38.519452, -3.817032, 0.0 ], [ -38.519448, -3.816994, 0.0 ], [ -38.519441, -3.816953, 0.0 ], [ -38.519427, -3.816902, 0.0 ], [ -38.519413, -3.816859, 0.0 ], [ -38.519387, -3.816785, 0.0 ], [ -38.519332, -3.816642, 0.0 ], [ -38.5193, -3.816553, 0.0 ], [ -38.519275, -3.816509, 0.0 ], [ -38.519241, -3.816471, 0.0 ], [ -38.519203, -3.816428, 0.0 ], [ -38.519176, -3.816396, 0.0 ], [ -38.519163, -3.816373, 0.0 ], [ -38.519154, -3.816347, 0.0 ], [ -38.519145, -3.816312, 0.0 ], [ -38.519125, -3.816244, 0.0 ], [ -38.51911, -3.8162, 0.0 ], [ -38.5191, -3.81618, 0.0 ], [ -38.519084, -3.816161, 0.0 ], [ -38.519057, -3.816133, 0.0 ], [ -38.519043, -3.816111, 0.0 ], [ -38.519025, -3.816071, 0.0 ], [ -38.519008, -3.816013, 0.0 ], [ -38.518975, -3.815911, 0.0 ], [ -38.518933, -3.815816, 0.0 ], [ -38.518914, -3.815761, 0.0 ], [ -38.518901, -3.815711, 0.0 ], [ -38.518888, -3.815642, 0.0 ], [ -38.518884, -3.815619, 0.0 ], [ -38.518877, -3.815604, 0.0 ], [ -38.518866, -3.815587, 0.0 ], [ -38.518818, -3.815508, 0.0 ], [ -38.518777, -3.81546, 0.0 ], [ -38.518736, -3.815425, 0.0 ], [ -38.518693, -3.815402, 0.0 ], [ -38.518644, -3.815378, 0.0 ], [ -38.518604, -3.815359, 0.0 ], [ -38.518574, -3.815339, 0.0 ], [ -38.518542, -3.815319, 0.0 ], [ -38.518513, -3.815295, 0.0 ], [ -38.518468, -3.815247, 0.0 ], [ -38.518419, -3.815185, 0.0 ], [ -38.518395, -3.815141, 0.0 ], [ -38.518375, -3.815109, 0.0 ], [ -38.518354, -3.81508, 0.0 ], [ -38.518315, -3.815034, 0.0 ], [ -38.518285, -3.814991, 0.0 ], [ -38.518256, -3.814946, 0.0 ], [ -38.518213, -3.814884, 0.0 ], [ -38.518173, -3.814842, 0.0 ], [ -38.518154, -3.814811, 0.0 ], [ -38.518146, -3.814784, 0.0 ], [ -38.518133, -3.814715, 0.0 ], [ -38.518117, -3.814631, 0.0 ], [ -38.518105, -3.814579, 0.0 ], [ -38.518091, -3.81455, 0.0 ], [ -38.518073, -3.814533, 0.0 ], [ -38.518049, -3.814516, 0.0 ], [ -38.518018, -3.814494, 0.0 ], [ -38.517979, -3.814464, 0.0 ], [ -38.517951, -3.814445, 0.0 ], [ -38.517881, -3.81441, 0.0 ], [ -38.517796, -3.81438, 0.0 ], [ -38.517716, -3.814351, 0.0 ], [ -38.517613, -3.81431, 0.0 ], [ -38.517546, -3.814277, 0.0 ], [ -38.517497, -3.814253, 0.0 ], [ -38.517406, -3.814216, 0.0 ], [ -38.517343, -3.814207, 0.0 ], [ -38.517279, -3.814202, 0.0 ], [ -38.517196, -3.814196, 0.0 ], [ -38.517084, -3.814195, 0.0 ], [ -38.516996, -3.814181, 0.0 ], [ -38.516914, -3.814147, 0.0 ], [ -38.516872, -3.814106, 0.0 ], [ -38.51684, -3.81406, 0.0 ], [ -38.516778, -3.813957, 0.0 ], [ -38.516721, -3.813854, 0.0 ], [ -38.516712, -3.813836, 0.0 ], [ -38.51671, -3.813811, 0.0 ], [ -38.516715, -3.813783, 0.0 ], [ -38.516732, -3.813703, 0.0 ], [ -38.516732, -3.813671, 0.0 ], [ -38.516728, -3.813641, 0.0 ], [ -38.51672, -3.813615, 0.0 ], [ -38.516703, -3.813587, 0.0 ], [ -38.516684, -3.813565, 0.0 ], [ -38.51666, -3.813545, 0.0 ], [ -38.516633, -3.813514, 0.0 ], [ -38.516613, -3.813479, 0.0 ], [ -38.516595, -3.81344, 0.0 ], [ -38.516552, -3.813346, 0.0 ], [ -38.51651, -3.813244, 0.0 ], [ -38.516478, -3.813154, 0.0 ], [ -38.516454, -3.813107, 0.0 ], [ -38.516426, -3.813075, 0.0 ], [ -38.516375, -3.81304, 0.0 ], [ -38.516316, -3.813015, 0.0 ], [ -38.516258, -3.812998, 0.0 ], [ -38.516171, -3.81298, 0.0 ], [ -38.516091, -3.812965, 0.0 ], [ -38.515916, -3.812931, 0.0 ], [ -38.515804, -3.81291, 0.0 ], [ -38.515782, -3.812902, 0.0 ], [ -38.51576, -3.81289, 0.0 ], [ -38.51574, -3.812875, 0.0 ], [ -38.51571, -3.812849, 0.0 ], [ -38.515663, -3.812803, 0.0 ], [ -38.515614, -3.812746, 0.0 ], [ -38.515553, -3.81268, 0.0 ], [ -38.515512, -3.812633, 0.0 ], [ -38.515471, -3.812571, 0.0 ], [ -38.515458, -3.812537, 0.0 ], [ -38.515449, -3.8125, 0.0 ], [ -38.515439, -3.81244, 0.0 ], [ -38.515433, -3.812351, 0.0 ], [ -38.515428, -3.812294, 0.0 ], [ -38.515415, -3.812231, 0.0 ], [ -38.515397, -3.812171, 0.0 ], [ -38.515357, -3.812075, 0.0 ], [ -38.515305, -3.811953, 0.0 ], [ -38.515279, -3.8119, 0.0 ], [ -38.515248, -3.811847, 0.0 ], [ -38.515228, -3.811805, 0.0 ], [ -38.515213, -3.811771, 0.0 ], [ -38.515178, -3.811665, 0.0 ], [ -38.515149, -3.811575, 0.0 ], [ -38.515141, -3.811534, 0.0 ], [ -38.515138, -3.81148, 0.0 ], [ -38.515138, -3.811422, 0.0 ], [ -38.515143, -3.81136, 0.0 ], [ -38.515148, -3.811332, 0.0 ], [ -38.515152, -3.811317, 0.0 ], [ -38.515154, -3.811304, 0.0 ], [ -38.515116, -3.811139, 0.0 ], [ -38.515107, -3.811094, 0.0 ], [ -38.515097, -3.811044, 0.0 ], [ -38.515088, -3.811015, 0.0 ], [ -38.515064, -3.810949, 0.0 ], [ -38.514989, -3.810773, 0.0 ], [ -38.514954, -3.810698, 0.0 ], [ -38.514921, -3.810601, 0.0 ], [ -38.514891, -3.810487, 0.0 ], [ -38.51484, -3.810321, 0.0 ], [ -38.514794, -3.8102, 0.0 ], [ -38.514769, -3.810151, 0.0 ], [ -38.514745, -3.810065, 0.0 ], [ -38.514741, -3.810004, 0.0 ], [ -38.514744, -3.80993, 0.0 ], [ -38.514758, -3.809876, 0.0 ], [ -38.514783, -3.809814, 0.0 ], [ -38.514806, -3.809776, 0.0 ], [ -38.514839, -3.80974, 0.0 ], [ -38.514888, -3.809701, 0.0 ], [ -38.514951, -3.809658, 0.0 ], [ -38.515039, -3.809604, 0.0 ], [ -38.515104, -3.809564, 0.0 ], [ -38.515155, -3.809509, 0.0 ], [ -38.515186, -3.809459, 0.0 ], [ -38.515199, -3.809424, 0.0 ], [ -38.515205, -3.80937, 0.0 ], [ -38.515206, -3.809331, 0.0 ], [ -38.5152, -3.809257, 0.0 ], [ -38.515186, -3.809183, 0.0 ], [ -38.515165, -3.809087, 0.0 ], [ -38.515105, -3.808916, 0.0 ], [ -38.51506, -3.808804, 0.0 ], [ -38.515017, -3.808678, 0.0 ], [ -38.514994, -3.808622, 0.0 ], [ -38.514981, -3.808578, 0.0 ], [ -38.51497, -3.808529, 0.0 ], [ -38.514945, -3.808355, 0.0 ], [ -38.514929, -3.808117, 0.0 ], [ -38.514925, -3.808032, 0.0 ], [ -38.514902, -3.807823, 0.0 ], [ -38.514898, -3.807783, 0.0 ], [ -38.514904, -3.807713, 0.0 ], [ -38.514923, -3.807658, 0.0 ], [ -38.514952, -3.807614, 0.0 ], [ -38.515013, -3.807556, 0.0 ], [ -38.515128, -3.807433, 0.0 ], [ -38.515163, -3.807378, 0.0 ], [ -38.515183, -3.807334, 0.0 ], [ -38.515201, -3.807284, 0.0 ], [ -38.51521, -3.807226, 0.0 ], [ -38.515206, -3.80717, 0.0 ], [ -38.51519, -3.807127, 0.0 ], [ -38.515167, -3.807084, 0.0 ], [ -38.515065, -3.807015, 0.0 ], [ -38.514825, -3.80677, 0.0 ], [ -38.514734, -3.806653, 0.0 ], [ -38.514704, -3.806606, 0.0 ], [ -38.514686, -3.806566, 0.0 ], [ -38.514676, -3.80652, 0.0 ], [ -38.514671, -3.806476, 0.0 ], [ -38.514687, -3.80639, 0.0 ], [ -38.514716, -3.806308, 0.0 ], [ -38.514751, -3.806234, 0.0 ], [ -38.514773, -3.806195, 0.0 ], [ -38.514807, -3.806162, 0.0 ], [ -38.514885, -3.806116, 0.0 ], [ -38.515051, -3.806017, 0.0 ], [ -38.515163, -3.805937, 0.0 ], [ -38.515263, -3.805873, 0.0 ], [ -38.515296, -3.805837, 0.0 ], [ -38.51531, -3.805809, 0.0 ], [ -38.515322, -3.805764, 0.0 ], [ -38.515337, -3.805683, 0.0 ], [ -38.515339, -3.805599, 0.0 ], [ -38.515334, -3.805504, 0.0 ], [ -38.515329, -3.805452, 0.0 ], [ -38.515326, -3.805404, 0.0 ], [ -38.515332, -3.805301, 0.0 ], [ -38.515346, -3.805229, 0.0 ], [ -38.515373, -3.805148, 0.0 ], [ -38.515395, -3.805076, 0.0 ], [ -38.515409, -3.804998, 0.0 ], [ -38.515419, -3.804898, 0.0 ], [ -38.515412, -3.804841, 0.0 ], [ -38.515401, -3.804802, 0.0 ], [ -38.515366, -3.80474, 0.0 ], [ -38.515312, -3.804696, 0.0 ], [ -38.51524, -3.804656, 0.0 ], [ -38.515158, -3.804629, 0.0 ], [ -38.515053, -3.804607, 0.0 ], [ -38.514952, -3.80459, 0.0 ], [ -38.514877, -3.804562, 0.0 ], [ -38.514802, -3.804506, 0.0 ], [ -38.514751, -3.804464, 0.0 ], [ -38.514724, -3.804434, 0.0 ], [ -38.514705, -3.804392, 0.0 ], [ -38.514685, -3.804306, 0.0 ], [ -38.51468, -3.804228, 0.0 ], [ -38.514695, -3.804118, 0.0 ], [ -38.514722, -3.80404, 0.0 ], [ -38.514771, -3.803934, 0.0 ], [ -38.514839, -3.803835, 0.0 ], [ -38.514893, -3.803761, 0.0 ], [ -38.51497, -3.803699, 0.0 ], [ -38.51507, -3.803635, 0.0 ], [ -38.515125, -3.803601, 0.0 ], [ -38.515156, -3.803569, 0.0 ], [ -38.515168, -3.803536, 0.0 ], [ -38.515176, -3.803492, 0.0 ], [ -38.515183, -3.803428, 0.0 ], [ -38.515187, -3.803329, 0.0 ], [ -38.515187, -3.80322, 0.0 ], [ -38.515178, -3.803096, 0.0 ], [ -38.515165, -3.802959, 0.0 ], [ -38.515157, -3.802838, 0.0 ], [ -38.515147, -3.80278, 0.0 ], [ -38.515124, -3.802711, 0.0 ], [ -38.515069, -3.802614, 0.0 ], [ -38.515026, -3.802528, 0.0 ], [ -38.514995, -3.802463, 0.0 ], [ -38.514969, -3.802367, 0.0 ], [ -38.514967, -3.802291, 0.0 ], [ -38.51497, -3.802225, 0.0 ], [ -38.514982, -3.80216, 0.0 ], [ -38.515018, -3.802082, 0.0 ], [ -38.51508, -3.802011, 0.0 ], [ -38.51514, -3.801931, 0.0 ], [ -38.515164, -3.801901, 0.0 ], [ -38.515177, -3.801869, 0.0 ], [ -38.515185, -3.80184, 0.0 ], [ -38.515185, -3.801805, 0.0 ], [ -38.515178, -3.801752, 0.0 ], [ -38.515162, -3.801688, 0.0 ], [ -38.515143, -3.80161, 0.0 ], [ -38.515099, -3.801462, 0.0 ], [ -38.515077, -3.8014, 0.0 ], [ -38.515042, -3.801327, 0.0 ], [ -38.515022, -3.801264, 0.0 ], [ -38.515016, -3.801189, 0.0 ], [ -38.515016, -3.801154, 0.0 ], [ -38.515023, -3.801128, 0.0 ], [ -38.515041, -3.801097, 0.0 ], [ -38.515068, -3.801074, 0.0 ], [ -38.515102, -3.801056, 0.0 ], [ -38.51516, -3.801042, 0.0 ], [ -38.515222, -3.801033, 0.0 ], [ -38.515281, -3.801018, 0.0 ], [ -38.515331, -3.80099, 0.0 ], [ -38.515375, -3.800953, 0.0 ], [ -38.515407, -3.800908, 0.0 ], [ -38.515435, -3.800855, 0.0 ], [ -38.515446, -3.800816, 0.0 ], [ -38.515455, -3.800724, 0.0 ], [ -38.515458, -3.800661, 0.0 ], [ -38.515449, -3.800538, 0.0 ], [ -38.515434, -3.800422, 0.0 ], [ -38.515418, -3.800371, 0.0 ], [ -38.515394, -3.800325, 0.0 ], [ -38.515327, -3.800241, 0.0 ], [ -38.515271, -3.80011, 0.0 ], [ -38.515156, -3.799925, 0.0 ], [ -38.515057, -3.799781, 0.0 ], [ -38.515008, -3.799723, 0.0 ], [ -38.514966, -3.799658, 0.0 ], [ -38.514904, -3.799591, 0.0 ], [ -38.514859, -3.799556, 0.0 ], [ -38.514741, -3.799477, 0.0 ], [ -38.514662, -3.799427, 0.0 ], [ -38.51456, -3.799379, 0.0 ], [ -38.514476, -3.799336, 0.0 ], [ -38.514419, -3.799285, 0.0 ], [ -38.514351, -3.799214, 0.0 ], [ -38.51431, -3.799149, 0.0 ], [ -38.51427, -3.799087, 0.0 ], [ -38.514244, -3.799014, 0.0 ], [ -38.51424, -3.798947, 0.0 ], [ -38.514238, -3.798909, 0.0 ], [ -38.514249, -3.798862, 0.0 ], [ -38.514276, -3.798812, 0.0 ], [ -38.514303, -3.798771, 0.0 ], [ -38.514334, -3.798738, 0.0 ], [ -38.514401, -3.798675, 0.0 ], [ -38.514448, -3.798635, 0.0 ], [ -38.51447, -3.798609, 0.0 ], [ -38.514486, -3.798574, 0.0 ], [ -38.514492, -3.798544, 0.0 ], [ -38.514492, -3.798484, 0.0 ], [ -38.514484, -3.798396, 0.0 ], [ -38.514471, -3.798316, 0.0 ], [ -38.514459, -3.798256, 0.0 ], [ -38.514425, -3.798138, 0.0 ], [ -38.51439, -3.798058, 0.0 ], [ -38.514366, -3.798005, 0.0 ], [ -38.514326, -3.79795, 0.0 ], [ -38.514275, -3.797893, 0.0 ], [ -38.514213, -3.797843, 0.0 ], [ -38.514119, -3.797771, 0.0 ], [ -38.514063, -3.797725, 0.0 ], [ -38.514015, -3.797666, 0.0 ], [ -38.513958, -3.797576, 0.0 ], [ -38.513889, -3.797427, 0.0 ], [ -38.513863, -3.797378, 0.0 ], [ -38.51384, -3.797342, 0.0 ], [ -38.513813, -3.797309, 0.0 ], [ -38.51377, -3.797282, 0.0 ], [ -38.513736, -3.797268, 0.0 ], [ -38.513698, -3.797266, 0.0 ], [ -38.513638, -3.797266, 0.0 ], [ -38.51355, -3.797281, 0.0 ], [ -38.513485, -3.797287, 0.0 ], [ -38.513341, -3.797291, 0.0 ], [ -38.513292, -3.797291, 0.0 ], [ -38.51323, -3.797284, 0.0 ], [ -38.513191, -3.797274, 0.0 ], [ -38.513156, -3.79726, 0.0 ], [ -38.513125, -3.79724, 0.0 ], [ -38.513099, -3.797214, 0.0 ], [ -38.513076, -3.797176, 0.0 ], [ -38.513059, -3.797128, 0.0 ], [ -38.513051, -3.797096, 0.0 ], [ -38.513049, -3.797061, 0.0 ], [ -38.513049, -3.797028, 0.0 ], [ -38.513053, -3.796966, 0.0 ], [ -38.513055, -3.796911, 0.0 ], [ -38.513056, -3.796831, 0.0 ], [ -38.513055, -3.796659, 0.0 ], [ -38.51305, -3.796473, 0.0 ], [ -38.513067, -3.796321, 0.0 ], [ -38.513095, -3.796186, 0.0 ], [ -38.513151, -3.796046, 0.0 ], [ -38.51319, -3.795979, 0.0 ], [ -38.513263, -3.795904, 0.0 ], [ -38.513364, -3.795804, 0.0 ], [ -38.513476, -3.795694, 0.0 ], [ -38.513546, -3.795647, 0.0 ], [ -38.513587, -3.795621, 0.0 ], [ -38.513629, -3.795606, 0.0 ], [ -38.513678, -3.795593, 0.0 ], [ -38.513742, -3.795588, 0.0 ], [ -38.513835, -3.795586, 0.0 ], [ -38.513943, -3.795587, 0.0 ], [ -38.514008, -3.795577, 0.0 ], [ -38.514061, -3.795568, 0.0 ], [ -38.514098, -3.795552, 0.0 ], [ -38.514127, -3.795537, 0.0 ], [ -38.514154, -3.79551, 0.0 ], [ -38.514174, -3.795484, 0.0 ], [ -38.514192, -3.795442, 0.0 ], [ -38.514206, -3.795402, 0.0 ], [ -38.514216, -3.795351, 0.0 ], [ -38.514226, -3.795304, 0.0 ], [ -38.514269, -3.795211, 0.0 ], [ -38.514304, -3.795135, 0.0 ], [ -38.514367, -3.795046, 0.0 ], [ -38.514425, -3.794973, 0.0 ], [ -38.514479, -3.794911, 0.0 ], [ -38.514518, -3.794843, 0.0 ], [ -38.514573, -3.794686, 0.0 ], [ -38.514606, -3.794518, 0.0 ], [ -38.514661, -3.794313, 0.0 ], [ -38.51471, -3.794159, 0.0 ], [ -38.514739, -3.794043, 0.0 ], [ -38.51476, -3.793833, 0.0 ], [ -38.514742, -3.793675, 0.0 ], [ -38.514718, -3.793528, 0.0 ], [ -38.514697, -3.793429, 0.0 ], [ -38.514647, -3.793317, 0.0 ], [ -38.514574, -3.79317, 0.0 ], [ -38.514553, -3.793101, 0.0 ], [ -38.514537, -3.793031, 0.0 ], [ -38.514513, -3.792924, 0.0 ], [ -38.514503, -3.792862, 0.0 ], [ -38.514477, -3.792829, 0.0 ], [ -38.51445, -3.792812, 0.0 ], [ -38.514411, -3.792805, 0.0 ], [ -38.514353, -3.792805, 0.0 ], [ -38.514278, -3.792815, 0.0 ], [ -38.514217, -3.792837, 0.0 ], [ -38.514142, -3.792859, 0.0 ], [ -38.514063, -3.792861, 0.0 ], [ -38.513997, -3.792853, 0.0 ], [ -38.513928, -3.792825, 0.0 ], [ -38.513867, -3.792775, 0.0 ], [ -38.513818, -3.792717, 0.0 ], [ -38.513795, -3.792638, 0.0 ], [ -38.513786, -3.792558, 0.0 ], [ -38.513803, -3.792438, 0.0 ], [ -38.513818, -3.792337, 0.0 ], [ -38.513853, -3.792221, 0.0 ], [ -38.513892, -3.792149, 0.0 ], [ -38.513941, -3.792091, 0.0 ], [ -38.513995, -3.79204, 0.0 ], [ -38.514039, -3.792017, 0.0 ], [ -38.51411, -3.791997, 0.0 ], [ -38.514156, -3.791995, 0.0 ], [ -38.514237, -3.792001, 0.0 ], [ -38.514298, -3.792011, 0.0 ], [ -38.514352, -3.792031, 0.0 ], [ -38.514376, -3.79204, 0.0 ], [ -38.514439, -3.792073, 0.0 ], [ -38.514531, -3.792124, 0.0 ], [ -38.514612, -3.792193, 0.0 ], [ -38.51468, -3.792261, 0.0 ], [ -38.514733, -3.792309, 0.0 ], [ -38.514777, -3.792339, 0.0 ], [ -38.514836, -3.792366, 0.0 ], [ -38.514896, -3.792387, 0.0 ], [ -38.514936, -3.792392, 0.0 ], [ -38.514982, -3.79239, 0.0 ], [ -38.515036, -3.792384, 0.0 ], [ -38.515077, -3.792371, 0.0 ], [ -38.515124, -3.792337, 0.0 ], [ -38.515164, -3.792295, 0.0 ], [ -38.515208, -3.792206, 0.0 ], [ -38.515278, -3.792041, 0.0 ], [ -38.515348, -3.791852, 0.0 ], [ -38.515384, -3.791752, 0.0 ], [ -38.515404, -3.791675, 0.0 ], [ -38.515427, -3.791585, 0.0 ], [ -38.515433, -3.791511, 0.0 ], [ -38.515423, -3.791433, 0.0 ], [ -38.515423, -3.791298, 0.0 ], [ -38.515416, -3.791199, 0.0 ], [ -38.515387, -3.791044, 0.0 ], [ -38.515369, -3.790969, 0.0 ], [ -38.515328, -3.790794, 0.0 ], [ -38.515313, -3.790737, 0.0 ], [ -38.515308, -3.79068, 0.0 ], [ -38.515309, -3.790621, 0.0 ], [ -38.515342, -3.790461, 0.0 ], [ -38.515353, -3.790363, 0.0 ], [ -38.51536, -3.790266, 0.0 ], [ -38.515364, -3.790177, 0.0 ], [ -38.515356, -3.790091, 0.0 ], [ -38.515333, -3.789981, 0.0 ], [ -38.515269, -3.789842, 0.0 ], [ -38.515231, -3.789694, 0.0 ], [ -38.515184, -3.789484, 0.0 ], [ -38.515158, -3.789321, 0.0 ], [ -38.515138, -3.789181, 0.0 ], [ -38.515089, -3.789035, 0.0 ], [ -38.515046, -3.788934, 0.0 ], [ -38.515001, -3.788862, 0.0 ], [ -38.51495, -3.788799, 0.0 ], [ -38.514663, -3.788573, 0.0 ], [ -38.514605, -3.788529, 0.0 ], [ -38.514538, -3.788494, 0.0 ], [ -38.514432, -3.788459, 0.0 ], [ -38.514368, -3.788456, 0.0 ], [ -38.514289, -3.788457, 0.0 ], [ -38.514206, -3.788471, 0.0 ], [ -38.514146, -3.788492, 0.0 ], [ -38.51407, -3.788537, 0.0 ], [ -38.514007, -3.788578, 0.0 ], [ -38.513961, -3.788601, 0.0 ], [ -38.513908, -3.788618, 0.0 ], [ -38.513845, -3.788622, 0.0 ], [ -38.513786, -3.788622, 0.0 ], [ -38.513718, -3.788605, 0.0 ], [ -38.513666, -3.788584, 0.0 ], [ -38.513617, -3.788546, 0.0 ], [ -38.513485, -3.788376, 0.0 ], [ -38.513311, -3.788162, 0.0 ], [ -38.513229, -3.78805, 0.0 ], [ -38.513146, -3.787922, 0.0 ], [ -38.513114, -3.787846, 0.0 ], [ -38.513094, -3.787785, 0.0 ], [ -38.513078, -3.787728, 0.0 ], [ -38.513078, -3.787684, 0.0 ], [ -38.513082, -3.787643, 0.0 ], [ -38.513093, -3.787591, 0.0 ], [ -38.513103, -3.787507, 0.0 ], [ -38.513123, -3.787246, 0.0 ], [ -38.513141, -3.78703, 0.0 ], [ -38.51315, -3.7869, 0.0 ], [ -38.513156, -3.786715, 0.0 ], [ -38.513153, -3.78663, 0.0 ], [ -38.513148, -3.786553, 0.0 ], [ -38.513142, -3.786488, 0.0 ], [ -38.513102, -3.786343, 0.0 ], [ -38.513063, -3.786284, 0.0 ], [ -38.513032, -3.786235, 0.0 ], [ -38.513005, -3.786183, 0.0 ], [ -38.512984, -3.786117, 0.0 ], [ -38.512968, -3.786049, 0.0 ], [ -38.512959, -3.785981, 0.0 ], [ -38.512954, -3.785913, 0.0 ], [ -38.512954, -3.785851, 0.0 ], [ -38.512967, -3.785792, 0.0 ], [ -38.512999, -3.785734, 0.0 ], [ -38.513048, -3.785676, 0.0 ], [ -38.513101, -3.785621, 0.0 ], [ -38.51316, -3.785572, 0.0 ], [ -38.513214, -3.78553, 0.0 ], [ -38.513253, -3.785501, 0.0 ], [ -38.51329, -3.785464, 0.0 ], [ -38.513319, -3.785423, 0.0 ], [ -38.513341, -3.785373, 0.0 ], [ -38.513364, -3.785288, 0.0 ], [ -38.513384, -3.785199, 0.0 ], [ -38.513447, -3.784887, 0.0 ], [ -38.513462, -3.784804, 0.0 ], [ -38.513477, -3.784705, 0.0 ], [ -38.513481, -3.784619, 0.0 ], [ -38.513479, -3.78455, 0.0 ], [ -38.513474, -3.784488, 0.0 ], [ -38.513464, -3.784415, 0.0 ], [ -38.513461, -3.784326, 0.0 ], [ -38.513457, -3.784237, 0.0 ], [ -38.51346, -3.784177, 0.0 ], [ -38.513464, -3.784135, 0.0 ], [ -38.513471, -3.784102, 0.0 ], [ -38.513478, -3.784066, 0.0 ], [ -38.513488, -3.784029, 0.0 ], [ -38.513494, -3.783997, 0.0 ], [ -38.513498, -3.783948, 0.0 ], [ -38.513494, -3.783902, 0.0 ], [ -38.513485, -3.783864, 0.0 ], [ -38.513466, -3.783818, 0.0 ], [ -38.51345, -3.783787, 0.0 ], [ -38.51343, -3.783758, 0.0 ], [ -38.513408, -3.783739, 0.0 ], [ -38.513377, -3.783724, 0.0 ], [ -38.513338, -3.783718, 0.0 ], [ -38.51331, -3.783719, 0.0 ], [ -38.513285, -3.783725, 0.0 ], [ -38.513262, -3.783737, 0.0 ], [ -38.513229, -3.78376, 0.0 ], [ -38.513197, -3.783787, 0.0 ], [ -38.513175, -3.783809, 0.0 ], [ -38.513141, -3.783847, 0.0 ], [ -38.513121, -3.78386, 0.0 ], [ -38.513098, -3.78387, 0.0 ], [ -38.513072, -3.783875, 0.0 ], [ -38.51304, -3.783877, 0.0 ], [ -38.513012, -3.783876, 0.0 ], [ -38.512988, -3.783871, 0.0 ], [ -38.512951, -3.783855, 0.0 ], [ -38.512732, -3.783713, 0.0 ], [ -38.51262, -3.783651, 0.0 ], [ -38.511965, -3.785052, 0.0 ], [ -38.511721, -3.785561, 0.0 ], [ -38.511062, -3.786976, 0.0 ], [ -38.511055, -3.786992, 0.0 ], [ -38.51015, -3.788921, 0.0 ], [ -38.50916, -3.791035, 0.0 ], [ -38.505198, -3.799502, 0.0 ], [ -38.50492, -3.800095, 0.0 ], [ -38.504094, -3.801862, 0.0 ], [ -38.503021, -3.804153, 0.0 ], [ -38.50216, -3.806133, 0.0 ], [ -38.502022, -3.806284, 0.0 ], [ -38.501921, -3.806397, 0.0 ], [ -38.501702, -3.806901, 0.0 ], [ -38.501368, -3.807626, 0.0 ], [ -38.50086, -3.808675, 0.0 ], [ -38.500601, -3.809435, 0.0 ], [ -38.500531, -3.809687, 0.0 ], [ -38.500448, -3.810008, 0.0 ], [ -38.500358, -3.810314, 0.0 ], [ -38.500295, -3.810551, 0.0 ], [ -38.500249, -3.810722, 0.0 ], [ -38.50022, -3.810827, 0.0 ], [ -38.500189, -3.81091, 0.0 ], [ -38.500127, -3.81106, 0.0 ], [ -38.50004, -3.811226, 0.0 ], [ -38.500003, -3.811295, 0.0 ], [ -38.499981, -3.811327, 0.0 ], [ -38.499922, -3.81141, 0.0 ], [ -38.499726, -3.811679, 0.0 ], [ -38.49969, -3.811733, 0.0 ], [ -38.499658, -3.811778, 0.0 ], [ -38.499627, -3.811831, 0.0 ], [ -38.499593, -3.811887, 0.0 ], [ -38.49957, -3.811938, 0.0 ], [ -38.49955, -3.811991, 0.0 ], [ -38.499526, -3.812069, 0.0 ], [ -38.4995, -3.812168, 0.0 ], [ -38.499475, -3.812297, 0.0 ], [ -38.499469, -3.812337, 0.0 ], [ -38.499465, -3.812371, 0.0 ], [ -38.499439, -3.812505, 0.0 ], [ -38.499345, -3.812834, 0.0 ], [ -38.499268, -3.813085, 0.0 ], [ -38.499051, -3.813574, 0.0 ], [ -38.498909, -3.813902, 0.0 ], [ -38.498689, -3.814407, 0.0 ], [ -38.498441, -3.814974, 0.0 ], [ -38.497997, -3.815966, 0.0 ], [ -38.498493, -3.816156, 0.0 ], [ -38.498721, -3.816238, 0.0 ], [ -38.498905, -3.816303, 0.0 ], [ -38.498935, -3.816316, 0.0 ], [ -38.498957, -3.816326, 0.0 ], [ -38.498982, -3.81634, 0.0 ], [ -38.499023, -3.816369, 0.0 ], [ -38.49924, -3.816523, 0.0 ], [ -38.499459, -3.816687, 0.0 ], [ -38.499682, -3.816856, 0.0 ], [ -38.499991, -3.817092, 0.0 ], [ -38.500091, -3.817164, 0.0 ], [ -38.500407, -3.81694, 0.0 ], [ -38.500837, -3.816659, 0.0 ], [ -38.501131, -3.816472, 0.0 ], [ -38.501364, -3.81631, 0.0 ], [ -38.501495, -3.81622, 0.0 ], [ -38.501636, -3.816129, 0.0 ], [ -38.501765, -3.816643, 0.0 ], [ -38.501926, -3.817316, 0.0 ], [ -38.503043, -3.821616, 0.0 ], [ -38.503276, -3.822439, 0.0 ], [ -38.503453, -3.823207, 0.0 ], [ -38.503669, -3.824051, 0.0 ], [ -38.503724, -3.824262, 0.0 ], [ -38.504175, -3.826027, 0.0 ], [ -38.504643, -3.827845, 0.0 ], [ -38.50484, -3.828739, 0.0 ], [ -38.504907, -3.82922, 0.0 ], [ -38.504927, -3.829661, 0.0 ], [ -38.504914, -3.830155, 0.0 ], [ -38.504809, -3.830818, 0.0 ], [ -38.504735, -3.831124, 0.0 ], [ -38.504586, -3.83162, 0.0 ], [ -38.504116, -3.832676, 0.0 ], [ -38.503847, -3.833241, 0.0 ], [ -38.503489, -3.833974, 0.0 ], [ -38.503125, -3.834719, 0.0 ], [ -38.502756, -3.835469, 0.0 ], [ -38.502217, -3.836585, 0.0 ], [ -38.501263, -3.838585, 0.0 ], [ -38.500248, -3.840699, 0.0 ], [ -38.499436, -3.842388, 0.0 ], [ -38.499399, -3.842465, 0.0 ], [ -38.499151, -3.84227, 0.0 ], [ -38.498875, -3.842029, 0.0 ], [ -38.498566, -3.841765, 0.0 ], [ -38.498329, -3.841552, 0.0 ], [ -38.498282, -3.841504, 0.0 ], [ -38.498254, -3.841476, 0.0 ], [ -38.498196, -3.841413, 0.0 ], [ -38.498076, -3.841278, 0.0 ], [ -38.497857, -3.841031, 0.0 ], [ -38.497789, -3.840959, 0.0 ], [ -38.497753, -3.840915, 0.0 ], [ -38.497696, -3.840854, 0.0 ], [ -38.497616, -3.840769, 0.0 ], [ -38.49754, -3.840694, 0.0 ], [ -38.497467, -3.840629, 0.0 ], [ -38.497372, -3.840548, 0.0 ], [ -38.497214, -3.840414, 0.0 ], [ -38.497155, -3.840366, 0.0 ], [ -38.497122, -3.84034, 0.0 ], [ -38.497093, -3.840324, 0.0 ], [ -38.497052, -3.840308, 0.0 ], [ -38.49688, -3.840249, 0.0 ], [ -38.496511, -3.840154, 0.0 ], [ -38.496432, -3.840136, 0.0 ], [ -38.496384, -3.840118, 0.0 ], [ -38.496339, -3.840097, 0.0 ], [ -38.496279, -3.840074, 0.0 ], [ -38.496207, -3.84005, 0.0 ], [ -38.496123, -3.840028, 0.0 ], [ -38.496058, -3.840016, 0.0 ], [ -38.495978, -3.839995, 0.0 ], [ -38.495721, -3.839921, 0.0 ], [ -38.495396, -3.839815, 0.0 ], [ -38.495365, -3.839805, 0.0 ], [ -38.495343, -3.839797, 0.0 ], [ -38.495326, -3.83979, 0.0 ], [ -38.495307, -3.839781, 0.0 ], [ -38.495162, -3.839697, 0.0 ], [ -38.495115, -3.839667, 0.0 ], [ -38.495034, -3.839612, 0.0 ], [ -38.494958, -3.839567, 0.0 ], [ -38.494867, -3.839507, 0.0 ], [ -38.494732, -3.839419, 0.0 ], [ -38.494615, -3.83934, 0.0 ], [ -38.494561, -3.839303, 0.0 ], [ -38.494501, -3.839256, 0.0 ], [ -38.494402, -3.839178, 0.0 ], [ -38.494327, -3.839119, 0.0 ], [ -38.494306, -3.839099, 0.0 ], [ -38.494275, -3.839069, 0.0 ], [ -38.494252, -3.839041, 0.0 ], [ -38.494232, -3.839013, 0.0 ], [ -38.49419, -3.83901, 0.0 ], [ -38.494231, -3.840933, 0.0 ], [ -38.494278, -3.842254, 0.0 ], [ -38.494377, -3.844113, 0.0 ], [ -38.494449, -3.845454, 0.0 ], [ -38.494493, -3.846282, 0.0 ], [ -38.494592, -3.847161, 0.0 ], [ -38.494805, -3.848554, 0.0 ], [ -38.495028, -3.849754, 0.0 ], [ -38.495042, -3.84985, 0.0 ], [ -38.495107, -3.850287, 0.0 ], [ -38.49519, -3.850785, 0.0 ], [ -38.495282, -3.851354, 0.0 ], [ -38.495339, -3.851769, 0.0 ], [ -38.495373, -3.851956, 0.0 ], [ -38.495402, -3.852063, 0.0 ], [ -38.495428, -3.85217, 0.0 ], [ -38.495439, -3.853062, 0.0 ], [ -38.495934, -3.85589, 0.0 ], [ -38.49609, -3.85678, 0.0 ], [ -38.496257, -3.857732, 0.0 ], [ -38.496417, -3.85863, 0.0 ], [ -38.49664, -3.859585, 0.0 ], [ -38.496832, -3.860399, 0.0 ], [ -38.497071, -3.861431, 0.0 ], [ -38.497376, -3.86274, 0.0 ], [ -38.497533, -3.863718, 0.0 ], [ -38.497604, -3.864316, 0.0 ], [ -38.497627, -3.864985, 0.0 ], [ -38.497635, -3.866927, 0.0 ], [ -38.497639, -3.867691, 0.0 ], [ -38.497639, -3.867791, 0.0 ], [ -38.497719, -3.868441, 0.0 ], [ -38.497733, -3.868559, 0.0 ], [ -38.498103, -3.869881, 0.0 ], [ -38.498414, -3.870996, 0.0 ], [ -38.498532, -3.871418, 0.0 ], [ -38.498544, -3.87146, 0.0 ], [ -38.498958, -3.872941, 0.0 ] ] ] } },
{ "type": "Feature", "properties": { "regional": 10, "area_km2": 22.871999430742452, "n_bairros": 11 }, "geometry": { "type": "Polygon", "coordinates": [ [ [ -38.580106, -3.828422, 0.0 ], [ -38.580332, -3.829119, 0.0 ], [ -38.580932, -3.830966, 0.0 ], [ -38.581322, -3.832168, 0.0 ], [ -38.5816, -3.833064, 0.0 ], [ -38.582101, -3.834582, 0.0 ], [ -38.582515, -3.835849, 0.0 ], [ -38.582959, -3.837172, 0.0 ], [ -38.583442, -3.838673, 0.0 ], [ -38.583464, -3.83896, 0.0 ], [ -38.583464, -3.838984, 0.0 ], [ -38.583474, -3.838991, 0.0 ], [ -38.583564, -3.838894, 0.0 ], [ -38.583791, -3.838871, 0.0 ], [ -38.583914, -3.838944, 0.0 ], [ -38.584233, -3.839389, 0.0 ], [ -38.587071, -3.838665, 0.0 ], [ -38.5876, -3.838911, 0.0 ], [ -38.589599, -3.83753, 0.0 ], [ -38.589808, -3.837236, 0.0 ], [ -38.590025, -3.836974, 0.0 ], [ -38.594127, -3.834164, 0.0 ], [ -38.594281, -3.834109, 0.0 ], [ -38.594515, -3.833947, 0.0 ], [ -38.596419, -3.833435, 0.0 ], [ -38.596636, -3.833377, 0.0 ], [ -38.600066, -3.831606, 0.0 ], [ -38.602447, -3.830335, 0.0 ], [ -38.603496, -3.829836, 0.0 ], [ -38.607358, -3.827771, 0.0 ], [ -38.608334, -3.82725, 0.0 ], [ -38.609357, -3.826749, 0.0 ], [ -38.613233, -3.824712, 0.0 ], [ -38.613212, -3.824667, 0.0 ], [ -38.613556, -3.824474, 0.0 ], [ -38.614695, -3.823935, 0.0 ], [ -38.614761, -3.823641, 0.0 ], [ -38.614678, -3.823409, 0.0 ], [ -38.614149, -3.822857, 0.0 ], [ -38.614992, -3.822449, 0.0 ], [ -38.617781, -3.820993, 0.0 ], [ -38.616044, -3.819217, 0.0 ], [ -38.61576, -3.818928, 0.0 ], [ -38.615548, -3.818712, 0.0 ], [ -38.614623, -3.817764, 0.0 ], [ -38.614267, -3.8174, 0.0 ], [ -38.611847, -3.81493, 0.0 ], [ -38.611268, -3.814342, 0.0 ], [ -38.610593, -3.813656, 0.0 ], [ -38.609578, -3.812623, 0.0 ], [ -38.608842, -3.811866, 0.0 ], [ -38.608139, -3.811149, 0.0 ], [ -38.6079, -3.810905, 0.0 ], [ -38.60698, -3.809968, 0.0 ], [ -38.605299, -3.808228, 0.0 ], [ -38.605019, -3.807939, 0.0 ], [ -38.604718, -3.807628, 0.0 ], [ -38.604475, -3.807376, 0.0 ], [ -38.602725, -3.805565, 0.0 ], [ -38.602328, -3.805161, 0.0 ], [ -38.60196, -3.804791, 0.0 ], [ -38.601152, -3.803948, 0.0 ], [ -38.60017, -3.80293, 0.0 ], [ -38.598818, -3.801562, 0.0 ], [ -38.597495, -3.800168, 0.0 ], [ -38.596156, -3.798779, 0.0 ], [ -38.594961, -3.797547, 0.0 ], [ -38.591736, -3.794211, 0.0 ], [ -38.591506, -3.793976, 0.0 ], [ -38.591041, -3.793498, 0.0 ], [ -38.590798, -3.793248, 0.0 ], [ -38.59026, -3.79269, 0.0 ], [ -38.589304, -3.791702, 0.0 ], [ -38.588619, -3.791003, 0.0 ], [ -38.588107, -3.792255, 0.0 ], [ -38.587773, -3.793111, 0.0 ], [ -38.587433, -3.793961, 0.0 ], [ -38.587079, -3.794869, 0.0 ], [ -38.586701, -3.795791, 0.0 ], [ -38.58637, -3.796627, 0.0 ], [ -38.58565, -3.795847, 0.0 ], [ -38.584758, -3.794863, 0.0 ], [ -38.584179, -3.794241, 0.0 ], [ -38.583701, -3.794698, 0.0 ], [ -38.583624, -3.794768, 0.0 ], [ -38.583518, -3.794875, 0.0 ], [ -38.583149, -3.79523, 0.0 ], [ -38.583012, -3.795358, 0.0 ], [ -38.581602, -3.793843, 0.0 ], [ -38.580321, -3.792462, 0.0 ], [ -38.579835, -3.791933, 0.0 ], [ -38.579366, -3.791424, 0.0 ], [ -38.578438, -3.790422, 0.0 ], [ -38.578101, -3.790065, 0.0 ], [ -38.578136, -3.790714, 0.0 ], [ -38.574657, -3.790828, 0.0 ], [ -38.574685, -3.791456, 0.0 ], [ -38.574422, -3.791459, 0.0 ], [ -38.573219, -3.791067, 0.0 ], [ -38.573024, -3.79101, 0.0 ], [ -38.572832, -3.790952, 0.0 ], [ -38.572646, -3.790896, 0.0 ], [ -38.572457, -3.790839, 0.0 ], [ -38.572266, -3.790781, 0.0 ], [ -38.572081, -3.790725, 0.0 ], [ -38.572041, -3.790694, 0.0 ], [ -38.571996, -3.790671, 0.0 ], [ -38.571955, -3.790654, 0.0 ], [ -38.571914, -3.790638, 0.0 ], [ -38.571872, -3.790625, 0.0 ], [ -38.571843, -3.790615, 0.0 ], [ -38.571815, -3.790604, 0.0 ], [ -38.571787, -3.790591, 0.0 ], [ -38.57176, -3.790577, 0.0 ], [ -38.571734, -3.790561, 0.0 ], [ -38.571698, -3.790536, 0.0 ], [ -38.571662, -3.790509, 0.0 ], [ -38.571643, -3.790493, 0.0 ], [ -38.571625, -3.790476, 0.0 ], [ -38.571608, -3.790458, 0.0 ], [ -38.571582, -3.790428, 0.0 ], [ -38.571547, -3.790387, 0.0 ], [ -38.571499, -3.790325, 0.0 ], [ -38.571453, -3.790263, 0.0 ], [ -38.571444, -3.790249, 0.0 ], [ -38.571372, -3.790135, 0.0 ], [ -38.571354, -3.790106, 0.0 ], [ -38.571334, -3.790078, 0.0 ], [ -38.571324, -3.790065, 0.0 ], [ -38.571274, -3.789994, 0.0 ], [ -38.571228, -3.78992, 0.0 ], [ -38.571203, -3.789878, 0.0 ], [ -38.571181, -3.789845, 0.0 ], [ -38.571146, -3.789792, 0.0 ], [ -38.571114, -3.789739, 0.0 ], [ -38.571084, -3.789685, 0.0 ], [ -38.571056, -3.78963, 0.0 ], [ -38.571047, -3.789612, 0.0 ], [ -38.571034, -3.78959, 0.0 ], [ -38.57102, -3.789569, 0.0 ], [ -38.571004, -3.789549, 0.0 ], [ -38.57096, -3.789494, 0.0 ], [ -38.570934, -3.789462, 0.0 ], [ -38.570838, -3.789348, 0.0 ], [ -38.57082, -3.789326, 0.0 ], [ -38.570779, -3.789274, 0.0 ], [ -38.570739, -3.78922, 0.0 ], [ -38.570685, -3.789142, 0.0 ], [ -38.570661, -3.789105, 0.0 ], [ -38.570649, -3.789089, 0.0 ], [ -38.570636, -3.789073, 0.0 ], [ -38.570603, -3.789037, 0.0 ], [ -38.57057, -3.789003, 0.0 ], [ -38.570554, -3.788987, 0.0 ], [ -38.57053, -3.78896, 0.0 ], [ -38.570507, -3.788932, 0.0 ], [ -38.570499, -3.788923, 0.0 ], [ -38.570491, -3.788914, 0.0 ], [ -38.570482, -3.788905, 0.0 ], [ -38.570472, -3.788897, 0.0 ], [ -38.570463, -3.788891, 0.0 ], [ -38.570454, -3.788884, 0.0 ], [ -38.570403, -3.788851, 0.0 ], [ -38.570377, -3.788831, 0.0 ], [ -38.570294, -3.788768, 0.0 ], [ -38.570278, -3.788757, 0.0 ], [ -38.570262, -3.788747, 0.0 ], [ -38.570245, -3.788738, 0.0 ], [ -38.57013, -3.788692, 0.0 ], [ -38.570098, -3.788679, 0.0 ], [ -38.570066, -3.788665, 0.0 ], [ -38.570042, -3.788654, 0.0 ], [ -38.569884, -3.788584, 0.0 ], [ -38.569752, -3.788534, 0.0 ], [ -38.5697, -3.788514, 0.0 ], [ -38.569671, -3.788501, 0.0 ], [ -38.569531, -3.78844, 0.0 ], [ -38.569423, -3.788396, 0.0 ], [ -38.569359, -3.788372, 0.0 ], [ -38.569221, -3.788321, 0.0 ], [ -38.568942, -3.78822, 0.0 ], [ -38.568804, -3.788168, 0.0 ], [ -38.568789, -3.788163, 0.0 ], [ -38.568773, -3.788158, 0.0 ], [ -38.568757, -3.788155, 0.0 ], [ -38.568742, -3.788152, 0.0 ], [ -38.568595, -3.788126, 0.0 ], [ -38.568538, -3.788115, 0.0 ], [ -38.56848, -3.788107, 0.0 ], [ -38.568444, -3.788103, 0.0 ], [ -38.568407, -3.788102, 0.0 ], [ -38.568371, -3.788103, 0.0 ], [ -38.568335, -3.788106, 0.0 ], [ -38.568245, -3.788114, 0.0 ], [ -38.568155, -3.788115, 0.0 ], [ -38.568126, -3.788114, 0.0 ], [ -38.568096, -3.78811, 0.0 ], [ -38.568067, -3.788106, 0.0 ], [ -38.567938, -3.78808, 0.0 ], [ -38.567919, -3.788075, 0.0 ], [ -38.567901, -3.78807, 0.0 ], [ -38.567883, -3.788063, 0.0 ], [ -38.567866, -3.788054, 0.0 ], [ -38.567844, -3.788044, 0.0 ], [ -38.567821, -3.788035, 0.0 ], [ -38.567798, -3.788028, 0.0 ], [ -38.567774, -3.788022, 0.0 ], [ -38.56776, -3.78802, 0.0 ], [ -38.567746, -3.788018, 0.0 ], [ -38.567731, -3.788017, 0.0 ], [ -38.567717, -3.788018, 0.0 ], [ -38.567703, -3.788019, 0.0 ], [ -38.567689, -3.788021, 0.0 ], [ -38.567675, -3.788024, 0.0 ], [ -38.567648, -3.788031, 0.0 ], [ -38.567621, -3.788035, 0.0 ], [ -38.567594, -3.788038, 0.0 ], [ -38.567502, -3.788046, 0.0 ], [ -38.567486, -3.788046, 0.0 ], [ -38.567471, -3.788044, 0.0 ], [ -38.567456, -3.78804, 0.0 ], [ -38.567441, -3.788034, 0.0 ], [ -38.567415, -3.788021, 0.0 ], [ -38.567389, -3.788006, 0.0 ], [ -38.567364, -3.78799, 0.0 ], [ -38.56734, -3.787973, 0.0 ], [ -38.567317, -3.787954, 0.0 ], [ -38.567296, -3.787933, 0.0 ], [ -38.567239, -3.787868, 0.0 ], [ -38.567159, -3.787773, 0.0 ], [ -38.567112, -3.787704, 0.0 ], [ -38.567063, -3.78766, 0.0 ], [ -38.566971, -3.787625, 0.0 ], [ -38.566918, -3.78761, 0.0 ], [ -38.566857, -3.787602, 0.0 ], [ -38.566802, -3.787594, 0.0 ], [ -38.566788, -3.787592, 0.0 ], [ -38.566738, -3.787554, 0.0 ], [ -38.566713, -3.787533, 0.0 ], [ -38.56664, -3.787471, 0.0 ], [ -38.566562, -3.787471, 0.0 ], [ -38.566486, -3.787464, 0.0 ], [ -38.566418, -3.787457, 0.0 ], [ -38.566374, -3.787464, 0.0 ], [ -38.566293, -3.787491, 0.0 ], [ -38.566227, -3.787501, 0.0 ], [ -38.566167, -3.787498, 0.0 ], [ -38.566119, -3.787503, 0.0 ], [ -38.566058, -3.787512, 0.0 ], [ -38.565989, -3.787523, 0.0 ], [ -38.56593, -3.787535, 0.0 ], [ -38.56587, -3.787542, 0.0 ], [ -38.565825, -3.787542, 0.0 ], [ -38.565765, -3.787542, 0.0 ], [ -38.565738, -3.787537, 0.0 ], [ -38.565706, -3.787516, 0.0 ], [ -38.565692, -3.787484, 0.0 ], [ -38.565676, -3.787445, 0.0 ], [ -38.565651, -3.787406, 0.0 ], [ -38.565619, -3.787369, 0.0 ], [ -38.565576, -3.787333, 0.0 ], [ -38.565534, -3.787303, 0.0 ], [ -38.565522, -3.787266, 0.0 ], [ -38.565522, -3.787225, 0.0 ], [ -38.565515, -3.787188, 0.0 ], [ -38.565485, -3.787147, 0.0 ], [ -38.565456, -3.787124, 0.0 ], [ -38.565389, -3.787091, 0.0 ], [ -38.56535, -3.787075, 0.0 ], [ -38.565314, -3.787052, 0.0 ], [ -38.565282, -3.787034, 0.0 ], [ -38.565248, -3.787039, 0.0 ], [ -38.565204, -3.78705, 0.0 ], [ -38.56517, -3.787061, 0.0 ], [ -38.565131, -3.787073, 0.0 ], [ -38.565097, -3.787073, 0.0 ], [ -38.56506, -3.787059, 0.0 ], [ -38.565037, -3.787034, 0.0 ], [ -38.564998, -3.787009, 0.0 ], [ -38.564944, -3.787022, 0.0 ], [ -38.564898, -3.787029, 0.0 ], [ -38.564852, -3.787043, 0.0 ], [ -38.564816, -3.787048, 0.0 ], [ -38.564769, -3.787045, 0.0 ], [ -38.564725, -3.787052, 0.0 ], [ -38.564677, -3.787057, 0.0 ], [ -38.564629, -3.787057, 0.0 ], [ -38.564579, -3.787057, 0.0 ], [ -38.564526, -3.787052, 0.0 ], [ -38.564476, -3.787052, 0.0 ], [ -38.564424, -3.787043, 0.0 ], [ -38.564387, -3.787036, 0.0 ], [ -38.564344, -3.787038, 0.0 ], [ -38.564321, -3.78702, 0.0 ], [ -38.564289, -3.787029, 0.0 ], [ -38.56425, -3.787047, 0.0 ], [ -38.564211, -3.787072, 0.0 ], [ -38.564183, -3.787098, 0.0 ], [ -38.564158, -3.787116, 0.0 ], [ -38.564133, -3.787109, 0.0 ], [ -38.56411, -3.787098, 0.0 ], [ -38.564013, -3.787127, 0.0 ], [ -38.563935, -3.787155, 0.0 ], [ -38.563881, -3.78718, 0.0 ], [ -38.563794, -3.78721, 0.0 ], [ -38.563716, -3.787235, 0.0 ], [ -38.563645, -3.787258, 0.0 ], [ -38.563581, -3.787277, 0.0 ], [ -38.563503, -3.787299, 0.0 ], [ -38.563428, -3.787327, 0.0 ], [ -38.563342, -3.787336, 0.0 ], [ -38.563264, -3.787348, 0.0 ], [ -38.56318, -3.787352, 0.0 ], [ -38.563127, -3.78738, 0.0 ], [ -38.563059, -3.787421, 0.0 ], [ -38.562951, -3.787487, 0.0 ], [ -38.562818, -3.787542, 0.0 ], [ -38.562702, -3.7876, 0.0 ], [ -38.562608, -3.78763, 0.0 ], [ -38.562362, -3.787678, 0.0 ], [ -38.562234, -3.787689, 0.0 ], [ -38.561919, -3.787751, 0.0 ], [ -38.561797, -3.787772, 0.0 ], [ -38.561675, -3.787806, 0.0 ], [ -38.561518, -3.787843, 0.0 ], [ -38.561438, -3.787866, 0.0 ], [ -38.561368, -3.787878, 0.0 ], [ -38.561327, -3.787892, 0.0 ], [ -38.561286, -3.78794, 0.0 ], [ -38.561267, -3.787961, 0.0 ], [ -38.561247, -3.787986, 0.0 ], [ -38.561219, -3.787986, 0.0 ], [ -38.561176, -3.787972, 0.0 ], [ -38.561123, -3.787958, 0.0 ], [ -38.561064, -3.787947, 0.0 ], [ -38.561018, -3.787947, 0.0 ], [ -38.560965, -3.787968, 0.0 ], [ -38.560904, -3.787984, 0.0 ], [ -38.560853, -3.78799, 0.0 ], [ -38.560792, -3.787993, 0.0 ], [ -38.560744, -3.787988, 0.0 ], [ -38.560693, -3.78799, 0.0 ], [ -38.560659, -3.787997, 0.0 ], [ -38.560629, -3.787994, 0.0 ], [ -38.561226, -3.78958, 0.0 ], [ -38.561716, -3.79088, 0.0 ], [ -38.562074, -3.791805, 0.0 ], [ -38.562555, -3.793101, 0.0 ], [ -38.562568, -3.793223, 0.0 ], [ -38.562833, -3.793894, 0.0 ], [ -38.563022, -3.794366, 0.0 ], [ -38.563352, -3.795193, 0.0 ], [ -38.563473, -3.795501, 0.0 ], [ -38.563495, -3.795562, 0.0 ], [ -38.563196, -3.795926, 0.0 ], [ -38.563145, -3.795996, 0.0 ], [ -38.56313, -3.796016, 0.0 ], [ -38.563117, -3.796036, 0.0 ], [ -38.563101, -3.796067, 0.0 ], [ -38.563006, -3.79625, 0.0 ], [ -38.562834, -3.796589, 0.0 ], [ -38.562704, -3.796846, 0.0 ], [ -38.56261, -3.797067, 0.0 ], [ -38.562549, -3.79723, 0.0 ], [ -38.562458, -3.797471, 0.0 ], [ -38.562398, -3.797627, 0.0 ], [ -38.562352, -3.797768, 0.0 ], [ -38.56232, -3.79788, 0.0 ], [ -38.562213, -3.798266, 0.0 ], [ -38.562073, -3.79876, 0.0 ], [ -38.561983, -3.799075, 0.0 ], [ -38.561959, -3.799155, 0.0 ], [ -38.561871, -3.799451, 0.0 ], [ -38.561808, -3.799675, 0.0 ], [ -38.561776, -3.799787, 0.0 ], [ -38.56144, -3.800218, 0.0 ], [ -38.561223, -3.800497, 0.0 ], [ -38.561139, -3.800603, 0.0 ], [ -38.56069, -3.801175, 0.0 ], [ -38.560579, -3.801313, 0.0 ], [ -38.560528, -3.801391, 0.0 ], [ -38.560475, -3.801484, 0.0 ], [ -38.560425, -3.801601, 0.0 ], [ -38.56038, -3.801734, 0.0 ], [ -38.560334, -3.801856, 0.0 ], [ -38.560303, -3.801952, 0.0 ], [ -38.560255, -3.802075, 0.0 ], [ -38.560221, -3.802177, 0.0 ], [ -38.560127, -3.802508, 0.0 ], [ -38.560093, -3.802605, 0.0 ], [ -38.560066, -3.802683, 0.0 ], [ -38.560017, -3.80279, 0.0 ], [ -38.559947, -3.802953, 0.0 ], [ -38.559855, -3.803117, 0.0 ], [ -38.559747, -3.803278, 0.0 ], [ -38.558996, -3.804486, 0.0 ], [ -38.558008, -3.806131, 0.0 ], [ -38.557875, -3.806335, 0.0 ], [ -38.557703, -3.806584, 0.0 ], [ -38.557518, -3.806779, 0.0 ], [ -38.55729, -3.807002, 0.0 ], [ -38.557049, -3.807237, 0.0 ], [ -38.556895, -3.807379, 0.0 ], [ -38.556504, -3.807759, 0.0 ], [ -38.556268, -3.80799, 0.0 ], [ -38.555984, -3.808267, 0.0 ], [ -38.555811, -3.808442, 0.0 ], [ -38.55562, -3.80862, 0.0 ], [ -38.555463, -3.808771, 0.0 ], [ -38.555068, -3.809163, 0.0 ], [ -38.554923, -3.809305, 0.0 ], [ -38.554879, -3.809331, 0.0 ], [ -38.554683, -3.809449, 0.0 ], [ -38.554615, -3.809473, 0.0 ], [ -38.555256, -3.811588, 0.0 ], [ -38.555814, -3.813387, 0.0 ], [ -38.556115, -3.814362, 0.0 ], [ -38.5572, -3.817894, 0.0 ], [ -38.557856, -3.820031, 0.0 ], [ -38.558006, -3.820518, 0.0 ], [ -38.558073, -3.820815, 0.0 ], [ -38.558115, -3.821068, 0.0 ], [ -38.558694, -3.822916, 0.0 ], [ -38.558738, -3.823157, 0.0 ], [ -38.55878, -3.823628, 0.0 ], [ -38.558872, -3.824524, 0.0 ], [ -38.558856, -3.825189, 0.0 ], [ -38.558883, -3.8256, 0.0 ], [ -38.558962, -3.825978, 0.0 ], [ -38.559187, -3.826863, 0.0 ], [ -38.559293, -3.826827, 0.0 ], [ -38.559525, -3.826754, 0.0 ], [ -38.55957, -3.826884, 0.0 ], [ -38.559701, -3.827247, 0.0 ], [ -38.559847, -3.827668, 0.0 ], [ -38.560109, -3.828421, 0.0 ], [ -38.560426, -3.829311, 0.0 ], [ -38.560612, -3.829845, 0.0 ], [ -38.560694, -3.830115, 0.0 ], [ -38.56075, -3.830321, 0.0 ], [ -38.560778, -3.830393, 0.0 ], [ -38.561012, -3.831055, 0.0 ], [ -38.561461, -3.832316, 0.0 ], [ -38.561468, -3.832333, 0.0 ], [ -38.562284, -3.832033, 0.0 ], [ -38.563107, -3.831742, 0.0 ], [ -38.563856, -3.831474, 0.0 ], [ -38.564642, -3.831189, 0.0 ], [ -38.564942, -3.831074, 0.0 ], [ -38.565061, -3.831028, 0.0 ], [ -38.56514, -3.830994, 0.0 ], [ -38.565191, -3.830968, 0.0 ], [ -38.565251, -3.830938, 0.0 ], [ -38.565301, -3.830911, 0.0 ], [ -38.565348, -3.830889, 0.0 ], [ -38.565406, -3.83087, 0.0 ], [ -38.565505, -3.830839, 0.0 ], [ -38.565667, -3.830811, 0.0 ], [ -38.565743, -3.830796, 0.0 ], [ -38.565807, -3.830781, 0.0 ], [ -38.565887, -3.830756, 0.0 ], [ -38.566026, -3.830701, 0.0 ], [ -38.566079, -3.830685, 0.0 ], [ -38.566131, -3.830671, 0.0 ], [ -38.566196, -3.830659, 0.0 ], [ -38.566272, -3.830654, 0.0 ], [ -38.566312, -3.83066, 0.0 ], [ -38.566357, -3.830671, 0.0 ], [ -38.566403, -3.830675, 0.0 ], [ -38.566432, -3.830676, 0.0 ], [ -38.566464, -3.830673, 0.0 ], [ -38.566491, -3.830668, 0.0 ], [ -38.566526, -3.830659, 0.0 ], [ -38.566569, -3.830642, 0.0 ], [ -38.566618, -3.830622, 0.0 ], [ -38.566673, -3.830585, 0.0 ], [ -38.567485, -3.829969, 0.0 ], [ -38.568106, -3.829491, 0.0 ], [ -38.568623, -3.829065, 0.0 ], [ -38.568927, -3.828827, 0.0 ], [ -38.569256, -3.828555, 0.0 ], [ -38.569527, -3.828334, 0.0 ], [ -38.569584, -3.828287, 0.0 ], [ -38.569639, -3.828238, 0.0 ], [ -38.569679, -3.828193, 0.0 ], [ -38.56973, -3.828136, 0.0 ], [ -38.569781, -3.828087, 0.0 ], [ -38.569881, -3.827987, 0.0 ], [ -38.570053, -3.827827, 0.0 ], [ -38.570185, -3.827706, 0.0 ], [ -38.570389, -3.827519, 0.0 ], [ -38.57048, -3.827433, 0.0 ], [ -38.570586, -3.827336, 0.0 ], [ -38.57065, -3.827279, 0.0 ], [ -38.570615, -3.827234, 0.0 ], [ -38.570883, -3.827008, 0.0 ], [ -38.571187, -3.826746, 0.0 ], [ -38.571424, -3.826568, 0.0 ], [ -38.57183, -3.826249, 0.0 ], [ -38.571877, -3.826213, 0.0 ], [ -38.57203, -3.826122, 0.0 ], [ -38.572449, -3.825881, 0.0 ], [ -38.572851, -3.825642, 0.0 ], [ -38.572956, -3.825581, 0.0 ], [ -38.573388, -3.825257, 0.0 ], [ -38.574138, -3.824289, 0.0 ], [ -38.574054, -3.823966, 0.0 ], [ -38.574514, -3.8238, 0.0 ], [ -38.575323, -3.823541, 0.0 ], [ -38.575687, -3.823426, 0.0 ], [ -38.576128, -3.823295, 0.0 ], [ -38.576922, -3.823041, 0.0 ], [ -38.577254, -3.822924, 0.0 ], [ -38.577446, -3.822861, 0.0 ], [ -38.578221, -3.82261, 0.0 ], [ -38.578516, -3.823541, 0.0 ], [ -38.578942, -3.824849, 0.0 ], [ -38.579135, -3.825435, 0.0 ], [ -38.57915, -3.825524, 0.0 ], [ -38.579157, -3.825598, 0.0 ], [ -38.579159, -3.825699, 0.0 ], [ -38.579155, -3.825791, 0.0 ], [ -38.579149, -3.825823, 0.0 ], [ -38.57913, -3.82587, 0.0 ], [ -38.579113, -3.825918, 0.0 ], [ -38.5791, -3.825973, 0.0 ], [ -38.579088, -3.826056, 0.0 ], [ -38.579088, -3.826106, 0.0 ], [ -38.579092, -3.826153, 0.0 ], [ -38.579104, -3.826199, 0.0 ], [ -38.579119, -3.826236, 0.0 ], [ -38.579132, -3.826265, 0.0 ], [ -38.579148, -3.826289, 0.0 ], [ -38.57918, -3.826332, 0.0 ], [ -38.579211, -3.826366, 0.0 ], [ -38.579245, -3.826396, 0.0 ], [ -38.579297, -3.826433, 0.0 ], [ -38.579351, -3.826466, 0.0 ], [ -38.579442, -3.826567, 0.0 ], [ -38.579479, -3.826616, 0.0 ], [ -38.579505, -3.826661, 0.0 ], [ -38.579535, -3.826722, 0.0 ], [ -38.579636, -3.826973, 0.0 ], [ -38.580106, -3.828422, 0.0 ] ] ] } },
{ "type": "Feature", "properties": { "regional": 11, "area_km2": 18.96058741621, "n_bairros": 13 }, "geometry": { "type": "Polygon", "coordinates": [ [ [ -38.598012, -3.772826, 0.0 ], [ -38.598063, -3.77295, 0.0 ], [ -38.598165, -3.773076, 0.0 ], [ -38.598343, -3.773219, 0.0 ], [ -38.598531, -3.77329, 0.0 ], [ -38.598674, -3.773309, 0.0 ], [ -38.598847, -3.773301, 0.0 ], [ -38.599959, -3.773129, 0.0 ], [ -38.600095, -3.773131, 0.0 ], [ -38.60026, -3.773176, 0.0 ], [ -38.600369, -3.773232, 0.0 ], [ -38.600459, -3.773283, 0.0 ], [ -38.600641, -3.77351, 0.0 ], [ -38.601089, -3.774122, 0.0 ], [ -38.601348, -3.774408, 0.0 ], [ -38.601444, -3.774505, 0.0 ], [ -38.601777, -3.774673, 0.0 ], [ -38.602066, -3.774747, 0.0 ], [ -38.603589, -3.774912, 0.0 ], [ -38.603677, -3.774924, 0.0 ], [ -38.605371, -3.775127, 0.0 ], [ -38.605904, -3.775192, 0.0 ], [ -38.605946, -3.775197, 0.0 ], [ -38.605986, -3.775201, 0.0 ], [ -38.607131, -3.775435, 0.0 ], [ -38.607627, -3.775528, 0.0 ], [ -38.608887, -3.775694, 0.0 ], [ -38.609839, -3.775817, 0.0 ], [ -38.610191, -3.775862, 0.0 ], [ -38.611544, -3.776037, 0.0 ], [ -38.612604, -3.776179, 0.0 ], [ -38.613125, -3.776232, 0.0 ], [ -38.614545, -3.776374, 0.0 ], [ -38.616499, -3.776579, 0.0 ], [ -38.617944, -3.776727, 0.0 ], [ -38.619579, -3.776909, 0.0 ], [ -38.620619, -3.777002, 0.0 ], [ -38.621174, -3.777057, 0.0 ], [ -38.621186, -3.777058, 0.0 ], [ -38.62118, -3.777038, 0.0 ], [ -38.621447, -3.777031, 0.0 ], [ -38.621007, -3.776171, 0.0 ], [ -38.620567, -3.775337, 0.0 ], [ -38.620221, -3.774694, 0.0 ], [ -38.619854, -3.773976, 0.0 ], [ -38.619539, -3.773369, 0.0 ], [ -38.619281, -3.772883, 0.0 ], [ -38.619101, -3.77253, 0.0 ], [ -38.618905, -3.772153, 0.0 ], [ -38.618707, -3.771778, 0.0 ], [ -38.618507, -3.771405, 0.0 ], [ -38.618315, -3.771016, 0.0 ], [ -38.61816, -3.77067, 0.0 ], [ -38.617916, -3.770303, 0.0 ], [ -38.617627, -3.769937, 0.0 ], [ -38.617379, -3.769592, 0.0 ], [ -38.617109, -3.769253, 0.0 ], [ -38.616832, -3.768878, 0.0 ], [ -38.616815, -3.768786, 0.0 ], [ -38.616941, -3.768664, 0.0 ], [ -38.616746, -3.768367, 0.0 ], [ -38.616613, -3.768115, 0.0 ], [ -38.616393, -3.767623, 0.0 ], [ -38.61613, -3.767019, 0.0 ], [ -38.615776, -3.766222, 0.0 ], [ -38.615613, -3.765827, 0.0 ], [ -38.61535, -3.765245, 0.0 ], [ -38.61505, -3.764568, 0.0 ], [ -38.614554, -3.763417, 0.0 ], [ -38.614153, -3.762477, 0.0 ], [ -38.614013, -3.762143, 0.0 ], [ -38.613757, -3.761577, 0.0 ], [ -38.613467, -3.760921, 0.0 ], [ -38.612564, -3.75884, 0.0 ], [ -38.612264, -3.758157, 0.0 ], [ -38.61193, -3.757441, 0.0 ], [ -38.611841, -3.757276, 0.0 ], [ -38.611555, -3.756749, 0.0 ], [ -38.611208, -3.756172, 0.0 ], [ -38.610885, -3.755711, 0.0 ], [ -38.610333, -3.755043, 0.0 ], [ -38.609825, -3.754467, 0.0 ], [ -38.609336, -3.753999, 0.0 ], [ -38.608658, -3.753434, 0.0 ], [ -38.6079, -3.752868, 0.0 ], [ -38.607004, -3.752261, 0.0 ], [ -38.606323, -3.751812, 0.0 ], [ -38.605566, -3.751292, 0.0 ], [ -38.604745, -3.750746, 0.0 ], [ -38.603457, -3.749874, 0.0 ], [ -38.60269, -3.749373, 0.0 ], [ -38.6021, -3.748965, 0.0 ], [ -38.601533, -3.74865, 0.0 ], [ -38.601326, -3.748468, 0.0 ], [ -38.601154, -3.748259, 0.0 ], [ -38.600988, -3.748038, 0.0 ], [ -38.60079, -3.747685, 0.0 ], [ -38.600636, -3.747337, 0.0 ], [ -38.600453, -3.746823, 0.0 ], [ -38.600173, -3.745994, 0.0 ], [ -38.599882, -3.745149, 0.0 ], [ -38.599571, -3.744199, 0.0 ], [ -38.599421, -3.743753, 0.0 ], [ -38.59919, -3.743075, 0.0 ], [ -38.598926, -3.742236, 0.0 ], [ -38.598759, -3.742483, 0.0 ], [ -38.598513, -3.742738, 0.0 ], [ -38.598256, -3.74298, 0.0 ], [ -38.598079, -3.743203, 0.0 ], [ -38.598043, -3.743263, 0.0 ], [ -38.598024, -3.743326, 0.0 ], [ -38.598013, -3.743376, 0.0 ], [ -38.598009, -3.743444, 0.0 ], [ -38.598029, -3.743745, 0.0 ], [ -38.598034, -3.743831, 0.0 ], [ -38.598028, -3.743893, 0.0 ], [ -38.598012, -3.743957, 0.0 ], [ -38.597963, -3.744056, 0.0 ], [ -38.597913, -3.744148, 0.0 ], [ -38.597865, -3.744225, 0.0 ], [ -38.597689, -3.74445, 0.0 ], [ -38.59758, -3.744584, 0.0 ], [ -38.597534, -3.744652, 0.0 ], [ -38.597499, -3.74475, 0.0 ], [ -38.597491, -3.744805, 0.0 ], [ -38.597496, -3.744916, 0.0 ], [ -38.597546, -3.745273, 0.0 ], [ -38.597585, -3.745463, 0.0 ], [ -38.597631, -3.745629, 0.0 ], [ -38.597712, -3.74586, 0.0 ], [ -38.597778, -3.746037, 0.0 ], [ -38.597802, -3.746089, 0.0 ], [ -38.59783, -3.746131, 0.0 ], [ -38.597859, -3.746161, 0.0 ], [ -38.59789, -3.746188, 0.0 ], [ -38.597915, -3.746205, 0.0 ], [ -38.598291, -3.746399, 0.0 ], [ -38.598328, -3.746425, 0.0 ], [ -38.598372, -3.746465, 0.0 ], [ -38.598474, -3.74656, 0.0 ], [ -38.598512, -3.746599, 0.0 ], [ -38.598538, -3.74663, 0.0 ], [ -38.59856, -3.746663, 0.0 ], [ -38.59858, -3.746709, 0.0 ], [ -38.598599, -3.746767, 0.0 ], [ -38.59861, -3.746829, 0.0 ], [ -38.598615, -3.746883, 0.0 ], [ -38.598616, -3.746957, 0.0 ], [ -38.598613, -3.747009, 0.0 ], [ -38.598605, -3.747085, 0.0 ], [ -38.598527, -3.747171, 0.0 ], [ -38.59848, -3.747228, 0.0 ], [ -38.598467, -3.747245, 0.0 ], [ -38.598451, -3.747272, 0.0 ], [ -38.598433, -3.74731, 0.0 ], [ -38.598414, -3.747353, 0.0 ], [ -38.598397, -3.747386, 0.0 ], [ -38.598385, -3.747409, 0.0 ], [ -38.598372, -3.74743, 0.0 ], [ -38.598352, -3.747454, 0.0 ], [ -38.598328, -3.74748, 0.0 ], [ -38.598297, -3.747505, 0.0 ], [ -38.59826, -3.747526, 0.0 ], [ -38.598221, -3.747545, 0.0 ], [ -38.598178, -3.747561, 0.0 ], [ -38.598139, -3.74757, 0.0 ], [ -38.598106, -3.747574, 0.0 ], [ -38.598076, -3.747574, 0.0 ], [ -38.598047, -3.747574, 0.0 ], [ -38.59802, -3.747571, 0.0 ], [ -38.598001, -3.747572, 0.0 ], [ -38.597827, -3.747625, 0.0 ], [ -38.597733, -3.747644, 0.0 ], [ -38.597641, -3.747667, 0.0 ], [ -38.597541, -3.747697, 0.0 ], [ -38.597471, -3.747711, 0.0 ], [ -38.597396, -3.747716, 0.0 ], [ -38.597329, -3.747712, 0.0 ], [ -38.597223, -3.747707, 0.0 ], [ -38.597118, -3.747704, 0.0 ], [ -38.596993, -3.7477, 0.0 ], [ -38.596902, -3.747693, 0.0 ], [ -38.596848, -3.74768, 0.0 ], [ -38.5968, -3.747669, 0.0 ], [ -38.596757, -3.747662, 0.0 ], [ -38.596698, -3.747656, 0.0 ], [ -38.596654, -3.747659, 0.0 ], [ -38.596612, -3.747669, 0.0 ], [ -38.596565, -3.747685, 0.0 ], [ -38.596496, -3.747721, 0.0 ], [ -38.596352, -3.747825, 0.0 ], [ -38.596239, -3.747912, 0.0 ], [ -38.596067, -3.748068, 0.0 ], [ -38.596032, -3.748091, 0.0 ], [ -38.595994, -3.748116, 0.0 ], [ -38.595941, -3.748138, 0.0 ], [ -38.595877, -3.748153, 0.0 ], [ -38.595814, -3.748165, 0.0 ], [ -38.595757, -3.748171, 0.0 ], [ -38.59572, -3.748174, 0.0 ], [ -38.595697, -3.748172, 0.0 ], [ -38.59567, -3.748165, 0.0 ], [ -38.595639, -3.748156, 0.0 ], [ -38.595611, -3.748142, 0.0 ], [ -38.595576, -3.748118, 0.0 ], [ -38.59554, -3.748083, 0.0 ], [ -38.595513, -3.748042, 0.0 ], [ -38.595491, -3.747995, 0.0 ], [ -38.59548, -3.747962, 0.0 ], [ -38.595474, -3.747935, 0.0 ], [ -38.595462, -3.747904, 0.0 ], [ -38.595439, -3.74787, 0.0 ], [ -38.595416, -3.747848, 0.0 ], [ -38.595385, -3.747835, 0.0 ], [ -38.595343, -3.747825, 0.0 ], [ -38.595269, -3.747821, 0.0 ], [ -38.595194, -3.747825, 0.0 ], [ -38.595128, -3.747832, 0.0 ], [ -38.595027, -3.747849, 0.0 ], [ -38.594873, -3.74787, 0.0 ], [ -38.594714, -3.747886, 0.0 ], [ -38.594487, -3.747897, 0.0 ], [ -38.59436, -3.747902, 0.0 ], [ -38.594296, -3.747909, 0.0 ], [ -38.594219, -3.747925, 0.0 ], [ -38.59415, -3.747937, 0.0 ], [ -38.594025, -3.747972, 0.0 ], [ -38.593988, -3.747985, 0.0 ], [ -38.593939, -3.748002, 0.0 ], [ -38.593891, -3.748016, 0.0 ], [ -38.593846, -3.74803, 0.0 ], [ -38.593792, -3.748042, 0.0 ], [ -38.593758, -3.748046, 0.0 ], [ -38.593727, -3.748048, 0.0 ], [ -38.593672, -3.748054, 0.0 ], [ -38.593629, -3.748061, 0.0 ], [ -38.593571, -3.74807, 0.0 ], [ -38.593521, -3.748076, 0.0 ], [ -38.593484, -3.748079, 0.0 ], [ -38.593449, -3.748078, 0.0 ], [ -38.593406, -3.748074, 0.0 ], [ -38.593353, -3.748071, 0.0 ], [ -38.593322, -3.748069, 0.0 ], [ -38.593294, -3.748066, 0.0 ], [ -38.593269, -3.748061, 0.0 ], [ -38.593251, -3.748061, 0.0 ], [ -38.593233, -3.748061, 0.0 ], [ -38.593213, -3.748063, 0.0 ], [ -38.593074, -3.748081, 0.0 ], [ -38.592971, -3.748099, 0.0 ], [ -38.592933, -3.748108, 0.0 ], [ -38.592889, -3.748121, 0.0 ], [ -38.592507, -3.748267, 0.0 ], [ -38.592443, -3.74829, 0.0 ], [ -38.592369, -3.748318, 0.0 ], [ -38.592284, -3.748346, 0.0 ], [ -38.592204, -3.748363, 0.0 ], [ -38.592126, -3.748375, 0.0 ], [ -38.592064, -3.74838, 0.0 ], [ -38.591972, -3.748381, 0.0 ], [ -38.591903, -3.748382, 0.0 ], [ -38.591861, -3.748383, 0.0 ], [ -38.591816, -3.748386, 0.0 ], [ -38.591792, -3.748389, 0.0 ], [ -38.591776, -3.748393, 0.0 ], [ -38.591751, -3.748401, 0.0 ], [ -38.591708, -3.748416, 0.0 ], [ -38.591682, -3.748419, 0.0 ], [ -38.591651, -3.748419, 0.0 ], [ -38.591596, -3.748417, 0.0 ], [ -38.591569, -3.748417, 0.0 ], [ -38.591534, -3.74842, 0.0 ], [ -38.591509, -3.74842, 0.0 ], [ -38.59149, -3.748423, 0.0 ], [ -38.591464, -3.748431, 0.0 ], [ -38.591432, -3.748444, 0.0 ], [ -38.5914, -3.748457, 0.0 ], [ -38.591369, -3.748467, 0.0 ], [ -38.591332, -3.748475, 0.0 ], [ -38.591298, -3.748479, 0.0 ], [ -38.591244, -3.748478, 0.0 ], [ -38.591178, -3.748474, 0.0 ], [ -38.591128, -3.748477, 0.0 ], [ -38.591088, -3.748488, 0.0 ], [ -38.591034, -3.7485, 0.0 ], [ -38.590985, -3.748505, 0.0 ], [ -38.590931, -3.748505, 0.0 ], [ -38.590897, -3.748508, 0.0 ], [ -38.590801, -3.748531, 0.0 ], [ -38.590497, -3.748596, 0.0 ], [ -38.590455, -3.748602, 0.0 ], [ -38.590403, -3.7486, 0.0 ], [ -38.590362, -3.748602, 0.0 ], [ -38.59033, -3.748607, 0.0 ], [ -38.590224, -3.748636, 0.0 ], [ -38.59016, -3.748653, 0.0 ], [ -38.590111, -3.748659, 0.0 ], [ -38.590044, -3.748663, 0.0 ], [ -38.590003, -3.748669, 0.0 ], [ -38.589957, -3.74868, 0.0 ], [ -38.589894, -3.748694, 0.0 ], [ -38.589769, -3.748702, 0.0 ], [ -38.589539, -3.748714, 0.0 ], [ -38.589359, -3.748714, 0.0 ], [ -38.589257, -3.748713, 0.0 ], [ -38.589148, -3.748708, 0.0 ], [ -38.588956, -3.748682, 0.0 ], [ -38.588819, -3.748635, 0.0 ], [ -38.588796, -3.74861, 0.0 ], [ -38.588785, -3.748575, 0.0 ], [ -38.588766, -3.748533, 0.0 ], [ -38.588742, -3.748473, 0.0 ], [ -38.588733, -3.748433, 0.0 ], [ -38.588728, -3.748399, 0.0 ], [ -38.588706, -3.748359, 0.0 ], [ -38.588678, -3.748316, 0.0 ], [ -38.588639, -3.74828, 0.0 ], [ -38.588603, -3.748263, 0.0 ], [ -38.588576, -3.748259, 0.0 ], [ -38.588558, -3.748261, 0.0 ], [ -38.588532, -3.748265, 0.0 ], [ -38.588515, -3.748264, 0.0 ], [ -38.588491, -3.748256, 0.0 ], [ -38.588457, -3.748237, 0.0 ], [ -38.588382, -3.748183, 0.0 ], [ -38.588237, -3.748097, 0.0 ], [ -38.588118, -3.748032, 0.0 ], [ -38.588051, -3.747988, 0.0 ], [ -38.587997, -3.747935, 0.0 ], [ -38.587971, -3.747919, 0.0 ], [ -38.587935, -3.747907, 0.0 ], [ -38.587904, -3.747904, 0.0 ], [ -38.587872, -3.747897, 0.0 ], [ -38.58784, -3.747885, 0.0 ], [ -38.587794, -3.747853, 0.0 ], [ -38.587699, -3.747757, 0.0 ], [ -38.587572, -3.747602, 0.0 ], [ -38.587553, -3.747581, 0.0 ], [ -38.58753, -3.747551, 0.0 ], [ -38.587521, -3.747528, 0.0 ], [ -38.587511, -3.747505, 0.0 ], [ -38.587501, -3.747493, 0.0 ], [ -38.587483, -3.747483, 0.0 ], [ -38.587463, -3.747479, 0.0 ], [ -38.58744, -3.747475, 0.0 ], [ -38.587425, -3.747467, 0.0 ], [ -38.587409, -3.747452, 0.0 ], [ -38.587384, -3.747418, 0.0 ], [ -38.58735, -3.747382, 0.0 ], [ -38.587295, -3.747339, 0.0 ], [ -38.587225, -3.747295, 0.0 ], [ -38.587173, -3.747254, 0.0 ], [ -38.587128, -3.747225, 0.0 ], [ -38.587076, -3.747196, 0.0 ], [ -38.587027, -3.747173, 0.0 ], [ -38.586993, -3.747144, 0.0 ], [ -38.586928, -3.747081, 0.0 ], [ -38.586892, -3.747028, 0.0 ], [ -38.586861, -3.746986, 0.0 ], [ -38.586821, -3.746943, 0.0 ], [ -38.586758, -3.746869, 0.0 ], [ -38.586748, -3.74685, 0.0 ], [ -38.586741, -3.746834, 0.0 ], [ -38.586728, -3.746815, 0.0 ], [ -38.586712, -3.7468, 0.0 ], [ -38.586696, -3.746786, 0.0 ], [ -38.586669, -3.746769, 0.0 ], [ -38.586626, -3.746749, 0.0 ], [ -38.586605, -3.746738, 0.0 ], [ -38.586593, -3.746727, 0.0 ], [ -38.586585, -3.746719, 0.0 ], [ -38.586572, -3.746711, 0.0 ], [ -38.586557, -3.746707, 0.0 ], [ -38.586535, -3.7467, 0.0 ], [ -38.586511, -3.746688, 0.0 ], [ -38.586477, -3.746666, 0.0 ], [ -38.58634, -3.746599, 0.0 ], [ -38.586309, -3.746575, 0.0 ], [ -38.586286, -3.746546, 0.0 ], [ -38.586271, -3.746519, 0.0 ], [ -38.586263, -3.74648, 0.0 ], [ -38.586259, -3.74645, 0.0 ], [ -38.586251, -3.746424, 0.0 ], [ -38.586242, -3.746398, 0.0 ], [ -38.586228, -3.746376, 0.0 ], [ -38.586196, -3.746348, 0.0 ], [ -38.58612, -3.746277, 0.0 ], [ -38.586097, -3.746263, 0.0 ], [ -38.586078, -3.746247, 0.0 ], [ -38.586066, -3.746228, 0.0 ], [ -38.586053, -3.746202, 0.0 ], [ -38.586041, -3.746182, 0.0 ], [ -38.586032, -3.746171, 0.0 ], [ -38.586017, -3.746157, 0.0 ], [ -38.586007, -3.746143, 0.0 ], [ -38.585998, -3.746118, 0.0 ], [ -38.585992, -3.74609, 0.0 ], [ -38.585989, -3.746051, 0.0 ], [ -38.585985, -3.746011, 0.0 ], [ -38.585979, -3.745982, 0.0 ], [ -38.585961, -3.745941, 0.0 ], [ -38.585939, -3.745893, 0.0 ], [ -38.585895, -3.745787, 0.0 ], [ -38.585888, -3.745757, 0.0 ], [ -38.585881, -3.745735, 0.0 ], [ -38.585871, -3.745693, 0.0 ], [ -38.585865, -3.745652, 0.0 ], [ -38.585847, -3.745611, 0.0 ], [ -38.585824, -3.745579, 0.0 ], [ -38.585799, -3.745551, 0.0 ], [ -38.585782, -3.74553, 0.0 ], [ -38.585757, -3.745492, 0.0 ], [ -38.585743, -3.745475, 0.0 ], [ -38.585723, -3.745454, 0.0 ], [ -38.585647, -3.74537, 0.0 ], [ -38.585637, -3.745356, 0.0 ], [ -38.58563, -3.745339, 0.0 ], [ -38.585582, -3.74516, 0.0 ], [ -38.585576, -3.745144, 0.0 ], [ -38.585518, -3.745023, 0.0 ], [ -38.585511, -3.745006, 0.0 ], [ -38.585508, -3.744985, 0.0 ], [ -38.585505, -3.744964, 0.0 ], [ -38.585499, -3.744947, 0.0 ], [ -38.585489, -3.744922, 0.0 ], [ -38.585445, -3.744839, 0.0 ], [ -38.585439, -3.744821, 0.0 ], [ -38.585434, -3.744794, 0.0 ], [ -38.585405, -3.744686, 0.0 ], [ -38.585398, -3.74467, 0.0 ], [ -38.585383, -3.744648, 0.0 ], [ -38.585362, -3.744629, 0.0 ], [ -38.585292, -3.744566, 0.0 ], [ -38.585234, -3.74452, 0.0 ], [ -38.58522, -3.744506, 0.0 ], [ -38.585207, -3.744491, 0.0 ], [ -38.585196, -3.744482, 0.0 ], [ -38.58518, -3.744474, 0.0 ], [ -38.585164, -3.744466, 0.0 ], [ -38.584969, -3.744439, 0.0 ], [ -38.584877, -3.744425, 0.0 ], [ -38.584857, -3.744422, 0.0 ], [ -38.584781, -3.744402, 0.0 ], [ -38.584698, -3.744342, 0.0 ], [ -38.58459, -3.744242, 0.0 ], [ -38.58456, -3.744198, 0.0 ], [ -38.58451, -3.744113, 0.0 ], [ -38.584308, -3.743806, 0.0 ], [ -38.584254, -3.743705, 0.0 ], [ -38.584238, -3.743687, 0.0 ], [ -38.58422, -3.743669, 0.0 ], [ -38.584199, -3.743656, 0.0 ], [ -38.58418, -3.743633, 0.0 ], [ -38.584168, -3.743613, 0.0 ], [ -38.584143, -3.743547, 0.0 ], [ -38.584133, -3.743513, 0.0 ], [ -38.584121, -3.743484, 0.0 ], [ -38.584063, -3.743346, 0.0 ], [ -38.584048, -3.743315, 0.0 ], [ -38.584036, -3.743296, 0.0 ], [ -38.58401, -3.743268, 0.0 ], [ -38.583971, -3.743218, 0.0 ], [ -38.583918, -3.743155, 0.0 ], [ -38.583863, -3.743107, 0.0 ], [ -38.58377, -3.743025, 0.0 ], [ -38.583726, -3.742996, 0.0 ], [ -38.583628, -3.74295, 0.0 ], [ -38.583556, -3.742927, 0.0 ], [ -38.583475, -3.74291, 0.0 ], [ -38.583399, -3.742903, 0.0 ], [ -38.58334, -3.742901, 0.0 ], [ -38.583314, -3.742906, 0.0 ], [ -38.583284, -3.742917, 0.0 ], [ -38.583261, -3.742931, 0.0 ], [ -38.583238, -3.742942, 0.0 ], [ -38.583215, -3.742946, 0.0 ], [ -38.583199, -3.742947, 0.0 ], [ -38.583164, -3.742942, 0.0 ], [ -38.58312, -3.742925, 0.0 ], [ -38.583028, -3.742859, 0.0 ], [ -38.582959, -3.74281, 0.0 ], [ -38.582921, -3.74277, 0.0 ], [ -38.5829, -3.742744, 0.0 ], [ -38.582876, -3.742722, 0.0 ], [ -38.58285, -3.742706, 0.0 ], [ -38.582813, -3.742693, 0.0 ], [ -38.582793, -3.742676, 0.0 ], [ -38.582729, -3.742627, 0.0 ], [ -38.582713, -3.74262, 0.0 ], [ -38.582698, -3.742618, 0.0 ], [ -38.582671, -3.742618, 0.0 ], [ -38.582644, -3.742626, 0.0 ], [ -38.582629, -3.742636, 0.0 ], [ -38.582612, -3.742644, 0.0 ], [ -38.582595, -3.742647, 0.0 ], [ -38.582573, -3.742647, 0.0 ], [ -38.582546, -3.742643, 0.0 ], [ -38.582501, -3.742633, 0.0 ], [ -38.582461, -3.742615, 0.0 ], [ -38.582411, -3.742574, 0.0 ], [ -38.58236, -3.742509, 0.0 ], [ -38.582321, -3.742453, 0.0 ], [ -38.582278, -3.742375, 0.0 ], [ -38.582255, -3.742332, 0.0 ], [ -38.582239, -3.742315, 0.0 ], [ -38.582225, -3.742305, 0.0 ], [ -38.5822, -3.742298, 0.0 ], [ -38.582166, -3.742295, 0.0 ], [ -38.582122, -3.742298, 0.0 ], [ -38.5821, -3.742297, 0.0 ], [ -38.582076, -3.742293, 0.0 ], [ -38.581949, -3.742244, 0.0 ], [ -38.581901, -3.742217, 0.0 ], [ -38.581834, -3.742187, 0.0 ], [ -38.58179, -3.742172, 0.0 ], [ -38.58174, -3.742164, 0.0 ], [ -38.581676, -3.74216, 0.0 ], [ -38.581614, -3.742148, 0.0 ], [ -38.581501, -3.742118, 0.0 ], [ -38.581417, -3.742104, 0.0 ], [ -38.581307, -3.742085, 0.0 ], [ -38.58121, -3.742059, 0.0 ], [ -38.581015, -3.741994, 0.0 ], [ -38.580951, -3.741973, 0.0 ], [ -38.580894, -3.741965, 0.0 ], [ -38.580761, -3.741946, 0.0 ], [ -38.580703, -3.741926, 0.0 ], [ -38.580644, -3.7419, 0.0 ], [ -38.580582, -3.741868, 0.0 ], [ -38.580527, -3.741847, 0.0 ], [ -38.580465, -3.741834, 0.0 ], [ -38.58038, -3.741824, 0.0 ], [ -38.580183, -3.741817, 0.0 ], [ -38.580132, -3.741806, 0.0 ], [ -38.580084, -3.741785, 0.0 ], [ -38.579927, -3.741696, 0.0 ], [ -38.579885, -3.741679, 0.0 ], [ -38.579813, -3.741656, 0.0 ], [ -38.579506, -3.741565, 0.0 ], [ -38.579194, -3.741456, 0.0 ], [ -38.578904, -3.741326, 0.0 ], [ -38.57881, -3.741269, 0.0 ], [ -38.578757, -3.741222, 0.0 ], [ -38.578719, -3.74116, 0.0 ], [ -38.578678, -3.741076, 0.0 ], [ -38.578634, -3.741013, 0.0 ], [ -38.578581, -3.740948, 0.0 ], [ -38.578513, -3.740818, 0.0 ], [ -38.578478, -3.740721, 0.0 ], [ -38.578459, -3.740674, 0.0 ], [ -38.578441, -3.740655, 0.0 ], [ -38.578418, -3.740641, 0.0 ], [ -38.57839, -3.740628, 0.0 ], [ -38.578373, -3.740619, 0.0 ], [ -38.578362, -3.740606, 0.0 ], [ -38.578353, -3.740592, 0.0 ], [ -38.578346, -3.740569, 0.0 ], [ -38.578345, -3.740534, 0.0 ], [ -38.57834, -3.740501, 0.0 ], [ -38.578329, -3.740468, 0.0 ], [ -38.57825, -3.740303, 0.0 ], [ -38.578161, -3.740178, 0.0 ], [ -38.578105, -3.740118, 0.0 ], [ -38.577992, -3.739952, 0.0 ], [ -38.57789, -3.739795, 0.0 ], [ -38.577826, -3.739715, 0.0 ], [ -38.577723, -3.739623, 0.0 ], [ -38.577621, -3.739543, 0.0 ], [ -38.577451, -3.739431, 0.0 ], [ -38.577395, -3.739404, 0.0 ], [ -38.577337, -3.73937, 0.0 ], [ -38.577288, -3.739328, 0.0 ], [ -38.577237, -3.739267, 0.0 ], [ -38.577178, -3.739199, 0.0 ], [ -38.577062, -3.739101, 0.0 ], [ -38.576944, -3.739025, 0.0 ], [ -38.576609, -3.738825, 0.0 ], [ -38.576344, -3.738681, 0.0 ], [ -38.576297, -3.738663, 0.0 ], [ -38.576256, -3.738654, 0.0 ], [ -38.576211, -3.738652, 0.0 ], [ -38.576161, -3.738661, 0.0 ], [ -38.576106, -3.738675, 0.0 ], [ -38.576038, -3.738698, 0.0 ], [ -38.575985, -3.738708, 0.0 ], [ -38.57592, -3.738723, 0.0 ], [ -38.575844, -3.738738, 0.0 ], [ -38.575759, -3.738748, 0.0 ], [ -38.57569, -3.738745, 0.0 ], [ -38.575625, -3.73873, 0.0 ], [ -38.575413, -3.738677, 0.0 ], [ -38.575298, -3.738642, 0.0 ], [ -38.575182, -3.738596, 0.0 ], [ -38.574982, -3.738514, 0.0 ], [ -38.574869, -3.738463, 0.0 ], [ -38.574833, -3.738434, 0.0 ], [ -38.574799, -3.738408, 0.0 ], [ -38.57477, -3.738393, 0.0 ], [ -38.574721, -3.738373, 0.0 ], [ -38.574642, -3.738347, 0.0 ], [ -38.574545, -3.738312, 0.0 ], [ -38.574419, -3.738261, 0.0 ], [ -38.574312, -3.738226, 0.0 ], [ -38.574233, -3.738191, 0.0 ], [ -38.574167, -3.738153, 0.0 ], [ -38.574115, -3.738109, 0.0 ], [ -38.574061, -3.738046, 0.0 ], [ -38.574017, -3.737988, 0.0 ], [ -38.574002, -3.737971, 0.0 ], [ -38.573994, -3.737965, 0.0 ], [ -38.573984, -3.73796, 0.0 ], [ -38.573967, -3.737958, 0.0 ], [ -38.573954, -3.73796, 0.0 ], [ -38.573935, -3.73796, 0.0 ], [ -38.573914, -3.737958, 0.0 ], [ -38.573894, -3.73795, 0.0 ], [ -38.573867, -3.737936, 0.0 ], [ -38.57379, -3.737891, 0.0 ], [ -38.573755, -3.737858, 0.0 ], [ -38.573705, -3.737794, 0.0 ], [ -38.573595, -3.737646, 0.0 ], [ -38.573558, -3.737597, 0.0 ], [ -38.573544, -3.737582, 0.0 ], [ -38.573524, -3.737568, 0.0 ], [ -38.573495, -3.737555, 0.0 ], [ -38.573469, -3.737542, 0.0 ], [ -38.57345, -3.737533, 0.0 ], [ -38.573436, -3.737525, 0.0 ], [ -38.573426, -3.737516, 0.0 ], [ -38.573416, -3.737503, 0.0 ], [ -38.573401, -3.737479, 0.0 ], [ -38.573391, -3.737467, 0.0 ], [ -38.573376, -3.737453, 0.0 ], [ -38.57334, -3.737423, 0.0 ], [ -38.573329, -3.737417, 0.0 ], [ -38.573319, -3.737411, 0.0 ], [ -38.573307, -3.737403, 0.0 ], [ -38.573301, -3.737396, 0.0 ], [ -38.573297, -3.737373, 0.0 ], [ -38.573319, -3.737196, 0.0 ], [ -38.571121, -3.736942, 0.0 ], [ -38.569767, -3.736821, 0.0 ], [ -38.569223, -3.73673, 0.0 ], [ -38.569238, -3.737168, 0.0 ], [ -38.56925, -3.737403, 0.0 ], [ -38.569277, -3.737962, 0.0 ], [ -38.569288, -3.7382, 0.0 ], [ -38.569286, -3.738316, 0.0 ], [ -38.569273, -3.738422, 0.0 ], [ -38.569183, -3.738702, 0.0 ], [ -38.569084, -3.738877, 0.0 ], [ -38.56897, -3.739009, 0.0 ], [ -38.568584, -3.739491, 0.0 ], [ -38.568227, -3.739926, 0.0 ], [ -38.567882, -3.74038, 0.0 ], [ -38.567566, -3.740937, 0.0 ], [ -38.567211, -3.741396, 0.0 ], [ -38.567044, -3.741588, 0.0 ], [ -38.566895, -3.741759, 0.0 ], [ -38.566641, -3.741966, 0.0 ], [ -38.566526, -3.742057, 0.0 ], [ -38.566215, -3.742316, 0.0 ], [ -38.56596, -3.742577, 0.0 ], [ -38.565424, -3.743193, 0.0 ], [ -38.564934, -3.74379, 0.0 ], [ -38.564858, -3.743921, 0.0 ], [ -38.564003, -3.744986, 0.0 ], [ -38.563145, -3.746052, 0.0 ], [ -38.562238, -3.747125, 0.0 ], [ -38.561376, -3.748123, 0.0 ], [ -38.560412, -3.749238, 0.0 ], [ -38.560104, -3.749616, 0.0 ], [ -38.559851, -3.749976, 0.0 ], [ -38.559446, -3.750511, 0.0 ], [ -38.55941, -3.750556, 0.0 ], [ -38.559206, -3.750812, 0.0 ], [ -38.558991, -3.75105, 0.0 ], [ -38.558744, -3.751334, 0.0 ], [ -38.558524, -3.751587, 0.0 ], [ -38.55845, -3.751673, 0.0 ], [ -38.558384, -3.751752, 0.0 ], [ -38.558257, -3.751903, 0.0 ], [ -38.558068, -3.752124, 0.0 ], [ -38.557706, -3.752548, 0.0 ], [ -38.557546, -3.752741, 0.0 ], [ -38.557373, -3.752932, 0.0 ], [ -38.557244, -3.753066, 0.0 ], [ -38.557085, -3.753236, 0.0 ], [ -38.556934, -3.7534, 0.0 ], [ -38.556741, -3.753604, 0.0 ], [ -38.556608, -3.753744, 0.0 ], [ -38.556469, -3.753902, 0.0 ], [ -38.556387, -3.753996, 0.0 ], [ -38.556279, -3.754106, 0.0 ], [ -38.556156, -3.754239, 0.0 ], [ -38.556084, -3.754313, 0.0 ], [ -38.555861, -3.754551, 0.0 ], [ -38.555661, -3.754762, 0.0 ], [ -38.555448, -3.754984, 0.0 ], [ -38.555409, -3.755025, 0.0 ], [ -38.555282, -3.755156, 0.0 ], [ -38.55538, -3.755256, 0.0 ], [ -38.555188, -3.75543, 0.0 ], [ -38.55475, -3.755831, 0.0 ], [ -38.55415, -3.756377, 0.0 ], [ -38.553776, -3.756718, 0.0 ], [ -38.553516, -3.756947, 0.0 ], [ -38.553594, -3.757033, 0.0 ], [ -38.553676, -3.757129, 0.0 ], [ -38.553877, -3.757359, 0.0 ], [ -38.553998, -3.757492, 0.0 ], [ -38.554168, -3.757683, 0.0 ], [ -38.554289, -3.757818, 0.0 ], [ -38.554524, -3.75808, 0.0 ], [ -38.554663, -3.758241, 0.0 ], [ -38.554763, -3.758353, 0.0 ], [ -38.554847, -3.758445, 0.0 ], [ -38.554917, -3.758525, 0.0 ], [ -38.554991, -3.758609, 0.0 ], [ -38.555109, -3.758739, 0.0 ], [ -38.555225, -3.758868, 0.0 ], [ -38.555376, -3.75904, 0.0 ], [ -38.555487, -3.759166, 0.0 ], [ -38.555578, -3.759269, 0.0 ], [ -38.555797, -3.75951, 0.0 ], [ -38.555871, -3.759595, 0.0 ], [ -38.555975, -3.759712, 0.0 ], [ -38.556227, -3.759987, 0.0 ], [ -38.556425, -3.760209, 0.0 ], [ -38.556581, -3.760387, 0.0 ], [ -38.556719, -3.760551, 0.0 ], [ -38.556838, -3.76069, 0.0 ], [ -38.556927, -3.760801, 0.0 ], [ -38.556999, -3.760891, 0.0 ], [ -38.557066, -3.760984, 0.0 ], [ -38.557152, -3.76111, 0.0 ], [ -38.557222, -3.761214, 0.0 ], [ -38.557293, -3.761328, 0.0 ], [ -38.557373, -3.76146, 0.0 ], [ -38.557451, -3.761597, 0.0 ], [ -38.557532, -3.761751, 0.0 ], [ -38.557617, -3.761922, 0.0 ], [ -38.557683, -3.762062, 0.0 ], [ -38.557732, -3.762171, 0.0 ], [ -38.557903, -3.762583, 0.0 ], [ -38.558093, -3.763041, 0.0 ], [ -38.558247, -3.763411, 0.0 ], [ -38.558321, -3.763594, 0.0 ], [ -38.558451, -3.763916, 0.0 ], [ -38.55858, -3.764227, 0.0 ], [ -38.558681, -3.764472, 0.0 ], [ -38.558776, -3.764706, 0.0 ], [ -38.558988, -3.765223, 0.0 ], [ -38.559207, -3.76576, 0.0 ], [ -38.559382, -3.766186, 0.0 ], [ -38.55958, -3.766667, 0.0 ], [ -38.559714, -3.766994, 0.0 ], [ -38.559814, -3.767236, 0.0 ], [ -38.563805, -3.765561, 0.0 ], [ -38.564744, -3.76515, 0.0 ], [ -38.565085, -3.765, 0.0 ], [ -38.565387, -3.764843, 0.0 ], [ -38.566708, -3.764139, 0.0 ], [ -38.567502, -3.765376, 0.0 ], [ -38.568029, -3.766102, 0.0 ], [ -38.568284, -3.766361, 0.0 ], [ -38.569067, -3.766903, 0.0 ], [ -38.569362, -3.767197, 0.0 ], [ -38.569688, -3.767614, 0.0 ], [ -38.569817, -3.767879, 0.0 ], [ -38.570381, -3.770091, 0.0 ], [ -38.570414, -3.770178, 0.0 ], [ -38.570454, -3.770255, 0.0 ], [ -38.570607, -3.770597, 0.0 ], [ -38.570858, -3.771027, 0.0 ], [ -38.571284, -3.771471, 0.0 ], [ -38.571731, -3.771923, 0.0 ], [ -38.572158, -3.772365, 0.0 ], [ -38.572844, -3.773093, 0.0 ], [ -38.573215, -3.773479, 0.0 ], [ -38.574634, -3.775037, 0.0 ], [ -38.574869, -3.775294, 0.0 ], [ -38.575141, -3.775596, 0.0 ], [ -38.575763, -3.776288, 0.0 ], [ -38.575962, -3.776513, 0.0 ], [ -38.576203, -3.77678, 0.0 ], [ -38.57673, -3.77657, 0.0 ], [ -38.576944, -3.776487, 0.0 ], [ -38.577005, -3.776468, 0.0 ], [ -38.577055, -3.776454, 0.0 ], [ -38.577095, -3.776448, 0.0 ], [ -38.57766, -3.776401, 0.0 ], [ -38.577773, -3.776389, 0.0 ], [ -38.577903, -3.776368, 0.0 ], [ -38.577974, -3.776354, 0.0 ], [ -38.578055, -3.776333, 0.0 ], [ -38.578114, -3.776314, 0.0 ], [ -38.57819, -3.776286, 0.0 ], [ -38.578257, -3.77626, 0.0 ], [ -38.578586, -3.776123, 0.0 ], [ -38.578616, -3.77611, 0.0 ], [ -38.57893, -3.775977, 0.0 ], [ -38.579037, -3.775939, 0.0 ], [ -38.579114, -3.775914, 0.0 ], [ -38.579198, -3.775889, 0.0 ], [ -38.579312, -3.77586, 0.0 ], [ -38.579464, -3.775825, 0.0 ], [ -38.579697, -3.775773, 0.0 ], [ -38.580023, -3.7757, 0.0 ], [ -38.580363, -3.775626, 0.0 ], [ -38.580919, -3.775505, 0.0 ], [ -38.581256, -3.775426, 0.0 ], [ -38.581468, -3.775376, 0.0 ], [ -38.581607, -3.775342, 0.0 ], [ -38.581711, -3.775317, 0.0 ], [ -38.581761, -3.775305, 0.0 ], [ -38.581909, -3.775269, 0.0 ], [ -38.581933, -3.775264, 0.0 ], [ -38.581958, -3.775257, 0.0 ], [ -38.581991, -3.775247, 0.0 ], [ -38.582031, -3.775233, 0.0 ], [ -38.582071, -3.775214, 0.0 ], [ -38.582099, -3.775198, 0.0 ], [ -38.582134, -3.775177, 0.0 ], [ -38.582177, -3.775145, 0.0 ], [ -38.582221, -3.775111, 0.0 ], [ -38.582289, -3.775054, 0.0 ], [ -38.582441, -3.774922, 0.0 ], [ -38.582614, -3.774771, 0.0 ], [ -38.582644, -3.774745, 0.0 ], [ -38.582829, -3.774583, 0.0 ], [ -38.583015, -3.774421, 0.0 ], [ -38.583176, -3.774281, 0.0 ], [ -38.583379, -3.774098, 0.0 ], [ -38.583415, -3.774061, 0.0 ], [ -38.583453, -3.774022, 0.0 ], [ -38.583488, -3.773982, 0.0 ], [ -38.583513, -3.773954, 0.0 ], [ -38.583623, -3.773809, 0.0 ], [ -38.583656, -3.773766, 0.0 ], [ -38.58369, -3.773728, 0.0 ], [ -38.58373, -3.77369, 0.0 ], [ -38.58377, -3.773654, 0.0 ], [ -38.583812, -3.773621, 0.0 ], [ -38.583852, -3.773592, 0.0 ], [ -38.583887, -3.77357, 0.0 ], [ -38.584252, -3.773356, 0.0 ], [ -38.584393, -3.773273, 0.0 ], [ -38.584404, -3.773266, 0.0 ], [ -38.584492, -3.773215, 0.0 ], [ -38.584593, -3.773161, 0.0 ], [ -38.584659, -3.773135, 0.0 ], [ -38.584676, -3.77313, 0.0 ], [ -38.584723, -3.77312, 0.0 ], [ -38.584738, -3.773117, 0.0 ], [ -38.58479, -3.773114, 0.0 ], [ -38.584833, -3.773112, 0.0 ], [ -38.584868, -3.773113, 0.0 ], [ -38.584896, -3.773113, 0.0 ], [ -38.584931, -3.773117, 0.0 ], [ -38.584958, -3.77312, 0.0 ], [ -38.585006, -3.773128, 0.0 ], [ -38.585062, -3.77314, 0.0 ], [ -38.585093, -3.773149, 0.0 ], [ -38.585115, -3.773156, 0.0 ], [ -38.585167, -3.773173, 0.0 ], [ -38.585217, -3.773192, 0.0 ], [ -38.585269, -3.773212, 0.0 ], [ -38.585321, -3.773236, 0.0 ], [ -38.585371, -3.773259, 0.0 ], [ -38.585463, -3.773307, 0.0 ], [ -38.585491, -3.773324, 0.0 ], [ -38.5855, -3.773329, 0.0 ], [ -38.585542, -3.773353, 0.0 ], [ -38.585585, -3.773377, 0.0 ], [ -38.585864, -3.773536, 0.0 ], [ -38.586102, -3.773672, 0.0 ], [ -38.586198, -3.773725, 0.0 ], [ -38.5863, -3.773775, 0.0 ], [ -38.586397, -3.773816, 0.0 ], [ -38.586464, -3.773843, 0.0 ], [ -38.586476, -3.773847, 0.0 ], [ -38.586561, -3.773879, 0.0 ], [ -38.586677, -3.773912, 0.0 ], [ -38.586738, -3.773924, 0.0 ], [ -38.586803, -3.773936, 0.0 ], [ -38.586877, -3.77394, 0.0 ], [ -38.587477, -3.773975, 0.0 ], [ -38.587926, -3.774005, 0.0 ], [ -38.588246, -3.77403, 0.0 ], [ -38.58851, -3.774053, 0.0 ], [ -38.588641, -3.774065, 0.0 ], [ -38.589026, -3.773819, 0.0 ], [ -38.589371, -3.773606, 0.0 ], [ -38.589623, -3.77345, 0.0 ], [ -38.589727, -3.773392, 0.0 ], [ -38.589869, -3.773301, 0.0 ], [ -38.589988, -3.77322, 0.0 ], [ -38.590232, -3.773038, 0.0 ], [ -38.590359, -3.772951, 0.0 ], [ -38.590488, -3.772859, 0.0 ], [ -38.590663, -3.77271, 0.0 ], [ -38.590703, -3.772676, 0.0 ], [ -38.590784, -3.772615, 0.0 ], [ -38.590865, -3.772563, 0.0 ], [ -38.590948, -3.772517, 0.0 ], [ -38.59131, -3.772823, 0.0 ], [ -38.591487, -3.772963, 0.0 ], [ -38.591553, -3.773024, 0.0 ], [ -38.591614, -3.77308, 0.0 ], [ -38.591664, -3.773121, 0.0 ], [ -38.591699, -3.77315, 0.0 ], [ -38.591823, -3.773237, 0.0 ], [ -38.591956, -3.773333, 0.0 ], [ -38.592026, -3.773386, 0.0 ], [ -38.592081, -3.77344, 0.0 ], [ -38.59214, -3.773498, 0.0 ], [ -38.592654, -3.774037, 0.0 ], [ -38.593955, -3.773032, 0.0 ], [ -38.595062, -3.772165, 0.0 ], [ -38.595562, -3.771775, 0.0 ], [ -38.595613, -3.771793, 0.0 ], [ -38.59572, -3.771833, 0.0 ], [ -38.595778, -3.771856, 0.0 ], [ -38.595833, -3.771893, 0.0 ], [ -38.595895, -3.771953, 0.0 ], [ -38.595948, -3.772031, 0.0 ], [ -38.595982, -3.772108, 0.0 ], [ -38.596002, -3.772201, 0.0 ], [ -38.596005, -3.772248, 0.0 ], [ -38.596013, -3.772386, 0.0 ], [ -38.596016, -3.772549, 0.0 ], [ -38.596029, -3.77265, 0.0 ], [ -38.596099, -3.772824, 0.0 ], [ -38.596118, -3.772876, 0.0 ], [ -38.596194, -3.77285, 0.0 ], [ -38.596319, -3.772802, 0.0 ], [ -38.596375, -3.772778, 0.0 ], [ -38.596446, -3.772745, 0.0 ], [ -38.596665, -3.772588, 0.0 ], [ -38.596891, -3.772437, 0.0 ], [ -38.596951, -3.772394, 0.0 ], [ -38.597016, -3.772352, 0.0 ], [ -38.597076, -3.772319, 0.0 ], [ -38.597144, -3.772287, 0.0 ], [ -38.597205, -3.772262, 0.0 ], [ -38.597481, -3.772151, 0.0 ], [ -38.597831, -3.772002, 0.0 ], [ -38.597964, -3.772645, 0.0 ], [ -38.598012, -3.772826, 0.0 ] ] ] } },
{ "type": "Feature", "properties": { "regional": 12, "area_km2": 5.871962396866051, "n_bairros": 3 }, "geometry": { "type": "Polygon", "coordinates": [ [ [ -38.540307, -3.728019, 0.0 ], [ -38.540376, -3.727545, 0.0 ], [ -38.540511, -3.726601, 0.0 ], [ -38.540534, -3.726447, 0.0 ], [ -38.540572, -3.726177, 0.0 ], [ -38.540658, -3.725575, 0.0 ], [ -38.540747, -3.724917, 0.0 ], [ -38.541736, -3.72461, 0.0 ], [ -38.541563, -3.724072, 0.0 ], [ -38.541302, -3.723217, 0.0 ], [ -38.541239, -3.723001, 0.0 ], [ -38.541165, -3.7228, 0.0 ], [ -38.541057, -3.722657, 0.0 ], [ -38.541136, -3.722053, 0.0 ], [ -38.541192, -3.721644, 0.0 ], [ -38.541201, -3.721575, 0.0 ], [ -38.541224, -3.721395, 0.0 ], [ -38.541267, -3.721081, 0.0 ], [ -38.541298, -3.720836, 0.0 ], [ -38.541396, -3.720132, 0.0 ], [ -38.541457, -3.719674, 0.0 ], [ -38.541493, -3.719404, 0.0 ], [ -38.5417, -3.71792, 0.0 ], [ -38.541731, -3.717706, 0.0 ], [ -38.541793, -3.717246, 0.0 ], [ -38.541828, -3.716992, 0.0 ], [ -38.54186, -3.716758, 0.0 ], [ -38.541883, -3.716587, 0.0 ], [ -38.541915, -3.716355, 0.0 ], [ -38.541945, -3.716134, 0.0 ], [ -38.541983, -3.715858, 0.0 ], [ -38.541986, -3.715827, 0.0 ], [ -38.541994, -3.715663, 0.0 ], [ -38.541987, -3.715445, 0.0 ], [ -38.542193, -3.715279, 0.0 ], [ -38.542743, -3.714956, 0.0 ], [ -38.542676, -3.71481, 0.0 ], [ -38.542594, -3.71464, 0.0 ], [ -38.542391, -3.714252, 0.0 ], [ -38.542192, -3.713768, 0.0 ], [ -38.542185, -3.713781, 0.0 ], [ -38.542176, -3.713793, 0.0 ], [ -38.542165, -3.713807, 0.0 ], [ -38.542118, -3.713844, 0.0 ], [ -38.542079, -3.71388, 0.0 ], [ -38.542036, -3.713923, 0.0 ], [ -38.542021, -3.713937, 0.0 ], [ -38.54195, -3.714023, 0.0 ], [ -38.541915, -3.714057, 0.0 ], [ -38.541889, -3.71409, 0.0 ], [ -38.541867, -3.714113, 0.0 ], [ -38.541826, -3.714148, 0.0 ], [ -38.541783, -3.714189, 0.0 ], [ -38.541729, -3.714257, 0.0 ], [ -38.541709, -3.714278, 0.0 ], [ -38.541642, -3.714377, 0.0 ], [ -38.541616, -3.714393, 0.0 ], [ -38.541577, -3.714429, 0.0 ], [ -38.541566, -3.714443, 0.0 ], [ -38.541533, -3.714497, 0.0 ], [ -38.541501, -3.714543, 0.0 ], [ -38.541492, -3.714553, 0.0 ], [ -38.541414, -3.714616, 0.0 ], [ -38.541359, -3.714654, 0.0 ], [ -38.54132, -3.714674, 0.0 ], [ -38.541271, -3.714708, 0.0 ], [ -38.541249, -3.714731, 0.0 ], [ -38.541193, -3.714767, 0.0 ], [ -38.541167, -3.714791, 0.0 ], [ -38.541127, -3.714831, 0.0 ], [ -38.541078, -3.714886, 0.0 ], [ -38.541045, -3.714924, 0.0 ], [ -38.54101, -3.714955, 0.0 ], [ -38.540965, -3.714988, 0.0 ], [ -38.540898, -3.715023, 0.0 ], [ -38.540881, -3.715035, 0.0 ], [ -38.540858, -3.715045, 0.0 ], [ -38.540842, -3.715057, 0.0 ], [ -38.540811, -3.715085, 0.0 ], [ -38.54078, -3.715121, 0.0 ], [ -38.540717, -3.715181, 0.0 ], [ -38.540704, -3.715191, 0.0 ], [ -38.540682, -3.715213, 0.0 ], [ -38.540629, -3.715256, 0.0 ], [ -38.540595, -3.715284, 0.0 ], [ -38.540578, -3.715304, 0.0 ], [ -38.540551, -3.715328, 0.0 ], [ -38.540521, -3.715353, 0.0 ], [ -38.540471, -3.715403, 0.0 ], [ -38.540436, -3.715433, 0.0 ], [ -38.540403, -3.71545, 0.0 ], [ -38.540341, -3.715465, 0.0 ], [ -38.540302, -3.715481, 0.0 ], [ -38.540274, -3.715494, 0.0 ], [ -38.540254, -3.715506, 0.0 ], [ -38.540182, -3.715557, 0.0 ], [ -38.54016, -3.715575, 0.0 ], [ -38.540136, -3.715599, 0.0 ], [ -38.540105, -3.715634, 0.0 ], [ -38.54009, -3.715653, 0.0 ], [ -38.54007, -3.715669, 0.0 ], [ -38.540049, -3.71568, 0.0 ], [ -38.540026, -3.715686, 0.0 ], [ -38.539998, -3.715699, 0.0 ], [ -38.539915, -3.715741, 0.0 ], [ -38.539885, -3.715762, 0.0 ], [ -38.539867, -3.71578, 0.0 ], [ -38.539836, -3.715802, 0.0 ], [ -38.539807, -3.715816, 0.0 ], [ -38.539722, -3.71587, 0.0 ], [ -38.539673, -3.715907, 0.0 ], [ -38.539645, -3.715933, 0.0 ], [ -38.539623, -3.715959, 0.0 ], [ -38.539604, -3.715977, 0.0 ], [ -38.539589, -3.715991, 0.0 ], [ -38.539522, -3.716071, 0.0 ], [ -38.539503, -3.716087, 0.0 ], [ -38.539484, -3.7161, 0.0 ], [ -38.53944, -3.716143, 0.0 ], [ -38.539366, -3.716204, 0.0 ], [ -38.539331, -3.716223, 0.0 ], [ -38.539292, -3.716233, 0.0 ], [ -38.539239, -3.716239, 0.0 ], [ -38.539149, -3.716271, 0.0 ], [ -38.539067, -3.716283, 0.0 ], [ -38.539028, -3.716285, 0.0 ], [ -38.53895, -3.716286, 0.0 ], [ -38.538919, -3.716283, 0.0 ], [ -38.538896, -3.716274, 0.0 ], [ -38.538888, -3.716265, 0.0 ], [ -38.538881, -3.716242, 0.0 ], [ -38.538873, -3.716224, 0.0 ], [ -38.538867, -3.716205, 0.0 ], [ -38.538861, -3.71616, 0.0 ], [ -38.538858, -3.716149, 0.0 ], [ -38.538846, -3.71613, 0.0 ], [ -38.538825, -3.716118, 0.0 ], [ -38.538795, -3.716106, 0.0 ], [ -38.538784, -3.7161, 0.0 ], [ -38.538779, -3.716093, 0.0 ], [ -38.538778, -3.716085, 0.0 ], [ -38.538781, -3.71607, 0.0 ], [ -38.538781, -3.716057, 0.0 ], [ -38.538774, -3.716046, 0.0 ], [ -38.538758, -3.716035, 0.0 ], [ -38.538735, -3.716033, 0.0 ], [ -38.538716, -3.716033, 0.0 ], [ -38.538694, -3.716038, 0.0 ], [ -38.538678, -3.716044, 0.0 ], [ -38.538638, -3.71608, 0.0 ], [ -38.538624, -3.716096, 0.0 ], [ -38.538612, -3.716115, 0.0 ], [ -38.538607, -3.716131, 0.0 ], [ -38.538606, -3.716142, 0.0 ], [ -38.538607, -3.716154, 0.0 ], [ -38.538611, -3.716166, 0.0 ], [ -38.538623, -3.716195, 0.0 ], [ -38.538623, -3.71621, 0.0 ], [ -38.538617, -3.716227, 0.0 ], [ -38.538607, -3.716242, 0.0 ], [ -38.538605, -3.716249, 0.0 ], [ -38.53857, -3.716286, 0.0 ], [ -38.538564, -3.716296, 0.0 ], [ -38.538541, -3.716315, 0.0 ], [ -38.538428, -3.716369, 0.0 ], [ -38.538408, -3.716381, 0.0 ], [ -38.538384, -3.716397, 0.0 ], [ -38.538355, -3.716423, 0.0 ], [ -38.538323, -3.71644, 0.0 ], [ -38.538271, -3.716476, 0.0 ], [ -38.538224, -3.716498, 0.0 ], [ -38.538209, -3.716506, 0.0 ], [ -38.538183, -3.716526, 0.0 ], [ -38.538151, -3.716541, 0.0 ], [ -38.538104, -3.716568, 0.0 ], [ -38.538048, -3.716598, 0.0 ], [ -38.538037, -3.716605, 0.0 ], [ -38.537969, -3.716635, 0.0 ], [ -38.537933, -3.716653, 0.0 ], [ -38.537903, -3.716667, 0.0 ], [ -38.537889, -3.716675, 0.0 ], [ -38.537874, -3.716681, 0.0 ], [ -38.53786, -3.716691, 0.0 ], [ -38.537834, -3.716705, 0.0 ], [ -38.537809, -3.716714, 0.0 ], [ -38.537741, -3.716745, 0.0 ], [ -38.537729, -3.716748, 0.0 ], [ -38.537694, -3.716764, 0.0 ], [ -38.537679, -3.716771, 0.0 ], [ -38.537651, -3.716788, 0.0 ], [ -38.537638, -3.716798, 0.0 ], [ -38.537613, -3.716813, 0.0 ], [ -38.537565, -3.716837, 0.0 ], [ -38.537534, -3.716849, 0.0 ], [ -38.537488, -3.716872, 0.0 ], [ -38.537472, -3.716882, 0.0 ], [ -38.537416, -3.716909, 0.0 ], [ -38.537398, -3.716923, 0.0 ], [ -38.53737, -3.716939, 0.0 ], [ -38.537297, -3.716969, 0.0 ], [ -38.537284, -3.716978, 0.0 ], [ -38.537269, -3.716984, 0.0 ], [ -38.537256, -3.716991, 0.0 ], [ -38.537239, -3.716995, 0.0 ], [ -38.537224, -3.717004, 0.0 ], [ -38.537184, -3.717014, 0.0 ], [ -38.537141, -3.717033, 0.0 ], [ -38.537107, -3.717046, 0.0 ], [ -38.537078, -3.717066, 0.0 ], [ -38.537015, -3.717117, 0.0 ], [ -38.537, -3.717126, 0.0 ], [ -38.536986, -3.717133, 0.0 ], [ -38.536943, -3.717148, 0.0 ], [ -38.536915, -3.717161, 0.0 ], [ -38.53688, -3.717172, 0.0 ], [ -38.536853, -3.717186, 0.0 ], [ -38.536815, -3.717226, 0.0 ], [ -38.536777, -3.717254, 0.0 ], [ -38.53674, -3.717271, 0.0 ], [ -38.536723, -3.717273, 0.0 ], [ -38.536706, -3.717279, 0.0 ], [ -38.536678, -3.717299, 0.0 ], [ -38.536635, -3.717333, 0.0 ], [ -38.536605, -3.717352, 0.0 ], [ -38.536584, -3.717373, 0.0 ], [ -38.536569, -3.71738, 0.0 ], [ -38.536553, -3.717386, 0.0 ], [ -38.536516, -3.717394, 0.0 ], [ -38.53647, -3.717408, 0.0 ], [ -38.536415, -3.717434, 0.0 ], [ -38.536375, -3.717448, 0.0 ], [ -38.536323, -3.717458, 0.0 ], [ -38.536285, -3.717471, 0.0 ], [ -38.536257, -3.717478, 0.0 ], [ -38.5362, -3.717479, 0.0 ], [ -38.536128, -3.717477, 0.0 ], [ -38.536105, -3.717469, 0.0 ], [ -38.536075, -3.71745, 0.0 ], [ -38.536055, -3.717442, 0.0 ], [ -38.536022, -3.717441, 0.0 ], [ -38.535975, -3.717447, 0.0 ], [ -38.535955, -3.717452, 0.0 ], [ -38.535922, -3.717465, 0.0 ], [ -38.535912, -3.717466, 0.0 ], [ -38.535898, -3.717463, 0.0 ], [ -38.535873, -3.717452, 0.0 ], [ -38.535857, -3.717449, 0.0 ], [ -38.535833, -3.717445, 0.0 ], [ -38.535792, -3.717443, 0.0 ], [ -38.535759, -3.71744, 0.0 ], [ -38.535731, -3.717433, 0.0 ], [ -38.535628, -3.717416, 0.0 ], [ -38.535606, -3.717414, 0.0 ], [ -38.535581, -3.717417, 0.0 ], [ -38.535524, -3.717414, 0.0 ], [ -38.535514, -3.717409, 0.0 ], [ -38.535504, -3.717398, 0.0 ], [ -38.535486, -3.717371, 0.0 ], [ -38.535468, -3.717355, 0.0 ], [ -38.535444, -3.717348, 0.0 ], [ -38.535418, -3.717338, 0.0 ], [ -38.535362, -3.717313, 0.0 ], [ -38.535359, -3.717308, 0.0 ], [ -38.535357, -3.717299, 0.0 ], [ -38.535352, -3.717284, 0.0 ], [ -38.535336, -3.717275, 0.0 ], [ -38.535311, -3.717264, 0.0 ], [ -38.535286, -3.717263, 0.0 ], [ -38.535267, -3.717266, 0.0 ], [ -38.535247, -3.717271, 0.0 ], [ -38.535212, -3.717288, 0.0 ], [ -38.535178, -3.717315, 0.0 ], [ -38.535152, -3.717332, 0.0 ], [ -38.535131, -3.717353, 0.0 ], [ -38.535108, -3.717366, 0.0 ], [ -38.535083, -3.717373, 0.0 ], [ -38.535036, -3.717397, 0.0 ], [ -38.535019, -3.717404, 0.0 ], [ -38.534985, -3.717415, 0.0 ], [ -38.534917, -3.717459, 0.0 ], [ -38.534891, -3.717473, 0.0 ], [ -38.534843, -3.717493, 0.0 ], [ -38.534787, -3.717513, 0.0 ], [ -38.53475, -3.717529, 0.0 ], [ -38.53473, -3.717549, 0.0 ], [ -38.534707, -3.717562, 0.0 ], [ -38.534649, -3.717582, 0.0 ], [ -38.534625, -3.717597, 0.0 ], [ -38.53461, -3.717608, 0.0 ], [ -38.534579, -3.717626, 0.0 ], [ -38.534536, -3.717647, 0.0 ], [ -38.534517, -3.717658, 0.0 ], [ -38.534421, -3.717706, 0.0 ], [ -38.534403, -3.717716, 0.0 ], [ -38.53438, -3.717725, 0.0 ], [ -38.534339, -3.717736, 0.0 ], [ -38.534299, -3.717755, 0.0 ], [ -38.534229, -3.717779, 0.0 ], [ -38.534202, -3.71779, 0.0 ], [ -38.534182, -3.717801, 0.0 ], [ -38.534168, -3.717811, 0.0 ], [ -38.534146, -3.717819, 0.0 ], [ -38.534135, -3.717823, 0.0 ], [ -38.53411, -3.717828, 0.0 ], [ -38.534075, -3.717839, 0.0 ], [ -38.534039, -3.717862, 0.0 ], [ -38.533954, -3.717892, 0.0 ], [ -38.53394, -3.7179, 0.0 ], [ -38.533893, -3.717919, 0.0 ], [ -38.533874, -3.717932, 0.0 ], [ -38.533853, -3.717944, 0.0 ], [ -38.533815, -3.71797, 0.0 ], [ -38.53377, -3.717991, 0.0 ], [ -38.53375, -3.718002, 0.0 ], [ -38.533722, -3.718024, 0.0 ], [ -38.533695, -3.718047, 0.0 ], [ -38.533683, -3.718054, 0.0 ], [ -38.53366, -3.718064, 0.0 ], [ -38.533619, -3.718079, 0.0 ], [ -38.533557, -3.718094, 0.0 ], [ -38.533474, -3.718123, 0.0 ], [ -38.533367, -3.718175, 0.0 ], [ -38.533344, -3.718193, 0.0 ], [ -38.533305, -3.71821, 0.0 ], [ -38.53329, -3.71822, 0.0 ], [ -38.533271, -3.71824, 0.0 ], [ -38.533261, -3.718248, 0.0 ], [ -38.533232, -3.718261, 0.0 ], [ -38.533183, -3.718276, 0.0 ], [ -38.533147, -3.718292, 0.0 ], [ -38.533128, -3.718301, 0.0 ], [ -38.533111, -3.718315, 0.0 ], [ -38.533097, -3.718325, 0.0 ], [ -38.53307, -3.718339, 0.0 ], [ -38.533018, -3.71836, 0.0 ], [ -38.53297, -3.718375, 0.0 ], [ -38.532951, -3.718381, 0.0 ], [ -38.532883, -3.718396, 0.0 ], [ -38.53284, -3.718397, 0.0 ], [ -38.532799, -3.718387, 0.0 ], [ -38.532777, -3.718387, 0.0 ], [ -38.532756, -3.718388, 0.0 ], [ -38.532714, -3.718403, 0.0 ], [ -38.532658, -3.718441, 0.0 ], [ -38.532643, -3.718448, 0.0 ], [ -38.532613, -3.718454, 0.0 ], [ -38.532562, -3.718469, 0.0 ], [ -38.532547, -3.718475, 0.0 ], [ -38.532526, -3.71848, 0.0 ], [ -38.532498, -3.718491, 0.0 ], [ -38.532447, -3.718506, 0.0 ], [ -38.532431, -3.718515, 0.0 ], [ -38.532389, -3.718529, 0.0 ], [ -38.532344, -3.718549, 0.0 ], [ -38.53232, -3.718561, 0.0 ], [ -38.532306, -3.718575, 0.0 ], [ -38.532295, -3.718583, 0.0 ], [ -38.532179, -3.71863, 0.0 ], [ -38.532153, -3.718637, 0.0 ], [ -38.532127, -3.718649, 0.0 ], [ -38.532063, -3.718671, 0.0 ], [ -38.53204, -3.718685, 0.0 ], [ -38.531997, -3.718718, 0.0 ], [ -38.531977, -3.718735, 0.0 ], [ -38.531932, -3.718779, 0.0 ], [ -38.531879, -3.718795, 0.0 ], [ -38.531817, -3.718806, 0.0 ], [ -38.531762, -3.718812, 0.0 ], [ -38.531709, -3.718824, 0.0 ], [ -38.531663, -3.718836, 0.0 ], [ -38.531609, -3.718853, 0.0 ], [ -38.531513, -3.718897, 0.0 ], [ -38.531449, -3.718925, 0.0 ], [ -38.531408, -3.718949, 0.0 ], [ -38.531362, -3.718982, 0.0 ], [ -38.531295, -3.719038, 0.0 ], [ -38.53125, -3.719054, 0.0 ], [ -38.531146, -3.719074, 0.0 ], [ -38.53107, -3.719105, 0.0 ], [ -38.531021, -3.719109, 0.0 ], [ -38.530957, -3.719109, 0.0 ], [ -38.530869, -3.719104, 0.0 ], [ -38.530829, -3.719088, 0.0 ], [ -38.53076, -3.719065, 0.0 ], [ -38.530665, -3.718972, 0.0 ], [ -38.530582, -3.718881, 0.0 ], [ -38.530485, -3.718778, 0.0 ], [ -38.530463, -3.71875, 0.0 ], [ -38.530358, -3.718642, 0.0 ], [ -38.530319, -3.718599, 0.0 ], [ -38.530252, -3.71851, 0.0 ], [ -38.530211, -3.71843, 0.0 ], [ -38.530197, -3.718398, 0.0 ], [ -38.530178, -3.718334, 0.0 ], [ -38.530156, -3.718305, 0.0 ], [ -38.530124, -3.718275, 0.0 ], [ -38.530053, -3.718229, 0.0 ], [ -38.530024, -3.718227, 0.0 ], [ -38.529984, -3.718241, 0.0 ], [ -38.529925, -3.718281, 0.0 ], [ -38.529884, -3.718298, 0.0 ], [ -38.529849, -3.7183, 0.0 ], [ -38.52982, -3.718313, 0.0 ], [ -38.529784, -3.718328, 0.0 ], [ -38.529714, -3.718362, 0.0 ], [ -38.529676, -3.718369, 0.0 ], [ -38.529645, -3.718367, 0.0 ], [ -38.529613, -3.718373, 0.0 ], [ -38.529572, -3.718374, 0.0 ], [ -38.529549, -3.718388, 0.0 ], [ -38.52935, -3.718433, 0.0 ], [ -38.529298, -3.718437, 0.0 ], [ -38.529266, -3.718451, 0.0 ], [ -38.529204, -3.718466, 0.0 ], [ -38.529171, -3.71848, 0.0 ], [ -38.529137, -3.71849, 0.0 ], [ -38.529098, -3.718501, 0.0 ], [ -38.529066, -3.718507, 0.0 ], [ -38.529034, -3.718507, 0.0 ], [ -38.528961, -3.718535, 0.0 ], [ -38.528915, -3.71855, 0.0 ], [ -38.52878, -3.718584, 0.0 ], [ -38.528744, -3.718596, 0.0 ], [ -38.528709, -3.718602, 0.0 ], [ -38.528656, -3.718615, 0.0 ], [ -38.52862, -3.718621, 0.0 ], [ -38.528548, -3.718642, 0.0 ], [ -38.528496, -3.718661, 0.0 ], [ -38.52844, -3.71867, 0.0 ], [ -38.528394, -3.718684, 0.0 ], [ -38.528301, -3.718706, 0.0 ], [ -38.528205, -3.718724, 0.0 ], [ -38.528144, -3.718733, 0.0 ], [ -38.528052, -3.71875, 0.0 ], [ -38.528021, -3.71877, 0.0 ], [ -38.527993, -3.718795, 0.0 ], [ -38.527976, -3.71882, 0.0 ], [ -38.527968, -3.718843, 0.0 ], [ -38.527976, -3.718876, 0.0 ], [ -38.527994, -3.718903, 0.0 ], [ -38.528026, -3.718921, 0.0 ], [ -38.528079, -3.718929, 0.0 ], [ -38.528102, -3.718926, 0.0 ], [ -38.528126, -3.718921, 0.0 ], [ -38.528158, -3.718911, 0.0 ], [ -38.528184, -3.718892, 0.0 ], [ -38.528206, -3.71888, 0.0 ], [ -38.528239, -3.718877, 0.0 ], [ -38.528299, -3.718876, 0.0 ], [ -38.528404, -3.71886, 0.0 ], [ -38.528851, -3.718736, 0.0 ], [ -38.528995, -3.718705, 0.0 ], [ -38.529151, -3.718666, 0.0 ], [ -38.529416, -3.718605, 0.0 ], [ -38.52951, -3.718586, 0.0 ], [ -38.529607, -3.718563, 0.0 ], [ -38.529706, -3.718542, 0.0 ], [ -38.529895, -3.718487, 0.0 ], [ -38.529915, -3.718487, 0.0 ], [ -38.52993, -3.718491, 0.0 ], [ -38.529949, -3.718499, 0.0 ], [ -38.529979, -3.718517, 0.0 ], [ -38.530019, -3.718549, 0.0 ], [ -38.530067, -3.718591, 0.0 ], [ -38.53017, -3.718693, 0.0 ], [ -38.530216, -3.71875, 0.0 ], [ -38.530528, -3.719124, 0.0 ], [ -38.530528, -3.719153, 0.0 ], [ -38.530504, -3.719237, 0.0 ], [ -38.530484, -3.719271, 0.0 ], [ -38.530461, -3.719288, 0.0 ], [ -38.530405, -3.719305, 0.0 ], [ -38.530157, -3.719362, 0.0 ], [ -38.530134, -3.719258, 0.0 ], [ -38.530155, -3.719253, 0.0 ], [ -38.530151, -3.719235, 0.0 ], [ -38.53009, -3.719248, 0.0 ], [ -38.530093, -3.719261, 0.0 ], [ -38.530048, -3.719271, 0.0 ], [ -38.530051, -3.719285, 0.0 ], [ -38.530117, -3.719271, 0.0 ], [ -38.530137, -3.719366, 0.0 ], [ -38.530096, -3.719376, 0.0 ], [ -38.529844, -3.719442, 0.0 ], [ -38.529599, -3.719512, 0.0 ], [ -38.529298, -3.719602, 0.0 ], [ -38.528967, -3.719724, 0.0 ], [ -38.528644, -3.71985, 0.0 ], [ -38.528612, -3.719778, 0.0 ], [ -38.528662, -3.719755, 0.0 ], [ -38.528651, -3.719729, 0.0 ], [ -38.528532, -3.719782, 0.0 ], [ -38.528543, -3.719807, 0.0 ], [ -38.52859, -3.719786, 0.0 ], [ -38.528624, -3.719858, 0.0 ], [ -38.528563, -3.719881, 0.0 ], [ -38.528517, -3.719858, 0.0 ], [ -38.528469, -3.719823, 0.0 ], [ -38.528431, -3.71978, 0.0 ], [ -38.528369, -3.719723, 0.0 ], [ -38.528311, -3.719666, 0.0 ], [ -38.528204, -3.719592, 0.0 ], [ -38.528134, -3.719555, 0.0 ], [ -38.528055, -3.719517, 0.0 ], [ -38.527978, -3.719491, 0.0 ], [ -38.527912, -3.719464, 0.0 ], [ -38.527869, -3.719441, 0.0 ], [ -38.527838, -3.719422, 0.0 ], [ -38.527805, -3.719419, 0.0 ], [ -38.527765, -3.71942, 0.0 ], [ -38.527715, -3.71943, 0.0 ], [ -38.527606, -3.719433, 0.0 ], [ -38.52743, -3.719463, 0.0 ], [ -38.527326, -3.719483, 0.0 ], [ -38.527219, -3.7195, 0.0 ], [ -38.527184, -3.719517, 0.0 ], [ -38.52713, -3.719535, 0.0 ], [ -38.527064, -3.719552, 0.0 ], [ -38.526964, -3.719574, 0.0 ], [ -38.526755, -3.719626, 0.0 ], [ -38.526649, -3.71965, 0.0 ], [ -38.526579, -3.719664, 0.0 ], [ -38.526457, -3.719703, 0.0 ], [ -38.526391, -3.719722, 0.0 ], [ -38.526325, -3.719746, 0.0 ], [ -38.526233, -3.719777, 0.0 ], [ -38.526217, -3.719782, 0.0 ], [ -38.526175, -3.71963, 0.0 ], [ -38.526132, -3.719641, 0.0 ], [ -38.52614, -3.719691, 0.0 ], [ -38.526156, -3.719757, 0.0 ], [ -38.526169, -3.719797, 0.0 ], [ -38.526114, -3.719816, 0.0 ], [ -38.526023, -3.719838, 0.0 ], [ -38.525997, -3.719847, 0.0 ], [ -38.52596, -3.719849, 0.0 ], [ -38.525949, -3.719848, 0.0 ], [ -38.525917, -3.719852, 0.0 ], [ -38.525863, -3.719878, 0.0 ], [ -38.525847, -3.719892, 0.0 ], [ -38.525683, -3.719977, 0.0 ], [ -38.525657, -3.719988, 0.0 ], [ -38.525626, -3.719995, 0.0 ], [ -38.525612, -3.719999, 0.0 ], [ -38.525603, -3.719992, 0.0 ], [ -38.525588, -3.719992, 0.0 ], [ -38.525581, -3.719999, 0.0 ], [ -38.52558, -3.720013, 0.0 ], [ -38.525583, -3.720023, 0.0 ], [ -38.525582, -3.720032, 0.0 ], [ -38.525584, -3.720049, 0.0 ], [ -38.525569, -3.720056, 0.0 ], [ -38.525561, -3.720029, 0.0 ], [ -38.525544, -3.720015, 0.0 ], [ -38.525512, -3.720002, 0.0 ], [ -38.525472, -3.719978, 0.0 ], [ -38.525366, -3.719895, 0.0 ], [ -38.525334, -3.719874, 0.0 ], [ -38.525289, -3.719847, 0.0 ], [ -38.525237, -3.719823, 0.0 ], [ -38.525185, -3.719794, 0.0 ], [ -38.525163, -3.719776, 0.0 ], [ -38.525107, -3.719738, 0.0 ], [ -38.525064, -3.71972, 0.0 ], [ -38.525023, -3.719696, 0.0 ], [ -38.525001, -3.719671, 0.0 ], [ -38.524923, -3.719618, 0.0 ], [ -38.524899, -3.71961, 0.0 ], [ -38.524896, -3.719605, 0.0 ], [ -38.524906, -3.719591, 0.0 ], [ -38.524907, -3.719572, 0.0 ], [ -38.524904, -3.719546, 0.0 ], [ -38.524893, -3.719514, 0.0 ], [ -38.524874, -3.719487, 0.0 ], [ -38.524861, -3.719471, 0.0 ], [ -38.524839, -3.719435, 0.0 ], [ -38.524825, -3.719404, 0.0 ], [ -38.524827, -3.719395, 0.0 ], [ -38.524832, -3.719384, 0.0 ], [ -38.524836, -3.719366, 0.0 ], [ -38.524831, -3.719336, 0.0 ], [ -38.524823, -3.71932, 0.0 ], [ -38.524814, -3.719275, 0.0 ], [ -38.524806, -3.719251, 0.0 ], [ -38.524805, -3.71924, 0.0 ], [ -38.524816, -3.719224, 0.0 ], [ -38.52483, -3.719209, 0.0 ], [ -38.524859, -3.719192, 0.0 ], [ -38.524868, -3.719175, 0.0 ], [ -38.524872, -3.71917, 0.0 ], [ -38.524893, -3.719166, 0.0 ], [ -38.524952, -3.719148, 0.0 ], [ -38.524961, -3.719137, 0.0 ], [ -38.524972, -3.719117, 0.0 ], [ -38.524988, -3.719104, 0.0 ], [ -38.52504, -3.719074, 0.0 ], [ -38.525064, -3.719063, 0.0 ], [ -38.525082, -3.719051, 0.0 ], [ -38.525094, -3.719038, 0.0 ], [ -38.525096, -3.719018, 0.0 ], [ -38.525091, -3.719001, 0.0 ], [ -38.525085, -3.718986, 0.0 ], [ -38.525071, -3.718969, 0.0 ], [ -38.525057, -3.718962, 0.0 ], [ -38.525036, -3.71896, 0.0 ], [ -38.52502, -3.718965, 0.0 ], [ -38.524999, -3.718976, 0.0 ], [ -38.52496, -3.718992, 0.0 ], [ -38.524946, -3.719, 0.0 ], [ -38.524929, -3.719017, 0.0 ], [ -38.524912, -3.71902, 0.0 ], [ -38.524902, -3.719037, 0.0 ], [ -38.52489, -3.719051, 0.0 ], [ -38.524864, -3.719065, 0.0 ], [ -38.524836, -3.719082, 0.0 ], [ -38.524826, -3.719093, 0.0 ], [ -38.524801, -3.719105, 0.0 ], [ -38.524777, -3.719121, 0.0 ], [ -38.524764, -3.719138, 0.0 ], [ -38.524735, -3.719157, 0.0 ], [ -38.524712, -3.719175, 0.0 ], [ -38.524664, -3.719205, 0.0 ], [ -38.524591, -3.719246, 0.0 ], [ -38.524578, -3.719252, 0.0 ], [ -38.524559, -3.719253, 0.0 ], [ -38.524522, -3.719229, 0.0 ], [ -38.524498, -3.719233, 0.0 ], [ -38.524477, -3.719242, 0.0 ], [ -38.52446, -3.719255, 0.0 ], [ -38.524454, -3.719263, 0.0 ], [ -38.524447, -3.719265, 0.0 ], [ -38.52443, -3.719245, 0.0 ], [ -38.524419, -3.71922, 0.0 ], [ -38.524403, -3.719211, 0.0 ], [ -38.524378, -3.719202, 0.0 ], [ -38.524357, -3.719187, 0.0 ], [ -38.52433, -3.719162, 0.0 ], [ -38.524299, -3.719141, 0.0 ], [ -38.524275, -3.719123, 0.0 ], [ -38.524256, -3.719105, 0.0 ], [ -38.524216, -3.719032, 0.0 ], [ -38.524198, -3.719009, 0.0 ], [ -38.52417, -3.718943, 0.0 ], [ -38.524128, -3.71883, 0.0 ], [ -38.524072, -3.71871, 0.0 ], [ -38.523983, -3.718489, 0.0 ], [ -38.523978, -3.718459, 0.0 ], [ -38.524799, -3.718093, 0.0 ], [ -38.524744, -3.717975, 0.0 ], [ -38.524266, -3.718192, 0.0 ], [ -38.523931, -3.718342, 0.0 ], [ -38.523921, -3.718343, 0.0 ], [ -38.52391, -3.718332, 0.0 ], [ -38.523844, -3.718175, 0.0 ], [ -38.523835, -3.718156, 0.0 ], [ -38.523816, -3.718103, 0.0 ], [ -38.523762, -3.717996, 0.0 ], [ -38.523755, -3.717976, 0.0 ], [ -38.52375, -3.717952, 0.0 ], [ -38.523747, -3.717943, 0.0 ], [ -38.52379, -3.717924, 0.0 ], [ -38.52381, -3.717969, 0.0 ], [ -38.523956, -3.717907, 0.0 ], [ -38.52396, -3.717918, 0.0 ], [ -38.524071, -3.717869, 0.0 ], [ -38.524066, -3.717858, 0.0 ], [ -38.524463, -3.717686, 0.0 ], [ -38.524441, -3.717634, 0.0 ], [ -38.524414, -3.717646, 0.0 ], [ -38.524362, -3.717528, 0.0 ], [ -38.524389, -3.717516, 0.0 ], [ -38.524368, -3.717466, 0.0 ], [ -38.523714, -3.717747, 0.0 ], [ -38.523733, -3.71779, 0.0 ], [ -38.523683, -3.717813, 0.0 ], [ -38.523658, -3.71776, 0.0 ], [ -38.523627, -3.717688, 0.0 ], [ -38.523622, -3.717669, 0.0 ], [ -38.523619, -3.717652, 0.0 ], [ -38.52358, -3.717583, 0.0 ], [ -38.523559, -3.717539, 0.0 ], [ -38.523534, -3.717474, 0.0 ], [ -38.523514, -3.717413, 0.0 ], [ -38.523499, -3.717382, 0.0 ], [ -38.523473, -3.717357, 0.0 ], [ -38.523458, -3.717349, 0.0 ], [ -38.523446, -3.71735, 0.0 ], [ -38.523407, -3.717362, 0.0 ], [ -38.5234, -3.717369, 0.0 ], [ -38.523395, -3.717383, 0.0 ], [ -38.523398, -3.717398, 0.0 ], [ -38.523402, -3.717427, 0.0 ], [ -38.523446, -3.717577, 0.0 ], [ -38.523453, -3.71762, 0.0 ], [ -38.523446, -3.717641, 0.0 ], [ -38.523441, -3.717649, 0.0 ], [ -38.523424, -3.717663, 0.0 ], [ -38.523382, -3.717682, 0.0 ], [ -38.523359, -3.717696, 0.0 ], [ -38.52332, -3.717724, 0.0 ], [ -38.523291, -3.717757, 0.0 ], [ -38.523184, -3.717837, 0.0 ], [ -38.523119, -3.717884, 0.0 ], [ -38.523005, -3.717954, 0.0 ], [ -38.522972, -3.717972, 0.0 ], [ -38.522935, -3.717988, 0.0 ], [ -38.52292, -3.717998, 0.0 ], [ -38.522893, -3.71801, 0.0 ], [ -38.522835, -3.718047, 0.0 ], [ -38.522821, -3.718059, 0.0 ], [ -38.522789, -3.718071, 0.0 ], [ -38.52278, -3.71807, 0.0 ], [ -38.522771, -3.718066, 0.0 ], [ -38.52276, -3.718058, 0.0 ], [ -38.522735, -3.718045, 0.0 ], [ -38.522715, -3.718028, 0.0 ], [ -38.52269, -3.718017, 0.0 ], [ -38.522665, -3.718011, 0.0 ], [ -38.522638, -3.717994, 0.0 ], [ -38.5226, -3.717958, 0.0 ], [ -38.522571, -3.717914, 0.0 ], [ -38.522562, -3.717897, 0.0 ], [ -38.522559, -3.71787, 0.0 ], [ -38.522549, -3.717846, 0.0 ], [ -38.522532, -3.717833, 0.0 ], [ -38.52252, -3.71783, 0.0 ], [ -38.522487, -3.717814, 0.0 ], [ -38.522471, -3.717795, 0.0 ], [ -38.522466, -3.717787, 0.0 ], [ -38.522457, -3.717764, 0.0 ], [ -38.522453, -3.717737, 0.0 ], [ -38.522457, -3.717723, 0.0 ], [ -38.522471, -3.717696, 0.0 ], [ -38.522474, -3.717676, 0.0 ], [ -38.522458, -3.717632, 0.0 ], [ -38.522432, -3.717577, 0.0 ], [ -38.522405, -3.717514, 0.0 ], [ -38.522385, -3.717449, 0.0 ], [ -38.522373, -3.717424, 0.0 ], [ -38.522368, -3.717403, 0.0 ], [ -38.523398, -3.716947, 0.0 ], [ -38.523512, -3.716915, 0.0 ], [ -38.523565, -3.716906, 0.0 ], [ -38.523627, -3.716903, 0.0 ], [ -38.523661, -3.71691, 0.0 ], [ -38.523699, -3.71691, 0.0 ], [ -38.523739, -3.716905, 0.0 ], [ -38.523764, -3.716894, 0.0 ], [ -38.523801, -3.716872, 0.0 ], [ -38.523836, -3.71684, 0.0 ], [ -38.523851, -3.716813, 0.0 ], [ -38.523853, -3.716793, 0.0 ], [ -38.523845, -3.716779, 0.0 ], [ -38.523848, -3.716763, 0.0 ], [ -38.524111, -3.716651, 0.0 ], [ -38.52415, -3.716658, 0.0 ], [ -38.524172, -3.716656, 0.0 ], [ -38.524195, -3.716651, 0.0 ], [ -38.524219, -3.716641, 0.0 ], [ -38.524249, -3.716626, 0.0 ], [ -38.524274, -3.716604, 0.0 ], [ -38.524322, -3.716586, 0.0 ], [ -38.524354, -3.716576, 0.0 ], [ -38.524412, -3.716541, 0.0 ], [ -38.52448, -3.716515, 0.0 ], [ -38.524559, -3.716476, 0.0 ], [ -38.524585, -3.716465, 0.0 ], [ -38.524616, -3.716454, 0.0 ], [ -38.524636, -3.716445, 0.0 ], [ -38.524651, -3.716434, 0.0 ], [ -38.524704, -3.716417, 0.0 ], [ -38.524768, -3.716394, 0.0 ], [ -38.524802, -3.71637, 0.0 ], [ -38.524829, -3.716361, 0.0 ], [ -38.524845, -3.716351, 0.0 ], [ -38.52486, -3.716339, 0.0 ], [ -38.524876, -3.716331, 0.0 ], [ -38.52489, -3.716329, 0.0 ], [ -38.524953, -3.716311, 0.0 ], [ -38.525045, -3.716628, 0.0 ], [ -38.525521, -3.716457, 0.0 ], [ -38.525474, -3.716317, 0.0 ], [ -38.52525, -3.716409, 0.0 ], [ -38.525231, -3.716354, 0.0 ], [ -38.525062, -3.716415, 0.0 ], [ -38.525023, -3.716282, 0.0 ], [ -38.525082, -3.716248, 0.0 ], [ -38.525225, -3.716179, 0.0 ], [ -38.525425, -3.716101, 0.0 ], [ -38.525484, -3.716082, 0.0 ], [ -38.525529, -3.716064, 0.0 ], [ -38.525598, -3.716033, 0.0 ], [ -38.525641, -3.716008, 0.0 ], [ -38.525699, -3.715977, 0.0 ], [ -38.525736, -3.715963, 0.0 ], [ -38.525781, -3.71594, 0.0 ], [ -38.525979, -3.715863, 0.0 ], [ -38.526097, -3.71581, 0.0 ], [ -38.526202, -3.715783, 0.0 ], [ -38.52628, -3.715758, 0.0 ], [ -38.52631, -3.715744, 0.0 ], [ -38.526395, -3.715693, 0.0 ], [ -38.526422, -3.715682, 0.0 ], [ -38.526448, -3.715675, 0.0 ], [ -38.526479, -3.71567, 0.0 ], [ -38.526499, -3.715658, 0.0 ], [ -38.526511, -3.715644, 0.0 ], [ -38.526524, -3.715635, 0.0 ], [ -38.526542, -3.71563, 0.0 ], [ -38.526567, -3.715629, 0.0 ], [ -38.526606, -3.71564, 0.0 ], [ -38.526668, -3.715663, 0.0 ], [ -38.526712, -3.715688, 0.0 ], [ -38.526777, -3.715733, 0.0 ], [ -38.526817, -3.715756, 0.0 ], [ -38.526861, -3.715778, 0.0 ], [ -38.526917, -3.715811, 0.0 ], [ -38.526973, -3.715852, 0.0 ], [ -38.527017, -3.715877, 0.0 ], [ -38.527069, -3.715909, 0.0 ], [ -38.527135, -3.715945, 0.0 ], [ -38.527192, -3.715986, 0.0 ], [ -38.527244, -3.716015, 0.0 ], [ -38.527297, -3.716049, 0.0 ], [ -38.527339, -3.716079, 0.0 ], [ -38.527438, -3.716141, 0.0 ], [ -38.527467, -3.716155, 0.0 ], [ -38.52749, -3.716158, 0.0 ], [ -38.527507, -3.716159, 0.0 ], [ -38.527541, -3.71615, 0.0 ], [ -38.527553, -3.716135, 0.0 ], [ -38.527559, -3.716113, 0.0 ], [ -38.527559, -3.716087, 0.0 ], [ -38.527556, -3.716062, 0.0 ], [ -38.527549, -3.71604, 0.0 ], [ -38.527537, -3.716016, 0.0 ], [ -38.527522, -3.716, 0.0 ], [ -38.527486, -3.715975, 0.0 ], [ -38.527381, -3.715922, 0.0 ], [ -38.527324, -3.715881, 0.0 ], [ -38.52727, -3.715837, 0.0 ], [ -38.527183, -3.715789, 0.0 ], [ -38.527134, -3.715771, 0.0 ], [ -38.52709, -3.715749, 0.0 ], [ -38.527054, -3.715727, 0.0 ], [ -38.527025, -3.715704, 0.0 ], [ -38.526991, -3.715681, 0.0 ], [ -38.526938, -3.715654, 0.0 ], [ -38.526895, -3.71563, 0.0 ], [ -38.526855, -3.715603, 0.0 ], [ -38.526834, -3.715575, 0.0 ], [ -38.52682, -3.715549, 0.0 ], [ -38.526796, -3.715511, 0.0 ], [ -38.526742, -3.715441, 0.0 ], [ -38.526716, -3.715416, 0.0 ], [ -38.526684, -3.715398, 0.0 ], [ -38.526659, -3.715389, 0.0 ], [ -38.526622, -3.715385, 0.0 ], [ -38.526585, -3.715387, 0.0 ], [ -38.526555, -3.715401, 0.0 ], [ -38.526527, -3.715423, 0.0 ], [ -38.526503, -3.715451, 0.0 ], [ -38.526483, -3.715468, 0.0 ], [ -38.5264, -3.715503, 0.0 ], [ -38.526301, -3.715554, 0.0 ], [ -38.526172, -3.715612, 0.0 ], [ -38.526047, -3.715659, 0.0 ], [ -38.525969, -3.715713, 0.0 ], [ -38.525885, -3.715737, 0.0 ], [ -38.525836, -3.715753, 0.0 ], [ -38.525778, -3.715781, 0.0 ], [ -38.525711, -3.715801, 0.0 ], [ -38.525678, -3.715808, 0.0 ], [ -38.525647, -3.715822, 0.0 ], [ -38.525622, -3.715836, 0.0 ], [ -38.525544, -3.715904, 0.0 ], [ -38.525515, -3.715922, 0.0 ], [ -38.525481, -3.715937, 0.0 ], [ -38.525459, -3.715942, 0.0 ], [ -38.525427, -3.71594, 0.0 ], [ -38.525396, -3.715936, 0.0 ], [ -38.525367, -3.715936, 0.0 ], [ -38.525334, -3.71595, 0.0 ], [ -38.525283, -3.715973, 0.0 ], [ -38.525264, -3.715992, 0.0 ], [ -38.525134, -3.716054, 0.0 ], [ -38.524938, -3.716144, 0.0 ], [ -38.524773, -3.71621, 0.0 ], [ -38.524615, -3.716285, 0.0 ], [ -38.524369, -3.716399, 0.0 ], [ -38.524251, -3.716449, 0.0 ], [ -38.524134, -3.716502, 0.0 ], [ -38.524099, -3.716521, 0.0 ], [ -38.524093, -3.716534, 0.0 ], [ -38.524093, -3.716541, 0.0 ], [ -38.524097, -3.716555, 0.0 ], [ -38.523809, -3.716684, 0.0 ], [ -38.52374, -3.71667, 0.0 ], [ -38.523679, -3.716673, 0.0 ], [ -38.523629, -3.716678, 0.0 ], [ -38.523599, -3.716687, 0.0 ], [ -38.523579, -3.716711, 0.0 ], [ -38.523566, -3.716736, 0.0 ], [ -38.523547, -3.716757, 0.0 ], [ -38.523503, -3.716791, 0.0 ], [ -38.523406, -3.716827, 0.0 ], [ -38.523359, -3.716878, 0.0 ], [ -38.522372, -3.717308, 0.0 ], [ -38.522119, -3.717413, 0.0 ], [ -38.52196, -3.717485, 0.0 ], [ -38.521812, -3.717546, 0.0 ], [ -38.521685, -3.717601, 0.0 ], [ -38.521544, -3.717665, 0.0 ], [ -38.521176, -3.717826, 0.0 ], [ -38.521161, -3.717832, 0.0 ], [ -38.521147, -3.717835, 0.0 ], [ -38.521062, -3.717888, 0.0 ], [ -38.521044, -3.717903, 0.0 ], [ -38.521033, -3.717909, 0.0 ], [ -38.521026, -3.71791, 0.0 ], [ -38.521003, -3.717906, 0.0 ], [ -38.520992, -3.717866, 0.0 ], [ -38.520991, -3.717836, 0.0 ], [ -38.52097, -3.717796, 0.0 ], [ -38.52097, -3.717772, 0.0 ], [ -38.520954, -3.71773, 0.0 ], [ -38.52095, -3.717705, 0.0 ], [ -38.520933, -3.717671, 0.0 ], [ -38.520914, -3.717609, 0.0 ], [ -38.520909, -3.717584, 0.0 ], [ -38.520915, -3.717562, 0.0 ], [ -38.520913, -3.717539, 0.0 ], [ -38.520923, -3.717522, 0.0 ], [ -38.520924, -3.717494, 0.0 ], [ -38.52092, -3.717477, 0.0 ], [ -38.5209, -3.717459, 0.0 ], [ -38.520882, -3.717433, 0.0 ], [ -38.520867, -3.717418, 0.0 ], [ -38.520841, -3.7174, 0.0 ], [ -38.520833, -3.717388, 0.0 ], [ -38.520829, -3.71737, 0.0 ], [ -38.520833, -3.717354, 0.0 ], [ -38.520835, -3.717303, 0.0 ], [ -38.520833, -3.717288, 0.0 ], [ -38.520827, -3.717272, 0.0 ], [ -38.520809, -3.717258, 0.0 ], [ -38.520796, -3.717238, 0.0 ], [ -38.520786, -3.717213, 0.0 ], [ -38.520774, -3.717195, 0.0 ], [ -38.520766, -3.717156, 0.0 ], [ -38.520754, -3.717128, 0.0 ], [ -38.52074, -3.71711, 0.0 ], [ -38.520717, -3.717098, 0.0 ], [ -38.520692, -3.717082, 0.0 ], [ -38.520686, -3.717051, 0.0 ], [ -38.520678, -3.717028, 0.0 ], [ -38.520672, -3.716973, 0.0 ], [ -38.520656, -3.716931, 0.0 ], [ -38.520654, -3.716901, 0.0 ], [ -38.520644, -3.716871, 0.0 ], [ -38.520639, -3.716827, 0.0 ], [ -38.520632, -3.716787, 0.0 ], [ -38.52061, -3.716704, 0.0 ], [ -38.520603, -3.716659, 0.0 ], [ -38.520589, -3.716609, 0.0 ], [ -38.520591, -3.716569, 0.0 ], [ -38.520584, -3.716519, 0.0 ], [ -38.520572, -3.716462, 0.0 ], [ -38.520563, -3.71643, 0.0 ], [ -38.520555, -3.716386, 0.0 ], [ -38.520551, -3.716346, 0.0 ], [ -38.520536, -3.71626, 0.0 ], [ -38.520526, -3.716214, 0.0 ], [ -38.520505, -3.716178, 0.0 ], [ -38.520492, -3.716157, 0.0 ], [ -38.520446, -3.716124, 0.0 ], [ -38.520423, -3.716118, 0.0 ], [ -38.520404, -3.716124, 0.0 ], [ -38.520369, -3.716155, 0.0 ], [ -38.520362, -3.716183, 0.0 ], [ -38.52036, -3.716214, 0.0 ], [ -38.52036, -3.71626, 0.0 ], [ -38.520362, -3.71629, 0.0 ], [ -38.520381, -3.716332, 0.0 ], [ -38.520381, -3.716374, 0.0 ], [ -38.520391, -3.716409, 0.0 ], [ -38.520402, -3.716462, 0.0 ], [ -38.520406, -3.716491, 0.0 ], [ -38.520412, -3.716519, 0.0 ], [ -38.520413, -3.71655, 0.0 ], [ -38.520421, -3.716609, 0.0 ], [ -38.52044, -3.716632, 0.0 ], [ -38.520444, -3.716669, 0.0 ], [ -38.520463, -3.716744, 0.0 ], [ -38.520465, -3.716795, 0.0 ], [ -38.520476, -3.716833, 0.0 ], [ -38.520473, -3.716865, 0.0 ], [ -38.520452, -3.716876, 0.0 ], [ -38.520414, -3.716911, 0.0 ], [ -38.520369, -3.716945, 0.0 ], [ -38.520323, -3.716988, 0.0 ], [ -38.520288, -3.717013, 0.0 ], [ -38.520269, -3.717039, 0.0 ], [ -38.520167, -3.717101, 0.0 ], [ -38.519853, -3.715765, 0.0 ], [ -38.519737, -3.715797, 0.0 ], [ -38.520056, -3.717133, 0.0 ], [ -38.520007, -3.717156, 0.0 ], [ -38.519977, -3.717175, 0.0 ], [ -38.519957, -3.717189, 0.0 ], [ -38.519907, -3.717213, 0.0 ], [ -38.519857, -3.717234, 0.0 ], [ -38.519809, -3.71727, 0.0 ], [ -38.519805, -3.717273, 0.0 ], [ -38.519697, -3.717328, 0.0 ], [ -38.519639, -3.717344, 0.0 ], [ -38.519566, -3.717368, 0.0 ], [ -38.519521, -3.717394, 0.0 ], [ -38.519479, -3.717423, 0.0 ], [ -38.519413, -3.717444, 0.0 ], [ -38.51935, -3.71748, 0.0 ], [ -38.519295, -3.717504, 0.0 ], [ -38.519212, -3.717556, 0.0 ], [ -38.519116, -3.717596, 0.0 ], [ -38.518944, -3.717652, 0.0 ], [ -38.518865, -3.717681, 0.0 ], [ -38.5188, -3.717697, 0.0 ], [ -38.518732, -3.717715, 0.0 ], [ -38.518664, -3.717731, 0.0 ], [ -38.518582, -3.717755, 0.0 ], [ -38.518473, -3.717776, 0.0 ], [ -38.518394, -3.717805, 0.0 ], [ -38.518319, -3.717828, 0.0 ], [ -38.518231, -3.717849, 0.0 ], [ -38.518144, -3.717889, 0.0 ], [ -38.518081, -3.717899, 0.0 ], [ -38.518027, -3.717919, 0.0 ], [ -38.517964, -3.717936, 0.0 ], [ -38.517887, -3.71796, 0.0 ], [ -38.517692, -3.717978, 0.0 ], [ -38.517544, -3.71802, 0.0 ], [ -38.517446, -3.718062, 0.0 ], [ -38.517355, -3.718088, 0.0 ], [ -38.517271, -3.718104, 0.0 ], [ -38.517164, -3.718117, 0.0 ], [ -38.517043, -3.718145, 0.0 ], [ -38.516951, -3.718186, 0.0 ], [ -38.516785, -3.717476, 0.0 ], [ -38.516758, -3.717483, 0.0 ], [ -38.516522, -3.716475, 0.0 ], [ -38.51647, -3.716491, 0.0 ], [ -38.516416, -3.71626, 0.0 ], [ -38.516279, -3.715631, 0.0 ], [ -38.516233, -3.715646, 0.0 ], [ -38.516379, -3.716269, 0.0 ], [ -38.516666, -3.717506, 0.0 ], [ -38.516649, -3.71751, 0.0 ], [ -38.516863, -3.718409, 0.0 ], [ -38.516834, -3.718421, 0.0 ], [ -38.516793, -3.718429, 0.0 ], [ -38.516742, -3.718434, 0.0 ], [ -38.516689, -3.718434, 0.0 ], [ -38.516645, -3.718432, 0.0 ], [ -38.516571, -3.718422, 0.0 ], [ -38.516532, -3.718419, 0.0 ], [ -38.516512, -3.718423, 0.0 ], [ -38.516493, -3.718423, 0.0 ], [ -38.516477, -3.718415, 0.0 ], [ -38.516455, -3.718415, 0.0 ], [ -38.516406, -3.718417, 0.0 ], [ -38.516248, -3.718417, 0.0 ], [ -38.516184, -3.718424, 0.0 ], [ -38.516162, -3.718431, 0.0 ], [ -38.516128, -3.718437, 0.0 ], [ -38.515929, -3.71844, 0.0 ], [ -38.515886, -3.718445, 0.0 ], [ -38.515788, -3.718462, 0.0 ], [ -38.51569, -3.718475, 0.0 ], [ -38.515607, -3.718478, 0.0 ], [ -38.515556, -3.718487, 0.0 ], [ -38.51551, -3.718494, 0.0 ], [ -38.515416, -3.718503, 0.0 ], [ -38.515357, -3.71852, 0.0 ], [ -38.515289, -3.718529, 0.0 ], [ -38.515248, -3.718542, 0.0 ], [ -38.51521, -3.71855, 0.0 ], [ -38.515155, -3.718558, 0.0 ], [ -38.515099, -3.71857, 0.0 ], [ -38.515044, -3.718575, 0.0 ], [ -38.514929, -3.718601, 0.0 ], [ -38.514891, -3.718615, 0.0 ], [ -38.514851, -3.718627, 0.0 ], [ -38.514721, -3.718651, 0.0 ], [ -38.514682, -3.718664, 0.0 ], [ -38.514626, -3.718675, 0.0 ], [ -38.514556, -3.718649, 0.0 ], [ -38.514399, -3.718649, 0.0 ], [ -38.514323, -3.718642, 0.0 ], [ -38.514269, -3.718642, 0.0 ], [ -38.514204, -3.718639, 0.0 ], [ -38.514014, -3.718644, 0.0 ], [ -38.513947, -3.718649, 0.0 ], [ -38.51386, -3.718644, 0.0 ], [ -38.513769, -3.718631, 0.0 ], [ -38.513678, -3.718628, 0.0 ], [ -38.513605, -3.718622, 0.0 ], [ -38.513534, -3.71861, 0.0 ], [ -38.513458, -3.718607, 0.0 ], [ -38.51332, -3.718589, 0.0 ], [ -38.513249, -3.718583, 0.0 ], [ -38.513179, -3.71856, 0.0 ], [ -38.513112, -3.71854, 0.0 ], [ -38.513003, -3.718518, 0.0 ], [ -38.512934, -3.7185, 0.0 ], [ -38.51286, -3.718492, 0.0 ], [ -38.5128, -3.718476, 0.0 ], [ -38.512725, -3.718445, 0.0 ], [ -38.512622, -3.718423, 0.0 ], [ -38.512576, -3.718403, 0.0 ], [ -38.512494, -3.718397, 0.0 ], [ -38.512414, -3.718371, 0.0 ], [ -38.512236, -3.718322, 0.0 ], [ -38.512144, -3.718322, 0.0 ], [ -38.512093, -3.71831, 0.0 ], [ -38.51201, -3.718272, 0.0 ], [ -38.511955, -3.718236, 0.0 ], [ -38.511913, -3.718205, 0.0 ], [ -38.511781, -3.718153, 0.0 ], [ -38.511659, -3.718051, 0.0 ], [ -38.511656, -3.718019, 0.0 ], [ -38.511653, -3.718003, 0.0 ], [ -38.51165, -3.717937, 0.0 ], [ -38.511652, -3.717924, 0.0 ], [ -38.511664, -3.717889, 0.0 ], [ -38.511701, -3.717835, 0.0 ], [ -38.511716, -3.717796, 0.0 ], [ -38.51172, -3.717776, 0.0 ], [ -38.511721, -3.71776, 0.0 ], [ -38.511719, -3.71775, 0.0 ], [ -38.511712, -3.717737, 0.0 ], [ -38.511706, -3.717715, 0.0 ], [ -38.511701, -3.717702, 0.0 ], [ -38.511694, -3.717692, 0.0 ], [ -38.511686, -3.717684, 0.0 ], [ -38.51167, -3.717672, 0.0 ], [ -38.511662, -3.717668, 0.0 ], [ -38.511656, -3.717663, 0.0 ], [ -38.51165, -3.717639, 0.0 ], [ -38.51164, -3.717636, 0.0 ], [ -38.511632, -3.717635, 0.0 ], [ -38.511631, -3.717634, 0.0 ], [ -38.511628, -3.717625, 0.0 ], [ -38.511628, -3.717614, 0.0 ], [ -38.511626, -3.717607, 0.0 ], [ -38.51162, -3.717597, 0.0 ], [ -38.511608, -3.717551, 0.0 ], [ -38.511605, -3.717502, 0.0 ], [ -38.5116, -3.717448, 0.0 ], [ -38.511594, -3.717422, 0.0 ], [ -38.511586, -3.71734, 0.0 ], [ -38.511591, -3.717323, 0.0 ], [ -38.511591, -3.717308, 0.0 ], [ -38.511587, -3.717292, 0.0 ], [ -38.511583, -3.717283, 0.0 ], [ -38.511581, -3.717261, 0.0 ], [ -38.511576, -3.717234, 0.0 ], [ -38.511564, -3.717187, 0.0 ], [ -38.511564, -3.717138, 0.0 ], [ -38.511563, -3.71712, 0.0 ], [ -38.511549, -3.717051, 0.0 ], [ -38.51154, -3.717, 0.0 ], [ -38.511531, -3.716889, 0.0 ], [ -38.511527, -3.716874, 0.0 ], [ -38.511527, -3.716784, 0.0 ], [ -38.511525, -3.716767, 0.0 ], [ -38.511522, -3.716737, 0.0 ], [ -38.511518, -3.716717, 0.0 ], [ -38.511517, -3.716698, 0.0 ], [ -38.511511, -3.716657, 0.0 ], [ -38.511505, -3.716636, 0.0 ], [ -38.511504, -3.716616, 0.0 ], [ -38.511503, -3.716594, 0.0 ], [ -38.511509, -3.716545, 0.0 ], [ -38.511505, -3.716537, 0.0 ], [ -38.511498, -3.716535, 0.0 ], [ -38.511497, -3.7165, 0.0 ], [ -38.511495, -3.716491, 0.0 ], [ -38.511489, -3.716475, 0.0 ], [ -38.511489, -3.716431, 0.0 ], [ -38.511484, -3.716407, 0.0 ], [ -38.511484, -3.716385, 0.0 ], [ -38.511479, -3.716365, 0.0 ], [ -38.511457, -3.716291, 0.0 ], [ -38.511444, -3.716267, 0.0 ], [ -38.511443, -3.716255, 0.0 ], [ -38.511447, -3.71625, 0.0 ], [ -38.511452, -3.716233, 0.0 ], [ -38.511439, -3.716189, 0.0 ], [ -38.511438, -3.716171, 0.0 ], [ -38.511443, -3.716129, 0.0 ], [ -38.511441, -3.716116, 0.0 ], [ -38.511428, -3.716079, 0.0 ], [ -38.511426, -3.716017, 0.0 ], [ -38.51143, -3.715979, 0.0 ], [ -38.511425, -3.715968, 0.0 ], [ -38.511421, -3.715943, 0.0 ], [ -38.511421, -3.715898, 0.0 ], [ -38.511419, -3.715885, 0.0 ], [ -38.511414, -3.715875, 0.0 ], [ -38.511415, -3.715852, 0.0 ], [ -38.511411, -3.715811, 0.0 ], [ -38.511404, -3.715782, 0.0 ], [ -38.511407, -3.715745, 0.0 ], [ -38.511405, -3.715732, 0.0 ], [ -38.511393, -3.715702, 0.0 ], [ -38.511391, -3.715686, 0.0 ], [ -38.51139, -3.715645, 0.0 ], [ -38.511376, -3.715589, 0.0 ], [ -38.511376, -3.715574, 0.0 ], [ -38.511383, -3.715555, 0.0 ], [ -38.511384, -3.715545, 0.0 ], [ -38.511381, -3.715518, 0.0 ], [ -38.511382, -3.715497, 0.0 ], [ -38.511385, -3.715481, 0.0 ], [ -38.511389, -3.71547, 0.0 ], [ -38.511398, -3.715457, 0.0 ], [ -38.51141, -3.715446, 0.0 ], [ -38.511421, -3.715418, 0.0 ], [ -38.511426, -3.715371, 0.0 ], [ -38.511425, -3.715356, 0.0 ], [ -38.51142, -3.715324, 0.0 ], [ -38.511413, -3.715303, 0.0 ], [ -38.511411, -3.715289, 0.0 ], [ -38.511408, -3.715278, 0.0 ], [ -38.5114, -3.715272, 0.0 ], [ -38.511379, -3.715263, 0.0 ], [ -38.511368, -3.715246, 0.0 ], [ -38.511363, -3.715234, 0.0 ], [ -38.51134, -3.715157, 0.0 ], [ -38.511333, -3.715112, 0.0 ], [ -38.511306, -3.714906, 0.0 ], [ -38.511303, -3.714855, 0.0 ], [ -38.511277, -3.714738, 0.0 ], [ -38.511275, -3.714702, 0.0 ], [ -38.511275, -3.714666, 0.0 ], [ -38.511268, -3.714608, 0.0 ], [ -38.511253, -3.714517, 0.0 ], [ -38.511254, -3.714368, 0.0 ], [ -38.511243, -3.7143, 0.0 ], [ -38.51124, -3.7142, 0.0 ], [ -38.511227, -3.714152, 0.0 ], [ -38.511224, -3.71409, 0.0 ], [ -38.511231, -3.714055, 0.0 ], [ -38.511221, -3.714008, 0.0 ], [ -38.511203, -3.713976, 0.0 ], [ -38.511195, -3.713937, 0.0 ], [ -38.511192, -3.713893, 0.0 ], [ -38.511182, -3.713855, 0.0 ], [ -38.511163, -3.713829, 0.0 ], [ -38.511134, -3.713809, 0.0 ], [ -38.511113, -3.713786, 0.0 ], [ -38.511114, -3.713775, 0.0 ], [ -38.511127, -3.713766, 0.0 ], [ -38.511144, -3.713737, 0.0 ], [ -38.511144, -3.713715, 0.0 ], [ -38.511131, -3.71364, 0.0 ], [ -38.511106, -3.713596, 0.0 ], [ -38.511083, -3.713564, 0.0 ], [ -38.511056, -3.713542, 0.0 ], [ -38.511036, -3.713543, 0.0 ], [ -38.511018, -3.713562, 0.0 ], [ -38.511004, -3.713592, 0.0 ], [ -38.510992, -3.713641, 0.0 ], [ -38.510968, -3.713706, 0.0 ], [ -38.510964, -3.713728, 0.0 ], [ -38.510969, -3.713753, 0.0 ], [ -38.511012, -3.713793, 0.0 ], [ -38.511012, -3.713813, 0.0 ], [ -38.51102, -3.713843, 0.0 ], [ -38.511021, -3.713863, 0.0 ], [ -38.511018, -3.713888, 0.0 ], [ -38.511008, -3.713911, 0.0 ], [ -38.511005, -3.713945, 0.0 ], [ -38.511007, -3.714035, 0.0 ], [ -38.511001, -3.714066, 0.0 ], [ -38.51099, -3.714102, 0.0 ], [ -38.510985, -3.714128, 0.0 ], [ -38.510998, -3.714151, 0.0 ], [ -38.511019, -3.71417, 0.0 ], [ -38.511022, -3.714192, 0.0 ], [ -38.511012, -3.714214, 0.0 ], [ -38.511017, -3.714235, 0.0 ], [ -38.511028, -3.714262, 0.0 ], [ -38.511021, -3.714293, 0.0 ], [ -38.511017, -3.714319, 0.0 ], [ -38.511025, -3.714339, 0.0 ], [ -38.511048, -3.714353, 0.0 ], [ -38.51105, -3.714371, 0.0 ], [ -38.511045, -3.71439, 0.0 ], [ -38.511037, -3.714414, 0.0 ], [ -38.511043, -3.714442, 0.0 ], [ -38.511051, -3.714469, 0.0 ], [ -38.511047, -3.714497, 0.0 ], [ -38.511036, -3.714536, 0.0 ], [ -38.511042, -3.714586, 0.0 ], [ -38.511053, -3.71461, 0.0 ], [ -38.511065, -3.714625, 0.0 ], [ -38.511062, -3.714644, 0.0 ], [ -38.51105, -3.714672, 0.0 ], [ -38.511055, -3.714703, 0.0 ], [ -38.511065, -3.714735, 0.0 ], [ -38.51108, -3.714829, 0.0 ], [ -38.51108, -3.714845, 0.0 ], [ -38.511082, -3.714861, 0.0 ], [ -38.511087, -3.714879, 0.0 ], [ -38.511089, -3.714942, 0.0 ], [ -38.511094, -3.714972, 0.0 ], [ -38.511097, -3.714995, 0.0 ], [ -38.51111, -3.715054, 0.0 ], [ -38.511113, -3.715089, 0.0 ], [ -38.511115, -3.715148, 0.0 ], [ -38.511118, -3.715167, 0.0 ], [ -38.51112, -3.715208, 0.0 ], [ -38.511125, -3.715229, 0.0 ], [ -38.511126, -3.715261, 0.0 ], [ -38.511123, -3.715305, 0.0 ], [ -38.511129, -3.715329, 0.0 ], [ -38.511127, -3.715389, 0.0 ], [ -38.511133, -3.715428, 0.0 ], [ -38.511133, -3.715465, 0.0 ], [ -38.511137, -3.715499, 0.0 ], [ -38.51114, -3.715519, 0.0 ], [ -38.511162, -3.715583, 0.0 ], [ -38.511163, -3.715602, 0.0 ], [ -38.511161, -3.715618, 0.0 ], [ -38.51117, -3.715661, 0.0 ], [ -38.511184, -3.715705, 0.0 ], [ -38.511186, -3.715757, 0.0 ], [ -38.511192, -3.715793, 0.0 ], [ -38.511195, -3.715835, 0.0 ], [ -38.511198, -3.715854, 0.0 ], [ -38.511204, -3.715876, 0.0 ], [ -38.511209, -3.71589, 0.0 ], [ -38.511215, -3.715997, 0.0 ], [ -38.511214, -3.716017, 0.0 ], [ -38.511215, -3.716034, 0.0 ], [ -38.511222, -3.71606, 0.0 ], [ -38.511227, -3.716088, 0.0 ], [ -38.511233, -3.716154, 0.0 ], [ -38.511234, -3.716182, 0.0 ], [ -38.511245, -3.716343, 0.0 ], [ -38.511255, -3.716404, 0.0 ], [ -38.511267, -3.716504, 0.0 ], [ -38.511268, -3.716524, 0.0 ], [ -38.511266, -3.716592, 0.0 ], [ -38.511268, -3.716625, 0.0 ], [ -38.511277, -3.716671, 0.0 ], [ -38.511286, -3.716738, 0.0 ], [ -38.511295, -3.716778, 0.0 ], [ -38.511304, -3.716831, 0.0 ], [ -38.51131, -3.716846, 0.0 ], [ -38.511313, -3.71686, 0.0 ], [ -38.51131, -3.716876, 0.0 ], [ -38.511313, -3.716916, 0.0 ], [ -38.511324, -3.716985, 0.0 ], [ -38.511342, -3.717165, 0.0 ], [ -38.511348, -3.7172, 0.0 ], [ -38.511355, -3.717251, 0.0 ], [ -38.511362, -3.717313, 0.0 ], [ -38.511374, -3.717396, 0.0 ], [ -38.511384, -3.717479, 0.0 ], [ -38.511397, -3.717564, 0.0 ], [ -38.511396, -3.717611, 0.0 ], [ -38.511394, -3.717625, 0.0 ], [ -38.511396, -3.717657, 0.0 ], [ -38.5114, -3.717684, 0.0 ], [ -38.511408, -3.717761, 0.0 ], [ -38.511409, -3.717801, 0.0 ], [ -38.511415, -3.717831, 0.0 ], [ -38.511417, -3.717862, 0.0 ], [ -38.511426, -3.717913, 0.0 ], [ -38.511432, -3.71793, 0.0 ], [ -38.511446, -3.717985, 0.0 ], [ -38.511447, -3.718018, 0.0 ], [ -38.511452, -3.718041, 0.0 ], [ -38.511461, -3.71807, 0.0 ], [ -38.511463, -3.718126, 0.0 ], [ -38.511467, -3.718156, 0.0 ], [ -38.511474, -3.718189, 0.0 ], [ -38.511477, -3.71822, 0.0 ], [ -38.511482, -3.718242, 0.0 ], [ -38.511487, -3.718304, 0.0 ], [ -38.511491, -3.718324, 0.0 ], [ -38.511491, -3.718341, 0.0 ], [ -38.511483, -3.718378, 0.0 ], [ -38.511486, -3.718396, 0.0 ], [ -38.511488, -3.718402, 0.0 ], [ -38.511501, -3.718454, 0.0 ], [ -38.511504, -3.718471, 0.0 ], [ -38.511504, -3.71849, 0.0 ], [ -38.511506, -3.718511, 0.0 ], [ -38.51151, -3.718533, 0.0 ], [ -38.511526, -3.718586, 0.0 ], [ -38.511529, -3.718613, 0.0 ], [ -38.511528, -3.718637, 0.0 ], [ -38.51153, -3.718662, 0.0 ], [ -38.51154, -3.718681, 0.0 ], [ -38.511548, -3.718703, 0.0 ], [ -38.511559, -3.718772, 0.0 ], [ -38.511558, -3.718816, 0.0 ], [ -38.511541, -3.718876, 0.0 ], [ -38.511511, -3.718923, 0.0 ], [ -38.511438, -3.718982, 0.0 ], [ -38.511343, -3.719044, 0.0 ], [ -38.511292, -3.719099, 0.0 ], [ -38.511196, -3.719179, 0.0 ], [ -38.511124, -3.719262, 0.0 ], [ -38.511123, -3.719263, 0.0 ], [ -38.511151, -3.71935, 0.0 ], [ -38.511451, -3.720325, 0.0 ], [ -38.5115, -3.720484, 0.0 ], [ -38.51155, -3.720647, 0.0 ], [ -38.511643, -3.720925, 0.0 ], [ -38.511683, -3.721058, 0.0 ], [ -38.511807, -3.721448, 0.0 ], [ -38.511897, -3.721728, 0.0 ], [ -38.511997, -3.722042, 0.0 ], [ -38.512081, -3.722301, 0.0 ], [ -38.512149, -3.722519, 0.0 ], [ -38.512236, -3.722785, 0.0 ], [ -38.512345, -3.723147, 0.0 ], [ -38.51241, -3.723382, 0.0 ], [ -38.51244, -3.723458, 0.0 ], [ -38.512457, -3.723508, 0.0 ], [ -38.512475, -3.723561, 0.0 ], [ -38.512525, -3.723718, 0.0 ], [ -38.512559, -3.72382, 0.0 ], [ -38.512613, -3.724011, 0.0 ], [ -38.513017, -3.725289, 0.0 ], [ -38.513303, -3.726204, 0.0 ], [ -38.513381, -3.726464, 0.0 ], [ -38.513441, -3.72663, 0.0 ], [ -38.513522, -3.72688, 0.0 ], [ -38.513683, -3.727406, 0.0 ], [ -38.513878, -3.728026, 0.0 ], [ -38.513905, -3.728124, 0.0 ], [ -38.514077, -3.728657, 0.0 ], [ -38.514158, -3.728916, 0.0 ], [ -38.514353, -3.72955, 0.0 ], [ -38.514591, -3.730294, 0.0 ], [ -38.514812, -3.73099, 0.0 ], [ -38.514962, -3.731482, 0.0 ], [ -38.515174, -3.732157, 0.0 ], [ -38.515326, -3.732652, 0.0 ], [ -38.51545, -3.733059, 0.0 ], [ -38.515591, -3.733504, 0.0 ], [ -38.515755, -3.734025, 0.0 ], [ -38.515839, -3.734298, 0.0 ], [ -38.516138, -3.735259, 0.0 ], [ -38.516408, -3.736118, 0.0 ], [ -38.516667, -3.736034, 0.0 ], [ -38.516704, -3.736161, 0.0 ], [ -38.516959, -3.736985, 0.0 ], [ -38.517274, -3.738013, 0.0 ], [ -38.517511, -3.738788, 0.0 ], [ -38.517554, -3.738914, 0.0 ], [ -38.517879, -3.738808, 0.0 ], [ -38.518188, -3.738713, 0.0 ], [ -38.51937, -3.738337, 0.0 ], [ -38.520377, -3.73802, 0.0 ], [ -38.521225, -3.737753, 0.0 ], [ -38.522212, -3.737442, 0.0 ], [ -38.522988, -3.737197, 0.0 ], [ -38.523802, -3.736943, 0.0 ], [ -38.523928, -3.736904, 0.0 ], [ -38.524248, -3.736803, 0.0 ], [ -38.525287, -3.736479, 0.0 ], [ -38.525791, -3.736321, 0.0 ], [ -38.526591, -3.736067, 0.0 ], [ -38.527666, -3.735725, 0.0 ], [ -38.528649, -3.735418, 0.0 ], [ -38.530626, -3.734789, 0.0 ], [ -38.531156, -3.734626, 0.0 ], [ -38.531895, -3.734402, 0.0 ], [ -38.532361, -3.734261, 0.0 ], [ -38.532779, -3.734131, 0.0 ], [ -38.534009, -3.733732, 0.0 ], [ -38.534855, -3.733465, 0.0 ], [ -38.535917, -3.733126, 0.0 ], [ -38.536052, -3.733086, 0.0 ], [ -38.536185, -3.733045, 0.0 ], [ -38.536542, -3.732935, 0.0 ], [ -38.538371, -3.732349, 0.0 ], [ -38.539318, -3.732048, 0.0 ], [ -38.540339, -3.731713, 0.0 ], [ -38.54054, -3.731648, 0.0 ], [ -38.540335, -3.731066, 0.0 ], [ -38.540247, -3.730828, 0.0 ], [ -38.540211, -3.730726, 0.0 ], [ -38.5402, -3.730698, 0.0 ], [ -38.539923, -3.730635, 0.0 ], [ -38.539937, -3.730562, 0.0 ], [ -38.539973, -3.730312, 0.0 ], [ -38.539999, -3.730132, 0.0 ], [ -38.540246, -3.728438, 0.0 ], [ -38.540248, -3.728422, 0.0 ], [ -38.540307, -3.728019, 0.0 ] ] ] } }
]
}
