{
"type": "FeatureCollection",
"name": "rotas_strava",
"crs": { "type": "name", "properties": { "name": "urn:ogc:def:crs:OGC:1.3:CRS84" } },
"features": [
{ "type": "Feature", "properties": { "nome_osm": "Avenida Beira Mar", "calor": 0.9915443194649125, "comp_km": 8.5536272509786393, "km_max": 4.9356726660508574, "bairros": "Meireles, Mucuripe, Praia de Iracema", "nome": "Av. Beira Mar", "posicao": 1, "atividade": "run" }, "geometry": { "type": "MultiLineString", "coordinates": [ [ [ -38.514482, -3.7189725 ], [ -38.5149023, -3.7188879 ], [ -38.515248, -3.7188157 ], [ -38.5154501, -3.7194305 ], [ -38.5154643, -3.7194724 ] ], [ [ -38.514482, -3.7189725 ], [ -38.5145205, -3.7193163 ], [ -38.5145223, -3.7193542 ], [ -38.5145232, -3.7193809 ], [ -38.5145158, -3.7194293 ] ], [ [ -38.514482, -3.7189725 ], [ -38.5131924, -3.7192389 ] ], [ [ -38.5131924, -3.7192389 ], [ -38.5132607, -3.7195736 ], [ -38.5132646, -3.7195929 ] ], [ [ -38.5131924, -3.7192389 ], [ -38.5128413, -3.7193117 ], [ -38.5126653, -3.719684 ], [ -38.5127067, -3.7198952 ], [ -38.512677, -3.7199014 ], [ -38.5119771, -3.7200481 ] ], [ [ -38.5131425, -3.7199678 ], [ -38.5130754, -3.7199156 ], [ -38.5127825, -3.7199487 ], [ -38.5126902, -3.7199643 ], [ -38.5124697, -3.7200017 ], [ -38.5118322, -3.7201432 ], [ -38.5115157, -3.7202074 ], [ -38.51136790000001, -3.7202359 ], [ -38.5108025, -3.7203611 ], [ -38.5105837, -3.7204528 ], [ -38.5101813, -3.7206187 ], [ -38.509888, -3.7207497 ], [ -38.5094161, -3.7209667 ], [ -38.5092826, -3.7210281 ], [ -38.509257, -3.721056 ], [ -38.5092564, -3.7210786 ], [ -38.5092952, -3.7211985 ], [ -38.5093941, -3.7214974 ], [ -38.5094019, -3.7215223 ], [ -38.5094065, -3.7215511 ], [ -38.5093843, -3.7215773 ], [ -38.5093296, -3.7216057 ], [ -38.5083735, -3.7220694 ], [ -38.5083214, -3.7220935 ], [ -38.5082646, -3.7220728 ], [ -38.5080545, -3.7221732 ], [ -38.5080312, -3.7222331 ], [ -38.5074563, -3.7225009 ], [ -38.50736160000001, -3.7225457 ] ], [ [ -38.5119438, -3.7198456 ], [ -38.5119672, -3.7199896 ], [ -38.5119771, -3.7200481 ] ], [ [ -38.5060607, -3.7230784 ], [ -38.5064338, -3.7229027 ], [ -38.5066187, -3.7228175 ], [ -38.5070629, -3.7226091 ], [ -38.5072823, -3.7225058 ], [ -38.5074294, -3.7224414 ], [ -38.5085129, -3.7219304 ], [ -38.5093078, -3.7215572 ], [ -38.5093307, -3.7215188 ], [ -38.5093243, -3.7214647 ], [ -38.5092335, -3.7212189 ], [ -38.509173, -3.7210473 ], [ -38.5091776, -3.72102 ], [ -38.5091947, -3.7210023 ], [ -38.5092254, -3.7209815 ], [ -38.5092728, -3.7209584 ], [ -38.509391, -3.7209092 ], [ -38.5096178, -3.7208149 ], [ -38.5096025, -3.7207841 ], [ -38.5095976, -3.7207743 ], [ -38.509563, -3.7207048 ], [ -38.5095549, -3.7206885 ], [ -38.5095083, -3.7205948 ], [ -38.5095042, -3.7205697 ], [ -38.5095085, -3.7205398 ], [ -38.5095184, -3.720519 ], [ -38.5095433, -3.7205071 ], [ -38.5095733, -3.7205096 ], [ -38.5096808, -3.7205759 ], [ -38.5098677, -3.7206953 ], [ -38.5103097, -3.7204989 ], [ -38.51056, -3.7203936 ], [ -38.5107968, -3.7202939 ], [ -38.5113517, -3.7201781 ], [ -38.5115021, -3.7201469 ], [ -38.511738, -3.7200968 ], [ -38.5118193, -3.7200802 ], [ -38.5119771, -3.7200481 ] ], [ [ -38.511779, -3.7196048 ], [ -38.5119274, -3.7197989 ], [ -38.5119438, -3.7198456 ] ], [ [ -38.5116641, -3.7197897 ], [ -38.5118114, -3.7198626 ], [ -38.5119438, -3.7198456 ] ], [ [ -38.511779, -3.7196048 ], [ -38.5117528, -3.7195541 ], [ -38.5117282, -3.7194686 ] ], [ [ -38.511779, -3.7196048 ], [ -38.5117105, -3.7196056 ] ], [ [ -38.5117282, -3.7194686 ], [ -38.5116651, -3.7189209 ], [ -38.5115335, -3.717788 ], [ -38.511417, -3.7167571 ], [ -38.5110441, -3.7136317 ] ], [ [ -38.5117105, -3.7196056 ], [ -38.5116942, -3.7195744 ], [ -38.5117058, -3.719535 ], [ -38.5117325, -3.7195073 ], [ -38.5117282, -3.7194686 ] ], [ [ -38.5117105, -3.7196056 ], [ -38.5116641, -3.7197897 ] ], [ [ -38.5115587, -3.7198544 ], [ -38.5116641, -3.7197897 ] ], [ [ -38.507427, -3.7225941 ], [ -38.5073749, -3.7225771 ], [ -38.50736160000001, -3.7225457 ] ], [ [ -38.50736160000001, -3.7225457 ], [ -38.5073127, -3.7225689 ], [ -38.5071435, -3.7226497 ], [ -38.5066523, -3.7228842 ], [ -38.506411, -3.7229998 ], [ -38.5061473, -3.7231267 ], [ -38.5061351, -3.7231327 ], [ -38.5061198, -3.7231355 ], [ -38.5061059, -3.7231329 ], [ -38.5060607, -3.7230784 ] ], [ [ -38.5060607, -3.7230784 ], [ -38.5060494, -3.723135 ], [ -38.5059509, -3.7231815 ] ], [ [ -38.505749, -3.7228203 ], [ -38.5059921, -3.7231063 ], [ -38.5060607, -3.7230784 ] ], [ [ -38.5057392, -3.7229301 ], [ -38.5059509, -3.7231815 ] ], [ [ -38.5055922, -3.7228724 ], [ -38.5053197, -3.7229612 ], [ -38.5052825, -3.7230181 ], [ -38.5053797, -3.7233117 ], [ -38.5054193, -3.7234375 ], [ -38.5054541, -3.7234262 ], [ -38.5054783, -3.7234169 ], [ -38.5058435, -3.7232736 ], [ -38.5058892, -3.7232097 ], [ -38.5059509, -3.7231815 ] ], [ [ -38.505749, -3.7228203 ], [ -38.5054425, -3.722471 ], [ -38.5054008, -3.7224376 ], [ -38.505359, -3.722412 ], [ -38.5053057, -3.7223842 ], [ -38.5052237, -3.722365 ], [ -38.5051698, -3.722354 ], [ -38.5051054, -3.7223584 ], [ -38.5050429, -3.7223727 ] ], [ [ -38.5050429, -3.7223727 ], [ -38.5050126, -3.7223827 ], [ -38.5049863, -3.7223968 ], [ -38.5049379, -3.722425 ], [ -38.5048031, -3.7225108 ], [ -38.5047826, -3.7225247 ] ], [ [ -38.5056694, -3.7228472 ], [ -38.505749, -3.7228203 ] ], [ [ -38.5057392, -3.7229301 ], [ -38.5056694, -3.7228472 ] ], [ [ -38.5057392, -3.7229301 ], [ -38.5056232, -3.7229658 ] ], [ [ -38.5055123, -3.7226395 ], [ -38.5056694, -3.7228472 ] ], [ [ -38.5055922, -3.7228724 ], [ -38.5056694, -3.7228472 ] ], [ [ -38.5056232, -3.7229658 ], [ -38.5055922, -3.7228724 ] ], [ [ -38.5056232, -3.7229658 ], [ -38.5056465, -3.7230362 ], [ -38.5056227, -3.7230437 ] ], [ [ -38.5056002, -3.7229729 ], [ -38.5056232, -3.7229658 ] ], [ [ -38.5055123, -3.7226395 ], [ -38.5055922, -3.7228724 ] ], [ [ -38.5055123, -3.7226395 ], [ -38.5054362, -3.7225389 ], [ -38.5053811, -3.7224862 ], [ -38.5053303, -3.7224596 ], [ -38.5052749, -3.7224344 ], [ -38.5052119, -3.7224191 ], [ -38.5051214, -3.7224154 ], [ -38.5050278, -3.7224423 ] ], [ [ -38.5050278, -3.7224423 ], [ -38.5048315, -3.7225635 ], [ -38.5048104, -3.7225784 ] ], [ [ -38.5047826, -3.7225247 ], [ -38.5048104, -3.7225784 ] ], [ [ -38.5038138, -3.7232207 ], [ -38.5044542, -3.7228239 ], [ -38.5048104, -3.7225784 ] ], [ [ -38.5037875, -3.7231748 ], [ -38.50408, -3.7229871 ], [ -38.5041918, -3.7229119 ], [ -38.5046447, -3.7226178 ], [ -38.5047826, -3.7225247 ] ], [ [ -38.5038138, -3.7232207 ], [ -38.5037875, -3.7231748 ] ], [ [ -38.5038138, -3.7232207 ], [ -38.5037887, -3.7232363 ], [ -38.5032875, -3.7235375 ], [ -38.5028772, -3.7237433 ], [ -38.502417, -3.7239388 ], [ -38.5021579, -3.7240289 ] ], [ [ -38.5037875, -3.7231748 ], [ -38.5035589, -3.723311 ], [ -38.5033001, -3.7234547 ], [ -38.5031018, -3.7235649 ], [ -38.5029319, -3.7236459 ], [ -38.5026398, -3.7237787 ], [ -38.5024804, -3.7238437 ], [ -38.5023442, -3.7238971 ], [ -38.5021387, -3.7239714 ], [ -38.5021579, -3.7240289 ] ], [ [ -38.5021579, -3.7240289 ], [ -38.5016093, -3.724198 ], [ -38.5011683, -3.7243047 ], [ -38.5007597, -3.7243754 ], [ -38.5004753, -3.7244109 ], [ -38.4994814, -3.7245451 ], [ -38.4994427, -3.7245458 ], [ -38.499405, -3.7245373 ], [ -38.4993266, -3.7245012 ], [ -38.499298, -3.7244937 ], [ -38.4992672, -3.7244892 ], [ -38.4990674, -3.7245144 ], [ -38.4990321, -3.7245268 ], [ -38.4989887, -3.7245528 ], [ -38.4989532, -3.7245851 ], [ -38.4989197, -3.7246071 ], [ -38.4988741, -3.7246198 ], [ -38.49873860000001, -3.7246346 ], [ -38.4987111, -3.7246376 ], [ -38.4976613, -3.7247513 ], [ -38.4971636, -3.7248061 ], [ -38.4966581, -3.7248553 ], [ -38.4948669, -3.7248305 ], [ -38.4947161, -3.7248448 ] ], [ [ -38.4947161, -3.7248448 ], [ -38.4946882, -3.7247709 ] ], [ [ -38.4940526, -3.7228546 ], [ -38.4946515, -3.7246722 ], [ -38.4946882, -3.7247709 ] ], [ [ -38.494201, -3.7253685 ], [ -38.4942152, -3.7252748 ], [ -38.4942394, -3.7251909 ], [ -38.4942692, -3.7251255 ], [ -38.4943479, -3.725011 ], [ -38.4944123, -3.7249354 ], [ -38.4945444, -3.7248354 ], [ -38.4946882, -3.7247709 ] ], [ [ -38.4945589, -3.7226835 ], [ -38.4940526, -3.7228546 ] ], [ [ -38.493965, -3.7257156 ], [ -38.4939944, -3.7257027 ], [ -38.494072, -3.7256585 ], [ -38.4941529, -3.725568 ], [ -38.49419060000001, -3.7254766 ], [ -38.494201, -3.7253685 ] ], [ [ -38.4940741, -3.7254333 ], [ -38.494089, -3.7254012 ], [ -38.4941128, -3.7253808 ], [ -38.4941361, -3.7253703 ], [ -38.4941591, -3.7253698 ], [ -38.494201, -3.7253685 ] ], [ [ -38.4940526, -3.7228546 ], [ -38.4940044, -3.7227084 ] ], [ [ -38.4939417, -3.7256543 ], [ -38.4939487, -3.7256727 ], [ -38.493965, -3.7257156 ] ], [ [ -38.4938724, -3.7257277 ], [ -38.4939525, -3.7257211 ], [ -38.493965, -3.7257156 ] ], [ [ -38.4939182, -3.7256598 ], [ -38.4939212, -3.725672 ], [ -38.4938725, -3.7256836 ], [ -38.4938724, -3.7257277 ] ], [ [ -38.4938724, -3.7257277 ], [ -38.4938608, -3.7257287 ], [ -38.4925728, -3.7255544 ], [ -38.4924461, -3.7255024 ], [ -38.4923711, -3.7254608 ], [ -38.4922993, -3.7254408 ], [ -38.4920508, -3.7254186 ], [ -38.4918852, -3.7254493 ], [ -38.4918277, -3.7254511 ], [ -38.4916578, -3.7254307 ], [ -38.4915009, -3.7253909 ], [ -38.4914117, -3.7253519 ], [ -38.491308, -3.7252964 ], [ -38.4910651, -3.7251352 ], [ -38.4907516, -3.7249153 ], [ -38.4905708, -3.7247616 ], [ -38.4904263, -3.7245966 ], [ -38.4901718, -3.7242545 ], [ -38.4900637, -3.7241199 ], [ -38.4899364, -3.7239929 ], [ -38.4898027, -3.7238829 ], [ -38.4896754, -3.723805 ], [ -38.4894132, -3.723694 ], [ -38.489333, -3.723631 ], [ -38.4887799, -3.7234942 ], [ -38.4882993, -3.7233533 ], [ -38.4880552, -3.7232682 ], [ -38.4877736, -3.7231728 ], [ -38.4874286, -3.7231355 ], [ -38.485025, -3.7230667 ], [ -38.4849388, -3.7230237 ] ], [ [ -38.4849388, -3.7230237 ], [ -38.4848655, -3.7229844 ], [ -38.4847828, -3.722914 ], [ -38.4846724, -3.7228386 ], [ -38.4845837, -3.7227967 ], [ -38.4845117, -3.722769 ], [ -38.4844171, -3.7227493 ], [ -38.484294, -3.7227288 ], [ -38.4841987, -3.7227296 ], [ -38.4840708, -3.7227449 ], [ -38.4839727, -3.7227762 ], [ -38.4838594, -3.7228297 ], [ -38.4837583, -3.7228748 ], [ -38.4836526, -3.7229115 ], [ -38.4836059, -3.722926 ], [ -38.4835469, -3.7229268 ], [ -38.483488, -3.722923 ], [ -38.4833647, -3.7228909 ], [ -38.483272, -3.7228733 ], [ -38.4831444, -3.7228563 ], [ -38.4831216, -3.7228533 ], [ -38.4830714, -3.7228452 ] ], [ [ -38.5060607, -3.7230784 ], [ -38.5060254, -3.7230344 ], [ -38.5055373, -3.7224781 ], [ -38.5054886, -3.7224246 ], [ -38.5054269, -3.7223755 ], [ -38.505388, -3.7223496 ], [ -38.5053525, -3.7223327 ], [ -38.5052777, -3.7223052 ], [ -38.5052205, -3.7222952 ], [ -38.5051521, -3.7222916 ], [ -38.5051204, -3.7222927 ], [ -38.5050964, -3.722297 ], [ -38.5050862, -3.7222991 ], [ -38.5050688, -3.722308 ], [ -38.5050536, -3.7223215 ], [ -38.5050429, -3.7223727 ] ], [ [ -38.5050429, -3.7223727 ], [ -38.5050278, -3.7224423 ] ], [ [ -38.5050278, -3.7224423 ], [ -38.5050219, -3.7224677 ], [ -38.5050192, -3.7224842 ], [ -38.5050115, -3.7225007 ], [ -38.5048862, -3.7225795 ], [ -38.5048299, -3.7226162 ], [ -38.5047702, -3.7226552 ], [ -38.5040369, -3.7231327 ], [ -38.5038551, -3.7232504 ], [ -38.5038132, -3.7232775 ], [ -38.5037865, -3.723293 ], [ -38.5036763, -3.7233614 ], [ -38.5033237, -3.7235625 ], [ -38.5031398, -3.7236579 ], [ -38.5028602, -3.7237932 ], [ -38.5027806, -3.7238289 ], [ -38.5024999, -3.7239487 ], [ -38.5022072, -3.7240563 ], [ -38.5021716, -3.7240694 ], [ -38.5021318, -3.7240823 ], [ -38.5018983, -3.7241581 ], [ -38.501621, -3.7242384 ], [ -38.5013323, -3.7243085 ], [ -38.5011564, -3.7243464 ], [ -38.5009938, -3.7243777 ], [ -38.5007365, -3.7244194 ], [ -38.5005174, -3.7244488 ], [ -38.5004802, -3.7244538 ], [ -38.5004356, -3.7244595 ], [ -38.4995985, -3.7245668 ], [ -38.4987582, -3.7246731 ], [ -38.4987154, -3.7246785 ], [ -38.4986801, -3.7246833 ], [ -38.4983696, -3.7247258 ], [ -38.4976985, -3.7248184 ], [ -38.4970648, -3.7248855 ], [ -38.4966554, -3.7249021 ], [ -38.49616, -3.7249045 ], [ -38.4952749, -3.7248838 ], [ -38.4948294, -3.72487 ], [ -38.4947336, -3.7248828 ] ], [ [ -38.4947336, -3.7248828 ], [ -38.4946363, -3.7249091 ], [ -38.4945418, -3.7249628 ], [ -38.4944979, -3.7249957 ], [ -38.4944606, -3.7250308 ], [ -38.494392, -3.7251207 ], [ -38.4943443, -3.7252101 ], [ -38.4943199, -3.7252883 ], [ -38.4943091, -3.7253535 ], [ -38.4943033, -3.7254264 ], [ -38.4942852, -3.7255042 ], [ -38.4942567, -3.7255796 ], [ -38.4942156, -3.7256466 ], [ -38.494197, -3.7256691 ], [ -38.4941779, -3.7256905 ], [ -38.4941505, -3.7257214 ], [ -38.4941171, -3.7257498 ], [ -38.4940668, -3.7257802 ], [ -38.4939571, -3.7258237 ], [ -38.4938754, -3.7258416 ], [ -38.4929398, -3.7257092 ], [ -38.4925922, -3.7256584 ], [ -38.4925674, -3.7256546 ], [ -38.4924489, -3.7256367 ], [ -38.4916924, -3.7255291 ], [ -38.4916656, -3.7255251 ], [ -38.4915895, -3.7255093 ], [ -38.4914894, -3.7254818 ], [ -38.4914227, -3.7254558 ], [ -38.4913454, -3.7254127 ], [ -38.491145, -3.7252798 ], [ -38.4909262, -3.725132 ], [ -38.4907272, -3.724999 ], [ -38.4907059, -3.7249847 ], [ -38.4905565, -3.7248794 ], [ -38.4903923, -3.7247164 ], [ -38.4902759, -3.7245858 ], [ -38.490122, -3.7243716 ], [ -38.4899699, -3.7241796 ], [ -38.4899128, -3.7241206 ], [ -38.4898121, -3.7240177 ], [ -38.4896126, -3.7238828 ], [ -38.489464, -3.7238022 ], [ -38.4890103, -3.7236381 ], [ -38.4889619, -3.723625 ], [ -38.4886637, -3.7235427 ], [ -38.4882183, -3.7234132 ], [ -38.4880464, -3.7233619 ], [ -38.4878491, -3.7232975 ], [ -38.4877396, -3.7232696 ], [ -38.4876155, -3.7232534 ], [ -38.4873394, -3.7232353 ], [ -38.4871923, -3.7232293 ], [ -38.4869318, -3.7232186 ], [ -38.4863756, -3.7232049 ], [ -38.4861768, -3.7232052 ], [ -38.4850742, -3.7231763 ], [ -38.4849575, -3.7231677 ], [ -38.48491940000001, -3.723166 ], [ -38.4848495, -3.7231309 ] ], [ [ -38.4848495, -3.7231309 ], [ -38.4847573, -3.723069 ], [ -38.4846478, -3.7230117 ], [ -38.4845383, -3.7229651 ], [ -38.4845176, -3.7229593 ] ], [ [ -38.4845176, -3.7229593 ], [ -38.4844097, -3.722929 ], [ -38.4842293, -3.7229044 ], [ -38.4841409, -3.7229028 ], [ -38.4839791, -3.7229166 ], [ -38.4838569, -3.7229437 ], [ -38.4838491, -3.7229463 ] ], [ [ -38.4838491, -3.7229463 ], [ -38.4837787, -3.7229692 ], [ -38.4835946, -3.7230154 ], [ -38.4835309, -3.7230173 ], [ -38.4834862, -3.7230111 ], [ -38.4822253, -3.7227002 ], [ -38.4817577, -3.7225628 ], [ -38.4813241, -3.7224126 ], [ -38.4812547, -3.7223895 ], [ -38.4804254, -3.7220847 ], [ -38.4802788, -3.7220316 ], [ -38.480236, -3.722013 ], [ -38.4801016, -3.721965 ], [ -38.4798376, -3.7218845 ], [ -38.4794569, -3.7217801 ], [ -38.4792252, -3.7217176 ], [ -38.4791337, -3.7216927 ] ], [ [ -38.5048799, -3.7227196 ], [ -38.5049564, -3.7229171 ], [ -38.5047195, -3.7230159 ], [ -38.5045795, -3.7230734 ], [ -38.5045596, -3.7230235 ], [ -38.5041757, -3.7231772 ], [ -38.5040939, -3.7232221 ], [ -38.5038695, -3.7233724 ], [ -38.503686, -3.7234921 ], [ -38.5034123, -3.7236487 ], [ -38.503109, -3.7238039 ], [ -38.5029922, -3.7238605 ], [ -38.5025871, -3.7240456 ], [ -38.5024069, -3.72411380000001 ], [ -38.5022085, -3.7241803 ], [ -38.5019322, -3.7242681 ], [ -38.5018219, -3.724281 ], [ -38.5017286, -3.7243073 ], [ -38.501607, -3.7243609 ], [ -38.501142, -3.7244938 ], [ -38.5010183, -3.724527 ], [ -38.5008308, -3.7245243 ], [ -38.5004939, -3.7245685 ], [ -38.5002943, -3.7245922 ], [ -38.5001431, -3.7246136 ], [ -38.4997857, -3.7246588 ], [ -38.4991746, -3.7247326 ], [ -38.4987271, -3.7247892 ], [ -38.4985703, -3.7248096 ], [ -38.4975139, -3.7249498 ], [ -38.4970355, -3.7249909 ], [ -38.4966499, -3.7249997 ], [ -38.4947682, -3.7249877 ], [ -38.4947586, -3.7249607 ], [ -38.4947522, -3.7249374 ], [ -38.4947336, -3.7248828 ] ], [ [ -38.4947336, -3.7248828 ], [ -38.4947242, -3.7248624 ], [ -38.4947161, -3.7248448 ] ], [ [ -38.4947161, -3.7248448 ], [ -38.4945814, -3.7248963 ], [ -38.4944568, -3.7249844 ], [ -38.4943252, -3.7251225 ], [ -38.494279, -3.7252836 ], [ -38.4942514, -3.7254369 ], [ -38.4942303, -3.725531 ], [ -38.4941571, -3.7256425 ], [ -38.4941147, -3.7256859 ], [ -38.4940543, -3.7257261 ], [ -38.4940004, -3.7257501 ], [ -38.4939361, -3.725767 ], [ -38.493856, -3.7257815 ], [ -38.4925739, -3.7256087 ], [ -38.4924548, -3.7255922 ], [ -38.4919169, -3.7255256 ], [ -38.4916704, -3.7254792 ], [ -38.4915318, -3.7254497 ], [ -38.4914405, -3.7254132 ], [ -38.4909637, -3.7251097 ], [ -38.4907536, -3.7249612 ], [ -38.4907395, -3.7249512 ], [ -38.490584, -3.7248404 ], [ -38.4904048, -3.7246556 ], [ -38.4900694, -3.7242325 ], [ -38.4899412, -3.7240863 ], [ -38.4898459, -3.7239777 ], [ -38.4895973, -3.7238159 ], [ -38.4893213, -3.7236808 ], [ -38.4889745, -3.7235912 ], [ -38.4885982, -3.7234915 ], [ -38.4882293, -3.7233796 ], [ -38.4878672, -3.7232596 ], [ -38.487742, -3.7232306 ], [ -38.4876196, -3.7232127 ], [ -38.4873398, -3.7231873 ], [ -38.4871937, -3.7231836 ], [ -38.4861779, -3.7231577 ], [ -38.4849406, -3.7231261 ], [ -38.4848731, -3.7231026 ] ], [ [ -38.4848883, -3.7230843 ], [ -38.4849388, -3.7230237 ] ], [ [ -38.4845548, -3.7228467 ], [ -38.4846432, -3.722889 ], [ -38.4847722, -3.7229863 ], [ -38.4848883, -3.7230843 ] ], [ [ -38.4848883, -3.7230843 ], [ -38.4848731, -3.7231026 ] ], [ [ -38.4848731, -3.7231026 ], [ -38.4848637, -3.7231138 ], [ -38.4848495, -3.7231309 ] ], [ [ -38.4848495, -3.7231309 ], [ -38.4848372, -3.7231456 ], [ -38.4848189, -3.7231675 ], [ -38.4846675, -3.7231599 ], [ -38.4846307, -3.7231743 ], [ -38.484588, -3.7231733 ], [ -38.4845562, -3.7231556 ], [ -38.4844549, -3.7231495 ] ], [ [ -38.4845548, -3.7228467 ], [ -38.4844482, -3.722818 ], [ -38.4843422, -3.722795 ], [ -38.4842356, -3.7227885 ], [ -38.4841743, -3.7227889 ], [ -38.4839554, -3.7228447 ], [ -38.4838354, -3.7228967 ] ], [ [ -38.4845548, -3.7228467 ], [ -38.4845227, -3.7229441 ], [ -38.4845176, -3.7229593 ] ], [ [ -38.4845176, -3.7229593 ], [ -38.4845124, -3.7229752 ], [ -38.4844549, -3.7231495 ] ], [ [ -38.4844549, -3.7231495 ], [ -38.4843202, -3.7231418 ], [ -38.4842167, -3.7231362 ], [ -38.4841673, -3.7231265 ], [ -38.4841362, -3.7231204 ], [ -38.4838819, -3.7230654 ], [ -38.4838533, -3.7229616 ], [ -38.4838491, -3.7229463 ] ], [ [ -38.4838491, -3.7229463 ], [ -38.4838458, -3.7229346 ], [ -38.4838354, -3.7228967 ] ], [ [ -38.4838354, -3.7228967 ], [ -38.483732, -3.7229415 ], [ -38.483589, -3.7229826 ], [ -38.4835408, -3.7229843 ], [ -38.4834959, -3.722978 ], [ -38.4831176, -3.7228834 ], [ -38.4830714, -3.7228452 ] ], [ [ -38.4830714, -3.7228452 ], [ -38.4826488, -3.7227531 ], [ -38.4822044, -3.722628 ], [ -38.4817724, -3.7225055 ], [ -38.4812813, -3.7223388 ], [ -38.4804578, -3.7220101 ], [ -38.4803547, -3.7219622 ], [ -38.4802539, -3.7219003 ], [ -38.4802019, -3.7218684 ], [ -38.4801771, -3.721842 ], [ -38.4801414, -3.7217994 ], [ -38.479511, -3.7216158 ], [ -38.4794605, -3.7216008 ] ], [ [ -38.5051211, -3.7230295 ], [ -38.5050839, -3.7230377 ], [ -38.5049961, -3.7230668 ], [ -38.5042653, -3.7233802 ], [ -38.5041912, -3.7234138 ], [ -38.50369950000001, -3.7236393 ], [ -38.5031496, -3.7238975 ], [ -38.503108, -3.7239176 ], [ -38.503038, -3.7239555 ], [ -38.5027231, -3.7240946 ], [ -38.5026031, -3.7241406 ], [ -38.50246520000001, -3.7241905 ], [ -38.5023424, -3.7242318 ], [ -38.5021762, -3.7242824 ], [ -38.501833, -3.7243738 ], [ -38.5016044, -3.7244335 ], [ -38.5011588, -3.724551 ], [ -38.5010938, -3.7245689 ], [ -38.5010159, -3.7245903 ], [ -38.5009141, -3.7246183 ], [ -38.500803, -3.7246489 ], [ -38.5005019, -3.7247295 ], [ -38.5001979, -3.7248181 ], [ -38.5000977, -3.7248453 ], [ -38.50003, -3.7248637 ], [ -38.4998494, -3.7249127 ], [ -38.4991608, -3.7251059 ], [ -38.4991006, -3.7251231 ], [ -38.4990456, -3.7251397 ], [ -38.4989125, -3.7251764 ], [ -38.4986384, -3.7252484 ], [ -38.4982009, -3.7253716 ], [ -38.49811230000001, -3.7253848 ], [ -38.4980431, -3.7254026 ], [ -38.4978027, -3.7254642 ], [ -38.497602, -3.7255156 ], [ -38.4974628, -3.7255538 ], [ -38.4972923, -3.7255971 ], [ -38.4971565, -3.7256357 ], [ -38.4971005, -3.7256491 ], [ -38.4970419, -3.7256613 ], [ -38.49667, -3.7257422 ], [ -38.4964032, -3.7258028 ], [ -38.4961914, -3.7258462 ], [ -38.4961058, -3.7258662 ], [ -38.495426, -3.7260063 ], [ -38.4952108, -3.7260504 ], [ -38.4951856, -3.7260554 ], [ -38.495075, -3.7260752 ], [ -38.4950069, -3.7260714 ], [ -38.4948981, -3.7260483 ], [ -38.49412, -3.725938 ], [ -38.4931627, -3.7258029 ], [ -38.4925587, -3.7257175 ], [ -38.4924951, -3.7257079 ], [ -38.4924402, -3.7256996 ], [ -38.4916591, -3.7255871 ], [ -38.4915243, -3.7255652 ], [ -38.4914388, -3.7255356 ], [ -38.4913277, -3.7254733 ], [ -38.4906031, -3.7249916 ], [ -38.4905244, -3.7249249 ], [ -38.4903793, -3.724802 ], [ -38.4901631, -3.7245474 ], [ -38.4898634, -3.7241804 ], [ -38.4898377, -3.7241513 ], [ -38.4897504, -3.7240772 ], [ -38.4896252, -3.7239751 ], [ -38.4894777, -3.7238741 ], [ -38.4892722, -3.7237915 ], [ -38.4890602, -3.7237203 ], [ -38.4881997, -3.7234707 ], [ -38.4878222, -3.7233629 ], [ -38.487543, -3.7233199 ], [ -38.4873389, -3.7233006 ], [ -38.4872595, -3.7232986 ], [ -38.4871903, -3.7232969 ], [ -38.4862408, -3.7232704 ], [ -38.4861753, -3.7232686 ], [ -38.4860546, -3.7232653 ], [ -38.4854555, -3.7232486 ], [ -38.4854214, -3.7232476 ], [ -38.4852977, -3.7232442 ], [ -38.4852276, -3.723242 ], [ -38.4843164, -3.7232136 ], [ -38.4842242, -3.7232074 ], [ -38.4841321, -3.7231954 ], [ -38.4839534, -3.7231713 ], [ -38.4823935, -3.7227893 ], [ -38.4817456, -3.7226104 ], [ -38.4816697, -3.7225853 ], [ -38.4816074, -3.722565 ], [ -38.4804093, -3.7221216 ], [ -38.4802992, -3.7220857 ], [ -38.4791638, -3.7217368 ], [ -38.4791392, -3.7217499 ], [ -38.4791129, -3.7217656 ], [ -38.4790851, -3.7217832 ], [ -38.4790138, -3.7218461 ], [ -38.4789566, -3.7219039 ] ] ] } },
{ "type": "Feature", "properties": { "nome_osm": "Avenida Godofredo Maciel", "calor": 0.95652818367749093, "comp_km": 7.9250239009209977, "km_max": 2.9981997908475617, "bairros": "Maraponga, Mondubim, Parangaba, Jardim Cearense, Itaperi, Aracapé", "nome": "Av. Godofredo Maciel", "posicao": 2, "atividade": "run" }, "geometry": { "type": "MultiLineString", "coordinates": [ [ [ -38.5804324, -3.8292784 ], [ -38.5796157, -3.8267081 ], [ -38.5795329, -3.8264259 ] ], [ [ -38.5797751, -3.8269357 ], [ -38.5797156, -3.8266852 ], [ -38.5797049, -3.8265139 ], [ -38.5797076, -3.8264015 ], [ -38.5797358, -3.8262704 ], [ -38.5797049, -3.8263125 ], [ -38.57966840000001, -3.8263498 ], [ -38.579627, -3.8263815 ], [ -38.5795815, -3.8264071 ], [ -38.5795329, -3.8264259 ] ], [ [ -38.5795329, -3.8264259 ], [ -38.579322, -3.8257612 ] ], [ [ -38.5795329, -3.8264259 ], [ -38.5794857, -3.8264371 ], [ -38.5794376, -3.826442 ], [ -38.5793891, -3.8264405 ], [ -38.5793413, -3.8264326 ], [ -38.579295, -3.8264185 ], [ -38.579254, -3.8263933 ] ], [ [ -38.5650993, -3.7810285 ], [ -38.5649697, -3.7805965 ], [ -38.5646924, -3.7796749 ], [ -38.5646762, -3.779627 ], [ -38.5646532, -3.7795587 ], [ -38.5646111, -3.7794933 ], [ -38.5645126, -3.7793591 ], [ -38.5647058, -3.7795244 ], [ -38.5647206, -3.7795416 ], [ -38.5649835, -3.780411 ], [ -38.5651619, -3.7810086 ], [ -38.5656184, -3.7825336 ], [ -38.5658494, -3.7832796 ], [ -38.5662869, -3.7847564 ], [ -38.5664734, -3.7854616 ], [ -38.5666932, -3.7860852 ], [ -38.5667679, -3.7863792 ], [ -38.5668021, -3.7865693 ], [ -38.5668284, -3.7867771 ], [ -38.5668302, -3.7870367 ], [ -38.5668229, -3.7872245 ], [ -38.5668156, -3.7873669 ], [ -38.566795, -3.7878442 ], [ -38.5667655, -3.7884322 ], [ -38.5667542, -3.7887355 ], [ -38.5667619, -3.7889832 ], [ -38.5669855, -3.7908746 ], [ -38.5670462, -3.7910988 ], [ -38.5671579, -3.7913409 ], [ -38.5676288, -3.7919396 ], [ -38.5679199, -3.7922996 ], [ -38.5681221, -3.7925583 ], [ -38.5683812, -3.7928699 ], [ -38.5686731, -3.7932675 ], [ -38.5689503, -3.7937273 ], [ -38.5691576, -3.7941296 ], [ -38.5693129, -3.7945253 ], [ -38.5694747, -3.7950385 ], [ -38.5697333, -3.7958805 ], [ -38.569764, -3.7959793 ], [ -38.5698023, -3.7961029 ], [ -38.5702113, -3.7973332 ], [ -38.5704322, -3.798147 ], [ -38.570488, -3.7983204 ], [ -38.5708362, -3.799429 ], [ -38.5711968, -3.8006626 ], [ -38.571225, -3.8007534 ], [ -38.5713444, -3.8011425 ], [ -38.5713623, -3.8012115 ], [ -38.5715839, -3.8019389 ], [ -38.5716923, -3.8022824 ], [ -38.5719645, -3.8031537 ], [ -38.5719901, -3.8032275 ], [ -38.5720191, -3.8033229 ], [ -38.5720475, -3.8034214 ], [ -38.5722893, -3.8041156 ], [ -38.5725201, -3.8048587 ], [ -38.5725639, -3.8051167 ], [ -38.5726174, -3.8052801 ], [ -38.5727589, -3.8056642 ], [ -38.5731302, -3.8068143 ], [ -38.5732625, -3.8072291 ], [ -38.57367, -3.8085211 ], [ -38.5738628, -3.8091161 ], [ -38.5738995, -3.8092294 ], [ -38.5739189, -3.8092847 ], [ -38.5742015, -3.8100914 ], [ -38.574681, -3.8115835 ], [ -38.5747223, -3.8116958 ], [ -38.5747655, -3.8118511 ], [ -38.5747985, -3.8119479 ], [ -38.5750851, -3.8128164 ], [ -38.5751304, -3.8129627 ], [ -38.575175, -3.8131934 ], [ -38.5752163, -3.8134911 ], [ -38.5752107, -3.813703 ], [ -38.5751658, -3.8139394 ], [ -38.575062, -3.8142925 ], [ -38.5748936, -3.8148252 ], [ -38.5747283, -3.8152431 ], [ -38.5746323, -3.815522 ], [ -38.5745375, -3.8158233 ], [ -38.574533700000011, -3.8158617 ], [ -38.5745025, -3.8161733 ], [ -38.5745147, -3.8165899 ], [ -38.57455, -3.816789 ], [ -38.57461, -3.8169895 ], [ -38.5747326, -3.8172875 ], [ -38.5749048, -3.8175621 ], [ -38.5750809, -3.8177951 ], [ -38.5753078, -3.818006 ], [ -38.5757495, -3.8183895 ], [ -38.5758309, -3.8184602 ], [ -38.5765405, -3.819068 ], [ -38.57667880000001, -3.8191982 ], [ -38.5768471, -3.8193752 ], [ -38.5770667, -3.8196115 ], [ -38.577103, -3.8196576 ], [ -38.5772159, -3.8198143 ], [ -38.5772971, -3.81997 ], [ -38.5774497, -3.8202563 ], [ -38.5775824, -3.8205553 ], [ -38.5776927, -3.8208772 ], [ -38.5789837, -3.824762 ], [ -38.5789912, -3.8247847 ], [ -38.5790079, -3.8248351 ], [ -38.5790343, -3.8249128 ], [ -38.5790387, -3.8249259 ], [ -38.579322, -3.8257612 ] ], [ [ -38.5746223, -3.8158727 ], [ -38.574602, -3.8160177 ], [ -38.574592, -3.8161863 ], [ -38.5745886, -3.8163495 ], [ -38.5745916, -3.8165625 ], [ -38.5746213, -3.8167699 ], [ -38.5746774, -3.8169657 ], [ -38.5747621, -3.8171922 ], [ -38.5748705, -3.8173875 ], [ -38.574933, -3.8174979 ], [ -38.5750603, -3.8176691 ], [ -38.5752576, -3.8178752 ], [ -38.5754067, -3.8180088 ], [ -38.5755547, -3.8181481 ], [ -38.5757849, -3.8183447 ], [ -38.5760041, -3.8185369 ], [ -38.5762449, -3.8187421 ], [ -38.5764977, -3.8189522 ], [ -38.5768252, -3.8192714 ], [ -38.577107, -3.8195775 ], [ -38.5771685, -3.8196443 ], [ -38.5772662, -3.819771 ], [ -38.577361, -3.8199169 ], [ -38.5774628, -3.8200999 ], [ -38.57757, -3.8203128 ], [ -38.5776731, -3.820558 ], [ -38.5777191, -3.8206905 ], [ -38.5777603, -3.8208095 ], [ -38.5779588, -3.821413 ], [ -38.5782408, -3.8223057 ], [ -38.5787554, -3.8238698 ], [ -38.5790139, -3.8246508 ], [ -38.5790446, -3.8247402 ], [ -38.5790583, -3.8247803 ], [ -38.5790721, -3.8248204 ], [ -38.5790958, -3.824893 ], [ -38.5792556, -3.8253819 ], [ -38.5793254, -3.8255143 ], [ -38.5794233, -3.8256348 ], [ -38.5795859, -3.8257832 ], [ -38.5795359, -3.8257619 ], [ -38.5794832, -3.8257488 ], [ -38.579429, -3.8257443 ], [ -38.5793748, -3.8257484 ], [ -38.579322, -3.8257612 ] ], [ [ -38.5646874, -3.7793976 ], [ -38.5647817, -3.7795261 ], [ -38.564824, -3.7796238 ], [ -38.5648941, -3.779863 ], [ -38.5650775, -3.7804538 ], [ -38.5652331, -3.780986 ], [ -38.5653303, -3.7813322 ], [ -38.5655308, -3.7820102 ], [ -38.5657008, -3.7825397 ], [ -38.5658163, -3.782927 ], [ -38.5658857, -3.7831593 ], [ -38.5659154, -3.7832584 ], [ -38.5659461, -3.7833616 ], [ -38.566098, -3.7838714 ], [ -38.5662463, -3.7843691 ], [ -38.56636, -3.7847348 ], [ -38.5664719, -3.7851004 ], [ -38.5665266, -3.7852874 ], [ -38.5665656, -3.7854109 ], [ -38.5666739, -3.7857674 ], [ -38.5668639, -3.7864695 ], [ -38.5668966, -3.7868242 ], [ -38.5668955, -3.7870366 ], [ -38.5668951, -3.787225 ], [ -38.5668898, -3.7873689 ], [ -38.5668726, -3.787592 ], [ -38.5668685, -3.7878219 ], [ -38.5668424, -3.7881667 ], [ -38.5668357, -3.7884471 ], [ -38.5668303, -3.7886832 ], [ -38.5668323, -3.7889087 ], [ -38.5668414, -3.7890482 ], [ -38.5668538, -3.7892178 ], [ -38.5669047, -3.7895939 ], [ -38.5670001, -3.7903459 ], [ -38.5670451, -3.790722 ], [ -38.5670851, -3.7909435 ], [ -38.567126, -3.7910699 ], [ -38.567185, -3.7912017 ], [ -38.5672393, -3.7913007 ], [ -38.5673279, -3.7914232 ], [ -38.5676777, -3.7919009 ], [ -38.567994, -3.7922905 ], [ -38.5681902, -3.7925363 ], [ -38.5682658, -3.792631 ], [ -38.5683942, -3.7927888 ], [ -38.5684725, -3.7928799 ], [ -38.5687288, -3.7932259 ], [ -38.568851, -3.7934126 ], [ -38.5689906, -3.793649 ], [ -38.5691641, -3.7939815 ], [ -38.5692721, -3.7942137 ], [ -38.5693575, -3.7944261 ], [ -38.5694366, -3.7946927 ], [ -38.5695344, -3.7949794 ], [ -38.5696305, -3.7953065 ], [ -38.5698036, -3.7958592 ], [ -38.5698337, -3.795958 ], [ -38.5698705, -3.7960806 ], [ -38.5698855, -3.7961291 ], [ -38.5699885, -3.7964597 ], [ -38.5700396, -3.7966289 ], [ -38.5701385, -3.7969525 ], [ -38.5702507, -3.7973131 ], [ -38.5704039, -3.7978005 ], [ -38.5705031, -3.7981245 ], [ -38.5705554, -3.7982987 ], [ -38.5708261, -3.7991801 ], [ -38.5708918, -3.7993915 ], [ -38.5712483, -3.8005531 ], [ -38.5712738, -3.8006364 ], [ -38.5712958, -3.8007081 ], [ -38.5713025, -3.8007298 ], [ -38.5714217, -3.801119 ], [ -38.5714435, -3.8011873 ], [ -38.5714923, -3.8013491 ], [ -38.571666, -3.8019143 ], [ -38.5717736, -3.8022616 ], [ -38.5720385, -3.803132 ], [ -38.5720539, -3.8031821 ], [ -38.5720611, -3.8032057 ], [ -38.5720927, -3.8033007 ], [ -38.5721203, -3.803399 ], [ -38.5721409, -3.8034605 ], [ -38.5723018, -3.8039909 ], [ -38.572441, -3.8044798 ], [ -38.572644, -3.805088 ], [ -38.5726945, -3.8052509 ], [ -38.5728316, -3.8056484 ], [ -38.5730844, -3.8064418 ], [ -38.5733296, -3.8072081 ], [ -38.5734021, -3.8074361 ], [ -38.5735264, -3.8078273 ], [ -38.573619, -3.8081294 ], [ -38.5737378, -3.808499 ], [ -38.5739358, -3.8090926 ], [ -38.5739591, -3.8091638 ], [ -38.5739724, -3.8092044 ], [ -38.573991, -3.8092609 ], [ -38.5740246, -3.8093636 ], [ -38.5742618, -3.8100657 ], [ -38.5743794, -3.8104363 ], [ -38.5745162, -3.8108552 ], [ -38.5747448, -3.8115574 ], [ -38.5747629, -3.811619 ], [ -38.5747796, -3.811661 ], [ -38.5748318, -3.8118226 ], [ -38.574864, -3.8119263 ], [ -38.5749802, -3.8123124 ], [ -38.5751398, -3.8127911 ], [ -38.5752293, -3.8131137 ], [ -38.5752768, -3.8133771 ], [ -38.5752981, -3.8135475 ], [ -38.5752948, -3.813736 ], [ -38.5752662, -3.8139356 ], [ -38.575172, -3.8142997 ], [ -38.575062, -3.8145912 ], [ -38.5749627, -3.8148635 ], [ -38.5748515, -3.8151479 ], [ -38.5747613, -3.8154041 ], [ -38.5746832, -3.8156301 ], [ -38.5746569, -3.8157349 ] ], [ [ -38.5750207, -3.8128244 ], [ -38.5748582, -3.8123726 ], [ -38.5747844, -3.8120973 ], [ -38.5747426, -3.8119663 ], [ -38.5747207, -3.8119033 ], [ -38.5747123, -3.8118741 ], [ -38.5746635, -3.8117315 ], [ -38.5746197, -3.8116084 ], [ -38.5744086, -3.8109863 ], [ -38.5742352, -3.8104584 ], [ -38.5741263, -3.8101248 ], [ -38.5738558, -3.8093054 ], [ -38.5738377, -3.8092507 ], [ -38.5738, -3.8091363 ], [ -38.5736045, -3.8085436 ], [ -38.5735811, -3.8084736 ], [ -38.5735211, -3.808291 ], [ -38.5734619, -3.8080561 ], [ -38.5734175, -3.8079191 ], [ -38.5734111, -3.8078992 ], [ -38.5731955, -3.8072476 ], [ -38.5729426, -3.8064705 ], [ -38.5726867, -3.8056868 ], [ -38.5725516, -3.8053071 ], [ -38.5724976, -3.8051406 ], [ -38.5724082, -3.8048969 ], [ -38.5721863, -3.804149 ], [ -38.5720815, -3.803778 ], [ -38.5719747, -3.8034448 ], [ -38.5719496, -3.8033661 ], [ -38.5719432, -3.8033459 ], [ -38.5719113, -3.8032516 ], [ -38.5718901, -3.8031756 ], [ -38.57168, -3.8024783 ], [ -38.5716236, -3.8022999 ], [ -38.57152, -3.8019581 ], [ -38.5714438, -3.8017129 ], [ -38.5713109, -3.8012823 ], [ -38.5712957, -3.8012313 ], [ -38.5712822, -3.8011871 ], [ -38.571275, -3.8011635 ], [ -38.5712076, -3.8009343 ], [ -38.5711567, -3.8007743 ], [ -38.5711292, -3.8006856 ], [ -38.5709788, -3.8001876 ], [ -38.5707416, -3.7993979 ], [ -38.5705063, -3.7986338 ], [ -38.5704213, -3.7983419 ], [ -38.5703692, -3.798167 ], [ -38.5702732, -3.7978375 ], [ -38.5702054, -3.7976175 ], [ -38.5701304, -3.7973752 ], [ -38.570042, -3.7970859 ], [ -38.5699756, -3.7968729 ], [ -38.5697372, -3.7961242 ], [ -38.569708, -3.7960291 ], [ -38.5696988, -3.7959992 ], [ -38.5696691, -3.7959 ], [ -38.5693975, -3.7950146 ], [ -38.5692308, -3.7944922 ], [ -38.5691714, -3.7943325 ], [ -38.5691014, -3.7941675 ], [ -38.568859, -3.7937087 ], [ -38.5687504, -3.7935238 ], [ -38.5686305, -3.7933369 ], [ -38.5684826, -3.7931292 ], [ -38.568258, -3.7928565 ], [ -38.5681161, -3.7926579 ], [ -38.5680579, -3.7925775 ], [ -38.5678978, -3.792381 ], [ -38.5675779, -3.7919754 ], [ -38.5675689, -3.791965 ], [ -38.5673943, -3.7917533 ], [ -38.5671231, -3.7913843 ], [ -38.5670979, -3.7913416 ], [ -38.5670785, -3.7913065 ], [ -38.5670262, -3.7911818 ], [ -38.5669648, -3.7910301 ], [ -38.5669379, -3.790917 ], [ -38.5668766, -3.7905319 ], [ -38.5668162, -3.7901211 ], [ -38.5667429, -3.789562 ], [ -38.5666769, -3.7889899 ], [ -38.5666754, -3.7889422 ], [ -38.5666747, -3.7888706 ], [ -38.5666889, -3.7884728 ], [ -38.5667319, -3.7878634 ], [ -38.5667414, -3.7874297 ], [ -38.5667422, -3.787365 ], [ -38.5667448, -3.787297 ], [ -38.5667466, -3.787224 ], [ -38.5667503, -3.7870369 ], [ -38.5667558, -3.7867216 ], [ -38.5667382, -3.7866151 ], [ -38.5667226, -3.7865061 ], [ -38.566708, -3.786422 ], [ -38.5666919, -3.7863402 ], [ -38.5665538, -3.785873 ], [ -38.5664002, -3.7853523 ], [ -38.5662268, -3.7847741 ], [ -38.5658102, -3.7833931 ], [ -38.565801, -3.7833624 ], [ -38.5657826, -3.7833011 ], [ -38.5657512, -3.7831984 ], [ -38.5656982, -3.7830244 ], [ -38.5655071, -3.7823976 ], [ -38.5652477, -3.7815323 ], [ -38.5652057, -3.7813898 ] ] ] } },
{ "type": "Feature", "properties": { "nome_osm": "Avenida Washington Soares", "calor": 0.94620559694199335, "comp_km": 11.104770577962805, "km_max": 3.0058445700395517, "bairros": "Cambeba, Engenheiro Luciano Cavalcante, Coaçu, Messejana, Parque Manibura, Guajeru, Guararapes, José de Alencar", "nome": "Av. Washington Soares", "posicao": 3, "atividade": "run" }, "geometry": { "type": "MultiLineString", "coordinates": [ [ [ -38.4794462, -3.8125266 ], [ -38.479554, -3.8126615 ], [ -38.4796548, -3.8127917 ], [ -38.4799153, -3.8131296 ], [ -38.4803368, -3.8136219 ], [ -38.4809081, -3.8143081 ], [ -38.4811727, -3.8146288 ], [ -38.4812389, -3.814705 ], [ -38.4812534, -3.8147233 ], [ -38.481503, -3.8150295 ], [ -38.4820704, -3.8157199 ], [ -38.4823101, -3.8160099 ], [ -38.4824552, -3.8161866 ], [ -38.4826536, -3.8164261 ], [ -38.4827618, -3.816561 ], [ -38.4828742, -3.8166971 ], [ -38.4829777, -3.8168498 ], [ -38.4830441, -3.8169495 ], [ -38.4831039, -3.8170405 ], [ -38.4831759, -3.8171946 ], [ -38.4832118, -3.8172929 ], [ -38.48325, -3.8174067 ], [ -38.4832728, -3.8175057 ], [ -38.4832989, -3.8176388 ], [ -38.4833184, -3.8178185 ] ], [ [ -38.4828821, -3.7619674 ], [ -38.4828349, -3.7626241 ], [ -38.4827845, -3.7633582 ], [ -38.4826871, -3.7645033 ], [ -38.4826604, -3.7647776 ], [ -38.4825649, -3.7652634 ], [ -38.4825676, -3.7654416 ], [ -38.4825843, -3.7656089 ], [ -38.482523, -3.7661083 ], [ -38.482431, -3.7668998 ], [ -38.4823475, -3.7671378 ], [ -38.482261, -3.7680555 ], [ -38.4821898, -3.7685951 ], [ -38.4821523, -3.7690962 ], [ -38.4822027, -3.7693132 ], [ -38.4821097, -3.7703628 ], [ -38.4820494, -3.7704742 ], [ -38.4820257, -3.7706449 ], [ -38.4820534, -3.7707642 ], [ -38.4820672, -3.7708964 ], [ -38.4820306, -3.7713485 ], [ -38.4820281, -3.7713791 ], [ -38.4820239, -3.7714203 ], [ -38.4820155, -3.7715042 ], [ -38.4820086, -3.7715721 ], [ -38.4820057, -3.7716046 ], [ -38.4818556, -3.7732847 ], [ -38.4818156, -3.7738638 ], [ -38.481778, -3.7743158 ], [ -38.4817759, -3.7743349 ], [ -38.4817627, -3.7744524 ], [ -38.4817531, -3.7745761 ], [ -38.4817213, -3.7749881 ], [ -38.4815961, -3.7764973 ], [ -38.4814189, -3.7784186 ], [ -38.4813383, -3.7792293 ], [ -38.481304, -3.779618 ], [ -38.481271, -3.7800535 ], [ -38.4812063, -3.7808371 ], [ -38.4811327, -3.7817018 ], [ -38.4809436, -3.7841548 ], [ -38.4809387, -3.784645 ], [ -38.4809258, -3.7850189 ], [ -38.4808527, -3.785952 ], [ -38.4807745, -3.7868347 ], [ -38.4807734, -3.7868475 ], [ -38.4807624, -3.7869324 ], [ -38.4807528, -3.7869944 ], [ -38.4807499, -3.7870129 ], [ -38.4807029, -3.7873828 ], [ -38.4806782, -3.7875888 ], [ -38.4805285, -3.7893396 ], [ -38.4805233, -3.7894082 ], [ -38.4805174, -3.7894864 ], [ -38.480512, -3.7895568 ], [ -38.4802688, -3.7923962 ], [ -38.4802475, -3.792533 ], [ -38.4802144, -3.7927337 ], [ -38.4801844, -3.7929435 ], [ -38.4801397, -3.7933661 ], [ -38.4800977, -3.7939504 ], [ -38.480084, -3.7942679 ], [ -38.4799687, -3.7955958 ], [ -38.4799618, -3.7956871 ], [ -38.4799564, -3.7957557 ], [ -38.4799486, -3.7958569 ], [ -38.4799264, -3.796169 ], [ -38.4798723, -3.7967179 ], [ -38.4798404, -3.7973961 ], [ -38.479799, -3.797799 ], [ -38.479738, -3.7981158 ], [ -38.4797205, -3.7982859 ], [ -38.4796832, -3.7984594 ], [ -38.4796122, -3.7993001 ], [ -38.479432, -3.8018559 ], [ -38.4794254, -3.8019486 ], [ -38.4794181, -3.802024 ], [ -38.4794114, -3.8021015 ], [ -38.4793069, -3.8033126 ], [ -38.4791236, -3.805451 ], [ -38.4791184, -3.8055207 ], [ -38.4790558, -3.8062179 ], [ -38.4789666, -3.8075917 ], [ -38.4789279, -3.8080278 ], [ -38.4788731, -3.8084544 ], [ -38.4787362, -3.8100179 ], [ -38.4787118, -3.81032 ], [ -38.4787045, -3.8105504 ], [ -38.4787188, -3.8108026 ], [ -38.478745, -3.8109998 ], [ -38.4787572, -3.8111959 ], [ -38.4788216, -3.8114312 ], [ -38.4789227, -3.8117369 ], [ -38.4790072, -3.8119558 ], [ -38.4791671, -3.8122356 ], [ -38.4793308, -3.8124695 ], [ -38.4793609, -3.8125106 ], [ -38.4794166, -3.8125862 ] ], [ [ -38.4808211, -3.8144111 ], [ -38.4802365, -3.8137127 ], [ -38.4799293, -3.8133605 ] ], [ [ -38.4799293, -3.8133605 ], [ -38.4798338, -3.8132801 ], [ -38.4797441, -3.813179 ], [ -38.479628, -3.8130473 ], [ -38.4795693, -3.8129847 ], [ -38.4794044, -3.8127791 ] ], [ [ -38.4799293, -3.8133605 ], [ -38.4797808, -3.8131425 ], [ -38.4794774, -3.8127516 ], [ -38.4794623, -3.8127336 ], [ -38.4794196, -3.8126814 ] ], [ [ -38.4787965, -3.8100246 ], [ -38.4787904, -3.8100667 ], [ -38.4787764, -3.810306 ], [ -38.4787707, -3.8103902 ], [ -38.4787683, -3.8104952 ], [ -38.478779, -3.8106604 ], [ -38.4787861, -3.8107916 ], [ -38.4787995, -3.8109488 ], [ -38.4788377, -3.81118 ], [ -38.4789028, -3.8114373 ], [ -38.4789263, -3.8115269 ], [ -38.4789927, -3.8117283 ], [ -38.4790704, -3.8119056 ], [ -38.4791938, -3.8121254 ], [ -38.4792651, -3.8122398 ], [ -38.4793599, -3.8123882 ], [ -38.4794105, -3.8124742 ], [ -38.4794284, -3.8125004 ], [ -38.4794462, -3.8125266 ] ], [ [ -38.4794166, -3.8125862 ], [ -38.4794195, -3.8125834 ], [ -38.4794462, -3.8125266 ] ], [ [ -38.4794196, -3.8126814 ], [ -38.4793702, -3.8126132 ], [ -38.4793477, -3.812582 ], [ -38.4793167, -3.812543 ], [ -38.4790796, -3.8122257 ] ], [ [ -38.4794196, -3.8126814 ], [ -38.479406, -3.8126563 ], [ -38.4794034, -3.8126379 ], [ -38.4794166, -3.8125862 ] ], [ [ -38.4742453, -3.8534025 ], [ -38.474317, -3.8532582 ], [ -38.47488950000001, -3.852075 ], [ -38.4760875, -3.8495998 ], [ -38.4768098, -3.8481291 ], [ -38.4768655, -3.848058 ], [ -38.4769325, -3.8479684 ], [ -38.4769824, -3.847839 ], [ -38.4772118, -3.847515 ], [ -38.4775161, -3.8471524 ], [ -38.4778386, -3.8468148 ], [ -38.478361, -3.8463729 ], [ -38.4793103, -3.8456523 ], [ -38.4798553, -3.8452485 ], [ -38.4801692, -3.8449753 ], [ -38.4804594, -3.8446349 ], [ -38.4806666, -3.8442937 ], [ -38.4808099, -3.843959 ], [ -38.4809271, -3.8434988 ], [ -38.4809639, -3.8431693 ], [ -38.4809665, -3.84292 ], [ -38.4809022, -3.8424319 ], [ -38.4807812, -3.8419966 ], [ -38.4806663, -3.8417499 ], [ -38.4805303, -3.841456 ], [ -38.4801757, -3.8407576 ], [ -38.4800103, -3.8403632 ], [ -38.4799569, -3.8401741 ], [ -38.4799165, -3.8399215 ], [ -38.4799053, -3.8394615 ], [ -38.4799433, -3.8392267 ], [ -38.4799598, -3.8391382 ], [ -38.4800098, -3.8389222 ], [ -38.4800802, -3.838656 ], [ -38.480157, -3.8384101 ], [ -38.480161, -3.8383972 ], [ -38.4801983, -3.8383168 ], [ -38.4803657, -3.8380719 ], [ -38.4805544, -3.8378039 ], [ -38.480896, -3.8373249 ], [ -38.4809735, -3.837214 ], [ -38.4814517, -3.8365535 ], [ -38.4816279, -3.8363088 ], [ -38.481806, -3.8360451 ], [ -38.4819909, -3.8357376 ], [ -38.4820504, -3.8356294 ], [ -38.4822639, -3.8352119 ], [ -38.4824014, -3.8347043 ], [ -38.482488, -3.834308 ], [ -38.4825569, -3.8339169 ], [ -38.4825605, -3.8338891 ], [ -38.482561, -3.8338494 ], [ -38.4825634, -3.8337548 ], [ -38.482574, -3.8333827 ], [ -38.4825395, -3.83277 ], [ -38.4825191, -3.8325931 ], [ -38.4824004, -3.8315641 ], [ -38.482383, -3.8313981 ], [ -38.482365, -3.8312262 ], [ -38.4823515, -3.8310579 ], [ -38.4822923, -3.8303451 ], [ -38.4822855, -3.8294206 ], [ -38.4822719, -3.828981 ], [ -38.4822196, -3.8284303 ], [ -38.4821311, -3.8278434 ], [ -38.4820402, -3.8274445 ], [ -38.4816927, -3.8261733 ], [ -38.4814815, -3.825362 ], [ -38.4814066, -3.8249519 ], [ -38.4813634, -3.8246437 ], [ -38.4812855, -3.8229399 ], [ -38.481251, -3.822296 ], [ -38.481215, -3.8215446 ], [ -38.4812044, -3.8211516 ], [ -38.4812771, -3.8207822 ], [ -38.4814179, -3.8204242 ], [ -38.4816246, -3.820073 ], [ -38.4817881, -3.8198758 ], [ -38.482212, -3.8195182 ], [ -38.4824232, -3.8193436 ], [ -38.482683, -3.8190872 ], [ -38.4829532, -3.8187201 ], [ -38.4831077, -3.8183349 ], [ -38.4831485, -3.8180901 ], [ -38.4831281, -3.8175191 ], [ -38.4830304, -3.817229 ], [ -38.4829202, -3.8169037 ], [ -38.4826023, -3.8164642 ], [ -38.482254, -3.8160583 ], [ -38.4818292, -3.815534 ], [ -38.4812754, -3.8148627 ], [ -38.4807138, -3.814193 ], [ -38.4800963, -3.8134568 ], [ -38.4795901, -3.8128277 ], [ -38.4795041, -3.8127007 ], [ -38.4794166, -3.8125862 ] ], [ [ -38.479264, -3.8125816 ], [ -38.4792075, -3.812487 ], [ -38.4791647, -3.8124149 ], [ -38.4791335, -3.8123588 ], [ -38.4791151, -3.8123168 ], [ -38.4790796, -3.8122257 ] ], [ [ -38.4790796, -3.8122257 ], [ -38.4790176, -3.8120771 ], [ -38.4789444, -3.8119061 ], [ -38.4788709, -3.8117198 ], [ -38.4787606, -3.8113572 ], [ -38.4787072, -3.8111293 ], [ -38.4786688, -3.8109007 ], [ -38.4786454, -3.8107757 ] ] ] } },
{ "type": "Feature", "properties": { "nome_osm": "Vila do Mar", "calor": 0.96817480118505539, "comp_km": 3.0615032550936259, "km_max": 2.2231311504677915, "bairros": "Barra do Ceará, Cristo Redentor", "nome": "Vila do Mar", "posicao": 4, "atividade": "run" }, "geometry": { "type": "LineString", "coordinates": [ [ -38.5619222, -3.7055104 ], [ -38.5629963, -3.7051256 ], [ -38.5636947, -3.7048754 ], [ -38.5640741, -3.7046833 ], [ -38.5651292, -3.7042078 ], [ -38.5655198, -3.7040757 ], [ -38.5668214, -3.7034896 ], [ -38.5676322, -3.7030975 ], [ -38.5687852, -3.7023953 ], [ -38.5733394, -3.7002857 ], [ -38.5747509, -3.6993788 ], [ -38.5763055, -3.6983059 ], [ -38.5770217, -3.6977768 ], [ -38.5771099, -3.6976912 ], [ -38.577116, -3.697627 ], [ -38.5774201, -3.6973274 ], [ -38.5776696, -3.6970863 ], [ -38.5779595, -3.6968841 ], [ -38.5784317, -3.6966991 ], [ -38.5787422, -3.6965641 ], [ -38.5787948, -3.6965839 ], [ -38.5789714, -3.69649 ], [ -38.5796104, -3.6960477 ], [ -38.5801008, -3.695696 ], [ -38.5801234, -3.6956206 ], [ -38.5802133, -3.6955646 ], [ -38.5804962, -3.6953802 ], [ -38.580821, -3.6951279 ], [ -38.581252, -3.6948908 ], [ -38.5814327, -3.694788 ], [ -38.5814772, -3.6947952 ], [ -38.5817761, -3.6946655 ], [ -38.5819006, -3.6946111 ], [ -38.582784, -3.6943713 ], [ -38.5835136, -3.6942868 ], [ -38.5841458, -3.6943265 ], [ -38.5850381, -3.6943874 ], [ -38.5853988, -3.6943991 ], [ -38.5861378, -3.694432 ], [ -38.586133, -3.694527 ] ] } },
{ "type": "Feature", "properties": { "nome_osm": null, "calor": 0.97846292288815517, "comp_km": 2.612485217884049, "km_max": 2.1169575224662411, "bairros": "Presidente Kennedy", "nome": "Caminho em Presidente Kennedy", "posicao": 5, "atividade": "run" }, "geometry": { "type": "MultiLineString", "coordinates": [ [ [ -38.5724319, -3.7336607 ], [ -38.5724883, -3.733666 ] ], [ [ -38.5724319, -3.7336607 ], [ -38.5724354, -3.7336311 ], [ -38.572034, -3.7335713 ], [ -38.5719961, -3.7335215 ] ], [ [ -38.5724319, -3.7336607 ], [ -38.5723767, -3.7341238 ] ], [ [ -38.5723767, -3.7341238 ], [ -38.5719264, -3.7338337 ] ], [ [ -38.5723767, -3.7341238 ], [ -38.5723162, -3.7346313 ] ], [ [ -38.5723533, -3.7348855 ], [ -38.5722869, -3.7348774 ] ], [ [ -38.5718778, -3.7343887 ], [ -38.5723162, -3.7346313 ] ], [ [ -38.5722869, -3.7348774 ], [ -38.5723162, -3.7346313 ] ], [ [ -38.5722869, -3.7348774 ], [ -38.5722841, -3.7349008 ], [ -38.572272, -3.734912 ] ], [ [ -38.572272, -3.734912 ], [ -38.5717866, -3.7347126 ], [ -38.5717076, -3.7348881 ] ], [ [ -38.572272, -3.734912 ], [ -38.5722263, -3.7349543 ] ], [ [ -38.5717076, -3.7348881 ], [ -38.5722263, -3.7349543 ] ], [ [ -38.5722202, -3.734999 ], [ -38.5722263, -3.7349543 ] ], [ [ -38.5719961, -3.7335215 ], [ -38.5719542, -3.7334664 ], [ -38.5720477, -3.7324903 ], [ -38.5715841, -3.7324359 ] ], [ [ -38.5719961, -3.7335215 ], [ -38.5719549, -3.7335606 ] ], [ [ -38.5719549, -3.7335606 ], [ -38.5714723, -3.7335113 ] ], [ [ -38.5719264, -3.7338337 ], [ -38.5719549, -3.7335606 ] ], [ [ -38.5719264, -3.7338337 ], [ -38.5714932, -3.733798 ] ], [ [ -38.5718778, -3.7343887 ], [ -38.5719264, -3.7338337 ] ], [ [ -38.5718778, -3.7343887 ], [ -38.5715436, -3.7342102 ] ], [ [ -38.5717076, -3.7348881 ], [ -38.5714698, -3.7348578 ], [ -38.5712569, -3.7347531 ] ], [ [ -38.5715841, -3.7324359 ], [ -38.5712219, -3.7323935 ] ], [ [ -38.5715626, -3.732639 ], [ -38.5715841, -3.7324359 ] ], [ [ -38.5715626, -3.732639 ], [ -38.5712545, -3.7325732 ] ], [ [ -38.5715626, -3.732639 ], [ -38.5715046, -3.7331879 ] ], [ [ -38.5715436, -3.7342102 ], [ -38.5709269, -3.7339988 ] ], [ [ -38.5714932, -3.733798 ], [ -38.5715436, -3.7342102 ] ], [ [ -38.5713942, -3.7345261 ], [ -38.5714162, -3.7344895 ], [ -38.5715173, -3.7342763 ], [ -38.5715436, -3.7342102 ] ], [ [ -38.5715046, -3.7331879 ], [ -38.5709691, -3.7331316 ] ], [ [ -38.5714723, -3.7335113 ], [ -38.5715046, -3.7331879 ] ], [ [ -38.5714453, -3.7337807 ], [ -38.5714932, -3.733798 ] ], [ [ -38.5714723, -3.7335113 ], [ -38.5714453, -3.7337807 ] ], [ [ -38.5714453, -3.7337807 ], [ -38.5710987, -3.733656 ] ], [ [ -38.5711534, -3.734429 ], [ -38.5713942, -3.7345261 ] ], [ [ -38.5712569, -3.7347531 ], [ -38.5713942, -3.7345261 ] ], [ [ -38.5711176, -3.7346845 ], [ -38.5712569, -3.7347531 ] ], [ [ -38.5712219, -3.7323935 ], [ -38.5712545, -3.7325732 ] ], [ [ -38.5708678, -3.7326628 ], [ -38.5712545, -3.7325732 ] ], [ [ -38.5712219, -3.7323935 ], [ -38.5711682, -3.7323872 ], [ -38.5701786, -3.7322711 ], [ -38.5698483, -3.7322324 ] ], [ [ -38.5709651, -3.734384 ], [ -38.5710837, -3.7344047 ], [ -38.5711534, -3.734429 ] ], [ [ -38.5711176, -3.7346845 ], [ -38.5711534, -3.734429 ] ], [ [ -38.5707983, -3.7345274 ], [ -38.5711176, -3.7346845 ] ], [ [ -38.5709691, -3.7331316 ], [ -38.5710987, -3.733656 ] ], [ [ -38.5710987, -3.733656 ], [ -38.5709095, -3.7337618 ], [ -38.5708763, -3.7337864 ] ], [ [ -38.5709691, -3.7331316 ], [ -38.5708678, -3.7326628 ] ], [ [ -38.5709691, -3.7331316 ], [ -38.5705724, -3.7333273 ] ], [ [ -38.5705807, -3.7343169 ], [ -38.5709651, -3.734384 ] ], [ [ -38.5707983, -3.7345274 ], [ -38.5709651, -3.734384 ] ], [ [ -38.5709269, -3.7339988 ], [ -38.5699588, -3.7338531 ] ], [ [ -38.5709269, -3.7339988 ], [ -38.5708763, -3.7337864 ] ], [ [ -38.5704683, -3.7337336 ], [ -38.5708763, -3.7337864 ] ], [ [ -38.5708678, -3.7326628 ], [ -38.5706674, -3.7325983 ], [ -38.5704772, -3.7325371 ] ], [ [ -38.5706489, -3.7344539 ], [ -38.5707983, -3.7345274 ] ], [ [ -38.5702877, -3.7343789 ], [ -38.5704632, -3.7343797 ], [ -38.5705409, -3.7344007 ], [ -38.5706489, -3.7344539 ] ], [ [ -38.5705807, -3.7343169 ], [ -38.5706489, -3.7344539 ] ], [ [ -38.5703541, -3.7342773 ], [ -38.5705807, -3.7343169 ] ], [ [ -38.5705724, -3.7333273 ], [ -38.570407, -3.733059 ], [ -38.5704772, -3.7325371 ] ], [ [ -38.5705724, -3.7333273 ], [ -38.5704683, -3.7337336 ] ], [ [ -38.5704772, -3.7325371 ], [ -38.5698679, -3.7325602 ] ], [ [ -38.5704683, -3.7337336 ], [ -38.5703066, -3.7336963 ] ], [ [ -38.5703541, -3.7342773 ], [ -38.569821, -3.7342162 ] ], [ [ -38.5702877, -3.7343789 ], [ -38.5703541, -3.7342773 ] ], [ [ -38.5703066, -3.7336963 ], [ -38.5699416, -3.7335646 ] ], [ [ -38.5703066, -3.7336963 ], [ -38.5699588, -3.7338531 ] ], [ [ -38.5698106, -3.7343768 ], [ -38.5702877, -3.7343789 ] ], [ [ -38.5699416, -3.7335646 ], [ -38.5699588, -3.7338531 ] ], [ [ -38.569821, -3.7342162 ], [ -38.5698411, -3.7341804 ], [ -38.5699511, -3.7338833 ], [ -38.5699588, -3.7338531 ] ], [ [ -38.5694105, -3.7338948 ], [ -38.5699588, -3.7338531 ] ], [ [ -38.5699416, -3.7335646 ], [ -38.56982, -3.7334445 ], [ -38.5696511, -3.7333071 ] ], [ [ -38.5698328, -3.7323442 ], [ -38.5698679, -3.7325602 ] ], [ [ -38.5698679, -3.7325602 ], [ -38.5697652, -3.7328648 ], [ -38.5696511, -3.7333071 ] ], [ [ -38.5695984, -3.73256550000001 ], [ -38.5698679, -3.7325602 ] ], [ [ -38.5697376, -3.7322194 ], [ -38.5698483, -3.7322324 ] ], [ [ -38.5698328, -3.7323442 ], [ -38.5698483, -3.7322324 ] ], [ [ -38.5697376, -3.7322194 ], [ -38.5698328, -3.7323442 ] ], [ [ -38.5698328, -3.7323442 ], [ -38.5695984, -3.73256550000001 ] ], [ [ -38.569052, -3.7341469 ], [ -38.569821, -3.7342162 ] ], [ [ -38.5698106, -3.7343768 ], [ -38.569821, -3.7342162 ] ], [ [ -38.5698106, -3.7343768 ], [ -38.5690908, -3.7343571 ], [ -38.5690497, -3.7343232 ], [ -38.569052, -3.7341469 ] ], [ [ -38.5697376, -3.7322194 ], [ -38.5695134, -3.7321931 ] ], [ [ -38.5694589, -3.7333507 ], [ -38.5696511, -3.7333071 ] ], [ [ -38.5695984, -3.73256550000001 ], [ -38.5694802, -3.7325854 ] ], [ [ -38.5695134, -3.7321931 ], [ -38.5692461, -3.7321579 ], [ -38.5692267, -3.7321687 ], [ -38.5692088, -3.732184 ], [ -38.5691923, -3.7322082 ], [ -38.5691459, -3.7327528 ] ], [ [ -38.5695134, -3.7321931 ], [ -38.5694802, -3.7325854 ] ], [ [ -38.5694802, -3.7325854 ], [ -38.5691459, -3.7327528 ] ], [ [ -38.5694589, -3.7333507 ], [ -38.5693596, -3.7332008 ], [ -38.5691303, -3.7330093 ] ], [ [ -38.5694589, -3.7333507 ], [ -38.569415, -3.7337531 ] ], [ [ -38.5694589, -3.7333507 ], [ -38.5692415, -3.7334077 ] ], [ [ -38.569415, -3.7337531 ], [ -38.569186, -3.7337392 ] ], [ [ -38.569415, -3.7337531 ], [ -38.5694105, -3.7338948 ] ], [ [ -38.5694105, -3.7338948 ], [ -38.569068, -3.7339147 ] ], [ [ -38.5692415, -3.7334077 ], [ -38.5692374, -3.7334973 ], [ -38.5691692, -3.7335888 ] ], [ [ -38.5692415, -3.7334077 ], [ -38.5691008, -3.7334402 ] ], [ [ -38.569186, -3.7337392 ], [ -38.5691692, -3.7335888 ] ], [ [ -38.569186, -3.7337392 ], [ -38.569068, -3.7339147 ] ], [ [ -38.5691692, -3.7335888 ], [ -38.5691068, -3.7335881 ], [ -38.5690897, -3.7335998 ] ], [ [ -38.5691303, -3.7330093 ], [ -38.5691313, -3.732993 ], [ -38.5691459, -3.7327528 ] ], [ [ -38.5691303, -3.7330093 ], [ -38.5691287, -3.7330355 ], [ -38.5691008, -3.7334402 ] ], [ [ -38.5691008, -3.7334402 ], [ -38.5690897, -3.7335998 ] ], [ [ -38.569068, -3.7339147 ], [ -38.5690897, -3.7335998 ] ], [ [ -38.569052, -3.7341469 ], [ -38.569068, -3.7339147 ] ] ] } },
{ "type": "Feature", "properties": { "nome_osm": "Avenida Alberto Craveiro", "calor": 0.97385243871584692, "comp_km": 3.4040769663955008, "km_max": 2.0470065969940827, "bairros": "Boa Vista-Castelão, Dias Macêdo", "nome": "Av. Alberto Craveiro", "posicao": 6, "atividade": "run" }, "geometry": { "type": "MultiLineString", "coordinates": [ [ [ -38.5170619, -3.7856914 ], [ -38.5171347, -3.7861055 ], [ -38.517192, -3.7865904 ], [ -38.5171949, -3.7866419 ], [ -38.5171959, -3.7867275 ], [ -38.5172002, -3.7868453 ], [ -38.517195, -3.7872229 ], [ -38.5171835, -3.7875105 ], [ -38.5171825, -3.7875271 ], [ -38.5171198, -3.7883821 ], [ -38.5171139, -3.7885954 ], [ -38.5171184, -3.7891505 ], [ -38.517112, -3.7892044 ], [ -38.5171081, -3.7892578 ], [ -38.5171116, -3.7894664 ], [ -38.517107, -3.7895212 ], [ -38.5171026, -3.7895777 ], [ -38.517105, -3.789787 ], [ -38.5171343, -3.7901893 ], [ -38.5171891, -3.7905958 ], [ -38.5172692, -3.7910993 ], [ -38.5173396, -3.7914423 ], [ -38.5175353, -3.7923495 ], [ -38.5176617, -3.7929288 ], [ -38.5177451, -3.793343 ], [ -38.5179748, -3.7943948 ], [ -38.5181003, -3.7949841 ], [ -38.5181098, -3.7950305 ], [ -38.5181129, -3.7950455 ], [ -38.5181313, -3.7951358 ], [ -38.5181408, -3.7951823 ], [ -38.5181621, -3.7952868 ], [ -38.5182149, -3.7955293 ], [ -38.5184362, -3.7965936 ], [ -38.5184618, -3.7966365 ], [ -38.5184665, -3.7966564 ], [ -38.5185062, -3.7968302 ], [ -38.518505, -3.796901 ], [ -38.5188302, -3.7983787 ], [ -38.5188821, -3.7986345 ], [ -38.5190025, -3.7991583 ], [ -38.51899, -3.7992197 ], [ -38.5190519, -3.7995137 ], [ -38.5190745, -3.7995616 ], [ -38.5191065, -3.7997394 ], [ -38.5191557, -3.7999366 ], [ -38.519183, -3.8000454 ], [ -38.5192198, -3.8001464 ], [ -38.5193682, -3.800415 ], [ -38.5198561, -3.8010877 ], [ -38.5199165, -3.801167 ], [ -38.5199735, -3.8012469 ], [ -38.5199858, -3.8012635 ], [ -38.5208351, -3.8023335 ], [ -38.5210451, -3.8026018 ], [ -38.5219758, -3.8037913 ], [ -38.5229933, -3.8050335 ], [ -38.5242768, -3.8066348 ], [ -38.5243816, -3.8067478 ], [ -38.5244631, -3.8068181 ], [ -38.5244983, -3.806852 ] ], [ [ -38.5242942, -3.8071949 ], [ -38.5242676, -3.8070673 ], [ -38.5242194, -3.8068394 ], [ -38.5241899, -3.806723 ], [ -38.5241443, -3.8066306 ], [ -38.52397, -3.8064112 ], [ -38.5237103, -3.8060956 ], [ -38.5230553, -3.8052951 ], [ -38.5226369, -3.8047505 ], [ -38.5223522, -3.8043975 ], [ -38.5220168, -3.8039917 ], [ -38.5218987, -3.8038446 ], [ -38.5218462, -3.803779 ], [ -38.5213816, -3.8031729 ], [ -38.5210251, -3.8027121 ], [ -38.5209819, -3.8026563 ], [ -38.5209576, -3.8026257 ], [ -38.5206261, -3.8022131 ], [ -38.520281, -3.8017836 ], [ -38.5198985, -3.8013072 ], [ -38.5198384, -3.8012288 ], [ -38.5197766, -3.8011467 ], [ -38.51924, -3.8004266 ], [ -38.5192264, -3.8004022 ], [ -38.5191728, -3.8002999 ], [ -38.5191194, -3.8001833 ], [ -38.5190816, -3.8000684 ], [ -38.5190482, -3.7999409 ], [ -38.5189458, -3.7994521 ], [ -38.5188664, -3.7990855 ], [ -38.5188179, -3.7988561 ], [ -38.5188066, -3.7988041 ], [ -38.5187982, -3.7987653 ], [ -38.5187935, -3.7987447 ], [ -38.5186475, -3.7980565 ], [ -38.518492, -3.79735 ], [ -38.5184337, -3.7970847 ], [ -38.5183952, -3.7968824 ], [ -38.51836620000001, -3.7967449 ], [ -38.5183465, -3.7966512 ], [ -38.5181942, -3.7959407 ], [ -38.5181254, -3.7956163 ], [ -38.5180624, -3.7953077 ], [ -38.5180357, -3.7951825 ], [ -38.5179986, -3.7950085 ], [ -38.517887, -3.7944829 ], [ -38.5177361, -3.7937812 ], [ -38.5176659, -3.7934421 ], [ -38.5176492, -3.7933651 ], [ -38.5176385, -3.7933159 ], [ -38.5175872, -3.7930791 ], [ -38.5174382, -3.7923731 ], [ -38.5172882, -3.7916788 ], [ -38.5171367, -3.7909702 ], [ -38.5170301, -3.7904134 ], [ -38.5170095, -3.7902734 ], [ -38.5169665, -3.7900162 ], [ -38.5169298, -3.7897946 ], [ -38.5169215, -3.7895731 ], [ -38.5169125, -3.7889954 ], [ -38.5169185, -3.7887497 ], [ -38.5169227, -3.7886641 ], [ -38.5170006, -3.788033 ], [ -38.5170267, -3.7878063 ], [ -38.5170505, -3.7874659 ], [ -38.5170889, -3.7871345 ], [ -38.5171153, -3.786869 ], [ -38.5171175, -3.7868474 ] ] ] } },
{ "type": "Feature", "properties": { "nome_osm": "Avenida Vicente de Castro", "calor": 0.97109969913001493, "comp_km": 2.5579519180094263, "km_max": 1.9156035441505388, "bairros": "Cais do Porto", "nome": "Av. Vicente de Castro", "posicao": 7, "atividade": "run" }, "geometry": { "type": "MultiLineString", "coordinates": [ [ [ -38.4721781, -3.7041855 ], [ -38.4714986, -3.7054188 ], [ -38.4714738, -3.7054476 ], [ -38.4714416, -3.7054743 ], [ -38.4713598, -3.7055252 ], [ -38.4713276, -3.7055513 ], [ -38.471308, -3.7055854 ], [ -38.4711128, -3.7059257 ], [ -38.4709598, -3.7062332 ], [ -38.4709463, -3.7062766 ], [ -38.4708349, -3.7066071 ], [ -38.4707925, -3.7067805 ], [ -38.4707584, -3.7069226 ], [ -38.4707581, -3.7069726 ], [ -38.4707576, -3.7070615 ], [ -38.4707831, -3.7073819 ], [ -38.4708028, -3.7074594 ], [ -38.4712098, -3.7085512 ], [ -38.4712302, -3.7085974 ], [ -38.4716779, -3.7097782 ], [ -38.4722376, -3.7111615 ], [ -38.4722775, -3.7112705 ], [ -38.4724298, -3.7116407 ], [ -38.4725803, -3.7120067 ], [ -38.4727295, -3.7124027 ], [ -38.4729107, -3.7128397 ], [ -38.4732113, -3.7136403 ], [ -38.4732314, -3.7136898 ], [ -38.4732395, -3.7137099 ], [ -38.4732622, -3.7137602 ], [ -38.4732943, -3.7138065 ], [ -38.4733306, -3.7138586 ], [ -38.4736288, -3.7142757 ], [ -38.4736529, -3.7143092 ], [ -38.4738569, -3.7145921 ], [ -38.4742404, -3.71513 ], [ -38.4744711, -3.715474 ], [ -38.4748525, -3.7160258 ], [ -38.4750237, -3.7162703 ], [ -38.475074, -3.7163563 ], [ -38.4750934, -3.7163894 ], [ -38.4751443, -3.716506 ], [ -38.4751826, -3.7166377 ], [ -38.4752047, -3.7167208 ], [ -38.4752173, -3.7167895 ], [ -38.475233, -3.7168873 ], [ -38.4752684, -3.7170507 ], [ -38.4752932, -3.717258 ], [ -38.4752972, -3.7173496 ], [ -38.4752968, -3.7173758 ], [ -38.4752946, -3.71744 ], [ -38.4752744, -3.717587 ], [ -38.475249, -3.7177435 ], [ -38.4751953, -3.717994 ], [ -38.4751725, -3.7181586 ], [ -38.4751712, -3.7182818 ], [ -38.4751794, -3.7184407 ], [ -38.4751806, -3.7184638 ], [ -38.475198, -3.7185949 ], [ -38.4752326, -3.7187703 ], [ -38.4752702, -3.7189049 ], [ -38.475363, -3.7191169 ], [ -38.47547320000001, -3.7192893 ], [ -38.4755417, -3.7193837 ], [ -38.4756331, -3.7194847 ], [ -38.4757082, -3.7195643 ], [ -38.4757535, -3.7196093 ], [ -38.4758397, -3.719684 ], [ -38.4760636, -3.7198485 ], [ -38.476197, -3.7199277 ], [ -38.4763067, -3.7199916 ], [ -38.4764518, -3.7200719 ], [ -38.4771885, -3.7204786 ], [ -38.4775053, -3.7206647 ], [ -38.4779116, -3.7209038 ], [ -38.4782021, -3.7211216 ], [ -38.4784459, -3.7213075 ], [ -38.4787306, -3.7215803 ], [ -38.4789133, -3.721747 ], [ -38.4789448, -3.721782 ], [ -38.4790138, -3.7218461 ] ], [ [ -38.4721781, -3.7041855 ], [ -38.4725684, -3.7034791 ], [ -38.4726271, -3.7034147 ], [ -38.4726795, -3.7033755 ], [ -38.4727585, -3.7033277 ], [ -38.4728251, -3.7033012 ], [ -38.4729074, -3.7032768 ], [ -38.4729668, -3.7032767 ] ], [ [ -38.4729168, -3.7038372 ], [ -38.4727828, -3.7037919 ], [ -38.472725, -3.7037867 ], [ -38.4726834, -3.7037874 ], [ -38.4726434, -3.7038 ], [ -38.4725862, -3.7038195 ], [ -38.472513, -3.7038695 ], [ -38.4723911, -3.7039654 ], [ -38.4721781, -3.7041855 ] ] ] } },
{ "type": "Feature", "properties": { "nome_osm": "Avenida Santos Dumont", "calor": 0.94641629203826383, "comp_km": 5.7050374107859181, "km_max": 1.7401989225550303, "bairros": "Papicu, Aldeota, Manuel Dias Branco, Cocó, De Lourdes, Varjota", "nome": "Av. Santos Dumont", "posicao": 8, "atividade": "run" }, "geometry": { "type": "MultiLineString", "coordinates": [ [ [ -38.5022735, -3.7349998 ], [ -38.5021707, -3.7349865 ], [ -38.501289, -3.7352773 ], [ -38.5006712, -3.7354798 ], [ -38.5005792, -3.7355099 ], [ -38.5003798, -3.735575 ], [ -38.5003124, -3.7355994 ], [ -38.5002402, -3.7356201 ], [ -38.4997672, -3.735767 ], [ -38.4996742, -3.735796 ], [ -38.4993464, -3.7358978 ], [ -38.4986445, -3.7361233 ], [ -38.4985623, -3.7361497 ], [ -38.49848020000001, -3.7361764 ], [ -38.4984319, -3.7361922 ], [ -38.4984051, -3.7362009 ], [ -38.4983783, -3.7362096 ], [ -38.498345, -3.7362205 ], [ -38.4983115, -3.7362314 ], [ -38.4982589, -3.7362484 ], [ -38.4979426, -3.7363602 ], [ -38.4978283, -3.7363982 ], [ -38.4977164, -3.7364353 ], [ -38.4974246, -3.7365323 ], [ -38.4973601, -3.7365537 ], [ -38.4972876, -3.7365778 ], [ -38.4968619, -3.7367192 ], [ -38.4967868, -3.7367442 ], [ -38.4964513, -3.7368556 ], [ -38.4963914, -3.7368748 ], [ -38.4963161, -3.7368991 ], [ -38.4958715, -3.7370419 ], [ -38.4958029, -3.7370648 ], [ -38.4954762, -3.7371708 ], [ -38.4954174, -3.7371903 ], [ -38.4953509, -3.7372114 ], [ -38.4948231, -3.7373781 ], [ -38.494735, -3.7374069 ], [ -38.494446, -3.7375019 ], [ -38.4938206, -3.7376942 ], [ -38.4937328, -3.7377233 ], [ -38.4935623, -3.7377798 ], [ -38.4935063, -3.7377975 ], [ -38.493438, -3.7378203 ], [ -38.4933817, -3.7378391 ], [ -38.4930379, -3.7379539 ], [ -38.4929208, -3.7379929 ], [ -38.4928323, -3.7380225 ], [ -38.4925107, -3.7381293 ], [ -38.4919549, -3.7383141 ], [ -38.4918658, -3.7383437 ], [ -38.4916058, -3.7384299 ], [ -38.4915426, -3.7384509 ], [ -38.4914708, -3.7384733 ], [ -38.4909439, -3.7386376 ], [ -38.4908484, -3.7386673 ], [ -38.4906361, -3.7387334 ], [ -38.4905693, -3.7387542 ], [ -38.4905039, -3.7387757 ], [ -38.4902162, -3.7388701 ], [ -38.4900406, -3.7389276 ], [ -38.4899537, -3.7389561 ], [ -38.4896164, -3.7390769 ], [ -38.4892993, -3.7391768 ], [ -38.4891736, -3.7392163 ], [ -38.4889957, -3.7392719 ], [ -38.4889307, -3.7392922 ] ], [ [ -38.4889307, -3.7392922 ], [ -38.4888597, -3.7393343 ], [ -38.4888084, -3.7393678 ], [ -38.4886721, -3.7394465 ], [ -38.4884448, -3.7395369 ], [ -38.4881497, -3.7396357 ], [ -38.4876856, -3.73978 ], [ -38.4876441, -3.7398031 ], [ -38.4876182, -3.7398282 ], [ -38.4875952, -3.7398559 ], [ -38.4875777, -3.7398794 ], [ -38.4875544, -3.7399217 ] ], [ [ -38.4889307, -3.7392922 ], [ -38.4876361, -3.7397117 ], [ -38.4869919, -3.7399126 ], [ -38.4865835, -3.7400364 ], [ -38.4863586, -3.7401054 ], [ -38.4862376, -3.7401209 ], [ -38.4853385, -3.7404415 ], [ -38.484935, -3.7405725 ], [ -38.4849029, -3.7405821 ], [ -38.4842978, -3.7407766 ], [ -38.4839153, -3.7409001 ], [ -38.4836751, -3.7409771 ], [ -38.4834236, -3.7410573 ], [ -38.4833874, -3.7410686 ], [ -38.4833089, -3.741095 ], [ -38.4832448, -3.7411149 ], [ -38.4828867, -3.7412318 ], [ -38.4826985, -3.7412924 ], [ -38.4825464, -3.7413419 ], [ -38.4820877, -3.7414889 ], [ -38.4815459, -3.7416656 ], [ -38.4814855, -3.7416862 ], [ -38.4814143, -3.7417087 ], [ -38.4812599, -3.741758 ], [ -38.4809784, -3.7418481 ], [ -38.4804729, -3.7420106 ], [ -38.4800522, -3.7421458 ], [ -38.4799084, -3.7421913 ], [ -38.4797338, -3.7422479 ], [ -38.4796624, -3.7422711 ], [ -38.4796077, -3.7422875 ], [ -38.4788693, -3.7425252 ], [ -38.4787319, -3.7425693 ], [ -38.4785317, -3.7426335 ], [ -38.4784441, -3.7426617 ], [ -38.4781944, -3.7427418 ], [ -38.4780438, -3.74279 ], [ -38.4779593, -3.7428176 ], [ -38.4779001, -3.7428359 ], [ -38.4778325, -3.7428582 ], [ -38.4777582, -3.7428819 ], [ -38.4775015, -3.7429612 ], [ -38.4767144, -3.7432108 ], [ -38.4762178, -3.743368 ], [ -38.4760871, -3.74341 ], [ -38.475215, -3.7436857 ], [ -38.4751588, -3.7437044 ], [ -38.4750907, -3.7437272 ], [ -38.4747598, -3.7438369 ] ], [ [ -38.4889307, -3.7392922 ], [ -38.4886413, -3.7393069 ], [ -38.488462, -3.7393527 ], [ -38.4880568, -3.7394828 ], [ -38.488022, -3.7394852 ], [ -38.4879888, -3.7394705 ], [ -38.4879697, -3.7394479 ], [ -38.4879566, -3.7394146 ], [ -38.4879289, -3.7392805 ], [ -38.4879227, -3.739424 ], [ -38.487916, -3.7394678 ], [ -38.4879031, -3.7395044 ], [ -38.4878741, -3.7395321 ], [ -38.4878245, -3.7395562 ], [ -38.4876218, -3.7396109 ], [ -38.4875623, -3.7396171 ], [ -38.4875149, -3.7396125 ], [ -38.4874745, -3.7395957 ], [ -38.4873565, -3.7395196 ] ], [ [ -38.4747598, -3.7438369 ], [ -38.4745838, -3.7438258 ], [ -38.4745274, -3.7438265 ], [ -38.4744211, -3.7438489 ], [ -38.4738552, -3.7440143 ], [ -38.4736408, -3.7440634 ], [ -38.4735661, -3.744065 ], [ -38.4734951, -3.7440469 ], [ -38.4734448, -3.7440208 ], [ -38.4733938, -3.74398 ], [ -38.4733367, -3.7438915 ], [ -38.4732123, -3.7436924 ], [ -38.4731, -3.743508 ] ], [ [ -38.4747598, -3.7438369 ], [ -38.4746972, -3.7439018 ], [ -38.4746226, -3.7439738 ], [ -38.4745016, -3.7440336 ], [ -38.4740187, -3.7441815 ], [ -38.4736997, -3.7442813 ], [ -38.4735334, -3.7443233 ], [ -38.4734051, -3.7443556 ], [ -38.4733548, -3.7443715 ], [ -38.4719667, -3.7448191 ], [ -38.4719002, -3.7448302 ], [ -38.4717999, -3.7448355 ] ], [ [ -38.4747598, -3.7438369 ], [ -38.4743682, -3.7439304 ], [ -38.4740137, -3.7440354 ], [ -38.4735023, -3.7441912 ], [ -38.4732366, -3.7442822 ], [ -38.4724065, -3.7445625 ], [ -38.4722029, -3.7446504 ], [ -38.4717999, -3.7448355 ] ], [ [ -38.4717999, -3.7448355 ], [ -38.4715751, -3.7449302 ], [ -38.4715276, -3.744949 ], [ -38.4709603, -3.7451297 ], [ -38.470567, -3.7452558 ], [ -38.4697974, -3.74551 ], [ -38.4697768, -3.7455166 ], [ -38.4697381, -3.7455289 ], [ -38.4696939, -3.745543 ], [ -38.4695875, -3.7455769 ], [ -38.4692536, -3.7456827 ], [ -38.4690821, -3.7457381 ], [ -38.4687683, -3.7458395 ], [ -38.4686239, -3.7458901 ], [ -38.4678816, -3.7461283 ], [ -38.467545, -3.746234 ], [ -38.4667161, -3.7464975 ], [ -38.4664277, -3.7465909 ], [ -38.4660305, -3.7467178 ], [ -38.4656418, -3.7468428 ], [ -38.4651108, -3.747014 ], [ -38.4646606, -3.7471591 ], [ -38.4639127, -3.7473991 ], [ -38.4637203, -3.7474616 ], [ -38.4632487, -3.7476136 ], [ -38.4631306, -3.7476516 ], [ -38.4628715, -3.7477375 ], [ -38.4627052, -3.7477883 ], [ -38.4623619, -3.7479 ], [ -38.4617467, -3.7481057 ], [ -38.4615745, -3.7481612 ], [ -38.4603125, -3.7485602 ], [ -38.4601803, -3.7486028 ], [ -38.4595698, -3.7487998 ], [ -38.4588321, -3.7490377 ], [ -38.4583065, -3.749204 ], [ -38.4578589, -3.7493457 ], [ -38.4570304, -3.7496145 ], [ -38.4568761, -3.7496646 ], [ -38.456731, -3.7497022 ], [ -38.4565572, -3.7497359 ] ] ] } },
{ "type": "Feature", "properties": { "nome_osm": "Avenida Benjamim Brasil", "calor": 0.97475783997037868, "comp_km": 2.1019974461119979, "km_max": 1.6286581673833866, "bairros": "Mondubim, Jardim Cearense", "nome": "Av. Benjamim Brasil", "posicao": 9, "atividade": "run" }, "geometry": { "type": "LineString", "coordinates": [ [ -38.5547708, -3.8099652 ], [ -38.5548301, -3.8099478 ], [ -38.5548877, -3.8099249 ], [ -38.5549752, -3.8098855 ], [ -38.5550581, -3.8098434 ], [ -38.5551473, -3.8097927 ], [ -38.5552405, -3.8097351 ], [ -38.555337, -3.8096562 ], [ -38.555612, -3.8094334 ], [ -38.5558695, -3.8092172 ], [ -38.5559496, -3.8091522 ], [ -38.5560646, -3.8090783 ], [ -38.5561149, -3.8090457 ], [ -38.5561651, -3.809013 ], [ -38.5564056, -3.8088977 ], [ -38.557556, -3.8084686 ], [ -38.5578295, -3.8083729 ], [ -38.5581025, -3.8082708 ], [ -38.5584048, -3.8081535 ], [ -38.558703, -3.808043 ], [ -38.5588333, -3.8079922 ], [ -38.5589971, -3.80791 ], [ -38.5591485, -3.807839 ], [ -38.5593502, -3.8077253 ], [ -38.5597238, -3.8075218 ], [ -38.5601239, -3.8073034 ], [ -38.5604145, -3.8071405 ], [ -38.5607664, -3.8069491 ], [ -38.5609699, -3.8068455 ], [ -38.5612755, -3.8067036 ], [ -38.5615709, -3.8065873 ], [ -38.5618521, -3.8064881 ], [ -38.5621395, -3.8063915 ], [ -38.5623658, -3.8063189 ], [ -38.5626062, -3.8062359 ], [ -38.5629056, -3.8061308 ], [ -38.5632187, -3.8060244 ], [ -38.5636043, -3.8058873 ], [ -38.56407320000001, -3.8057369 ], [ -38.5644686, -3.8055983 ], [ -38.5649446, -3.8054381 ], [ -38.5651124, -3.8053818 ], [ -38.5654329, -3.8052738 ], [ -38.5657797, -3.8051587 ], [ -38.566094, -3.805067 ], [ -38.5669607, -3.8047843 ], [ -38.5676413, -3.8045745 ], [ -38.5680387, -3.8044526 ], [ -38.5687427, -3.8042327 ], [ -38.5691112, -3.8041111 ], [ -38.5695669, -3.8039765 ], [ -38.5700355, -3.8038299 ], [ -38.5705258, -3.8036868 ], [ -38.5718185, -3.80328 ], [ -38.5718865, -3.8032592 ], [ -38.5719113, -3.8032516 ], [ -38.5719901, -3.8032275 ], [ -38.5720611, -3.8032057 ] ] } },
{ "type": "Feature", "properties": { "nome_osm": "Avenida Sargento Hermínio Sampaio", "calor": 0.95393164034810829, "comp_km": 3.1795404340117575, "km_max": 1.6357031823492736, "bairros": "Monte Castelo, São Gerardo, Presidente Kennedy, Ellery, Jacarecanga", "nome": "Av. Sargento Hermínio Sampaio", "posicao": 10, "atividade": "run" }, "geometry": { "type": "MultiLineString", "coordinates": [ [ [ -38.5686387, -3.7277648 ], [ -38.5687735, -3.7277621 ], [ -38.5688467, -3.7277682 ], [ -38.5689781, -3.7277814 ], [ -38.5690452, -3.7277731 ], [ -38.5690771, -3.7277522 ], [ -38.5691104, -3.7276928 ], [ -38.5691264, -3.7276072 ] ], [ [ -38.5654116, -3.7271591 ], [ -38.5658516, -3.7272436 ], [ -38.5664429, -3.7273433 ], [ -38.5666527, -3.7273809 ], [ -38.5666886, -3.7273874 ], [ -38.5667246, -3.7273938 ], [ -38.5668411, -3.7274148 ], [ -38.5669451, -3.7274334 ], [ -38.56712, -3.7274648 ], [ -38.5681833, -3.7276715 ], [ -38.5686387, -3.7277648 ] ], [ [ -38.5686387, -3.7277648 ], [ -38.569121, -3.7278509 ], [ -38.5691573, -3.7278574 ], [ -38.5692106, -3.7278672 ], [ -38.569262, -3.7278886 ], [ -38.5693479, -3.7279195 ], [ -38.569276, -3.7279354 ], [ -38.5692298, -3.72794610000001 ], [ -38.5691589, -3.7279516 ], [ -38.5691102, -3.727947 ], [ -38.5689083, -3.7279082 ], [ -38.568878, -3.7279024 ], [ -38.5686785, -3.727864 ], [ -38.5671045, -3.727564 ], [ -38.5669284, -3.7275327 ], [ -38.56687, -3.7275224 ], [ -38.5668384, -3.7275168 ], [ -38.5667196, -3.7274953 ], [ -38.5666343, -3.7274805 ], [ -38.5664432, -3.7274416 ], [ -38.5663736, -3.7274274 ], [ -38.5660596, -3.7273635 ], [ -38.5657839, -3.7273073 ], [ -38.565358, -3.7272304 ], [ -38.5651617, -3.7272193 ], [ -38.5651262, -3.7272163 ], [ -38.5651041, -3.7272144 ] ], [ [ -38.5651286, -3.7271564 ], [ -38.5651701, -3.7271568 ], [ -38.5654116, -3.7271591 ] ], [ [ -38.5651838, -3.72682 ], [ -38.5651935, -3.7268996 ], [ -38.5652005, -3.7269565 ], [ -38.5652052, -3.7269879 ], [ -38.565218, -3.7270214 ], [ -38.5652392, -3.7270494 ], [ -38.5652672, -3.7270731 ], [ -38.5652898, -3.7270879 ], [ -38.5653119, -3.7271019 ], [ -38.5653608, -3.7271283 ], [ -38.5654116, -3.7271591 ] ], [ [ -38.5547817, -3.7252342 ], [ -38.5551584, -3.7253027 ], [ -38.5556613, -3.7253991 ], [ -38.5557483, -3.7254158 ], [ -38.5557985, -3.7254254 ], [ -38.5558283, -3.7254311 ], [ -38.5559354, -3.7254516 ], [ -38.5560281, -3.7254704 ], [ -38.5562894, -3.7255235 ], [ -38.556629, -3.7255824 ], [ -38.5568992, -3.7256272 ], [ -38.5570333, -3.7256447 ], [ -38.5573742, -3.725693 ], [ -38.5575745, -3.7257273 ], [ -38.5576847, -3.7257516 ], [ -38.5583788, -3.725928 ], [ -38.5589685, -3.7260412 ], [ -38.5590893, -3.726061 ], [ -38.5591448, -3.7260706 ], [ -38.5597971, -3.7262024 ], [ -38.5604167, -3.7263104 ], [ -38.5604589, -3.7263164 ], [ -38.5605014, -3.7263225 ], [ -38.5605832, -3.7263343 ], [ -38.5612852, -3.7264349 ], [ -38.5613196, -3.7264398 ], [ -38.561354, -3.7264448 ], [ -38.5614226, -3.7264553 ], [ -38.562058, -3.7265842 ], [ -38.5628435, -3.7267726 ], [ -38.5633605, -3.7268711 ], [ -38.5639149, -3.7269711 ], [ -38.5643705, -3.7270512 ], [ -38.5645351, -3.7270801 ], [ -38.5645733, -3.7270856 ], [ -38.5649878, -3.7271547 ], [ -38.565026, -3.7271552 ], [ -38.5650641, -3.7271557 ], [ -38.5651286, -3.7271564 ] ], [ [ -38.5650668, -3.7271754 ], [ -38.5651286, -3.7271564 ] ], [ [ -38.5651041, -3.7272144 ], [ -38.5650717, -3.7272122 ], [ -38.5649775, -3.7272078 ], [ -38.5645507, -3.7271578 ], [ -38.5643491, -3.7271244 ], [ -38.5633473, -3.7269477 ], [ -38.5630745, -3.7268935 ], [ -38.5620247, -3.7266947 ], [ -38.5613956, -3.7265643 ], [ -38.5613534, -3.7265562 ], [ -38.5613223, -3.7265501 ], [ -38.5612612, -3.7265383 ], [ -38.5605653, -3.7264335 ], [ -38.5605199, -3.7264267 ], [ -38.5604729, -3.7264196 ], [ -38.5603918, -3.7264073 ], [ -38.5597741, -3.7263057 ], [ -38.5591219, -3.7261639 ], [ -38.5590935, -3.7261587 ], [ -38.5590652, -3.7261536 ], [ -38.5589511, -3.7261329 ], [ -38.5588557, -3.7261156 ], [ -38.5583573, -3.7260113 ], [ -38.5576586, -3.7258574 ], [ -38.557559, -3.7258406 ], [ -38.5570222, -3.7257499 ], [ -38.5568851, -3.7257267 ], [ -38.5566032, -3.7256791 ], [ -38.5562662, -3.7256219 ], [ -38.5559541, -3.7255623 ], [ -38.5558161, -3.7255409 ], [ -38.555729, -3.7255275 ] ], [ [ -38.5650668, -3.7271754 ], [ -38.5651041, -3.7272144 ] ], [ [ -38.5463594, -3.7247115 ], [ -38.547807, -3.7245982 ], [ -38.5485929, -3.7245909 ], [ -38.5487672, -3.7245918 ], [ -38.5488067, -3.7245921 ], [ -38.5488462, -3.7245924 ], [ -38.5489154, -3.7245938 ], [ -38.5489604, -3.7245948 ], [ -38.5491481, -3.7245982 ], [ -38.5496469, -3.7246225 ], [ -38.5503535, -3.7246666 ], [ -38.5504422, -3.7246721 ], [ -38.5505677, -3.7246789 ], [ -38.5509988, -3.7247025 ], [ -38.5510898, -3.7247078 ], [ -38.5517502, -3.724783 ], [ -38.5520723, -3.7248256 ], [ -38.5524341, -3.7248738 ], [ -38.5525287, -3.7248861 ], [ -38.5526182, -3.7249012 ], [ -38.5528928, -3.7249485 ], [ -38.5535823, -3.7250708 ], [ -38.5546187, -3.7252617 ], [ -38.554707, -3.7252778 ], [ -38.5547721, -3.7252899 ], [ -38.555156, -3.7253606 ], [ -38.5557389, -3.7254716 ], [ -38.5558221, -3.7254874 ], [ -38.5559216, -3.725506 ], [ -38.55599, -3.7255177 ], [ -38.5562787, -3.7255673 ], [ -38.5566174, -3.7256265 ], [ -38.5568925, -3.7256747 ], [ -38.5570275, -3.725699 ], [ -38.557565, -3.7257962 ], [ -38.5576692, -3.725815 ], [ -38.558365, -3.725983 ], [ -38.5588626, -3.7260788 ], [ -38.5589579, -3.7260972 ], [ -38.5590741, -3.7261196 ], [ -38.5591304, -3.7261293 ], [ -38.5597813, -3.7262573 ], [ -38.5604039, -3.7263602 ], [ -38.5604868, -3.7263722 ], [ -38.560574, -3.726385 ], [ -38.5612724, -3.7264901 ], [ -38.5613375, -3.7264999 ], [ -38.5614081, -3.7265139 ], [ -38.5620391, -3.7266389 ], [ -38.5622474, -3.7266803 ], [ -38.5628361, -3.7268033 ], [ -38.5633529, -3.7269054 ], [ -38.5647119, -3.7271372 ], [ -38.5649841, -3.7271737 ], [ -38.5650668, -3.7271754 ] ], [ [ -38.5463712, -3.724645 ], [ -38.5465309, -3.7246363 ], [ -38.5472727, -3.7245846 ] ], [ [ -38.5463823, -3.7245831 ], [ -38.5463712, -3.724645 ] ], [ [ -38.5463712, -3.724645 ], [ -38.5463594, -3.7247115 ] ], [ [ -38.5461951, -3.7246558 ], [ -38.5463138, -3.724649 ], [ -38.5463712, -3.724645 ] ], [ [ -38.5463594, -3.7247115 ], [ -38.5463491, -3.7247689 ] ], [ [ -38.5463393, -3.7248239 ], [ -38.5463491, -3.7247689 ] ], [ [ -38.5463491, -3.7247689 ], [ -38.5463201, -3.7247701 ], [ -38.546291, -3.7247712 ], [ -38.5461741, -3.7247672 ], [ -38.5460909, -3.7247517 ], [ -38.5459022, -3.7247164 ] ] ] } },
{ "type": "Feature", "properties": { "nome_osm": "Avenida Washington Soares", "calor": 0.98865201503652111, "comp_km": 16.723864073868267, "km_max": 15.700945404722134, "bairros": "Cambeba, Coaçu, Messejana, Engenheiro Luciano Cavalcante, Guararapes, Guajeru, Parque Manibura, José de Alencar, São Bento, Curió, Edson Queiroz, Salinas", "nome": "Av. Washington Soares", "posicao": 1, "atividade": "ride" }, "geometry": { "type": "MultiLineString", "coordinates": [ [ [ -38.4915152, -3.7560961 ], [ -38.4915073, -3.7562661 ], [ -38.4915058, -3.7564058 ], [ -38.491493, -3.7564968 ], [ -38.4914697, -3.7565878 ], [ -38.4914275, -3.7567087 ], [ -38.4913942, -3.7567666 ], [ -38.4913503, -3.7568192 ], [ -38.4912705, -3.7569091 ], [ -38.491188, -3.7569753 ], [ -38.4910841, -3.7570456 ], [ -38.4909989, -3.7570917 ], [ -38.4908634, -3.7571653 ], [ -38.4907102, -3.757235 ], [ -38.490529, -3.7572883 ], [ -38.4900817, -3.7573994 ], [ -38.4896508, -3.7575098 ], [ -38.489214, -3.7576222 ], [ -38.4888158, -3.757723 ], [ -38.4885485, -3.7577902 ], [ -38.4884305, -3.75782 ], [ -38.4883887, -3.7578306 ], [ -38.4882812, -3.7578582 ], [ -38.488195, -3.7578797 ], [ -38.4881079, -3.7579017 ], [ -38.4870359, -3.7581563 ], [ -38.4869109, -3.7581763 ], [ -38.486542300000011, -3.7582353 ], [ -38.4862969, -3.758283 ], [ -38.4857031, -3.7584303 ], [ -38.4854134, -3.7585017 ], [ -38.4848396, -3.758651 ], [ -38.4844422, -3.7587497 ], [ -38.4843223, -3.7587807 ], [ -38.4842499, -3.758813 ], [ -38.484195, -3.7588389 ], [ -38.4840994, -3.758893 ], [ -38.4839417, -3.7590012 ], [ -38.4838448, -3.7590857 ], [ -38.4837449, -3.759176 ], [ -38.4836832, -3.7592443 ], [ -38.4836376, -3.7592951 ], [ -38.4836094, -3.7593346 ], [ -38.4835732, -3.7593868 ], [ -38.483543, -3.759435 ], [ -38.4835108, -3.7594972 ], [ -38.4834512, -3.7596163 ], [ -38.4833841, -3.7597796 ], [ -38.4833224, -3.7599602 ], [ -38.4832715, -3.7601248 ], [ -38.4832352, -3.7602626 ], [ -38.4832084, -3.7603603 ], [ -38.4831688, -3.7605049 ] ], [ [ -38.4832037, -3.7585397 ], [ -38.4831873, -3.7586294 ], [ -38.4831682, -3.758776 ], [ -38.4831575, -3.7589096 ], [ -38.4831589, -3.7589772 ], [ -38.4831687, -3.7590556 ], [ -38.4831972, -3.7591867 ], [ -38.4832381, -3.7593812 ], [ -38.4832496, -3.759464 ], [ -38.483256, -3.7595504 ], [ -38.4832594, -3.7596556 ], [ -38.4832406, -3.7598143 ], [ -38.4832178, -3.7599803 ], [ -38.4831856, -3.7601663 ], [ -38.4831695, -3.7603255 ], [ -38.4831648, -3.7603938 ], [ -38.4831688, -3.7605049 ] ], [ [ -38.4831688, -3.7605049 ], [ -38.4831038, -3.760988 ], [ -38.4830763, -3.7612235 ], [ -38.4830568, -3.7614644 ], [ -38.4830488, -3.7618672 ], [ -38.4830432, -3.7619754 ], [ -38.4830435, -3.7621215 ], [ -38.4830126, -3.7626567 ], [ -38.4829827, -3.7629783 ], [ -38.4829603, -3.763283 ], [ -38.4829147, -3.7637942 ], [ -38.4828642, -3.7643115 ], [ -38.4827967, -3.7649935 ], [ -38.4827444, -3.7654763 ], [ -38.4827111, -3.7658285 ], [ -38.4826572, -3.766108 ], [ -38.4826207, -3.7663519 ], [ -38.4826167, -3.766379 ], [ -38.482588, -3.7665488 ], [ -38.4825671, -3.7667571 ], [ -38.4824899, -3.7675168 ], [ -38.4824372, -3.7682938 ], [ -38.4824133, -3.768985 ], [ -38.4823838, -3.7693527 ], [ -38.4823172, -3.7701161 ], [ -38.482289, -3.7704321 ], [ -38.4822211, -3.771295 ], [ -38.4822139, -3.7713835 ], [ -38.4822116, -3.7714117 ], [ -38.4822093, -3.7714398 ], [ -38.4822024, -3.7715187 ], [ -38.4821937, -3.7716183 ], [ -38.4821533, -3.7720903 ], [ -38.4821393, -3.7722515 ], [ -38.4821181, -3.7724993 ], [ -38.4820496, -3.7733107 ], [ -38.4820016, -3.7738308 ], [ -38.4819708, -3.7740592 ], [ -38.481927, -3.7742869 ], [ -38.4819171, -3.7743274 ], [ -38.4819099, -3.7743583 ], [ -38.4819028, -3.7743893 ], [ -38.4818569, -3.7745873 ], [ -38.48182, -3.7747553 ], [ -38.4817907, -3.7749665 ], [ -38.4817511, -3.7754703 ], [ -38.4817112, -3.7759448 ], [ -38.4816583, -3.7765477 ], [ -38.4816296, -3.7768593 ], [ -38.4815027, -3.7781742 ], [ -38.4813953, -3.7794188 ], [ -38.4813807, -3.7795917 ], [ -38.4811861, -3.7818965 ], [ -38.481099, -3.7830511 ], [ -38.4810842, -3.7831929 ], [ -38.4810544, -3.7835801 ], [ -38.4810454, -3.7836903 ], [ -38.4810159, -3.7840331 ], [ -38.4810161, -3.7843758 ], [ -38.4810404, -3.7848054 ], [ -38.481045, -3.7849677 ], [ -38.4810401, -3.7851497 ], [ -38.4810051, -3.7856089 ], [ -38.4809902, -3.7857696 ], [ -38.4809691, -3.7859986 ], [ -38.4809302, -3.7864449 ], [ -38.4809032, -3.7867479 ], [ -38.480893, -3.786862 ], [ -38.4808855, -3.7869442 ], [ -38.4808671, -3.7870225 ], [ -38.4808187, -3.7872256 ], [ -38.4807949, -3.7873248 ], [ -38.4807533, -3.7874992 ], [ -38.480692, -3.7881794 ], [ -38.4806734, -3.7884053 ], [ -38.4806489, -3.7887045 ], [ -38.4806299, -3.7889354 ], [ -38.4806038, -3.7892547 ], [ -38.4805967, -3.7893418 ], [ -38.480593, -3.7893864 ], [ -38.4805908, -3.7894133 ], [ -38.4805843, -3.789492 ], [ -38.4805785, -3.7895629 ], [ -38.4804789, -3.7907278 ], [ -38.4804033, -3.7915984 ], [ -38.4803706, -3.7919753 ], [ -38.4803106, -3.7925958 ], [ -38.4803058, -3.792637 ], [ -38.480266, -3.7930688 ], [ -38.4802529, -3.7932147 ], [ -38.4801681, -3.7941897 ], [ -38.4801295, -3.7946045 ], [ -38.4801001, -3.7949522 ], [ -38.4800857, -3.7951107 ], [ -38.4800672, -3.7953271 ], [ -38.4800506, -3.795522 ], [ -38.4800439, -3.7956001 ], [ -38.4800414, -3.7956463 ], [ -38.4800388, -3.7956924 ], [ -38.4800348, -3.7957631 ], [ -38.4800292, -3.7958627 ], [ -38.4800013, -3.7961967 ], [ -38.4799725, -3.7969198 ], [ -38.4799582, -3.797118 ], [ -38.4799409, -3.797473 ], [ -38.479917, -3.7976077 ], [ -38.4798835, -3.7977971 ], [ -38.4798678, -3.7978695 ], [ -38.4798248, -3.7980738 ], [ -38.4798012, -3.7982273 ], [ -38.4797666, -3.7986366 ], [ -38.4796957, -3.7993642 ], [ -38.4796836, -3.7994889 ], [ -38.479626, -3.8003156 ], [ -38.4795568, -3.801148 ], [ -38.4794912, -3.8018617 ], [ -38.4794865, -3.8019126 ], [ -38.4794826, -3.8019547 ], [ -38.4794748, -3.8020297 ], [ -38.4794696, -3.8021068 ], [ -38.4794627, -3.802207 ], [ -38.4794558, -3.8023059 ], [ -38.4794332, -3.8026271 ], [ -38.4794135, -3.8029077 ], [ -38.4793373, -3.8037439 ], [ -38.4792695, -3.8045216 ], [ -38.4791185, -3.8062159 ], [ -38.4790683, -3.8070061 ], [ -38.4790643, -3.8072082 ], [ -38.4789961, -3.8080001 ], [ -38.4789712, -3.8081802 ], [ -38.4789028, -3.8087202 ], [ -38.4788659, -3.8090881 ], [ -38.4788327, -3.8095961 ], [ -38.4788025, -3.8099487 ], [ -38.4787965, -3.8100246 ], [ -38.4787904, -3.8100667 ], [ -38.4787764, -3.810306 ], [ -38.4787707, -3.8103902 ], [ -38.4787683, -3.8104952 ], [ -38.478779, -3.8106604 ], [ -38.4787861, -3.8107916 ], [ -38.4787995, -3.8109488 ], [ -38.4788377, -3.81118 ], [ -38.4789028, -3.8114373 ], [ -38.4789263, -3.8115269 ], [ -38.4789927, -3.8117283 ], [ -38.4790704, -3.8119056 ], [ -38.4791938, -3.8121254 ], [ -38.4792651, -3.8122398 ], [ -38.4793599, -3.8123882 ], [ -38.4794105, -3.8124742 ], [ -38.4794284, -3.8125004 ], [ -38.4794462, -3.8125266 ] ], [ [ -38.4828821, -3.7619674 ], [ -38.4828349, -3.7626241 ], [ -38.4827845, -3.7633582 ], [ -38.4826871, -3.7645033 ], [ -38.4826604, -3.7647776 ], [ -38.4825649, -3.7652634 ], [ -38.4825676, -3.7654416 ], [ -38.4825843, -3.7656089 ], [ -38.482523, -3.7661083 ], [ -38.482431, -3.7668998 ], [ -38.4823475, -3.7671378 ], [ -38.482261, -3.7680555 ], [ -38.4821898, -3.7685951 ], [ -38.4821523, -3.7690962 ], [ -38.4822027, -3.7693132 ], [ -38.4821097, -3.7703628 ], [ -38.4820494, -3.7704742 ], [ -38.4820257, -3.7706449 ], [ -38.4820534, -3.7707642 ], [ -38.4820672, -3.7708964 ], [ -38.4820306, -3.7713485 ], [ -38.4820281, -3.7713791 ], [ -38.4820239, -3.7714203 ], [ -38.4820155, -3.7715042 ], [ -38.4820086, -3.7715721 ], [ -38.4820057, -3.7716046 ], [ -38.4818556, -3.7732847 ], [ -38.4818156, -3.7738638 ], [ -38.481778, -3.7743158 ], [ -38.4817759, -3.7743349 ], [ -38.4817627, -3.7744524 ], [ -38.4817531, -3.7745761 ], [ -38.4817213, -3.7749881 ], [ -38.4815961, -3.7764973 ], [ -38.4814189, -3.7784186 ], [ -38.4813383, -3.7792293 ], [ -38.481304, -3.779618 ], [ -38.481271, -3.7800535 ], [ -38.4812063, -3.7808371 ], [ -38.4811327, -3.7817018 ], [ -38.4809436, -3.7841548 ], [ -38.4809387, -3.784645 ], [ -38.4809258, -3.7850189 ], [ -38.4808527, -3.785952 ], [ -38.4807745, -3.7868347 ], [ -38.4807734, -3.7868475 ], [ -38.4807624, -3.7869324 ], [ -38.4807528, -3.7869944 ], [ -38.4807499, -3.7870129 ], [ -38.4807029, -3.7873828 ], [ -38.4806782, -3.7875888 ], [ -38.4805285, -3.7893396 ], [ -38.4805233, -3.7894082 ], [ -38.4805174, -3.7894864 ], [ -38.480512, -3.7895568 ], [ -38.4802688, -3.7923962 ], [ -38.4802475, -3.792533 ], [ -38.4802144, -3.7927337 ], [ -38.4801844, -3.7929435 ], [ -38.4801397, -3.7933661 ], [ -38.4800977, -3.7939504 ], [ -38.480084, -3.7942679 ], [ -38.4799687, -3.7955958 ], [ -38.4799618, -3.7956871 ], [ -38.4799564, -3.7957557 ], [ -38.4799486, -3.7958569 ], [ -38.4799264, -3.796169 ], [ -38.4798723, -3.7967179 ], [ -38.4798404, -3.7973961 ], [ -38.479799, -3.797799 ], [ -38.479738, -3.7981158 ], [ -38.4797205, -3.7982859 ], [ -38.4796832, -3.7984594 ], [ -38.4796122, -3.7993001 ], [ -38.479432, -3.8018559 ], [ -38.4794254, -3.8019486 ], [ -38.4794181, -3.802024 ], [ -38.4794114, -3.8021015 ], [ -38.4793069, -3.8033126 ], [ -38.4791236, -3.805451 ], [ -38.4791184, -3.8055207 ], [ -38.4790558, -3.8062179 ], [ -38.4789666, -3.8075917 ], [ -38.4789279, -3.8080278 ], [ -38.4788731, -3.8084544 ], [ -38.4787362, -3.8100179 ], [ -38.4787118, -3.81032 ], [ -38.4787045, -3.8105504 ], [ -38.4787188, -3.8108026 ], [ -38.478745, -3.8109998 ], [ -38.4787572, -3.8111959 ], [ -38.4788216, -3.8114312 ], [ -38.4789227, -3.8117369 ], [ -38.4790072, -3.8119558 ], [ -38.4791671, -3.8122356 ], [ -38.4793308, -3.8124695 ], [ -38.4793609, -3.8125106 ], [ -38.4794166, -3.8125862 ] ], [ [ -38.4799293, -3.8133605 ], [ -38.4798338, -3.8132801 ], [ -38.4797441, -3.813179 ], [ -38.479628, -3.8130473 ], [ -38.4795693, -3.8129847 ], [ -38.4794044, -3.8127791 ], [ -38.4793246, -3.8126752 ], [ -38.4792896, -3.8126245 ], [ -38.479264, -3.8125816 ], [ -38.4792075, -3.812487 ], [ -38.4791647, -3.8124149 ], [ -38.4791335, -3.8123588 ], [ -38.4791151, -3.8123168 ], [ -38.4790796, -3.8122257 ] ], [ [ -38.4799293, -3.8133605 ], [ -38.4797808, -3.8131425 ], [ -38.4794774, -3.8127516 ], [ -38.4794623, -3.8127336 ], [ -38.4794196, -3.8126814 ] ], [ [ -38.4739662, -3.8536075 ], [ -38.4740517, -3.8534253 ], [ -38.47423950000001, -3.8530419 ], [ -38.4743081, -3.8529039 ], [ -38.4744994, -3.8525074 ], [ -38.4747877, -3.8519127 ], [ -38.474945, -3.8515862 ], [ -38.4750169, -3.8514397 ], [ -38.4753019, -3.8508651 ], [ -38.4753773, -3.850698 ], [ -38.4755868, -3.8502683 ], [ -38.4761207, -3.8491646 ], [ -38.4764054, -3.8486092 ], [ -38.4765544, -3.8483174 ], [ -38.47668, -3.8481202 ], [ -38.476822, -3.8478944 ], [ -38.4769141, -3.8477483 ], [ -38.4770259, -3.8476218 ], [ -38.4771875, -3.8474043 ], [ -38.4773656, -3.8471946 ], [ -38.4775618, -3.8469881 ], [ -38.4777489, -3.8468052 ], [ -38.4780721, -3.8465327 ], [ -38.4781123, -3.846502 ], [ -38.4782443, -3.8464014 ], [ -38.4783026, -3.8463543 ], [ -38.4786436, -3.846079 ], [ -38.479721, -3.8452727 ], [ -38.4801401, -3.8449291 ], [ -38.4802406, -3.8448225 ], [ -38.4803282, -3.8447141 ], [ -38.4804826, -3.8444936 ], [ -38.4805973, -3.8442852 ], [ -38.4807013, -3.8440591 ], [ -38.4807676, -3.8438798 ], [ -38.4808171, -3.8437237 ], [ -38.4808655, -3.8435025 ], [ -38.4808968, -3.8432942 ], [ -38.4809057, -3.843085 ], [ -38.4808994, -3.8428913 ], [ -38.4808816, -3.8426822 ], [ -38.4808499, -3.8424862 ], [ -38.4808226, -3.8423591 ], [ -38.4807897, -3.84224 ], [ -38.4807502, -3.8421108 ], [ -38.4807039, -3.8420003 ], [ -38.48065230000001, -3.8418767 ], [ -38.4805986, -3.8417763 ], [ -38.4804864, -3.8415519 ], [ -38.4802229, -3.8410992 ], [ -38.4799881, -3.8406573 ], [ -38.4799102, -3.8404948 ], [ -38.479852, -3.8403206 ], [ -38.4798222, -3.8402316 ], [ -38.4797731, -3.8400581 ], [ -38.4797364, -3.8398995 ], [ -38.4797027, -3.839677 ], [ -38.4797117, -3.8394666 ], [ -38.4797309, -3.8393149 ], [ -38.4797483, -3.8392174 ], [ -38.4797767, -3.8390563 ], [ -38.4797937, -3.8389703 ], [ -38.4798185, -3.8388805 ], [ -38.4798677, -3.8387067 ], [ -38.4799336, -3.8384948 ], [ -38.4800009, -3.8383189 ], [ -38.4800592, -3.8381891 ], [ -38.4801266, -3.8380778 ], [ -38.4802459, -3.8379092 ], [ -38.4803299, -3.8377999 ], [ -38.4805309, -3.8375386 ], [ -38.4807665, -3.8372658 ], [ -38.4813225, -3.8365725 ], [ -38.4814878, -3.8363664 ], [ -38.4815682, -3.8362607 ], [ -38.4816581, -3.8361403 ], [ -38.4817399, -3.8360319 ], [ -38.4818445, -3.8358673 ], [ -38.482043, -3.835494 ], [ -38.4821932, -3.8351688 ], [ -38.482334, -3.8347299 ], [ -38.4824051, -3.8344208 ], [ -38.4824641, -3.8340675 ], [ -38.4824825, -3.8339204 ], [ -38.4824902, -3.833859 ], [ -38.4824917, -3.8337681 ], [ -38.4824963, -3.8334895 ], [ -38.4824748, -3.832981 ], [ -38.482444, -3.8326063 ], [ -38.4824118, -3.8323216 ], [ -38.4823582, -3.8318142 ], [ -38.4823139, -3.8314154 ], [ -38.4823106, -3.8313466 ], [ -38.4822656, -3.8308601 ], [ -38.4822536, -3.83052960000001 ], [ -38.4822509, -3.8303142 ], [ -38.482253300000011, -3.8301937 ], [ -38.4822536, -3.8299127 ], [ -38.4822596, -3.8294845 ], [ -38.4822478, -3.8289974 ], [ -38.4822096, -3.8285819 ], [ -38.482178, -3.8282915 ], [ -38.4821137, -3.8279094 ], [ -38.4819433, -3.8272015 ], [ -38.4817241, -3.8264027 ], [ -38.4815323, -3.8257015 ], [ -38.4815001, -3.8255629 ], [ -38.4814543, -3.8253659 ], [ -38.4813514, -3.8248419 ], [ -38.48126, -3.8236646 ], [ -38.4812261, -3.8229757 ], [ -38.48119, -3.8224738 ], [ -38.4811839, -3.8223319 ], [ -38.4811819, -3.8222986 ], [ -38.4811789, -3.8222367 ], [ -38.4811362, -3.8213491 ], [ -38.4811384, -3.8211032 ], [ -38.4811445, -3.820956 ], [ -38.4811552, -3.8208804 ], [ -38.4811766, -3.8207868 ], [ -38.4812008, -3.8206864 ], [ -38.481241, -3.8205687 ], [ -38.4812799, -3.8204563 ], [ -38.4813214, -3.8203605 ], [ -38.4813973, -3.8202094 ], [ -38.4814556, -3.8201117 ], [ -38.4815495, -3.8199792 ], [ -38.4816293, -3.8198762 ], [ -38.4817421, -3.8197529 ], [ -38.481854, -3.8196309 ], [ -38.48190730000001, -3.8195746 ], [ -38.482386, -3.8191494 ], [ -38.4824057, -3.8191288 ], [ -38.4825935, -3.8189515 ], [ -38.4826961, -3.8188164 ], [ -38.4827625, -3.8187334 ], [ -38.4828423, -3.8186016 ], [ -38.4828986, -3.8184832 ], [ -38.4829354, -3.8183847 ], [ -38.4829847, -3.8182247 ], [ -38.4830227, -3.8180189 ], [ -38.4830424, -3.8178391 ], [ -38.4830437, -3.8177128 ], [ -38.4830408, -3.817601 ], [ -38.4830334, -3.8175245 ], [ -38.4830233, -3.8174341 ], [ -38.4829971, -3.8173356 ], [ -38.4829306, -3.8171308 ], [ -38.4828907, -3.8170306 ], [ -38.4828494, -3.8169493 ], [ -38.4828112, -3.816876 ], [ -38.4827632, -3.8168017 ], [ -38.4826961, -3.8167068 ], [ -38.4825544, -3.8165093 ], [ -38.4822636, -3.8161555 ], [ -38.48221010000001, -3.8160963 ], [ -38.4819702, -3.8158111 ], [ -38.4813967, -3.8151084 ], [ -38.481286, -3.8149743 ], [ -38.481104, -3.8147539 ], [ -38.4809967, -3.8146253 ], [ -38.4809607, -3.8145821 ], [ -38.4808211, -3.8144111 ], [ -38.4802365, -3.8137127 ], [ -38.4799293, -3.8133605 ] ], [ [ -38.4794462, -3.8125266 ], [ -38.479554, -3.8126615 ], [ -38.4796548, -3.8127917 ], [ -38.4799153, -3.8131296 ], [ -38.4803368, -3.8136219 ], [ -38.4809081, -3.8143081 ], [ -38.4811727, -3.8146288 ], [ -38.4812389, -3.814705 ], [ -38.4812534, -3.8147233 ], [ -38.481503, -3.8150295 ], [ -38.4820704, -3.8157199 ], [ -38.4823101, -3.8160099 ], [ -38.4824552, -3.8161866 ], [ -38.4826536, -3.8164261 ], [ -38.4827618, -3.816561 ], [ -38.4828742, -3.8166971 ], [ -38.4829777, -3.8168498 ], [ -38.4830441, -3.8169495 ], [ -38.4831039, -3.8170405 ], [ -38.4831759, -3.8171946 ], [ -38.4832118, -3.8172929 ], [ -38.48325, -3.8174067 ], [ -38.4832728, -3.8175057 ], [ -38.4832989, -3.8176388 ], [ -38.4833184, -3.8178185 ], [ -38.4833217, -3.8179908 ], [ -38.4833137, -3.8181105 ], [ -38.4832956, -3.818235 ], [ -38.4832849, -3.8182999 ], [ -38.4832708, -3.8183628 ], [ -38.4832225, -3.818528 ], [ -38.483193, -3.818611 ], [ -38.4831494, -3.8187174 ], [ -38.48307830000001, -3.8188505 ], [ -38.4829677, -3.8190097 ], [ -38.4829, -3.8190894 ], [ -38.4828208, -3.8191737 ], [ -38.4827531, -3.8192493 ], [ -38.4826747, -3.8193369 ], [ -38.4826157, -3.8193958 ], [ -38.4824386, -3.819557 ], [ -38.481963, -3.8199713 ], [ -38.4818539, -3.8200789 ], [ -38.4817654, -3.8201913 ], [ -38.4816594, -3.8203586 ], [ -38.4815481, -3.8205566 ], [ -38.4814583, -3.8207426 ], [ -38.4814073, -3.8208911 ], [ -38.4813362, -3.8211548 ], [ -38.4812987, -3.8213943 ], [ -38.4812893, -3.8215428 ], [ -38.48127860000001, -3.8217409 ], [ -38.4813124, -3.8222552 ], [ -38.4813142, -3.8222936 ], [ -38.4813166, -3.8223403 ], [ -38.4813283, -3.8225672 ], [ -38.4813899, -3.8236999 ], [ -38.4814127, -3.8241013 ], [ -38.4814368, -3.8245014 ], [ -38.4814623, -3.8247409 ], [ -38.4815079, -3.8250032 ], [ -38.4815522, -3.8252614 ], [ -38.4816085, -3.8255103 ], [ -38.4816849, -3.8257927 ], [ -38.4817614, -3.8260938 ], [ -38.4819008, -3.8265835 ], [ -38.4819733, -3.8268257 ], [ -38.482094, -3.8273021 ], [ -38.4821624, -3.8276018 ], [ -38.482216, -3.82784 ], [ -38.4822777, -3.8281611 ], [ -38.4823085, -3.8283378 ], [ -38.4823689, -3.8289801 ], [ -38.4823836, -3.8294618 ], [ -38.4823836, -3.8298405 ], [ -38.4823863, -3.8302968 ], [ -38.4823843, -3.8305758 ], [ -38.4823853, -3.8307735 ], [ -38.4823971, -3.8309899 ], [ -38.4824118, -3.8312234 ], [ -38.4824266, -3.8313325 ], [ -38.4824641, -3.8317165 ], [ -38.4825258, -3.8323066 ], [ -38.4825654, -3.8325906 ], [ -38.4825875, -3.8328425 ], [ -38.4826183, -3.8331693 ], [ -38.4826237, -3.8332888 ], [ -38.4826291, -3.8334413 ], [ -38.4826331, -3.8336179 ], [ -38.4826336, -3.8337418 ], [ -38.4826338, -3.8338133 ], [ -38.4826339, -3.8338381 ], [ -38.482625, -3.8339137 ], [ -38.4825935, -3.8341057 ], [ -38.4825338, -3.8344355 ], [ -38.482422, -3.834889 ], [ -38.4824165, -3.8349112 ], [ -38.4823662, -3.8350664 ], [ -38.4822884, -3.8352658 ], [ -38.4822529, -3.8353494 ], [ -38.4821013, -3.8356666 ], [ -38.481921, -3.8359864 ], [ -38.4818642, -3.8360785 ], [ -38.4817691, -3.8362328 ], [ -38.4817359, -3.8362754 ], [ -38.4816326, -3.836442 ], [ -38.4810773, -3.8373142 ], [ -38.4810592, -3.8373415 ], [ -38.4810158, -3.8373999 ], [ -38.4808129, -3.8377433 ], [ -38.4806825, -3.837938 ], [ -38.4804046, -3.8384019 ], [ -38.4803774, -3.8384562 ], [ -38.4803028, -3.8386132 ], [ -38.4802015, -3.838898 ], [ -38.4801539, -3.8390933 ], [ -38.4801344, -3.8392101 ], [ -38.4801177, -3.8393225 ], [ -38.4801064, -3.8394922 ], [ -38.4801007, -3.8396608 ], [ -38.4800962, -3.839878 ], [ -38.4801087, -3.840035 ], [ -38.4801402, -3.8401802 ], [ -38.4801963, -3.8403914 ], [ -38.4802704, -3.8406054 ], [ -38.4804366, -3.8410184 ], [ -38.4805653, -3.8413156 ], [ -38.4807873, -3.8418393 ], [ -38.4808651, -3.8420485 ], [ -38.4809205, -3.8422125 ], [ -38.4809697, -3.8424214 ], [ -38.4810019, -3.8426208 ], [ -38.481022, -3.8428055 ], [ -38.4810313, -3.8431119 ], [ -38.4810112, -3.8433541 ], [ -38.4809679, -3.8435798 ], [ -38.480904, -3.8438491 ], [ -38.4808208, -3.8440887 ], [ -38.4807256, -3.8443121 ], [ -38.4805834, -3.8445757 ], [ -38.4805168, -3.8446706 ], [ -38.4804319, -3.8447751 ], [ -38.4803138, -3.8449143 ], [ -38.4802084, -3.8450306 ], [ -38.4801047, -3.8451203 ], [ -38.4798656, -3.8453341 ], [ -38.4796208, -3.8454993 ], [ -38.4792644, -3.8457699 ], [ -38.4782399, -3.8465835 ], [ -38.4778925, -3.8469173 ], [ -38.4777905, -3.8470291 ], [ -38.4774778, -3.8473951 ], [ -38.4772803, -3.8476693 ], [ -38.4770983, -3.8479325 ], [ -38.4770138, -3.8480795 ], [ -38.4769236, -3.8482503 ], [ -38.4768452, -3.8483977 ], [ -38.4767964, -3.848501 ], [ -38.4766231, -3.8488659 ], [ -38.4765157, -3.8490952 ], [ -38.4764413, -3.8492523 ], [ -38.4763344, -3.8494718 ], [ -38.4760353, -3.8500846 ], [ -38.4759472, -3.8502662 ], [ -38.4755628, -3.8510586 ], [ -38.4753329, -3.8515294 ], [ -38.4749244, -3.8523688 ], [ -38.4745811, -3.8530488 ], [ -38.4744505, -3.8533074 ], [ -38.474247, -3.8537318 ] ], [ [ -38.4794166, -3.8125862 ], [ -38.4794195, -3.8125834 ], [ -38.4794462, -3.8125266 ] ], [ [ -38.4794196, -3.8126814 ], [ -38.4793702, -3.8126132 ], [ -38.4793477, -3.812582 ], [ -38.4793167, -3.812543 ], [ -38.4790796, -3.8122257 ] ], [ [ -38.4794196, -3.8126814 ], [ -38.479406, -3.8126563 ], [ -38.4794034, -3.8126379 ], [ -38.4794166, -3.8125862 ] ], [ [ -38.4742453, -3.8534025 ], [ -38.474317, -3.8532582 ], [ -38.47488950000001, -3.852075 ], [ -38.4760875, -3.8495998 ], [ -38.4768098, -3.8481291 ], [ -38.4768655, -3.848058 ], [ -38.4769325, -3.8479684 ], [ -38.4769824, -3.847839 ], [ -38.4772118, -3.847515 ], [ -38.4775161, -3.8471524 ], [ -38.4778386, -3.8468148 ], [ -38.478361, -3.8463729 ], [ -38.4793103, -3.8456523 ], [ -38.4798553, -3.8452485 ], [ -38.4801692, -3.8449753 ], [ -38.4804594, -3.8446349 ], [ -38.4806666, -3.8442937 ], [ -38.4808099, -3.843959 ], [ -38.4809271, -3.8434988 ], [ -38.4809639, -3.8431693 ], [ -38.4809665, -3.84292 ], [ -38.4809022, -3.8424319 ], [ -38.4807812, -3.8419966 ], [ -38.4806663, -3.8417499 ], [ -38.4805303, -3.841456 ], [ -38.4801757, -3.8407576 ], [ -38.4800103, -3.8403632 ], [ -38.4799569, -3.8401741 ], [ -38.4799165, -3.8399215 ], [ -38.4799053, -3.8394615 ], [ -38.4799433, -3.8392267 ], [ -38.4799598, -3.8391382 ], [ -38.4800098, -3.8389222 ], [ -38.4800802, -3.838656 ], [ -38.480157, -3.8384101 ], [ -38.480161, -3.8383972 ], [ -38.4801983, -3.8383168 ], [ -38.4803657, -3.8380719 ], [ -38.4805544, -3.8378039 ], [ -38.480896, -3.8373249 ], [ -38.4809735, -3.837214 ], [ -38.4814517, -3.8365535 ], [ -38.4816279, -3.8363088 ], [ -38.481806, -3.8360451 ], [ -38.4819909, -3.8357376 ], [ -38.4820504, -3.8356294 ], [ -38.4822639, -3.8352119 ], [ -38.4824014, -3.8347043 ], [ -38.482488, -3.834308 ], [ -38.4825569, -3.8339169 ], [ -38.4825605, -3.8338891 ], [ -38.482561, -3.8338494 ], [ -38.4825634, -3.8337548 ], [ -38.482574, -3.8333827 ], [ -38.4825395, -3.83277 ], [ -38.4825191, -3.8325931 ], [ -38.4824004, -3.8315641 ], [ -38.482383, -3.8313981 ], [ -38.482365, -3.8312262 ], [ -38.4823515, -3.8310579 ], [ -38.4822923, -3.8303451 ], [ -38.4822855, -3.8294206 ], [ -38.4822719, -3.828981 ], [ -38.4822196, -3.8284303 ], [ -38.4821311, -3.8278434 ], [ -38.4820402, -3.8274445 ], [ -38.4816927, -3.8261733 ], [ -38.4814815, -3.825362 ], [ -38.4814066, -3.8249519 ], [ -38.4813634, -3.8246437 ], [ -38.4812855, -3.8229399 ], [ -38.481251, -3.822296 ], [ -38.481215, -3.8215446 ], [ -38.4812044, -3.8211516 ], [ -38.4812771, -3.8207822 ], [ -38.4814179, -3.8204242 ], [ -38.4816246, -3.820073 ], [ -38.4817881, -3.8198758 ], [ -38.482212, -3.8195182 ], [ -38.4824232, -3.8193436 ], [ -38.482683, -3.8190872 ], [ -38.4829532, -3.8187201 ], [ -38.4831077, -3.8183349 ], [ -38.4831485, -3.8180901 ], [ -38.4831281, -3.8175191 ], [ -38.4830304, -3.817229 ], [ -38.4829202, -3.8169037 ], [ -38.4826023, -3.8164642 ], [ -38.482254, -3.8160583 ], [ -38.4818292, -3.815534 ], [ -38.4812754, -3.8148627 ], [ -38.4807138, -3.814193 ], [ -38.4800963, -3.8134568 ], [ -38.4795901, -3.8128277 ], [ -38.4795041, -3.8127007 ], [ -38.4794166, -3.8125862 ] ], [ [ -38.4790796, -3.8122257 ], [ -38.4790176, -3.8120771 ], [ -38.4789444, -3.8119061 ], [ -38.4788709, -3.8117198 ], [ -38.4787606, -3.8113572 ], [ -38.4787072, -3.8111293 ], [ -38.4786688, -3.8109007 ], [ -38.4786454, -3.8107757 ], [ -38.4786303, -3.8103831 ], [ -38.4786337, -3.8103032 ], [ -38.4786405, -3.810226 ], [ -38.4786576, -3.810107 ] ] ] } },
{ "type": "Feature", "properties": { "nome_osm": "Rodovia Santos Dumont", "calor": 0.96238234886408669, "comp_km": 19.085824856665322, "km_max": 8.3209569388068587, "bairros": "Cajazeiras, Barroso, Aeroporto, Parque Santa Maria, Aerolândia, Messejana, Jangurussu, Ancuri, Dias Macêdo, Fátima, Cidade dos Funcionários, Pedras, Alto da Balança", "nome": "Rod. Santos Dumont", "posicao": 2, "atividade": "ride" }, "geometry": { "type": "MultiLineString", "coordinates": [ [ [ -38.5211129, -3.757198 ], [ -38.520864, -3.7574025 ], [ -38.5201606, -3.7579398 ], [ -38.5200002, -3.7580768 ], [ -38.5198907, -3.758184 ], [ -38.5197812, -3.7583028 ], [ -38.5196407, -3.7584921 ], [ -38.519513, -3.7587101 ], [ -38.5194806, -3.7587869 ], [ -38.5194335, -3.7589373 ], [ -38.5193435, -3.7593328 ], [ -38.5193076, -3.7595577 ], [ -38.5192079, -3.7601589 ], [ -38.5191765, -3.7602518 ], [ -38.5190747, -3.7610435 ], [ -38.5189843, -3.7615238 ], [ -38.5188973, -3.7620946 ], [ -38.5187803, -3.7628249 ], [ -38.5185752, -3.7642339 ], [ -38.5184285, -3.7653224 ], [ -38.5183038, -3.7659313 ], [ -38.5181244, -3.7665785 ], [ -38.5180876, -3.7667111 ], [ -38.5179706, -3.7672431 ], [ -38.5179121, -3.7675102 ], [ -38.5176745, -3.7684416 ], [ -38.5174906, -3.769163 ], [ -38.5169302, -3.7712152 ], [ -38.516709, -3.772025 ], [ -38.51643, -3.7729845 ], [ -38.5161678, -3.773886 ], [ -38.5159889, -3.774501 ], [ -38.5155746, -3.776024 ], [ -38.51533220000001, -3.7769149 ], [ -38.5150663, -3.7779015 ], [ -38.5146151, -3.7796786 ], [ -38.5144897, -3.7800654 ], [ -38.5143836, -3.7803572 ], [ -38.5143278, -3.7804982 ], [ -38.5139603, -3.7813355 ], [ -38.5139031, -3.7814624 ], [ -38.5138428, -3.7815962 ], [ -38.5136745, -3.7819624 ], [ -38.5135141, -3.7823113 ], [ -38.5131852, -3.7830269 ], [ -38.5129692, -3.7834424 ], [ -38.5127587, -3.7838842 ], [ -38.5127155, -3.7839748 ], [ -38.5124847, -3.7844707 ], [ -38.5120258, -3.7854805 ], [ -38.5114767, -3.7866556 ], [ -38.5106631, -3.7883851 ], [ -38.5101282, -3.7895287 ], [ -38.5095994, -3.7906577 ], [ -38.5078942, -3.7942969 ], [ -38.5075024, -3.7951303 ], [ -38.5072316, -3.7956293 ], [ -38.5066348, -3.7968929 ], [ -38.5060384, -3.7981489 ], [ -38.5047305, -3.8009735 ], [ -38.5042214, -3.8020844 ], [ -38.5041848, -3.8021647 ], [ -38.5041229, -3.8023004 ], [ -38.5040224, -3.8025393 ], [ -38.5039249, -3.8027395 ], [ -38.5036638, -3.803276 ], [ -38.5036241, -3.8033575 ], [ -38.5035986, -3.803414 ], [ -38.5032552, -3.8041765 ], [ -38.5029173, -3.8049084 ], [ -38.5026692, -3.8054999 ], [ -38.5023715, -3.806165 ], [ -38.502047, -3.8069026 ], [ -38.5017251, -3.8076342 ], [ -38.5013187, -3.8084827 ], [ -38.501139, -3.8088573 ], [ -38.5010169, -3.8091383 ], [ -38.5009177, -3.8094461 ], [ -38.5008439, -3.8097338 ], [ -38.5008118, -3.8099252 ], [ -38.5007581, -3.8102356 ], [ -38.5007246, -3.8106223 ], [ -38.5007162, -3.8110629 ], [ -38.5007291, -3.8115141 ], [ -38.5007474, -3.8116741 ], [ -38.5007658, -3.8118322 ], [ -38.5008716, -3.8123069 ], [ -38.5009176, -3.8125068 ], [ -38.5010253, -3.8129345 ], [ -38.501197, -3.8136061 ], [ -38.5015566, -3.8150138 ], [ -38.5018347, -3.8160298 ], [ -38.5020764, -3.8170935 ], [ -38.5021351, -3.8172973 ], [ -38.502305, -3.8178874 ], [ -38.502719, -3.8196012 ], [ -38.5029333, -3.8204236 ], [ -38.5031603, -3.8213192 ], [ -38.5032422, -3.8216267 ], [ -38.5033686, -3.8221008 ], [ -38.5034022, -3.8222269 ], [ -38.5034431, -3.8223776 ], [ -38.503637, -3.8231164 ], [ -38.5038414, -3.8239154 ], [ -38.5039894, -3.8244945 ], [ -38.5043717, -3.8260081 ], [ -38.5044686, -3.8263974 ], [ -38.5045354, -3.8266657 ], [ -38.5045829, -3.8268565 ], [ -38.5046929, -3.8272934 ], [ -38.5048196, -3.8278045 ], [ -38.5048968, -3.8280875 ], [ -38.5050071, -3.8285741 ], [ -38.5050315, -3.8286817 ], [ -38.5050704, -3.8289178 ], [ -38.5050825, -3.8290062 ], [ -38.5051214, -3.8296103 ], [ -38.5051196, -3.8296901 ], [ -38.505112, -3.8300238 ], [ -38.505073, -3.8304011 ], [ -38.5050537, -3.830543 ], [ -38.5050362, -3.8306507 ], [ -38.5050167, -3.8307705 ], [ -38.5049263, -3.8311493 ], [ -38.5047959, -3.8316201 ], [ -38.5046804, -3.8319206 ], [ -38.5045378, -3.8322501 ], [ -38.5042275, -3.8328785 ], [ -38.5031692, -3.8350744 ], [ -38.5028314, -3.8357749 ], [ -38.5018744, -3.83774 ], [ -38.5013765, -3.8388078 ], [ -38.5010091, -3.8395488 ], [ -38.5008681, -3.8398463 ], [ -38.5007655, -3.84006 ], [ -38.5003702, -3.8408837 ], [ -38.5002561, -3.8411213 ], [ -38.4995203, -3.8426267 ], [ -38.4994834, -3.8427063 ], [ -38.4994264, -3.8428147 ], [ -38.499216, -3.8432435 ], [ -38.4990469, -3.8435881 ], [ -38.4985329, -3.8446775 ], [ -38.4984207, -3.8449153 ], [ -38.4983653, -3.8450281 ], [ -38.4977724, -3.8462362 ], [ -38.4974483, -3.8469025 ], [ -38.4971075, -3.8476271 ], [ -38.4968706, -3.8480754 ], [ -38.4966499, -3.8485473 ], [ -38.4965609, -3.8487376 ], [ -38.496535, -3.8487944 ], [ -38.4965106, -3.8488452 ], [ -38.4964559, -3.8489764 ], [ -38.4962453, -3.8493967 ], [ -38.4961246, -3.8496436 ], [ -38.4960583, -3.8497808 ], [ -38.4959992, -3.8499232 ], [ -38.4959168, -3.8501096 ], [ -38.4958811, -3.8502042 ], [ -38.4957456, -3.8506285 ], [ -38.4957021, -3.850785 ], [ -38.4956598, -3.850946 ], [ -38.4955877, -3.8512875 ], [ -38.495562, -3.8514808 ], [ -38.4955364, -3.8516695 ], [ -38.4955258, -3.8518394 ], [ -38.4955266, -3.8519304 ], [ -38.4955275, -3.8520026 ], [ -38.4955417, -3.8522683 ], [ -38.4956281, -3.8528944 ], [ -38.4956656, -3.8531513 ], [ -38.4957176, -3.8535081 ], [ -38.4959613, -3.8548734 ], [ -38.4961017, -3.8556601 ], [ -38.4963722, -3.8571757 ], [ -38.4965141, -3.8580483 ], [ -38.4965954, -3.8584927 ], [ -38.4966803, -3.8589167 ], [ -38.4967893, -3.859438 ], [ -38.4970179, -3.8603904 ], [ -38.4970613, -3.8605711 ], [ -38.4973069, -3.8615941 ], [ -38.4974973, -3.8623598 ], [ -38.4975982, -3.8629756 ], [ -38.4977254, -3.8638007 ], [ -38.4978287, -3.8652714 ], [ -38.4978355, -3.8656105 ], [ -38.4978397, -3.8658192 ], [ -38.497854, -3.8665262 ], [ -38.4978651, -3.8670794 ], [ -38.4978419, -3.867616 ], [ -38.4978611, -3.8681015 ], [ -38.4979111, -3.8684826 ], [ -38.4980063, -3.8689407 ], [ -38.4983307, -3.8700893 ], [ -38.4989499, -3.8722025 ], [ -38.4993942, -3.873726 ] ], [ [ -38.5027475, -3.835462 ], [ -38.5030938, -3.8347448 ], [ -38.5034607, -3.8339959 ], [ -38.5038277, -3.8332532 ], [ -38.5040095, -3.8328816 ], [ -38.5041095, -3.8326773 ], [ -38.5043965, -3.8320348 ], [ -38.504428, -3.8319741 ], [ -38.5044716, -3.8318851 ], [ -38.5046232, -3.8315091 ], [ -38.5047039, -3.8312124 ], [ -38.5047674, -3.8309946 ], [ -38.504775, -3.8309562 ], [ -38.5048547, -3.8305505 ], [ -38.5049021, -3.8301763 ], [ -38.5049316, -3.8298204 ], [ -38.5049304, -3.8297245 ], [ -38.5049296, -3.8296547 ], [ -38.5049169, -3.8293534 ], [ -38.5049088, -3.8292142 ], [ -38.5048659, -3.8288596 ], [ -38.5048444, -3.8287372 ], [ -38.5046282, -3.8278227 ], [ -38.5043916, -3.8269028 ], [ -38.5043428, -3.8267067 ], [ -38.5042936, -3.8265088 ], [ -38.5041736, -3.8260267 ], [ -38.5039442, -3.8251255 ], [ -38.5037151, -3.8242535 ], [ -38.5036472, -3.8239978 ], [ -38.5034523, -3.823222 ], [ -38.5032353, -3.8224144 ], [ -38.5030972, -3.8218791 ], [ -38.5030241, -3.8215958 ], [ -38.5027684, -3.8205171 ], [ -38.5024694, -3.8193563 ], [ -38.5023312, -3.8188291 ], [ -38.5021529, -3.8181266 ], [ -38.5019329, -3.8173478 ], [ -38.5016576, -3.8162165 ], [ -38.5016359, -3.8161274 ], [ -38.5014836, -3.8155104 ], [ -38.5014551, -3.815395 ], [ -38.5012597, -3.8146715 ], [ -38.5011832, -3.8143464 ], [ -38.5009673, -3.8134819 ], [ -38.5008949, -3.8132191 ], [ -38.5007192, -3.8124997 ], [ -38.500593, -3.8119626 ], [ -38.5005648, -3.8117428 ], [ -38.5005406, -3.8115483 ], [ -38.5005305, -3.8113497 ], [ -38.5005167, -3.8110171 ], [ -38.5005328, -3.810538 ], [ -38.500573, -3.8101928 ], [ -38.5006119, -3.8099265 ], [ -38.5006763, -3.809612 ], [ -38.5007313, -3.8094019 ], [ -38.5007729, -3.8092882 ], [ -38.5008372, -3.8090754 ], [ -38.5009217, -3.8088533 ], [ -38.5011175, -3.808405 ], [ -38.5014796, -3.8076851 ], [ -38.5017157, -3.807194 ], [ -38.5018529, -3.8068746 ], [ -38.5020456, -3.8064259 ], [ -38.5022601, -3.8059729 ], [ -38.5025364, -3.8053112 ], [ -38.5028582, -3.8045247 ], [ -38.503215, -3.8037737 ], [ -38.5038091, -3.8024998 ], [ -38.5039557, -3.8021639 ], [ -38.5045301, -3.8009321 ], [ -38.5055539, -3.7987596 ], [ -38.5065872, -3.7965623 ], [ -38.506855, -3.7959931 ], [ -38.5082563, -3.792963 ], [ -38.5093778, -3.7905731 ], [ -38.510677, -3.7877921 ], [ -38.5109358, -3.7873263 ], [ -38.5118378, -3.7853824 ], [ -38.5121173, -3.7848052 ], [ -38.5123549, -3.7843007 ], [ -38.5125378, -3.7839142 ], [ -38.5127935, -3.7833739 ], [ -38.5131043, -3.7827169 ], [ -38.5133361, -3.782227 ], [ -38.5135014, -3.7818776 ], [ -38.513685, -3.7814895 ], [ -38.5142308, -3.780234 ], [ -38.5143235, -3.7799739 ], [ -38.515226, -3.776481 ], [ -38.5156283, -3.7750807 ], [ -38.5168616, -3.7706481 ], [ -38.5171058, -3.7697635 ], [ -38.5173315, -3.7689223 ], [ -38.5179497, -3.7665014 ], [ -38.518104, -3.7659046 ], [ -38.5182354, -3.7652395 ], [ -38.5184658, -3.7636798 ], [ -38.5185952, -3.7627989 ], [ -38.5187503, -3.7618572 ], [ -38.5188802, -3.7609423 ], [ -38.5189935, -3.7601891 ], [ -38.5191439, -3.7592663 ], [ -38.5192302, -3.75889290000001 ], [ -38.5193418, -3.7586166 ], [ -38.5195281, -3.7583273 ], [ -38.519642, -3.758165 ], [ -38.5197527, -3.7580424 ], [ -38.5199452, -3.757818 ], [ -38.5201367, -3.7576679 ], [ -38.520456, -3.7574254 ], [ -38.52101, -3.7570047 ], [ -38.5210879, -3.7569438 ], [ -38.5212468, -3.7568263 ], [ -38.5216918, -3.7564634 ] ] ] } },
{ "type": "Feature", "properties": { "nome_osm": "Avenida Godofredo Maciel", "calor": 0.97901710456856683, "comp_km": 8.2025034374700656, "km_max": 7.6693831275776443, "bairros": "Mondubim, Maraponga, Parangaba, Jardim Cearense, Itaperi, Aracapé, Planalto Ayrton Senna", "nome": "Av. Godofredo Maciel", "posicao": 3, "atividade": "ride" }, "geometry": { "type": "MultiLineString", "coordinates": [ [ [ -38.5804324, -3.8292784 ], [ -38.5796157, -3.8267081 ], [ -38.5795329, -3.8264259 ] ], [ [ -38.5797358, -3.8262704 ], [ -38.5797076, -3.8264015 ], [ -38.5797049, -3.8265139 ], [ -38.5797156, -3.8266852 ], [ -38.5797751, -3.8269357 ] ], [ [ -38.5795859, -3.8257832 ], [ -38.5796284, -3.8258065 ], [ -38.5796729, -3.8258394 ], [ -38.5797082, -3.8258778 ], [ -38.5797373, -3.8259211 ], [ -38.5797596, -3.8259682 ], [ -38.5797747, -3.8260182 ], [ -38.5797822, -3.8260698 ], [ -38.5797819, -3.826122 ], [ -38.5797739, -3.8261735 ], [ -38.5797605, -3.8262208 ], [ -38.5797358, -3.8262704 ] ], [ [ -38.5797358, -3.8262704 ], [ -38.5797049, -3.8263125 ], [ -38.57966840000001, -3.8263498 ], [ -38.579627, -3.8263815 ], [ -38.5795815, -3.8264071 ], [ -38.5795329, -3.8264259 ] ], [ [ -38.5796486, -3.8269749 ], [ -38.5795605, -3.8267541 ], [ -38.5794743, -3.8266229 ], [ -38.579254, -3.8263933 ] ], [ [ -38.579322, -3.8257612 ], [ -38.5793748, -3.8257484 ], [ -38.579429, -3.8257443 ], [ -38.5794832, -3.8257488 ], [ -38.5795359, -3.8257619 ], [ -38.5795859, -3.8257832 ] ], [ [ -38.5646874, -3.7793976 ], [ -38.5647817, -3.7795261 ], [ -38.564824, -3.7796238 ], [ -38.5648941, -3.779863 ], [ -38.5650775, -3.7804538 ], [ -38.5652331, -3.780986 ], [ -38.5653303, -3.7813322 ], [ -38.5655308, -3.7820102 ], [ -38.5657008, -3.7825397 ], [ -38.5658163, -3.782927 ], [ -38.5658857, -3.7831593 ], [ -38.5659154, -3.7832584 ], [ -38.5659461, -3.7833616 ], [ -38.566098, -3.7838714 ], [ -38.5662463, -3.7843691 ], [ -38.56636, -3.7847348 ], [ -38.5664719, -3.7851004 ], [ -38.5665266, -3.7852874 ], [ -38.5665656, -3.7854109 ], [ -38.5666739, -3.7857674 ], [ -38.5668639, -3.7864695 ], [ -38.5668966, -3.7868242 ], [ -38.5668955, -3.7870366 ], [ -38.5668951, -3.787225 ], [ -38.5668898, -3.7873689 ], [ -38.5668726, -3.787592 ], [ -38.5668685, -3.7878219 ], [ -38.5668424, -3.7881667 ], [ -38.5668357, -3.7884471 ], [ -38.5668303, -3.7886832 ], [ -38.5668323, -3.7889087 ], [ -38.5668414, -3.7890482 ], [ -38.5668538, -3.7892178 ], [ -38.5669047, -3.7895939 ], [ -38.5670001, -3.7903459 ], [ -38.5670451, -3.790722 ], [ -38.5670851, -3.7909435 ], [ -38.567126, -3.7910699 ], [ -38.567185, -3.7912017 ], [ -38.5672393, -3.7913007 ], [ -38.5673279, -3.7914232 ], [ -38.5676777, -3.7919009 ], [ -38.567994, -3.7922905 ], [ -38.5681902, -3.7925363 ], [ -38.5682658, -3.792631 ], [ -38.5683942, -3.7927888 ], [ -38.5684725, -3.7928799 ], [ -38.5687288, -3.7932259 ], [ -38.568851, -3.7934126 ], [ -38.5689906, -3.793649 ], [ -38.5691641, -3.7939815 ], [ -38.5692721, -3.7942137 ], [ -38.5693575, -3.7944261 ], [ -38.5694366, -3.7946927 ], [ -38.5695344, -3.7949794 ], [ -38.5696305, -3.7953065 ], [ -38.5698036, -3.7958592 ], [ -38.5698337, -3.795958 ], [ -38.5698705, -3.7960806 ], [ -38.5698855, -3.7961291 ], [ -38.5699885, -3.7964597 ], [ -38.5700396, -3.7966289 ], [ -38.5701385, -3.7969525 ], [ -38.5702507, -3.7973131 ], [ -38.5704039, -3.7978005 ], [ -38.5705031, -3.7981245 ], [ -38.5705554, -3.7982987 ], [ -38.5708261, -3.7991801 ], [ -38.5708918, -3.7993915 ], [ -38.5712483, -3.8005531 ], [ -38.5712738, -3.8006364 ], [ -38.5712958, -3.8007081 ], [ -38.5713025, -3.8007298 ], [ -38.5714217, -3.801119 ], [ -38.5714435, -3.8011873 ], [ -38.5714923, -3.8013491 ], [ -38.571666, -3.8019143 ], [ -38.5717736, -3.8022616 ], [ -38.5720385, -3.803132 ], [ -38.5720539, -3.8031821 ], [ -38.5720611, -3.8032057 ], [ -38.5720927, -3.8033007 ], [ -38.5721203, -3.803399 ], [ -38.5721409, -3.8034605 ], [ -38.5723018, -3.8039909 ], [ -38.572441, -3.8044798 ], [ -38.572644, -3.805088 ], [ -38.5726945, -3.8052509 ], [ -38.5728316, -3.8056484 ], [ -38.5730844, -3.8064418 ], [ -38.5733296, -3.8072081 ], [ -38.5734021, -3.8074361 ], [ -38.5735264, -3.8078273 ], [ -38.573619, -3.8081294 ], [ -38.5737378, -3.808499 ], [ -38.5739358, -3.8090926 ], [ -38.5739591, -3.8091638 ], [ -38.5739724, -3.8092044 ], [ -38.573991, -3.8092609 ], [ -38.5740246, -3.8093636 ], [ -38.5742618, -3.8100657 ], [ -38.5743794, -3.8104363 ], [ -38.5745162, -3.8108552 ], [ -38.5747448, -3.8115574 ], [ -38.5747629, -3.811619 ], [ -38.5747796, -3.811661 ], [ -38.5748318, -3.8118226 ], [ -38.574864, -3.8119263 ], [ -38.5749802, -3.8123124 ], [ -38.5751398, -3.8127911 ], [ -38.5752293, -3.8131137 ], [ -38.5752768, -3.8133771 ], [ -38.5752981, -3.8135475 ], [ -38.5752948, -3.813736 ], [ -38.5752662, -3.8139356 ], [ -38.575172, -3.8142997 ], [ -38.575062, -3.8145912 ], [ -38.5749627, -3.8148635 ], [ -38.5748515, -3.8151479 ], [ -38.5747613, -3.8154041 ], [ -38.5746832, -3.8156301 ], [ -38.5746569, -3.8157349 ], [ -38.5746223, -3.8158727 ], [ -38.574602, -3.8160177 ], [ -38.574592, -3.8161863 ], [ -38.5745886, -3.8163495 ], [ -38.5745916, -3.8165625 ], [ -38.5746213, -3.8167699 ], [ -38.5746774, -3.8169657 ], [ -38.5747621, -3.8171922 ], [ -38.5748705, -3.8173875 ], [ -38.574933, -3.8174979 ], [ -38.5750603, -3.8176691 ], [ -38.5752576, -3.8178752 ], [ -38.5754067, -3.8180088 ], [ -38.5755547, -3.8181481 ], [ -38.5757849, -3.8183447 ], [ -38.5760041, -3.8185369 ], [ -38.5762449, -3.8187421 ], [ -38.5764977, -3.8189522 ], [ -38.5768252, -3.8192714 ], [ -38.577107, -3.8195775 ], [ -38.5771685, -3.8196443 ], [ -38.5772662, -3.819771 ], [ -38.577361, -3.8199169 ], [ -38.5774628, -3.8200999 ], [ -38.57757, -3.8203128 ], [ -38.5776731, -3.820558 ], [ -38.5777191, -3.8206905 ], [ -38.5777603, -3.8208095 ], [ -38.5779588, -3.821413 ], [ -38.5782408, -3.8223057 ], [ -38.5787554, -3.8238698 ], [ -38.5790139, -3.8246508 ], [ -38.5790446, -3.8247402 ], [ -38.5790583, -3.8247803 ], [ -38.5790721, -3.8248204 ], [ -38.5790958, -3.824893 ], [ -38.5792556, -3.8253819 ], [ -38.5793254, -3.8255143 ], [ -38.5794233, -3.8256348 ], [ -38.5795859, -3.8257832 ] ], [ [ -38.5795329, -3.8264259 ], [ -38.579322, -3.8257612 ] ], [ [ -38.5795329, -3.8264259 ], [ -38.5794857, -3.8264371 ], [ -38.5794376, -3.826442 ], [ -38.5793891, -3.8264405 ], [ -38.5793413, -3.8264326 ], [ -38.579295, -3.8264185 ], [ -38.579254, -3.8263933 ] ], [ [ -38.5750207, -3.8128244 ], [ -38.5748582, -3.8123726 ], [ -38.5747844, -3.8120973 ], [ -38.5747426, -3.8119663 ], [ -38.5747207, -3.8119033 ], [ -38.5747123, -3.8118741 ], [ -38.5746635, -3.8117315 ], [ -38.5746197, -3.8116084 ], [ -38.5744086, -3.8109863 ], [ -38.5742352, -3.8104584 ], [ -38.5741263, -3.8101248 ], [ -38.5738558, -3.8093054 ], [ -38.5738377, -3.8092507 ], [ -38.5738, -3.8091363 ], [ -38.5736045, -3.8085436 ], [ -38.5735811, -3.8084736 ], [ -38.5735211, -3.808291 ], [ -38.5734619, -3.8080561 ], [ -38.5734175, -3.8079191 ], [ -38.5734111, -3.8078992 ], [ -38.5731955, -3.8072476 ], [ -38.5729426, -3.8064705 ], [ -38.5726867, -3.8056868 ], [ -38.5725516, -3.8053071 ], [ -38.5724976, -3.8051406 ], [ -38.5724082, -3.8048969 ], [ -38.5721863, -3.804149 ], [ -38.5720815, -3.803778 ], [ -38.5719747, -3.8034448 ], [ -38.5719496, -3.8033661 ], [ -38.5719432, -3.8033459 ], [ -38.5719113, -3.8032516 ], [ -38.5718901, -3.8031756 ], [ -38.57168, -3.8024783 ], [ -38.5716236, -3.8022999 ], [ -38.57152, -3.8019581 ], [ -38.5714438, -3.8017129 ], [ -38.5713109, -3.8012823 ], [ -38.5712957, -3.8012313 ], [ -38.5712822, -3.8011871 ], [ -38.571275, -3.8011635 ], [ -38.5712076, -3.8009343 ], [ -38.5711567, -3.8007743 ], [ -38.5711292, -3.8006856 ], [ -38.5709788, -3.8001876 ], [ -38.5707416, -3.7993979 ], [ -38.5705063, -3.7986338 ], [ -38.5704213, -3.7983419 ], [ -38.5703692, -3.798167 ], [ -38.5702732, -3.7978375 ], [ -38.5702054, -3.7976175 ], [ -38.5701304, -3.7973752 ], [ -38.570042, -3.7970859 ], [ -38.5699756, -3.7968729 ], [ -38.5697372, -3.7961242 ], [ -38.569708, -3.7960291 ], [ -38.5696988, -3.7959992 ], [ -38.5696691, -3.7959 ], [ -38.5693975, -3.7950146 ], [ -38.5692308, -3.7944922 ], [ -38.5691714, -3.7943325 ], [ -38.5691014, -3.7941675 ], [ -38.568859, -3.7937087 ], [ -38.5687504, -3.7935238 ], [ -38.5686305, -3.7933369 ], [ -38.5684826, -3.7931292 ], [ -38.568258, -3.7928565 ], [ -38.5681161, -3.7926579 ], [ -38.5680579, -3.7925775 ], [ -38.5678978, -3.792381 ], [ -38.5675779, -3.7919754 ], [ -38.5675689, -3.791965 ], [ -38.5673943, -3.7917533 ], [ -38.5671231, -3.7913843 ], [ -38.5670979, -3.7913416 ], [ -38.5670785, -3.7913065 ], [ -38.5670262, -3.7911818 ], [ -38.5669648, -3.7910301 ], [ -38.5669379, -3.790917 ], [ -38.5668766, -3.7905319 ], [ -38.5668162, -3.7901211 ], [ -38.5667429, -3.789562 ], [ -38.5666769, -3.7889899 ], [ -38.5666754, -3.7889422 ], [ -38.5666747, -3.7888706 ], [ -38.5666889, -3.7884728 ], [ -38.5667319, -3.7878634 ], [ -38.5667414, -3.7874297 ], [ -38.5667422, -3.787365 ], [ -38.5667448, -3.787297 ], [ -38.5667466, -3.787224 ], [ -38.5667503, -3.7870369 ], [ -38.5667558, -3.7867216 ], [ -38.5667382, -3.7866151 ], [ -38.5667226, -3.7865061 ], [ -38.566708, -3.786422 ], [ -38.5666919, -3.7863402 ], [ -38.5665538, -3.785873 ], [ -38.5664002, -3.7853523 ], [ -38.5662268, -3.7847741 ], [ -38.5658102, -3.7833931 ], [ -38.565801, -3.7833624 ], [ -38.5657826, -3.7833011 ], [ -38.5657512, -3.7831984 ], [ -38.5656982, -3.7830244 ], [ -38.5655071, -3.7823976 ], [ -38.5652477, -3.7815323 ], [ -38.5652057, -3.7813898 ], [ -38.5650993, -3.7810285 ], [ -38.5649697, -3.7805965 ], [ -38.5646924, -3.7796749 ], [ -38.5646762, -3.779627 ], [ -38.5646532, -3.7795587 ], [ -38.5646111, -3.7794933 ], [ -38.5645126, -3.7793591 ], [ -38.5647058, -3.7795244 ], [ -38.5647206, -3.7795416 ], [ -38.5649835, -3.780411 ], [ -38.5651619, -3.7810086 ], [ -38.5656184, -3.7825336 ], [ -38.5658494, -3.7832796 ], [ -38.5662869, -3.7847564 ], [ -38.5664734, -3.7854616 ], [ -38.5666932, -3.7860852 ], [ -38.5667679, -3.7863792 ], [ -38.5668021, -3.7865693 ], [ -38.5668284, -3.7867771 ], [ -38.5668302, -3.7870367 ], [ -38.5668229, -3.7872245 ], [ -38.5668156, -3.7873669 ], [ -38.566795, -3.7878442 ], [ -38.5667655, -3.7884322 ], [ -38.5667542, -3.7887355 ], [ -38.5667619, -3.7889832 ], [ -38.5669855, -3.7908746 ], [ -38.5670462, -3.7910988 ], [ -38.5671579, -3.7913409 ], [ -38.5676288, -3.7919396 ], [ -38.5679199, -3.7922996 ], [ -38.5681221, -3.7925583 ], [ -38.5683812, -3.7928699 ], [ -38.5686731, -3.7932675 ], [ -38.5689503, -3.7937273 ], [ -38.5691576, -3.7941296 ], [ -38.5693129, -3.7945253 ], [ -38.5694747, -3.7950385 ], [ -38.5697333, -3.7958805 ], [ -38.569764, -3.7959793 ], [ -38.5698023, -3.7961029 ], [ -38.5702113, -3.7973332 ], [ -38.5704322, -3.798147 ], [ -38.570488, -3.7983204 ], [ -38.5708362, -3.799429 ], [ -38.5711968, -3.8006626 ], [ -38.571225, -3.8007534 ], [ -38.5713444, -3.8011425 ], [ -38.5713623, -3.8012115 ], [ -38.5715839, -3.8019389 ], [ -38.5716923, -3.8022824 ], [ -38.5719645, -3.8031537 ], [ -38.5719901, -3.8032275 ], [ -38.5720191, -3.8033229 ], [ -38.5720475, -3.8034214 ], [ -38.5722893, -3.8041156 ], [ -38.5725201, -3.8048587 ], [ -38.5725639, -3.8051167 ], [ -38.5726174, -3.8052801 ], [ -38.5727589, -3.8056642 ], [ -38.5731302, -3.8068143 ], [ -38.5732625, -3.8072291 ], [ -38.57367, -3.8085211 ], [ -38.5738628, -3.8091161 ], [ -38.5738995, -3.8092294 ], [ -38.5739189, -3.8092847 ], [ -38.5742015, -3.8100914 ], [ -38.574681, -3.8115835 ], [ -38.5747223, -3.8116958 ], [ -38.5747655, -3.8118511 ], [ -38.5747985, -3.8119479 ], [ -38.5750851, -3.8128164 ], [ -38.5751304, -3.8129627 ], [ -38.575175, -3.8131934 ], [ -38.5752163, -3.8134911 ], [ -38.5752107, -3.813703 ], [ -38.5751658, -3.8139394 ], [ -38.575062, -3.8142925 ], [ -38.5748936, -3.8148252 ], [ -38.5747283, -3.8152431 ], [ -38.5746323, -3.815522 ], [ -38.5745375, -3.8158233 ], [ -38.574533700000011, -3.8158617 ], [ -38.5745025, -3.8161733 ], [ -38.5745147, -3.8165899 ], [ -38.57455, -3.816789 ], [ -38.57461, -3.8169895 ], [ -38.5747326, -3.8172875 ], [ -38.5749048, -3.8175621 ], [ -38.5750809, -3.8177951 ], [ -38.5753078, -3.818006 ], [ -38.5757495, -3.8183895 ], [ -38.5758309, -3.8184602 ], [ -38.5765405, -3.819068 ], [ -38.57667880000001, -3.8191982 ], [ -38.5768471, -3.8193752 ], [ -38.5770667, -3.8196115 ], [ -38.577103, -3.8196576 ], [ -38.5772159, -3.8198143 ], [ -38.5772971, -3.81997 ], [ -38.5774497, -3.8202563 ], [ -38.5775824, -3.8205553 ], [ -38.5776927, -3.8208772 ], [ -38.5789837, -3.824762 ], [ -38.5789912, -3.8247847 ], [ -38.5790079, -3.8248351 ], [ -38.5790343, -3.8249128 ], [ -38.5790387, -3.8249259 ], [ -38.579322, -3.8257612 ] ], [ [ -38.5791144, -3.825953 ], [ -38.5791363, -3.8259097 ], [ -38.5791641, -3.8258699 ], [ -38.5791973, -3.8258345 ], [ -38.5792352, -3.8258042 ], [ -38.579277, -3.8257796 ], [ -38.579322, -3.8257612 ] ], [ [ -38.579254, -3.8263933 ], [ -38.57921, -3.8263666 ], [ -38.5791739, -3.8263292 ], [ -38.5791434, -3.8262871 ], [ -38.5791196, -3.8262464 ], [ -38.5791009, -3.8261995 ], [ -38.5790891, -3.8261505 ], [ -38.5790875, -3.826096 ], [ -38.5790901, -3.8260473 ], [ -38.5790992, -3.8259994 ], [ -38.5791144, -3.825953 ] ], [ [ -38.5791144, -3.825953 ], [ -38.579153, -3.8257636 ], [ -38.5791623, -3.8256612 ], [ -38.5791568, -3.825519 ], [ -38.5791355, -3.8254361 ], [ -38.5789689, -3.824934 ], [ -38.5789511, -3.8248804 ], [ -38.5789412, -3.8248505 ], [ -38.5789206, -3.8247846 ], [ -38.5787452, -3.8242482 ], [ -38.5785337, -3.823557 ], [ -38.57822, -3.8226169 ], [ -38.5776005, -3.820697 ], [ -38.5775714, -3.8206204 ], [ -38.5775377, -3.8205365 ], [ -38.5774433, -3.8203384 ], [ -38.5773476, -3.8201624 ], [ -38.5772006, -3.8199157 ], [ -38.5770565, -3.8196932 ], [ -38.5770136, -3.8196348 ], [ -38.5767627, -3.8193686 ], [ -38.5765369, -3.8191389 ], [ -38.5763629, -3.8189843 ], [ -38.5761607, -3.8188193 ], [ -38.5757393, -3.8184517 ], [ -38.5757125, -3.8184295 ], [ -38.5753072, -3.8180937 ], [ -38.575172, -3.8179553 ], [ -38.5750389, -3.8178301 ], [ -38.5749386, -3.8177225 ], [ -38.5748321, -3.817582 ], [ -38.5747056, -3.8173536 ], [ -38.5746466, -3.8172433 ], [ -38.5746139, -3.81714 ], [ -38.5745204, -3.8168331 ], [ -38.5744879, -3.8166573 ], [ -38.5744706, -3.8164405 ], [ -38.5744662, -3.8162419 ] ] ] } },
{ "type": "Feature", "properties": { "nome_osm": "Avenida General Osório de Paiva", "calor": 0.96525265485144474, "comp_km": 8.0405204367596674, "km_max": 4.209069606685012, "bairros": "Siqueira, Bom Jardim, Bonsucesso, Vila Peri, Parangaba", "nome": "Av. General Osório de Paiva", "posicao": 4, "atividade": "ride" }, "geometry": { "type": "MultiLineString", "coordinates": [ [ [ -38.574382, -3.780544 ], [ -38.5745256, -3.7806267 ], [ -38.5746684, -3.7807084 ], [ -38.5748848, -3.7808445 ], [ -38.5755968, -3.7813031 ], [ -38.5759249, -3.7815216 ], [ -38.5763088, -3.781791 ], [ -38.5767694, -3.7820818 ], [ -38.5768051, -3.7821064 ], [ -38.5768214, -3.7821176 ], [ -38.5769342, -3.7821896 ], [ -38.5774364, -3.7825098 ], [ -38.5780927, -3.782923 ], [ -38.5782536, -3.783014 ], [ -38.5783301, -3.7830591 ], [ -38.5783858, -3.7830907 ], [ -38.5787825, -3.7833159 ], [ -38.5789718, -3.7834354 ], [ -38.5794201, -3.7837207 ], [ -38.5798469, -3.7839899 ], [ -38.5798993, -3.7840236 ], [ -38.5799511, -3.7840563 ], [ -38.5804224, -3.7843536 ], [ -38.5804932, -3.7843983 ], [ -38.5806069, -3.7844722 ], [ -38.5812306, -3.7848618 ], [ -38.5818227, -3.7852485 ], [ -38.5824277, -3.7856416 ], [ -38.5829287, -3.7859829 ], [ -38.5829936, -3.7860272 ], [ -38.5830111, -3.7860391 ], [ -38.5830933, -3.786091 ], [ -38.5842472, -3.7868044 ], [ -38.5845706, -3.7870246 ], [ -38.5846327, -3.7870598 ], [ -38.5847258, -3.7871125 ], [ -38.5849803, -3.7872577 ], [ -38.5852691, -3.7874215 ], [ -38.5854699, -3.7875939 ], [ -38.5856202, -3.7877226 ], [ -38.585659, -3.7877558 ], [ -38.5857242, -3.7878117 ], [ -38.5857638, -3.7878504 ], [ -38.585856, -3.7879419 ], [ -38.5859853, -3.7880706 ], [ -38.5861115, -3.7881957 ], [ -38.5867621, -3.788893 ], [ -38.5868344, -3.7889666 ], [ -38.5870323, -3.7891706 ], [ -38.5874619, -3.789611 ], [ -38.5880079, -3.7901738 ], [ -38.58806, -3.7902275 ], [ -38.5880776, -3.7902457 ], [ -38.5881836, -3.7903551 ], [ -38.58828960000001, -3.7904645 ], [ -38.5885644, -3.7907481 ], [ -38.5885769, -3.7907609 ], [ -38.5886707, -3.790858 ], [ -38.5887383, -3.7909271 ], [ -38.5901541, -3.7923932 ], [ -38.5908666, -3.7931124 ], [ -38.5914542, -3.7937194 ], [ -38.5917724, -3.7940469 ], [ -38.591811, -3.7940875 ], [ -38.5920024, -3.7942809 ], [ -38.5921326, -3.7944092 ], [ -38.5922571, -3.7945335 ], [ -38.5922859, -3.7945632 ], [ -38.5926842, -3.7949742 ], [ -38.5929661, -3.7952486 ], [ -38.592996, -3.7952778 ], [ -38.5932577, -3.7955319 ], [ -38.5938289, -3.7961203 ], [ -38.5941042, -3.7964032 ], [ -38.5943882, -3.796695 ], [ -38.59499, -3.7973176 ], [ -38.595137, -3.7974697 ], [ -38.5952505, -3.7975892 ], [ -38.5955678, -3.7979181 ], [ -38.5956755, -3.7980342 ], [ -38.5962126, -3.7985934 ], [ -38.5968166, -3.7992145 ], [ -38.5973813, -3.79979 ], [ -38.5978953, -3.8002981 ], [ -38.5982787, -3.8007029 ], [ -38.5983117, -3.8007341 ], [ -38.5984093, -3.8008375 ], [ -38.5984737, -3.8009046 ], [ -38.5999303, -3.8024341 ], [ -38.6003309, -3.8028281 ], [ -38.6009068, -3.8034288 ], [ -38.6013863, -3.8039095 ], [ -38.6017577, -3.8042895 ], [ -38.6019437, -3.804474 ], [ -38.6025063, -3.8050669 ], [ -38.6028887, -3.8054713 ], [ -38.6034272, -3.8060304 ], [ -38.6040462, -3.8066731 ], [ -38.6043457, -3.8069832 ], [ -38.6048065, -3.8074602 ], [ -38.6048557, -3.8075111 ], [ -38.6049072, -3.8075644 ], [ -38.6049303, -3.8075883 ], [ -38.6052955, -3.8079665 ], [ -38.6057166, -3.8084024 ], [ -38.6063113, -3.8090181 ], [ -38.606679, -3.809393 ], [ -38.6069076, -3.8096246 ], [ -38.6072812, -3.8100046 ], [ -38.607357, -3.8100818 ], [ -38.607387, -3.8101124 ], [ -38.6075, -3.8102273 ], [ -38.6079531, -3.8106904 ], [ -38.6081973, -3.8109456 ], [ -38.6085196, -3.8112698 ], [ -38.60882680000001, -3.811585 ], [ -38.6095562, -3.8123333 ], [ -38.6098029, -3.8125865 ], [ -38.6099057, -3.8126919 ], [ -38.6102649, -3.8130604 ], [ -38.610734, -3.8135417 ], [ -38.6111765, -3.8139825 ], [ -38.6120227, -3.814844 ], [ -38.612927, -3.8157602 ], [ -38.6130019, -3.8158372 ], [ -38.6134529, -3.816293 ], [ -38.6139915, -3.8168432 ], [ -38.6145256, -3.8173833 ], [ -38.6154396, -3.8183291 ], [ -38.6157114, -3.8186097 ], [ -38.615752, -3.8186516 ], [ -38.6157685, -3.8186685 ], [ -38.6158398, -3.8187416 ], [ -38.6162154, -3.8191359 ], [ -38.6165211, -3.8194415 ], [ -38.6166603, -3.8195805 ], [ -38.6167158, -3.819636 ], [ -38.6172092, -3.8201366 ], [ -38.6177016, -3.8206287 ], [ -38.6179518, -3.8208859 ], [ -38.6181979, -3.8211509 ] ], [ [ -38.5749255, -3.7809887 ], [ -38.5746952, -3.7808435 ], [ -38.5746094, -3.780784 ], [ -38.5744893, -3.7806924 ], [ -38.574382, -3.780544 ] ], [ [ -38.5741574, -3.7804286 ], [ -38.574382, -3.780544 ] ], [ [ -38.5929191, -3.7953172 ], [ -38.5936424, -3.796085 ], [ -38.5940041, -3.796469 ], [ -38.5952203, -3.797728 ], [ -38.595433, -3.7979288 ], [ -38.5964232, -3.798978 ], [ -38.5976735, -3.8002607 ], [ -38.5982157, -3.8007786 ], [ -38.598242, -3.8008037 ], [ -38.5983144, -3.8008794 ], [ -38.5983699, -3.8009371 ], [ -38.5984062, -3.8009748 ], [ -38.5988913, -3.8015245 ], [ -38.6001063, -3.8027937 ], [ -38.601362, -3.8040683 ], [ -38.6017057, -3.8043876 ], [ -38.602596, -3.805351 ], [ -38.6032428, -3.805973 ], [ -38.6038179, -3.8065661 ], [ -38.6040396, -3.806805 ], [ -38.604223, -3.8070026 ], [ -38.6048194, -3.807645 ], [ -38.6062737, -3.8091612 ], [ -38.6072646, -3.81017 ], [ -38.6076107, -3.8105224 ], [ -38.6081687, -3.8110928 ], [ -38.6083844, -3.8112812 ], [ -38.6088258, -3.8117645 ], [ -38.60973580000001, -3.8126504 ], [ -38.6103774, -3.8133412 ], [ -38.6111093, -3.814088 ], [ -38.6120465, -3.8150438 ], [ -38.612738, -3.8157496 ], [ -38.6128468, -3.8158477 ], [ -38.6128827, -3.8158801 ], [ -38.6129519, -3.8159424 ], [ -38.6136682, -3.8167058 ], [ -38.6152358, -3.8183172 ], [ -38.6156499, -3.8187443 ], [ -38.6177334, -3.8208129 ], [ -38.6178692, -3.8209539 ] ] ] } },
{ "type": "Feature", "properties": { "nome_osm": "Rodovia Deputado Joaquim Noronha Mota", "calor": 0.99080362246249742, "comp_km": 7.0002334688261811, "km_max": 4.0796683652847978, "bairros": "Sabiaguaba, Edson Queiroz", "nome": "Rod. Deputado Joaquim Noronha Mota", "posicao": 5, "atividade": "ride" }, "geometry": { "type": "MultiLineString", "coordinates": [ [ [ -38.4284954, -3.8069913 ], [ -38.4284733, -3.806438 ], [ -38.4284788, -3.8062386 ], [ -38.4284838, -3.8060568 ], [ -38.4285262, -3.8056156 ], [ -38.4286516, -3.8047231 ], [ -38.4287173, -3.8043424 ], [ -38.4288203, -3.8037813 ], [ -38.4288802, -3.8035165 ], [ -38.4290343, -3.8029853 ], [ -38.429154, -3.8026604 ], [ -38.429355, -3.8021385 ], [ -38.4297912, -3.8011944 ], [ -38.4302193, -3.8004164 ], [ -38.4306955, -3.7996972 ], [ -38.4309756, -3.7993272 ], [ -38.431347, -3.7988859 ], [ -38.431619, -3.7985823 ], [ -38.4317501, -3.7984467 ], [ -38.4320684, -3.7981261 ], [ -38.4324637, -3.79778 ], [ -38.433168, -3.7972627 ], [ -38.4338595, -3.7967484 ], [ -38.434397, -3.7963193 ], [ -38.4350582, -3.7957853 ], [ -38.4353632, -3.7955737 ], [ -38.4357577, -3.7952968 ], [ -38.4365056, -3.7948547 ], [ -38.4372605, -3.7944794 ], [ -38.4375694, -3.7943385 ], [ -38.4384799, -3.7939947 ], [ -38.4391395, -3.793772 ], [ -38.4396815, -3.7935935 ], [ -38.4400193, -3.7934919 ], [ -38.4404457, -3.7933125 ], [ -38.4408304, -3.7931079 ], [ -38.4410562, -3.7929721 ], [ -38.4412554, -3.7928333 ], [ -38.441614, -3.7925286 ], [ -38.4417911, -3.7923616 ], [ -38.4420096, -3.7921168 ], [ -38.4421673, -3.7918614 ], [ -38.4423105, -3.7915853 ], [ -38.4424526, -3.7912862 ], [ -38.4425411, -3.7909881 ], [ -38.4426023, -3.790699 ], [ -38.4426248, -3.7905548 ], [ -38.442641, -3.7903448 ], [ -38.4426452, -3.7902445 ], [ -38.4426426, -3.7900195 ], [ -38.4426251, -3.7897758 ], [ -38.4425864, -3.7894874 ], [ -38.4425314, -3.7892343 ], [ -38.4424648, -3.7889824 ], [ -38.4423098, -3.7885501 ], [ -38.4420965, -3.788106 ], [ -38.4418755, -3.787708 ], [ -38.4415926, -3.7872741 ], [ -38.4413209, -3.7868887 ], [ -38.4411301, -3.786585 ], [ -38.4403648, -3.7855128 ], [ -38.4402986, -3.7854255 ], [ -38.4402317, -3.7853476 ], [ -38.4402223, -3.7853367 ], [ -38.4401026, -3.7851973 ], [ -38.4398812, -3.7849794 ], [ -38.4393848, -3.7845677 ], [ -38.4385815, -3.7838971 ], [ -38.4371429, -3.7826811 ], [ -38.4365069, -3.7821502 ], [ -38.4362994, -3.781977 ], [ -38.4360456, -3.7817632 ], [ -38.4359621, -3.7816929 ], [ -38.4356101, -3.7814014 ], [ -38.4352319, -3.7810828 ], [ -38.4346919, -3.7806377 ], [ -38.434529, -3.7805163 ], [ -38.4343666, -3.7804021 ], [ -38.4339535, -3.780148 ], [ -38.4338115, -3.7800768 ], [ -38.4337334, -3.7800482 ], [ -38.4336506, -3.7800373 ], [ -38.4336027, -3.7800289 ], [ -38.4335096, -3.7800143 ] ], [ [ -38.4336856, -3.7797355 ], [ -38.4337653, -3.7798419 ], [ -38.4338464, -3.7799378 ], [ -38.4339403, -3.7800092 ], [ -38.4340666, -3.7800917 ], [ -38.4343472, -3.7802595 ], [ -38.4345845, -3.7804054 ], [ -38.4346738, -3.7804742 ], [ -38.4348578, -3.7806288 ], [ -38.4353318, -3.7810243 ], [ -38.4360264, -3.781603 ], [ -38.4360317, -3.7816074 ], [ -38.4368655, -3.7823073 ], [ -38.4372131, -3.782593 ], [ -38.4372861, -3.7826532 ], [ -38.4375108, -3.7828384 ], [ -38.4377371, -3.7830248 ], [ -38.4387741, -3.783879 ], [ -38.4394033, -3.7844047 ], [ -38.4398625, -3.784794 ], [ -38.4400249, -3.7849497 ], [ -38.4401639, -3.7850874 ], [ -38.4403039, -3.7852523 ], [ -38.4403104, -3.78526 ], [ -38.4404123, -3.78538 ], [ -38.4412434, -3.7865076 ], [ -38.441459, -3.7868081 ], [ -38.4416866, -3.7871399 ], [ -38.4422648, -3.7879819 ], [ -38.4424442, -3.7882383 ], [ -38.4425541, -3.7883953 ], [ -38.4427318, -3.7887221 ], [ -38.4428908, -3.7891128 ], [ -38.4429653, -3.789402 ], [ -38.4429864, -3.7895344 ], [ -38.4430075, -3.7896668 ], [ -38.4430277, -3.7899384 ], [ -38.4430153, -3.7902348 ], [ -38.4430061, -3.7904028 ], [ -38.4429843, -3.7905893 ], [ -38.4429229, -3.7909333 ], [ -38.4428056, -3.7913082 ], [ -38.4425638, -3.7918868 ], [ -38.4423599, -3.7922477 ], [ -38.4422404, -3.7923913 ], [ -38.4421004, -3.7925541 ], [ -38.4418764, -3.792773 ], [ -38.4417767, -3.7928628 ], [ -38.4413426, -3.793177 ], [ -38.4413425, -3.793177 ], [ -38.4411035, -3.7933104 ], [ -38.4411025, -3.7933109 ], [ -38.4408189, -3.7934475 ], [ -38.4405573, -3.7935582 ], [ -38.4402779, -3.7936552 ], [ -38.4397338, -3.7937843 ], [ -38.4393221, -3.7938887 ], [ -38.4388259, -3.7940279 ], [ -38.438382, -3.7941617 ], [ -38.4378925, -3.794345 ], [ -38.4376028, -3.7944628 ], [ -38.4370516, -3.7947077 ], [ -38.4365085, -3.7949907 ], [ -38.4362644, -3.7951319 ], [ -38.4357387, -3.7954595 ], [ -38.4357242, -3.7954685 ], [ -38.4352344, -3.7958063 ], [ -38.4348696, -3.7961007 ], [ -38.4343453, -3.7965048 ], [ -38.4339362, -3.7968474 ], [ -38.4334078, -3.7973091 ], [ -38.4328811, -3.7977973 ], [ -38.4323242, -3.7982899 ], [ -38.4317958, -3.7988118 ], [ -38.4313278, -3.7993591 ], [ -38.4310373, -3.7997407 ], [ -38.4309295, -3.7998823 ], [ -38.4304748, -3.8005608 ], [ -38.4301735, -3.8011005 ], [ -38.4301195, -3.8012045 ], [ -38.4298874, -3.8016514 ], [ -38.4297064, -3.8020488 ], [ -38.4295435, -3.8024329 ], [ -38.4291518, -3.8036892 ], [ -38.428997, -3.8043886 ], [ -38.4289218, -3.8047773 ], [ -38.4288264, -3.8053672 ], [ -38.4288092, -3.8054738 ], [ -38.428795, -3.8058418 ], [ -38.4287862, -3.8063766 ], [ -38.428775, -3.8069344 ], [ -38.4288233, -3.8079373 ], [ -38.4288615, -3.8082918 ], [ -38.4288725, -3.8084158 ], [ -38.428955, -3.8091268 ] ] ] } },
{ "type": "Feature", "properties": { "nome_osm": "Avenida Governador Raul Barbosa", "calor": 0.9687762865667936, "comp_km": 4.8605356929336372, "km_max": 4.0054021147283905, "bairros": "Aerolândia, Alto da Balança, Tauape, Dias Macêdo, Aeroporto", "nome": "Av. Governador Raul Barbosa", "posicao": 6, "atividade": "ride" }, "geometry": { "type": "MultiLineString", "coordinates": [ [ [ -38.5170619, -3.7856914 ], [ -38.5170526, -3.7855883 ], [ -38.5170361, -3.7853667 ], [ -38.5170268, -3.7852245 ], [ -38.517033, -3.7850915 ], [ -38.5170599, -3.7849534 ], [ -38.5171095, -3.7847236 ], [ -38.5171735, -3.7844082 ], [ -38.5171797, -3.7843484 ], [ -38.5171776, -3.7842392 ], [ -38.5171663, -3.7841701 ], [ -38.5171415, -3.7840825 ], [ -38.5170857, -3.7839671 ], [ -38.5170258, -3.7838733 ], [ -38.5168399, -3.7835424 ], [ -38.5167509, -3.7833266 ], [ -38.516674, -3.7831487 ], [ -38.5165765, -3.7829221 ], [ -38.5164392, -3.7825805 ], [ -38.5162888, -3.7822083 ], [ -38.5162014, -3.7819943 ], [ -38.5160881, -3.7816938 ], [ -38.5159869, -3.7814315 ], [ -38.5158571, -3.7810427 ], [ -38.5156989, -3.7805891 ], [ -38.5156403, -3.7804492 ], [ -38.5155455, -3.7802692 ], [ -38.5155039, -3.7801889 ], [ -38.5154506, -3.780114 ], [ -38.5154088, -3.7800588 ], [ -38.515363, -3.7800022 ], [ -38.5153078, -3.779927 ], [ -38.5152702, -3.7798786 ], [ -38.5151906, -3.7797959 ], [ -38.5151612, -3.7797605 ], [ -38.5150857, -3.7796877 ], [ -38.5150099, -3.7796211 ], [ -38.5149451, -3.7795686 ], [ -38.5148816, -3.7795248 ], [ -38.5148154, -3.7794762 ], [ -38.5147148, -3.7794183 ], [ -38.514647, -3.7793835 ], [ -38.5145874, -3.7793592 ], [ -38.5144646, -3.7793185 ], [ -38.5144088, -3.7793061 ], [ -38.5142797, -3.7792727 ], [ -38.5141993, -3.7792542 ], [ -38.5141232, -3.7792428 ], [ -38.5138647, -3.7791527 ], [ -38.5138218, -3.7791206 ], [ -38.5137843, -3.7790938 ], [ -38.5137588, -3.7790711 ], [ -38.5137427, -3.779047 ], [ -38.5137092, -3.7790149 ], [ -38.5136797, -3.7789707 ], [ -38.5136434, -3.7789252 ], [ -38.5136113, -3.7788623 ], [ -38.5135871, -3.7788021 ], [ -38.5135764, -3.7787285 ], [ -38.5135657, -3.7786509 ], [ -38.513559, -3.7785907 ], [ -38.513567, -3.7785077 ], [ -38.5135831, -3.7784181 ], [ -38.5136176, -3.7783157 ], [ -38.5136596, -3.7781769 ], [ -38.5136798, -3.7781045 ], [ -38.5136943, -3.778022 ], [ -38.5137073, -3.7779295 ], [ -38.5137063, -3.777844 ], [ -38.513699, -3.7777552 ], [ -38.5136826, -3.7776462 ], [ -38.5136662, -3.7775772 ], [ -38.5136242, -3.7774807 ], [ -38.5134945, -3.7771967 ], [ -38.5134312, -3.7770504 ], [ -38.5133952, -3.7769658 ], [ -38.5133583, -3.7769014 ], [ -38.5133291, -3.7768344 ], [ -38.5132942, -3.7767515 ], [ -38.5132352, -3.7765741 ], [ -38.5131975, -3.7764586 ], [ -38.5131729, -3.7763587 ], [ -38.5131537, -3.7762736 ], [ -38.5131393, -3.7761895 ], [ -38.5130698, -3.7757135 ], [ -38.5130432, -3.7755286 ], [ -38.5130279, -3.7754134 ], [ -38.5130129, -3.7753358 ], [ -38.5129784, -3.7751114 ], [ -38.5129117, -3.7745677 ], [ -38.5128179, -3.7740072 ], [ -38.5127541, -3.7736314 ], [ -38.5126973, -3.7736367 ] ], [ [ -38.508854067828075, -3.764485731131926 ], [ -38.5088779, -3.7646209 ], [ -38.5089142, -3.7648365 ], [ -38.5089182, -3.7649211 ], [ -38.5089462, -3.7654186 ], [ -38.5089644, -3.76568 ], [ -38.5089872, -3.7659467 ], [ -38.5090446, -3.7663189 ], [ -38.5091047, -3.7666469 ], [ -38.5091162, -3.766714 ], [ -38.5091555, -3.7668964 ], [ -38.5091963, -3.7670287 ], [ -38.5092643, -3.7671987 ], [ -38.5093573, -3.7673833 ], [ -38.5095143, -3.7676347 ], [ -38.5097112, -3.7678771 ], [ -38.5097689, -3.767949 ], [ -38.5098207, -3.7680228 ], [ -38.5098783, -3.7681154 ], [ -38.5099735, -3.7682973 ], [ -38.51002470000001, -3.7684247 ], [ -38.5101414, -3.768744 ], [ -38.5104036, -3.7694164 ], [ -38.510448, -3.7695303 ], [ -38.5105636, -3.7698375 ], [ -38.5108667, -3.7706567 ], [ -38.51088, -3.7706925 ], [ -38.5110216, -3.771042 ], [ -38.511098, -3.7711731 ], [ -38.5111872, -3.7713022 ], [ -38.5113931, -3.7715464 ], [ -38.5115741, -3.7717124 ], [ -38.5117643, -3.7719004 ], [ -38.5123821, -3.7725113 ], [ -38.5124783, -3.7726283 ], [ -38.5125732, -3.7727949 ], [ -38.5126805, -3.7730258 ], [ -38.5127706, -3.7733365 ], [ -38.5128274, -3.7737725 ], [ -38.5129685, -3.7746722 ], [ -38.5130706, -3.7753558 ], [ -38.513084, -3.775436 ], [ -38.5131026, -3.7755467 ], [ -38.5132038, -3.7762374 ], [ -38.5132539, -3.7764522 ], [ -38.5133189, -3.7766503 ], [ -38.5133819, -3.7768088 ], [ -38.513479, -3.7770251 ], [ -38.5136134, -3.7773168 ], [ -38.5136839, -3.7774754 ], [ -38.5137173, -3.7775539 ], [ -38.5137669, -3.7777891 ], [ -38.5137803, -3.7779083 ], [ -38.5137591, -3.7780771 ], [ -38.5137185, -3.7782323 ], [ -38.5136777, -3.7783413 ], [ -38.5136508, -3.7784335 ], [ -38.5136407, -3.7785612 ] ], [ [ -38.5129508, -3.7753142 ], [ -38.512897, -3.7749378 ], [ -38.512833, -3.7745175 ], [ -38.5127672, -3.7740807 ], [ -38.5126973, -3.7736367 ] ], [ [ -38.5126973, -3.7736367 ], [ -38.5126765, -3.7734346 ], [ -38.5126309, -3.7732446 ], [ -38.5125813, -3.7730961 ], [ -38.5125276, -3.7729455 ], [ -38.5124693, -3.7728224 ], [ -38.5123855, -3.7726966 ], [ -38.512293, -3.7725795 ], [ -38.51212, -3.7723922 ], [ -38.5118289, -3.7721138 ], [ -38.5117805, -3.7720677 ], [ -38.5114025, -3.7717083 ], [ -38.5112871, -3.7715946 ], [ -38.5111584, -3.7714407 ], [ -38.5110511, -3.7712922 ], [ -38.5109746, -3.7711664 ], [ -38.5108928, -3.7710111 ], [ -38.5107869, -3.7707597 ], [ -38.510762, -3.7706971 ], [ -38.5106836, -3.7705 ], [ -38.510461, -3.7698991 ], [ -38.5104186, -3.7697856 ], [ -38.5102142, -3.769238 ], [ -38.5100909, -3.7689075 ], [ -38.50992, -3.7684651 ], [ -38.5097958, -3.7681902 ], [ -38.5096349, -3.7679534 ], [ -38.5094211, -3.7676973 ], [ -38.5093751, -3.7676327 ], [ -38.5093067, -3.7675268 ], [ -38.5092425, -3.7674167 ], [ -38.5091734, -3.767281 ], [ -38.5090977, -3.7670828 ], [ -38.5090019, -3.7667222 ], [ -38.5089704, -3.7665531 ], [ -38.5089574, -3.7664836 ] ], [ [ -38.509011, -3.764355 ], [ -38.5089809, -3.7644482 ], [ -38.5089786, -3.764517 ], [ -38.5089866, -3.7645876 ], [ -38.5090117, -3.7648887 ] ], [ [ -38.5088814, -3.7637582 ], [ -38.5089587, -3.7638158 ], [ -38.5089881, -3.7638466 ], [ -38.5090141, -3.7638802 ], [ -38.5090365, -3.7639164 ], [ -38.5090551, -3.7639546 ], [ -38.509064, -3.763976 ], [ -38.5090878, -3.764109 ], [ -38.5090733, -3.764224 ], [ -38.5090273, -3.7643304 ], [ -38.509011, -3.764355 ] ], [ [ -38.509011, -3.764355 ], [ -38.5089458, -3.7644268 ], [ -38.5088655, -3.7644814 ], [ -38.508854067828075, -3.764485731131926 ] ], [ [ -38.5089574, -3.7664836 ], [ -38.5088651, -3.7662016 ], [ -38.5088396, -3.7660384 ], [ -38.5087991, -3.765691 ], [ -38.508727, -3.7649196 ], [ -38.5086934, -3.7648005 ], [ -38.5086585, -3.7647148 ], [ -38.5085985, -3.7646233 ], [ -38.508521, -3.7645428 ], [ -38.508409, -3.7644322 ] ], [ [ -38.5089574, -3.7664836 ], [ -38.5089139, -3.7660844 ], [ -38.5088872, -3.7656882 ], [ -38.5088514, -3.7652345 ], [ -38.5088142, -3.7648469 ], [ -38.5087781, -3.7646227 ], [ -38.508761107213623, -3.764517550266008 ] ], [ [ -38.508681402027364, -3.763704560701738 ], [ -38.5087772, -3.7637157 ], [ -38.5088814, -3.7637582 ] ], [ [ -38.5072221, -3.7614747 ], [ -38.5074462, -3.7614858 ], [ -38.5075817, -3.7615045 ], [ -38.5076879, -3.7615279 ], [ -38.5077702, -3.7615669 ], [ -38.5079381, -3.7616796 ], [ -38.5080577, -3.7617923 ], [ -38.508145, -3.7619085 ], [ -38.5082144, -3.7620257 ], [ -38.5082691, -3.7621269 ], [ -38.5082993, -3.7621882 ], [ -38.5085661, -3.76298 ], [ -38.5087082, -3.7634061 ], [ -38.5088226, -3.763678 ], [ -38.5088411, -3.7637065 ], [ -38.5088814, -3.7637582 ] ], [ [ -38.508681402027364, -3.763704560701738 ], [ -38.5087645, -3.7640194 ], [ -38.5088249, -3.7643203 ], [ -38.508854067828075, -3.764485731131926 ] ], [ [ -38.508854067828075, -3.764485731131926 ], [ -38.5087747, -3.7645158 ], [ -38.508761107213623, -3.764517550266008 ] ], [ [ -38.508761107213623, -3.764517550266008 ], [ -38.5087318, -3.7643362 ], [ -38.5086872, -3.764139 ], [ -38.5086343, -3.7639015 ], [ -38.50858541153638, -3.76371543197821 ] ], [ [ -38.508761107213623, -3.764517550266008 ], [ -38.5086784, -3.7645282 ], [ -38.5085818, -3.7645178 ], [ -38.5084903, -3.7644852 ], [ -38.508409, -3.7644322 ] ], [ [ -38.50858541153638, -3.76371543197821 ], [ -38.5086654, -3.7637027 ], [ -38.508681402027364, -3.763704560701738 ] ], [ [ -38.5072221, -3.7614747 ], [ -38.5075782, -3.761546 ], [ -38.5077671, -3.7616293 ], [ -38.5078953, -3.7617223 ], [ -38.5080025, -3.7618475 ], [ -38.5080563, -3.7619439 ], [ -38.508123, -3.7620826 ], [ -38.508449, -3.7630206 ], [ -38.5085498, -3.7632982 ], [ -38.5086594, -3.7636212 ], [ -38.508681402027364, -3.763704560701738 ] ], [ [ -38.50858541153638, -3.76371543197821 ], [ -38.5085673, -3.7636465 ], [ -38.508021, -3.7621057 ], [ -38.5079708, -3.7619717 ], [ -38.507901, -3.7618662 ], [ -38.5077837, -3.7617484 ], [ -38.5076482, -3.7616649 ], [ -38.5075131, -3.7616193 ], [ -38.507341, -3.7615836 ], [ -38.5071545, -3.7615694 ] ], [ [ -38.508409, -3.7644322 ], [ -38.5083418, -3.7643612 ], [ -38.5082933, -3.7642765 ], [ -38.5082677, -3.7641922 ], [ -38.5082606, -3.7641044 ], [ -38.5082724, -3.7640171 ], [ -38.5083024, -3.7639343 ], [ -38.5083616, -3.7638509 ], [ -38.5083691, -3.7638403 ], [ -38.508452, -3.7637672 ], [ -38.5085542, -3.7637204 ], [ -38.50858541153638, -3.76371543197821 ] ], [ [ -38.5083501, -3.7635721 ], [ -38.5083683, -3.7634305 ], [ -38.5083472, -3.7633306 ], [ -38.5083033, -3.763208 ], [ -38.5081978, -3.7629333 ], [ -38.5081791, -3.7628917 ], [ -38.5079077, -3.7621674 ], [ -38.5078094, -3.7619606 ], [ -38.5077315, -3.7618507 ], [ -38.5076474, -3.7617654 ], [ -38.5075541, -3.7616957 ], [ -38.5073884, -3.7616433 ], [ -38.5071545, -3.7615694 ] ], [ [ -38.5046157, -3.7572552 ], [ -38.504616, -3.7572857 ], [ -38.5046205, -3.7578003 ], [ -38.5046201, -3.7583844 ], [ -38.5046267, -3.7584948 ], [ -38.504637, -3.7586412 ], [ -38.5046356, -3.7586894 ], [ -38.5046324, -3.7588825 ], [ -38.5046338, -3.7590926 ], [ -38.5046497, -3.7595329 ], [ -38.5046525, -3.759714 ], [ -38.5046838, -3.7599076 ], [ -38.5047364, -3.7600826 ], [ -38.5048191, -3.7602677 ], [ -38.5048795, -3.7603702 ], [ -38.5049511, -3.760501 ], [ -38.5050965, -3.7606847 ], [ -38.5051792, -3.7607727 ], [ -38.5052691, -3.7608565 ], [ -38.505387, -3.7609532 ], [ -38.5055359, -3.7610529 ], [ -38.5056242, -3.7611062 ], [ -38.5057368, -3.7611693 ], [ -38.5059768, -3.7612516 ], [ -38.506333, -3.761333 ], [ -38.5072221, -3.7614747 ] ], [ [ -38.5071545, -3.7615694 ], [ -38.5064758, -3.761457 ], [ -38.5062332, -3.7614194 ], [ -38.5059502, -3.7613598 ], [ -38.5056873, -3.7612633 ], [ -38.5055646, -3.7611995 ], [ -38.5055081, -3.7611635 ], [ -38.5054293, -3.7611131 ], [ -38.5052154, -3.760962 ], [ -38.5050954, -3.7608405 ], [ -38.5048651, -3.7605836 ], [ -38.5047574, -3.7603938 ], [ -38.504661, -3.7602338 ], [ -38.504599, -3.7600803 ], [ -38.5045181, -3.7597993 ], [ -38.504471, -3.7595584 ], [ -38.5044361, -3.7593483 ], [ -38.5044314, -3.7592088 ] ] ] } },
{ "type": "Feature", "properties": { "nome_osm": "Ciclovia Compartilhada Mauro Feitosa", "calor": 0.97584069672450313, "comp_km": 5.3589402553376191, "km_max": 3.7183434024345927, "bairros": "Meireles, Mucuripe, Praia de Iracema", "nome": "Ciclovia Compartilhada Mauro Feitosa", "posicao": 7, "atividade": "ride" }, "geometry": { "type": "MultiLineString", "coordinates": [ [ [ -38.5131425, -3.7199678 ], [ -38.5130754, -3.7199156 ], [ -38.5127825, -3.7199487 ], [ -38.5126902, -3.7199643 ], [ -38.5124697, -3.7200017 ], [ -38.5118322, -3.7201432 ], [ -38.5115157, -3.7202074 ], [ -38.51136790000001, -3.7202359 ], [ -38.5108025, -3.7203611 ], [ -38.5105837, -3.7204528 ], [ -38.5101813, -3.7206187 ], [ -38.509888, -3.7207497 ], [ -38.5094161, -3.7209667 ], [ -38.5092826, -3.7210281 ], [ -38.509257, -3.721056 ], [ -38.5092564, -3.7210786 ], [ -38.5092952, -3.7211985 ], [ -38.5093941, -3.7214974 ], [ -38.5094019, -3.7215223 ], [ -38.5094065, -3.7215511 ], [ -38.5093843, -3.7215773 ], [ -38.5093296, -3.7216057 ], [ -38.5083735, -3.7220694 ], [ -38.5083214, -3.7220935 ], [ -38.5082646, -3.7220728 ], [ -38.5080545, -3.7221732 ], [ -38.5080312, -3.7222331 ], [ -38.5074563, -3.7225009 ], [ -38.50736160000001, -3.7225457 ] ], [ [ -38.5060607, -3.7230784 ], [ -38.5064338, -3.7229027 ], [ -38.5066187, -3.7228175 ], [ -38.5070629, -3.7226091 ], [ -38.5072823, -3.7225058 ], [ -38.5074294, -3.7224414 ], [ -38.5085129, -3.7219304 ], [ -38.5093078, -3.7215572 ], [ -38.5093307, -3.7215188 ], [ -38.5093243, -3.7214647 ], [ -38.5092335, -3.7212189 ] ], [ [ -38.507427, -3.7225941 ], [ -38.5073749, -3.7225771 ], [ -38.50736160000001, -3.7225457 ] ], [ [ -38.50736160000001, -3.7225457 ], [ -38.5073127, -3.7225689 ], [ -38.5071435, -3.7226497 ], [ -38.5066523, -3.7228842 ], [ -38.506411, -3.7229998 ], [ -38.5061473, -3.7231267 ], [ -38.5061351, -3.7231327 ], [ -38.5061198, -3.7231355 ], [ -38.5061059, -3.7231329 ], [ -38.5060607, -3.7230784 ] ], [ [ -38.5060607, -3.7230784 ], [ -38.5060494, -3.723135 ], [ -38.5059509, -3.7231815 ] ], [ [ -38.505749, -3.7228203 ], [ -38.5059921, -3.7231063 ], [ -38.5060607, -3.7230784 ] ], [ [ -38.5057392, -3.7229301 ], [ -38.5059509, -3.7231815 ] ], [ [ -38.5055922, -3.7228724 ], [ -38.5053197, -3.7229612 ], [ -38.5052825, -3.7230181 ], [ -38.5053797, -3.7233117 ], [ -38.5054193, -3.7234375 ], [ -38.5054541, -3.7234262 ], [ -38.5054783, -3.7234169 ], [ -38.5058435, -3.7232736 ], [ -38.5058892, -3.7232097 ], [ -38.5059509, -3.7231815 ] ], [ [ -38.505749, -3.7228203 ], [ -38.5054425, -3.722471 ], [ -38.5054008, -3.7224376 ], [ -38.505359, -3.722412 ], [ -38.5053057, -3.7223842 ], [ -38.5052237, -3.722365 ], [ -38.5051698, -3.722354 ], [ -38.5051054, -3.7223584 ], [ -38.5050429, -3.7223727 ] ], [ [ -38.5050429, -3.7223727 ], [ -38.5050126, -3.7223827 ], [ -38.5049863, -3.7223968 ], [ -38.5049379, -3.722425 ], [ -38.5048031, -3.7225108 ], [ -38.5047826, -3.7225247 ] ], [ [ -38.5056694, -3.7228472 ], [ -38.505749, -3.7228203 ] ], [ [ -38.5057392, -3.7229301 ], [ -38.5056694, -3.7228472 ] ], [ [ -38.5057392, -3.7229301 ], [ -38.5056232, -3.7229658 ] ], [ [ -38.5055123, -3.7226395 ], [ -38.5056694, -3.7228472 ] ], [ [ -38.5055922, -3.7228724 ], [ -38.5056694, -3.7228472 ] ], [ [ -38.5056232, -3.7229658 ], [ -38.5055922, -3.7228724 ] ], [ [ -38.5056232, -3.7229658 ], [ -38.5056465, -3.7230362 ], [ -38.5056227, -3.7230437 ] ], [ [ -38.5056002, -3.7229729 ], [ -38.5056232, -3.7229658 ] ], [ [ -38.5055123, -3.7226395 ], [ -38.5055922, -3.7228724 ] ], [ [ -38.5055123, -3.7226395 ], [ -38.5054362, -3.7225389 ], [ -38.5053811, -3.7224862 ], [ -38.5053303, -3.7224596 ], [ -38.5052749, -3.7224344 ], [ -38.5052119, -3.7224191 ], [ -38.5051214, -3.7224154 ], [ -38.5050278, -3.7224423 ] ], [ [ -38.5050278, -3.7224423 ], [ -38.5048315, -3.7225635 ], [ -38.5048104, -3.7225784 ] ], [ [ -38.5047826, -3.7225247 ], [ -38.5048104, -3.7225784 ] ], [ [ -38.5038138, -3.7232207 ], [ -38.5044542, -3.7228239 ], [ -38.5048104, -3.7225784 ] ], [ [ -38.5037875, -3.7231748 ], [ -38.50408, -3.7229871 ], [ -38.5041918, -3.7229119 ], [ -38.5046447, -3.7226178 ], [ -38.5047826, -3.7225247 ] ], [ [ -38.5038138, -3.7232207 ], [ -38.5037875, -3.7231748 ] ], [ [ -38.5038138, -3.7232207 ], [ -38.5037887, -3.7232363 ], [ -38.5032875, -3.7235375 ], [ -38.5028772, -3.7237433 ], [ -38.502417, -3.7239388 ], [ -38.5021579, -3.7240289 ] ], [ [ -38.5037875, -3.7231748 ], [ -38.5035589, -3.723311 ], [ -38.5033001, -3.7234547 ], [ -38.5031018, -3.7235649 ], [ -38.5029319, -3.7236459 ], [ -38.5026398, -3.7237787 ], [ -38.5024804, -3.7238437 ], [ -38.5023442, -3.7238971 ], [ -38.5021387, -3.7239714 ], [ -38.5021579, -3.7240289 ] ], [ [ -38.5021579, -3.7240289 ], [ -38.5016093, -3.724198 ], [ -38.5011683, -3.7243047 ], [ -38.5007597, -3.7243754 ], [ -38.5004753, -3.7244109 ], [ -38.4994814, -3.7245451 ], [ -38.4994427, -3.7245458 ], [ -38.499405, -3.7245373 ], [ -38.4993266, -3.7245012 ], [ -38.499298, -3.7244937 ], [ -38.4992672, -3.7244892 ], [ -38.4990674, -3.7245144 ], [ -38.4990321, -3.7245268 ], [ -38.4989887, -3.7245528 ], [ -38.4989532, -3.7245851 ], [ -38.4989197, -3.7246071 ], [ -38.4988741, -3.7246198 ], [ -38.49873860000001, -3.7246346 ], [ -38.4987111, -3.7246376 ], [ -38.4976613, -3.7247513 ], [ -38.4971636, -3.7248061 ], [ -38.4966581, -3.7248553 ], [ -38.4948669, -3.7248305 ], [ -38.4947161, -3.7248448 ], [ -38.4946882, -3.7247709 ] ], [ [ -38.4940526, -3.7228546 ], [ -38.4946515, -3.7246722 ], [ -38.4946882, -3.7247709 ] ], [ [ -38.494201, -3.7253685 ], [ -38.4942152, -3.7252748 ], [ -38.4942394, -3.7251909 ], [ -38.4942692, -3.7251255 ], [ -38.4943479, -3.725011 ], [ -38.4944123, -3.7249354 ], [ -38.4945444, -3.7248354 ], [ -38.4946882, -3.7247709 ] ], [ [ -38.493965, -3.7257156 ], [ -38.4939944, -3.7257027 ], [ -38.494072, -3.7256585 ], [ -38.4941529, -3.725568 ], [ -38.49419060000001, -3.7254766 ], [ -38.494201, -3.7253685 ] ], [ [ -38.4940741, -3.7254333 ], [ -38.494089, -3.7254012 ], [ -38.4941128, -3.7253808 ], [ -38.4941361, -3.7253703 ], [ -38.4941591, -3.7253698 ], [ -38.494201, -3.7253685 ] ], [ [ -38.4939417, -3.7256543 ], [ -38.4939487, -3.7256727 ], [ -38.493965, -3.7257156 ] ], [ [ -38.4938724, -3.7257277 ], [ -38.4939525, -3.7257211 ], [ -38.493965, -3.7257156 ] ], [ [ -38.4939182, -3.7256598 ], [ -38.4939212, -3.725672 ], [ -38.4938725, -3.7256836 ], [ -38.4938724, -3.7257277 ] ], [ [ -38.4938724, -3.7257277 ], [ -38.4938608, -3.7257287 ], [ -38.4925728, -3.7255544 ], [ -38.4924461, -3.7255024 ], [ -38.4923711, -3.7254608 ], [ -38.4922993, -3.7254408 ], [ -38.4920508, -3.7254186 ], [ -38.4918852, -3.7254493 ], [ -38.4918277, -3.7254511 ], [ -38.4916578, -3.7254307 ], [ -38.4915009, -3.7253909 ], [ -38.4914117, -3.7253519 ], [ -38.491308, -3.7252964 ], [ -38.4910651, -3.7251352 ], [ -38.4907516, -3.7249153 ], [ -38.4905708, -3.7247616 ], [ -38.4904263, -3.7245966 ], [ -38.4901718, -3.7242545 ], [ -38.4900637, -3.7241199 ], [ -38.4899364, -3.7239929 ], [ -38.4898027, -3.7238829 ], [ -38.4896754, -3.723805 ], [ -38.4894132, -3.723694 ], [ -38.489333, -3.723631 ], [ -38.4887799, -3.7234942 ], [ -38.4882993, -3.7233533 ], [ -38.4880552, -3.7232682 ], [ -38.4877736, -3.7231728 ], [ -38.4874286, -3.7231355 ], [ -38.485025, -3.7230667 ], [ -38.4849388, -3.7230237 ], [ -38.4848655, -3.7229844 ], [ -38.4847828, -3.722914 ], [ -38.4846724, -3.7228386 ], [ -38.4845837, -3.7227967 ], [ -38.4845117, -3.722769 ], [ -38.4844171, -3.7227493 ], [ -38.484294, -3.7227288 ], [ -38.4841987, -3.7227296 ], [ -38.4840708, -3.7227449 ], [ -38.4839727, -3.7227762 ], [ -38.4838594, -3.7228297 ], [ -38.4837583, -3.7228748 ], [ -38.4836526, -3.7229115 ], [ -38.4836059, -3.722926 ], [ -38.4835469, -3.7229268 ], [ -38.483488, -3.722923 ], [ -38.4833647, -3.7228909 ], [ -38.483272, -3.7228733 ], [ -38.4831444, -3.7228563 ], [ -38.4831216, -3.7228533 ], [ -38.4830714, -3.7228452 ] ], [ [ -38.5060607, -3.7230784 ], [ -38.5060254, -3.7230344 ], [ -38.5055373, -3.7224781 ], [ -38.5054886, -3.7224246 ], [ -38.5054269, -3.7223755 ], [ -38.505388, -3.7223496 ], [ -38.5053525, -3.7223327 ], [ -38.5052777, -3.7223052 ], [ -38.5052205, -3.7222952 ], [ -38.5051521, -3.7222916 ], [ -38.5051204, -3.7222927 ], [ -38.5050964, -3.722297 ], [ -38.5050862, -3.7222991 ], [ -38.5050688, -3.722308 ], [ -38.5050536, -3.7223215 ], [ -38.5050429, -3.7223727 ] ], [ [ -38.5050429, -3.7223727 ], [ -38.5050278, -3.7224423 ] ], [ [ -38.5050278, -3.7224423 ], [ -38.5050219, -3.7224677 ], [ -38.5050192, -3.7224842 ], [ -38.5050115, -3.7225007 ], [ -38.5048862, -3.7225795 ], [ -38.5048299, -3.7226162 ], [ -38.5047702, -3.7226552 ], [ -38.5040369, -3.7231327 ], [ -38.5038551, -3.7232504 ], [ -38.5038132, -3.7232775 ], [ -38.5037865, -3.723293 ], [ -38.5036763, -3.7233614 ], [ -38.5033237, -3.7235625 ], [ -38.5031398, -3.7236579 ], [ -38.5028602, -3.7237932 ], [ -38.5027806, -3.7238289 ], [ -38.5024999, -3.7239487 ], [ -38.5022072, -3.7240563 ], [ -38.5021716, -3.7240694 ], [ -38.5021318, -3.7240823 ], [ -38.5018983, -3.7241581 ], [ -38.501621, -3.7242384 ], [ -38.5013323, -3.7243085 ], [ -38.5011564, -3.7243464 ], [ -38.5009938, -3.7243777 ], [ -38.5007365, -3.7244194 ], [ -38.5005174, -3.7244488 ], [ -38.5004802, -3.7244538 ], [ -38.5004356, -3.7244595 ], [ -38.4995985, -3.7245668 ], [ -38.4987582, -3.7246731 ], [ -38.4987154, -3.7246785 ], [ -38.4986801, -3.7246833 ], [ -38.4983696, -3.7247258 ], [ -38.4976985, -3.7248184 ], [ -38.4970648, -3.7248855 ], [ -38.4966554, -3.7249021 ], [ -38.49616, -3.7249045 ], [ -38.4952749, -3.7248838 ], [ -38.4948294, -3.72487 ], [ -38.4947336, -3.7248828 ], [ -38.4946363, -3.7249091 ], [ -38.4945418, -3.7249628 ], [ -38.4944979, -3.7249957 ], [ -38.4944606, -3.7250308 ], [ -38.494392, -3.7251207 ], [ -38.4943443, -3.7252101 ], [ -38.4943199, -3.7252883 ], [ -38.4943091, -3.7253535 ], [ -38.4943033, -3.7254264 ], [ -38.4942852, -3.7255042 ], [ -38.4942567, -3.7255796 ], [ -38.4942156, -3.7256466 ], [ -38.494197, -3.7256691 ], [ -38.4941779, -3.7256905 ], [ -38.4941505, -3.7257214 ], [ -38.4941171, -3.7257498 ], [ -38.4940668, -3.7257802 ], [ -38.4939571, -3.7258237 ], [ -38.4938754, -3.7258416 ], [ -38.4929398, -3.7257092 ], [ -38.4925922, -3.7256584 ], [ -38.4925674, -3.7256546 ], [ -38.4924489, -3.7256367 ], [ -38.4916924, -3.7255291 ], [ -38.4916656, -3.7255251 ], [ -38.4915895, -3.7255093 ], [ -38.4914894, -3.7254818 ], [ -38.4914227, -3.7254558 ], [ -38.4913454, -3.7254127 ], [ -38.491145, -3.7252798 ], [ -38.4909262, -3.725132 ], [ -38.4907272, -3.724999 ], [ -38.4907059, -3.7249847 ], [ -38.4905565, -3.7248794 ], [ -38.4903923, -3.7247164 ], [ -38.4902759, -3.7245858 ], [ -38.490122, -3.7243716 ], [ -38.4899699, -3.7241796 ], [ -38.4899128, -3.7241206 ], [ -38.4898121, -3.7240177 ], [ -38.4896126, -3.7238828 ], [ -38.489464, -3.7238022 ], [ -38.4890103, -3.7236381 ], [ -38.4889619, -3.723625 ], [ -38.4886637, -3.7235427 ], [ -38.4882183, -3.7234132 ], [ -38.4880464, -3.7233619 ], [ -38.4878491, -3.7232975 ], [ -38.4877396, -3.7232696 ], [ -38.4876155, -3.7232534 ], [ -38.4873394, -3.7232353 ], [ -38.4871923, -3.7232293 ], [ -38.4869318, -3.7232186 ], [ -38.4863756, -3.7232049 ], [ -38.4861768, -3.7232052 ], [ -38.4850742, -3.7231763 ], [ -38.4849575, -3.7231677 ], [ -38.48491940000001, -3.723166 ], [ -38.4848495, -3.7231309 ], [ -38.4847573, -3.723069 ], [ -38.4846478, -3.7230117 ], [ -38.4845383, -3.7229651 ], [ -38.4845176, -3.7229593 ], [ -38.4844097, -3.722929 ], [ -38.4842293, -3.7229044 ], [ -38.4841409, -3.7229028 ], [ -38.4839791, -3.7229166 ], [ -38.4838569, -3.7229437 ], [ -38.4838491, -3.7229463 ], [ -38.4837787, -3.7229692 ], [ -38.4835946, -3.7230154 ], [ -38.4835309, -3.7230173 ], [ -38.4834862, -3.7230111 ], [ -38.4822253, -3.7227002 ], [ -38.4817577, -3.7225628 ], [ -38.4813241, -3.7224126 ], [ -38.4812547, -3.7223895 ], [ -38.4804254, -3.7220847 ], [ -38.4802788, -3.7220316 ], [ -38.480236, -3.722013 ], [ -38.4801016, -3.721965 ], [ -38.4798376, -3.7218845 ], [ -38.4794569, -3.7217801 ], [ -38.4792252, -3.7217176 ], [ -38.4791337, -3.7216927 ] ] ] } },
{ "type": "Feature", "properties": { "nome_osm": "Avenida Mister Hull", "calor": 0.991372598020139, "comp_km": 5.1164153085437043, "km_max": 3.575295519323936, "bairros": "Antônio Bezerra, Padre Andrade, Presidente Kennedy, Quintino Cunha, Pici", "nome": "Av. Mister Hull", "posicao": 8, "atividade": "ride" }, "geometry": { "type": "MultiLineString", "coordinates": [ [ [ -38.5696192, -3.7366288 ], [ -38.5700256, -3.7367025 ], [ -38.5702569, -3.7367274 ], [ -38.5711377, -3.7367978 ], [ -38.571961, -3.7369023 ], [ -38.5720233, -3.7369085 ], [ -38.5720857, -3.7369147 ], [ -38.5722628, -3.7369323 ], [ -38.5732867, -3.7370567 ], [ -38.5744993, -3.7371981 ], [ -38.5757141, -3.7373452 ], [ -38.5774125, -3.7375758 ], [ -38.5780986, -3.7376693 ], [ -38.5784385, -3.7377165 ], [ -38.578545, -3.7377308 ], [ -38.5793794, -3.7378508 ], [ -38.5820658, -3.7382575 ], [ -38.5832745, -3.7384191 ], [ -38.5833566, -3.7384304 ], [ -38.5852373, -3.7386876 ], [ -38.5865693, -3.7388752 ], [ -38.5867771, -3.7389045 ], [ -38.5870692, -3.738947 ], [ -38.5875704, -3.7390222 ], [ -38.5879214, -3.7390715 ], [ -38.5879564, -3.7390767 ], [ -38.58889760000001, -3.7392155 ], [ -38.5915492, -3.7396015 ], [ -38.5915929, -3.7396084 ], [ -38.5916366, -3.7396153 ], [ -38.5917242, -3.7396291 ], [ -38.5938202, -3.7399394 ], [ -38.5938928, -3.7399496 ], [ -38.5939375, -3.7399559 ], [ -38.5940377, -3.7399711 ], [ -38.5945662, -3.7400515 ], [ -38.5946062, -3.7400576 ], [ -38.594646, -3.7400636 ], [ -38.5947568, -3.74008 ], [ -38.5958326, -3.7402403 ], [ -38.5984453, -3.7406145 ], [ -38.5991943, -3.7407286 ], [ -38.6001269, -3.7408706 ], [ -38.6007538, -3.7409512 ], [ -38.6006548, -3.7408713 ], [ -38.6006016, -3.740835 ], [ -38.6005487, -3.7408139 ], [ -38.6004801, -3.7407838 ], [ -38.6004439, -3.7407734 ] ], [ [ -38.5696192, -3.7366288 ], [ -38.5702859, -3.7366204 ], [ -38.5705913, -3.7366407 ], [ -38.5711609, -3.7366919 ], [ -38.5719753, -3.7367919 ], [ -38.5721315, -3.7368118 ], [ -38.5722745, -3.7368271 ] ], [ [ -38.5693417, -3.7365736 ], [ -38.5696192, -3.7366288 ] ], [ [ -38.6008286, -3.7410934 ], [ -38.6001257, -3.7409897 ], [ -38.5991727, -3.7408515 ], [ -38.5984256, -3.7407384 ], [ -38.5957476, -3.7403606 ], [ -38.5947379, -3.7402036 ], [ -38.594627, -3.7401872 ], [ -38.5945877, -3.7401814 ], [ -38.5945484, -3.7401755 ], [ -38.5940185, -3.7400969 ], [ -38.5939689, -3.7400895 ], [ -38.5939193, -3.7400822 ], [ -38.5938007, -3.7400646 ], [ -38.591701, -3.739757 ], [ -38.5916517, -3.7397498 ], [ -38.5916144, -3.7397444 ], [ -38.5915285, -3.739732 ], [ -38.5911558, -3.7396779 ], [ -38.5889378, -3.7393758 ], [ -38.5877347, -3.7391865 ], [ -38.5875607, -3.7391611 ], [ -38.5863996, -3.7389939 ], [ -38.5852202, -3.738837 ], [ -38.5834592, -3.7385793 ], [ -38.5834029, -3.7385713 ], [ -38.5827278, -3.7384754 ], [ -38.5826899, -3.7384709 ], [ -38.5795211, -3.7380105 ], [ -38.5785859, -3.7378765 ], [ -38.5785173, -3.7378668 ], [ -38.5767774, -3.7376274 ], [ -38.5756402, -3.7374727 ], [ -38.5748889, -3.7373749 ], [ -38.5734302, -3.7372086 ], [ -38.5721656, -3.7370632 ], [ -38.5720868, -3.7370538 ], [ -38.5720269, -3.7370467 ], [ -38.5718703, -3.7370269 ], [ -38.5712146, -3.7369455 ], [ -38.5704653, -3.7368795 ], [ -38.5697123, -3.7368223 ] ], [ [ -38.5706923, -3.7370053 ], [ -38.5702369, -3.7369553 ], [ -38.5699662, -3.7369142 ], [ -38.5697123, -3.7368223 ] ], [ [ -38.5697123, -3.7368223 ], [ -38.5693106, -3.7367401 ], [ -38.5684339, -3.7365535 ] ] ] } },
{ "type": "Feature", "properties": { "nome_osm": "Avenida Senador Carlos Jereissati", "calor": 0.96331575418605353, "comp_km": 6.2451814288331535, "km_max": 3.5708012431239111, "bairros": "Aeroporto, Dias Macêdo, Serrinha", "nome": "Av. Senador Carlos Jereissati", "posicao": 9, "atividade": "ride" }, "geometry": { "type": "MultiLineString", "coordinates": [ [ [ -38.5503861, -3.7709248 ], [ -38.5503246, -3.7709958 ], [ -38.550295, -3.7710933 ], [ -38.5502821, -3.771225 ] ], [ [ -38.5500855, -3.7711925 ], [ -38.549979, -3.7707087 ], [ -38.5499418, -3.7705823 ], [ -38.5499376, -3.7705197 ], [ -38.5499473, -3.7704686 ], [ -38.5499825, -3.7704286 ], [ -38.5500334, -3.7704136 ], [ -38.5500912, -3.7704272 ], [ -38.5501357, -3.7704752 ], [ -38.5502006, -3.7706767 ], [ -38.5502318, -3.7708072 ], [ -38.5502484, -3.7710191 ], [ -38.5502821, -3.771225 ] ], [ [ -38.5502821, -3.771225 ], [ -38.5503526, -3.7715893 ], [ -38.5504759, -3.7719557 ], [ -38.5505871, -3.7722739 ], [ -38.550813, -3.7729673 ], [ -38.5508641, -3.7731453 ], [ -38.5508983, -3.7733447 ], [ -38.5509226, -3.7734721 ], [ -38.5509304, -3.7736142 ], [ -38.550934, -3.7737626 ], [ -38.5509292, -3.7739536 ], [ -38.5509089, -3.7741604 ], [ -38.5508798, -3.7743305 ], [ -38.5508357, -3.7745244 ], [ -38.5507731, -3.7747264 ], [ -38.5507076, -3.7748901 ], [ -38.5506234, -3.7750743 ], [ -38.5505161, -3.7752626 ], [ -38.5504049, -3.7754225 ], [ -38.5502998, -3.7755623 ], [ -38.5501211, -3.7757647 ], [ -38.5500346, -3.7758472 ], [ -38.5481664, -3.7774902 ], [ -38.5476264, -3.7779784 ], [ -38.5476066, -3.7779963 ], [ -38.5470416, -3.7784656 ], [ -38.5467756, -3.7786449 ], [ -38.5465334, -3.7787962 ], [ -38.5462367, -3.7789557 ], [ -38.5458018, -3.7791471 ], [ -38.5455539, -3.7792379 ], [ -38.5453616, -3.779298 ], [ -38.5451236, -3.7793708 ], [ -38.5443639, -3.7796013 ], [ -38.5435811, -3.7798412 ], [ -38.5433218, -3.7799197 ], [ -38.5431234, -3.7799798 ], [ -38.542446, -3.7801852 ], [ -38.5422054, -3.7802578 ], [ -38.5418125, -3.7803772 ], [ -38.5413783, -3.7805092 ], [ -38.5410256, -3.7806164 ], [ -38.54063, -3.7807367 ], [ -38.5390346, -3.7812287 ], [ -38.5379685, -3.7815475 ], [ -38.5378349, -3.781588 ], [ -38.5369072, -3.7818697 ], [ -38.5356239, -3.7822592 ], [ -38.5343277, -3.7826547 ], [ -38.5340789, -3.7827315 ], [ -38.5339196, -3.7827774 ], [ -38.5304943, -3.7838638 ], [ -38.5290228, -3.7843251 ], [ -38.5286694, -3.7844226 ], [ -38.5285116, -3.7844546 ], [ -38.5283322, -3.7844849 ], [ -38.5282085, -3.7844974 ], [ -38.5280858, -3.7845021 ], [ -38.5279557, -3.7845028 ], [ -38.5278376, -3.7844972 ], [ -38.5277509, -3.7844868 ], [ -38.5276238, -3.7844787 ], [ -38.5275473, -3.78447 ], [ -38.5274784, -3.7844581 ], [ -38.5272407, -3.7844138 ], [ -38.527028, -3.784358 ], [ -38.5267891, -3.7842755 ], [ -38.5264021, -3.784091 ], [ -38.525619, -3.7836817 ], [ -38.5251645, -3.7834916 ], [ -38.5248533, -3.7833953 ], [ -38.5245307, -3.7833297 ], [ -38.5243501, -3.7833104 ], [ -38.5241376, -3.7833067 ], [ -38.524005, -3.7833085 ], [ -38.52382320000001, -3.7833271 ], [ -38.5237646, -3.7833316 ], [ -38.5235621, -3.783364 ], [ -38.5225201, -3.7835598 ], [ -38.5221201, -3.7836351 ], [ -38.5202322, -3.7839973 ], [ -38.5191755, -3.7842038 ], [ -38.5190166, -3.7842176 ], [ -38.5187473, -3.7842691 ], [ -38.5182373, -3.7843689 ], [ -38.517941, -3.7844227 ], [ -38.5178158, -3.7844347 ], [ -38.5177148, -3.784441 ], [ -38.5176113, -3.7844405 ], [ -38.5175268, -3.7844323 ], [ -38.5174346, -3.7844149 ], [ -38.5173692, -3.7843976 ], [ -38.5172981, -3.784372 ], [ -38.5172241, -3.7843396 ], [ -38.5171575, -3.7843033 ], [ -38.5170783, -3.7842538 ], [ -38.5169806, -3.7841495 ], [ -38.516905, -3.7840422 ], [ -38.5168464, -3.7839411 ], [ -38.5168051, -3.7838737 ], [ -38.5167531, -3.78374 ], [ -38.5167185, -3.783608 ], [ -38.5166598, -3.7833468 ], [ -38.516587800000011, -3.7831258 ], [ -38.5164877, -3.7828936 ], [ -38.5163745, -3.7826896 ] ], [ [ -38.5500855, -3.7711925 ], [ -38.5498891, -3.7706992 ], [ -38.5498697, -3.7705562 ], [ -38.5498614, -3.7704786 ], [ -38.5498678, -3.7703139 ], [ -38.549899, -3.7701655 ], [ -38.5499794, -3.7700664 ], [ -38.5500751, -3.7699992 ] ], [ [ -38.52771, -3.7837933 ], [ -38.5280207, -3.7838959 ], [ -38.5283382, -3.7839773 ], [ -38.528739, -3.7840265 ], [ -38.5289095, -3.7840389 ], [ -38.5292863, -3.7840284 ], [ -38.5295945, -3.7839903 ], [ -38.5298345, -3.7839456 ], [ -38.532832, -3.7829857 ], [ -38.5336374, -3.7827263 ], [ -38.5338826, -3.7826513 ], [ -38.5340408, -3.7826018 ], [ -38.5354223, -3.7821654 ], [ -38.5377058, -3.7814744 ], [ -38.5409324, -3.7804982 ], [ -38.5412115, -3.7804137 ], [ -38.5416397, -3.7802842 ], [ -38.5432546, -3.7797917 ], [ -38.5439786, -3.7795727 ], [ -38.5444185, -3.7794421 ], [ -38.5446227, -3.7793815 ], [ -38.54505, -3.7792547 ], [ -38.5453284, -3.779174 ], [ -38.5455141, -3.7791141 ], [ -38.545728, -3.7790377 ], [ -38.5461832, -3.7788348 ], [ -38.5464013, -3.7787232 ], [ -38.5465582, -3.7786286 ], [ -38.5468611, -3.7784253 ], [ -38.5470498, -3.7782915 ], [ -38.5472202, -3.7781525 ], [ -38.5473935, -3.7779979 ], [ -38.5474954, -3.7779114 ], [ -38.5475172, -3.7778926 ], [ -38.5493247, -3.7762969 ], [ -38.5495462, -3.7761057 ], [ -38.5500072, -3.7756774 ], [ -38.5501765, -3.7755155 ], [ -38.5503586, -3.7752773 ], [ -38.5505232, -3.7749926 ], [ -38.5506399, -3.7747248 ], [ -38.5507181, -3.7744729 ], [ -38.5507596, -3.7742961 ], [ -38.5507873, -3.7740981 ], [ -38.5508029, -3.7738405 ], [ -38.5507955, -3.773583 ], [ -38.550774, -3.7733521 ], [ -38.5507235, -3.7731097 ], [ -38.5506628, -3.7728887 ], [ -38.5504136, -3.772184 ], [ -38.5503117, -3.7718685 ], [ -38.5500855, -3.7711925 ] ] ] } },
{ "type": "Feature", "properties": { "nome_osm": "Avenida Maestro Lisboa", "calor": 0.9889325307721849, "comp_km": 2.9886966423271768, "km_max": 2.9769271381469036, "bairros": "José de Alencar, Sapiranga-Coité", "nome": "Av. Maestro Lisboa", "posicao": 10, "atividade": "ride" }, "geometry": { "type": "MultiLineString", "coordinates": [ [ [ -38.4771167, -3.8080272 ], [ -38.4772488, -3.8080832 ] ], [ [ -38.476012, -3.8078462 ], [ -38.4761688, -3.8078564 ], [ -38.4763562, -3.8078785 ], [ -38.4766594, -3.8079247 ], [ -38.4768701, -3.8079683 ], [ -38.4771167, -3.8080272 ] ], [ [ -38.4771167, -3.8080272 ], [ -38.4771083, -3.808091 ], [ -38.4762846, -3.8079869 ], [ -38.475344, -3.8078782 ], [ -38.4748377, -3.807882 ], [ -38.4739325, -3.807817 ], [ -38.4733802, -3.8077098 ], [ -38.4725902, -3.8076382 ], [ -38.4724625, -3.8076325 ], [ -38.4720032, -3.8075797 ], [ -38.4694104, -3.8078744 ], [ -38.4689041, -3.8078973 ], [ -38.4686548, -3.8078973 ], [ -38.4666325, -3.8078617 ], [ -38.4658894, -3.8078782 ], [ -38.4646194, -3.8078911 ], [ -38.4644897, -3.8078874 ], [ -38.4633, -3.8079239 ], [ -38.4628537, -3.8079368 ], [ -38.4626539, -3.8079332 ], [ -38.4621049, -3.8078548 ], [ -38.4608554, -3.8076086 ], [ -38.4607957, -3.8075987 ], [ -38.4603904, -3.8075312 ], [ -38.4594803, -3.8073599 ], [ -38.4593503, -3.8073338 ], [ -38.4585469, -3.8071562 ], [ -38.4579444, -3.806966 ], [ -38.4565888, -3.8066753 ], [ -38.4553473, -3.8063999 ], [ -38.4545634, -3.8062597 ], [ -38.4532487, -3.8060583 ], [ -38.4525072, -3.8059348 ], [ -38.4520002, -3.8058563 ], [ -38.4512427, -3.8057813 ] ] ] } }
]
}
