from_id,to_id,p25,p50,p75
b91,b91,0.0,0.0,0.0
b91,b92,51.0,54.0,58.0
b91,b2,30.0,31.0,33.0
b91,b93,18.0,18.0,18.0
b91,b4,51.0,53.0,55.0
b91,b50,57.0,60.0,63.0
b91,b40,60.0,61.0,63.0
b91,b122,60.0,63.0,66.0
b91,b41,53.0,56.0,59.0
b91,b6,59.0,61.0,64.0
b91,b51,53.0,55.0,58.0
b91,b94,53.0,55.0,57.0
b91,b7,32.0,34.0,36.0
b91,b95,19.0,21.0,24.0
b91,b8,41.0,43.0,45.0
b91,b72,50.0,53.0,56.0
b91,b73,47.0,49.0,52.0
b91,b110,60.0,62.0,65.0
b91,b52,34.0,37.0,38.0
b91,b53,53.0,55.0,58.0
b91,b74,61.0,63.0,66.0
b91,b9,50.0,51.0,53.0
b91,b10,34.0,35.0,36.0
b91,b111,48.0,51.0,55.0
b91,b54,42.0,44.0,46.0
b91,b55,68.0,72.0,76.0
b91,b11,41.0,43.0,46.0
b91,b42,62.0,64.0,67.0
b91,b75,58.0,63.0,67.0
b91,b76,56.0,58.0,61.0
b91,b117,52.0,55.0,57.0
b91,b96,45.0,47.0,49.0
b91,b12,58.0,60.0,63.0
b91,b56,55.0,58.0,60.0
b91,b13,43.0,45.0,46.0
b91,b116,67.0,70.0,74.0
b91,b97,46.0,49.0,51.0
b91,b98,23.0,25.0,28.0
b91,b14,27.0,28.0,30.0
b91,b43,54.0,57.0,59.0
b91,b57,59.0,63.0,68.0
b91,b38,59.0,62.0,64.0
b91,b58,33.0,35.0,38.0
b91,b15,37.0,38.0,40.0
b91,b17,71.0,73.0,76.0
b91,b16,25.0,26.0,28.0
b91,b78,60.0,63.0,65.0
b91,b79,50.0,54.0,57.0
b91,b59,62.0,65.0,67.0
b91,b60,40.0,41.0,43.0
b91,b45,46.0,48.0,51.0
b91,b99,31.0,33.0,35.0
b91,b100,26.0,28.0,30.0
b91,b18,44.0,46.0,47.0
b91,b61,57.0,61.0,64.0
b91,b19,39.0,40.0,42.0
b91,b80,43.0,45.0,48.0
b91,b62,38.0,42.0,46.0
b91,b20,68.0,71.0,73.0
b91,b21,69.0,72.0,75.0
b91,b22,33.0,34.0,35.0
b91,b23,29.0,30.0,31.0
b91,b49,54.0,57.0,60.0
b91,b46,51.0,53.0,56.0
b91,b101,43.0,45.0,48.0
b91,b63,61.0,65.0,69.0
b91,b81,49.0,51.0,53.0
b91,b112,57.0,60.0,64.0
b91,b82,40.0,42.0,44.0
b91,b24,45.0,46.0,48.0
b91,b65,43.0,45.0,47.0
b91,b83,45.0,47.0,50.0
b91,b25,53.0,55.0,58.0
b91,b103,34.0,36.0,39.0
b91,b5,43.0,44.0,46.0
b91,b26,48.0,51.0,54.0
b91,b121,51.0,54.0,56.0
b91,b119,70.0,73.0,75.0
b91,b47,58.0,59.0,61.0
b91,b104,52.0,54.0,56.0
b91,b27,44.0,46.0,48.0
b91,b105,34.0,36.0,37.0
b91,b28,43.0,45.0,46.0
b91,b84,44.0,46.0,48.0
b91,b44,53.0,55.0,58.0
b91,b66,44.0,45.0,46.0
b91,b67,48.0,51.0,53.0
b91,b85,66.0,68.0,71.0
b91,b120,46.0,49.0,52.0
b91,b87,63.0,66.0,69.0
b91,b86,47.0,49.0,51.0
b91,b29,47.0,50.0,52.0
b91,b30,39.0,41.0,43.0
b91,b88,26.0,28.0,31.0
b91,b68,57.0,61.0,65.0
b91,b69,80.0,83.0,86.0
b91,b106,63.0,66.0,70.0
b91,b31,53.0,56.0,58.0
b91,b115,54.0,56.0,61.0
b91,b32,41.0,44.0,46.0
b91,b113,66.0,68.0,71.0
b91,b114,73.0,76.0,80.0
b91,b89,49.0,52.0,55.0
b91,b33,51.0,54.0,57.0
b91,b48,66.0,68.0,69.0
b91,b77,37.0,40.0,43.0
b91,b34,52.0,53.0,55.0
b91,b70,91.0,97.0,105.0
b91,b71,24.0,26.0,29.0
b91,b64,57.0,63.0,68.0
b91,b107,25.0,27.0,29.0
b91,b90,68.0,71.0,74.0
b91,b118,66.0,69.0,72.0
b91,b1,50.0,52.0,53.0
b91,b35,34.0,35.0,36.0
b91,b36,43.0,45.0,47.0
b91,b37,56.0,59.0,61.0
b91,b108,41.0,43.0,46.0
b91,b109,43.0,46.0,48.0
b91,b39,70.0,72.0,73.0
b91,b3,54.0,56.0,58.0
b91,p_centro,34.0,36.0,37.0
b91,p_beira_mar,45.0,47.0,50.0
b91,p_aldeota,30.0,31.0,33.0
b91,p_papicu,40.0,41.0,43.0
b91,p_iguatemi,39.0,41.0,43.0
b91,p_unifor,35.0,37.0,40.0
b91,p_centro_eventos,39.0,41.0,44.0
b91,p_parangaba,26.0,28.0,30.0
b91,p_messejana,38.0,40.0,41.0
b91,p_ufc_benfica,35.0,38.0,40.0
b91,p_ufc_pici,61.0,64.0,66.0
b91,p_aeroporto,53.0,56.0,60.0
b92,b91,52.0,57.0,62.0
b92,b92,0.0,0.0,0.0
b92,b2,55.0,59.0,65.0
b92,b93,40.0,44.0,49.0
b92,b4,44.0,51.0,58.0
b92,b50,86.0,91.0,96.0
b92,b40,64.0,71.0,78.0
b92,b122,65.0,70.0,75.0
b92,b41,55.0,62.0,68.0
b92,b6,71.0,78.0,85.0
b92,b51,85.0,89.0,93.0
b92,b94,50.0,56.0,62.0
b92,b7,34.0,42.0,47.0
b92,b95,56.0,61.0,67.0
b92,b8,29.0,37.0,43.0
b92,b72,59.0,68.0,77.0
b92,b73,52.0,60.0,67.0
b92,b110,66.0,75.0,83.0
b92,b52,60.0,65.0,69.0
b92,b53,77.0,82.0,91.0
b92,b74,69.0,74.0,82.0
b92,b9,61.0,68.0,75.0
b92,b10,55.0,60.0,66.0
b92,b111,71.0,80.0,87.0
b92,b54,66.0,71.0,78.0
b92,b55,99.0,107.0,113.0
b92,b11,62.0,73.0,81.0
b92,b42,63.0,69.0,76.0
b92,b75,67.0,75.0,81.0
b92,b76,59.0,63.0,69.0
b92,b117,85.0,89.0,94.0
b92,b96,36.0,42.0,49.0
b92,b12,69.0,77.0,84.0
b92,b56,76.0,83.0,89.0
b92,b13,36.0,43.0,49.0
b92,b116,87.0,96.0,104.0
b92,b97,42.0,49.0,56.0
b92,b98,56.0,60.0,65.0
b92,b14,50.0,54.0,60.0
b92,b43,56.0,63.0,69.0
b92,b57,91.0,99.0,110.0
b92,b38,65.0,72.0,78.0
b92,b58,70.0,74.0,80.0
b92,b15,45.0,53.0,59.0
b92,b17,77.0,84.0,91.0
b92,b16,37.0,41.0,46.0
b92,b78,65.0,74.0,84.0
b92,b79,60.0,68.0,74.0
b92,b59,87.0,91.0,97.0
b92,b60,53.0,60.0,68.0
b92,b45,48.0,56.0,62.0
b92,b99,31.0,36.0,42.0
b92,b100,42.0,47.0,52.0
b92,b18,55.0,63.0,70.0
b92,b61,90.0,95.0,100.0
b92,b19,32.0,38.0,43.0
b92,b80,55.0,62.0,69.0
b92,b62,73.0,76.0,82.0
b92,b20,74.0,83.0,88.0
b92,b21,77.0,84.0,91.0
b92,b22,54.0,58.0,63.0
b92,b23,44.0,49.0,54.0
b92,b49,75.0,82.0,90.0
b92,b46,56.0,62.0,70.0
b92,b101,46.0,51.0,58.0
b92,b63,83.0,90.0,97.0
b92,b81,52.0,56.0,63.0
b92,b112,80.0,88.0,96.0
b92,b82,48.0,53.0,60.0
b92,b24,60.0,64.0,68.0
b92,b65,68.0,72.0,78.0
b92,b83,61.0,65.0,72.0
b92,b25,65.0,73.0,79.0
b92,b103,21.0,28.0,35.0
b92,b5,52.0,57.0,64.0
b92,b26,59.0,64.0,70.0
b92,b121,56.0,61.0,69.0
b92,b119,72.0,82.0,89.0
b92,b47,65.0,72.0,78.0
b92,b104,51.0,57.0,63.0
b92,b27,65.0,72.0,80.0
b92,b105,39.0,44.0,51.0
b92,b28,51.0,57.0,63.0
b92,b84,55.0,60.0,66.0
b92,b44,55.0,62.0,67.0
b92,b66,67.0,72.0,78.0
b92,b67,72.0,76.0,82.0
b92,b85,66.0,71.0,78.0
b92,b120,73.0,78.0,84.0
b92,b87,68.0,72.0,78.0
b92,b86,51.0,56.0,64.0
b92,b29,54.0,61.0,66.0
b92,b30,25.0,30.0,36.0
b92,b88,62.0,67.0,72.0
b92,b68,98.0,104.0,110.0
b92,b69,117.0,122.0,128.0
b92,b106,61.0,70.0,76.0
b92,b31,67.0,73.0,80.0
b92,b115,70.0,74.0,78.0
b92,b32,61.0,66.0,72.0
b92,b113,76.0,83.0,91.0
b92,b114,83.0,90.0,98.0
b92,b89,66.0,73.0,78.0
b92,b33,56.0,63.0,68.0
b92,b48,76.0,81.0,87.0
b92,b77,50.0,55.0,61.0
b92,b34,45.0,52.0,59.0
b92,b70,126.0,138.0,149.0
b92,b71,60.0,65.0,70.0
b92,b64,80.0,86.0,93.0
b92,b107,43.0,46.0,52.0
b92,b90,76.0,85.0,95.0
b92,b118,98.0,103.0,108.0
b92,b1,58.0,65.0,70.0
b92,b35,40.0,48.0,58.0
b92,b36,56.0,65.0,76.0
b92,b37,67.0,74.0,85.0
b92,b108,47.0,52.0,60.0
b92,b109,13.0,18.0,18.0
b92,b39,80.0,85.0,91.0
b92,b3,62.0,69.0,75.0
b92,p_centro,54.0,59.0,65.0
b92,p_beira_mar,63.0,66.0,71.0
b92,p_aldeota,57.0,61.0,68.0
b92,p_papicu,53.0,59.0,68.0
b92,p_iguatemi,53.0,59.0,68.0
b92,p_unifor,67.0,73.0,80.0
b92,p_centro_eventos,62.0,69.0,77.0
b92,p_parangaba,33.0,36.0,42.0
b92,p_messejana,65.0,70.0,75.0
b92,p_ufc_benfica,37.0,45.0,50.0
b92,p_ufc_pici,64.0,70.0,75.0
b92,p_aeroporto,2.0,2.0,2.0
b2,b91,24.0,26.0,28.0
b2,b92,58.0,62.0,67.0
b2,b2,0.0,0.0,0.0
b2,b93,29.0,31.0,33.0
b2,b4,51.0,54.0,56.0
b2,b50,78.0,80.0,83.0
b2,b40,56.0,58.0,60.0
b2,b122,75.0,78.0,82.0
b2,b41,65.0,67.0,69.0
b2,b6,49.0,52.0,56.0
b2,b51,70.0,72.0,75.0
b2,b94,53.0,55.0,58.0
b2,b7,36.0,37.0,38.0
b2,b95,39.0,41.0,44.0
b2,b8,48.0,50.0,52.0
b2,b72,68.0,71.0,76.0
b2,b73,63.0,66.0,69.0
b2,b110,36.0,39.0,41.0
b2,b52,52.0,54.0,56.0
b2,b53,52.0,55.0,58.0
b2,b74,78.0,80.0,84.0
b2,b9,45.0,47.0,50.0
b2,b10,30.0,33.0,35.0
b2,b111,32.0,34.0,37.0
b2,b54,51.0,55.0,59.0
b2,b55,84.0,88.0,91.0
b2,b11,26.0,29.0,32.0
b2,b42,72.0,74.0,76.0
b2,b75,74.0,77.0,80.0
b2,b76,69.0,71.0,74.0
b2,b117,70.0,73.0,75.0
b2,b96,53.0,55.0,57.0
b2,b12,49.0,51.0,54.0
b2,b56,52.0,55.0,59.0
b2,b13,48.0,50.0,53.0
b2,b116,51.0,54.0,56.0
b2,b97,50.0,52.0,54.0
b2,b98,42.0,45.0,48.0
b2,b14,16.0,16.0,16.0
b2,b43,66.0,68.0,69.0
b2,b57,59.0,65.0,70.0
b2,b38,56.0,59.0,62.0
b2,b58,43.0,47.0,50.0
b2,b15,33.0,35.0,38.0
b2,b17,69.0,72.0,75.0
b2,b16,32.0,34.0,36.0
b2,b78,78.0,81.0,86.0
b2,b79,67.0,71.0,75.0
b2,b59,63.0,67.0,70.0
b2,b60,28.0,30.0,34.0
b2,b45,60.0,63.0,65.0
b2,b99,52.0,55.0,57.0
b2,b100,43.0,46.0,50.0
b2,b18,40.0,42.0,44.0
b2,b61,76.0,79.0,82.0
b2,b19,44.0,46.0,47.0
b2,b80,60.0,64.0,67.0
b2,b62,43.0,47.0,51.0
b2,b20,64.0,66.0,69.0
b2,b21,63.0,66.0,69.0
b2,b22,31.0,33.0,34.0
b2,b23,31.0,33.0,34.0
b2,b49,51.0,54.0,58.0
b2,b46,67.0,69.0,71.0
b2,b101,61.0,63.0,64.0
b2,b63,62.0,66.0,70.0
b2,b81,63.0,66.0,69.0
b2,b112,41.0,43.0,47.0
b2,b82,58.0,60.0,64.0
b2,b24,20.0,20.0,21.0
b2,b65,59.0,61.0,64.0
b2,b83,65.0,67.0,71.0
b2,b25,49.0,52.0,55.0
b2,b103,49.0,51.0,53.0
b2,b5,32.0,35.0,37.0
b2,b26,24.0,26.0,28.0
b2,b121,68.0,71.0,75.0
b2,b119,68.0,70.0,71.0
b2,b47,54.0,56.0,58.0
b2,b104,54.0,56.0,58.0
b2,b27,28.0,29.0,31.0
b2,b105,53.0,55.0,58.0
b2,b28,41.0,42.0,44.0
b2,b84,61.0,64.0,67.0
b2,b44,64.0,66.0,68.0
b2,b66,60.0,61.0,63.0
b2,b67,48.0,51.0,54.0
b2,b85,76.0,80.0,83.0
b2,b120,67.0,69.0,72.0
b2,b87,77.0,81.0,85.0
b2,b86,64.0,67.0,70.0
b2,b29,46.0,48.0,50.0
b2,b30,43.0,45.0,47.0
b2,b88,46.0,48.0,51.0
b2,b68,76.0,80.0,84.0
b2,b69,98.0,102.0,105.0
b2,b106,70.0,74.0,79.0
b2,b31,43.0,45.0,48.0
b2,b115,72.0,76.0,84.0
b2,b32,30.0,31.0,33.0
b2,b113,44.0,46.0,48.0
b2,b114,51.0,53.0,55.0
b2,b89,68.0,71.0,74.0
b2,b33,53.0,55.0,57.0
b2,b48,62.0,64.0,67.0
b2,b77,55.0,58.0,62.0
b2,b34,52.0,54.0,56.0
b2,b70,91.0,99.0,109.0
b2,b71,35.0,38.0,41.0
b2,b64,61.0,66.0,70.0
b2,b107,42.0,45.0,49.0
b2,b90,86.0,89.0,94.0
b2,b118,76.0,80.0,84.0
b2,b1,47.0,49.0,51.0
b2,b35,32.0,33.0,34.0
b2,b36,24.0,26.0,28.0
b2,b37,36.0,40.0,43.0
b2,b108,58.0,61.0,65.0
b2,b109,50.0,53.0,56.0
b2,b39,66.0,68.0,71.0
b2,b3,49.0,51.0,54.0
b2,p_centro,30.0,33.0,35.0
b2,p_beira_mar,21.0,23.0,25.0
b2,p_aldeota,7.0,7.0,7.0
b2,p_papicu,23.0,25.0,26.0
b2,p_iguatemi,28.0,31.0,34.0
b2,p_unifor,41.0,44.0,46.0
b2,p_centro_eventos,34.0,38.0,40.0
b2,p_parangaba,47.0,49.0,52.0
b2,p_messejana,54.0,57.0,59.0
b2,p_ufc_benfica,39.0,40.0,42.0
b2,p_ufc_pici,57.0,60.0,62.0
b2,p_aeroporto,60.0,64.0,69.0
b93,b91,16.0,17.0,18.0
b93,b92,41.0,45.0,52.0
b93,b2,29.0,32.0,34.0
b93,b93,0.0,0.0,0.0
b93,b4,47.0,50.0,52.0
b93,b50,64.0,67.0,69.0
b93,b40,61.0,63.0,65.0
b93,b122,70.0,74.0,77.0
b93,b41,59.0,62.0,65.0
b93,b6,60.0,62.0,65.0
b93,b51,62.0,64.0,67.0
b93,b94,45.0,48.0,51.0
b93,b7,32.0,34.0,36.0
b93,b95,29.0,31.0,34.0
b93,b8,33.0,36.0,40.0
b93,b72,60.0,64.0,67.0
b93,b73,57.0,59.0,62.0
b93,b110,56.0,60.0,64.0
b93,b52,40.0,42.0,44.0
b93,b53,57.0,60.0,62.0
b93,b74,72.0,74.0,78.0
b93,b9,51.0,52.0,54.0
b93,b10,35.0,36.0,37.0
b93,b111,47.0,52.0,56.0
b93,b54,45.0,48.0,50.0
b93,b55,76.0,79.0,83.0
b93,b11,44.0,46.0,48.0
b93,b42,67.0,70.0,73.0
b93,b75,68.0,72.0,75.0
b93,b76,65.0,68.0,71.0
b93,b117,61.0,64.0,67.0
b93,b96,47.0,50.0,54.0
b93,b12,59.0,61.0,64.0
b93,b56,59.0,62.0,64.0
b93,b13,38.0,42.0,46.0
b93,b116,69.0,72.0,75.0
b93,b97,44.0,47.0,51.0
b93,b98,34.0,36.0,38.0
b93,b14,26.0,29.0,31.0
b93,b43,61.0,63.0,66.0
b93,b57,62.0,66.0,71.0
b93,b38,60.0,62.0,65.0
b93,b58,35.0,38.0,41.0
b93,b15,38.0,39.0,41.0
b93,b17,71.0,74.0,77.0
b93,b16,26.0,27.0,29.0
b93,b78,71.0,74.0,77.0
b93,b79,61.0,64.0,67.0
b93,b59,67.0,70.0,72.0
b93,b60,37.0,39.0,42.0
b93,b45,54.0,56.0,59.0
b93,b99,40.0,42.0,44.0
b93,b100,36.0,39.0,41.0
b93,b18,45.0,47.0,48.0
b93,b61,66.0,68.0,71.0
b93,b19,27.0,30.0,34.0
b93,b80,53.0,56.0,59.0
b93,b62,40.0,44.0,48.0
b93,b20,72.0,74.0,76.0
b93,b21,71.0,74.0,77.0
b93,b22,33.0,34.0,35.0
b93,b23,30.0,31.0,32.0
b93,b49,58.0,60.0,63.0
b93,b46,60.0,62.0,64.0
b93,b101,53.0,54.0,57.0
b93,b63,65.0,69.0,73.0
b93,b81,59.0,61.0,63.0
b93,b112,56.0,61.0,66.0
b93,b82,50.0,52.0,54.0
b93,b24,44.0,47.0,49.0
b93,b65,48.0,50.0,53.0
b93,b83,55.0,57.0,60.0
b93,b25,54.0,56.0,59.0
b93,b103,34.0,37.0,41.0
b93,b5,44.0,45.0,47.0
b93,b26,47.0,50.0,53.0
b93,b121,61.0,64.0,66.0
b93,b119,74.0,76.0,78.0
b93,b47,59.0,60.0,62.0
b93,b104,48.0,51.0,55.0
b93,b27,43.0,46.0,49.0
b93,b105,45.0,46.0,48.0
b93,b28,43.0,45.0,47.0
b93,b84,54.0,56.0,58.0
b93,b44,58.0,61.0,64.0
b93,b66,48.0,50.0,52.0
b93,b67,49.0,54.0,57.0
b93,b85,75.0,78.0,81.0
b93,b120,52.0,54.0,57.0
b93,b87,73.0,76.0,78.0
b93,b86,57.0,59.0,62.0
b93,b29,48.0,50.0,53.0
b93,b30,29.0,33.0,37.0
b93,b88,36.0,39.0,41.0
b93,b68,61.0,67.0,72.0
b93,b69,87.0,91.0,94.0
b93,b106,62.0,69.0,74.0
b93,b31,54.0,57.0,59.0
b93,b115,64.0,67.0,72.0
b93,b32,42.0,45.0,47.0
b93,b113,60.0,64.0,68.0
b93,b114,68.0,72.0,76.0
b93,b89,60.0,62.0,65.0
b93,b33,52.0,54.0,56.0
b93,b48,67.0,68.0,70.0
b93,b77,48.0,51.0,54.0
b93,b34,45.0,48.0,51.0
b93,b70,95.0,103.0,113.0
b93,b71,26.0,29.0,32.0
b93,b64,61.0,66.0,71.0
b93,b107,35.0,38.0,40.0
b93,b90,79.0,82.0,86.0
b93,b118,73.0,76.0,79.0
b93,b1,51.0,53.0,54.0
b93,b35,25.0,27.0,28.0
b93,b36,40.0,44.0,47.0
b93,b37,52.0,55.0,58.0
b93,b108,52.0,54.0,56.0
b93,b109,30.0,36.0,41.0
b93,b39,71.0,72.0,74.0
b93,b3,55.0,57.0,59.0
b93,p_centro,35.0,37.0,38.0
b93,p_beira_mar,45.0,48.0,51.0
b93,p_aldeota,29.0,32.0,34.0
b93,p_papicu,33.0,36.0,40.0
b93,p_iguatemi,37.0,39.0,43.0
b93,p_unifor,38.0,40.0,43.0
b93,p_centro_eventos,41.0,43.0,45.0
b93,p_parangaba,36.0,38.0,40.0
b93,p_messejana,43.0,45.0,48.0
b93,p_ufc_benfica,35.0,37.0,39.0
b93,p_ufc_pici,61.0,64.0,66.0
b93,p_aeroporto,43.0,47.0,54.0
b4,b91,57.0,59.0,62.0
b4,b92,51.0,54.0,59.0
b4,b2,53.0,55.0,57.0
b4,b93,47.0,49.0,54.0
b4,b4,0.0,0.0,0.0
b4,b50,85.0,88.0,90.0
b4,b40,38.0,40.0,42.0
b4,b122,55.0,60.0,64.0
b4,b41,40.0,42.0,45.0
b4,b6,40.0,43.0,47.0
b4,b51,84.0,86.0,89.0
b4,b94,16.0,16.0,16.0
b4,b7,25.0,27.0,29.0
b4,b95,58.0,61.0,64.0
b4,b8,20.0,23.0,26.0
b4,b72,51.0,55.0,59.0
b4,b73,43.0,46.0,48.0
b4,b110,69.0,73.0,75.0
b4,b52,62.0,64.0,66.0
b4,b53,79.0,81.0,84.0
b4,b74,61.0,64.0,66.0
b4,b9,37.0,40.0,43.0
b4,b10,43.0,45.0,47.0
b4,b111,71.0,74.0,78.0
b4,b54,68.0,71.0,76.0
b4,b55,103.0,108.0,112.0
b4,b11,65.0,68.0,70.0
b4,b42,48.0,50.0,53.0
b4,b75,53.0,56.0,58.0
b4,b76,49.0,53.0,57.0
b4,b117,85.0,87.0,90.0
b4,b96,28.0,30.0,32.0
b4,b12,40.0,43.0,47.0
b4,b56,79.0,81.0,85.0
b4,b13,15.0,18.0,20.0
b4,b116,89.0,92.0,94.0
b4,b97,24.0,26.0,29.0
b4,b98,60.0,62.0,65.0
b4,b14,46.0,48.0,50.0
b4,b43,41.0,44.0,46.0
b4,b57,92.0,96.0,100.0
b4,b38,31.0,32.0,34.0
b4,b58,71.0,74.0,77.0
b4,b15,31.0,33.0,35.0
b4,b17,40.0,43.0,45.0
b4,b16,30.0,32.0,34.0
b4,b78,60.0,64.0,67.0
b4,b79,50.0,53.0,59.0
b4,b59,91.0,93.0,95.0
b4,b60,52.0,54.0,57.0
b4,b45,35.0,38.0,40.0
b4,b99,35.0,37.0,40.0
b4,b100,47.0,50.0,53.0
b4,b18,41.0,43.0,45.0
b4,b61,89.0,92.0,95.0
b4,b19,26.0,29.0,31.0
b4,b80,54.0,57.0,60.0
b4,b62,69.0,73.0,75.0
b4,b20,46.0,49.0,51.0
b4,b21,46.0,49.0,51.0
b4,b22,44.0,47.0,49.0
b4,b23,32.0,35.0,37.0
b4,b49,78.0,80.0,83.0
b4,b46,42.0,45.0,47.0
b4,b101,36.0,38.0,40.0
b4,b63,89.0,92.0,96.0
b4,b81,43.0,47.0,51.0
b4,b112,80.0,83.0,87.0
b4,b82,47.0,52.0,56.0
b4,b24,55.0,58.0,60.0
b4,b65,71.0,73.0,76.0
b4,b83,56.0,60.0,64.0
b4,b25,40.0,43.0,46.0
b4,b103,24.0,26.0,29.0
b4,b5,33.0,37.0,40.0
b4,b26,57.0,61.0,63.0
b4,b121,51.0,54.0,58.0
b4,b119,48.0,51.0,53.0
b4,b47,34.0,37.0,39.0
b4,b104,25.0,27.0,29.0
b4,b27,63.0,65.0,68.0
b4,b105,39.0,42.0,46.0
b4,b28,26.0,27.0,29.0
b4,b84,58.0,62.0,66.0
b4,b44,39.0,41.0,44.0
b4,b66,71.0,73.0,75.0
b4,b67,75.0,77.0,80.0
b4,b85,56.0,61.0,65.0
b4,b120,74.0,77.0,79.0
b4,b87,60.0,63.0,67.0
b4,b86,47.0,50.0,53.0
b4,b29,16.0,16.0,16.0
b4,b30,28.0,30.0,33.0
b4,b88,63.0,66.0,70.0
b4,b68,92.0,96.0,101.0
b4,b69,112.0,116.0,120.0
b4,b106,40.0,45.0,50.0
b4,b31,45.0,48.0,50.0
b4,b115,74.0,77.0,81.0
b4,b32,49.0,51.0,54.0
b4,b113,76.0,79.0,82.0
b4,b114,83.0,86.0,89.0
b4,b89,68.0,73.0,77.0
b4,b33,22.0,23.0,25.0
b4,b48,43.0,45.0,48.0
b4,b77,55.0,58.0,62.0
b4,b34,16.0,18.0,18.0
b4,b70,127.0,137.0,145.0
b4,b71,61.0,64.0,67.0
b4,b64,86.0,90.0,94.0
b4,b107,48.0,52.0,55.0
b4,b90,70.0,73.0,77.0
b4,b118,101.0,103.0,106.0
b4,b1,38.0,40.0,41.0
b4,b35,50.0,52.0,54.0
b4,b36,64.0,66.0,68.0
b4,b37,74.0,76.0,78.0
b4,b108,43.0,45.0,48.0
b4,b109,43.0,46.0,48.0
b4,b39,47.0,49.0,52.0
b4,b3,28.0,31.0,34.0
b4,p_centro,40.0,43.0,45.0
b4,p_beira_mar,58.0,61.0,63.0
b4,p_aldeota,55.0,56.0,58.0
b4,p_papicu,58.0,60.0,62.0
b4,p_iguatemi,54.0,56.0,58.0
b4,p_unifor,68.0,70.0,72.0
b4,p_centro_eventos,63.0,66.0,68.0
b4,p_parangaba,32.0,35.0,39.0
b4,p_messejana,66.0,69.0,71.0
b4,p_ufc_benfica,25.0,27.0,28.0
b4,p_ufc_pici,28.0,31.0,34.0
b4,p_aeroporto,53.0,56.0,61.0
b50,b91,53.0,56.0,58.0
b50,b92,94.0,100.0,105.0
b50,b2,80.0,82.0,85.0
b50,b93,61.0,63.0,66.0
b50,b4,90.0,93.0,96.0
b50,b50,0.0,0.0,0.0
b50,b40,98.0,101.0,104.0
b50,b122,81.0,85.0,90.0
b50,b41,105.0,107.0,110.0
b50,b6,100.0,103.0,106.0
b50,b51,50.0,52.0,55.0
b50,b94,95.0,98.0,101.0
b50,b7,72.0,74.0,76.0
b50,b95,68.0,70.0,73.0
b50,b8,83.0,86.0,89.0
b50,b72,83.0,87.0,92.0
b50,b73,75.0,79.0,83.0
b50,b110,100.0,105.0,109.0
b50,b52,52.0,54.0,57.0
b50,b53,56.0,59.0,62.0
b50,b74,89.0,94.0,98.0
b50,b9,89.0,92.0,95.0
b50,b10,73.0,76.0,78.0
b50,b111,84.0,87.0,90.0
b50,b54,58.0,60.0,63.0
b50,b55,53.0,56.0,59.0
b50,b11,70.0,73.0,76.0
b50,b42,108.0,111.0,115.0
b50,b75,100.0,105.0,109.0
b50,b76,81.0,85.0,90.0
b50,b117,46.0,48.0,51.0
b50,b96,93.0,95.0,98.0
b50,b12,99.0,102.0,105.0
b50,b56,41.0,44.0,48.0
b50,b13,87.0,89.0,91.0
b50,b116,107.0,110.0,113.0
b50,b97,89.0,91.0,94.0
b50,b98,74.0,77.0,80.0
b50,b14,75.0,78.0,80.0
b50,b43,96.0,100.0,104.0
b50,b57,93.0,98.0,108.0
b50,b38,99.0,101.0,105.0
b50,b58,76.0,80.0,85.0
b50,b15,77.0,80.0,82.0
b50,b17,113.0,116.0,120.0
b50,b16,63.0,65.0,68.0
b50,b78,90.0,95.0,100.0
b50,b79,83.0,89.0,95.0
b50,b59,46.0,48.0,50.0
b50,b60,70.0,73.0,76.0
b50,b45,81.0,85.0,89.0
b50,b99,86.0,88.0,92.0
b50,b100,74.0,76.0,79.0
b50,b18,83.0,86.0,89.0
b50,b61,41.0,44.0,49.0
b50,b19,79.0,82.0,84.0
b50,b80,79.0,83.0,88.0
b50,b62,58.0,60.0,63.0
b50,b20,111.0,114.0,117.0
b50,b21,111.0,115.0,118.0
b50,b22,72.0,75.0,77.0
b50,b23,68.0,70.0,73.0
b50,b49,50.0,53.0,57.0
b50,b46,81.0,84.0,88.0
b50,b101,91.0,95.0,100.0
b50,b63,48.0,53.0,58.0
b50,b81,70.0,74.0,78.0
b50,b112,99.0,103.0,107.0
b50,b82,71.0,76.0,81.0
b50,b24,89.0,92.0,95.0
b50,b65,32.0,34.0,37.0
b50,b83,58.0,62.0,65.0
b50,b25,93.0,95.0,99.0
b50,b103,84.0,87.0,90.0
b50,b5,82.0,84.0,87.0
b50,b26,95.0,97.0,101.0
b50,b121,72.0,76.0,80.0
b50,b119,113.0,116.0,119.0
b50,b47,98.0,100.0,102.0
b50,b104,95.0,97.0,100.0
b50,b27,81.0,84.0,87.0
b50,b105,82.0,87.0,91.0
b50,b28,82.0,84.0,87.0
b50,b84,76.0,79.0,83.0
b50,b44,104.0,106.0,109.0
b50,b66,49.0,51.0,54.0
b50,b67,64.0,68.0,71.0
b50,b85,94.0,99.0,104.0
b50,b120,15.0,17.0,19.0
b50,b87,90.0,94.0,98.0
b50,b86,71.0,75.0,79.0
b50,b29,86.0,89.0,91.0
b50,b30,80.0,83.0,86.0
b50,b88,65.0,68.0,71.0
b50,b68,33.0,35.0,38.0
b50,b69,37.0,42.0,47.0
b50,b106,111.0,118.0,123.0
b50,b31,93.0,96.0,100.0
b50,b115,76.0,79.0,83.0
b50,b32,80.0,83.0,87.0
b50,b113,95.0,99.0,104.0
b50,b114,87.0,97.0,107.0
b50,b89,67.0,71.0,76.0
b50,b33,92.0,95.0,98.0
b50,b48,106.0,109.0,112.0
b50,b77,76.0,79.0,82.0
b50,b34,92.0,94.0,97.0
b50,b70,79.0,86.0,93.0
b50,b71,73.0,76.0,80.0
b50,b64,66.0,70.0,77.0
b50,b107,79.0,82.0,86.0
b50,b90,99.0,104.0,111.0
b50,b118,44.0,47.0,50.0
b50,b1,90.0,92.0,95.0
b50,b35,75.0,78.0,81.0
b50,b36,83.0,86.0,89.0
b50,b37,87.0,90.0,94.0
b50,b108,75.0,80.0,85.0
b50,b109,84.0,87.0,91.0
b50,b39,110.0,113.0,116.0
b50,b3,93.0,96.0,99.0
b50,p_centro,74.0,76.0,79.0
b50,p_beira_mar,93.0,96.0,100.0
b50,p_aldeota,80.0,82.0,85.0
b50,p_papicu,76.0,79.0,82.0
b50,p_iguatemi,66.0,69.0,72.0
b50,p_unifor,67.0,70.0,73.0
b50,p_centro_eventos,63.0,66.0,69.0
b50,p_parangaba,78.0,81.0,84.0
b50,p_messejana,29.0,32.0,35.0
b50,p_ufc_benfica,75.0,77.0,80.0
b50,p_ufc_pici,100.0,103.0,105.0
b50,p_aeroporto,96.0,103.0,108.0
b40,b91,67.0,69.0,71.0
b40,b92,69.0,72.0,75.0
b40,b2,57.0,60.0,62.0
b40,b93,65.0,67.0,70.0
b40,b4,35.0,36.0,39.0
b40,b50,94.0,97.0,100.0
b40,b40,0.0,0.0,0.0
b40,b122,69.0,72.0,76.0
b40,b41,21.0,22.0,24.0
b40,b6,40.0,41.0,43.0
b40,b51,84.0,88.0,90.0
b40,b94,41.0,44.0,47.0
b40,b7,40.0,41.0,43.0
b40,b95,69.0,72.0,76.0
b40,b8,51.0,54.0,56.0
b40,b72,51.0,54.0,57.0
b40,b73,34.0,36.0,40.0
b40,b110,73.0,76.0,78.0
b40,b52,70.0,72.0,74.0
b40,b53,89.0,91.0,93.0
b40,b74,61.0,63.0,66.0
b40,b9,46.0,48.0,51.0
b40,b10,50.0,51.0,53.0
b40,b111,77.0,80.0,82.0
b40,b54,79.0,81.0,85.0
b40,b55,107.0,112.0,116.0
b40,b11,72.0,74.0,76.0
b40,b42,30.0,32.0,35.0
b40,b75,36.0,39.0,42.0
b40,b76,56.0,60.0,63.0
b40,b117,84.0,88.0,91.0
b40,b96,42.0,44.0,46.0
b40,b12,49.0,50.0,52.0
b40,b56,86.0,90.0,93.0
b40,b13,46.0,48.0,50.0
b40,b116,92.0,94.0,97.0
b40,b97,35.0,37.0,40.0
b40,b98,73.0,75.0,77.0
b40,b14,57.0,59.0,61.0
b40,b43,24.0,27.0,30.0
b40,b57,104.0,108.0,113.0
b40,b38,40.0,42.0,44.0
b40,b58,84.0,86.0,89.0
b40,b15,31.0,32.0,33.0
b40,b17,36.0,39.0,41.0
b40,b16,42.0,43.0,46.0
b40,b78,55.0,57.0,59.0
b40,b79,45.0,47.0,49.0
b40,b59,98.0,100.0,102.0
b40,b60,63.0,65.0,67.0
b40,b45,27.0,28.0,30.0
b40,b99,48.0,49.0,52.0
b40,b100,54.0,56.0,59.0
b40,b18,45.0,47.0,48.0
b40,b61,91.0,94.0,97.0
b40,b19,54.0,55.0,56.0
b40,b80,60.0,63.0,66.0
b40,b62,82.0,84.0,87.0
b40,b20,27.0,29.0,30.0
b40,b21,32.0,33.0,35.0
b40,b22,53.0,55.0,56.0
b40,b23,45.0,47.0,48.0
b40,b49,86.0,89.0,92.0
b40,b46,33.0,35.0,37.0
b40,b101,35.0,36.0,38.0
b40,b63,97.0,100.0,103.0
b40,b81,51.0,53.0,56.0
b40,b112,87.0,90.0,93.0
b40,b82,52.0,54.0,56.0
b40,b24,60.0,62.0,64.0
b40,b65,80.0,82.0,84.0
b40,b83,55.0,58.0,62.0
b40,b25,46.0,49.0,52.0
b40,b103,50.0,52.0,55.0
b40,b5,38.0,39.0,41.0
b40,b26,62.0,64.0,66.0
b40,b121,50.0,53.0,56.0
b40,b119,27.0,28.0,29.0
b40,b47,22.0,23.0,24.0
b40,b104,38.0,42.0,45.0
b40,b27,70.0,71.0,73.0
b40,b105,47.0,49.0,51.0
b40,b28,32.0,33.0,35.0
b40,b84,67.0,70.0,72.0
b40,b44,21.0,22.0,24.0
b40,b66,79.0,81.0,83.0
b40,b67,85.0,87.0,89.0
b40,b85,68.0,71.0,74.0
b40,b120,83.0,86.0,88.0
b40,b87,62.0,65.0,69.0
b40,b86,44.0,47.0,50.0
b40,b29,27.0,28.0,30.0
b40,b30,50.0,52.0,54.0
b40,b88,72.0,74.0,76.0
b40,b68,98.0,103.0,107.0
b40,b69,118.0,121.0,125.0
b40,b106,34.0,38.0,43.0
b40,b31,51.0,53.0,54.0
b40,b115,77.0,80.0,85.0
b40,b32,54.0,56.0,58.0
b40,b113,81.0,83.0,85.0
b40,b114,88.0,90.0,92.0
b40,b89,76.0,79.0,82.0
b40,b33,32.0,33.0,34.0
b40,b48,18.0,19.0,20.0
b40,b77,62.0,65.0,68.0
b40,b34,46.0,47.0,50.0
b40,b70,133.0,140.0,149.0
b40,b71,74.0,77.0,80.0
b40,b64,95.0,102.0,108.0
b40,b107,60.0,63.0,65.0
b40,b90,69.0,72.0,75.0
b40,b118,104.0,107.0,110.0
b40,b1,33.0,34.0,36.0
b40,b35,60.0,63.0,65.0
b40,b36,70.0,72.0,73.0
b40,b37,79.0,84.0,86.0
b40,b108,49.0,51.0,53.0
b40,b109,61.0,63.0,65.0
b40,b39,22.0,23.0,25.0
b40,b3,38.0,40.0,43.0
b40,p_centro,49.0,50.0,51.0
b40,p_beira_mar,63.0,65.0,66.0
b40,p_aldeota,61.0,63.0,64.0
b40,p_papicu,68.0,70.0,72.0
b40,p_iguatemi,64.0,66.0,68.0
b40,p_unifor,78.0,80.0,82.0
b40,p_centro_eventos,74.0,75.0,77.0
b40,p_parangaba,38.0,40.0,42.0
b40,p_messejana,73.0,75.0,77.0
b40,p_ufc_benfica,39.0,41.0,42.0
b40,p_ufc_pici,30.0,32.0,34.0
b40,p_aeroporto,71.0,74.0,77.0
b122,b91,77.0,80.0,82.0
b122,b92,69.0,73.0,78.0
b122,b2,77.0,80.0,84.0
b122,b93,77.0,81.0,84.0
b122,b4,57.0,61.0,64.0
b122,b50,94.0,98.0,101.0
b122,b40,70.0,73.0,76.0
b122,b122,0.0,0.0,0.0
b122,b41,64.0,66.0,69.0
b122,b6,75.0,79.0,82.0
b122,b51,66.0,69.0,72.0
b122,b94,52.0,56.0,60.0
b122,b7,52.0,55.0,59.0
b122,b95,67.0,70.0,73.0
b122,b8,58.0,61.0,64.0
b122,b72,52.0,56.0,60.0
b122,b73,47.0,51.0,55.0
b122,b110,88.0,91.0,95.0
b122,b52,75.0,79.0,83.0
b122,b53,92.0,95.0,99.0
b122,b74,47.0,50.0,55.0
b122,b9,67.0,71.0,75.0
b122,b10,63.0,67.0,71.0
b122,b111,93.0,97.0,101.0
b122,b54,89.0,93.0,97.0
b122,b55,94.0,98.0,104.0
b122,b11,89.0,93.0,97.0
b122,b42,69.0,72.0,76.0
b122,b75,69.0,71.0,74.0
b122,b76,30.0,35.0,40.0
b122,b117,66.0,69.0,73.0
b122,b96,48.0,51.0,55.0
b122,b12,74.0,78.0,82.0
b122,b56,79.0,82.0,85.0
b122,b13,50.0,53.0,57.0
b122,b116,106.0,110.0,114.0
b122,b97,49.0,53.0,56.0
b122,b98,74.0,77.0,80.0
b122,b14,77.0,81.0,85.0
b122,b43,65.0,67.0,70.0
b122,b57,123.0,127.0,133.0
b122,b38,76.0,80.0,84.0
b122,b58,99.0,101.0,105.0
b122,b15,57.0,61.0,65.0
b122,b17,86.0,90.0,93.0
b122,b16,59.0,62.0,67.0
b122,b78,63.0,68.0,72.0
b122,b79,57.0,61.0,64.0
b122,b59,82.0,85.0,88.0
b122,b60,83.0,86.0,91.0
b122,b45,52.0,55.0,59.0
b122,b99,49.0,51.0,54.0
b122,b100,55.0,57.0,60.0
b122,b18,62.0,66.0,70.0
b122,b61,73.0,77.0,81.0
b122,b19,61.0,64.0,67.0
b122,b80,44.0,47.0,50.0
b122,b62,96.0,99.0,102.0
b122,b20,76.0,80.0,84.0
b122,b21,81.0,84.0,88.0
b122,b22,74.0,77.0,81.0
b122,b23,63.0,66.0,70.0
b122,b49,89.0,92.0,95.0
b122,b46,52.0,56.0,60.0
b122,b101,54.0,57.0,60.0
b122,b63,82.0,88.0,94.0
b122,b81,41.0,44.0,46.0
b122,b112,103.0,107.0,112.0
b122,b82,34.0,37.0,40.0
b122,b24,74.0,77.0,81.0
b122,b65,75.0,78.0,82.0
b122,b83,32.0,35.0,38.0
b122,b25,73.0,77.0,81.0
b122,b103,54.0,57.0,59.0
b122,b5,51.0,54.0,58.0
b122,b26,76.0,79.0,83.0
b122,b121,34.0,39.0,43.0
b122,b119,79.0,82.0,86.0
b122,b47,73.0,76.0,79.0
b122,b104,53.0,57.0,60.0
b122,b27,86.0,90.0,94.0
b122,b105,44.0,46.0,49.0
b122,b28,59.0,63.0,66.0
b122,b84,60.0,63.0,65.0
b122,b44,63.0,66.0,68.0
b122,b66,90.0,92.0,96.0
b122,b67,96.0,100.0,103.0
b122,b85,30.0,32.0,36.0
b122,b120,81.0,86.0,89.0
b122,b87,38.0,42.0,48.0
b122,b86,41.0,45.0,49.0
b122,b29,62.0,66.0,70.0
b122,b30,61.0,65.0,67.0
b122,b88,61.0,64.0,67.0
b122,b68,87.0,92.0,96.0
b122,b69,108.0,113.0,118.0
b122,b106,70.0,76.0,79.0
b122,b31,68.0,73.0,77.0
b122,b115,48.0,52.0,56.0
b122,b32,69.0,73.0,77.0
b122,b113,95.0,98.0,102.0
b122,b114,102.0,105.0,109.0
b122,b89,56.0,58.0,61.0
b122,b33,67.0,70.0,74.0
b122,b48,83.0,86.0,89.0
b122,b77,59.0,62.0,65.0
b122,b34,55.0,59.0,63.0
b122,b70,113.0,120.0,131.0
b122,b71,89.0,92.0,95.0
b122,b64,109.0,114.0,119.0
b122,b107,61.0,64.0,68.0
b122,b90,72.0,76.0,80.0
b122,b118,91.0,96.0,100.0
b122,b1,70.0,73.0,77.0
b122,b35,76.0,80.0,85.0
b122,b36,86.0,90.0,93.0
b122,b37,95.0,100.0,105.0
b122,b108,48.0,51.0,53.0
b122,b109,63.0,67.0,73.0
b122,b39,86.0,89.0,92.0
b122,b3,73.0,77.0,81.0
b122,p_centro,59.0,62.0,66.0
b122,p_beira_mar,77.0,80.0,84.0
b122,p_aldeota,79.0,82.0,86.0
b122,p_papicu,85.0,89.0,93.0
b122,p_iguatemi,83.0,87.0,91.0
b122,p_unifor,97.0,99.0,102.0
b122,p_centro_eventos,92.0,95.0,98.0
b122,p_parangaba,38.0,41.0,44.0
b122,p_messejana,61.0,64.0,67.0
b122,p_ufc_benfica,53.0,56.0,60.0
b122,p_ufc_pici,74.0,78.0,81.0
b122,p_aeroporto,71.0,75.0,80.0
b41,b91,72.0,74.0,77.0
b41,b92,62.0,65.0,69.0
b41,b2,66.0,68.0,70.0
b41,b93,64.0,67.0,71.0
b41,b4,43.0,45.0,48.0
b41,b50,99.0,101.0,104.0
b41,b40,21.0,23.0,24.0
b41,b122,63.0,67.0,70.0
b41,b41,0.0,0.0,0.0
b41,b6,50.0,52.0,54.0
b41,b51,82.0,85.0,89.0
b41,b94,38.0,40.0,42.0
b41,b7,41.0,42.0,44.0
b41,b95,72.0,75.0,78.0
b41,b8,47.0,49.0,51.0
b41,b72,47.0,50.0,54.0
b41,b73,31.0,34.0,37.0
b41,b110,84.0,86.0,89.0
b41,b52,64.0,67.0,71.0
b41,b53,96.0,97.0,99.0
b41,b74,58.0,60.0,63.0
b41,b9,56.0,58.0,60.0
b41,b10,56.0,58.0,60.0
b41,b111,82.0,85.0,89.0
b41,b54,78.0,81.0,85.0
b41,b55,106.0,112.0,116.0
b41,b11,78.0,81.0,83.0
b41,b42,19.0,22.0,23.0
b41,b75,25.0,28.0,30.0
b41,b76,55.0,58.0,61.0
b41,b117,81.0,85.0,88.0
b41,b96,31.0,33.0,35.0
b41,b12,59.0,61.0,63.0
b41,b56,93.0,96.0,99.0
b41,b13,40.0,42.0,44.0
b41,b116,98.0,102.0,105.0
b41,b97,26.0,28.0,30.0
b41,b98,67.0,69.0,72.0
b41,b14,65.0,67.0,69.0
b41,b43,16.0,16.0,16.0
b41,b57,111.0,115.0,120.0
b41,b38,50.0,53.0,55.0
b41,b58,89.0,92.0,94.0
b41,b15,42.0,43.0,45.0
b41,b17,48.0,51.0,53.0
b41,b16,48.0,50.0,52.0
b41,b78,44.0,46.0,47.0
b41,b79,35.0,37.0,39.0
b41,b59,96.0,100.0,103.0
b41,b60,72.0,74.0,76.0
b41,b45,17.0,19.0,21.0
b41,b99,39.0,42.0,45.0
b41,b100,46.0,48.0,51.0
b41,b18,53.0,54.0,56.0
b41,b61,88.0,92.0,96.0
b41,b19,49.0,51.0,53.0
b41,b80,53.0,55.0,57.0
b41,b62,88.0,91.0,93.0
b41,b20,37.0,39.0,41.0
b41,b21,42.0,44.0,46.0
b41,b22,61.0,63.0,65.0
b41,b23,51.0,53.0,55.0
b41,b49,95.0,97.0,100.0
b41,b46,30.0,32.0,34.0
b41,b101,26.0,28.0,30.0
b41,b63,101.0,107.0,110.0
b41,b81,47.0,50.0,53.0
b41,b112,92.0,95.0,98.0
b41,b82,44.0,46.0,49.0
b41,b24,70.0,72.0,74.0
b41,b65,84.0,86.0,89.0
b41,b83,52.0,55.0,58.0
b41,b25,56.0,59.0,62.0
b41,b103,41.0,44.0,47.0
b41,b5,49.0,50.0,52.0
b41,b26,72.0,74.0,77.0
b41,b121,47.0,51.0,54.0
b41,b119,37.0,38.0,41.0
b41,b47,33.0,34.0,36.0
b41,b104,33.0,34.0,37.0
b41,b27,76.0,78.0,80.0
b41,b105,39.0,41.0,43.0
b41,b28,43.0,45.0,47.0
b41,b84,60.0,63.0,65.0
b41,b44,11.0,11.0,13.0
b41,b66,85.0,87.0,89.0
b41,b67,85.0,88.0,91.0
b41,b85,66.0,69.0,71.0
b41,b120,88.0,90.0,93.0
b41,b87,59.0,63.0,66.0
b41,b86,41.0,44.0,47.0
b41,b29,38.0,40.0,42.0
b41,b30,52.0,54.0,56.0
b41,b88,66.0,68.0,72.0
b41,b68,100.0,105.0,110.0
b41,b69,120.0,125.0,130.0
b41,b106,40.0,43.0,46.0
b41,b31,61.0,63.0,65.0
b41,b115,71.0,75.0,80.0
b41,b32,64.0,65.0,67.0
b41,b113,91.0,93.0,96.0
b41,b114,98.0,100.0,103.0
b41,b89,73.0,76.0,79.0
b41,b33,42.0,44.0,46.0
b41,b48,28.0,30.0,32.0
b41,b77,55.0,58.0,61.0
b41,b34,41.0,43.0,45.0
b41,b70,135.0,142.0,
b41,b71,80.0,82.0,85.0
b41,b64,102.0,110.0,115.0
b41,b107,51.0,54.0,57.0
b41,b90,59.0,63.0,66.0
b41,b118,106.0,109.0,113.0
b41,b1,44.0,46.0,48.0
b41,b35,68.0,70.0,72.0
b41,b36,78.0,80.0,82.0
b41,b37,92.0,94.0,97.0
b41,b108,45.0,47.0,49.0
b41,b109,54.0,58.0,63.0
b41,b39,32.0,34.0,36.0
b41,b3,49.0,52.0,55.0
b41,p_centro,54.0,56.0,58.0
b41,p_beira_mar,73.0,75.0,77.0
b41,p_aldeota,69.0,71.0,73.0
b41,p_papicu,75.0,77.0,80.0
b41,p_iguatemi,72.0,74.0,76.0
b41,p_unifor,86.0,88.0,90.0
b41,p_centro_eventos,82.0,84.0,86.0
b41,p_parangaba,30.0,32.0,34.0
b41,p_messejana,77.0,79.0,81.0
b41,p_ufc_benfica,42.0,43.0,45.0
b41,p_ufc_pici,42.0,43.0,45.0
b41,p_aeroporto,64.0,67.0,71.0
b6,b91,66.0,69.0,71.0
b6,b92,75.0,80.0,84.0
b6,b2,57.0,60.0,63.0
b6,b93,65.0,67.0,71.0
b6,b4,46.0,49.0,52.0
b6,b50,89.0,92.0,95.0
b6,b40,38.0,39.0,42.0
b6,b122,78.0,81.0,85.0
b6,b41,47.0,49.0,52.0
b6,b6,0.0,0.0,0.0
b6,b51,96.0,99.0,101.0
b6,b94,53.0,55.0,57.0
b6,b7,47.0,49.0,50.0
b6,b95,70.0,74.0,77.0
b6,b8,58.0,60.0,62.0
b6,b72,70.0,74.0,80.0
b6,b73,52.0,55.0,61.0
b6,b110,55.0,57.0,60.0
b6,b52,69.0,72.0,75.0
b6,b53,89.0,92.0,95.0
b6,b74,79.0,83.0,88.0
b6,b9,22.0,23.0,25.0
b6,b10,42.0,44.0,46.0
b6,b111,76.0,79.0,82.0
b6,b54,78.0,82.0,86.0
b6,b55,102.0,108.0,112.0
b6,b11,72.0,74.0,77.0
b6,b42,56.0,59.0,62.0
b6,b75,62.0,65.0,68.0
b6,b76,70.0,73.0,77.0
b6,b117,92.0,95.0,98.0
b6,b96,54.0,56.0,58.0
b6,b12,16.0,17.0,18.0
b6,b56,90.0,93.0,96.0
b6,b13,52.0,54.0,56.0
b6,b116,75.0,77.0,80.0
b6,b97,50.0,52.0,54.0
b6,b98,73.0,76.0,80.0
b6,b14,61.0,63.0,65.0
b6,b43,48.0,50.0,52.0
b6,b57,109.0,114.0,121.0
b6,b38,29.0,32.0,34.0
b6,b58,88.0,91.0,95.0
b6,b15,43.0,44.0,46.0
b6,b17,35.0,37.0,39.0
b6,b16,49.0,52.0,54.0
b6,b78,77.0,80.0,85.0
b6,b79,68.0,72.0,75.0
b6,b59,94.0,98.0,101.0
b6,b60,70.0,72.0,75.0
b6,b45,44.0,47.0,49.0
b6,b99,62.0,65.0,68.0
b6,b100,72.0,74.0,76.0
b6,b18,28.0,29.0,30.0
b6,b61,97.0,100.0,103.0
b6,b19,56.0,58.0,60.0
b6,b80,76.0,79.0,82.0
b6,b62,85.0,87.0,90.0
b6,b20,25.0,27.0,29.0
b6,b21,22.0,23.0,26.0
b6,b22,58.0,60.0,62.0
b6,b23,47.0,49.0,51.0
b6,b49,93.0,96.0,98.0
b6,b46,51.0,54.0,56.0
b6,b101,51.0,55.0,58.0
b6,b63,92.0,101.0,107.0
b6,b81,65.0,68.0,72.0
b6,b112,86.0,90.0,94.0
b6,b82,68.0,71.0,76.0
b6,b24,40.0,43.0,45.0
b6,b65,75.0,78.0,81.0
b6,b83,72.0,75.0,78.0
b6,b25,29.0,31.0,33.0
b6,b103,60.0,62.0,64.0
b6,b5,26.0,27.0,29.0
b6,b26,43.0,45.0,48.0
b6,b121,68.0,71.0,74.0
b6,b119,28.0,31.0,33.0
b6,b47,30.0,31.0,34.0
b6,b104,54.0,55.0,58.0
b6,b27,65.0,68.0,71.0
b6,b105,60.0,63.0,67.0
b6,b28,45.0,47.0,49.0
b6,b84,84.0,86.0,89.0
b6,b44,47.0,50.0,52.0
b6,b66,77.0,80.0,83.0
b6,b67,87.0,91.0,93.0
b6,b85,78.0,82.0,85.0
b6,b120,78.0,81.0,84.0
b6,b87,79.0,83.0,86.0
b6,b86,62.0,66.0,71.0
b6,b29,44.0,46.0,49.0
b6,b30,52.0,55.0,58.0
b6,b88,77.0,81.0,85.0
b6,b68,90.0,94.0,101.0
b6,b69,117.0,120.0,127.0
b6,b106,53.0,58.0,63.0
b6,b31,19.0,20.0,22.0
b6,b115,93.0,96.0,100.0
b6,b32,35.0,37.0,39.0
b6,b113,62.0,64.0,67.0
b6,b114,69.0,71.0,74.0
b6,b89,92.0,96.0,99.0
b6,b33,30.0,33.0,36.0
b6,b48,35.0,40.0,44.0
b6,b77,79.0,82.0,85.0
b6,b34,52.0,54.0,56.0
b6,b70,125.0,135.0,143.0
b6,b71,79.0,82.0,86.0
b6,b64,97.0,104.0,112.0
b6,b107,75.0,78.0,81.0
b6,b90,92.0,96.0,100.0
b6,b118,98.0,103.0,107.0
b6,b1,44.0,46.0,48.0
b6,b35,66.0,69.0,72.0
b6,b36,53.0,56.0,59.0
b6,b37,62.0,66.0,70.0
b6,b108,66.0,68.0,70.0
b6,b109,65.0,67.0,70.0
b6,b39,30.0,33.0,36.0
b6,b3,19.0,21.0,23.0
b6,p_centro,40.0,42.0,44.0
b6,p_beira_mar,43.0,46.0,49.0
b6,p_aldeota,57.0,60.0,64.0
b6,p_papicu,54.0,58.0,61.0
b6,p_iguatemi,70.0,72.0,74.0
b6,p_unifor,83.0,85.0,87.0
b6,p_centro_eventos,77.0,80.0,82.0
b6,p_parangaba,53.0,55.0,59.0
b6,p_messejana,74.0,77.0,80.0
b6,p_ufc_benfica,46.0,48.0,50.0
b6,p_ufc_pici,47.0,49.0,52.0
b6,p_aeroporto,77.0,82.0,86.0
b51,b91,45.0,49.0,52.0
b51,b92,86.0,90.0,94.0
b51,b2,72.0,76.0,79.0
b51,b93,52.0,56.0,59.0
b51,b4,84.0,86.0,90.0
b51,b50,52.0,53.0,55.0
b51,b40,80.0,82.0,85.0
b51,b122,61.0,65.0,69.0
b51,b41,76.0,78.0,81.0
b51,b6,95.0,98.0,100.0
b51,b51,0.0,0.0,0.0
b51,b94,81.0,85.0,88.0
b51,b7,66.0,69.0,73.0
b51,b95,48.0,50.0,52.0
b51,b8,73.0,77.0,80.0
b51,b72,59.0,63.0,67.0
b51,b73,55.0,57.0,60.0
b51,b110,91.0,95.0,98.0
b51,b52,32.0,38.0,42.0
b51,b53,51.0,52.0,54.0
b51,b74,68.0,71.0,75.0
b51,b9,84.0,87.0,90.0
b51,b10,64.0,67.0,71.0
b51,b111,79.0,81.0,83.0
b51,b54,47.0,51.0,55.0
b51,b55,53.0,57.0,60.0
b51,b11,65.0,67.0,70.0
b51,b42,78.0,81.0,85.0
b51,b75,79.0,82.0,85.0
b51,b76,61.0,64.0,67.0
b51,b117,29.0,31.0,33.0
b51,b96,74.0,76.0,79.0
b51,b12,96.0,98.0,100.0
b51,b56,38.0,40.0,42.0
b51,b13,73.0,76.0,78.0
b51,b116,98.0,101.0,104.0
b51,b97,71.0,74.0,77.0
b51,b98,62.0,65.0,68.0
b51,b14,69.0,72.0,75.0
b51,b43,76.0,78.0,81.0
b51,b57,86.0,89.0,95.0
b51,b38,95.0,98.0,102.0
b51,b58,68.0,71.0,75.0
b51,b15,68.0,72.0,75.0
b51,b17,97.0,101.0,106.0
b51,b16,56.0,60.0,63.0
b51,b78,70.0,73.0,77.0
b51,b79,66.0,69.0,72.0
b51,b59,42.0,43.0,45.0
b51,b60,65.0,67.0,68.0
b51,b45,61.0,63.0,66.0
b51,b99,66.0,69.0,71.0
b51,b100,52.0,54.0,56.0
b51,b18,78.0,81.0,84.0
b51,b61,37.0,38.0,40.0
b51,b19,71.0,76.0,79.0
b51,b80,55.0,59.0,63.0
b51,b62,50.0,54.0,57.0
b51,b20,86.0,89.0,93.0
b51,b21,90.0,93.0,98.0
b51,b22,63.0,67.0,70.0
b51,b23,59.0,63.0,66.0
b51,b49,46.0,49.0,51.0
b51,b46,60.0,62.0,65.0
b51,b101,72.0,75.0,77.0
b51,b63,42.0,47.0,51.0
b51,b81,51.0,53.0,56.0
b51,b112,89.0,91.0,95.0
b51,b82,51.0,54.0,57.0
b51,b24,78.0,82.0,85.0
b51,b65,33.0,35.0,36.0
b51,b83,38.0,40.0,42.0
b51,b25,89.0,92.0,95.0
b51,b103,69.0,72.0,75.0
b51,b5,76.0,79.0,82.0
b51,b26,81.0,85.0,87.0
b51,b121,53.0,55.0,57.0
b51,b119,90.0,92.0,96.0
b51,b47,83.0,85.0,88.0
b51,b104,79.0,81.0,84.0
b51,b27,73.0,76.0,79.0
b51,b105,63.0,65.0,68.0
b51,b28,75.0,79.0,82.0
b51,b84,56.0,57.0,59.0
b51,b44,75.0,77.0,80.0
b51,b66,43.0,47.0,49.0
b51,b67,56.0,60.0,62.0
b51,b85,73.0,76.0,81.0
b51,b120,42.0,43.0,45.0
b51,b87,68.0,71.0,75.0
b51,b86,52.0,54.0,57.0
b51,b29,81.0,85.0,87.0
b51,b30,72.0,76.0,79.0
b51,b88,42.0,44.0,47.0
b51,b68,47.0,49.0,55.0
b51,b69,66.0,69.0,72.0
b51,b106,86.0,89.0,94.0
b51,b31,92.0,94.0,96.0
b51,b115,54.0,58.0,61.0
b51,b32,72.0,75.0,79.0
b51,b113,91.0,93.0,96.0
b51,b114,87.0,94.0,100.0
b51,b89,45.0,49.0,53.0
b51,b33,86.0,90.0,93.0
b51,b48,93.0,96.0,99.0
b51,b77,55.0,57.0,59.0
b51,b34,83.0,87.0,90.0
b51,b70,73.0,78.0,86.0
b51,b71,61.0,67.0,70.0
b51,b64,62.0,66.0,74.0
b51,b107,57.0,61.0,64.0
b51,b90,78.0,82.0,85.0
b51,b118,50.0,53.0,56.0
b51,b1,82.0,85.0,88.0
b51,b35,69.0,72.0,75.0
b51,b36,77.0,78.0,80.0
b51,b37,83.0,85.0,87.0
b51,b108,57.0,59.0,62.0
b51,b109,72.0,77.0,82.0
b51,b39,96.0,98.0,102.0
b51,b3,91.0,94.0,97.0
b51,p_centro,64.0,68.0,71.0
b51,p_beira_mar,81.0,86.0,90.0
b51,p_aldeota,72.0,76.0,79.0
b51,p_papicu,70.0,72.0,73.0
b51,p_iguatemi,61.0,62.0,64.0
b51,p_unifor,62.0,64.0,65.0
b51,p_centro_eventos,58.0,60.0,61.0
b51,p_parangaba,58.0,60.0,62.0
b51,p_messejana,22.0,24.0,25.0
b51,p_ufc_benfica,69.0,73.0,76.0
b51,p_ufc_pici,92.0,96.0,99.0
b51,p_aeroporto,91.0,95.0,100.0
b94,b91,56.0,59.0,63.0
b94,b92,55.0,57.0,61.0
b94,b2,54.0,56.0,58.0
b94,b93,44.0,48.0,52.0
b94,b4,16.0,16.0,16.0
b94,b50,85.0,88.0,91.0
b94,b40,42.0,44.0,46.0
b94,b122,52.0,56.0,61.0
b94,b41,35.0,36.0,38.0
b94,b6,45.0,50.0,54.0
b94,b51,82.0,84.0,86.0
b94,b94,0.0,0.0,0.0
b94,b7,28.0,30.0,31.0
b94,b95,60.0,63.0,67.0
b94,b8,30.0,32.0,34.0
b94,b72,44.0,48.0,52.0
b94,b73,38.0,39.0,40.0
b94,b110,70.0,73.0,75.0
b94,b52,62.0,63.0,66.0
b94,b53,82.0,85.0,87.0
b94,b74,55.0,57.0,59.0
b94,b9,44.0,46.0,48.0
b94,b10,44.0,45.0,47.0
b94,b111,71.0,73.0,76.0
b94,b54,70.0,74.0,78.0
b94,b55,97.0,102.0,107.0
b94,b11,66.0,68.0,71.0
b94,b42,42.0,44.0,46.0
b94,b75,47.0,49.0,50.0
b94,b76,46.0,50.0,53.0
b94,b117,81.0,82.0,85.0
b94,b96,24.0,25.0,25.0
b94,b12,45.0,50.0,54.0
b94,b56,81.0,84.0,86.0
b94,b13,22.0,24.0,26.0
b94,b116,88.0,91.0,93.0
b94,b97,19.0,20.0,20.0
b94,b98,63.0,65.0,68.0
b94,b14,52.0,54.0,57.0
b94,b43,36.0,38.0,39.0
b94,b57,98.0,103.0,109.0
b94,b38,38.0,41.0,44.0
b94,b58,73.0,78.0,83.0
b94,b15,35.0,37.0,40.0
b94,b17,50.0,54.0,58.0
b94,b16,34.0,36.0,38.0
b94,b78,55.0,57.0,60.0
b94,b79,43.0,45.0,49.0
b94,b59,91.0,94.0,97.0
b94,b60,59.0,61.0,63.0
b94,b45,30.0,32.0,33.0
b94,b99,38.0,39.0,41.0
b94,b100,46.0,48.0,51.0
b94,b18,41.0,43.0,45.0
b94,b61,87.0,89.0,91.0
b94,b19,29.0,31.0,35.0
b94,b80,50.0,52.0,56.0
b94,b62,75.0,78.0,81.0
b94,b20,48.0,52.0,55.0
b94,b21,53.0,55.0,58.0
b94,b22,50.0,52.0,54.0
b94,b23,38.0,40.0,42.0
b94,b49,81.0,84.0,86.0
b94,b46,36.0,38.0,39.0
b94,b101,29.0,30.0,31.0
b94,b63,89.0,93.0,97.0
b94,b81,40.0,43.0,47.0
b94,b112,80.0,83.0,87.0
b94,b82,44.0,47.0,50.0
b94,b24,56.0,59.0,61.0
b94,b65,70.0,73.0,76.0
b94,b83,52.0,54.0,56.0
b94,b25,49.0,51.0,54.0
b94,b103,33.0,36.0,37.0
b94,b5,34.0,38.0,41.0
b94,b26,58.0,61.0,63.0
b94,b121,47.0,49.0,51.0
b94,b119,50.0,54.0,56.0
b94,b47,41.0,44.0,47.0
b94,b104,12.0,12.0,12.0
b94,b27,63.0,66.0,68.0
b94,b105,36.0,39.0,42.0
b94,b28,36.0,39.0,41.0
b94,b84,60.0,62.0,64.0
b94,b44,34.0,35.0,37.0
b94,b66,71.0,73.0,76.0
b94,b67,78.0,80.0,83.0
b94,b85,53.0,57.0,61.0
b94,b120,74.0,77.0,80.0
b94,b87,56.0,58.0,61.0
b94,b86,41.0,43.0,45.0
b94,b29,30.0,32.0,34.0
b94,b30,36.0,38.0,40.0
b94,b88,63.0,65.0,68.0
b94,b68,87.0,91.0,98.0
b94,b69,113.0,116.0,122.0
b94,b106,28.0,34.0,40.0
b94,b31,48.0,51.0,53.0
b94,b115,72.0,75.0,80.0
b94,b32,50.0,52.0,55.0
b94,b113,77.0,80.0,82.0
b94,b114,84.0,87.0,89.0
b94,b89,72.0,74.0,76.0
b94,b33,27.0,31.0,34.0
b94,b48,49.0,52.0,55.0
b94,b77,55.0,57.0,60.0
b94,b34,25.0,26.0,28.0
b94,b70,121.0,132.0,140.0
b94,b71,64.0,69.0,73.0
b94,b64,91.0,98.0,104.0
b94,b107,51.0,53.0,56.0
b94,b90,63.0,66.0,70.0
b94,b118,95.0,98.0,102.0
b94,b1,47.0,49.0,51.0
b94,b35,53.0,56.0,58.0
b94,b36,65.0,67.0,69.0
b94,b37,78.0,81.0,83.0
b94,b108,36.0,38.0,40.0
b94,b109,45.0,47.0,50.0
b94,b39,53.0,56.0,59.0
b94,b3,35.0,39.0,42.0
b94,p_centro,41.0,42.0,44.0
b94,p_beira_mar,59.0,61.0,63.0
b94,p_aldeota,57.0,59.0,61.0
b94,p_papicu,62.0,64.0,67.0
b94,p_iguatemi,59.0,61.0,64.0
b94,p_unifor,73.0,75.0,77.0
b94,p_centro_eventos,69.0,72.0,74.0
b94,p_parangaba,29.0,32.0,35.0
b94,p_messejana,65.0,69.0,72.0
b94,p_ufc_benfica,28.0,30.0,32.0
b94,p_ufc_pici,35.0,38.0,44.0
b94,p_aeroporto,57.0,59.0,63.0
b7,b91,37.0,39.0,41.0
b7,b92,36.0,41.0,46.0
b7,b2,35.0,37.0,38.0
b7,b93,31.0,34.0,37.0
b7,b4,22.0,24.0,27.0
b7,b50,68.0,70.0,73.0
b7,b40,36.0,38.0,40.0
b7,b122,49.0,53.0,57.0
b7,b41,40.0,42.0,44.0
b7,b6,42.0,43.0,45.0
b7,b51,61.0,64.0,67.0
b7,b94,28.0,30.0,32.0
b7,b7,0.0,0.0,0.0
b7,b95,41.0,44.0,48.0
b7,b8,24.0,25.0,27.0
b7,b72,51.0,54.0,57.0
b7,b73,44.0,45.0,47.0
b7,b110,56.0,58.0,60.0
b7,b52,43.0,45.0,47.0
b7,b53,56.0,59.0,63.0
b7,b74,58.0,61.0,64.0
b7,b9,32.0,33.0,35.0
b7,b10,28.0,29.0,29.0
b7,b111,51.0,53.0,56.0
b7,b54,51.0,54.0,56.0
b7,b55,79.0,83.0,87.0
b7,b11,44.0,47.0,50.0
b7,b42,48.0,49.0,51.0
b7,b75,53.0,54.0,56.0
b7,b76,43.0,46.0,51.0
b7,b117,64.0,67.0,69.0
b7,b96,29.0,30.0,31.0
b7,b12,41.0,42.0,44.0
b7,b56,55.0,57.0,61.0
b7,b13,22.0,24.0,26.0
b7,b116,68.0,71.0,73.0
b7,b97,25.0,26.0,28.0
b7,b98,45.0,48.0,52.0
b7,b14,29.0,30.0,32.0
b7,b43,42.0,43.0,45.0
b7,b57,71.0,75.0,79.0
b7,b38,35.0,36.0,38.0
b7,b58,51.0,54.0,57.0
b7,b15,14.0,16.0,17.0
b7,b17,45.0,47.0,50.0
b7,b16,10.0,11.0,12.0
b7,b78,60.0,62.0,65.0
b7,b79,49.0,51.0,55.0
b7,b59,67.0,71.0,73.0
b7,b60,32.0,35.0,37.0
b7,b45,36.0,38.0,39.0
b7,b99,32.0,33.0,35.0
b7,b100,40.0,41.0,43.0
b7,b18,27.0,28.0,29.0
b7,b61,70.0,72.0,74.0
b7,b19,20.0,22.0,23.0
b7,b80,49.0,52.0,55.0
b7,b62,52.0,54.0,57.0
b7,b20,47.0,49.0,51.0
b7,b21,49.0,51.0,53.0
b7,b22,29.0,31.0,32.0
b7,b23,17.0,20.0,21.0
b7,b49,54.0,56.0,60.0
b7,b46,42.0,44.0,45.0
b7,b101,36.0,37.0,39.0
b7,b63,64.0,67.0,71.0
b7,b81,37.0,41.0,45.0
b7,b112,60.0,63.0,66.0
b7,b82,43.0,46.0,50.0
b7,b24,41.0,43.0,44.0
b7,b65,53.0,54.0,57.0
b7,b83,51.0,55.0,59.0
b7,b25,37.0,38.0,40.0
b7,b103,25.0,26.0,28.0
b7,b5,21.0,24.0,27.0
b7,b26,44.0,46.0,48.0
b7,b121,46.0,49.0,53.0
b7,b119,49.0,50.0,52.0
b7,b47,34.0,35.0,37.0
b7,b104,29.0,31.0,32.0
b7,b27,46.0,47.0,49.0
b7,b105,33.0,37.0,40.0
b7,b28,16.0,17.0,19.0
b7,b84,51.0,53.0,55.0
b7,b44,39.0,41.0,43.0
b7,b66,52.0,53.0,55.0
b7,b67,54.0,57.0,59.0
b7,b85,50.0,54.0,58.0
b7,b120,57.0,59.0,62.0
b7,b87,54.0,58.0,61.0
b7,b86,47.0,48.0,50.0
b7,b29,19.0,21.0,23.0
b7,b30,16.0,18.0,21.0
b7,b88,49.0,52.0,55.0
b7,b68,66.0,70.0,75.0
b7,b69,90.0,92.0,95.0
b7,b106,45.0,50.0,53.0
b7,b31,35.0,37.0,40.0
b7,b115,63.0,66.0,71.0
b7,b32,34.0,36.0,37.0
b7,b113,62.0,64.0,66.0
b7,b114,70.0,72.0,73.0
b7,b89,62.0,65.0,68.0
b7,b33,26.0,27.0,29.0
b7,b48,41.0,43.0,45.0
b7,b77,47.0,49.0,51.0
b7,b34,26.0,27.0,29.0
b7,b70,94.0,103.0,113.0
b7,b71,43.0,46.0,49.0
b7,b64,65.0,69.0,75.0
b7,b107,40.0,42.0,45.0
b7,b90,69.0,72.0,75.0
b7,b118,76.0,79.0,83.0
b7,b1,25.0,27.0,28.0
b7,b35,29.0,31.0,32.0
b7,b36,46.0,48.0,50.0
b7,b37,53.0,56.0,58.0
b7,b108,41.0,43.0,45.0
b7,b109,29.0,31.0,33.0
b7,b39,45.0,47.0,49.0
b7,b3,34.0,36.0,38.0
b7,p_centro,26.0,27.0,28.0
b7,p_beira_mar,45.0,46.0,47.0
b7,p_aldeota,36.0,38.0,40.0
b7,p_papicu,38.0,40.0,42.0
b7,p_iguatemi,33.0,36.0,38.0
b7,p_unifor,47.0,50.0,52.0
b7,p_centro_eventos,43.0,45.0,47.0
b7,p_parangaba,26.0,30.0,34.0
b7,p_messejana,46.0,48.0,50.0
b7,p_ufc_benfica,7.0,7.0,7.0
b7,p_ufc_pici,33.0,36.0,39.0
b7,p_aeroporto,38.0,43.0,48.0
b95,b91,26.0,27.0,30.0
b95,b92,69.0,72.0,76.0
b95,b2,42.0,44.0,47.0
b95,b93,36.0,38.0,40.0
b95,b4,69.0,71.0,73.0
b95,b50,67.0,70.0,72.0
b95,b40,74.0,76.0,78.0
b95,b122,59.0,64.0,69.0
b95,b41,72.0,75.0,78.0
b95,b6,80.0,82.0,85.0
b95,b51,48.0,50.0,53.0
b95,b94,69.0,72.0,75.0
b95,b7,50.0,53.0,56.0
b95,b95,0.0,0.0,0.0
b95,b8,55.0,59.0,61.0
b95,b72,59.0,63.0,67.0
b95,b73,52.0,55.0,58.0
b95,b110,74.0,77.0,80.0
b95,b52,30.0,32.0,35.0
b95,b53,59.0,63.0,66.0
b95,b74,67.0,70.0,74.0
b95,b9,69.0,72.0,74.0
b95,b10,50.0,52.0,55.0
b95,b111,61.0,65.0,69.0
b95,b54,45.0,47.0,50.0
b95,b55,75.0,78.0,82.0
b95,b11,55.0,57.0,60.0
b95,b42,76.0,81.0,84.0
b95,b75,74.0,78.0,82.0
b95,b76,61.0,64.0,68.0
b95,b117,43.0,47.0,51.0
b95,b96,59.0,61.0,64.0
b95,b12,78.0,81.0,84.0
b95,b56,59.0,62.0,64.0
b95,b13,57.0,60.0,62.0
b95,b116,81.0,85.0,88.0
b95,b97,58.0,62.0,65.0
b95,b98,26.0,28.0,31.0
b95,b14,38.0,41.0,43.0
b95,b43,69.0,71.0,74.0
b95,b57,73.0,76.0,82.0
b95,b38,77.0,81.0,84.0
b95,b58,47.0,49.0,52.0
b95,b15,54.0,56.0,59.0
b95,b17,92.0,95.0,100.0
b95,b16,42.0,44.0,47.0
b95,b78,69.0,73.0,77.0
b95,b79,64.0,67.0,71.0
b95,b59,62.0,64.0,67.0
b95,b60,52.0,55.0,58.0
b95,b45,57.0,59.0,61.0
b95,b99,46.0,48.0,51.0
b95,b100,36.0,38.0,40.0
b95,b18,62.0,64.0,67.0
b95,b61,48.0,54.0,58.0
b95,b19,56.0,58.0,60.0
b95,b80,54.0,57.0,59.0
b95,b62,50.0,52.0,55.0
b95,b20,83.0,89.0,92.0
b95,b21,88.0,91.0,94.0
b95,b22,47.0,49.0,52.0
b95,b23,46.0,48.0,51.0
b95,b49,64.0,67.0,70.0
b95,b46,57.0,60.0,63.0
b95,b101,57.0,59.0,62.0
b95,b63,66.0,71.0,77.0
b95,b81,49.0,52.0,56.0
b95,b112,70.0,74.0,78.0
b95,b82,49.0,51.0,54.0
b95,b24,57.0,59.0,62.0
b95,b65,52.0,54.0,57.0
b95,b83,36.0,39.0,42.0
b95,b25,72.0,75.0,78.0
b95,b103,49.0,52.0,55.0
b95,b5,60.0,62.0,65.0
b95,b26,62.0,65.0,67.0
b95,b121,51.0,54.0,57.0
b95,b119,87.0,91.0,95.0
b95,b47,75.0,77.0,79.0
b95,b104,67.0,70.0,73.0
b95,b27,57.0,60.0,63.0
b95,b105,49.0,50.0,52.0
b95,b28,61.0,63.0,65.0
b95,b84,40.0,44.0,48.0
b95,b44,72.0,75.0,78.0
b95,b66,52.0,54.0,57.0
b95,b67,51.0,54.0,57.0
b95,b85,70.0,76.0,81.0
b95,b120,56.0,59.0,61.0
b95,b87,66.0,71.0,75.0
b95,b86,50.0,53.0,57.0
b95,b29,66.0,68.0,71.0
b95,b30,55.0,57.0,60.0
b95,b88,17.0,19.0,21.0
b95,b68,65.0,69.0,74.0
b95,b69,89.0,92.0,95.0
b95,b106,84.0,87.0,90.0
b95,b31,73.0,76.0,80.0
b95,b115,49.0,52.0,56.0
b95,b32,59.0,62.0,65.0
b95,b113,79.0,82.0,85.0
b95,b114,87.0,90.0,93.0
b95,b89,39.0,42.0,46.0
b95,b33,71.0,74.0,77.0
b95,b48,85.0,87.0,90.0
b95,b77,48.0,50.0,53.0
b95,b34,69.0,71.0,73.0
b95,b70,97.0,103.0,111.0
b95,b71,38.0,40.0,43.0
b95,b64,63.0,70.0,75.0
b95,b107,38.0,40.0,42.0
b95,b90,79.0,82.0,88.0
b95,b118,72.0,75.0,78.0
b95,b1,68.0,70.0,73.0
b95,b35,46.0,47.0,50.0
b95,b36,56.0,58.0,61.0
b95,b37,68.0,71.0,74.0
b95,b108,55.0,57.0,59.0
b95,b109,60.0,63.0,65.0
b95,b39,89.0,91.0,94.0
b95,b3,73.0,76.0,79.0
b95,p_centro,51.0,53.0,55.0
b95,p_beira_mar,58.0,60.0,63.0
b95,p_aldeota,42.0,44.0,47.0
b95,p_papicu,52.0,54.0,57.0
b95,p_iguatemi,52.0,55.0,57.0
b95,p_unifor,49.0,51.0,54.0
b95,p_centro_eventos,53.0,55.0,58.0
b95,p_parangaba,40.0,42.0,44.0
b95,p_messejana,42.0,44.0,46.0
b95,p_ufc_benfica,54.0,56.0,59.0
b95,p_ufc_pici,81.0,82.0,84.0
b95,p_aeroporto,71.0,74.0,78.0
b8,b91,47.0,49.0,52.0
b8,b92,34.0,39.0,44.0
b8,b2,50.0,53.0,55.0
b8,b93,36.0,39.0,42.0
b8,b4,24.0,27.0,30.0
b8,b50,76.0,79.0,82.0
b8,b40,51.0,53.0,55.0
b8,b122,55.0,58.0,62.0
b8,b41,43.0,45.0,47.0
b8,b6,54.0,57.0,60.0
b8,b51,74.0,76.0,79.0
b8,b94,32.0,34.0,36.0
b8,b7,23.0,25.0,27.0
b8,b95,49.0,51.0,53.0
b8,b8,0.0,0.0,0.0
b8,b72,50.0,53.0,56.0
b8,b73,45.0,47.0,49.0
b8,b110,68.0,71.0,75.0
b8,b52,52.0,54.0,56.0
b8,b53,72.0,75.0,77.0
b8,b74,59.0,62.0,64.0
b8,b9,45.0,48.0,51.0
b8,b10,40.0,43.0,46.0
b8,b111,70.0,72.0,75.0
b8,b54,57.0,60.0,63.0
b8,b55,90.0,94.0,99.0
b8,b11,64.0,66.0,68.0
b8,b42,51.0,53.0,55.0
b8,b75,55.0,57.0,60.0
b8,b76,50.0,53.0,56.0
b8,b117,74.0,77.0,80.0
b8,b96,29.0,30.0,31.0
b8,b12,54.0,56.0,60.0
b8,b56,74.0,78.0,80.0
b8,b13,13.0,13.0,13.0
b8,b116,87.0,89.0,92.0
b8,b97,30.0,31.0,32.0
b8,b98,48.0,50.0,53.0
b8,b14,46.0,48.0,49.0
b8,b43,44.0,46.0,48.0
b8,b57,91.0,95.0,99.0
b8,b38,46.0,49.0,52.0
b8,b58,66.0,70.0,74.0
b8,b15,34.0,36.0,38.0
b8,b17,57.0,61.0,64.0
b8,b16,28.0,30.0,32.0
b8,b78,57.0,61.0,65.0
b8,b79,48.0,52.0,55.0
b8,b59,83.0,85.0,88.0
b8,b60,53.0,55.0,59.0
b8,b45,37.0,39.0,41.0
b8,b99,21.0,22.0,24.0
b8,b100,32.0,35.0,37.0
b8,b18,40.0,43.0,46.0
b8,b61,80.0,83.0,86.0
b8,b19,16.0,16.0,16.0
b8,b80,44.0,46.0,49.0
b8,b62,63.0,66.0,69.0
b8,b20,58.0,60.0,63.0
b8,b21,60.0,63.0,66.0
b8,b22,45.0,47.0,48.0
b8,b23,29.0,32.0,36.0
b8,b49,73.0,76.0,78.0
b8,b46,46.0,48.0,50.0
b8,b101,36.0,39.0,41.0
b8,b63,81.0,85.0,89.0
b8,b81,44.0,47.0,49.0
b8,b112,79.0,82.0,85.0
b8,b82,35.0,37.0,40.0
b8,b24,52.0,55.0,58.0
b8,b65,61.0,64.0,66.0
b8,b83,48.0,50.0,54.0
b8,b25,51.0,53.0,55.0
b8,b103,11.0,12.0,14.0
b8,b5,39.0,42.0,44.0
b8,b26,56.0,59.0,63.0
b8,b121,48.0,52.0,54.0
b8,b119,61.0,64.0,66.0
b8,b47,50.0,52.0,54.0
b8,b104,35.0,36.0,37.0
b8,b27,62.0,64.0,67.0
b8,b105,28.0,30.0,32.0
b8,b28,38.0,40.0,42.0
b8,b84,44.0,47.0,49.0
b8,b44,43.0,45.0,47.0
b8,b66,61.0,63.0,65.0
b8,b67,66.0,69.0,71.0
b8,b85,59.0,63.0,66.0
b8,b120,65.0,67.0,71.0
b8,b87,59.0,62.0,65.0
b8,b86,45.0,47.0,48.0
b8,b29,35.0,38.0,41.0
b8,b30,17.0,17.0,17.0
b8,b88,53.0,55.0,58.0
b8,b68,79.0,85.0,90.0
b8,b69,102.0,105.0,109.0
b8,b106,48.0,51.0,56.0
b8,b31,50.0,53.0,56.0
b8,b115,57.0,60.0,65.0
b8,b32,47.0,50.0,53.0
b8,b113,76.0,79.0,82.0
b8,b114,83.0,86.0,89.0
b8,b89,54.0,58.0,61.0
b8,b33,36.0,39.0,42.0
b8,b48,59.0,61.0,63.0
b8,b77,39.0,42.0,44.0
b8,b34,25.0,28.0,31.0
b8,b70,111.0,122.0,135.0
b8,b71,58.0,62.0,66.0
b8,b64,74.0,80.0,87.0
b8,b107,33.0,36.0,39.0
b8,b90,66.0,69.0,73.0
b8,b118,88.0,91.0,95.0
b8,b1,47.0,49.0,51.0
b8,b35,45.0,47.0,49.0
b8,b36,62.0,65.0,67.0
b8,b37,72.0,76.0,80.0
b8,b108,40.0,42.0,44.0
b8,b109,29.0,32.0,33.0
b8,b39,63.0,65.0,67.0
b8,b3,43.0,46.0,48.0
b8,p_centro,38.0,41.0,44.0
b8,p_beira_mar,55.0,58.0,62.0
b8,p_aldeota,52.0,54.0,56.0
b8,p_papicu,57.0,59.0,62.0
b8,p_iguatemi,53.0,55.0,58.0
b8,p_unifor,66.0,69.0,71.0
b8,p_centro_eventos,62.0,64.0,66.0
b8,p_parangaba,21.0,23.0,26.0
b8,p_messejana,56.0,58.0,61.0
b8,p_ufc_benfica,26.0,27.0,29.0
b8,p_ufc_pici,42.0,46.0,49.0
b8,p_aeroporto,36.0,41.0,46.0
b72,b91,69.0,72.0,75.0
b72,b92,65.0,69.0,73.0
b72,b2,80.0,83.0,87.0
b72,b93,75.0,78.0,82.0
b72,b4,60.0,63.0,66.0
b72,b50,96.0,99.0,103.0
b72,b40,52.0,55.0,58.0
b72,b122,51.0,55.0,59.0
b72,b41,42.0,45.0,48.0
b72,b6,71.0,75.0,79.0
b72,b51,69.0,72.0,75.0
b72,b94,56.0,58.0,62.0
b72,b7,52.0,55.0,57.0
b72,b95,68.0,71.0,76.0
b72,b8,52.0,55.0,58.0
b72,b72,0.0,0.0,0.0
b72,b73,27.0,30.0,33.0
b72,b110,101.0,104.0,109.0
b72,b52,70.0,74.0,78.0
b72,b53,94.0,97.0,100.0
b72,b74,30.0,32.0,34.0
b72,b9,76.0,79.0,83.0
b72,b10,69.0,72.0,76.0
b72,b111,103.0,107.0,112.0
b72,b54,84.0,88.0,93.0
b72,b55,95.0,99.0,104.0
b72,b11,95.0,99.0,103.0
b72,b42,36.0,39.0,42.0
b72,b75,34.0,38.0,41.0
b72,b76,40.0,43.0,46.0
b72,b117,68.0,71.0,74.0
b72,b96,45.0,48.0,51.0
b72,b12,82.0,85.0,88.0
b72,b56,82.0,85.0,88.0
b72,b13,42.0,45.0,48.0
b72,b116,121.0,125.0,130.0
b72,b97,42.0,45.0,49.0
b72,b98,65.0,69.0,73.0
b72,b14,75.0,78.0,81.0
b72,b43,46.0,49.0,52.0
b72,b57,133.0,138.0,146.0
b72,b38,77.0,80.0,83.0
b72,b58,94.0,99.0,104.0
b72,b15,62.0,65.0,69.0
b72,b17,70.0,75.0,81.0
b72,b16,55.0,58.0,61.0
b72,b78,19.0,21.0,24.0
b72,b79,27.0,28.0,29.0
b72,b59,84.0,86.0,89.0
b72,b60,79.0,82.0,85.0
b72,b45,34.0,37.0,40.0
b72,b99,43.0,46.0,49.0
b72,b100,46.0,49.0,52.0
b72,b18,70.0,73.0,78.0
b72,b61,76.0,79.0,82.0
b72,b19,54.0,57.0,60.0
b72,b80,52.0,55.0,58.0
b72,b62,97.0,101.0,105.0
b72,b20,58.0,63.0,67.0
b72,b21,64.0,68.0,72.0
b72,b22,74.0,78.0,80.0
b72,b23,63.0,66.0,70.0
b72,b49,91.0,93.0,97.0
b72,b46,33.0,36.0,39.0
b72,b101,42.0,45.0,49.0
b72,b63,88.0,93.0,99.0
b72,b81,32.0,35.0,38.0
b72,b112,111.0,117.0,121.0
b72,b82,44.0,47.0,49.0
b72,b24,83.0,87.0,91.0
b72,b65,76.0,79.0,82.0
b72,b83,39.0,41.0,45.0
b72,b25,78.0,81.0,86.0
b72,b103,48.0,51.0,56.0
b72,b5,57.0,62.0,66.0
b72,b26,88.0,91.0,94.0
b72,b121,34.0,37.0,40.0
b72,b119,63.0,67.0,71.0
b72,b47,57.0,60.0,63.0
b72,b104,50.0,53.0,57.0
b72,b27,93.0,97.0,101.0
b72,b105,42.0,45.0,48.0
b72,b28,65.0,68.0,71.0
b72,b84,63.0,65.0,68.0
b72,b44,35.0,38.0,42.0
b72,b66,92.0,95.0,97.0
b72,b67,91.0,95.0,100.0
b72,b85,50.0,53.0,59.0
b72,b120,86.0,89.0,91.0
b72,b87,43.0,47.0,51.0
b72,b86,21.0,24.0,26.0
b72,b29,65.0,68.0,71.0
b72,b30,59.0,61.0,66.0
b72,b88,62.0,65.0,70.0
b72,b68,87.0,93.0,98.0
b72,b69,110.0,113.0,118.0
b72,b106,59.0,64.0,67.0
b72,b31,81.0,84.0,87.0
b72,b115,63.0,66.0,70.0
b72,b32,76.0,80.0,84.0
b72,b113,108.0,112.0,118.0
b72,b114,115.0,119.0,125.0
b72,b89,61.0,64.0,66.0
b72,b33,68.0,70.0,73.0
b72,b48,65.0,68.0,71.0
b72,b77,58.0,61.0,63.0
b72,b34,58.0,61.0,64.0
b72,b70,121.0,130.0,139.0
b72,b71,85.0,90.0,95.0
b72,b64,102.0,109.0,115.0
b72,b107,52.0,55.0,58.0
b72,b90,32.0,34.0,36.0
b72,b118,91.0,96.0,100.0
b72,b1,71.0,75.0,78.0
b72,b35,73.0,76.0,79.0
b72,b36,91.0,94.0,98.0
b72,b37,110.0,114.0,118.0
b72,b108,26.0,29.0,32.0
b72,b109,58.0,63.0,68.0
b72,b39,68.0,71.0,74.0
b72,b3,77.0,80.0,83.0
b72,p_centro,65.0,69.0,73.0
b72,p_beira_mar,87.0,91.0,94.0
b72,p_aldeota,81.0,84.0,87.0
b72,p_papicu,88.0,92.0,95.0
b72,p_iguatemi,80.0,83.0,86.0
b72,p_unifor,93.0,96.0,100.0
b72,p_centro_eventos,93.0,96.0,98.0
b72,p_parangaba,35.0,39.0,42.0
b72,p_messejana,64.0,66.0,69.0
b72,p_ufc_benfica,52.0,55.0,58.0
b72,p_ufc_pici,70.0,73.0,76.0
b72,p_aeroporto,67.0,71.0,75.0
b73,b91,66.0,69.0,73.0
b73,b92,62.0,67.0,72.0
b73,b2,70.0,72.0,75.0
b73,b93,67.0,70.0,73.0
b73,b4,44.0,48.0,51.0
b73,b50,89.0,93.0,97.0
b73,b40,33.0,36.0,39.0
b73,b122,48.0,52.0,56.0
b73,b41,28.0,31.0,34.0
b73,b6,52.0,56.0,59.0
b73,b51,63.0,67.0,70.0
b73,b94,42.0,43.0,45.0
b73,b7,45.0,46.0,48.0
b73,b95,64.0,67.0,70.0
b73,b8,50.0,51.0,53.0
b73,b72,30.0,32.0,35.0
b73,b73,0.0,0.0,0.0
b73,b110,88.0,90.0,93.0
b73,b52,65.0,67.0,70.0
b73,b53,89.0,93.0,96.0
b73,b74,40.0,42.0,45.0
b73,b9,63.0,65.0,66.0
b73,b10,61.0,62.0,63.0
b73,b111,87.0,90.0,92.0
b73,b54,79.0,82.0,84.0
b73,b55,89.0,94.0,99.0
b73,b11,83.0,84.0,86.0
b73,b42,28.0,30.0,32.0
b73,b75,30.0,32.0,34.0
b73,b76,36.0,40.0,43.0
b73,b117,63.0,67.0,70.0
b73,b96,34.0,36.0,37.0
b73,b12,63.0,67.0,70.0
b73,b56,76.0,80.0,83.0
b73,b13,43.0,44.0,46.0
b73,b116,103.0,107.0,110.0
b73,b97,29.0,30.0,32.0
b73,b98,64.0,66.0,69.0
b73,b14,71.0,72.0,74.0
b73,b43,29.0,31.0,33.0
b73,b57,117.0,122.0,131.0
b73,b38,58.0,61.0,64.0
b73,b58,87.0,92.0,97.0
b73,b15,49.0,51.0,53.0
b73,b17,50.0,54.0,58.0
b73,b16,52.0,54.0,56.0
b73,b78,37.0,40.0,43.0
b73,b79,23.0,26.0,29.0
b73,b59,80.0,83.0,87.0
b73,b60,76.0,79.0,81.0
b73,b45,14.0,16.0,18.0
b73,b99,38.0,40.0,43.0
b73,b100,43.0,45.0,48.0
b73,b18,59.0,61.0,63.0
b73,b61,70.0,74.0,78.0
b73,b19,52.0,53.0,55.0
b73,b80,47.0,49.0,52.0
b73,b62,91.0,93.0,96.0
b73,b20,39.0,42.0,46.0
b73,b21,44.0,48.0,51.0
b73,b22,67.0,69.0,71.0
b73,b23,56.0,58.0,59.0
b73,b49,85.0,89.0,93.0
b73,b46,13.0,14.0,17.0
b73,b101,26.0,28.0,29.0
b73,b63,83.0,88.0,92.0
b73,b81,29.0,32.0,35.0
b73,b112,96.0,100.0,103.0
b73,b82,38.0,41.0,45.0
b73,b24,73.0,76.0,78.0
b73,b65,69.0,73.0,77.0
b73,b83,33.0,37.0,40.0
b73,b25,59.0,63.0,68.0
b73,b103,43.0,45.0,47.0
b73,b5,51.0,55.0,57.0
b73,b26,76.0,78.0,81.0
b73,b121,28.0,31.0,34.0
b73,b119,43.0,47.0,50.0
b73,b47,36.0,39.0,42.0
b73,b104,36.0,37.0,39.0
b73,b27,80.0,82.0,84.0
b73,b105,38.0,40.0,42.0
b73,b28,51.0,53.0,56.0
b73,b84,58.0,60.0,63.0
b73,b44,28.0,30.0,31.0
b73,b66,87.0,89.0,92.0
b73,b67,86.0,88.0,90.0
b73,b85,47.0,51.0,55.0
b73,b120,78.0,82.0,86.0
b73,b87,42.0,45.0,49.0
b73,b86,23.0,25.0,28.0
b73,b29,46.0,49.0,52.0
b73,b30,55.0,56.0,58.0
b73,b88,58.0,61.0,64.0
b73,b68,87.0,91.0,95.0
b73,b69,102.0,106.0,109.0
b73,b106,38.0,43.0,46.0
b73,b31,65.0,67.0,69.0
b73,b115,56.0,60.0,64.0
b73,b32,67.0,69.0,71.0
b73,b113,95.0,97.0,100.0
b73,b114,102.0,104.0,107.0
b73,b89,55.0,58.0,62.0
b73,b33,48.0,51.0,54.0
b73,b48,46.0,48.0,52.0
b73,b77,54.0,56.0,60.0
b73,b34,45.0,47.0,48.0
b73,b70,114.0,121.0,132.0
b73,b71,78.0,82.0,87.0
b73,b64,98.0,104.0,111.0
b73,b107,50.0,52.0,54.0
b73,b90,48.0,51.0,55.0
b73,b118,89.0,93.0,98.0
b73,b1,52.0,55.0,58.0
b73,b35,71.0,73.0,75.0
b73,b36,82.0,84.0,86.0
b73,b37,97.0,99.0,101.0
b73,b108,26.0,27.0,28.0
b73,b109,55.0,59.0,65.0
b73,b39,49.0,52.0,55.0
b73,b3,58.0,62.0,66.0
b73,p_centro,57.0,59.0,61.0
b73,p_beira_mar,76.0,79.0,81.0
b73,p_aldeota,73.0,75.0,77.0
b73,p_papicu,81.0,82.0,84.0
b73,p_iguatemi,77.0,79.0,81.0
b73,p_unifor,88.0,91.0,93.0
b73,p_centro_eventos,87.0,89.0,91.0
b73,p_parangaba,31.0,33.0,35.0
b73,p_messejana,60.0,63.0,66.0
b73,p_ufc_benfica,46.0,47.0,49.0
b73,p_ufc_pici,47.0,50.0,53.0
b73,p_aeroporto,64.0,69.0,74.0
b110,b91,49.0,51.0,55.0
b110,b92,69.0,77.0,86.0
b110,b2,42.0,44.0,46.0
b110,b93,54.0,56.0,59.0
b110,b4,66.0,69.0,71.0
b110,b50,96.0,99.0,103.0
b110,b40,72.0,74.0,76.0
b110,b122,85.0,90.0,94.0
b110,b41,77.0,79.0,81.0
b110,b6,50.0,53.0,58.0
b110,b51,88.0,90.0,93.0
b110,b94,66.0,68.0,71.0
b110,b7,54.0,56.0,58.0
b110,b95,65.0,67.0,70.0
b110,b8,67.0,69.0,72.0
b110,b72,91.0,95.0,98.0
b110,b73,80.0,83.0,85.0
b110,b110,0.0,0.0,0.0
b110,b52,69.0,70.0,73.0
b110,b53,67.0,69.0,72.0
b110,b74,94.0,101.0,107.0
b110,b9,52.0,54.0,57.0
b110,b10,42.0,43.0,46.0
b110,b111,44.0,48.0,51.0
b110,b54,69.0,72.0,75.0
b110,b55,100.0,104.0,108.0
b110,b11,43.0,46.0,50.0
b110,b42,85.0,87.0,89.0
b110,b75,89.0,91.0,93.0
b110,b76,79.0,83.0,88.0
b110,b117,86.0,88.0,91.0
b110,b96,65.0,67.0,69.0
b110,b12,51.0,53.0,57.0
b110,b56,70.0,73.0,76.0
b110,b13,62.0,64.0,66.0
b110,b116,36.0,38.0,40.0
b110,b97,62.0,64.0,66.0
b110,b98,70.0,73.0,76.0
b110,b14,44.0,46.0,49.0
b110,b43,78.0,81.0,83.0
b110,b57,80.0,84.0,88.0
b110,b38,64.0,67.0,70.0
b110,b58,59.0,65.0,68.0
b110,b15,54.0,56.0,58.0
b110,b17,75.0,79.0,83.0
b110,b16,54.0,56.0,58.0
b110,b78,99.0,103.0,105.0
b110,b79,85.0,89.0,97.0
b110,b59,79.0,81.0,84.0
b110,b60,46.0,48.0,51.0
b110,b45,72.0,75.0,77.0
b110,b99,69.0,73.0,77.0
b110,b100,69.0,74.0,83.0
b110,b18,47.0,50.0,52.0
b110,b61,94.0,97.0,99.0
b110,b19,63.0,66.0,68.0
b110,b80,85.0,88.0,92.0
b110,b62,61.0,64.0,68.0
b110,b20,68.0,72.0,77.0
b110,b21,66.0,69.0,73.0
b110,b22,55.0,57.0,59.0
b110,b23,49.0,51.0,52.0
b110,b49,68.0,71.0,74.0
b110,b46,79.0,81.0,83.0
b110,b101,72.0,74.0,77.0
b110,b63,77.0,81.0,85.0
b110,b81,73.0,78.0,82.0
b110,b112,51.0,54.0,58.0
b110,b82,79.0,83.0,86.0
b110,b24,27.0,28.0,30.0
b110,b65,76.0,79.0,81.0
b110,b83,87.0,91.0,95.0
b110,b25,60.0,62.0,64.0
b110,b103,67.0,70.0,73.0
b110,b5,36.0,38.0,41.0
b110,b26,19.0,20.0,22.0
b110,b121,83.0,88.0,92.0
b110,b119,70.0,75.0,79.0
b110,b47,68.0,70.0,72.0
b110,b104,66.0,68.0,70.0
b110,b27,34.0,37.0,41.0
b110,b105,69.0,73.0,77.0
b110,b28,55.0,57.0,59.0
b110,b84,88.0,92.0,96.0
b110,b44,76.0,78.0,80.0
b110,b66,77.0,79.0,81.0
b110,b67,64.0,67.0,69.0
b110,b85,86.0,91.0,95.0
b110,b120,85.0,88.0,91.0
b110,b87,90.0,95.0,100.0
b110,b86,83.0,86.0,89.0
b110,b29,61.0,63.0,65.0
b110,b30,61.0,64.0,66.0
b110,b88,72.0,74.0,77.0
b110,b68,97.0,100.0,103.0
b110,b69,117.0,121.0,125.0
b110,b106,82.0,87.0,91.0
b110,b31,45.0,47.0,50.0
b110,b115,99.0,103.0,110.0
b110,b32,31.0,33.0,36.0
b110,b113,23.0,25.0,27.0
b110,b114,30.0,32.0,35.0
b110,b89,94.0,97.0,101.0
b110,b33,66.0,68.0,71.0
b110,b48,75.0,78.0,80.0
b110,b77,83.0,87.0,91.0
b110,b34,64.0,66.0,68.0
b110,b70,101.0,111.0,123.0
b110,b71,52.0,56.0,59.0
b110,b64,80.0,84.0,88.0
b110,b107,68.0,73.0,85.0
b110,b90,109.0,114.0,118.0
b110,b118,92.0,96.0,100.0
b110,b1,62.0,64.0,66.0
b110,b35,55.0,57.0,59.0
b110,b36,32.0,34.0,36.0
b110,b37,30.0,31.0,33.0
b110,b108,77.0,80.0,83.0
b110,b109,68.0,72.0,75.0
b110,b39,74.0,79.0,82.0
b110,b3,56.0,58.0,61.0
b110,p_centro,41.0,43.0,46.0
b110,p_beira_mar,26.0,27.0,28.0
b110,p_aldeota,41.0,43.0,46.0
b110,p_papicu,29.0,32.0,35.0
b110,p_iguatemi,44.0,46.0,49.0
b110,p_unifor,57.0,60.0,62.0
b110,p_centro_eventos,51.0,54.0,56.0
b110,p_parangaba,62.0,66.0,70.0
b110,p_messejana,72.0,75.0,77.0
b110,p_ufc_benfica,56.0,58.0,60.0
b110,p_ufc_pici,72.0,75.0,77.0
b110,p_aeroporto,71.0,79.0,89.0
b52,b91,25.0,27.0,30.0
b52,b92,63.0,67.0,72.0
b52,b2,52.0,55.0,57.0
b52,b93,33.0,35.0,38.0
b52,b4,63.0,66.0,69.0
b52,b50,43.0,45.0,48.0
b52,b40,69.0,72.0,74.0
b52,b122,68.0,72.0,76.0
b52,b41,62.0,64.0,67.0
b52,b6,71.0,75.0,79.0
b52,b51,35.0,38.0,41.0
b52,b94,61.0,65.0,69.0
b52,b7,43.0,47.0,50.0
b52,b95,31.0,34.0,37.0
b52,b8,53.0,56.0,58.0
b52,b72,61.0,65.0,69.0
b52,b73,56.0,59.0,62.0
b52,b110,71.0,74.0,78.0
b52,b52,0.0,0.0,0.0
b52,b53,34.0,37.0,38.0
b52,b74,71.0,74.0,78.0
b52,b9,62.0,66.0,69.0
b52,b10,44.0,46.0,49.0
b52,b111,57.0,59.0,62.0
b52,b54,17.0,19.0,20.0
b52,b55,54.0,57.0,60.0
b52,b11,44.0,46.0,50.0
b52,b42,70.0,73.0,76.0
b52,b75,69.0,73.0,78.0
b52,b76,63.0,66.0,69.0
b52,b117,31.0,35.0,39.0
b52,b96,55.0,57.0,60.0
b52,b12,70.0,74.0,79.0
b52,b56,37.0,40.0,42.0
b52,b13,53.0,55.0,58.0
b52,b116,76.0,80.0,84.0
b52,b97,53.0,56.0,59.0
b52,b98,40.0,43.0,46.0
b52,b14,49.0,51.0,54.0
b52,b43,63.0,66.0,69.0
b52,b57,66.0,70.0,74.0
b52,b38,70.0,74.0,79.0
b52,b58,39.0,43.0,48.0
b52,b15,48.0,51.0,54.0
b52,b17,87.0,90.0,93.0
b52,b16,36.0,38.0,41.0
b52,b78,72.0,75.0,79.0
b52,b79,61.0,65.0,69.0
b52,b59,46.0,47.0,49.0
b52,b60,43.0,45.0,47.0
b52,b45,54.0,57.0,60.0
b52,b99,45.0,48.0,51.0
b52,b100,31.0,33.0,35.0
b52,b18,56.0,59.0,62.0
b52,b61,36.0,40.0,44.0
b52,b19,52.0,54.0,56.0
b52,b80,53.0,56.0,59.0
b52,b62,25.0,28.0,30.0
b52,b20,75.0,79.0,84.0
b52,b21,79.0,83.0,85.0
b52,b22,44.0,46.0,49.0
b52,b23,39.0,42.0,45.0
b52,b49,36.0,38.0,41.0
b52,b46,58.0,62.0,65.0
b52,b101,51.0,54.0,57.0
b52,b63,43.0,46.0,48.0
b52,b81,56.0,58.0,62.0
b52,b112,65.0,70.0,74.0
b52,b82,51.0,54.0,57.0
b52,b24,60.0,62.0,66.0
b52,b65,28.0,29.0,31.0
b52,b83,47.0,50.0,53.0
b52,b25,65.0,69.0,73.0
b52,b103,47.0,50.0,53.0
b52,b5,54.0,57.0,60.0
b52,b26,61.0,65.0,69.0
b52,b121,59.0,61.0,64.0
b52,b119,78.0,82.0,86.0
b52,b47,69.0,71.0,73.0
b52,b104,60.0,63.0,66.0
b52,b27,51.0,53.0,57.0
b52,b105,44.0,46.0,49.0
b52,b28,54.0,57.0,60.0
b52,b84,46.0,49.0,51.0
b52,b44,61.0,64.0,67.0
b52,b66,28.0,29.0,30.0
b52,b67,25.0,26.0,28.0
b52,b85,72.0,76.0,79.0
b52,b120,32.0,34.0,36.0
b52,b87,71.0,75.0,77.0
b52,b86,56.0,58.0,61.0
b52,b29,60.0,63.0,66.0
b52,b30,52.0,54.0,56.0
b52,b88,31.0,32.0,34.0
b52,b68,41.0,44.0,48.0
b52,b69,67.0,70.0,73.0
b52,b106,71.0,75.0,78.0
b52,b31,65.0,70.0,74.0
b52,b115,61.0,65.0,69.0
b52,b32,52.0,55.0,59.0
b52,b113,71.0,74.0,79.0
b52,b114,79.0,82.0,86.0
b52,b89,54.0,57.0,60.0
b52,b33,62.0,67.0,73.0
b52,b48,78.0,81.0,84.0
b52,b77,46.0,48.0,51.0
b52,b34,63.0,66.0,68.0
b52,b70,73.0,81.0,89.0
b52,b71,35.0,39.0,43.0
b52,b64,36.0,43.0,48.0
b52,b107,33.0,35.0,37.0
b52,b90,80.0,84.0,89.0
b52,b118,51.0,54.0,56.0
b52,b1,61.0,63.0,67.0
b52,b35,49.0,51.0,55.0
b52,b36,54.0,57.0,60.0
b52,b37,63.0,65.0,68.0
b52,b108,52.0,55.0,58.0
b52,b109,56.0,59.0,63.0
b52,b39,81.0,84.0,88.0
b52,b3,66.0,70.0,73.0
b52,p_centro,45.0,47.0,50.0
b52,p_beira_mar,65.0,68.0,71.0
b52,p_aldeota,53.0,55.0,58.0
b52,p_papicu,46.0,49.0,53.0
b52,p_iguatemi,40.0,42.0,44.0
b52,p_unifor,41.0,43.0,44.0
b52,p_centro_eventos,38.0,40.0,42.0
b52,p_parangaba,36.0,38.0,41.0
b52,p_messejana,24.0,25.0,26.0
b52,p_ufc_benfica,46.0,50.0,54.0
b52,p_ufc_pici,75.0,77.0,80.0
b52,p_aeroporto,65.0,69.0,74.0
b53,b91,47.0,52.0,55.0
b53,b92,87.0,91.0,99.0
b53,b2,61.0,62.0,63.0
b53,b93,57.0,60.0,62.0
b53,b4,84.0,87.0,90.0
b53,b50,54.0,56.0,59.0
b53,b40,91.0,95.0,98.0
b53,b122,76.0,82.0,86.0
b53,b41,92.0,96.0,99.0
b53,b6,94.0,97.0,100.0
b53,b51,45.0,48.0,50.0
b53,b94,90.0,92.0,95.0
b53,b7,66.0,69.0,71.0
b53,b95,60.0,65.0,67.0
b53,b8,79.0,82.0,84.0
b53,b72,73.0,82.0,87.0
b53,b73,69.0,74.0,79.0
b53,b110,73.0,76.0,80.0
b53,b52,39.0,42.0,45.0
b53,b53,0.0,0.0,0.0
b53,b74,82.0,89.0,93.0
b53,b9,83.0,86.0,90.0
b53,b10,69.0,71.0,73.0
b53,b111,59.0,61.0,63.0
b53,b54,33.0,37.0,40.0
b53,b55,55.0,58.0,61.0
b53,b11,45.0,47.0,49.0
b53,b42,93.0,98.0,102.0
b53,b75,93.0,98.0,102.0
b53,b76,73.0,79.0,84.0
b53,b117,44.0,45.0,48.0
b53,b96,86.0,89.0,91.0
b53,b12,91.0,95.0,98.0
b53,b56,23.0,25.0,27.0
b53,b13,81.0,85.0,87.0
b53,b116,78.0,82.0,84.0
b53,b97,82.0,86.0,88.0
b53,b98,70.0,73.0,76.0
b53,b14,59.0,61.0,63.0
b53,b43,90.0,95.0,99.0
b53,b57,67.0,70.0,73.0
b53,b38,91.0,95.0,99.0
b53,b58,50.0,53.0,55.0
b53,b15,70.0,73.0,75.0
b53,b17,107.0,109.0,113.0
b53,b16,59.0,63.0,65.0
b53,b78,83.0,90.0,95.0
b53,b79,78.0,83.0,89.0
b53,b59,35.0,36.0,37.0
b53,b60,46.0,47.0,49.0
b53,b45,75.0,80.0,85.0
b53,b99,76.0,80.0,83.0
b53,b100,63.0,66.0,69.0
b53,b18,78.0,81.0,84.0
b53,b61,52.0,54.0,56.0
b53,b19,74.0,78.0,80.0
b53,b80,70.0,75.0,81.0
b53,b62,41.0,44.0,47.0
b53,b20,102.0,106.0,110.0
b53,b21,103.0,107.0,111.0
b53,b22,67.0,69.0,71.0
b53,b23,64.0,66.0,68.0
b53,b49,22.0,24.0,26.0
b53,b46,74.0,80.0,85.0
b53,b101,83.0,87.0,89.0
b53,b63,33.0,35.0,37.0
b53,b81,63.0,69.0,72.0
b53,b112,68.0,71.0,74.0
b53,b82,64.0,69.0,74.0
b53,b24,66.0,69.0,71.0
b53,b65,30.0,33.0,35.0
b53,b83,52.0,56.0,59.0
b53,b25,86.0,91.0,94.0
b53,b103,78.0,81.0,84.0
b53,b5,75.0,78.0,80.0
b53,b26,67.0,69.0,72.0
b53,b121,66.0,71.0,74.0
b53,b119,104.0,108.0,110.0
b53,b47,91.0,94.0,96.0
b53,b104,89.0,92.0,94.0
b53,b27,54.0,57.0,60.0
b53,b105,73.0,78.0,81.0
b53,b28,77.0,79.0,81.0
b53,b84,70.0,74.0,76.0
b53,b44,91.0,95.0,98.0
b53,b66,30.0,31.0,33.0
b53,b67,28.0,32.0,37.0
b53,b85,89.0,94.0,98.0
b53,b120,43.0,45.0,48.0
b53,b87,83.0,88.0,92.0
b53,b86,64.0,69.0,73.0
b53,b29,81.0,84.0,86.0
b53,b30,74.0,77.0,81.0
b53,b88,59.0,62.0,65.0
b53,b68,52.0,54.0,57.0
b53,b69,75.0,79.0,83.0
b53,b106,102.0,106.0,112.0
b53,b31,86.0,91.0,94.0
b53,b115,72.0,75.0,78.0
b53,b32,75.0,78.0,80.0
b53,b113,73.0,76.0,79.0
b53,b114,75.0,80.0,83.0
b53,b89,63.0,68.0,73.0
b53,b33,85.0,89.0,92.0
b53,b48,99.0,103.0,105.0
b53,b77,70.0,74.0,76.0
b53,b34,87.0,89.0,92.0
b53,b70,63.0,68.0,76.0
b53,b71,51.0,54.0,55.0
b53,b64,41.0,46.0,52.0
b53,b107,65.0,69.0,71.0
b53,b90,89.0,98.0,104.0
b53,b118,47.0,50.0,53.0
b53,b1,84.0,86.0,88.0
b53,b35,65.0,68.0,70.0
b53,b36,58.0,60.0,61.0
b53,b37,64.0,66.0,68.0
b53,b108,69.0,74.0,78.0
b53,b109,79.0,83.0,88.0
b53,b39,103.0,107.0,109.0
b53,b3,87.0,91.0,94.0
b53,p_centro,69.0,71.0,73.0
b53,p_beira_mar,73.0,75.0,77.0
b53,p_aldeota,61.0,62.0,64.0
b53,p_papicu,51.0,53.0,54.0
b53,p_iguatemi,42.0,43.0,44.0
b53,p_unifor,43.0,44.0,45.0
b53,p_centro_eventos,39.0,40.0,41.0
b53,p_parangaba,66.0,71.0,74.0
b53,p_messejana,31.0,33.0,35.0
b53,p_ufc_benfica,69.0,72.0,75.0
b53,p_ufc_pici,95.0,98.0,101.0
b53,p_aeroporto,89.0,94.0,101.0
b74,b91,72.0,75.0,79.0
b74,b92,72.0,76.0,80.0
b74,b2,85.0,88.0,92.0
b74,b93,80.0,84.0,87.0
b74,b4,66.0,69.0,71.0
b74,b50,99.0,102.0,104.0
b74,b40,59.0,61.0,65.0
b74,b122,46.0,51.0,54.0
b74,b41,54.0,57.0,60.0
b74,b6,76.0,80.0,85.0
b74,b51,72.0,74.0,76.0
b74,b94,60.0,62.0,64.0
b74,b7,59.0,62.0,65.0
b74,b95,70.0,73.0,77.0
b74,b8,59.0,62.0,64.0
b74,b72,26.0,29.0,32.0
b74,b73,32.0,35.0,37.0
b74,b110,104.0,108.0,111.0
b74,b52,74.0,78.0,81.0
b74,b53,97.0,100.0,102.0
b74,b74,0.0,0.0,0.0
b74,b9,80.0,83.0,86.0
b74,b10,76.0,78.0,81.0
b74,b111,105.0,109.0,115.0
b74,b54,88.0,92.0,95.0
b74,b55,97.0,101.0,106.0
b74,b11,99.0,102.0,105.0
b74,b42,55.0,58.0,62.0
b74,b75,53.0,56.0,57.0
b74,b76,27.0,29.0,31.0
b74,b117,70.0,73.0,76.0
b74,b96,51.0,53.0,55.0
b74,b12,86.0,89.0,91.0
b74,b56,85.0,87.0,89.0
b74,b13,50.0,53.0,56.0
b74,b116,124.0,127.0,131.0
b74,b97,46.0,48.0,50.0
b74,b98,70.0,73.0,77.0
b74,b14,81.0,84.0,87.0
b74,b43,54.0,57.0,60.0
b74,b57,138.0,145.0,
b74,b38,84.0,86.0,89.0
b74,b58,98.0,103.0,107.0
b74,b15,69.0,71.0,74.0
b74,b17,76.0,81.0,85.0
b74,b16,62.0,65.0,69.0
b74,b78,41.0,43.0,45.0
b74,b79,38.0,41.0,44.0
b74,b59,87.0,90.0,92.0
b74,b60,86.0,90.0,93.0
b74,b45,39.0,41.0,44.0
b74,b99,48.0,51.0,54.0
b74,b100,50.0,53.0,56.0
b74,b18,75.0,78.0,81.0
b74,b61,79.0,81.0,84.0
b74,b19,62.0,64.0,67.0
b74,b80,55.0,57.0,60.0
b74,b62,101.0,104.0,107.0
b74,b20,64.0,68.0,72.0
b74,b21,70.0,73.0,77.0
b74,b22,82.0,85.0,87.0
b74,b23,71.0,74.0,77.0
b74,b49,94.0,97.0,99.0
b74,b46,38.0,40.0,43.0
b74,b101,46.0,48.0,51.0
b74,b63,91.0,97.0,102.0
b74,b81,34.0,35.0,38.0
b74,b112,114.0,119.0,124.0
b74,b82,47.0,49.0,51.0
b74,b24,90.0,92.0,95.0
b74,b65,80.0,82.0,84.0
b74,b83,42.0,43.0,45.0
b74,b25,84.0,86.0,90.0
b74,b103,54.0,57.0,60.0
b74,b5,63.0,67.0,71.0
b74,b26,92.0,95.0,98.0
b74,b121,32.0,33.0,35.0
b74,b119,68.0,72.0,77.0
b74,b47,62.0,65.0,69.0
b74,b104,54.0,56.0,58.0
b74,b27,98.0,101.0,104.0
b74,b105,47.0,49.0,52.0
b74,b28,71.0,74.0,77.0
b74,b84,65.0,67.0,69.0
b74,b44,53.0,56.0,58.0
b74,b66,96.0,98.0,100.0
b74,b67,95.0,99.0,102.0
b74,b85,27.0,30.0,33.0
b74,b120,88.0,90.0,93.0
b74,b87,22.0,24.0,27.0
b74,b86,26.0,28.0,29.0
b74,b29,72.0,74.0,77.0
b74,b30,64.0,66.0,69.0
b74,b88,64.0,67.0,71.0
b74,b68,93.0,98.0,101.0
b74,b69,113.0,115.0,120.0
b74,b106,62.0,67.0,71.0
b74,b31,83.0,87.0,91.0
b74,b115,66.0,69.0,73.0
b74,b32,83.0,86.0,89.0
b74,b113,111.0,115.0,118.0
b74,b114,118.0,122.0,125.0
b74,b89,62.0,64.0,67.0
b74,b33,73.0,76.0,78.0
b74,b48,72.0,75.0,79.0
b74,b77,62.0,64.0,67.0
b74,b34,63.0,66.0,68.0
b74,b70,124.0,134.0,142.0
b74,b71,89.0,94.0,98.0
b74,b64,109.0,114.0,120.0
b74,b107,57.0,59.0,62.0
b74,b90,38.0,41.0,44.0
b74,b118,96.0,101.0,104.0
b74,b1,78.0,81.0,84.0
b74,b35,80.0,84.0,88.0
b74,b36,97.0,100.0,103.0
b74,b37,114.0,118.0,121.0
b74,b108,32.0,34.0,36.0
b74,b109,65.0,69.0,73.0
b74,b39,74.0,78.0,82.0
b74,b3,83.0,86.0,89.0
b74,p_centro,71.0,74.0,78.0
b74,p_beira_mar,93.0,96.0,98.0
b74,p_aldeota,86.0,89.0,93.0
b74,p_papicu,94.0,96.0,100.0
b74,p_iguatemi,87.0,91.0,94.0
b74,p_unifor,98.0,102.0,106.0
b74,p_centro_eventos,98.0,101.0,105.0
b74,p_parangaba,43.0,45.0,47.0
b74,p_messejana,66.0,69.0,71.0
b74,p_ufc_benfica,60.0,62.0,65.0
b74,p_ufc_pici,74.0,77.0,81.0
b74,p_aeroporto,74.0,78.0,82.0
b9,b91,57.0,59.0,62.0
b9,b92,65.0,69.0,73.0
b9,b2,51.0,53.0,55.0
b9,b93,56.0,59.0,62.0
b9,b4,42.0,45.0,48.0
b9,b50,80.0,82.0,85.0
b9,b40,47.0,49.0,51.0
b9,b122,70.0,75.0,79.0
b9,b41,56.0,57.0,60.0
b9,b6,23.0,25.0,26.0
b9,b51,86.0,89.0,91.0
b9,b94,45.0,47.0,48.0
b9,b7,39.0,40.0,42.0
b9,b95,62.0,65.0,68.0
b9,b8,49.0,51.0,53.0
b9,b72,71.0,74.0,77.0
b9,b73,60.0,62.0,64.0
b9,b110,52.0,54.0,56.0
b9,b52,60.0,62.0,65.0
b9,b53,80.0,84.0,87.0
b9,b74,79.0,81.0,84.0
b9,b9,0.0,0.0,0.0
b9,b10,33.0,35.0,36.0
b9,b111,68.0,71.0,74.0
b9,b54,68.0,71.0,76.0
b9,b55,92.0,97.0,103.0
b9,b11,64.0,66.0,68.0
b9,b42,61.0,63.0,66.0
b9,b75,67.0,68.0,71.0
b9,b76,64.0,68.0,72.0
b9,b117,84.0,86.0,89.0
b9,b96,45.0,47.0,49.0
b9,b12,21.0,23.0,25.0
b9,b56,81.0,84.0,88.0
b9,b13,43.0,45.0,46.0
b9,b116,72.0,74.0,76.0
b9,b97,42.0,44.0,46.0
b9,b98,63.0,67.0,70.0
b9,b14,55.0,56.0,58.0
b9,b43,57.0,58.0,60.0
b9,b57,104.0,109.0,115.0
b9,b38,24.0,25.0,26.0
b9,b58,83.0,87.0,91.0
b9,b15,34.0,35.0,37.0
b9,b17,34.0,37.0,40.0
b9,b16,42.0,44.0,46.0
b9,b78,79.0,81.0,84.0
b9,b79,68.0,71.0,75.0
b9,b59,86.0,89.0,92.0
b9,b60,62.0,64.0,66.0
b9,b45,52.0,53.0,55.0
b9,b99,56.0,58.0,60.0
b9,b100,65.0,67.0,69.0
b9,b18,17.0,18.0,19.0
b9,b61,88.0,91.0,94.0
b9,b19,47.0,48.0,50.0
b9,b80,71.0,74.0,78.0
b9,b62,79.0,82.0,84.0
b9,b20,40.0,42.0,44.0
b9,b21,30.0,34.0,38.0
b9,b22,49.0,50.0,52.0
b9,b23,38.0,40.0,43.0
b9,b49,85.0,89.0,92.0
b9,b46,58.0,60.0,62.0
b9,b101,53.0,55.0,57.0
b9,b63,84.0,91.0,97.0
b9,b81,58.0,63.0,66.0
b9,b112,77.0,80.0,83.0
b9,b82,64.0,68.0,72.0
b9,b24,38.0,40.0,42.0
b9,b65,66.0,68.0,71.0
b9,b83,73.0,76.0,80.0
b9,b25,19.0,21.0,22.0
b9,b103,51.0,53.0,55.0
b9,b5,23.0,24.0,26.0
b9,b26,40.0,42.0,44.0
b9,b121,67.0,71.0,74.0
b9,b119,43.0,45.0,48.0
b9,b47,35.0,39.0,42.0
b9,b104,46.0,48.0,50.0
b9,b27,62.0,63.0,65.0
b9,b105,54.0,59.0,62.0
b9,b28,36.0,38.0,39.0
b9,b84,77.0,79.0,81.0
b9,b44,55.0,56.0,58.0
b9,b66,68.0,70.0,73.0
b9,b67,76.0,81.0,86.0
b9,b85,71.0,76.0,80.0
b9,b120,69.0,71.0,74.0
b9,b87,75.0,79.0,83.0
b9,b86,66.0,68.0,71.0
b9,b29,38.0,41.0,43.0
b9,b30,44.0,46.0,49.0
b9,b88,69.0,73.0,77.0
b9,b68,80.0,84.0,91.0
b9,b69,106.0,109.0,114.0
b9,b106,59.0,63.0,68.0
b9,b31,17.0,17.0,17.0
b9,b115,88.0,92.0,97.0
b9,b32,35.0,36.0,37.0
b9,b113,59.0,61.0,63.0
b9,b114,66.0,68.0,70.0
b9,b89,87.0,90.0,94.0
b9,b33,27.0,29.0,31.0
b9,b48,48.0,51.0,53.0
b9,b77,73.0,75.0,77.0
b9,b34,44.0,46.0,48.0
b9,b70,117.0,124.0,135.0
b9,b71,75.0,79.0,81.0
b9,b64,84.0,92.0,99.0
b9,b107,66.0,70.0,73.0
b9,b90,89.0,93.0,96.0
b9,b118,89.0,93.0,97.0
b9,b1,34.0,36.0,38.0
b9,b35,60.0,62.0,65.0
b9,b36,51.0,53.0,55.0
b9,b37,60.0,63.0,66.0
b9,b108,60.0,62.0,64.0
b9,b109,56.0,58.0,62.0
b9,b39,42.0,45.0,48.0
b9,b3,13.0,14.0,16.0
b9,p_centro,32.0,33.0,35.0
b9,p_beira_mar,41.0,43.0,45.0
b9,p_aldeota,52.0,55.0,57.0
b9,p_papicu,52.0,55.0,57.0
b9,p_iguatemi,64.0,65.0,67.0
b9,p_unifor,77.0,79.0,81.0
b9,p_centro_eventos,75.0,76.0,78.0
b9,p_parangaba,47.0,52.0,55.0
b9,p_messejana,65.0,68.0,70.0
b9,p_ufc_benfica,38.0,40.0,41.0
b9,p_ufc_pici,46.0,49.0,52.0
b9,p_aeroporto,67.0,71.0,75.0
b10,b91,36.0,37.0,38.0
b10,b92,51.0,55.0,60.0
b10,b2,29.0,30.0,32.0
b10,b93,32.0,34.0,36.0
b10,b4,40.0,42.0,44.0
b10,b50,62.0,64.0,67.0
b10,b40,47.0,48.0,49.0
b10,b122,63.0,67.0,70.0
b10,b41,52.0,54.0,56.0
b10,b6,39.0,41.0,44.0
b10,b51,55.0,57.0,60.0
b10,b94,40.0,42.0,44.0
b10,b7,26.0,27.0,29.0
b10,b95,39.0,41.0,44.0
b10,b8,39.0,40.0,42.0
b10,b72,64.0,69.0,72.0
b10,b73,56.0,58.0,60.0
b10,b110,44.0,46.0,48.0
b10,b52,37.0,38.0,40.0
b10,b53,58.0,62.0,65.0
b10,b74,70.0,74.0,78.0
b10,b9,33.0,34.0,36.0
b10,b10,0.0,0.0,0.0
b10,b111,45.0,48.0,50.0
b10,b54,45.0,47.0,49.0
b10,b55,73.0,76.0,80.0
b10,b11,40.0,43.0,46.0
b10,b42,60.0,62.0,63.0
b10,b75,65.0,67.0,68.0
b10,b76,56.0,60.0,64.0
b10,b117,58.0,59.0,62.0
b10,b96,41.0,42.0,44.0
b10,b12,38.0,41.0,43.0
b10,b56,60.0,63.0,65.0
b10,b13,37.0,39.0,40.0
b10,b116,63.0,64.0,66.0
b10,b97,37.0,39.0,40.0
b10,b98,41.0,44.0,47.0
b10,b14,32.0,34.0,36.0
b10,b43,54.0,56.0,57.0
b10,b57,78.0,82.0,87.0
b10,b38,43.0,46.0,47.0
b10,b58,57.0,60.0,63.0
b10,b15,25.0,27.0,30.0
b10,b17,58.0,60.0,62.0
b10,b16,23.0,23.0,25.0
b10,b78,73.0,77.0,80.0
b10,b79,61.0,65.0,69.0
b10,b59,65.0,67.0,69.0
b10,b60,40.0,42.0,45.0
b10,b45,48.0,50.0,52.0
b10,b99,47.0,49.0,50.0
b10,b100,51.0,53.0,56.0
b10,b18,27.0,28.0,29.0
b10,b61,62.0,65.0,67.0
b10,b19,35.0,37.0,38.0
b10,b80,62.0,65.0,69.0
b10,b62,52.0,54.0,57.0
b10,b20,56.0,58.0,60.0
b10,b21,54.0,56.0,59.0
b10,b22,28.0,29.0,30.0
b10,b23,17.0,18.0,19.0
b10,b49,60.0,63.0,66.0
b10,b46,54.0,56.0,58.0
b10,b101,49.0,50.0,52.0
b10,b63,64.0,68.0,73.0
b10,b81,51.0,55.0,58.0
b10,b112,54.0,57.0,60.0
b10,b82,56.0,59.0,63.0
b10,b24,30.0,31.0,32.0
b10,b65,46.0,48.0,50.0
b10,b83,64.0,66.0,69.0
b10,b25,37.0,38.0,40.0
b10,b103,39.0,41.0,43.0
b10,b5,26.0,27.0,28.0
b10,b26,32.0,34.0,36.0
b10,b121,59.0,63.0,67.0
b10,b119,58.0,60.0,61.0
b10,b47,44.0,45.0,47.0
b10,b104,41.0,43.0,44.0
b10,b27,40.0,42.0,44.0
b10,b105,47.0,50.0,54.0
b10,b28,31.0,32.0,33.0
b10,b84,65.0,67.0,69.0
b10,b44,51.0,53.0,55.0
b10,b66,45.0,47.0,48.0
b10,b67,52.0,54.0,57.0
b10,b85,64.0,68.0,71.0
b10,b120,51.0,53.0,56.0
b10,b87,67.0,71.0,75.0
b10,b86,60.0,62.0,64.0
b10,b29,36.0,37.0,39.0
b10,b30,33.0,35.0,37.0
b10,b88,47.0,49.0,52.0
b10,b68,59.0,63.0,67.0
b10,b69,82.0,85.0,88.0
b10,b106,57.0,63.0,66.0
b10,b31,32.0,35.0,37.0
b10,b115,76.0,80.0,84.0
b10,b32,23.0,23.0,25.0
b10,b113,51.0,53.0,55.0
b10,b114,58.0,60.0,62.0
b10,b89,70.0,74.0,77.0
b10,b33,43.0,44.0,46.0
b10,b48,52.0,54.0,55.0
b10,b77,62.0,64.0,66.0
b10,b34,39.0,41.0,42.0
b10,b70,94.0,99.0,108.0
b10,b71,48.0,51.0,53.0
b10,b64,59.0,67.0,74.0
b10,b107,50.0,52.0,56.0
b10,b90,83.0,87.0,90.0
b10,b118,69.0,71.0,74.0
b10,b1,37.0,38.0,40.0
b10,b35,36.0,40.0,42.0
b10,b36,41.0,42.0,44.0
b10,b37,51.0,54.0,57.0
b10,b108,54.0,56.0,58.0
b10,b109,44.0,46.0,47.0
b10,b39,56.0,58.0,59.0
b10,b3,36.0,38.0,40.0
b10,p_centro,5.0,5.0,5.0
b10,p_beira_mar,33.0,35.0,36.0
b10,p_aldeota,32.0,34.0,36.0
b10,p_papicu,40.0,42.0,43.0
b10,p_iguatemi,41.0,44.0,46.0
b10,p_unifor,55.0,57.0,60.0
b10,p_centro_eventos,50.0,52.0,54.0
b10,p_parangaba,40.0,44.0,47.0
b10,p_messejana,39.0,41.0,42.0
b10,p_ufc_benfica,28.0,30.0,32.0
b10,p_ufc_pici,48.0,50.0,51.0
b10,p_aeroporto,53.0,57.0,62.0
b111,b91,44.0,47.0,50.0
b111,b92,73.0,83.0,89.0
b111,b2,39.0,41.0,42.0
b111,b93,49.0,52.0,55.0
b111,b4,74.0,76.0,79.0
b111,b50,87.0,91.0,94.0
b111,b40,78.0,80.0,82.0
b111,b122,94.0,98.0,101.0
b111,b41,87.0,89.0,92.0
b111,b6,67.0,70.0,74.0
b111,b51,78.0,81.0,83.0
b111,b94,76.0,79.0,81.0
b111,b7,55.0,58.0,60.0
b111,b95,59.0,62.0,66.0
b111,b8,73.0,75.0,76.0
b111,b72,88.0,96.0,106.0
b111,b73,84.0,90.0,94.0
b111,b110,42.0,45.0,48.0
b111,b52,62.0,65.0,68.0
b111,b53,56.0,58.0,60.0
b111,b74,100.0,105.0,117.0
b111,b9,66.0,68.0,70.0
b111,b10,51.0,53.0,56.0
b111,b111,0.0,0.0,0.0
b111,b54,60.0,63.0,65.0
b111,b55,88.0,91.0,95.0
b111,b11,18.0,19.0,19.0
b111,b42,92.0,95.0,98.0
b111,b75,95.0,99.0,102.0
b111,b76,90.0,92.0,95.0
b111,b117,75.0,77.0,79.0
b111,b96,75.0,77.0,79.0
b111,b12,66.0,69.0,73.0
b111,b56,58.0,61.0,64.0
b111,b13,70.0,73.0,75.0
b111,b116,27.0,29.0,32.0
b111,b97,72.0,74.0,76.0
b111,b98,63.0,66.0,70.0
b111,b14,39.0,42.0,45.0
b111,b43,87.0,89.0,91.0
b111,b57,68.0,72.0,75.0
b111,b38,74.0,79.0,82.0
b111,b58,49.0,53.0,56.0
b111,b15,55.0,57.0,59.0
b111,b17,88.0,92.0,98.0
b111,b16,51.0,53.0,56.0
b111,b78,98.0,107.0,115.0
b111,b79,90.0,96.0,105.0
b111,b59,68.0,70.0,72.0
b111,b60,36.0,38.0,40.0
b111,b45,82.0,84.0,86.0
b111,b99,68.0,72.0,76.0
b111,b100,64.0,69.0,84.0
b111,b18,59.0,62.0,64.0
b111,b61,84.0,86.0,88.0
b111,b19,68.0,70.0,71.0
b111,b80,82.0,86.0,94.0
b111,b62,51.0,54.0,58.0
b111,b20,86.0,89.0,92.0
b111,b21,83.0,87.0,90.0
b111,b22,54.0,56.0,57.0
b111,b23,53.0,55.0,56.0
b111,b49,57.0,60.0,61.0
b111,b46,88.0,91.0,93.0
b111,b101,82.0,84.0,87.0
b111,b63,68.0,71.0,73.0
b111,b81,83.0,86.0,89.0
b111,b112,12.0,14.0,16.0
b111,b82,78.0,82.0,87.0
b111,b24,34.0,36.0,38.0
b111,b65,66.0,68.0,70.0
b111,b83,85.0,89.0,92.0
b111,b25,71.0,73.0,76.0
b111,b103,72.0,74.0,75.0
b111,b5,48.0,52.0,55.0
b111,b26,40.0,42.0,45.0
b111,b121,89.0,93.0,96.0
b111,b119,88.0,91.0,93.0
b111,b47,75.0,77.0,78.0
b111,b104,76.0,78.0,80.0
b111,b27,20.0,21.0,23.0
b111,b105,72.0,75.0,79.0
b111,b28,61.0,63.0,65.0
b111,b84,81.0,87.0,98.0
b111,b44,86.0,88.0,91.0
b111,b66,70.0,74.0,77.0
b111,b67,54.0,56.0,58.0
b111,b85,97.0,101.0,104.0
b111,b120,76.0,79.0,82.0
b111,b87,100.0,103.0,107.0
b111,b86,84.0,89.0,97.0
b111,b29,67.0,69.0,71.0
b111,b30,67.0,69.0,72.0
b111,b88,66.0,69.0,72.0
b111,b68,87.0,90.0,93.0
b111,b69,111.0,114.0,118.0
b111,b106,89.0,97.0,103.0
b111,b31,60.0,63.0,66.0
b111,b115,93.0,98.0,106.0
b111,b32,48.0,51.0,53.0
b111,b113,30.0,33.0,36.0
b111,b114,38.0,40.0,43.0
b111,b89,90.0,93.0,95.0
b111,b33,73.0,76.0,79.0
b111,b48,84.0,86.0,88.0
b111,b77,75.0,82.0,93.0
b111,b34,74.0,75.0,78.0
b111,b70,97.0,106.0,114.0
b111,b71,42.0,45.0,48.0
b111,b64,66.0,70.0,74.0
b111,b107,63.0,68.0,83.0
b111,b90,107.0,114.0,133.0
b111,b118,81.0,84.0,87.0
b111,b1,68.0,70.0,72.0
b111,b35,51.0,53.0,56.0
b111,b36,27.0,29.0,31.0
b111,b37,36.0,40.0,43.0
b111,b108,79.0,83.0,90.0
b111,b109,70.0,74.0,78.0
b111,b39,88.0,90.0,92.0
b111,b3,70.0,73.0,76.0
b111,p_centro,52.0,54.0,57.0
b111,p_beira_mar,45.0,47.0,49.0
b111,p_aldeota,38.0,41.0,43.0
b111,p_papicu,23.0,25.0,26.0
b111,p_iguatemi,34.0,36.0,37.0
b111,p_unifor,46.0,48.0,50.0
b111,p_centro_eventos,40.0,42.0,44.0
b111,p_parangaba,64.0,67.0,71.0
b111,p_messejana,64.0,66.0,68.0
b111,p_ufc_benfica,58.0,61.0,63.0
b111,p_ufc_pici,79.0,81.0,83.0
b111,p_aeroporto,75.0,85.0,91.0
b54,b91,32.0,33.0,34.0
b54,b92,72.0,76.0,80.0
b54,b2,52.0,56.0,59.0
b54,b93,39.0,41.0,42.0
b54,b4,71.0,72.0,75.0
b54,b50,56.0,59.0,62.0
b54,b40,78.0,80.0,82.0
b54,b122,83.0,86.0,91.0
b54,b41,74.0,77.0,80.0
b54,b6,78.0,80.0,82.0
b54,b51,52.0,55.0,57.0
b54,b94,72.0,75.0,77.0
b54,b7,51.0,53.0,55.0
b54,b95,44.0,45.0,47.0
b54,b8,63.0,64.0,67.0
b54,b72,74.0,80.0,86.0
b54,b73,70.0,72.0,76.0
b54,b110,64.0,70.0,74.0
b54,b52,19.0,21.0,24.0
b54,b53,32.0,34.0,37.0
b54,b74,84.0,87.0,92.0
b54,b9,68.0,70.0,72.0
b54,b10,51.0,53.0,54.0
b54,b111,54.0,58.0,62.0
b54,b54,0.0,0.0,0.0
b54,b55,65.0,69.0,72.0
b54,b11,45.0,47.0,49.0
b54,b42,83.0,86.0,89.0
b54,b75,82.0,86.0,91.0
b54,b76,78.0,80.0,84.0
b54,b117,49.0,52.0,55.0
b54,b96,67.0,69.0,72.0
b54,b12,77.0,78.0,81.0
b54,b56,38.0,41.0,43.0
b54,b13,64.0,66.0,67.0
b54,b116,73.0,76.0,81.0
b54,b97,65.0,68.0,71.0
b54,b98,50.0,53.0,56.0
b54,b14,51.0,54.0,56.0
b54,b43,75.0,79.0,82.0
b54,b57,65.0,68.0,73.0
b54,b38,78.0,80.0,83.0
b54,b58,28.0,32.0,38.0
b54,b15,55.0,56.0,58.0
b54,b17,90.0,93.0,96.0
b54,b16,43.0,45.0,46.0
b54,b78,86.0,90.0,96.0
b54,b79,74.0,78.0,83.0
b54,b59,49.0,51.0,52.0
b54,b60,38.0,43.0,45.0
b54,b45,67.0,69.0,73.0
b54,b99,57.0,60.0,62.0
b54,b100,43.0,45.0,48.0
b54,b18,62.0,64.0,66.0
b54,b61,53.0,57.0,61.0
b54,b19,58.0,60.0,62.0
b54,b80,65.0,69.0,71.0
b54,b62,17.0,19.0,22.0
b54,b20,88.0,91.0,93.0
b54,b21,89.0,92.0,95.0
b54,b22,51.0,52.0,54.0
b54,b23,47.0,48.0,50.0
b54,b49,35.0,38.0,41.0
b54,b46,71.0,75.0,79.0
b54,b101,63.0,66.0,69.0
b54,b63,46.0,49.0,51.0
b54,b81,69.0,72.0,76.0
b54,b112,62.0,68.0,72.0
b54,b82,64.0,66.0,69.0
b54,b24,55.0,60.0,64.0
b54,b65,38.0,40.0,43.0
b54,b83,62.0,66.0,69.0
b54,b25,72.0,74.0,76.0
b54,b103,60.0,62.0,64.0
b54,b5,61.0,62.0,64.0
b54,b26,52.0,59.0,64.0
b54,b121,72.0,75.0,80.0
b54,b119,91.0,93.0,95.0
b54,b47,76.0,78.0,79.0
b54,b104,72.0,74.0,76.0
b54,b27,49.0,52.0,57.0
b54,b105,56.0,59.0,61.0
b54,b28,62.0,63.0,65.0
b54,b84,57.0,60.0,63.0
b54,b44,74.0,77.0,80.0
b54,b66,21.0,24.0,27.0
b54,b67,26.0,28.0,29.0
b54,b85,85.0,89.0,93.0
b54,b120,45.0,48.0,50.0
b54,b87,84.0,88.0,92.0
b54,b86,69.0,72.0,77.0
b54,b29,66.0,68.0,71.0
b54,b30,60.0,62.0,64.0
b54,b88,43.0,45.0,47.0
b54,b68,55.0,59.0,64.0
b54,b69,81.0,85.0,89.0
b54,b106,83.0,86.0,90.0
b54,b31,71.0,74.0,77.0
b54,b115,75.0,78.0,83.0
b54,b32,59.0,61.0,64.0
b54,b113,63.0,69.0,73.0
b54,b114,71.0,78.0,82.0
b54,b89,68.0,72.0,75.0
b54,b33,71.0,74.0,77.0
b54,b48,85.0,87.0,88.0
b54,b77,58.0,60.0,62.0
b54,b34,71.0,73.0,75.0
b54,b70,74.0,83.0,91.0
b54,b71,25.0,29.0,33.0
b54,b64,36.0,42.0,49.0
b54,b107,45.0,47.0,50.0
b54,b90,94.0,99.0,104.0
b54,b118,62.0,64.0,66.0
b54,b1,69.0,71.0,72.0
b54,b35,53.0,56.0,58.0
b54,b36,46.0,51.0,57.0
b54,b37,59.0,64.0,67.0
b54,b108,65.0,67.0,71.0
b54,b109,63.0,67.0,70.0
b54,b39,89.0,91.0,92.0
b54,b3,73.0,75.0,77.0
b54,p_centro,52.0,53.0,55.0
b54,p_beira_mar,59.0,64.0,70.0
b54,p_aldeota,52.0,56.0,59.0
b54,p_papicu,38.0,43.0,48.0
b54,p_iguatemi,34.0,39.0,43.0
b54,p_unifor,41.0,43.0,44.0
b54,p_centro_eventos,39.0,41.0,43.0
b54,p_parangaba,48.0,50.0,52.0
b54,p_messejana,39.0,41.0,43.0
b54,p_ufc_benfica,55.0,57.0,58.0
b54,p_ufc_pici,81.0,82.0,84.0
b54,p_aeroporto,74.0,78.0,82.0
b55,b91,71.0,73.0,75.0
b55,b92,113.0,118.0,124.0
b55,b2,87.0,89.0,92.0
b55,b93,79.0,81.0,83.0
b55,b4,111.0,113.0,115.0
b55,b50,60.0,63.0,66.0
b55,b40,112.0,117.0,120.0
b55,b122,92.0,99.0,105.0
b55,b41,121.0,125.0,128.0
b55,b6,119.0,122.0,125.0
b55,b51,61.0,64.0,67.0
b55,b94,112.0,116.0,119.0
b55,b7,90.0,92.0,95.0
b55,b95,83.0,86.0,89.0
b55,b8,102.0,104.0,107.0
b55,b72,95.0,100.0,105.0
b55,b73,86.0,92.0,97.0
b55,b110,103.0,107.0,111.0
b55,b52,68.0,70.0,73.0
b55,b53,58.0,60.0,63.0
b55,b74,101.0,107.0,113.0
b55,b9,108.0,111.0,114.0
b55,b10,90.0,93.0,95.0
b55,b111,88.0,91.0,94.0
b55,b54,71.0,73.0,76.0
b55,b55,0.0,0.0,0.0
b55,b11,74.0,77.0,79.0
b55,b42,121.0,124.0,128.0
b55,b75,112.0,117.0,121.0
b55,b76,93.0,97.0,102.0
b55,b117,60.0,62.0,65.0
b55,b96,105.0,110.0,114.0
b55,b12,118.0,121.0,124.0
b55,b56,45.0,47.0,50.0
b55,b13,104.0,108.0,111.0
b55,b116,111.0,114.0,117.0
b55,b97,101.0,106.0,111.0
b55,b98,91.0,94.0,97.0
b55,b14,85.0,87.0,89.0
b55,b43,108.0,113.0,118.0
b55,b57,96.0,99.0,103.0
b55,b38,118.0,121.0,124.0
b55,b58,80.0,84.0,88.0
b55,b15,95.0,97.0,100.0
b55,b17,132.0,136.0,140.0
b55,b16,82.0,84.0,86.0
b55,b78,103.0,108.0,113.0
b55,b79,95.0,100.0,107.0
b55,b59,49.0,50.0,53.0
b55,b60,74.0,76.0,79.0
b55,b45,92.0,98.0,103.0
b55,b99,99.0,105.0,109.0
b55,b100,83.0,87.0,92.0
b55,b18,103.0,105.0,108.0
b55,b61,67.0,70.0,73.0
b55,b19,98.0,101.0,103.0
b55,b80,88.0,92.0,97.0
b55,b62,74.0,77.0,80.0
b55,b20,130.0,134.0,136.0
b55,b21,130.0,134.0,136.0
b55,b22,89.0,92.0,94.0
b55,b23,85.0,88.0,90.0
b55,b49,54.0,57.0,60.0
b55,b46,92.0,98.0,102.0
b55,b101,102.0,107.0,112.0
b55,b63,54.0,58.0,62.0
b55,b81,81.0,87.0,91.0
b55,b112,99.0,102.0,105.0
b55,b82,83.0,88.0,93.0
b55,b24,97.0,99.0,101.0
b55,b65,45.0,46.0,49.0
b55,b83,69.0,74.0,78.0
b55,b25,112.0,115.0,118.0
b55,b103,100.0,104.0,107.0
b55,b5,101.0,104.0,106.0
b55,b26,96.0,99.0,103.0
b55,b121,84.0,89.0,93.0
b55,b119,132.0,134.0,136.0
b55,b47,112.0,117.0,120.0
b55,b104,109.0,113.0,118.0
b55,b27,83.0,86.0,89.0
b55,b105,94.0,99.0,104.0
b55,b28,101.0,103.0,105.0
b55,b84,86.0,90.0,94.0
b55,b44,121.0,124.0,128.0
b55,b66,65.0,67.0,70.0
b55,b67,68.0,71.0,73.0
b55,b85,107.0,112.0,117.0
b55,b120,49.0,52.0,55.0
b55,b87,101.0,106.0,111.0
b55,b86,82.0,88.0,92.0
b55,b29,106.0,108.0,111.0
b55,b30,100.0,103.0,106.0
b55,b88,75.0,78.0,82.0
b55,b68,42.0,44.0,47.0
b55,b69,86.0,89.0,92.0
b55,b106,129.0,135.0,141.0
b55,b31,113.0,116.0,119.0
b55,b115,88.0,93.0,98.0
b55,b32,101.0,104.0,107.0
b55,b113,102.0,106.0,110.0
b55,b114,97.0,106.0,113.0
b55,b89,80.0,84.0,89.0
b55,b33,111.0,114.0,117.0
b55,b48,125.0,128.0,130.0
b55,b77,85.0,89.0,94.0
b55,b34,112.0,115.0,117.0
b55,b70,85.0,91.0,98.0
b55,b71,81.0,84.0,87.0
b55,b64,70.0,75.0,81.0
b55,b107,94.0,96.0,98.0
b55,b90,112.0,118.0,123.0
b55,b118,28.0,29.0,31.0
b55,b1,108.0,110.0,113.0
b55,b35,93.0,95.0,98.0
b55,b36,88.0,90.0,92.0
b55,b37,92.0,95.0,98.0
b55,b108,86.0,92.0,97.0
b55,b109,101.0,105.0,110.0
b55,b39,129.0,132.0,134.0
b55,b3,112.0,114.0,118.0
b55,p_centro,90.0,93.0,95.0
b55,p_beira_mar,101.0,103.0,106.0
b55,p_aldeota,87.0,89.0,91.0
b55,p_papicu,80.0,83.0,85.0
b55,p_iguatemi,70.0,72.0,75.0
b55,p_unifor,70.0,72.0,75.0
b55,p_centro_eventos,67.0,69.0,72.0
b55,p_parangaba,90.0,93.0,98.0
b55,p_messejana,44.0,46.0,48.0
b55,p_ufc_benfica,93.0,96.0,98.0
b55,p_ufc_pici,120.0,123.0,125.0
b55,p_aeroporto,115.0,121.0,127.0
b11,b91,37.0,40.0,45.0
b11,b92,66.0,75.0,82.0
b11,b2,32.0,34.0,36.0
b11,b93,41.0,45.0,48.0
b11,b4,67.0,69.0,71.0
b11,b50,75.0,78.0,82.0
b11,b40,71.0,75.0,77.0
b11,b122,89.0,93.0,97.0
b11,b41,80.0,83.0,86.0
b11,b6,61.0,64.0,68.0
b11,b51,64.0,67.0,71.0
b11,b94,69.0,72.0,75.0
b11,b7,47.0,50.0,52.0
b11,b95,51.0,54.0,59.0
b11,b8,65.0,67.0,69.0
b11,b72,80.0,86.0,95.0
b11,b73,76.0,80.0,85.0
b11,b110,42.0,45.0,48.0
b11,b52,45.0,49.0,54.0
b11,b53,41.0,45.0,48.0
b11,b74,90.0,97.0,107.0
b11,b9,59.0,62.0,64.0
b11,b10,46.0,48.0,51.0
b11,b111,12.0,15.0,18.0
b11,b54,46.0,49.0,52.0
b11,b55,75.0,80.0,84.0
b11,b11,0.0,0.0,0.0
b11,b42,86.0,89.0,92.0
b11,b75,86.0,91.0,94.0
b11,b76,82.0,86.0,90.0
b11,b117,62.0,65.0,68.0
b11,b96,69.0,70.0,73.0
b11,b12,60.0,63.0,66.0
b11,b56,42.0,47.0,51.0
b11,b13,61.0,65.0,68.0
b11,b116,35.0,38.0,41.0
b11,b97,65.0,68.0,70.0
b11,b98,54.0,58.0,64.0
b11,b14,32.0,35.0,39.0
b11,b43,80.0,83.0,85.0
b11,b57,54.0,58.0,63.0
b11,b38,69.0,73.0,77.0
b11,b58,36.0,41.0,45.0
b11,b15,49.0,52.0,54.0
b11,b17,82.0,89.0,92.0
b11,b16,43.0,46.0,48.0
b11,b78,90.0,95.0,107.0
b11,b79,79.0,84.0,95.0
b11,b59,54.0,57.0,60.0
b11,b60,24.0,27.0,30.0
b11,b45,75.0,78.0,81.0
b11,b99,61.0,64.0,69.0
b11,b100,56.0,60.0,67.0
b11,b18,53.0,56.0,58.0
b11,b61,70.0,73.0,77.0
b11,b19,60.0,62.0,64.0
b11,b80,72.0,76.0,86.0
b11,b62,43.0,46.0,49.0
b11,b20,79.0,82.0,85.0
b11,b21,77.0,81.0,84.0
b11,b22,47.0,49.0,52.0
b11,b23,47.0,49.0,52.0
b11,b49,40.0,45.0,49.0
b11,b46,81.0,84.0,86.0
b11,b101,74.0,77.0,79.0
b11,b63,54.0,58.0,62.0
b11,b81,77.0,80.0,84.0
b11,b112,20.0,24.0,28.0
b11,b82,71.0,74.0,80.0
b11,b24,28.0,30.0,33.0
b11,b65,51.0,54.0,58.0
b11,b83,73.0,77.0,82.0
b11,b25,65.0,67.0,70.0
b11,b103,64.0,66.0,69.0
b11,b5,43.0,46.0,49.0
b11,b26,31.0,34.0,37.0
b11,b121,80.0,85.0,89.0
b11,b119,80.0,83.0,87.0
b11,b47,68.0,71.0,73.0
b11,b104,69.0,72.0,75.0
b11,b27,13.0,15.0,17.0
b11,b105,65.0,68.0,74.0
b11,b28,54.0,56.0,59.0
b11,b84,73.0,76.0,81.0
b11,b44,79.0,82.0,85.0
b11,b66,53.0,58.0,62.0
b11,b67,37.0,41.0,45.0
b11,b85,91.0,95.0,99.0
b11,b120,64.0,67.0,71.0
b11,b87,92.0,97.0,103.0
b11,b86,75.0,80.0,89.0
b11,b29,60.0,62.0,64.0
b11,b30,59.0,62.0,64.0
b11,b88,58.0,61.0,65.0
b11,b68,72.0,77.0,81.0
b11,b69,101.0,105.0,109.0
b11,b106,79.0,86.0,92.0
b11,b31,54.0,57.0,60.0
b11,b115,85.0,90.0,95.0
b11,b32,42.0,44.0,47.0
b11,b113,38.0,40.0,42.0
b11,b114,44.0,47.0,51.0
b11,b89,79.0,82.0,86.0
b11,b33,67.0,69.0,72.0
b11,b48,78.0,80.0,82.0
b11,b77,68.0,73.0,79.0
b11,b34,67.0,69.0,71.0
b11,b70,81.0,91.0,99.0
b11,b71,34.0,37.0,39.0
b11,b64,50.0,53.0,57.0
b11,b107,55.0,59.0,69.0
b11,b90,96.0,104.0,119.0
b11,b118,66.0,71.0,75.0
b11,b1,61.0,63.0,66.0
b11,b35,44.0,47.0,49.0
b11,b36,21.0,24.0,26.0
b11,b37,32.0,35.0,38.0
b11,b108,71.0,75.0,82.0
b11,b109,63.0,67.0,71.0
b11,b39,82.0,84.0,86.0
b11,b3,64.0,67.0,70.0
b11,p_centro,47.0,49.0,52.0
b11,p_beira_mar,37.0,40.0,43.0
b11,p_aldeota,32.0,34.0,37.0
b11,p_papicu,14.0,17.0,20.0
b11,p_iguatemi,24.0,26.0,29.0
b11,p_unifor,29.0,33.0,37.0
b11,p_centro_eventos,23.0,27.0,31.0
b11,p_parangaba,57.0,60.0,66.0
b11,p_messejana,50.0,53.0,57.0
b11,p_ufc_benfica,51.0,53.0,55.0
b11,p_ufc_pici,72.0,75.0,78.0
b11,p_aeroporto,68.0,77.0,84.0
b42,b91,81.0,83.0,85.0
b42,b92,72.0,75.0,79.0
b42,b2,75.0,77.0,79.0
b42,b93,71.0,75.0,79.0
b42,b4,52.0,54.0,57.0
b42,b50,107.0,109.0,112.0
b42,b40,31.0,33.0,35.0
b42,b122,69.0,74.0,78.0
b42,b41,20.0,21.0,23.0
b42,b6,59.0,61.0,64.0
b42,b51,84.0,88.0,92.0
b42,b94,47.0,49.0,50.0
b42,b7,50.0,51.0,53.0
b42,b95,81.0,84.0,85.0
b42,b8,57.0,58.0,60.0
b42,b72,41.0,43.0,46.0
b42,b73,31.0,33.0,35.0
b42,b110,90.0,94.0,97.0
b42,b52,74.0,77.0,82.0
b42,b53,104.0,106.0,108.0
b42,b74,60.0,63.0,66.0
b42,b9,64.0,66.0,69.0
b42,b10,65.0,67.0,68.0
b42,b111,92.0,95.0,98.0
b42,b54,88.0,92.0,95.0
b42,b55,112.0,118.0,124.0
b42,b11,87.0,89.0,91.0
b42,b42,0.0,0.0,0.0
b42,b75,18.0,18.0,18.0
b42,b76,57.0,61.0,67.0
b42,b117,84.0,89.0,94.0
b42,b96,40.0,41.0,43.0
b42,b12,68.0,71.0,72.0
b42,b56,98.0,102.0,106.0
b42,b13,49.0,50.0,52.0
b42,b116,107.0,110.0,113.0
b42,b97,35.0,36.0,38.0
b42,b98,76.0,79.0,82.0
b42,b14,74.0,76.0,78.0
b42,b43,26.0,27.0,29.0
b42,b57,120.0,125.0,132.0
b42,b38,55.0,61.0,64.0
b42,b58,99.0,101.0,103.0
b42,b15,50.0,53.0,55.0
b42,b17,56.0,59.0,62.0
b42,b16,58.0,59.0,61.0
b42,b78,33.0,35.0,37.0
b42,b79,31.0,32.0,34.0
b42,b59,98.0,103.0,108.0
b42,b60,81.0,82.0,85.0
b42,b45,26.0,28.0,29.0
b42,b99,49.0,51.0,54.0
b42,b100,56.0,58.0,61.0
b42,b18,62.0,64.0,66.0
b42,b61,92.0,97.0,102.0
b42,b19,57.0,59.0,61.0
b42,b80,63.0,65.0,67.0
b42,b62,97.0,100.0,102.0
b42,b20,47.0,49.0,52.0
b42,b21,52.0,54.0,56.0
b42,b22,70.0,72.0,74.0
b42,b23,60.0,62.0,63.0
b42,b49,103.0,106.0,108.0
b42,b46,29.0,31.0,33.0
b42,b101,34.0,35.0,37.0
b42,b63,107.0,111.0,116.0
b42,b81,50.0,53.0,56.0
b42,b112,101.0,105.0,108.0
b42,b82,54.0,56.0,59.0
b42,b24,76.0,79.0,82.0
b42,b65,91.0,93.0,96.0
b42,b83,55.0,58.0,61.0
b42,b25,67.0,70.0,73.0
b42,b103,51.0,54.0,57.0
b42,b5,55.0,58.0,61.0
b42,b26,78.0,82.0,85.0
b42,b121,50.0,53.0,57.0
b42,b119,47.0,49.0,51.0
b42,b47,42.0,44.0,46.0
b42,b104,42.0,43.0,45.0
b42,b27,84.0,86.0,88.0
b42,b105,49.0,51.0,53.0
b42,b28,52.0,54.0,56.0
b42,b84,70.0,72.0,75.0
b42,b44,11.0,12.0,14.0
b42,b66,94.0,96.0,98.0
b42,b67,95.0,99.0,102.0
b42,b85,68.0,71.0,75.0
b42,b120,96.0,98.0,101.0
b42,b87,61.0,65.0,69.0
b42,b86,44.0,47.0,50.0
b42,b29,47.0,49.0,51.0
b42,b30,61.0,63.0,65.0
b42,b88,75.0,77.0,80.0
b42,b68,107.0,111.0,116.0
b42,b69,124.0,129.0,133.0
b42,b106,51.0,53.0,55.0
b42,b31,70.0,72.0,74.0
b42,b115,78.0,83.0,89.0
b42,b32,71.0,73.0,75.0
b42,b113,97.0,101.0,104.0
b42,b114,104.0,108.0,111.0
b42,b89,75.0,81.0,86.0
b42,b33,51.0,53.0,56.0
b42,b48,38.0,40.0,42.0
b42,b77,65.0,68.0,71.0
b42,b34,50.0,52.0,53.0
b42,b70,137.0,145.0,
b42,b71,89.0,91.0,94.0
b42,b64,114.0,120.0,125.0
b42,b107,62.0,64.0,67.0
b42,b90,53.0,57.0,61.0
b42,b118,114.0,117.0,121.0
b42,b1,53.0,55.0,57.0
b42,b35,77.0,78.0,80.0
b42,b36,86.0,88.0,90.0
b42,b37,98.0,102.0,105.0
b42,b108,46.0,49.0,51.0
b42,b109,64.0,68.0,74.0
b42,b39,42.0,44.0,46.0
b42,b3,57.0,60.0,63.0
b42,p_centro,63.0,64.0,66.0
b42,p_beira_mar,79.0,83.0,85.0
b42,p_aldeota,78.0,80.0,82.0
b42,p_papicu,84.0,86.0,88.0
b42,p_iguatemi,81.0,83.0,85.0
b42,p_unifor,95.0,97.0,99.0
b42,p_centro_eventos,91.0,93.0,94.0
b42,p_parangaba,40.0,41.0,43.0
b42,p_messejana,80.0,84.0,87.0
b42,p_ufc_benfica,51.0,52.0,53.0
b42,p_ufc_pici,50.0,53.0,55.0
b42,p_aeroporto,74.0,77.0,81.0
b75,b91,84.0,86.0,89.0
b75,b92,77.0,80.0,86.0
b75,b2,80.0,81.0,83.0
b75,b93,77.0,81.0,84.0
b75,b4,54.0,59.0,61.0
b75,b50,110.0,113.0,116.0
b75,b40,37.0,39.0,41.0
b75,b122,70.0,76.0,80.0
b75,b41,26.0,28.0,30.0
b75,b6,66.0,68.0,71.0
b75,b51,85.0,88.0,92.0
b75,b94,51.0,53.0,55.0
b75,b7,54.0,55.0,57.0
b75,b95,83.0,86.0,88.0
b75,b8,60.0,62.0,64.0
b75,b72,38.0,41.0,44.0
b75,b73,32.0,34.0,36.0
b75,b110,95.0,99.0,102.0
b75,b52,81.0,84.0,87.0
b75,b53,108.0,110.0,113.0
b75,b74,60.0,63.0,65.0
b75,b9,71.0,73.0,75.0
b75,b10,70.0,71.0,73.0
b75,b111,96.0,98.0,101.0
b75,b54,95.0,98.0,101.0
b75,b55,112.0,118.0,122.0
b75,b11,91.0,93.0,95.0
b75,b42,17.0,18.0,18.0
b75,b75,0.0,0.0,0.0
b75,b76,58.0,62.0,66.0
b75,b117,84.0,89.0,94.0
b75,b96,44.0,45.0,47.0
b75,b12,75.0,77.0,80.0
b75,b56,99.0,102.0,106.0
b75,b13,53.0,54.0,57.0
b75,b116,112.0,115.0,118.0
b75,b97,39.0,40.0,42.0
b75,b98,81.0,84.0,87.0
b75,b14,79.0,82.0,84.0
b75,b43,32.0,34.0,36.0
b75,b57,127.0,133.0,139.0
b75,b38,63.0,68.0,71.0
b75,b58,104.0,107.0,109.0
b75,b15,57.0,59.0,61.0
b75,b17,63.0,66.0,69.0
b75,b16,61.0,63.0,65.0
b75,b78,30.0,32.0,34.0
b75,b79,25.0,27.0,30.0
b75,b59,100.0,103.0,108.0
b75,b60,86.0,88.0,91.0
b75,b45,32.0,34.0,36.0
b75,b99,53.0,56.0,58.0
b75,b100,60.0,63.0,66.0
b75,b18,68.0,70.0,71.0
b75,b61,93.0,97.0,102.0
b75,b19,61.0,63.0,65.0
b75,b80,66.0,69.0,71.0
b75,b62,102.0,104.0,107.0
b75,b20,54.0,56.0,58.0
b75,b21,58.0,60.0,63.0
b75,b22,76.0,78.0,80.0
b75,b23,65.0,66.0,68.0
b75,b49,107.0,109.0,112.0
b75,b46,30.0,32.0,35.0
b75,b101,36.0,37.0,40.0
b75,b63,106.0,112.0,117.0
b75,b81,50.0,53.0,56.0
b75,b112,106.0,109.0,112.0
b75,b82,58.0,61.0,63.0
b75,b24,81.0,84.0,87.0
b75,b65,94.0,96.0,99.0
b75,b83,55.0,58.0,62.0
b75,b25,72.0,76.0,79.0
b75,b103,55.0,58.0,61.0
b75,b5,59.0,63.0,67.0
b75,b26,83.0,87.0,90.0
b75,b121,50.0,54.0,57.0
b75,b119,54.0,55.0,57.0
b75,b47,49.0,51.0,53.0
b75,b104,46.0,48.0,49.0
b75,b27,88.0,90.0,92.0
b75,b105,54.0,56.0,58.0
b75,b28,59.0,61.0,63.0
b75,b84,75.0,78.0,80.0
b75,b44,18.0,19.0,21.0
b75,b66,99.0,101.0,103.0
b75,b67,102.0,105.0,107.0
b75,b85,68.0,72.0,75.0
b75,b120,100.0,103.0,105.0
b75,b87,63.0,66.0,69.0
b75,b86,44.0,46.0,48.0
b75,b29,54.0,56.0,58.0
b75,b30,66.0,67.0,69.0
b75,b88,78.0,81.0,84.0
b75,b68,109.0,113.0,118.0
b75,b69,126.0,131.0,135.0
b75,b106,54.0,57.0,60.0
b75,b31,76.0,77.0,80.0
b75,b115,79.0,84.0,89.0
b75,b32,75.0,77.0,79.0
b75,b113,102.0,106.0,109.0
b75,b114,109.0,113.0,116.0
b75,b89,77.0,82.0,86.0
b75,b33,58.0,60.0,62.0
b75,b48,45.0,46.0,48.0
b75,b77,70.0,73.0,76.0
b75,b34,55.0,56.0,58.0
b75,b70,136.0,144.0,
b75,b71,93.0,97.0,100.0
b75,b64,116.0,123.0,128.0
b75,b107,66.0,69.0,71.0
b75,b90,49.0,52.0,56.0
b75,b118,112.0,117.0,122.0
b75,b1,60.0,62.0,64.0
b75,b35,81.0,83.0,86.0
b75,b36,91.0,93.0,95.0
b75,b37,106.0,109.0,111.0
b75,b108,45.0,47.0,50.0
b75,b109,69.0,74.0,80.0
b75,b39,49.0,50.0,52.0
b75,b3,64.0,67.0,71.0
b75,p_centro,67.0,69.0,70.0
b75,p_beira_mar,84.0,87.0,90.0
b75,p_aldeota,82.0,84.0,86.0
b75,p_papicu,90.0,92.0,93.0
b75,p_iguatemi,87.0,89.0,91.0
b75,p_unifor,101.0,103.0,105.0
b75,p_centro_eventos,96.0,98.0,100.0
b75,p_parangaba,45.0,47.0,49.0
b75,p_messejana,80.0,84.0,87.0
b75,p_ufc_benfica,55.0,56.0,58.0
b75,p_ufc_pici,57.0,59.0,62.0
b75,p_aeroporto,79.0,82.0,88.0
b76,b91,72.0,74.0,76.0
b76,b92,62.0,68.0,72.0
b76,b2,70.0,74.0,78.0
b76,b93,69.0,74.0,79.0
b76,b4,50.0,54.0,58.0
b76,b50,88.0,91.0,96.0
b76,b40,59.0,62.0,65.0
b76,b122,31.0,36.0,39.0
b76,b41,54.0,57.0,60.0
b76,b6,68.0,72.0,75.0
b76,b51,62.0,65.0,67.0
b76,b94,45.0,49.0,53.0
b76,b7,44.0,49.0,53.0
b76,b95,62.0,66.0,69.0
b76,b8,51.0,55.0,59.0
b76,b72,39.0,42.0,45.0
b76,b73,33.0,37.0,40.0
b76,b110,80.0,84.0,89.0
b76,b52,71.0,74.0,78.0
b76,b53,87.0,90.0,92.0
b76,b74,25.0,27.0,28.0
b76,b9,60.0,65.0,68.0
b76,b10,56.0,60.0,64.0
b76,b111,85.0,90.0,94.0
b76,b54,85.0,88.0,93.0
b76,b55,89.0,93.0,97.0
b76,b11,81.0,86.0,90.0
b76,b42,57.0,61.0,64.0
b76,b75,58.0,61.0,63.0
b76,b76,0.0,0.0,0.0
b76,b117,61.0,64.0,67.0
b76,b96,40.0,45.0,49.0
b76,b12,67.0,72.0,75.0
b76,b56,75.0,78.0,81.0
b76,b13,43.0,47.0,50.0
b76,b116,99.0,103.0,108.0
b76,b97,42.0,46.0,49.0
b76,b98,70.0,73.0,76.0
b76,b14,71.0,74.0,78.0
b76,b43,54.0,57.0,60.0
b76,b57,116.0,120.0,126.0
b76,b38,69.0,73.0,77.0
b76,b58,94.0,97.0,103.0
b76,b15,51.0,55.0,59.0
b76,b17,74.0,78.0,82.0
b76,b16,52.0,56.0,60.0
b76,b78,48.0,51.0,55.0
b76,b79,44.0,47.0,50.0
b76,b59,78.0,81.0,84.0
b76,b60,76.0,80.0,84.0
b76,b45,39.0,43.0,47.0
b76,b99,43.0,47.0,50.0
b76,b100,50.0,53.0,55.0
b76,b18,55.0,59.0,63.0
b76,b61,69.0,72.0,75.0
b76,b19,54.0,58.0,61.0
b76,b80,48.0,50.0,53.0
b76,b62,91.0,94.0,97.0
b76,b20,65.0,69.0,72.0
b76,b21,70.0,73.0,77.0
b76,b22,66.0,71.0,75.0
b76,b23,56.0,60.0,64.0
b76,b49,85.0,88.0,91.0
b76,b46,38.0,43.0,46.0
b76,b101,47.0,50.0,52.0
b76,b63,83.0,89.0,95.0
b76,b81,29.0,31.0,33.0
b76,b112,96.0,100.0,105.0
b76,b82,38.0,41.0,43.0
b76,b24,66.0,70.0,75.0
b76,b65,69.0,72.0,75.0
b76,b83,31.0,34.0,37.0
b76,b25,66.0,70.0,74.0
b76,b103,48.0,51.0,55.0
b76,b5,43.0,48.0,52.0
b76,b26,68.0,72.0,77.0
b76,b121,15.0,15.0,15.0
b76,b119,68.0,72.0,76.0
b76,b47,62.0,65.0,68.0
b76,b104,46.0,50.0,54.0
b76,b27,79.0,83.0,88.0
b76,b105,38.0,43.0,45.0
b76,b28,52.0,56.0,60.0
b76,b84,57.0,59.0,62.0
b76,b44,53.0,56.0,59.0
b76,b66,84.0,87.0,90.0
b76,b67,92.0,95.0,99.0
b76,b85,29.0,31.0,33.0
b76,b120,78.0,81.0,85.0
b76,b87,13.0,13.0,13.0
b76,b86,27.0,29.0,32.0
b76,b29,55.0,59.0,63.0
b76,b30,54.0,58.0,63.0
b76,b88,56.0,59.0,63.0
b76,b68,81.0,86.0,90.0
b76,b69,102.0,106.0,110.0
b76,b106,60.0,65.0,69.0
b76,b31,61.0,66.0,70.0
b76,b115,54.0,57.0,61.0
b76,b32,62.0,66.0,70.0
b76,b113,87.0,91.0,96.0
b76,b114,94.0,98.0,103.0
b76,b89,54.0,56.0,60.0
b76,b33,60.0,64.0,68.0
b76,b48,72.0,75.0,79.0
b76,b77,56.0,58.0,61.0
b76,b34,48.0,53.0,57.0
b76,b70,115.0,123.0,134.0
b76,b71,84.0,88.0,94.0
b76,b64,105.0,111.0,116.0
b76,b107,57.0,59.0,62.0
b76,b90,57.0,61.0,65.0
b76,b118,88.0,92.0,94.0
b76,b1,63.0,67.0,71.0
b76,b35,69.0,73.0,78.0
b76,b36,79.0,83.0,87.0
b76,b37,88.0,92.0,98.0
b76,b108,32.0,34.0,36.0
b76,b109,55.0,61.0,67.0
b76,b39,75.0,78.0,82.0
b76,b3,66.0,71.0,74.0
b76,p_centro,51.0,56.0,60.0
b76,p_beira_mar,69.0,73.0,78.0
b76,p_aldeota,72.0,76.0,80.0
b76,p_papicu,78.0,82.0,87.0
b76,p_iguatemi,77.0,81.0,84.0
b76,p_unifor,91.0,94.0,97.0
b76,p_centro_eventos,86.0,90.0,93.0
b76,p_parangaba,31.0,36.0,39.0
b76,p_messejana,57.0,59.0,63.0
b76,p_ufc_benfica,45.0,50.0,54.0
b76,p_ufc_pici,68.0,71.0,74.0
b76,p_aeroporto,64.0,70.0,74.0
b117,b91,55.0,57.0,59.0
b117,b92,93.0,99.0,103.0
b117,b2,80.0,81.0,83.0
b117,b93,63.0,65.0,67.0
b117,b4,92.0,94.0,97.0
b117,b50,49.0,53.0,55.0
b117,b40,83.0,86.0,89.0
b117,b122,65.0,69.0,73.0
b117,b41,81.0,85.0,90.0
b117,b6,101.0,104.0,107.0
b117,b51,31.0,33.0,34.0
b117,b94,84.0,88.0,92.0
b117,b7,74.0,77.0,79.0
b117,b95,47.0,50.0,53.0
b117,b8,80.0,83.0,86.0
b117,b72,64.0,68.0,71.0
b117,b73,58.0,60.0,63.0
b117,b110,93.0,97.0,101.0
b117,b52,42.0,46.0,49.0
b117,b53,51.0,52.0,54.0
b117,b74,72.0,75.0,78.0
b117,b9,93.0,95.0,98.0
b117,b10,74.0,76.0,78.0
b117,b111,79.0,81.0,83.0
b117,b54,58.0,60.0,62.0
b117,b55,53.0,57.0,61.0
b117,b11,65.0,67.0,70.0
b117,b42,83.0,87.0,92.0
b117,b75,83.0,86.0,90.0
b117,b76,63.0,67.0,71.0
b117,b117,0.0,0.0,0.0
b117,b96,76.0,79.0,83.0
b117,b12,102.0,105.0,108.0
b117,b56,38.0,40.0,42.0
b117,b13,76.0,80.0,82.0
b117,b116,99.0,102.0,104.0
b117,b97,74.0,77.0,81.0
b117,b98,65.0,68.0,71.0
b117,b14,77.0,79.0,81.0
b117,b43,79.0,82.0,84.0
b117,b57,86.0,89.0,95.0
b117,b38,102.0,105.0,108.0
b117,b58,72.0,75.0,78.0
b117,b15,79.0,81.0,83.0
b117,b17,102.0,106.0,111.0
b117,b16,66.0,68.0,70.0
b117,b78,74.0,77.0,81.0
b117,b79,69.0,72.0,76.0
b117,b59,43.0,44.0,46.0
b117,b60,65.0,67.0,69.0
b117,b45,64.0,67.0,69.0
b117,b99,70.0,72.0,75.0
b117,b100,53.0,56.0,58.0
b117,b18,87.0,89.0,91.0
b117,b61,21.0,23.0,25.0
b117,b19,80.0,82.0,84.0
b117,b80,59.0,62.0,67.0
b117,b62,60.0,62.0,64.0
b117,b20,91.0,96.0,101.0
b117,b21,96.0,100.0,105.0
b117,b22,74.0,76.0,78.0
b117,b23,70.0,71.0,73.0
b117,b49,47.0,49.0,51.0
b117,b46,63.0,66.0,68.0
b117,b101,74.0,78.0,80.0
b117,b63,43.0,47.0,51.0
b117,b81,54.0,57.0,59.0
b117,b112,89.0,92.0,95.0
b117,b82,55.0,58.0,61.0
b117,b24,86.0,88.0,90.0
b117,b65,33.0,35.0,37.0
b117,b83,42.0,44.0,46.0
b117,b25,96.0,99.0,101.0
b117,b103,70.0,74.0,78.0
b117,b5,82.0,84.0,87.0
b117,b26,86.0,89.0,92.0
b117,b121,56.0,58.0,61.0
b117,b119,94.0,98.0,103.0
b117,b47,86.0,89.0,92.0
b117,b104,81.0,85.0,88.0
b117,b27,74.0,77.0,80.0
b117,b105,66.0,69.0,71.0
b117,b28,85.0,87.0,89.0
b117,b84,59.0,61.0,63.0
b117,b44,80.0,85.0,90.0
b117,b66,51.0,53.0,55.0
b117,b67,60.0,62.0,64.0
b117,b85,77.0,80.0,84.0
b117,b120,33.0,36.0,40.0
b117,b87,71.0,74.0,78.0
b117,b86,55.0,58.0,60.0
b117,b29,91.0,93.0,95.0
b117,b30,74.0,78.0,81.0
b117,b88,45.0,47.0,50.0
b117,b68,47.0,49.0,52.0
b117,b69,67.0,70.0,75.0
b117,b106,97.0,103.0,106.0
b117,b31,96.0,100.0,103.0
b117,b115,58.0,61.0,65.0
b117,b32,83.0,86.0,89.0
b117,b113,92.0,94.0,97.0
b117,b114,87.0,96.0,102.0
b117,b89,49.0,53.0,57.0
b117,b33,95.0,98.0,101.0
b117,b48,98.0,103.0,108.0
b117,b77,58.0,61.0,63.0
b117,b34,88.0,91.0,94.0
b117,b70,73.0,78.0,86.0
b117,b71,71.0,73.0,75.0
b117,b64,63.0,67.0,74.0
b117,b107,56.0,59.0,63.0
b117,b90,81.0,85.0,89.0
b117,b118,53.0,55.0,57.0
b117,b1,92.0,94.0,96.0
b117,b35,79.0,81.0,83.0
b117,b36,78.0,79.0,81.0
b117,b37,83.0,85.0,87.0
b117,b108,60.0,63.0,66.0
b117,b109,80.0,84.0,87.0
b117,b39,101.0,105.0,110.0
b117,b3,97.0,100.0,102.0
b117,p_centro,75.0,77.0,79.0
b117,p_beira_mar,93.0,95.0,97.0
b117,p_aldeota,80.0,82.0,83.0
b117,p_papicu,71.0,72.0,74.0
b117,p_iguatemi,61.0,63.0,64.0
b117,p_unifor,62.0,64.0,65.0
b117,p_centro_eventos,58.0,60.0,61.0
b117,p_parangaba,59.0,62.0,64.0
b117,p_messejana,27.0,29.0,30.0
b117,p_ufc_benfica,78.0,80.0,82.0
b117,p_ufc_pici,101.0,105.0,107.0
b117,p_aeroporto,95.0,102.0,105.0
b96,b91,58.0,59.0,61.0
b96,b92,46.0,49.0,52.0
b96,b2,52.0,54.0,55.0
b96,b93,49.0,52.0,55.0
b96,b4,32.0,33.0,35.0
b96,b50,83.0,85.0,88.0
b96,b40,41.0,43.0,44.0
b96,b122,47.0,51.0,54.0
b96,b41,30.0,31.0,33.0
b96,b6,54.0,55.0,57.0
b96,b51,76.0,78.0,80.0
b96,b94,23.0,24.0,25.0
b96,b7,25.0,27.0,28.0
b96,b95,59.0,61.0,64.0
b96,b8,30.0,30.0,31.0
b96,b72,38.0,41.0,45.0
b96,b73,32.0,34.0,35.0
b96,b110,68.0,71.0,73.0
b96,b52,57.0,59.0,62.0
b96,b53,81.0,83.0,85.0
b96,b74,49.0,51.0,53.0
b96,b9,44.0,45.0,47.0
b96,b10,41.0,42.0,44.0
b96,b111,68.0,70.0,72.0
b96,b54,69.0,71.0,73.0
b96,b55,96.0,100.0,105.0
b96,b11,63.0,65.0,67.0
b96,b42,38.0,39.0,41.0
b96,b75,42.0,43.0,45.0
b96,b76,41.0,44.0,47.0
b96,b117,75.0,78.0,80.0
b96,b96,0.0,0.0,0.0
b96,b12,53.0,54.0,56.0
b96,b56,79.0,82.0,85.0
b96,b13,20.0,21.0,22.0
b96,b116,84.0,87.0,90.0
b96,b97,12.0,12.0,12.0
b96,b98,57.0,59.0,61.0
b96,b14,51.0,52.0,54.0
b96,b43,31.0,33.0,34.0
b96,b57,96.0,100.0,106.0
b96,b38,51.0,54.0,56.0
b96,b58,74.0,77.0,80.0
b96,b15,34.0,36.0,37.0
b96,b17,59.0,61.0,64.0
b96,b16,32.0,33.0,35.0
b96,b78,49.0,51.0,53.0
b96,b79,37.0,40.0,44.0
b96,b59,88.0,91.0,93.0
b96,b60,56.0,58.0,61.0
b96,b45,25.0,27.0,28.0
b96,b99,28.0,29.0,30.0
b96,b100,38.0,40.0,41.0
b96,b18,39.0,40.0,42.0
b96,b61,83.0,85.0,87.0
b96,b19,32.0,33.0,34.0
b96,b80,43.0,45.0,47.0
b96,b62,75.0,76.0,79.0
b96,b20,47.0,50.0,52.0
b96,b21,52.0,55.0,57.0
b96,b22,48.0,49.0,51.0
b96,b23,37.0,38.0,39.0
b96,b49,78.0,81.0,84.0
b96,b46,31.0,32.0,34.0
b96,b101,25.0,25.0,27.0
b96,b63,85.0,89.0,95.0
b96,b81,35.0,38.0,41.0
b96,b112,77.0,80.0,83.0
b96,b82,35.0,37.0,40.0
b96,b24,54.0,57.0,58.0
b96,b65,68.0,71.0,74.0
b96,b83,47.0,49.0,51.0
b96,b25,49.0,51.0,53.0
b96,b103,28.0,30.0,31.0
b96,b5,32.0,36.0,39.0
b96,b26,56.0,59.0,62.0
b96,b121,41.0,43.0,46.0
b96,b119,51.0,53.0,55.0
b96,b47,45.0,47.0,49.0
b96,b104,16.0,16.0,16.0
b96,b27,61.0,63.0,64.0
b96,b105,30.0,31.0,32.0
b96,b28,37.0,39.0,40.0
b96,b84,52.0,54.0,56.0
b96,b44,29.0,30.0,32.0
b96,b66,70.0,72.0,75.0
b96,b67,76.0,78.0,80.0
b96,b85,48.0,52.0,55.0
b96,b120,72.0,74.0,77.0
b96,b87,51.0,53.0,55.0
b96,b86,36.0,38.0,40.0
b96,b29,41.0,42.0,44.0
b96,b30,38.0,39.0,40.0
b96,b88,58.0,60.0,63.0
b96,b68,83.0,87.0,93.0
b96,b69,108.0,112.0,116.0
b96,b106,33.0,36.0,39.0
b96,b31,47.0,49.0,52.0
b96,b115,64.0,67.0,72.0
b96,b32,48.0,49.0,51.0
b96,b113,75.0,78.0,81.0
b96,b114,82.0,85.0,88.0
b96,b89,65.0,67.0,69.0
b96,b33,41.0,44.0,47.0
b96,b48,51.0,53.0,55.0
b96,b77,47.0,49.0,51.0
b96,b34,26.0,27.0,28.0
b96,b70,117.0,128.0,137.0
b96,b71,66.0,69.0,72.0
b96,b64,88.0,93.0,99.0
b96,b107,43.0,45.0,47.0
b96,b90,58.0,60.0,63.0
b96,b118,91.0,94.0,98.0
b96,b1,47.0,48.0,50.0
b96,b35,51.0,53.0,55.0
b96,b36,64.0,65.0,66.0
b96,b37,76.0,78.0,81.0
b96,b108,31.0,32.0,35.0
b96,b109,38.0,41.0,45.0
b96,b39,55.0,57.0,59.0
b96,b3,48.0,50.0,53.0
b96,p_centro,39.0,40.0,41.0
b96,p_beira_mar,57.0,60.0,62.0
b96,p_aldeota,54.0,56.0,58.0
b96,p_papicu,60.0,62.0,64.0
b96,p_iguatemi,57.0,59.0,61.0
b96,p_unifor,71.0,73.0,75.0
b96,p_centro_eventos,67.0,69.0,70.0
b96,p_parangaba,22.0,23.0,24.0
b96,p_messejana,65.0,68.0,69.0
b96,p_ufc_benfica,26.0,28.0,29.0
b96,p_ufc_pici,48.0,52.0,55.0
b96,p_aeroporto,48.0,51.0,54.0
b12,b91,66.0,68.0,71.0
b12,b92,75.0,80.0,83.0
b12,b2,57.0,60.0,62.0
b12,b93,65.0,67.0,71.0
b12,b4,45.0,48.0,51.0
b12,b50,89.0,91.0,94.0
b12,b40,48.0,49.0,51.0
b12,b122,78.0,81.0,85.0
b12,b41,58.0,61.0,63.0
b12,b6,17.0,18.0,19.0
b12,b51,97.0,99.0,102.0
b12,b94,52.0,55.0,57.0
b12,b7,47.0,49.0,50.0
b12,b95,70.0,73.0,77.0
b12,b8,58.0,60.0,62.0
b12,b72,80.0,83.0,86.0
b12,b73,63.0,66.0,69.0
b12,b110,55.0,57.0,59.0
b12,b52,69.0,71.0,74.0
b12,b53,89.0,92.0,94.0
b12,b74,86.0,89.0,92.0
b12,b9,22.0,24.0,26.0
b12,b10,41.0,43.0,45.0
b12,b111,76.0,78.0,82.0
b12,b54,78.0,81.0,85.0
b12,b55,101.0,107.0,111.0
b12,b11,71.0,73.0,76.0
b12,b42,65.0,68.0,70.0
b12,b75,70.0,74.0,76.0
b12,b76,71.0,74.0,78.0
b12,b117,92.0,95.0,98.0
b12,b96,54.0,56.0,58.0
b12,b12,0.0,0.0,0.0
b12,b56,90.0,93.0,96.0
b12,b13,52.0,54.0,56.0
b12,b116,75.0,77.0,79.0
b12,b97,51.0,53.0,55.0
b12,b98,72.0,76.0,79.0
b12,b14,61.0,63.0,65.0
b12,b43,58.0,60.0,62.0
b12,b57,109.0,114.0,121.0
b12,b38,29.0,32.0,34.0
b12,b58,87.0,90.0,94.0
b12,b15,42.0,44.0,46.0
b12,b17,39.0,41.0,43.0
b12,b16,49.0,51.0,53.0
b12,b78,87.0,90.0,92.0
b12,b79,75.0,78.0,82.0
b12,b59,94.0,97.0,100.0
b12,b60,70.0,72.0,74.0
b12,b45,54.0,57.0,59.0
b12,b99,64.0,66.0,68.0
b12,b100,73.0,75.0,77.0
b12,b18,28.0,29.0,30.0
b12,b61,97.0,100.0,104.0
b12,b19,56.0,57.0,60.0
b12,b80,78.0,82.0,86.0
b12,b62,85.0,87.0,90.0
b12,b20,36.0,38.0,41.0
b12,b21,33.0,34.0,37.0
b12,b22,58.0,59.0,61.0
b12,b23,47.0,49.0,51.0
b12,b49,93.0,95.0,97.0
b12,b46,62.0,65.0,66.0
b12,b101,61.0,63.0,65.0
b12,b63,92.0,100.0,106.0
b12,b81,66.0,69.0,72.0
b12,b112,85.0,89.0,93.0
b12,b82,72.0,76.0,79.0
b12,b24,40.0,42.0,44.0
b12,b65,75.0,77.0,80.0
b12,b83,78.0,82.0,85.0
b12,b25,29.0,31.0,33.0
b12,b103,59.0,61.0,64.0
b12,b5,25.0,26.0,28.0
b12,b26,43.0,45.0,47.0
b12,b121,74.0,78.0,80.0
b12,b119,39.0,42.0,45.0
b12,b47,40.0,41.0,44.0
b12,b104,54.0,56.0,59.0
b12,b27,65.0,68.0,70.0
b12,b105,62.0,65.0,69.0
b12,b28,44.0,46.0,48.0
b12,b84,85.0,87.0,89.0
b12,b44,58.0,61.0,63.0
b12,b66,77.0,79.0,82.0
b12,b67,87.0,90.0,93.0
b12,b85,79.0,82.0,85.0
b12,b120,78.0,80.0,83.0
b12,b87,82.0,85.0,89.0
b12,b86,72.0,75.0,77.0
b12,b29,45.0,48.0,51.0
b12,b30,52.0,55.0,57.0
b12,b88,77.0,81.0,85.0
b12,b68,89.0,93.0,100.0
b12,b69,116.0,120.0,127.0
b12,b106,64.0,68.0,72.0
b12,b31,17.0,19.0,20.0
b12,b115,95.0,98.0,102.0
b12,b32,35.0,36.0,38.0
b12,b113,62.0,64.0,66.0
b12,b114,69.0,71.0,73.0
b12,b89,95.0,98.0,102.0
b12,b33,30.0,32.0,35.0
b12,b48,46.0,51.0,54.0
b12,b77,81.0,83.0,85.0
b12,b34,52.0,54.0,56.0
b12,b70,125.0,135.0,143.0
b12,b71,78.0,81.0,85.0
b12,b64,96.0,103.0,111.0
b12,b107,76.0,79.0,81.0
b12,b90,98.0,102.0,104.0
b12,b118,98.0,102.0,106.0
b12,b1,44.0,46.0,48.0
b12,b35,66.0,69.0,71.0
b12,b36,53.0,55.0,58.0
b12,b37,62.0,66.0,69.0
b12,b108,69.0,71.0,73.0
b12,b109,65.0,67.0,70.0
b12,b39,41.0,44.0,47.0
b12,b3,21.0,21.0,21.0
b12,p_centro,39.0,40.0,43.0
b12,p_beira_mar,43.0,45.0,48.0
b12,p_aldeota,57.0,60.0,64.0
b12,p_papicu,54.0,57.0,60.0
b12,p_iguatemi,70.0,72.0,74.0
b12,p_unifor,83.0,85.0,87.0
b12,p_centro_eventos,77.0,79.0,82.0
b12,p_parangaba,55.0,58.0,62.0
b12,p_messejana,74.0,76.0,79.0
b12,p_ufc_benfica,46.0,48.0,50.0
b12,p_ufc_pici,48.0,50.0,54.0
b12,p_aeroporto,77.0,82.0,86.0
b56,b91,47.0,50.0,53.0
b56,b92,84.0,89.0,95.0
b56,b2,57.0,59.0,61.0
b56,b93,55.0,58.0,60.0
b56,b4,79.0,82.0,85.0
b56,b50,43.0,46.0,50.0
b56,b40,89.0,91.0,93.0
b56,b122,71.0,75.0,80.0
b56,b41,88.0,92.0,95.0
b56,b6,93.0,95.0,97.0
b56,b51,38.0,41.0,43.0
b56,b94,85.0,87.0,90.0
b56,b7,61.0,64.0,66.0
b56,b95,59.0,61.0,63.0
b56,b8,76.0,79.0,81.0
b56,b72,68.0,74.0,79.0
b56,b73,65.0,69.0,73.0
b56,b110,70.0,73.0,76.0
b56,b52,41.0,43.0,45.0
b56,b53,29.0,30.0,32.0
b56,b74,76.0,82.0,86.0
b56,b9,83.0,85.0,88.0
b56,b10,67.0,69.0,71.0
b56,b111,55.0,57.0,60.0
b56,b54,41.0,43.0,45.0
b56,b55,46.0,49.0,52.0
b56,b11,41.0,44.0,46.0
b56,b42,89.0,94.0,98.0
b56,b75,88.0,92.0,97.0
b56,b76,67.0,73.0,77.0
b56,b117,36.0,38.0,41.0
b56,b96,81.0,83.0,86.0
b56,b12,92.0,94.0,97.0
b56,b56,0.0,0.0,0.0
b56,b13,78.0,81.0,84.0
b56,b116,74.0,77.0,80.0
b56,b97,77.0,80.0,83.0
b56,b98,68.0,70.0,73.0
b56,b14,55.0,57.0,59.0
b56,b43,86.0,90.0,94.0
b56,b57,63.0,66.0,70.0
b56,b38,88.0,91.0,94.0
b56,b58,47.0,50.0,54.0
b56,b15,67.0,69.0,72.0
b56,b17,101.0,104.0,107.0
b56,b16,56.0,58.0,60.0
b56,b78,78.0,83.0,88.0
b56,b79,72.0,79.0,84.0
b56,b59,19.0,21.0,22.0
b56,b60,42.0,44.0,45.0
b56,b45,71.0,75.0,79.0
b56,b99,75.0,78.0,81.0
b56,b100,61.0,64.0,66.0
b56,b18,77.0,79.0,82.0
b56,b61,44.0,46.0,48.0
b56,b19,73.0,75.0,77.0
b56,b80,63.0,69.0,75.0
b56,b62,52.0,53.0,56.0
b56,b20,97.0,101.0,105.0
b56,b21,101.0,103.0,105.0
b56,b22,63.0,65.0,67.0
b56,b23,61.0,64.0,66.0
b56,b49,12.0,14.0,16.0
b56,b46,71.0,75.0,79.0
b56,b101,78.0,82.0,86.0
b56,b63,15.0,17.0,19.0
b56,b81,58.0,63.0,67.0
b56,b112,65.0,67.0,70.0
b56,b82,59.0,64.0,70.0
b56,b24,63.0,65.0,67.0
b56,b65,22.0,24.0,27.0
b56,b83,46.0,50.0,54.0
b56,b25,87.0,90.0,93.0
b56,b103,76.0,78.0,80.0
b56,b5,73.0,75.0,78.0
b56,b26,62.0,65.0,67.0
b56,b121,60.0,65.0,69.0
b56,b119,101.0,103.0,106.0
b56,b47,87.0,90.0,92.0
b56,b104,83.0,86.0,89.0
b56,b27,50.0,53.0,56.0
b56,b105,70.0,74.0,78.0
b56,b28,72.0,74.0,77.0
b56,b84,64.0,67.0,72.0
b56,b44,87.0,91.0,93.0
b56,b66,40.0,42.0,46.0
b56,b67,36.0,39.0,41.0
b56,b85,81.0,86.0,91.0
b56,b120,32.0,35.0,38.0
b56,b87,76.0,81.0,85.0
b56,b86,59.0,64.0,68.0
b56,b29,76.0,79.0,81.0
b56,b30,71.0,74.0,77.0
b56,b88,51.0,54.0,57.0
b56,b68,42.0,45.0,49.0
b56,b69,67.0,70.0,74.0
b56,b106,97.0,101.0,108.0
b56,b31,87.0,89.0,92.0
b56,b115,65.0,69.0,73.0
b56,b32,73.0,74.0,76.0
b56,b113,68.0,71.0,75.0
b56,b114,59.0,67.0,75.0
b56,b89,56.0,60.0,66.0
b56,b33,80.0,83.0,86.0
b56,b48,96.0,98.0,100.0
b56,b77,64.0,67.0,72.0
b56,b34,82.0,85.0,87.0
b56,b70,45.0,51.0,58.0
b56,b71,48.0,51.0,55.0
b56,b64,34.0,39.0,44.0
b56,b107,66.0,68.0,71.0
b56,b90,85.0,91.0,96.0
b56,b118,38.0,41.0,45.0
b56,b1,79.0,82.0,84.0
b56,b35,59.0,62.0,65.0
b56,b36,55.0,56.0,58.0
b56,b37,61.0,64.0,66.0
b56,b108,63.0,68.0,73.0
b56,b109,76.0,79.0,84.0
b56,b39,100.0,102.0,104.0
b56,b3,87.0,89.0,91.0
b56,p_centro,67.0,69.0,71.0
b56,p_beira_mar,69.0,71.0,74.0
b56,p_aldeota,57.0,59.0,61.0
b56,p_papicu,47.0,49.0,51.0
b56,p_iguatemi,38.0,40.0,41.0
b56,p_unifor,38.0,40.0,42.0
b56,p_centro_eventos,35.0,37.0,38.0
b56,p_parangaba,66.0,70.0,72.0
b56,p_messejana,21.0,24.0,26.0
b56,p_ufc_benfica,64.0,67.0,69.0
b56,p_ufc_pici,92.0,94.0,96.0
b56,p_aeroporto,86.0,91.0,97.0
b13,b91,47.0,49.0,51.0
b13,b92,44.0,47.0,49.0
b13,b2,43.0,45.0,46.0
b13,b93,40.0,43.0,46.0
b13,b4,20.0,22.0,25.0
b13,b50,76.0,78.0,81.0
b13,b40,46.0,48.0,49.0
b13,b122,49.0,52.0,56.0
b13,b41,37.0,39.0,40.0
b13,b6,48.0,50.0,52.0
b13,b51,71.0,74.0,76.0
b13,b94,24.0,26.0,27.0
b13,b7,16.0,18.0,19.0
b13,b95,51.0,54.0,56.0
b13,b8,13.0,13.0,13.0
b13,b72,43.0,46.0,49.0
b13,b73,38.0,40.0,42.0
b13,b110,64.0,66.0,68.0
b13,b52,52.0,54.0,55.0
b13,b53,68.0,71.0,74.0
b13,b74,52.0,54.0,57.0
b13,b9,38.0,40.0,41.0
b13,b10,34.0,36.0,38.0
b13,b111,61.0,64.0,66.0
b13,b54,58.0,61.0,65.0
b13,b55,88.0,92.0,96.0
b13,b11,56.0,58.0,60.0
b13,b42,45.0,46.0,48.0
b13,b75,49.0,51.0,52.0
b13,b76,43.0,46.0,50.0
b13,b117,72.0,75.0,77.0
b13,b96,20.0,21.0,22.0
b13,b12,47.0,49.0,51.0
b13,b56,66.0,69.0,72.0
b13,b13,0.0,0.0,0.0
b13,b116,79.0,82.0,85.0
b13,b97,22.0,23.0,24.0
b13,b98,52.0,54.0,56.0
b13,b14,39.0,41.0,43.0
b13,b43,39.0,40.0,42.0
b13,b57,84.0,88.0,93.0
b13,b38,41.0,43.0,46.0
b13,b58,63.0,66.0,69.0
b13,b15,25.0,27.0,28.0
b13,b17,51.0,55.0,58.0
b13,b16,19.0,22.0,24.0
b13,b78,52.0,55.0,57.0
b13,b79,42.0,45.0,48.0
b13,b59,78.0,80.0,83.0
b13,b60,44.0,46.0,49.0
b13,b45,32.0,34.0,36.0
b13,b99,27.0,28.0,29.0
b13,b100,36.0,38.0,40.0
b13,b18,32.0,34.0,36.0
b13,b61,78.0,81.0,83.0
b13,b19,18.0,18.0,19.0
b13,b80,42.0,44.0,47.0
b13,b62,63.0,66.0,68.0
b13,b20,54.0,56.0,59.0
b13,b21,56.0,59.0,61.0
b13,b22,37.0,39.0,40.0
b13,b23,27.0,28.0,29.0
b13,b49,65.0,68.0,71.0
b13,b46,39.0,40.0,42.0
b13,b101,32.0,33.0,34.0
b13,b63,75.0,78.0,81.0
b13,b81,37.0,40.0,43.0
b13,b112,70.0,73.0,76.0
b13,b82,34.0,36.0,38.0
b13,b24,48.0,51.0,52.0
b13,b65,60.0,62.0,64.0
b13,b83,47.0,49.0,50.0
b13,b25,43.0,45.0,47.0
b13,b103,16.0,19.0,22.0
b13,b5,31.0,33.0,34.0
b13,b26,52.0,54.0,56.0
b13,b121,41.0,45.0,49.0
b13,b119,57.0,59.0,61.0
b13,b47,44.0,46.0,48.0
b13,b104,26.0,27.0,28.0
b13,b27,54.0,56.0,57.0
b13,b105,29.0,30.0,31.0
b13,b28,29.0,30.0,32.0
b13,b84,49.0,51.0,53.0
b13,b44,36.0,38.0,40.0
b13,b66,61.0,62.0,64.0
b13,b67,65.0,68.0,70.0
b13,b85,52.0,55.0,59.0
b13,b120,65.0,67.0,70.0
b13,b87,53.0,56.0,58.0
b13,b86,38.0,40.0,42.0
b13,b29,30.0,32.0,34.0
b13,b30,21.0,23.0,26.0
b13,b88,55.0,56.0,59.0
b13,b68,74.0,78.0,83.0
b13,b69,97.0,100.0,103.0
b13,b106,43.0,47.0,50.0
b13,b31,43.0,45.0,48.0
b13,b115,61.0,64.0,69.0
b13,b32,40.0,42.0,44.0
b13,b113,71.0,73.0,75.0
b13,b114,78.0,80.0,82.0
b13,b89,60.0,63.0,66.0
b13,b33,31.0,34.0,36.0
b13,b48,53.0,54.0,56.0
b13,b77,43.0,46.0,48.0
b13,b34,20.0,22.0,23.0
b13,b70,105.0,112.0,123.0
b13,b71,55.0,58.0,61.0
b13,b64,76.0,81.0,86.0
b13,b107,38.0,41.0,43.0
b13,b90,62.0,64.0,68.0
b13,b118,84.0,87.0,90.0
b13,b1,38.0,39.0,41.0
b13,b35,38.0,41.0,44.0
b13,b36,56.0,57.0,59.0
b13,b37,68.0,69.0,72.0
b13,b108,33.0,36.0,38.0
b13,b109,35.0,37.0,39.0
b13,b39,57.0,58.0,60.0
b13,b3,38.0,41.0,44.0
b13,p_centro,33.0,35.0,36.0
b13,p_beira_mar,52.0,54.0,55.0
b13,p_aldeota,44.0,46.0,48.0
b13,p_papicu,49.0,51.0,54.0
b13,p_iguatemi,45.0,47.0,50.0
b13,p_unifor,58.0,61.0,64.0
b13,p_centro_eventos,54.0,57.0,59.0
b13,p_parangaba,21.0,22.0,24.0
b13,p_messejana,54.0,57.0,59.0
b13,p_ufc_benfica,17.0,18.0,19.0
b13,p_ufc_pici,38.0,41.0,44.0
b13,p_aeroporto,46.0,49.0,51.0
b116,b91,59.0,63.0,67.0
b116,b92,89.0,96.0,105.0
b116,b2,54.0,56.0,58.0
b116,b93,65.0,68.0,71.0
b116,b4,89.0,92.0,95.0
b116,b50,102.0,105.0,108.0
b116,b40,93.0,95.0,97.0
b116,b122,109.0,113.0,116.0
b116,b41,99.0,101.0,103.0
b116,b6,77.0,79.0,84.0
b116,b51,93.0,96.0,98.0
b116,b94,89.0,91.0,94.0
b116,b7,70.0,73.0,76.0
b116,b95,74.0,78.0,80.0
b116,b8,87.0,90.0,92.0
b116,b72,106.0,114.0,118.0
b116,b73,101.0,104.0,107.0
b116,b110,37.0,39.0,41.0
b116,b52,77.0,81.0,84.0
b116,b53,71.0,73.0,76.0
b116,b74,116.0,128.0,132.0
b116,b9,77.0,79.0,81.0
b116,b10,65.0,67.0,69.0
b116,b111,31.0,33.0,36.0
b116,b54,74.0,77.0,80.0
b116,b55,105.0,109.0,112.0
b116,b11,41.0,44.0,47.0
b116,b42,106.0,108.0,110.0
b116,b75,111.0,113.0,115.0
b116,b76,103.0,106.0,110.0
b116,b117,90.0,92.0,95.0
b116,b96,88.0,89.0,91.0
b116,b12,77.0,79.0,83.0
b116,b56,76.0,79.0,82.0
b116,b13,84.0,86.0,88.0
b116,b116,0.0,0.0,0.0
b116,b97,84.0,86.0,88.0
b116,b98,79.0,83.0,87.0
b116,b14,55.0,58.0,61.0
b116,b43,100.0,102.0,105.0
b116,b57,85.0,88.0,92.0
b116,b38,88.0,91.0,94.0
b116,b58,66.0,68.0,71.0
b116,b15,71.0,74.0,77.0
b116,b17,101.0,105.0,108.0
b116,b16,66.0,69.0,73.0
b116,b78,116.0,124.0,128.0
b116,b79,106.0,109.0,116.0
b116,b59,83.0,85.0,87.0
b116,b60,50.0,53.0,55.0
b116,b45,95.0,97.0,99.0
b116,b99,85.0,88.0,91.0
b116,b100,80.0,91.0,97.0
b116,b18,72.0,74.0,76.0
b116,b61,98.0,101.0,104.0
b116,b19,83.0,85.0,87.0
b116,b80,98.0,105.0,111.0
b116,b62,65.0,68.0,71.0
b116,b20,94.0,98.0,103.0
b116,b21,92.0,95.0,100.0
b116,b22,69.0,72.0,74.0
b116,b23,68.0,70.0,72.0
b116,b49,73.0,76.0,78.0
b116,b46,102.0,103.0,105.0
b116,b101,96.0,97.0,99.0
b116,b63,81.0,85.0,89.0
b116,b81,97.0,101.0,104.0
b116,b112,34.0,37.0,40.0
b116,b82,95.0,99.0,104.0
b116,b24,49.0,51.0,53.0
b116,b65,80.0,83.0,85.0
b116,b83,103.0,105.0,108.0
b116,b25,84.0,86.0,88.0
b116,b103,87.0,89.0,91.0
b116,b5,61.0,63.0,66.0
b116,b26,43.0,45.0,47.0
b116,b121,105.0,109.0,114.0
b116,b119,97.0,101.0,106.0
b116,b47,89.0,91.0,93.0
b116,b104,88.0,90.0,93.0
b116,b27,34.0,37.0,40.0
b116,b105,87.0,91.0,95.0
b116,b28,76.0,78.0,80.0
b116,b84,99.0,110.0,115.0
b116,b44,98.0,100.0,102.0
b116,b66,84.0,88.0,92.0
b116,b67,69.0,71.0,74.0
b116,b85,110.0,114.0,118.0
b116,b120,91.0,94.0,97.0
b116,b87,114.0,119.0,124.0
b116,b86,101.0,107.0,112.0
b116,b29,82.0,84.0,86.0
b116,b30,82.0,84.0,87.0
b116,b88,81.0,84.0,87.0
b116,b68,103.0,107.0,110.0
b116,b69,127.0,131.0,137.0
b116,b106,105.0,111.0,115.0
b116,b31,71.0,73.0,76.0
b116,b115,110.0,116.0,126.0
b116,b32,57.0,59.0,61.0
b116,b113,15.0,15.0,15.0
b116,b114,35.0,36.0,38.0
b116,b89,104.0,108.0,111.0
b116,b33,87.0,90.0,92.0
b116,b48,98.0,100.0,102.0
b116,b77,93.0,104.0,109.0
b116,b34,86.0,88.0,90.0
b116,b70,106.0,116.0,127.0
b116,b71,57.0,60.0,63.0
b116,b64,81.0,86.0,91.0
b116,b107,79.0,90.0,98.0
b116,b90,128.0,137.0,141.0
b116,b118,99.0,101.0,104.0
b116,b1,82.0,84.0,87.0
b116,b35,67.0,69.0,72.0
b116,b36,44.0,46.0,48.0
b116,b37,46.0,47.0,50.0
b116,b108,95.0,101.0,106.0
b116,b109,86.0,89.0,94.0
b116,b39,100.0,103.0,105.0
b116,b3,82.0,84.0,86.0
b116,p_centro,67.0,68.0,70.0
b116,p_beira_mar,49.0,51.0,53.0
b116,p_aldeota,54.0,56.0,59.0
b116,p_papicu,38.0,39.0,42.0
b116,p_iguatemi,48.0,50.0,53.0
b116,p_unifor,61.0,63.0,66.0
b116,p_centro_eventos,55.0,57.0,60.0
b116,p_parangaba,80.0,83.0,86.0
b116,p_messejana,78.0,81.0,84.0
b116,p_ufc_benfica,73.0,76.0,78.0
b116,p_ufc_pici,93.0,96.0,98.0
b116,p_aeroporto,91.0,98.0,107.0
b97,b91,57.0,59.0,61.0
b97,b92,47.0,50.0,53.0
b97,b2,51.0,53.0,55.0
b97,b93,48.0,51.0,54.0
b97,b4,29.0,31.0,34.0
b97,b50,82.0,85.0,87.0
b97,b40,34.0,36.0,38.0
b97,b122,49.0,52.0,56.0
b97,b41,23.0,24.0,26.0
b97,b6,51.0,53.0,55.0
b97,b51,70.0,72.0,75.0
b97,b94,22.0,23.0,24.0
b97,b7,25.0,26.0,27.0
b97,b95,58.0,60.0,63.0
b97,b8,32.0,33.0,35.0
b97,b72,31.0,34.0,38.0
b97,b73,26.0,27.0,28.0
b97,b110,68.0,71.0,73.0
b97,b52,52.0,56.0,60.0
b97,b53,80.0,82.0,84.0
b97,b74,42.0,44.0,46.0
b97,b9,43.0,45.0,47.0
b97,b10,41.0,42.0,43.0
b97,b111,67.0,69.0,72.0
b97,b54,66.0,69.0,71.0
b97,b55,93.0,97.0,101.0
b97,b11,63.0,65.0,67.0
b97,b42,31.0,32.0,34.0
b97,b75,35.0,37.0,38.0
b97,b76,41.0,43.0,45.0
b97,b117,69.0,71.0,74.0
b97,b96,12.0,12.0,12.0
b97,b12,52.0,53.0,55.0
b97,b56,79.0,81.0,83.0
b97,b13,25.0,26.0,27.0
b97,b116,83.0,86.0,90.0
b97,b97,0.0,0.0,0.0
b97,b98,55.0,58.0,61.0
b97,b14,50.0,52.0,54.0
b97,b43,24.0,26.0,28.0
b97,b57,96.0,99.0,105.0
b97,b38,50.0,53.0,55.0
b97,b58,74.0,77.0,79.0
b97,b15,33.0,35.0,36.0
b97,b17,52.0,55.0,59.0
b97,b16,33.0,34.0,35.0
b97,b78,41.0,44.0,46.0
b97,b79,30.0,33.0,36.0
b97,b59,85.0,87.0,89.0
b97,b60,56.0,58.0,60.0
b97,b45,18.0,20.0,22.0
b97,b99,25.0,27.0,30.0
b97,b100,34.0,37.0,40.0
b97,b18,38.0,40.0,42.0
b97,b61,76.0,79.0,82.0
b97,b19,33.0,34.0,35.0
b97,b80,40.0,43.0,46.0
b97,b62,74.0,76.0,78.0
b97,b20,41.0,43.0,45.0
b97,b21,46.0,48.0,50.0
b97,b22,47.0,49.0,50.0
b97,b23,36.0,38.0,39.0
b97,b49,78.0,81.0,83.0
b97,b46,24.0,25.0,27.0
b97,b101,18.0,19.0,20.0
b97,b63,84.0,89.0,94.0
b97,b81,34.0,36.0,39.0
b97,b112,76.0,79.0,82.0
b97,b82,35.0,38.0,40.0
b97,b24,54.0,56.0,58.0
b97,b65,68.0,70.0,73.0
b97,b83,41.0,42.0,45.0
b97,b25,48.0,50.0,52.0
b97,b103,25.0,28.0,31.0
b97,b5,32.0,36.0,39.0
b97,b26,56.0,59.0,61.0
b97,b121,36.0,38.0,40.0
b97,b119,44.0,46.0,49.0
b97,b47,38.0,40.0,42.0
b97,b104,14.0,14.0,14.0
b97,b27,61.0,62.0,64.0
b97,b105,29.0,31.0,33.0
b97,b28,37.0,38.0,40.0
b97,b84,49.0,52.0,54.0
b97,b44,22.0,23.0,25.0
b97,b66,69.0,71.0,74.0
b97,b67,72.0,75.0,79.0
b97,b85,50.0,52.0,55.0
b97,b120,71.0,74.0,76.0
b97,b87,47.0,49.0,52.0
b97,b86,29.0,31.0,32.0
b97,b29,40.0,41.0,43.0
b97,b30,36.0,38.0,39.0
b97,b88,53.0,57.0,59.0
b97,b68,82.0,86.0,92.0
b97,b69,108.0,111.0,115.0
b97,b106,25.0,28.0,31.0
b97,b31,47.0,49.0,51.0
b97,b115,62.0,66.0,70.0
b97,b32,48.0,49.0,51.0
b97,b113,75.0,78.0,80.0
b97,b114,82.0,85.0,87.0
b97,b89,60.0,62.0,64.0
b97,b33,40.0,43.0,46.0
b97,b48,44.0,46.0,48.0
b97,b77,43.0,46.0,49.0
b97,b34,26.0,27.0,28.0
b97,b70,115.0,126.0,136.0
b97,b71,66.0,68.0,71.0
b97,b64,87.0,93.0,98.0
b97,b107,40.0,42.0,45.0
b97,b90,50.0,53.0,56.0
b97,b118,89.0,92.0,96.0
b97,b1,46.0,48.0,50.0
b97,b35,52.0,53.0,55.0
b97,b36,63.0,65.0,66.0
b97,b37,76.0,79.0,81.0
b97,b108,24.0,25.0,28.0
b97,b109,39.0,42.0,46.0
b97,b39,48.0,50.0,53.0
b97,b3,47.0,49.0,52.0
b97,p_centro,38.0,39.0,41.0
b97,p_beira_mar,57.0,59.0,61.0
b97,p_aldeota,54.0,56.0,57.0
b97,p_papicu,60.0,62.0,64.0
b97,p_iguatemi,57.0,59.0,61.0
b97,p_unifor,71.0,73.0,75.0
b97,p_centro_eventos,67.0,68.0,70.0
b97,p_parangaba,20.0,23.0,25.0
b97,p_messejana,64.0,65.0,67.0
b97,p_ufc_benfica,26.0,27.0,28.0
b97,p_ufc_pici,46.0,49.0,51.0
b97,p_aeroporto,49.0,52.0,55.0
b98,b91,26.0,27.0,29.0
b98,b92,65.0,69.0,73.0
b98,b2,41.0,43.0,46.0
b98,b93,37.0,38.0,40.0
b98,b4,68.0,71.0,73.0
b98,b50,70.0,73.0,76.0
b98,b40,74.0,78.0,80.0
b98,b122,74.0,78.0,81.0
b98,b41,69.0,76.0,81.0
b98,b6,79.0,82.0,85.0
b98,b51,63.0,64.0,66.0
b98,b94,71.0,74.0,77.0
b98,b7,51.0,53.0,56.0
b98,b95,24.0,26.0,28.0
b98,b8,56.0,59.0,62.0
b98,b72,65.0,68.0,73.0
b98,b73,61.0,63.0,66.0
b98,b110,72.0,75.0,77.0
b98,b52,42.0,44.0,47.0
b98,b53,65.0,68.0,71.0
b98,b74,76.0,79.0,83.0
b98,b9,69.0,72.0,74.0
b98,b10,52.0,54.0,56.0
b98,b111,60.0,64.0,67.0
b98,b54,53.0,55.0,57.0
b98,b55,82.0,85.0,90.0
b98,b11,54.0,57.0,60.0
b98,b42,77.0,83.0,88.0
b98,b75,72.0,78.0,83.0
b98,b76,71.0,74.0,76.0
b98,b117,57.0,62.0,65.0
b98,b96,57.0,61.0,65.0
b98,b12,78.0,81.0,84.0
b98,b56,69.0,71.0,73.0
b98,b13,55.0,59.0,63.0
b98,b116,79.0,83.0,86.0
b98,b97,60.0,65.0,70.0
b98,b98,0.0,0.0,0.0
b98,b14,38.0,40.0,42.0
b98,b43,68.0,73.0,77.0
b98,b57,72.0,76.0,83.0
b98,b38,78.0,81.0,84.0
b98,b58,46.0,49.0,51.0
b98,b15,55.0,57.0,59.0
b98,b17,91.0,94.0,97.0
b98,b16,43.0,44.0,46.0
b98,b78,75.0,79.0,83.0
b98,b79,64.0,69.0,73.0
b98,b59,74.0,76.0,78.0
b98,b60,52.0,54.0,56.0
b98,b45,58.0,63.0,67.0
b98,b99,47.0,49.0,52.0
b98,b100,35.0,40.0,44.0
b98,b18,63.0,65.0,67.0
b98,b61,62.0,68.0,72.0
b98,b19,56.0,58.0,61.0
b98,b80,56.0,60.0,64.0
b98,b62,53.0,57.0,61.0
b98,b20,85.0,89.0,94.0
b98,b21,87.0,92.0,95.0
b98,b22,50.0,51.0,53.0
b98,b23,47.0,48.0,50.0
b98,b49,68.0,71.0,73.0
b98,b46,66.0,69.0,73.0
b98,b101,56.0,61.0,64.0
b98,b63,71.0,76.0,81.0
b98,b81,63.0,65.0,67.0
b98,b112,69.0,72.0,77.0
b98,b82,53.0,56.0,59.0
b98,b24,57.0,58.0,60.0
b98,b65,55.0,57.0,59.0
b98,b83,52.0,55.0,57.0
b98,b25,72.0,75.0,78.0
b98,b103,49.0,51.0,56.0
b98,b5,61.0,63.0,66.0
b98,b26,60.0,63.0,65.0
b98,b121,65.0,68.0,70.0
b98,b119,87.0,91.0,95.0
b98,b47,75.0,77.0,79.0
b98,b104,68.0,72.0,75.0
b98,b27,56.0,58.0,60.0
b98,b105,49.0,51.0,54.0
b98,b28,61.0,63.0,65.0
b98,b84,50.0,55.0,58.0
b98,b44,69.0,76.0,81.0
b98,b66,55.0,57.0,59.0
b98,b67,60.0,62.0,64.0
b98,b85,81.0,83.0,86.0
b98,b120,59.0,62.0,65.0
b98,b87,76.0,80.0,84.0
b98,b86,61.0,64.0,66.0
b98,b29,66.0,69.0,71.0
b98,b30,55.0,58.0,60.0
b98,b88,32.0,34.0,36.0
b98,b68,69.0,72.0,77.0
b98,b69,94.0,96.0,99.0
b98,b106,84.0,88.0,93.0
b98,b31,73.0,77.0,80.0
b98,b115,62.0,65.0,70.0
b98,b32,60.0,62.0,65.0
b98,b113,77.0,80.0,83.0
b98,b114,85.0,88.0,91.0
b98,b89,55.0,58.0,61.0
b98,b33,71.0,74.0,77.0
b98,b48,85.0,87.0,90.0
b98,b77,50.0,54.0,58.0
b98,b34,68.0,71.0,74.0
b98,b70,103.0,109.0,118.0
b98,b71,38.0,40.0,43.0
b98,b64,70.0,76.0,81.0
b98,b107,36.0,40.0,44.0
b98,b90,83.0,87.0,94.0
b98,b118,79.0,81.0,84.0
b98,b1,69.0,71.0,72.0
b98,b35,46.0,48.0,50.0
b98,b36,55.0,57.0,60.0
b98,b37,68.0,71.0,74.0
b98,b108,56.0,59.0,62.0
b98,b109,57.0,61.0,65.0
b98,b39,88.0,91.0,94.0
b98,b3,73.0,76.0,79.0
b98,p_centro,53.0,54.0,56.0
b98,p_beira_mar,57.0,59.0,61.0
b98,p_aldeota,41.0,43.0,46.0
b98,p_papicu,51.0,53.0,56.0
b98,p_iguatemi,52.0,55.0,57.0
b98,p_unifor,49.0,51.0,54.0
b98,p_centro_eventos,53.0,55.0,58.0
b98,p_parangaba,40.0,43.0,46.0
b98,p_messejana,50.0,52.0,54.0
b98,p_ufc_benfica,54.0,57.0,59.0
b98,p_ufc_pici,82.0,83.0,85.0
b98,p_aeroporto,67.0,71.0,75.0
b14,b91,19.0,21.0,22.0
b14,b92,50.0,55.0,61.0
b14,b2,16.0,16.0,16.0
b14,b93,23.0,25.0,26.0
b14,b4,48.0,51.0,53.0
b14,b50,72.0,74.0,77.0
b14,b40,57.0,59.0,61.0
b14,b122,72.0,75.0,79.0
b14,b41,62.0,64.0,67.0
b14,b6,56.0,59.0,61.0
b14,b51,65.0,68.0,71.0
b14,b94,50.0,53.0,55.0
b14,b7,29.0,31.0,33.0
b14,b95,33.0,36.0,39.0
b14,b8,44.0,46.0,49.0
b14,b72,62.0,65.0,69.0
b14,b73,58.0,61.0,64.0
b14,b110,44.0,46.0,48.0
b14,b52,48.0,49.0,51.0
b14,b53,48.0,50.0,52.0
b14,b74,74.0,76.0,78.0
b14,b9,48.0,50.0,53.0
b14,b10,33.0,35.0,38.0
b14,b111,33.0,36.0,39.0
b14,b54,49.0,52.0,54.0
b14,b55,79.0,81.0,83.0
b14,b11,28.0,31.0,34.0
b14,b42,70.0,72.0,74.0
b14,b75,70.0,74.0,77.0
b14,b76,66.0,69.0,72.0
b14,b117,66.0,68.0,70.0
b14,b96,51.0,53.0,55.0
b14,b12,56.0,58.0,60.0
b14,b56,48.0,50.0,53.0
b14,b13,43.0,46.0,48.0
b14,b116,52.0,55.0,59.0
b14,b97,47.0,49.0,52.0
b14,b98,37.0,39.0,43.0
b14,b14,0.0,0.0,0.0
b14,b43,64.0,66.0,68.0
b14,b57,60.0,63.0,67.0
b14,b38,58.0,60.0,62.0
b14,b58,41.0,44.0,46.0
b14,b15,31.0,34.0,36.0
b14,b17,68.0,71.0,74.0
b14,b16,26.0,27.0,28.0
b14,b78,73.0,76.0,79.0
b14,b79,62.0,66.0,69.0
b14,b59,59.0,61.0,64.0
b14,b60,22.0,24.0,26.0
b14,b45,57.0,59.0,61.0
b14,b99,46.0,49.0,51.0
b14,b100,38.0,40.0,43.0
b14,b18,43.0,45.0,47.0
b14,b61,72.0,75.0,77.0
b14,b19,39.0,41.0,42.0
b14,b80,55.0,58.0,62.0
b14,b62,39.0,42.0,45.0
b14,b20,66.0,69.0,70.0
b14,b21,67.0,70.0,72.0
b14,b22,29.0,30.0,32.0
b14,b23,29.0,31.0,33.0
b14,b49,47.0,49.0,52.0
b14,b46,63.0,65.0,67.0
b14,b101,57.0,58.0,60.0
b14,b63,58.0,60.0,63.0
b14,b81,60.0,63.0,65.0
b14,b112,42.0,45.0,49.0
b14,b82,52.0,55.0,58.0
b14,b24,30.0,31.0,32.0
b14,b65,55.0,57.0,59.0
b14,b83,59.0,61.0,64.0
b14,b25,52.0,55.0,58.0
b14,b103,45.0,46.0,48.0
b14,b5,40.0,42.0,44.0
b14,b26,32.0,34.0,37.0
b14,b121,64.0,66.0,69.0
b14,b119,69.0,71.0,73.0
b14,b47,54.0,55.0,57.0
b14,b104,51.0,54.0,56.0
b14,b27,29.0,31.0,34.0
b14,b105,47.0,50.0,52.0
b14,b28,40.0,41.0,43.0
b14,b84,55.0,58.0,61.0
b14,b44,61.0,63.0,66.0
b14,b66,57.0,58.0,60.0
b14,b67,45.0,48.0,50.0
b14,b85,75.0,79.0,81.0
b14,b120,61.0,63.0,66.0
b14,b87,74.0,77.0,80.0
b14,b86,59.0,61.0,64.0
b14,b29,45.0,46.0,48.0
b14,b30,40.0,41.0,44.0
b14,b88,40.0,43.0,46.0
b14,b68,70.0,74.0,79.0
b14,b69,94.0,97.0,100.0
b14,b106,66.0,71.0,75.0
b14,b31,50.0,53.0,55.0
b14,b115,66.0,70.0,76.0
b14,b32,38.0,39.0,41.0
b14,b113,49.0,51.0,54.0
b14,b114,56.0,59.0,62.0
b14,b89,63.0,66.0,68.0
b14,b33,49.0,52.0,54.0
b14,b48,62.0,64.0,66.0
b14,b77,49.0,52.0,56.0
b14,b34,49.0,51.0,53.0
b14,b70,88.0,96.0,104.0
b14,b71,31.0,34.0,36.0
b14,b64,57.0,61.0,65.0
b14,b107,37.0,39.0,42.0
b14,b90,81.0,83.0,88.0
b14,b118,71.0,74.0,76.0
b14,b1,46.0,48.0,50.0
b14,b35,26.0,27.0,28.0
b14,b36,29.0,30.0,31.0
b14,b37,41.0,44.0,46.0
b14,b108,53.0,56.0,59.0
b14,b109,44.0,48.0,51.0
b14,b39,66.0,68.0,70.0
b14,b3,53.0,56.0,58.0
b14,p_centro,34.0,36.0,39.0
b14,p_beira_mar,29.0,31.0,33.0
b14,p_aldeota,16.0,16.0,18.0
b14,p_papicu,23.0,25.0,26.0
b14,p_iguatemi,23.0,26.0,28.0
b14,p_unifor,37.0,39.0,42.0
b14,p_centro_eventos,32.0,34.0,36.0
b14,p_parangaba,42.0,44.0,46.0
b14,p_messejana,51.0,53.0,55.0
b14,p_ufc_benfica,32.0,34.0,36.0
b14,p_ufc_pici,59.0,60.0,62.0
b14,p_aeroporto,52.0,57.0,63.0
b43,b91,71.0,74.0,76.0
b43,b92,62.0,65.0,68.0
b43,b2,68.0,70.0,73.0
b43,b93,65.0,68.0,72.0
b43,b4,45.0,48.0,50.0
b43,b50,100.0,102.0,105.0
b43,b40,25.0,26.0,27.0
b43,b122,61.0,65.0,68.0
b43,b41,16.0,16.0,16.0
b43,b6,50.0,53.0,55.0
b43,b51,78.0,81.0,85.0
b43,b94,40.0,42.0,44.0
b43,b7,42.0,44.0,46.0
b43,b95,70.0,72.0,75.0
b43,b8,49.0,50.0,52.0
b43,b72,44.0,47.0,50.0
b43,b73,27.0,29.0,32.0
b43,b110,87.0,89.0,91.0
b43,b52,64.0,67.0,70.0
b43,b53,94.0,97.0,100.0
b43,b74,54.0,57.0,60.0
b43,b9,59.0,60.0,62.0
b43,b10,58.0,60.0,62.0
b43,b111,84.0,87.0,92.0
b43,b54,79.0,82.0,85.0
b43,b55,102.0,108.0,113.0
b43,b11,80.0,83.0,85.0
b43,b42,25.0,27.0,29.0
b43,b75,31.0,34.0,36.0
b43,b76,49.0,53.0,56.0
b43,b117,77.0,80.0,84.0
b43,b96,33.0,35.0,37.0
b43,b12,61.0,63.0,66.0
b43,b56,89.0,94.0,96.0
b43,b13,42.0,43.0,45.0
b43,b116,101.0,105.0,107.0
b43,b97,28.0,30.0,32.0
b43,b98,67.0,69.0,72.0
b43,b14,67.0,69.0,72.0
b43,b43,0.0,0.0,0.0
b43,b57,113.0,117.0,122.0
b43,b38,54.0,56.0,58.0
b43,b58,91.0,93.0,95.0
b43,b15,45.0,47.0,48.0
b43,b17,47.0,51.0,54.0
b43,b16,50.0,52.0,54.0
b43,b78,49.0,51.0,53.0
b43,b79,41.0,43.0,45.0
b43,b59,93.0,97.0,100.0
b43,b60,74.0,76.0,78.0
b43,b45,19.0,19.0,20.0
b43,b99,40.0,42.0,44.0
b43,b100,46.0,48.0,50.0
b43,b18,55.0,57.0,59.0
b43,b61,84.0,87.0,91.0
b43,b19,50.0,52.0,54.0
b43,b80,53.0,55.0,58.0
b43,b62,88.0,91.0,94.0
b43,b20,39.0,41.0,44.0
b43,b21,43.0,45.0,46.0
b43,b22,64.0,65.0,68.0
b43,b23,53.0,55.0,57.0
b43,b49,94.0,97.0,99.0
b43,b46,26.0,27.0,30.0
b43,b101,27.0,28.0,30.0
b43,b63,97.0,102.0,108.0
b43,b81,43.0,46.0,49.0
b43,b112,94.0,97.0,101.0
b43,b82,45.0,46.0,49.0
b43,b24,73.0,75.0,76.0
b43,b65,82.0,85.0,88.0
b43,b83,47.0,51.0,55.0
b43,b25,57.0,61.0,64.0
b43,b103,42.0,44.0,47.0
b43,b5,51.0,53.0,55.0
b43,b26,75.0,77.0,79.0
b43,b121,43.0,45.0,49.0
b43,b119,41.0,42.0,44.0
b43,b47,35.0,37.0,38.0
b43,b104,35.0,36.0,38.0
b43,b27,78.0,80.0,82.0
b43,b105,39.0,41.0,43.0
b43,b28,47.0,48.0,50.0
b43,b84,60.0,62.0,64.0
b43,b44,17.0,18.0,19.0
b43,b66,87.0,89.0,91.0
b43,b67,85.0,88.0,91.0
b43,b85,61.0,64.0,68.0
b43,b120,89.0,91.0,94.0
b43,b87,55.0,58.0,62.0
b43,b86,37.0,40.0,43.0
b43,b29,42.0,44.0,45.0
b43,b30,53.0,55.0,57.0
b43,b88,64.0,67.0,70.0
b43,b68,100.0,105.0,108.0
b43,b69,116.0,120.0,125.0
b43,b106,37.0,41.0,44.0
b43,b31,63.0,64.0,67.0
b43,b115,69.0,72.0,76.0
b43,b32,66.0,67.0,69.0
b43,b113,94.0,96.0,98.0
b43,b114,101.0,103.0,105.0
b43,b89,68.0,71.0,74.0
b43,b33,45.0,46.0,48.0
b43,b48,33.0,35.0,37.0
b43,b77,55.0,57.0,60.0
b43,b34,43.0,45.0,47.0
b43,b70,131.0,139.0,147.0
b43,b71,81.0,84.0,87.0
b43,b64,99.0,106.0,113.0
b43,b107,52.0,54.0,57.0
b43,b90,62.0,65.0,69.0
b43,b118,102.0,105.0,109.0
b43,b1,48.0,50.0,51.0
b43,b35,69.0,71.0,73.0
b43,b36,80.0,82.0,84.0
b43,b37,94.0,97.0,99.0
b43,b108,42.0,44.0,46.0
b43,b109,54.0,57.0,63.0
b43,b39,37.0,39.0,41.0
b43,b3,53.0,55.0,58.0
b43,p_centro,56.0,58.0,60.0
b43,p_beira_mar,76.0,78.0,79.0
b43,p_aldeota,71.0,73.0,75.0
b43,p_papicu,77.0,79.0,82.0
b43,p_iguatemi,74.0,76.0,78.0
b43,p_unifor,88.0,90.0,92.0
b43,p_centro_eventos,84.0,86.0,88.0
b43,p_parangaba,30.0,32.0,34.0
b43,p_messejana,74.0,77.0,80.0
b43,p_ufc_benfica,43.0,45.0,47.0
b43,p_ufc_pici,44.0,46.0,48.0
b43,p_aeroporto,64.0,67.0,70.0
b57,b91,64.0,68.0,71.0
b57,b92,93.0,103.0,112.0
b57,b2,61.0,65.0,69.0
b57,b93,66.0,70.0,73.0
b57,b4,89.0,92.0,97.0
b57,b50,88.0,92.0,97.0
b57,b40,99.0,102.0,106.0
b57,b122,114.0,119.0,125.0
b57,b41,105.0,110.0,114.0
b57,b6,100.0,104.0,108.0
b57,b51,79.0,83.0,87.0
b57,b94,94.0,98.0,102.0
b57,b7,70.0,74.0,78.0
b57,b95,80.0,83.0,87.0
b57,b8,87.0,90.0,93.0
b57,b72,117.0,121.0,128.0
b57,b73,108.0,111.0,115.0
b57,b110,78.0,82.0,85.0
b57,b52,61.0,65.0,69.0
b57,b53,56.0,60.0,63.0
b57,b74,125.0,129.0,136.0
b57,b9,91.0,94.0,98.0
b57,b10,75.0,79.0,83.0
b57,b111,60.0,64.0,67.0
b57,b54,61.0,65.0,68.0
b57,b55,93.0,96.0,101.0
b57,b11,46.0,50.0,53.0
b57,b42,113.0,117.0,122.0
b57,b75,119.0,122.0,126.0
b57,b76,108.0,113.0,119.0
b57,b117,76.0,79.0,83.0
b57,b96,94.0,97.0,101.0
b57,b12,99.0,104.0,108.0
b57,b56,57.0,61.0,66.0
b57,b13,88.0,92.0,96.0
b57,b116,80.0,84.0,88.0
b57,b97,90.0,94.0,98.0
b57,b98,85.0,89.0,93.0
b57,b14,61.0,65.0,69.0
b57,b43,107.0,111.0,116.0
b57,b57,0.0,0.0,0.0
b57,b38,99.0,103.0,108.0
b57,b58,53.0,57.0,62.0
b57,b15,75.0,78.0,81.0
b57,b17,110.0,114.0,120.0
b57,b16,66.0,70.0,74.0
b57,b78,128.0,132.0,137.0
b57,b79,118.0,123.0,128.0
b57,b59,68.0,71.0,75.0
b57,b60,47.0,51.0,54.0
b57,b45,101.0,106.0,110.0
b57,b99,92.0,95.0,99.0
b57,b100,84.0,88.0,92.0
b57,b18,85.0,89.0,93.0
b57,b61,84.0,88.0,92.0
b57,b19,82.0,86.0,90.0
b57,b80,107.0,111.0,116.0
b57,b62,66.0,69.0,72.0
b57,b20,111.0,115.0,119.0
b57,b21,112.0,116.0,120.0
b57,b22,70.0,74.0,78.0
b57,b23,70.0,74.0,78.0
b57,b49,55.0,59.0,64.0
b57,b46,108.0,111.0,115.0
b57,b101,102.0,105.0,109.0
b57,b63,67.0,71.0,77.0
b57,b81,101.0,105.0,111.0
b57,b112,70.0,74.0,78.0
b57,b82,104.0,110.0,114.0
b57,b24,69.0,72.0,76.0
b57,b65,66.0,70.0,74.0
b57,b83,91.0,95.0,100.0
b57,b25,96.0,100.0,104.0
b57,b103,87.0,91.0,95.0
b57,b5,79.0,83.0,87.0
b57,b26,70.0,74.0,79.0
b57,b121,105.0,109.0,114.0
b57,b119,113.0,117.0,121.0
b57,b47,96.0,99.0,103.0
b57,b104,95.0,98.0,102.0
b57,b27,57.0,60.0,65.0
b57,b105,95.0,99.0,104.0
b57,b28,80.0,84.0,88.0
b57,b84,99.0,103.0,107.0
b57,b44,104.0,109.0,113.0
b57,b66,68.0,72.0,77.0
b57,b67,53.0,56.0,60.0
b57,b85,115.0,120.0,126.0
b57,b120,77.0,81.0,86.0
b57,b87,124.0,128.0,133.0
b57,b86,104.0,109.0,113.0
b57,b29,85.0,89.0,93.0
b57,b30,79.0,84.0,89.0
b57,b88,84.0,88.0,91.0
b57,b68,89.0,93.0,97.0
b57,b69,114.0,118.0,124.0
b57,b106,113.0,120.0,128.0
b57,b31,94.0,98.0,102.0
b57,b115,113.0,118.0,123.0
b57,b32,79.0,83.0,87.0
b57,b113,80.0,84.0,88.0
b57,b114,88.0,92.0,96.0
b57,b89,99.0,104.0,110.0
b57,b33,90.0,94.0,100.0
b57,b48,105.0,109.0,113.0
b57,b77,100.0,104.0,108.0
b57,b34,92.0,95.0,99.0
b57,b70,98.0,109.0,122.0
b57,b71,55.0,59.0,62.0
b57,b64,64.0,69.0,75.0
b57,b107,85.0,89.0,93.0
b57,b90,139.0,144.0,148.0
b57,b118,85.0,88.0,92.0
b57,b1,88.0,91.0,95.0
b57,b35,68.0,72.0,76.0
b57,b36,61.0,64.0,68.0
b57,b37,69.0,72.0,76.0
b57,b108,103.0,107.0,112.0
b57,b109,90.0,93.0,99.0
b57,b39,109.0,113.0,117.0
b57,b3,96.0,100.0,103.0
b57,p_centro,75.0,79.0,83.0
b57,p_beira_mar,74.0,77.0,81.0
b57,p_aldeota,62.0,65.0,69.0
b57,p_papicu,53.0,56.0,60.0
b57,p_iguatemi,44.0,48.0,51.0
b57,p_unifor,35.0,38.0,39.0
b57,p_centro_eventos,40.0,43.0,47.0
b57,p_parangaba,87.0,91.0,95.0
b57,p_messejana,64.0,68.0,72.0
b57,p_ufc_benfica,73.0,77.0,81.0
b57,p_ufc_pici,101.0,104.0,108.0
b57,p_aeroporto,95.0,105.0,115.0
b38,b91,63.0,66.0,69.0
b38,b92,70.0,76.0,80.0
b38,b2,58.0,61.0,63.0
b38,b93,61.0,64.0,67.0
b38,b4,35.0,36.0,38.0
b38,b50,86.0,90.0,94.0
b38,b40,37.0,39.0,40.0
b38,b122,79.0,83.0,87.0
b38,b41,49.0,51.0,54.0
b38,b6,31.0,34.0,36.0
b38,b51,91.0,94.0,97.0
b38,b94,40.0,44.0,48.0
b38,b7,39.0,40.0,43.0
b38,b95,67.0,71.0,74.0
b38,b8,51.0,53.0,56.0
b38,b72,72.0,75.0,80.0
b38,b73,54.0,57.0,60.0
b38,b110,63.0,66.0,68.0
b38,b52,66.0,70.0,73.0
b38,b53,85.0,88.0,91.0
b38,b74,82.0,85.0,89.0
b38,b9,26.0,26.0,27.0
b38,b10,43.0,46.0,48.0
b38,b111,78.0,81.0,84.0
b38,b54,74.0,78.0,83.0
b38,b55,102.0,108.0,113.0
b38,b11,73.0,75.0,78.0
b38,b42,52.0,56.0,60.0
b38,b75,58.0,62.0,65.0
b38,b76,72.0,75.0,79.0
b38,b117,90.0,92.0,97.0
b38,b96,51.0,54.0,57.0
b38,b12,31.0,33.0,35.0
b38,b56,85.0,87.0,91.0
b38,b13,45.0,47.0,49.0
b38,b116,83.0,86.0,88.0
b38,b97,48.0,51.0,53.0
b38,b98,69.0,73.0,77.0
b38,b14,58.0,60.0,62.0
b38,b43,49.0,51.0,53.0
b38,b57,104.0,107.0,114.0
b38,b38,0.0,0.0,0.0
b38,b58,83.0,86.0,90.0
b38,b15,34.0,37.0,39.0
b38,b17,30.0,32.0,34.0
b38,b16,41.0,43.0,45.0
b38,b78,76.0,80.0,84.0
b38,b79,69.0,72.0,75.0
b38,b59,92.0,96.0,99.0
b38,b60,63.0,65.0,67.0
b38,b45,45.0,47.0,49.0
b38,b99,63.0,65.0,66.0
b38,b100,71.0,73.0,75.0
b38,b18,30.0,31.0,32.0
b38,b61,95.0,98.0,102.0
b38,b19,52.0,54.0,56.0
b38,b80,78.0,82.0,86.0
b38,b62,81.0,84.0,87.0
b38,b20,36.0,39.0,42.0
b38,b21,35.0,37.0,40.0
b38,b22,55.0,57.0,59.0
b38,b23,44.0,47.0,50.0
b38,b49,84.0,87.0,90.0
b38,b46,52.0,54.0,56.0
b38,b101,54.0,56.0,58.0
b38,b63,91.0,95.0,100.0
b38,b81,66.0,69.0,72.0
b38,b112,87.0,90.0,94.0
b38,b82,72.0,75.0,79.0
b38,b24,49.0,52.0,54.0
b38,b65,72.0,76.0,80.0
b38,b83,75.0,79.0,82.0
b38,b25,20.0,22.0,26.0
b38,b103,54.0,56.0,58.0
b38,b5,29.0,34.0,36.0
b38,b26,51.0,54.0,56.0
b38,b121,71.0,74.0,77.0
b38,b119,37.0,41.0,44.0
b38,b47,26.0,29.0,33.0
b38,b104,49.0,51.0,54.0
b38,b27,69.0,72.0,74.0
b38,b105,63.0,65.0,69.0
b38,b28,28.0,33.0,38.0
b38,b84,83.0,85.0,87.0
b38,b44,48.0,51.0,54.0
b38,b66,74.0,78.0,81.0
b38,b67,81.0,84.0,87.0
b38,b85,80.0,83.0,87.0
b38,b120,75.0,79.0,83.0
b38,b87,81.0,84.0,87.0
b38,b86,65.0,68.0,72.0
b38,b29,24.0,30.0,34.0
b38,b30,49.0,52.0,55.0
b38,b88,75.0,78.0,82.0
b38,b68,87.0,94.0,100.0
b38,b69,113.0,118.0,125.0
b38,b106,56.0,60.0,64.0
b38,b31,32.0,34.0,36.0
b38,b115,93.0,96.0,100.0
b38,b32,45.0,47.0,49.0
b38,b113,70.0,73.0,75.0
b38,b114,77.0,80.0,82.0
b38,b89,92.0,94.0,97.0
b38,b33,20.0,21.0,22.0
b38,b48,41.0,43.0,45.0
b38,b77,79.0,81.0,83.0
b38,b34,45.0,47.0,48.0
b38,b70,121.0,132.0,140.0
b38,b71,74.0,77.0,81.0
b38,b64,92.0,97.0,105.0
b38,b107,72.0,75.0,79.0
b38,b90,90.0,94.0,99.0
b38,b118,97.0,101.0,107.0
b38,b1,25.0,27.0,30.0
b38,b35,59.0,62.0,65.0
b38,b36,61.0,65.0,67.0
b38,b37,71.0,74.0,77.0
b38,b108,66.0,68.0,72.0
b38,b109,60.0,63.0,66.0
b38,b39,45.0,47.0,49.0
b38,b3,20.0,22.0,23.0
b38,p_centro,40.0,43.0,46.0
b38,p_beira_mar,52.0,55.0,57.0
b38,p_aldeota,59.0,62.0,65.0
b38,p_papicu,63.0,66.0,68.0
b38,p_iguatemi,64.0,66.0,68.0
b38,p_unifor,78.0,80.0,82.0
b38,p_centro_eventos,74.0,76.0,79.0
b38,p_parangaba,54.0,57.0,60.0
b38,p_messejana,71.0,75.0,78.0
b38,p_ufc_benfica,38.0,40.0,42.0
b38,p_ufc_pici,37.0,39.0,41.0
b38,p_aeroporto,72.0,78.0,83.0
b58,b91,31.0,35.0,40.0
b58,b92,69.0,76.0,82.0
b58,b2,46.0,48.0,51.0
b58,b93,33.0,37.0,42.0
b58,b4,73.0,76.0,78.0
b58,b50,70.0,73.0,77.0
b58,b40,83.0,86.0,90.0
b58,b122,89.0,94.0,99.0
b58,b41,89.0,92.0,94.0
b58,b6,82.0,86.0,90.0
b58,b51,63.0,67.0,70.0
b58,b94,75.0,78.0,81.0
b58,b7,55.0,57.0,60.0
b58,b95,47.0,52.0,56.0
b58,b8,64.0,68.0,72.0
b58,b72,80.0,86.0,99.0
b58,b73,76.0,82.0,92.0
b58,b110,60.0,64.0,68.0
b58,b52,41.0,44.0,47.0
b58,b53,42.0,45.0,47.0
b58,b74,91.0,96.0,108.0
b58,b9,74.0,78.0,81.0
b58,b10,58.0,61.0,63.0
b58,b111,43.0,46.0,49.0
b58,b54,30.0,33.0,38.0
b58,b55,76.0,79.0,81.0
b58,b11,31.0,33.0,36.0
b58,b42,97.0,99.0,102.0
b58,b75,97.0,101.0,105.0
b58,b76,84.0,89.0,94.0
b58,b117,62.0,65.0,68.0
b58,b96,75.0,77.0,81.0
b58,b12,81.0,85.0,89.0
b58,b56,41.0,45.0,50.0
b58,b13,69.0,72.0,75.0
b58,b116,64.0,68.0,72.0
b58,b97,73.0,76.0,79.0
b58,b98,53.0,57.0,62.0
b58,b14,45.0,47.0,49.0
b58,b43,89.0,92.0,95.0
b58,b57,49.0,52.0,57.0
b58,b38,84.0,86.0,89.0
b58,b58,0.0,0.0,0.0
b58,b15,58.0,61.0,64.0
b58,b17,97.0,99.0,102.0
b58,b16,50.0,53.0,55.0
b58,b78,90.0,98.0,109.0
b58,b79,86.0,92.0,97.0
b58,b59,53.0,57.0,60.0
b58,b60,30.0,32.0,34.0
b58,b45,79.0,83.0,86.0
b58,b99,63.0,67.0,72.0
b58,b100,57.0,61.0,65.0
b58,b18,68.0,72.0,74.0
b58,b61,69.0,73.0,75.0
b58,b19,57.0,61.0,65.0
b58,b80,77.0,83.0,89.0
b58,b62,29.0,31.0,33.0
b58,b20,95.0,99.0,104.0
b58,b21,98.0,101.0,103.0
b58,b22,54.0,58.0,60.0
b58,b23,54.0,57.0,59.0
b58,b49,40.0,44.0,48.0
b58,b46,82.0,87.0,92.0
b58,b101,77.0,81.0,85.0
b58,b63,51.0,55.0,60.0
b58,b81,77.0,82.0,87.0
b58,b112,51.0,56.0,60.0
b58,b82,72.0,77.0,81.0
b58,b24,51.0,54.0,57.0
b58,b65,50.0,52.0,55.0
b58,b83,71.0,76.0,80.0
b58,b25,80.0,83.0,86.0
b58,b103,63.0,67.0,72.0
b58,b5,63.0,66.0,69.0
b58,b26,50.0,54.0,58.0
b58,b121,80.0,86.0,91.0
b58,b119,97.0,100.0,104.0
b58,b47,80.0,83.0,86.0
b58,b104,77.0,80.0,83.0
b58,b27,42.0,44.0,47.0
b58,b105,66.0,71.0,75.0
b58,b28,65.0,68.0,70.0
b58,b84,74.0,78.0,82.0
b58,b44,88.0,91.0,93.0
b58,b66,42.0,45.0,48.0
b58,b67,28.0,32.0,36.0
b58,b85,95.0,99.0,103.0
b58,b120,59.0,62.0,66.0
b58,b87,90.0,96.0,106.0
b58,b86,74.0,81.0,89.0
b58,b29,70.0,73.0,75.0
b58,b30,59.0,62.0,66.0
b58,b88,55.0,59.0,63.0
b58,b68,67.0,71.0,76.0
b58,b69,94.0,97.0,100.0
b58,b106,93.0,98.0,104.0
b58,b31,75.0,80.0,85.0
b58,b115,82.0,88.0,93.0
b58,b32,61.0,64.0,68.0
b58,b113,59.0,62.0,66.0
b58,b114,67.0,70.0,75.0
b58,b89,75.0,81.0,87.0
b58,b33,75.0,77.0,80.0
b58,b48,90.0,93.0,97.0
b58,b77,70.0,74.0,80.0
b58,b34,73.0,76.0,79.0
b58,b70,86.0,93.0,101.0
b58,b71,21.0,23.0,25.0
b58,b64,50.0,54.0,58.0
b58,b107,56.0,60.0,64.0
b58,b90,100.0,110.0,120.0
b58,b118,67.0,71.0,74.0
b58,b1,72.0,75.0,77.0
b58,b35,50.0,52.0,55.0
b58,b36,41.0,44.0,49.0
b58,b37,52.0,55.0,59.0
b58,b108,72.0,79.0,84.0
b58,b109,62.0,68.0,73.0
b58,b39,94.0,97.0,101.0
b58,b3,81.0,84.0,87.0
b58,p_centro,58.0,61.0,64.0
b58,p_beira_mar,56.0,59.0,63.0
b58,p_aldeota,46.0,48.0,51.0
b58,p_papicu,33.0,37.0,41.0
b58,p_iguatemi,28.0,31.0,34.0
b58,p_unifor,23.0,25.0,28.0
b58,p_centro_eventos,27.0,29.0,32.0
b58,p_parangaba,57.0,62.0,66.0
b58,p_messejana,48.0,52.0,55.0
b58,p_ufc_benfica,58.0,60.0,63.0
b58,p_ufc_pici,85.0,88.0,91.0
b58,p_aeroporto,72.0,79.0,85.0
b15,b91,44.0,45.0,47.0
b15,b92,46.0,50.0,55.0
b15,b2,32.0,35.0,36.0
b15,b93,39.0,41.0,45.0
b15,b4,30.0,32.0,34.0
b15,b50,69.0,72.0,74.0
b15,b40,31.0,34.0,37.0
b15,b122,55.0,59.0,63.0
b15,b41,42.0,43.0,45.0
b15,b6,37.0,40.0,42.0
b15,b51,64.0,67.0,70.0
b15,b94,31.0,33.0,35.0
b15,b7,16.0,17.0,20.0
b15,b95,47.0,50.0,53.0
b15,b8,33.0,35.0,36.0
b15,b72,55.0,59.0,62.0
b15,b73,47.0,49.0,50.0
b15,b110,53.0,55.0,57.0
b15,b52,46.0,48.0,49.0
b15,b53,64.0,68.0,70.0
b15,b74,62.0,65.0,68.0
b15,b9,30.0,31.0,32.0
b15,b10,27.0,28.0,29.0
b15,b111,53.0,55.0,57.0
b15,b54,54.0,57.0,60.0
b15,b55,81.0,85.0,89.0
b15,b11,48.0,49.0,51.0
b15,b42,48.0,50.0,52.0
b15,b75,54.0,56.0,58.0
b15,b76,48.0,53.0,57.0
b15,b117,66.0,69.0,71.0
b15,b96,32.0,33.0,34.0
b15,b12,37.0,39.0,41.0
b15,b56,65.0,67.0,70.0
b15,b13,29.0,30.0,32.0
b15,b116,69.0,71.0,74.0
b15,b97,28.0,30.0,31.0
b15,b98,50.0,52.0,56.0
b15,b14,33.0,35.0,36.0
b15,b43,43.0,45.0,46.0
b15,b57,79.0,84.0,88.0
b15,b38,36.0,38.0,40.0
b15,b58,58.0,61.0,65.0
b15,b15,0.0,0.0,0.0
b15,b17,46.0,49.0,52.0
b15,b16,18.0,20.0,22.0
b15,b78,65.0,67.0,70.0
b15,b79,52.0,55.0,60.0
b15,b59,73.0,75.0,78.0
b15,b60,40.0,43.0,45.0
b15,b45,38.0,40.0,42.0
b15,b99,40.0,41.0,43.0
b15,b100,48.0,49.0,51.0
b15,b18,24.0,25.0,26.0
b15,b61,71.0,74.0,76.0
b15,b19,30.0,31.0,33.0
b15,b80,54.0,57.0,61.0
b15,b62,57.0,60.0,62.0
b15,b20,42.0,44.0,47.0
b15,b21,45.0,47.0,49.0
b15,b22,27.0,29.0,31.0
b15,b23,19.0,21.0,23.0
b15,b49,64.0,67.0,69.0
b15,b46,46.0,47.0,48.0
b15,b101,40.0,41.0,42.0
b15,b63,71.0,75.0,78.0
b15,b81,43.0,47.0,51.0
b15,b112,62.0,64.0,67.0
b15,b82,49.0,52.0,56.0
b15,b24,39.0,40.0,41.0
b15,b65,54.0,56.0,58.0
b15,b83,57.0,61.0,64.0
b15,b25,33.0,35.0,36.0
b15,b103,34.0,35.0,38.0
b15,b5,18.0,19.0,20.0
b15,b26,41.0,43.0,45.0
b15,b121,51.0,55.0,59.0
b15,b119,44.0,47.0,50.0
b15,b47,29.0,31.0,34.0
b15,b104,32.0,34.0,35.0
b15,b27,46.0,47.0,49.0
b15,b105,39.0,43.0,47.0
b15,b28,12.0,12.0,12.0
b15,b84,60.0,62.0,64.0
b15,b44,41.0,43.0,45.0
b15,b66,55.0,56.0,58.0
b15,b67,61.0,63.0,66.0
b15,b85,56.0,60.0,64.0
b15,b120,58.0,61.0,63.0
b15,b87,60.0,63.0,67.0
b15,b86,51.0,53.0,55.0
b15,b29,22.0,24.0,26.0
b15,b30,26.0,27.0,30.0
b15,b88,55.0,58.0,61.0
b15,b68,68.0,72.0,76.0
b15,b69,91.0,94.0,98.0
b15,b106,47.0,50.0,55.0
b15,b31,31.0,33.0,35.0
b15,b115,71.0,74.0,77.0
b15,b32,32.0,33.0,35.0
b15,b113,60.0,62.0,64.0
b15,b114,67.0,69.0,71.0
b15,b89,71.0,73.0,76.0
b15,b33,29.0,31.0,33.0
b15,b48,38.0,40.0,43.0
b15,b77,55.0,57.0,59.0
b15,b34,31.0,32.0,33.0
b15,b70,101.0,109.0,118.0
b15,b71,49.0,52.0,55.0
b15,b64,71.0,77.0,82.0
b15,b107,49.0,52.0,54.0
b15,b90,74.0,77.0,80.0
b15,b118,78.0,81.0,84.0
b15,b1,22.0,24.0,27.0
b15,b35,37.0,39.0,42.0
b15,b36,45.0,47.0,49.0
b15,b37,57.0,60.0,63.0
b15,b108,45.0,47.0,50.0
b15,b109,38.0,40.0,42.0
b15,b39,42.0,44.0,47.0
b15,b3,33.0,35.0,36.0
b15,p_centro,26.0,27.0,28.0
b15,p_beira_mar,41.0,43.0,44.0
b15,p_aldeota,35.0,37.0,39.0
b15,p_papicu,43.0,45.0,47.0
b15,p_iguatemi,42.0,44.0,46.0
b15,p_unifor,55.0,57.0,60.0
b15,p_centro_eventos,50.0,52.0,55.0
b15,p_parangaba,32.0,36.0,40.0
b15,p_messejana,49.0,51.0,53.0
b15,p_ufc_benfica,15.0,16.0,19.0
b15,p_ufc_pici,33.0,35.0,38.0
b15,p_aeroporto,48.0,52.0,57.0
b17,b91,77.0,79.0,83.0
b17,b92,81.0,85.0,89.0
b17,b2,67.0,70.0,73.0
b17,b93,76.0,79.0,83.0
b17,b4,43.0,46.0,49.0
b17,b50,101.0,104.0,107.0
b17,b40,30.0,33.0,37.0
b17,b122,83.0,86.0,90.0
b17,b41,43.0,46.0,49.0
b17,b6,34.0,37.0,39.0
b17,b51,97.0,101.0,105.0
b17,b94,52.0,55.0,59.0
b17,b7,49.0,53.0,55.0
b17,b95,79.0,85.0,90.0
b17,b8,58.0,63.0,66.0
b17,b72,64.0,68.0,72.0
b17,b73,46.0,50.0,54.0
b17,b110,72.0,77.0,81.0
b17,b52,79.0,82.0,85.0
b17,b53,99.0,102.0,106.0
b17,b74,74.0,77.0,81.0
b17,b9,37.0,39.0,41.0
b17,b10,55.0,58.0,61.0
b17,b111,86.0,89.0,93.0
b17,b54,88.0,93.0,97.0
b17,b55,118.0,123.0,128.0
b17,b11,81.0,83.0,87.0
b17,b42,49.0,52.0,56.0
b17,b75,55.0,58.0,62.0
b17,b76,70.0,74.0,79.0
b17,b117,98.0,102.0,107.0
b17,b96,55.0,58.0,62.0
b17,b12,42.0,44.0,46.0
b17,b56,98.0,102.0,105.0
b17,b13,53.0,58.0,61.0
b17,b116,92.0,97.0,100.0
b17,b97,47.0,51.0,55.0
b17,b98,83.0,85.0,88.0
b17,b14,67.0,71.0,74.0
b17,b43,41.0,44.0,48.0
b17,b57,117.0,121.0,129.0
b17,b38,36.0,38.0,40.0
b17,b58,98.0,101.0,104.0
b17,b15,41.0,44.0,48.0
b17,b17,0.0,0.0,0.0
b17,b16,51.0,55.0,58.0
b17,b78,70.0,74.0,78.0
b17,b79,63.0,67.0,71.0
b17,b59,109.0,112.0,115.0
b17,b60,74.0,77.0,81.0
b17,b45,37.0,41.0,45.0
b17,b99,61.0,65.0,68.0
b17,b100,69.0,72.0,76.0
b17,b18,42.0,45.0,47.0
b17,b61,105.0,108.0,113.0
b17,b19,62.0,67.0,69.0
b17,b80,75.0,79.0,84.0
b17,b62,93.0,96.0,100.0
b17,b20,21.0,24.0,27.0
b17,b21,15.0,17.0,17.0
b17,b22,63.0,67.0,70.0
b17,b23,55.0,58.0,60.0
b17,b49,97.0,101.0,104.0
b17,b46,44.0,48.0,52.0
b17,b101,44.0,48.0,52.0
b17,b63,108.0,111.0,114.0
b17,b81,64.0,67.0,70.0
b17,b112,95.0,99.0,103.0
b17,b82,66.0,70.0,74.0
b17,b24,58.0,63.0,67.0
b17,b65,87.0,90.0,93.0
b17,b83,67.0,71.0,75.0
b17,b25,42.0,45.0,48.0
b17,b103,61.0,64.0,68.0
b17,b5,42.0,46.0,50.0
b17,b26,60.0,66.0,69.0
b17,b121,63.0,67.0,72.0
b17,b119,24.0,27.0,30.0
b17,b47,16.0,21.0,24.0
b17,b104,50.0,54.0,58.0
b17,b27,78.0,80.0,83.0
b17,b105,59.0,63.0,66.0
b17,b28,42.0,45.0,49.0
b17,b84,82.0,86.0,90.0
b17,b44,43.0,46.0,49.0
b17,b66,88.0,90.0,94.0
b17,b67,95.0,98.0,102.0
b17,b85,82.0,85.0,89.0
b17,b120,90.0,93.0,96.0
b17,b87,76.0,79.0,84.0
b17,b86,57.0,60.0,64.0
b17,b29,38.0,41.0,44.0
b17,b30,60.0,64.0,67.0
b17,b88,84.0,87.0,92.0
b17,b68,107.0,111.0,118.0
b17,b69,132.0,136.0,141.0
b17,b106,47.0,52.0,58.0
b17,b31,45.0,47.0,50.0
b17,b115,91.0,97.0,104.0
b17,b32,55.0,60.0,63.0
b17,b113,79.0,85.0,88.0
b17,b114,86.0,92.0,95.0
b17,b89,91.0,95.0,101.0
b17,b33,26.0,30.0,31.0
b17,b48,33.0,36.0,39.0
b17,b77,76.0,81.0,85.0
b17,b34,55.0,57.0,61.0
b17,b70,143.0,,
b17,b71,87.0,90.0,94.0
b17,b64,108.0,116.0,120.0
b17,b107,75.0,79.0,83.0
b17,b90,84.0,89.0,94.0
b17,b118,116.0,119.0,122.0
b17,b1,44.0,47.0,50.0
b17,b35,70.0,74.0,77.0
b17,b36,71.0,76.0,80.0
b17,b37,80.0,84.0,89.0
b17,b108,60.0,64.0,68.0
b17,b109,72.0,76.0,80.0
b17,b39,30.0,34.0,39.0
b17,b3,31.0,33.0,34.0
b17,p_centro,53.0,56.0,59.0
b17,p_beira_mar,61.0,67.0,70.0
b17,p_aldeota,70.0,73.0,76.0
b17,p_papicu,73.0,76.0,79.0
b17,p_iguatemi,75.0,78.0,82.0
b17,p_unifor,89.0,92.0,96.0
b17,p_centro_eventos,85.0,89.0,92.0
b17,p_parangaba,48.0,53.0,58.0
b17,p_messejana,82.0,85.0,89.0
b17,p_ufc_benfica,49.0,52.0,55.0
b17,p_ufc_pici,41.0,44.0,47.0
b17,p_aeroporto,83.0,87.0,91.0
b16,b91,29.0,31.0,33.0
b16,b92,38.0,42.0,45.0
b16,b2,28.0,30.0,32.0
b16,b93,23.0,26.0,30.0
b16,b4,33.0,35.0,38.0
b16,b50,59.0,61.0,64.0
b16,b40,44.0,46.0,48.0
b16,b122,61.0,64.0,68.0
b16,b41,47.0,49.0,52.0
b16,b6,47.0,49.0,51.0
b16,b51,53.0,55.0,57.0
b16,b94,35.0,37.0,39.0
b16,b7,14.0,15.0,16.0
b16,b95,32.0,36.0,39.0
b16,b8,28.0,30.0,32.0
b16,b72,59.0,61.0,65.0
b16,b73,52.0,54.0,56.0
b16,b110,52.0,54.0,57.0
b16,b52,34.0,36.0,38.0
b16,b53,50.0,52.0,55.0
b16,b74,66.0,70.0,73.0
b16,b9,38.0,40.0,42.0
b16,b10,25.0,27.0,29.0
b16,b111,44.0,47.0,50.0
b16,b54,43.0,45.0,47.0
b16,b55,70.0,74.0,78.0
b16,b11,37.0,40.0,44.0
b16,b42,55.0,57.0,59.0
b16,b75,60.0,62.0,63.0
b16,b76,54.0,58.0,61.0
b16,b117,55.0,57.0,59.0
b16,b96,36.0,37.0,39.0
b16,b12,46.0,48.0,51.0
b16,b56,47.0,50.0,53.0
b16,b13,28.0,31.0,33.0
b16,b116,62.0,65.0,68.0
b16,b97,32.0,34.0,36.0
b16,b98,36.0,39.0,43.0
b16,b14,22.0,23.0,24.0
b16,b43,49.0,51.0,53.0
b16,b57,64.0,68.0,72.0
b16,b38,43.0,45.0,47.0
b16,b58,44.0,47.0,50.0
b16,b15,22.0,24.0,25.0
b16,b17,55.0,57.0,60.0
b16,b16,0.0,0.0,0.0
b16,b78,68.0,70.0,74.0
b16,b79,58.0,62.0,66.0
b16,b59,60.0,63.0,64.0
b16,b60,25.0,28.0,30.0
b16,b45,43.0,45.0,47.0
b16,b99,38.0,40.0,43.0
b16,b100,44.0,46.0,49.0
b16,b18,32.0,35.0,37.0
b16,b61,60.0,62.0,65.0
b16,b19,23.0,25.0,28.0
b16,b80,56.0,59.0,63.0
b16,b62,45.0,47.0,50.0
b16,b20,55.0,57.0,59.0
b16,b21,56.0,58.0,61.0
b16,b22,23.0,24.0,25.0
b16,b23,17.0,19.0,21.0
b16,b49,46.0,49.0,52.0
b16,b46,50.0,51.0,54.0
b16,b101,43.0,45.0,47.0
b16,b63,57.0,59.0,62.0
b16,b81,49.0,52.0,56.0
b16,b112,53.0,56.0,60.0
b16,b82,51.0,54.0,58.0
b16,b24,35.0,38.0,41.0
b16,b65,44.0,45.0,47.0
b16,b83,57.0,62.0,64.0
b16,b25,41.0,44.0,46.0
b16,b103,28.0,31.0,33.0
b16,b5,30.0,32.0,34.0
b16,b26,40.0,42.0,44.0
b16,b121,56.0,59.0,61.0
b16,b119,56.0,58.0,61.0
b16,b47,41.0,43.0,46.0
b16,b104,37.0,38.0,40.0
b16,b27,40.0,42.0,44.0
b16,b105,42.0,45.0,48.0
b16,b28,25.0,27.0,29.0
b16,b84,58.0,60.0,62.0
b16,b44,46.0,48.0,51.0
b16,b66,43.0,44.0,46.0
b16,b67,47.0,49.0,51.0
b16,b85,62.0,65.0,69.0
b16,b120,48.0,50.0,52.0
b16,b87,64.0,68.0,72.0
b16,b86,54.0,56.0,58.0
b16,b29,29.0,31.0,34.0
b16,b30,23.0,25.0,27.0
b16,b88,40.0,44.0,47.0
b16,b68,57.0,61.0,65.0
b16,b69,80.0,83.0,87.0
b16,b106,51.0,56.0,60.0
b16,b31,40.0,43.0,46.0
b16,b115,69.0,72.0,77.0
b16,b32,35.0,36.0,38.0
b16,b113,56.0,58.0,60.0
b16,b114,64.0,66.0,68.0
b16,b89,62.0,66.0,69.0
b16,b33,34.0,36.0,39.0
b16,b48,49.0,51.0,53.0
b16,b77,54.0,56.0,58.0
b16,b34,34.0,36.0,37.0
b16,b70,87.0,94.0,103.0
b16,b71,36.0,39.0,42.0
b16,b64,56.0,60.0,67.0
b16,b107,43.0,45.0,48.0
b16,b90,77.0,80.0,84.0
b16,b118,66.0,69.0,71.0
b16,b1,33.0,35.0,37.0
b16,b35,21.0,22.0,24.0
b16,b36,38.0,40.0,43.0
b16,b37,45.0,49.0,52.0
b16,b108,50.0,51.0,53.0
b16,b109,27.0,29.0,33.0
b16,b39,53.0,55.0,57.0
b16,b3,42.0,43.0,46.0
b16,p_centro,26.0,28.0,29.0
b16,p_beira_mar,39.0,41.0,44.0
b16,p_aldeota,28.0,30.0,32.0
b16,p_papicu,30.0,32.0,35.0
b16,p_iguatemi,26.0,29.0,30.0
b16,p_unifor,40.0,42.0,44.0
b16,p_centro_eventos,36.0,37.0,39.0
b16,p_parangaba,35.0,38.0,42.0
b16,p_messejana,37.0,38.0,40.0
b16,p_ufc_benfica,18.0,18.0,19.0
b16,p_ufc_pici,44.0,46.0,49.0
b16,p_aeroporto,40.0,44.0,48.0
b78,b91,78.0,81.0,83.0
b78,b92,74.0,80.0,85.0
b78,b2,90.0,92.0,95.0
b78,b93,84.0,87.0,90.0
b78,b4,68.0,71.0,73.0
b78,b50,104.0,108.0,112.0
b78,b40,56.0,58.0,61.0
b78,b122,62.0,67.0,73.0
b78,b41,44.0,46.0,48.0
b78,b6,80.0,83.0,87.0
b78,b51,78.0,81.0,84.0
b78,b94,64.0,66.0,68.0
b78,b7,62.0,66.0,67.0
b78,b95,76.0,81.0,86.0
b78,b8,61.0,65.0,68.0
b78,b72,22.0,25.0,27.0
b78,b73,36.0,39.0,42.0
b78,b110,109.0,112.0,114.0
b78,b52,80.0,83.0,87.0
b78,b53,103.0,106.0,110.0
b78,b74,47.0,50.0,54.0
b78,b9,84.0,87.0,90.0
b78,b10,79.0,82.0,84.0
b78,b111,108.0,111.0,114.0
b78,b54,94.0,97.0,101.0
b78,b55,102.0,108.0,112.0
b78,b11,104.0,106.0,108.0
b78,b42,32.0,34.0,36.0
b78,b75,31.0,32.0,34.0
b78,b76,49.0,52.0,56.0
b78,b117,77.0,81.0,84.0
b78,b96,55.0,56.0,58.0
b78,b12,90.0,92.0,95.0
b78,b56,91.0,94.0,98.0
b78,b13,53.0,56.0,59.0
b78,b116,124.0,127.0,130.0
b78,b97,51.0,52.0,55.0
b78,b98,76.0,79.0,82.0
b78,b14,84.0,87.0,90.0
b78,b43,51.0,52.0,54.0
b78,b57,137.0,143.0,
b78,b38,74.0,84.0,88.0
b78,b58,104.0,108.0,113.0
b78,b15,72.0,74.0,76.0
b78,b17,76.0,80.0,84.0
b78,b16,65.0,69.0,73.0
b78,b78,0.0,0.0,0.0
b78,b79,32.0,35.0,37.0
b78,b59,92.0,96.0,99.0
b78,b60,90.0,94.0,97.0
b78,b45,42.0,45.0,48.0
b78,b99,52.0,56.0,59.0
b78,b100,55.0,58.0,61.0
b78,b18,79.0,82.0,85.0
b78,b61,85.0,89.0,92.0
b78,b19,64.0,67.0,70.0
b78,b80,61.0,65.0,68.0
b78,b62,107.0,110.0,114.0
b78,b20,68.0,71.0,73.0
b78,b21,72.0,75.0,78.0
b78,b22,85.0,88.0,91.0
b78,b23,74.0,77.0,79.0
b78,b49,101.0,104.0,107.0
b78,b46,41.0,43.0,46.0
b78,b101,49.0,50.0,52.0
b78,b63,99.0,105.0,111.0
b78,b81,41.0,44.0,48.0
b78,b112,117.0,121.0,125.0
b78,b82,52.0,56.0,60.0
b78,b24,93.0,96.0,99.0
b78,b65,86.0,88.0,92.0
b78,b83,47.0,51.0,54.0
b78,b25,86.0,89.0,93.0
b78,b103,57.0,62.0,66.0
b78,b5,66.0,70.0,74.0
b78,b26,97.0,100.0,102.0
b78,b121,43.0,46.0,49.0
b78,b119,69.0,71.0,74.0
b78,b47,64.0,66.0,69.0
b78,b104,58.0,60.0,62.0
b78,b27,102.0,104.0,106.0
b78,b105,52.0,55.0,59.0
b78,b28,76.0,77.0,79.0
b78,b84,71.0,74.0,77.0
b78,b44,36.0,37.0,39.0
b78,b66,101.0,104.0,108.0
b78,b67,101.0,104.0,108.0
b78,b85,58.0,62.0,66.0
b78,b120,94.0,98.0,102.0
b78,b87,52.0,55.0,59.0
b78,b86,30.0,33.0,36.0
b78,b29,72.0,74.0,77.0
b78,b30,69.0,73.0,77.0
b78,b88,70.0,75.0,79.0
b78,b68,98.0,104.0,109.0
b78,b69,119.0,123.0,128.0
b78,b106,67.0,69.0,72.0
b78,b31,89.0,91.0,94.0
b78,b115,73.0,77.0,82.0
b78,b32,86.0,89.0,92.0
b78,b113,116.0,120.0,122.0
b78,b114,123.0,127.0,129.0
b78,b89,69.0,72.0,76.0
b78,b33,75.0,77.0,79.0
b78,b48,63.0,65.0,69.0
b78,b77,67.0,70.0,73.0
b78,b34,67.0,68.0,70.0
b78,b70,134.0,141.0,149.0
b78,b71,95.0,99.0,104.0
b78,b64,113.0,119.0,124.0
b78,b107,61.0,65.0,68.0
b78,b90,40.0,43.0,46.0
b78,b118,102.0,106.0,110.0
b78,b1,78.0,80.0,83.0
b78,b35,83.0,87.0,91.0
b78,b36,101.0,104.0,106.0
b78,b37,118.0,120.0,123.0
b78,b108,36.0,39.0,42.0
b78,b109,68.0,72.0,78.0
b78,b39,67.0,69.0,73.0
b78,b3,80.0,84.0,89.0
b78,p_centro,75.0,78.0,81.0
b78,p_beira_mar,96.0,99.0,102.0
b78,p_aldeota,91.0,93.0,96.0
b78,p_papicu,98.0,101.0,103.0
b78,p_iguatemi,91.0,95.0,98.0
b78,p_unifor,103.0,106.0,109.0
b78,p_centro_eventos,102.0,105.0,108.0
b78,p_parangaba,46.0,49.0,53.0
b78,p_messejana,72.0,76.0,80.0
b78,p_ufc_benfica,63.0,66.0,68.0
b78,p_ufc_pici,75.0,77.0,80.0
b78,p_aeroporto,76.0,82.0,87.0
b79,b91,71.0,75.0,78.0
b79,b92,69.0,74.0,80.0
b79,b2,79.0,81.0,84.0
b79,b93,73.0,76.0,80.0
b79,b4,57.0,60.0,62.0
b79,b50,103.0,105.0,108.0
b79,b40,46.0,48.0,51.0
b79,b122,58.0,61.0,67.0
b79,b41,34.0,36.0,38.0
b79,b6,69.0,73.0,77.0
b79,b51,75.0,78.0,81.0
b79,b94,50.0,53.0,56.0
b79,b7,53.0,56.0,59.0
b79,b95,73.0,75.0,80.0
b79,b8,54.0,58.0,61.0
b79,b72,27.0,28.0,29.0
b79,b73,22.0,25.0,28.0
b79,b110,94.0,99.0,103.0
b79,b52,71.0,74.0,78.0
b79,b53,99.0,102.0,106.0
b79,b74,46.0,48.0,50.0
b79,b9,71.0,74.0,77.0
b79,b10,67.0,70.0,74.0
b79,b111,96.0,100.0,105.0
b79,b54,85.0,89.0,92.0
b79,b55,99.0,104.0,109.0
b79,b11,92.0,95.0,98.0
b79,b42,29.0,31.0,33.0
b79,b75,21.0,24.0,27.0
b79,b76,46.0,49.0,52.0
b79,b117,74.0,77.0,81.0
b79,b96,42.0,44.0,47.0
b79,b12,78.0,81.0,83.0
b79,b56,88.0,90.0,93.0
b79,b13,46.0,51.0,54.0
b79,b116,112.0,116.0,121.0
b79,b97,36.0,39.0,42.0
b79,b98,69.0,73.0,76.0
b79,b14,77.0,80.0,83.0
b79,b43,41.0,43.0,45.0
b79,b57,133.0,138.0,146.0
b79,b38,71.0,74.0,77.0
b79,b58,95.0,101.0,107.0
b79,b15,60.0,63.0,65.0
b79,b17,68.0,71.0,74.0
b79,b16,58.0,61.0,64.0
b79,b78,29.0,31.0,33.0
b79,b79,0.0,0.0,0.0
b79,b59,89.0,93.0,96.0
b79,b60,82.0,86.0,89.0
b79,b45,32.0,36.0,40.0
b79,b99,42.0,46.0,50.0
b79,b100,48.0,52.0,55.0
b79,b18,66.0,69.0,72.0
b79,b61,82.0,85.0,89.0
b79,b19,57.0,60.0,64.0
b79,b80,52.0,57.0,61.0
b79,b62,98.0,102.0,106.0
b79,b20,59.0,61.0,64.0
b79,b21,63.0,66.0,68.0
b79,b22,75.0,78.0,81.0
b79,b23,64.0,67.0,70.0
b79,b49,96.0,100.0,102.0
b79,b46,31.0,35.0,38.0
b79,b101,37.0,39.0,42.0
b79,b63,94.0,100.0,105.0
b79,b81,39.0,41.0,43.0
b79,b112,105.0,110.0,115.0
b79,b82,46.0,50.0,53.0
b79,b24,80.0,84.0,88.0
b79,b65,83.0,85.0,88.0
b79,b83,45.0,47.0,50.0
b79,b25,75.0,79.0,82.0
b79,b103,49.0,52.0,56.0
b79,b5,57.0,62.0,66.0
b79,b26,82.0,87.0,91.0
b79,b121,40.0,42.0,45.0
b79,b119,60.0,62.0,65.0
b79,b47,54.0,57.0,60.0
b79,b104,44.0,47.0,50.0
b79,b27,89.0,92.0,95.0
b79,b105,42.0,47.0,50.0
b79,b28,63.0,66.0,68.0
b79,b84,64.0,68.0,71.0
b79,b44,27.0,28.0,30.0
b79,b66,96.0,98.0,101.0
b79,b67,92.0,95.0,99.0
b79,b85,55.0,60.0,63.0
b79,b120,90.0,93.0,97.0
b79,b87,51.0,53.0,56.0
b79,b86,28.0,30.0,31.0
b79,b29,62.0,64.0,66.0
b79,b30,60.0,63.0,66.0
b79,b88,67.0,70.0,74.0
b79,b68,95.0,100.0,105.0
b79,b69,116.0,119.0,123.0
b79,b106,57.0,60.0,64.0
b79,b31,75.0,78.0,81.0
b79,b115,69.0,72.0,77.0
b79,b32,74.0,78.0,82.0
b79,b113,101.0,106.0,110.0
b79,b114,108.0,113.0,117.0
b79,b89,66.0,69.0,73.0
b79,b33,64.0,66.0,68.0
b79,b48,54.0,56.0,59.0
b79,b77,60.0,65.0,68.0
b79,b34,53.0,56.0,59.0
b79,b70,125.0,135.0,143.0
b79,b71,86.0,92.0,97.0
b79,b64,108.0,114.0,120.0
b79,b107,55.0,59.0,62.0
b79,b90,48.0,50.0,53.0
b79,b118,97.0,103.0,107.0
b79,b1,68.0,70.0,73.0
b79,b35,78.0,81.0,84.0
b79,b36,91.0,94.0,96.0
b79,b37,105.0,108.0,111.0
b79,b108,32.0,34.0,36.0
b79,b109,62.0,67.0,72.0
b79,b39,58.0,60.0,63.0
b79,b3,72.0,74.0,77.0
b79,p_centro,64.0,66.0,70.0
b79,p_beira_mar,83.0,87.0,91.0
b79,p_aldeota,81.0,83.0,86.0
b79,p_papicu,88.0,91.0,93.0
b79,p_iguatemi,83.0,87.0,90.0
b79,p_unifor,94.0,98.0,101.0
b79,p_centro_eventos,94.0,97.0,100.0
b79,p_parangaba,35.0,40.0,44.0
b79,p_messejana,69.0,72.0,75.0
b79,p_ufc_benfica,54.0,57.0,60.0
b79,p_ufc_pici,65.0,67.0,70.0
b79,p_aeroporto,71.0,76.0,82.0
b59,b91,55.0,56.0,58.0
b59,b92,90.0,95.0,102.0
b59,b2,66.0,67.0,69.0
b59,b93,63.0,64.0,65.0
b59,b4,91.0,93.0,95.0
b59,b50,50.0,53.0,55.0
b59,b40,94.0,98.0,100.0
b59,b122,74.0,79.0,83.0
b59,b41,90.0,94.0,97.0
b59,b6,100.0,103.0,105.0
b59,b51,43.0,44.0,46.0
b59,b94,93.0,95.0,98.0
b59,b7,73.0,74.0,76.0
b59,b95,63.0,65.0,68.0
b59,b8,85.0,87.0,89.0
b59,b72,72.0,78.0,83.0
b59,b73,68.0,72.0,76.0
b59,b110,78.0,81.0,86.0
b59,b52,48.0,50.0,52.0
b59,b53,33.0,35.0,36.0
b59,b74,81.0,86.0,90.0
b59,b9,90.0,93.0,95.0
b59,b10,74.0,75.0,77.0
b59,b111,63.0,65.0,67.0
b59,b54,48.0,50.0,51.0
b59,b55,42.0,46.0,51.0
b59,b11,49.0,51.0,54.0
b59,b42,92.0,96.0,99.0
b59,b75,91.0,96.0,100.0
b59,b76,72.0,77.0,81.0
b59,b117,40.0,42.0,44.0
b59,b96,86.0,90.0,93.0
b59,b12,99.0,101.0,104.0
b59,b56,20.0,21.0,23.0
b59,b13,85.0,89.0,91.0
b59,b116,82.0,86.0,89.0
b59,b97,81.0,86.0,90.0
b59,b98,75.0,77.0,79.0
b59,b14,65.0,66.0,68.0
b59,b43,89.0,93.0,97.0
b59,b57,70.0,74.0,77.0
b59,b38,100.0,102.0,105.0
b59,b58,53.0,58.0,60.0
b59,b15,76.0,78.0,80.0
b59,b17,111.0,114.0,117.0
b59,b16,65.0,67.0,68.0
b59,b78,82.0,88.0,92.0
b59,b79,76.0,82.0,86.0
b59,b59,0.0,0.0,0.0
b59,b60,51.0,52.0,53.0
b59,b45,74.0,78.0,82.0
b59,b99,80.0,83.0,86.0
b59,b100,66.0,68.0,70.0
b59,b18,85.0,87.0,89.0
b59,b61,48.0,50.0,52.0
b59,b19,82.0,83.0,85.0
b59,b80,68.0,73.0,78.0
b59,b62,58.0,60.0,62.0
b59,b20,100.0,104.0,109.0
b59,b21,105.0,109.0,112.0
b59,b22,72.0,74.0,75.0
b59,b23,69.0,71.0,72.0
b59,b49,27.0,29.0,32.0
b59,b46,73.0,78.0,82.0
b59,b101,82.0,87.0,90.0
b59,b63,24.0,26.0,29.0
b59,b81,62.0,66.0,70.0
b59,b112,73.0,75.0,79.0
b59,b82,63.0,67.0,71.0
b59,b24,71.0,73.0,75.0
b59,b65,29.0,30.0,31.0
b59,b83,51.0,54.0,57.0
b59,b25,95.0,97.0,100.0
b59,b103,83.0,85.0,87.0
b59,b5,81.0,83.0,85.0
b59,b26,71.0,74.0,77.0
b59,b121,65.0,68.0,72.0
b59,b119,105.0,108.0,112.0
b59,b47,96.0,98.0,99.0
b59,b104,89.0,94.0,97.0
b59,b27,58.0,62.0,65.0
b59,b105,75.0,79.0,82.0
b59,b28,83.0,84.0,86.0
b59,b84,68.0,71.0,74.0
b59,b44,89.0,93.0,96.0
b59,b66,47.0,50.0,51.0
b59,b67,45.0,46.0,47.0
b59,b85,86.0,91.0,96.0
b59,b120,39.0,41.0,44.0
b59,b87,81.0,85.0,90.0
b59,b86,63.0,67.0,71.0
b59,b29,87.0,89.0,91.0
b59,b30,81.0,83.0,86.0
b59,b88,57.0,60.0,62.0
b59,b68,48.0,50.0,52.0
b59,b69,72.0,74.0,78.0
b59,b106,100.0,105.0,110.0
b59,b31,94.0,97.0,99.0
b59,b115,69.0,73.0,76.0
b59,b32,81.0,83.0,85.0
b59,b113,76.0,79.0,81.0
b59,b114,70.0,77.0,84.0
b59,b89,60.0,65.0,70.0
b59,b33,92.0,95.0,97.0
b59,b48,105.0,107.0,109.0
b59,b77,68.0,71.0,74.0
b59,b34,93.0,95.0,96.0
b59,b70,56.0,61.0,67.0
b59,b71,56.0,58.0,61.0
b59,b64,46.0,51.0,56.0
b59,b107,72.0,73.0,76.0
b59,b90,88.0,95.0,101.0
b59,b118,42.0,45.0,47.0
b59,b1,90.0,92.0,93.0
b59,b35,72.0,74.0,76.0
b59,b36,63.0,64.0,66.0
b59,b37,68.0,70.0,72.0
b59,b108,67.0,72.0,76.0
b59,b109,84.0,87.0,91.0
b59,b39,108.0,111.0,113.0
b59,b3,95.0,97.0,99.0
b59,p_centro,74.0,76.0,77.0
b59,p_beira_mar,77.0,80.0,82.0
b59,p_aldeota,66.0,67.0,69.0
b59,p_papicu,56.0,57.0,59.0
b59,p_iguatemi,46.0,48.0,49.0
b59,p_unifor,47.0,48.0,50.0
b59,p_centro_eventos,43.0,45.0,46.0
b59,p_parangaba,71.0,74.0,76.0
b59,p_messejana,27.0,29.0,30.0
b59,p_ufc_benfica,76.0,77.0,80.0
b59,p_ufc_pici,102.0,103.0,105.0
b59,p_aeroporto,92.0,98.0,105.0
b60,b91,36.0,38.0,40.0
b60,b92,61.0,68.0,74.0
b60,b2,33.0,35.0,37.0
b60,b93,38.0,40.0,43.0
b60,b4,59.0,61.0,64.0
b60,b50,64.0,67.0,70.0
b60,b40,69.0,71.0,73.0
b60,b122,81.0,84.0,89.0
b60,b41,75.0,78.0,80.0
b60,b6,68.0,70.0,73.0
b60,b51,54.0,57.0,60.0
b60,b94,64.0,66.0,69.0
b60,b7,41.0,43.0,45.0
b60,b95,51.0,53.0,56.0
b60,b8,57.0,60.0,62.0
b60,b72,79.0,86.0,91.0
b60,b73,74.0,78.0,81.0
b60,b110,49.0,51.0,53.0
b60,b52,36.0,38.0,40.0
b60,b53,32.0,34.0,36.0
b60,b74,86.0,94.0,99.0
b60,b9,59.0,62.0,65.0
b60,b10,45.0,47.0,50.0
b60,b111,37.0,38.0,40.0
b60,b54,36.0,38.0,40.0
b60,b55,65.0,68.0,71.0
b60,b11,24.0,26.0,27.0
b60,b42,83.0,85.0,87.0
b60,b75,87.0,89.0,92.0
b60,b76,75.0,79.0,84.0
b60,b117,53.0,55.0,57.0
b60,b96,64.0,66.0,68.0
b60,b12,67.0,69.0,72.0
b60,b56,30.0,33.0,35.0
b60,b13,59.0,60.0,62.0
b60,b116,56.0,58.0,61.0
b60,b97,61.0,62.0,65.0
b60,b98,55.0,58.0,61.0
b60,b14,33.0,34.0,36.0
b60,b43,77.0,79.0,81.0
b60,b57,44.0,47.0,51.0
b60,b38,68.0,70.0,72.0
b60,b58,25.0,29.0,32.0
b60,b15,45.0,47.0,49.0
b60,b17,80.0,82.0,85.0
b60,b16,37.0,39.0,42.0
b60,b78,87.0,93.0,99.0
b60,b79,80.0,84.0,89.0
b60,b59,43.0,46.0,48.0
b60,b60,0.0,0.0,0.0
b60,b45,71.0,73.0,75.0
b60,b99,61.0,65.0,68.0
b60,b100,57.0,59.0,62.0
b60,b18,54.0,56.0,59.0
b60,b61,61.0,64.0,66.0
b60,b19,53.0,55.0,57.0
b60,b80,72.0,78.0,82.0
b60,b62,32.0,35.0,39.0
b60,b20,79.0,81.0,83.0
b60,b21,80.0,82.0,85.0
b60,b22,41.0,43.0,45.0
b60,b23,41.0,43.0,45.0
b60,b49,29.0,32.0,34.0
b60,b46,77.0,79.0,81.0
b60,b101,71.0,73.0,75.0
b60,b63,40.0,42.0,45.0
b60,b81,68.0,73.0,78.0
b60,b112,46.0,48.0,52.0
b60,b82,69.0,73.0,77.0
b60,b24,40.0,42.0,44.0
b60,b65,42.0,44.0,46.0
b60,b83,58.0,66.0,70.0
b60,b25,64.0,66.0,69.0
b60,b103,58.0,60.0,62.0
b60,b5,51.0,52.0,55.0
b60,b26,40.0,42.0,45.0
b60,b121,72.0,80.0,82.0
b60,b119,82.0,83.0,85.0
b60,b47,66.0,68.0,70.0
b60,b104,65.0,66.0,69.0
b60,b27,33.0,34.0,35.0
b60,b105,65.0,67.0,70.0
b60,b28,51.0,53.0,55.0
b60,b84,71.0,73.0,77.0
b60,b44,74.0,77.0,79.0
b60,b66,46.0,49.0,51.0
b60,b67,30.0,31.0,32.0
b60,b85,85.0,89.0,94.0
b60,b120,52.0,55.0,58.0
b60,b87,86.0,90.0,95.0
b60,b86,70.0,77.0,80.0
b60,b29,56.0,58.0,60.0
b60,b30,51.0,53.0,56.0
b60,b88,57.0,59.0,62.0
b60,b68,61.0,65.0,69.0
b60,b69,87.0,89.0,93.0
b60,b106,79.0,85.0,90.0
b60,b31,61.0,64.0,68.0
b60,b115,78.0,84.0,88.0
b60,b32,50.0,52.0,54.0
b60,b113,48.0,51.0,55.0
b60,b114,57.0,59.0,63.0
b60,b89,70.0,76.0,81.0
b60,b33,60.0,63.0,65.0
b60,b48,75.0,76.0,78.0
b60,b77,70.0,72.0,75.0
b60,b34,62.0,64.0,66.0
b60,b70,71.0,78.0,87.0
b60,b71,23.0,25.0,28.0
b60,b64,41.0,45.0,49.0
b60,b107,57.0,59.0,63.0
b60,b90,94.0,104.0,110.0
b60,b118,57.0,60.0,62.0
b60,b1,58.0,60.0,62.0
b60,b35,39.0,41.0,43.0
b60,b36,32.0,33.0,35.0
b60,b37,38.0,41.0,44.0
b60,b108,70.0,73.0,77.0
b60,b109,58.0,61.0,64.0
b60,b39,79.0,80.0,82.0
b60,b3,65.0,67.0,69.0
b60,p_centro,46.0,48.0,50.0
b60,p_beira_mar,45.0,47.0,48.0
b60,p_aldeota,34.0,35.0,37.0
b60,p_papicu,25.0,26.0,27.0
b60,p_iguatemi,14.0,14.0,14.0
b60,p_unifor,22.0,23.0,24.0
b60,p_centro_eventos,17.0,17.0,17.0
b60,p_parangaba,57.0,60.0,63.0
b60,p_messejana,40.0,43.0,46.0
b60,p_ufc_benfica,44.0,46.0,48.0
b60,p_ufc_pici,71.0,73.0,75.0
b60,p_aeroporto,63.0,70.0,76.0
b45,b91,63.0,66.0,68.0
b45,b92,53.0,56.0,59.0
b45,b2,62.0,64.0,66.0
b45,b93,59.0,62.0,65.0
b45,b4,38.0,40.0,42.0
b45,b50,93.0,95.0,98.0
b45,b40,25.0,27.0,28.0
b45,b122,52.0,56.0,60.0
b45,b41,17.0,18.0,19.0
b45,b6,44.0,46.0,49.0
b45,b51,69.0,73.0,76.0
b45,b94,33.0,35.0,37.0
b45,b7,35.0,37.0,39.0
b45,b95,62.0,64.0,67.0
b45,b8,42.0,43.0,44.0
b45,b72,35.0,38.0,42.0
b45,b73,19.0,21.0,24.0
b45,b110,80.0,82.0,84.0
b45,b52,56.0,59.0,62.0
b45,b53,86.0,89.0,92.0
b45,b74,46.0,49.0,52.0
b45,b9,52.0,53.0,55.0
b45,b10,51.0,53.0,55.0
b45,b111,78.0,80.0,83.0
b45,b54,71.0,74.0,77.0
b45,b55,94.0,99.0,105.0
b45,b11,73.0,75.0,77.0
b45,b42,24.0,26.0,28.0
b45,b75,30.0,33.0,34.0
b45,b76,42.0,46.0,49.0
b45,b117,69.0,72.0,76.0
b45,b96,26.0,28.0,30.0
b45,b12,55.0,57.0,59.0
b45,b56,81.0,85.0,88.0
b45,b13,35.0,36.0,38.0
b45,b116,94.0,97.0,100.0
b45,b97,21.0,23.0,25.0
b45,b98,59.0,61.0,64.0
b45,b14,61.0,63.0,65.0
b45,b43,18.0,19.0,20.0
b45,b57,106.0,110.0,115.0
b45,b38,48.0,50.0,52.0
b45,b58,83.0,85.0,88.0
b45,b15,38.0,40.0,41.0
b45,b17,42.0,45.0,49.0
b45,b16,43.0,45.0,47.0
b45,b78,43.0,46.0,48.0
b45,b79,34.0,38.0,41.0
b45,b59,85.0,89.0,93.0
b45,b60,67.0,69.0,71.0
b45,b45,0.0,0.0,0.0
b45,b99,32.0,34.0,36.0
b45,b100,38.0,40.0,42.0
b45,b18,48.0,50.0,52.0
b45,b61,76.0,79.0,83.0
b45,b19,43.0,45.0,46.0
b45,b80,44.0,47.0,49.0
b45,b62,80.0,84.0,87.0
b45,b20,31.0,33.0,35.0
b45,b21,37.0,38.0,40.0
b45,b22,57.0,59.0,61.0
b45,b23,46.0,48.0,50.0
b45,b49,86.0,89.0,92.0
b45,b46,17.0,17.0,17.0
b45,b101,19.0,20.0,21.0
b45,b63,89.0,93.0,99.0
b45,b81,36.0,38.0,41.0
b45,b112,87.0,90.0,93.0
b45,b82,36.0,38.0,40.0
b45,b24,66.0,68.0,70.0
b45,b65,74.0,78.0,81.0
b45,b83,39.0,42.0,46.0
b45,b25,51.0,54.0,57.0
b45,b103,35.0,37.0,39.0
b45,b5,45.0,47.0,49.0
b45,b26,68.0,70.0,72.0
b45,b121,35.0,37.0,41.0
b45,b119,35.0,37.0,39.0
b45,b47,28.0,29.0,31.0
b45,b104,27.0,29.0,31.0
b45,b27,71.0,73.0,74.0
b45,b105,31.0,33.0,34.0
b45,b28,41.0,42.0,44.0
b45,b84,52.0,54.0,56.0
b45,b44,16.0,17.0,18.0
b45,b66,80.0,82.0,84.0
b45,b67,77.0,80.0,83.0
b45,b85,52.0,56.0,60.0
b45,b120,82.0,84.0,87.0
b45,b87,48.0,51.0,54.0
b45,b86,29.0,31.0,35.0
b45,b29,37.0,38.0,39.0
b45,b30,46.0,47.0,49.0
b45,b88,56.0,59.0,62.0
b45,b68,90.0,96.0,100.0
b45,b69,108.0,111.0,115.0
b45,b106,29.0,33.0,36.0
b45,b31,56.0,57.0,59.0
b45,b115,61.0,64.0,69.0
b45,b32,59.0,61.0,63.0
b45,b113,87.0,89.0,91.0
b45,b114,94.0,96.0,98.0
b45,b89,60.0,64.0,66.0
b45,b33,38.0,39.0,41.0
b45,b48,37.0,39.0,40.0
b45,b77,47.0,49.0,52.0
b45,b34,36.0,38.0,40.0
b45,b70,121.0,131.0,139.0
b45,b71,73.0,76.0,79.0
b45,b64,90.0,97.0,103.0
b45,b107,44.0,46.0,49.0
b45,b90,54.0,59.0,64.0
b45,b118,94.0,98.0,102.0
b45,b1,43.0,44.0,45.0
b45,b35,62.0,65.0,67.0
b45,b36,73.0,75.0,77.0
b45,b37,87.0,89.0,92.0
b45,b108,33.0,35.0,38.0
b45,b109,45.0,48.0,52.0
b45,b39,41.0,42.0,44.0
b45,b3,46.0,49.0,52.0
b45,p_centro,49.0,51.0,53.0
b45,p_beira_mar,69.0,71.0,73.0
b45,p_aldeota,65.0,67.0,69.0
b45,p_papicu,70.0,72.0,74.0
b45,p_iguatemi,68.0,70.0,72.0
b45,p_unifor,82.0,84.0,86.0
b45,p_centro_eventos,78.0,80.0,82.0
b45,p_parangaba,22.0,24.0,26.0
b45,p_messejana,65.0,69.0,72.0
b45,p_ufc_benfica,36.0,38.0,40.0
b45,p_ufc_pici,37.0,38.0,41.0
b45,p_aeroporto,55.0,58.0,61.0
b99,b91,42.0,45.0,48.0
b99,b92,33.0,36.0,39.0
b99,b2,54.0,57.0,60.0
b99,b93,42.0,44.0,47.0
b99,b4,30.0,33.0,36.0
b99,b50,80.0,83.0,87.0
b99,b40,47.0,49.0,52.0
b99,b122,46.0,49.0,52.0
b99,b41,39.0,41.0,43.0
b99,b6,59.0,62.0,64.0
b99,b51,70.0,72.0,74.0
b99,b94,37.0,39.0,41.0
b99,b7,29.0,32.0,35.0
b99,b95,44.0,47.0,50.0
b99,b8,19.0,20.0,22.0
b99,b72,40.0,43.0,46.0
b99,b73,37.0,39.0,41.0
b99,b110,67.0,72.0,75.0
b99,b52,48.0,51.0,53.0
b99,b53,75.0,78.0,81.0
b99,b74,50.0,52.0,55.0
b99,b9,52.0,54.0,56.0
b99,b10,47.0,49.0,51.0
b99,b111,71.0,75.0,79.0
b99,b54,60.0,63.0,66.0
b99,b55,94.0,99.0,102.0
b99,b11,63.0,70.0,74.0
b99,b42,48.0,50.0,52.0
b99,b75,48.0,52.0,55.0
b99,b76,41.0,44.0,47.0
b99,b117,69.0,71.0,74.0
b99,b96,29.0,30.0,31.0
b99,b12,59.0,61.0,63.0
b99,b56,78.0,81.0,83.0
b99,b13,23.0,26.0,27.0
b99,b116,87.0,91.0,94.0
b99,b97,30.0,32.0,33.0
b99,b98,37.0,40.0,43.0
b99,b14,50.0,53.0,55.0
b99,b43,40.0,42.0,44.0
b99,b57,90.0,95.0,101.0
b99,b38,52.0,55.0,57.0
b99,b58,64.0,67.0,71.0
b99,b15,40.0,42.0,44.0
b99,b17,62.0,65.0,67.0
b99,b16,35.0,37.0,39.0
b99,b78,46.0,49.0,53.0
b99,b79,40.0,44.0,46.0
b99,b59,84.0,86.0,89.0
b99,b60,55.0,60.0,63.0
b99,b45,32.0,34.0,36.0
b99,b99,0.0,0.0,0.0
b99,b100,27.0,28.0,29.0
b99,b18,47.0,49.0,51.0
b99,b61,76.0,78.0,81.0
b99,b19,23.0,24.0,25.0
b99,b80,34.0,36.0,38.0
b99,b62,67.0,69.0,71.0
b99,b20,53.0,56.0,60.0
b99,b21,58.0,60.0,64.0
b99,b22,52.0,53.0,55.0
b99,b23,37.0,41.0,43.0
b99,b49,76.0,80.0,82.0
b99,b46,40.0,42.0,44.0
b99,b101,30.0,31.0,34.0
b99,b63,83.0,88.0,93.0
b99,b81,36.0,38.0,40.0
b99,b112,80.0,85.0,89.0
b99,b82,26.0,27.0,29.0
b99,b24,57.0,60.0,62.0
b99,b65,66.0,68.0,71.0
b99,b83,40.0,41.0,43.0
b99,b25,57.0,59.0,61.0
b99,b103,12.0,13.0,14.0
b99,b5,37.0,40.0,45.0
b99,b26,58.0,61.0,64.0
b99,b121,40.0,43.0,45.0
b99,b119,56.0,58.0,62.0
b99,b47,50.0,52.0,55.0
b99,b104,37.0,39.0,41.0
b99,b27,66.0,69.0,72.0
b99,b105,19.0,20.0,22.0
b99,b28,43.0,46.0,48.0
b99,b84,39.0,41.0,43.0
b99,b44,38.0,40.0,43.0
b99,b66,66.0,68.0,70.0
b99,b67,68.0,70.0,72.0
b99,b85,50.0,53.0,57.0
b99,b120,69.0,72.0,76.0
b99,b87,51.0,53.0,56.0
b99,b86,36.0,38.0,41.0
b99,b29,41.0,44.0,46.0
b99,b30,23.0,24.0,26.0
b99,b88,46.0,48.0,51.0
b99,b68,85.0,91.0,96.0
b99,b69,106.0,110.0,113.0
b99,b106,47.0,50.0,53.0
b99,b31,54.0,58.0,60.0
b99,b115,50.0,53.0,57.0
b99,b32,54.0,55.0,57.0
b99,b113,76.0,79.0,83.0
b99,b114,83.0,86.0,90.0
b99,b89,51.0,54.0,58.0
b99,b33,42.0,45.0,48.0
b99,b48,59.0,62.0,64.0
b99,b77,34.0,36.0,38.0
b99,b34,31.0,34.0,37.0
b99,b70,115.0,128.0,139.0
b99,b71,55.0,58.0,62.0
b99,b64,78.0,84.0,89.0
b99,b107,25.0,27.0,30.0
b99,b90,56.0,59.0,62.0
b99,b118,91.0,94.0,97.0
b99,b1,53.0,55.0,57.0
b99,b35,40.0,48.0,54.0
b99,b36,56.0,66.0,70.0
b99,b37,68.0,74.0,79.0
b99,b108,31.0,33.0,35.0
b99,b109,26.0,28.0,32.0
b99,b39,63.0,65.0,68.0
b99,b3,49.0,52.0,55.0
b99,p_centro,44.0,46.0,48.0
b99,p_beira_mar,61.0,63.0,66.0
b99,p_aldeota,55.0,58.0,60.0
b99,p_papicu,54.0,61.0,66.0
b99,p_iguatemi,54.0,59.0,63.0
b99,p_unifor,65.0,68.0,73.0
b99,p_centro_eventos,63.0,69.0,71.0
b99,p_parangaba,13.0,14.0,15.0
b99,p_messejana,61.0,63.0,65.0
b99,p_ufc_benfica,32.0,34.0,37.0
b99,p_ufc_pici,48.0,51.0,54.0
b99,p_aeroporto,35.0,38.0,41.0
b100,b91,34.0,36.0,38.0
b100,b92,43.0,46.0,49.0
b100,b2,49.0,52.0,54.0
b100,b93,45.0,47.0,49.0
b100,b4,46.0,48.0,51.0
b100,b50,78.0,80.0,83.0
b100,b40,52.0,54.0,57.0
b100,b122,51.0,53.0,57.0
b100,b41,43.0,46.0,48.0
b100,b6,66.0,69.0,71.0
b100,b51,57.0,58.0,60.0
b100,b94,44.0,47.0,51.0
b100,b7,38.0,40.0,42.0
b100,b95,39.0,40.0,42.0
b100,b8,31.0,35.0,38.0
b100,b72,41.0,44.0,47.0
b100,b73,39.0,41.0,42.0
b100,b110,77.0,79.0,82.0
b100,b52,35.0,37.0,38.0
b100,b53,65.0,68.0,71.0
b100,b74,52.0,54.0,56.0
b100,b9,58.0,60.0,62.0
b100,b10,53.0,55.0,57.0
b100,b111,69.0,72.0,77.0
b100,b54,49.0,51.0,53.0
b100,b55,82.0,86.0,90.0
b100,b11,63.0,66.0,69.0
b100,b42,52.0,54.0,57.0
b100,b75,51.0,54.0,57.0
b100,b76,46.0,48.0,51.0
b100,b117,54.0,57.0,59.0
b100,b96,36.0,37.0,39.0
b100,b12,66.0,68.0,71.0
b100,b56,68.0,70.0,72.0
b100,b13,34.0,35.0,37.0
b100,b116,88.0,92.0,95.0
b100,b97,35.0,37.0,40.0
b100,b98,32.0,34.0,35.0
b100,b14,46.0,48.0,51.0
b100,b43,45.0,47.0,50.0
b100,b57,82.0,86.0,92.0
b100,b38,66.0,68.0,70.0
b100,b58,56.0,59.0,63.0
b100,b15,48.0,50.0,52.0
b100,b17,70.0,74.0,78.0
b100,b16,42.0,44.0,47.0
b100,b78,51.0,53.0,56.0
b100,b79,42.0,45.0,48.0
b100,b59,72.0,74.0,76.0
b100,b60,60.0,62.0,65.0
b100,b45,36.0,39.0,41.0
b100,b99,26.0,27.0,29.0
b100,b100,0.0,0.0,0.0
b100,b18,53.0,55.0,57.0
b100,b61,60.0,63.0,65.0
b100,b19,34.0,38.0,40.0
b100,b80,34.0,37.0,39.0
b100,b62,58.0,60.0,62.0
b100,b20,57.0,60.0,65.0
b100,b21,63.0,66.0,69.0
b100,b22,58.0,60.0,62.0
b100,b23,43.0,47.0,50.0
b100,b49,67.0,70.0,73.0
b100,b46,41.0,44.0,46.0
b100,b101,34.0,36.0,38.0
b100,b63,76.0,79.0,82.0
b100,b81,39.0,42.0,44.0
b100,b112,77.0,81.0,86.0
b100,b82,31.0,32.0,34.0
b100,b24,63.0,65.0,67.0
b100,b65,62.0,63.0,65.0
b100,b83,37.0,38.0,40.0
b100,b25,63.0,65.0,68.0
b100,b103,25.0,27.0,30.0
b100,b5,43.0,47.0,51.0
b100,b26,65.0,68.0,70.0
b100,b121,42.0,45.0,47.0
b100,b119,60.0,63.0,67.0
b100,b47,55.0,57.0,60.0
b100,b104,42.0,44.0,47.0
b100,b27,64.0,66.0,70.0
b100,b105,25.0,26.0,27.0
b100,b28,49.0,52.0,55.0
b100,b84,26.0,27.0,28.0
b100,b44,43.0,45.0,47.0
b100,b66,60.0,63.0,65.0
b100,b67,56.0,58.0,60.0
b100,b85,54.0,58.0,61.0
b100,b120,67.0,69.0,71.0
b100,b87,53.0,55.0,58.0
b100,b86,37.0,39.0,41.0
b100,b29,53.0,55.0,58.0
b100,b30,31.0,33.0,35.0
b100,b88,33.0,36.0,39.0
b100,b68,75.0,79.0,84.0
b100,b69,97.0,100.0,103.0
b100,b106,53.0,56.0,59.0
b100,b31,60.0,63.0,66.0
b100,b115,37.0,40.0,45.0
b100,b32,59.0,62.0,64.0
b100,b113,84.0,86.0,89.0
b100,b114,91.0,94.0,96.0
b100,b89,38.0,41.0,44.0
b100,b33,57.0,59.0,61.0
b100,b48,64.0,67.0,70.0
b100,b77,22.0,23.0,24.0
b100,b34,46.0,48.0,51.0
b100,b70,106.0,114.0,126.0
b100,b71,48.0,50.0,54.0
b100,b64,69.0,75.0,81.0
b100,b107,16.0,16.0,16.0
b100,b90,60.0,62.0,65.0
b100,b118,79.0,84.0,88.0
b100,b1,61.0,63.0,65.0
b100,b35,53.0,55.0,57.0
b100,b36,63.0,65.0,68.0
b100,b37,76.0,79.0,82.0
b100,b108,33.0,34.0,36.0
b100,b109,35.0,38.0,40.0
b100,b39,68.0,70.0,73.0
b100,b3,62.0,64.0,67.0
b100,p_centro,50.0,52.0,54.0
b100,p_beira_mar,64.0,66.0,69.0
b100,p_aldeota,49.0,52.0,54.0
b100,p_papicu,59.0,61.0,65.0
b100,p_iguatemi,61.0,63.0,65.0
b100,p_unifor,59.0,61.0,65.0
b100,p_centro_eventos,63.0,65.0,68.0
b100,p_parangaba,17.0,18.0,19.0
b100,p_messejana,52.0,54.0,56.0
b100,p_ufc_benfica,41.0,42.0,44.0
b100,p_ufc_pici,63.0,65.0,67.0
b100,p_aeroporto,45.0,48.0,51.0
b18,b91,49.0,51.0,54.0
b18,b92,57.0,61.0,65.0
b18,b2,44.0,45.0,46.0
b18,b93,46.0,49.0,52.0
b18,b4,42.0,44.0,45.0
b18,b50,72.0,75.0,77.0
b18,b40,42.0,45.0,47.0
b18,b122,65.0,68.0,72.0
b18,b41,51.0,52.0,54.0
b18,b6,26.0,27.0,29.0
b18,b51,73.0,76.0,79.0
b18,b94,40.0,42.0,44.0
b18,b7,32.0,34.0,35.0
b18,b95,54.0,57.0,60.0
b18,b8,42.0,44.0,46.0
b18,b72,64.0,68.0,71.0
b18,b73,55.0,56.0,58.0
b18,b110,45.0,47.0,49.0
b18,b52,52.0,54.0,57.0
b18,b53,71.0,75.0,78.0
b18,b74,72.0,75.0,78.0
b18,b9,14.0,15.0,16.0
b18,b10,25.0,27.0,28.0
b18,b111,60.0,63.0,65.0
b18,b54,59.0,63.0,66.0
b18,b55,84.0,88.0,92.0
b18,b11,57.0,59.0,61.0
b18,b42,55.0,58.0,60.0
b18,b75,60.0,63.0,65.0
b18,b76,58.0,62.0,66.0
b18,b117,74.0,77.0,80.0
b18,b96,39.0,41.0,43.0
b18,b12,24.0,25.0,26.0
b18,b56,73.0,76.0,79.0
b18,b13,37.0,38.0,40.0
b18,b116,65.0,67.0,69.0
b18,b97,36.0,38.0,40.0
b18,b98,56.0,59.0,63.0
b18,b14,48.0,50.0,52.0
b18,b43,50.0,52.0,54.0
b18,b57,95.0,99.0,105.0
b18,b38,23.0,26.0,28.0
b18,b58,72.0,76.0,80.0
b18,b15,27.0,29.0,31.0
b18,b17,38.0,40.0,43.0
b18,b16,34.0,36.0,38.0
b18,b78,74.0,76.0,78.0
b18,b79,63.0,66.0,69.0
b18,b59,78.0,80.0,83.0
b18,b60,55.0,57.0,59.0
b18,b45,45.0,47.0,49.0
b18,b99,49.0,51.0,53.0
b18,b100,57.0,59.0,62.0
b18,b18,0.0,0.0,0.0
b18,b61,79.0,82.0,85.0
b18,b19,39.0,41.0,43.0
b18,b80,64.0,67.0,71.0
b18,b62,68.0,71.0,75.0
b18,b20,42.0,44.0,46.0
b18,b21,34.0,38.0,42.0
b18,b22,41.0,43.0,45.0
b18,b23,30.0,33.0,35.0
b18,b49,75.0,79.0,82.0
b18,b46,52.0,54.0,56.0
b18,b101,47.0,49.0,51.0
b18,b63,75.0,81.0,87.0
b18,b81,53.0,56.0,60.0
b18,b112,69.0,72.0,75.0
b18,b82,57.0,62.0,65.0
b18,b24,31.0,33.0,35.0
b18,b65,58.0,60.0,63.0
b18,b83,67.0,70.0,73.0
b18,b25,18.0,20.0,20.0
b18,b103,43.0,45.0,47.0
b18,b5,16.0,17.0,18.0
b18,b26,33.0,35.0,37.0
b18,b121,60.0,64.0,67.0
b18,b119,44.0,46.0,49.0
b18,b47,32.0,35.0,39.0
b18,b104,40.0,42.0,44.0
b18,b27,55.0,56.0,57.0
b18,b105,49.0,52.0,56.0
b18,b28,29.0,32.0,34.0
b18,b84,69.0,71.0,74.0
b18,b44,50.0,51.0,53.0
b18,b66,60.0,63.0,65.0
b18,b67,67.0,72.0,76.0
b18,b85,66.0,69.0,73.0
b18,b120,61.0,64.0,66.0
b18,b87,69.0,73.0,77.0
b18,b86,60.0,62.0,65.0
b18,b29,31.0,34.0,37.0
b18,b30,36.0,38.0,41.0
b18,b88,62.0,65.0,68.0
b18,b68,71.0,74.0,80.0
b18,b69,97.0,100.0,104.0
b18,b106,53.0,59.0,64.0
b18,b31,19.0,20.0,21.0
b18,b115,80.0,83.0,88.0
b18,b32,28.0,29.0,30.0
b18,b113,52.0,54.0,56.0
b18,b114,59.0,61.0,63.0
b18,b89,80.0,83.0,86.0
b18,b33,25.0,28.0,32.0
b18,b48,48.0,50.0,52.0
b18,b77,64.0,67.0,69.0
b18,b34,38.0,40.0,42.0
b18,b70,105.0,111.0,122.0
b18,b71,63.0,67.0,70.0
b18,b64,76.0,83.0,91.0
b18,b107,58.0,62.0,65.0
b18,b90,83.0,88.0,92.0
b18,b118,80.0,84.0,87.0
b18,b1,26.0,29.0,31.0
b18,b35,52.0,54.0,57.0
b18,b36,44.0,46.0,48.0
b18,b37,53.0,56.0,59.0
b18,b108,54.0,56.0,59.0
b18,b109,48.0,51.0,54.0
b18,b39,46.0,48.0,51.0
b18,b3,17.0,18.0,20.0
b18,p_centro,24.0,25.0,27.0
b18,p_beira_mar,34.0,36.0,38.0
b18,p_aldeota,45.0,47.0,49.0
b18,p_papicu,46.0,48.0,50.0
b18,p_iguatemi,56.0,58.0,60.0
b18,p_unifor,69.0,71.0,73.0
b18,p_centro_eventos,64.0,66.0,68.0
b18,p_parangaba,42.0,45.0,49.0
b18,p_messejana,57.0,60.0,62.0
b18,p_ufc_benfica,31.0,33.0,35.0
b18,p_ufc_pici,44.0,46.0,49.0
b18,p_aeroporto,59.0,63.0,67.0
b61,b91,54.0,58.0,61.0
b61,b92,94.0,100.0,105.0
b61,b2,80.0,83.0,86.0
b61,b93,61.0,65.0,69.0
b61,b4,94.0,96.0,99.0
b61,b50,45.0,49.0,52.0
b61,b40,90.0,92.0,95.0
b61,b122,71.0,75.0,78.0
b61,b41,87.0,92.0,97.0
b61,b6,106.0,108.0,110.0
b61,b51,38.0,39.0,40.0
b61,b94,89.0,93.0,96.0
b61,b7,74.0,77.0,81.0
b61,b95,50.0,54.0,57.0
b61,b8,82.0,84.0,86.0
b61,b72,70.0,74.0,77.0
b61,b73,64.0,66.0,69.0
b61,b110,100.0,104.0,107.0
b61,b52,45.0,49.0,52.0
b61,b53,58.0,59.0,61.0
b61,b74,78.0,81.0,84.0
b61,b9,92.0,96.0,99.0
b61,b10,72.0,76.0,80.0
b61,b111,86.0,88.0,90.0
b61,b54,58.0,60.0,63.0
b61,b55,57.0,60.0,63.0
b61,b11,72.0,74.0,76.0
b61,b42,89.0,94.0,99.0
b61,b75,89.0,92.0,96.0
b61,b76,69.0,73.0,77.0
b61,b117,17.0,20.0,21.0
b61,b96,80.0,83.0,86.0
b61,b12,105.0,108.0,111.0
b61,b56,45.0,46.0,48.0
b61,b13,80.0,83.0,86.0
b61,b116,106.0,109.0,111.0
b61,b97,78.0,82.0,85.0
b61,b98,68.0,71.0,74.0
b61,b14,77.0,79.0,83.0
b61,b43,85.0,87.0,90.0
b61,b57,94.0,98.0,104.0
b61,b38,103.0,107.0,112.0
b61,b58,76.0,79.0,82.0
b61,b15,77.0,80.0,84.0
b61,b17,108.0,113.0,119.0
b61,b16,64.0,68.0,72.0
b61,b78,80.0,84.0,87.0
b61,b79,74.0,78.0,82.0
b61,b59,49.0,51.0,52.0
b61,b60,72.0,74.0,76.0
b61,b45,70.0,72.0,75.0
b61,b99,72.0,76.0,78.0
b61,b100,57.0,60.0,62.0
b61,b18,85.0,89.0,93.0
b61,b61,0.0,0.0,0.0
b61,b19,80.0,83.0,85.0
b61,b80,65.0,69.0,73.0
b61,b62,58.0,63.0,66.0
b61,b20,97.0,102.0,107.0
b61,b21,102.0,106.0,111.0
b61,b22,72.0,76.0,80.0
b61,b23,68.0,72.0,76.0
b61,b49,53.0,55.0,58.0
b61,b46,70.0,72.0,75.0
b61,b101,78.0,82.0,85.0
b61,b63,49.0,54.0,58.0
b61,b81,60.0,62.0,65.0
b61,b112,96.0,98.0,101.0
b61,b82,61.0,64.0,67.0
b61,b24,89.0,91.0,94.0
b61,b65,39.0,40.0,42.0
b61,b83,48.0,50.0,52.0
b61,b25,97.0,101.0,104.0
b61,b103,73.0,77.0,80.0
b61,b5,84.0,87.0,90.0
b61,b26,93.0,95.0,98.0
b61,b121,62.0,64.0,67.0
b61,b119,100.0,105.0,110.0
b61,b47,92.0,95.0,97.0
b61,b104,86.0,90.0,92.0
b61,b27,81.0,84.0,86.0
b61,b105,70.0,73.0,76.0
b61,b28,83.0,87.0,91.0
b61,b84,64.0,66.0,68.0
b61,b44,86.0,91.0,96.0
b61,b66,52.0,55.0,59.0
b61,b67,65.0,67.0,69.0
b61,b85,83.0,86.0,91.0
b61,b120,28.0,31.0,34.0
b61,b87,77.0,80.0,85.0
b61,b86,61.0,63.0,66.0
b61,b29,89.0,93.0,96.0
b61,b30,77.0,80.0,83.0
b61,b88,50.0,52.0,54.0
b61,b68,44.0,47.0,51.0
b61,b69,63.0,66.0,71.0
b61,b106,103.0,107.0,112.0
b61,b31,100.0,103.0,106.0
b61,b115,64.0,68.0,71.0
b61,b32,81.0,85.0,89.0
b61,b113,99.0,101.0,106.0
b61,b114,95.0,105.0,109.0
b61,b89,55.0,59.0,63.0
b61,b33,95.0,99.0,103.0
b61,b48,104.0,109.0,114.0
b61,b77,64.0,66.0,68.0
b61,b34,92.0,95.0,98.0
b61,b70,80.0,85.0,93.0
b61,b71,70.0,75.0,78.0
b61,b64,69.0,73.0,81.0
b61,b107,59.0,62.0,66.0
b61,b90,88.0,92.0,95.0
b61,b118,53.0,55.0,58.0
b61,b1,90.0,94.0,98.0
b61,b35,77.0,81.0,86.0
b61,b36,84.0,86.0,88.0
b61,b37,90.0,92.0,94.0
b61,b108,66.0,69.0,72.0
b61,b109,80.0,84.0,88.0
b61,b39,107.0,112.0,116.0
b61,b3,99.0,102.0,105.0
b61,p_centro,72.0,76.0,80.0
b61,p_beira_mar,94.0,98.0,101.0
b61,p_aldeota,80.0,83.0,86.0
b61,p_papicu,77.0,79.0,81.0
b61,p_iguatemi,68.0,70.0,71.0
b61,p_unifor,69.0,71.0,72.0
b61,p_centro_eventos,65.0,67.0,68.0
b61,p_parangaba,62.0,65.0,68.0
b61,p_messejana,25.0,28.0,33.0
b61,p_ufc_benfica,77.0,80.0,84.0
b61,p_ufc_pici,102.0,105.0,109.0
b61,p_aeroporto,99.0,105.0,109.0
b19,b91,40.0,42.0,45.0
b19,b92,36.0,40.0,43.0
b19,b2,45.0,47.0,49.0
b19,b93,28.0,31.0,34.0
b19,b4,25.0,28.0,31.0
b19,b50,71.0,74.0,77.0
b19,b40,52.0,53.0,55.0
b19,b122,58.0,61.0,65.0
b19,b41,44.0,47.0,49.0
b19,b6,53.0,55.0,58.0
b19,b51,70.0,74.0,76.0
b19,b94,31.0,33.0,35.0
b19,b7,18.0,20.0,22.0
b19,b95,43.0,46.0,49.0
b19,b8,14.0,15.0,16.0
b19,b72,54.0,56.0,59.0
b19,b73,47.0,49.0,51.0
b19,b110,64.0,67.0,70.0
b19,b52,46.0,49.0,52.0
b19,b53,67.0,70.0,73.0
b19,b74,62.0,64.0,67.0
b19,b9,42.0,44.0,46.0
b19,b10,37.0,40.0,42.0
b19,b111,65.0,67.0,70.0
b19,b54,52.0,56.0,60.0
b19,b55,85.0,89.0,93.0
b19,b11,59.0,61.0,63.0
b19,b42,52.0,55.0,57.0
b19,b75,57.0,59.0,62.0
b19,b76,52.0,55.0,58.0
b19,b117,70.0,72.0,75.0
b19,b96,31.0,32.0,34.0
b19,b12,51.0,54.0,56.0
b19,b56,70.0,72.0,74.0
b19,b13,17.0,19.0,19.0
b19,b116,82.0,84.0,87.0
b19,b97,30.0,32.0,34.0
b19,b98,46.0,48.0,51.0
b19,b14,41.0,43.0,44.0
b19,b43,46.0,48.0,50.0
b19,b57,84.0,89.0,94.0
b19,b38,47.0,49.0,51.0
b19,b58,58.0,64.0,68.0
b19,b15,30.0,31.0,33.0
b19,b17,57.0,60.0,62.0
b19,b16,24.0,26.0,27.0
b19,b78,61.0,64.0,68.0
b19,b79,51.0,55.0,58.0
b19,b59,77.0,80.0,82.0
b19,b60,48.0,50.0,53.0
b19,b45,39.0,41.0,43.0
b19,b99,25.0,27.0,28.0
b19,b100,37.0,39.0,41.0
b19,b18,37.0,39.0,41.0
b19,b61,75.0,78.0,81.0
b19,b19,0.0,0.0,0.0
b19,b80,47.0,50.0,53.0
b19,b62,59.0,62.0,66.0
b19,b20,60.0,62.0,65.0
b19,b21,61.0,64.0,66.0
b19,b22,41.0,42.0,44.0
b19,b23,26.0,29.0,32.0
b19,b49,68.0,71.0,74.0
b19,b46,47.0,49.0,51.0
b19,b101,38.0,41.0,43.0
b19,b63,74.0,79.0,82.0
b19,b81,46.0,49.0,52.0
b19,b112,73.0,76.0,80.0
b19,b82,38.0,41.0,44.0
b19,b24,47.0,50.0,54.0
b19,b65,56.0,58.0,61.0
b19,b83,52.0,54.0,58.0
b19,b25,48.0,50.0,51.0
b19,b103,15.0,16.0,18.0
b19,b5,37.0,39.0,40.0
b19,b26,52.0,55.0,58.0
b19,b121,50.0,54.0,57.0
b19,b119,63.0,65.0,67.0
b19,b47,49.0,51.0,52.0
b19,b104,33.0,36.0,38.0
b19,b27,58.0,60.0,62.0
b19,b105,32.0,34.0,37.0
b19,b28,33.0,35.0,37.0
b19,b84,49.0,51.0,53.0
b19,b44,43.0,46.0,49.0
b19,b66,55.0,57.0,59.0
b19,b67,61.0,64.0,67.0
b19,b85,60.0,64.0,67.0
b19,b120,60.0,63.0,66.0
b19,b87,61.0,64.0,67.0
b19,b86,48.0,50.0,52.0
b19,b29,34.0,36.0,39.0
b19,b30,14.0,16.0,17.0
b19,b88,51.0,54.0,56.0
b19,b68,74.0,78.0,86.0
b19,b69,96.0,99.0,104.0
b19,b106,49.0,53.0,58.0
b19,b31,47.0,49.0,53.0
b19,b115,60.0,64.0,68.0
b19,b32,44.0,46.0,49.0
b19,b113,71.0,74.0,77.0
b19,b114,78.0,81.0,84.0
b19,b89,59.0,63.0,66.0
b19,b33,37.0,39.0,42.0
b19,b48,58.0,60.0,62.0
b19,b77,44.0,46.0,48.0
b19,b34,26.0,28.0,31.0
b19,b70,104.0,111.0,123.0
b19,b71,48.0,56.0,59.0
b19,b64,70.0,76.0,83.0
b19,b107,37.0,40.0,42.0
b19,b90,69.0,73.0,77.0
b19,b118,82.0,85.0,89.0
b19,b1,42.0,44.0,46.0
b19,b35,38.0,41.0,43.0
b19,b36,57.0,60.0,62.0
b19,b37,67.0,71.0,74.0
b19,b108,43.0,45.0,47.0
b19,b109,27.0,29.0,30.0
b19,b39,62.0,64.0,66.0
b19,b3,43.0,46.0,48.0
b19,p_centro,36.0,38.0,40.0
b19,p_beira_mar,51.0,54.0,58.0
b19,p_aldeota,46.0,49.0,51.0
b19,p_papicu,51.0,53.0,56.0
b19,p_iguatemi,48.0,51.0,53.0
b19,p_unifor,60.0,63.0,66.0
b19,p_centro_eventos,57.0,59.0,61.0
b19,p_parangaba,26.0,28.0,30.0
b19,p_messejana,49.0,52.0,54.0
b19,p_ufc_benfica,21.0,22.0,24.0
b19,p_ufc_pici,43.0,46.0,49.0
b19,p_aeroporto,38.0,42.0,45.0
b80,b91,56.0,59.0,61.0
b80,b92,57.0,60.0,64.0
b80,b2,72.0,74.0,77.0
b80,b93,65.0,68.0,70.0
b80,b4,54.0,57.0,60.0
b80,b50,88.0,91.0,95.0
b80,b40,56.0,59.0,61.0
b80,b122,39.0,43.0,47.0
b80,b41,49.0,51.0,53.0
b80,b6,73.0,76.0,79.0
b80,b51,59.0,62.0,65.0
b80,b94,54.0,57.0,60.0
b80,b7,50.0,53.0,55.0
b80,b95,58.0,60.0,62.0
b80,b8,45.0,48.0,50.0
b80,b72,46.0,50.0,53.0
b80,b73,42.0,44.0,47.0
b80,b110,89.0,92.0,95.0
b80,b52,56.0,58.0,63.0
b80,b53,83.0,86.0,88.0
b80,b74,56.0,58.0,60.0
b80,b9,70.0,74.0,77.0
b80,b10,66.0,69.0,71.0
b80,b111,91.0,94.0,99.0
b80,b54,70.0,73.0,77.0
b80,b55,83.0,88.0,92.0
b80,b11,85.0,87.0,91.0
b80,b42,58.0,61.0,63.0
b80,b75,56.0,60.0,65.0
b80,b76,48.0,50.0,53.0
b80,b117,59.0,62.0,65.0
b80,b96,41.0,43.0,46.0
b80,b12,77.0,81.0,85.0
b80,b56,72.0,75.0,79.0
b80,b13,39.0,42.0,44.0
b80,b116,109.0,112.0,115.0
b80,b97,41.0,45.0,48.0
b80,b98,54.0,56.0,59.0
b80,b14,68.0,71.0,73.0
b80,b43,50.0,52.0,54.0
b80,b57,110.0,119.0,127.0
b80,b38,77.0,79.0,82.0
b80,b58,80.0,84.0,89.0
b80,b15,59.0,61.0,64.0
b80,b17,75.0,78.0,82.0
b80,b16,53.0,57.0,60.0
b80,b78,57.0,60.0,63.0
b80,b79,47.0,50.0,53.0
b80,b59,74.0,77.0,80.0
b80,b60,80.0,83.0,85.0
b80,b45,41.0,44.0,46.0
b80,b99,32.0,34.0,36.0
b80,b100,33.0,36.0,38.0
b80,b18,65.0,68.0,71.0
b80,b61,67.0,70.0,73.0
b80,b19,49.0,51.0,53.0
b80,b80,0.0,0.0,0.0
b80,b62,81.0,85.0,88.0
b80,b20,62.0,65.0,69.0
b80,b21,67.0,70.0,73.0
b80,b22,72.0,75.0,77.0
b80,b23,61.0,63.0,65.0
b80,b49,81.0,85.0,88.0
b80,b46,48.0,49.0,51.0
b80,b101,39.0,41.0,43.0
b80,b63,77.0,83.0,89.0
b80,b81,41.0,43.0,44.0
b80,b112,99.0,103.0,108.0
b80,b82,16.0,17.0,17.0
b80,b24,76.0,80.0,82.0
b80,b65,67.0,71.0,74.0
b80,b83,26.0,29.0,32.0
b80,b25,76.0,79.0,82.0
b80,b103,38.0,41.0,43.0
b80,b5,54.0,57.0,62.0
b80,b26,78.0,81.0,84.0
b80,b121,42.0,45.0,46.0
b80,b119,65.0,68.0,71.0
b80,b47,59.0,62.0,64.0
b80,b104,48.0,50.0,53.0
b80,b27,85.0,88.0,91.0
b80,b105,29.0,30.0,32.0
b80,b28,62.0,65.0,69.0
b80,b84,42.0,44.0,47.0
b80,b44,48.0,51.0,53.0
b80,b66,81.0,84.0,86.0
b80,b67,76.0,79.0,84.0
b80,b85,57.0,60.0,62.0
b80,b120,77.0,81.0,84.0
b80,b87,56.0,58.0,60.0
b80,b86,41.0,43.0,44.0
b80,b29,65.0,68.0,71.0
b80,b30,48.0,50.0,53.0
b80,b88,51.0,53.0,56.0
b80,b68,81.0,85.0,90.0
b80,b69,98.0,102.0,106.0
b80,b106,56.0,59.0,62.0
b80,b31,71.0,75.0,80.0
b80,b115,47.0,49.0,53.0
b80,b32,70.0,73.0,76.0
b80,b113,96.0,99.0,103.0
b80,b114,103.0,107.0,110.0
b80,b89,42.0,44.0,48.0
b80,b33,67.0,69.0,72.0
b80,b48,69.0,71.0,74.0
b80,b77,24.0,27.0,30.0
b80,b34,55.0,57.0,59.0
b80,b70,111.0,119.0,130.0
b80,b71,71.0,75.0,80.0
b80,b64,89.0,95.0,99.0
b80,b107,40.0,42.0,44.0
b80,b90,64.0,67.0,71.0
b80,b118,85.0,89.0,93.0
b80,b1,72.0,75.0,78.0
b80,b35,69.0,73.0,77.0
b80,b36,83.0,86.0,89.0
b80,b37,96.0,101.0,105.0
b80,b108,37.0,39.0,41.0
b80,b109,50.0,53.0,57.0
b80,b39,72.0,75.0,77.0
b80,b3,73.0,76.0,79.0
b80,p_centro,62.0,65.0,69.0
b80,p_beira_mar,79.0,83.0,86.0
b80,p_aldeota,72.0,74.0,77.0
b80,p_papicu,79.0,82.0,85.0
b80,p_iguatemi,80.0,84.0,87.0
b80,p_unifor,82.0,86.0,90.0
b80,p_centro_eventos,84.0,88.0,91.0
b80,p_parangaba,23.0,25.0,26.0
b80,p_messejana,54.0,57.0,60.0
b80,p_ufc_benfica,50.0,53.0,55.0
b80,p_ufc_pici,71.0,73.0,76.0
b80,p_aeroporto,59.0,62.0,66.0
b62,b91,25.0,26.0,28.0
b62,b92,68.0,73.0,77.0
b62,b2,44.0,48.0,51.0
b62,b93,32.0,34.0,36.0
b62,b4,64.0,66.0,69.0
b62,b50,60.0,63.0,66.0
b62,b40,72.0,74.0,76.0
b62,b122,84.0,87.0,91.0
b62,b41,79.0,81.0,83.0
b62,b6,72.0,74.0,76.0
b62,b51,58.0,62.0,66.0
b62,b94,68.0,70.0,72.0
b62,b7,44.0,47.0,49.0
b62,b95,41.0,43.0,45.0
b62,b8,56.0,58.0,61.0
b62,b72,75.0,80.0,87.0
b62,b73,70.0,74.0,78.0
b62,b110,59.0,62.0,67.0
b62,b52,28.0,33.0,36.0
b62,b53,38.0,42.0,45.0
b62,b74,86.0,90.0,93.0
b62,b9,62.0,64.0,65.0
b62,b10,45.0,46.0,48.0
b62,b111,48.0,52.0,57.0
b62,b54,18.0,21.0,24.0
b62,b55,71.0,76.0,79.0
b62,b11,41.0,44.0,48.0
b62,b42,87.0,89.0,91.0
b62,b75,83.0,89.0,93.0
b62,b76,80.0,82.0,86.0
b62,b117,58.0,61.0,64.0
b62,b96,67.0,69.0,71.0
b62,b12,71.0,73.0,75.0
b62,b56,49.0,53.0,56.0
b62,b13,59.0,61.0,63.0
b62,b116,66.0,71.0,76.0
b62,b97,64.0,66.0,68.0
b62,b98,44.0,47.0,49.0
b62,b14,44.0,47.0,50.0
b62,b43,80.0,82.0,84.0
b62,b57,60.0,64.0,70.0
b62,b38,71.0,74.0,76.0
b62,b58,28.0,30.0,32.0
b62,b15,48.0,49.0,51.0
b62,b17,84.0,87.0,91.0
b62,b16,36.0,38.0,40.0
b62,b78,86.0,89.0,98.0
b62,b79,74.0,80.0,85.0
b62,b59,59.0,62.0,65.0
b62,b60,32.0,34.0,39.0
b62,b45,70.0,74.0,76.0
b62,b99,55.0,58.0,61.0
b62,b100,48.0,51.0,53.0
b62,b18,56.0,57.0,59.0
b62,b61,63.0,67.0,70.0
b62,b19,52.0,53.0,56.0
b62,b80,66.0,70.0,74.0
b62,b62,0.0,0.0,0.0
b62,b20,85.0,86.0,88.0
b62,b21,83.0,87.0,90.0
b62,b22,44.0,46.0,47.0
b62,b23,40.0,42.0,43.0
b62,b49,46.0,50.0,53.0
b62,b46,75.0,78.0,82.0
b62,b101,68.0,70.0,73.0
b62,b63,59.0,62.0,66.0
b62,b81,72.0,75.0,78.0
b62,b112,56.0,61.0,66.0
b62,b82,64.0,67.0,69.0
b62,b24,50.0,53.0,57.0
b62,b65,43.0,46.0,49.0
b62,b83,68.0,70.0,74.0
b62,b25,66.0,68.0,70.0
b62,b103,56.0,58.0,60.0
b62,b5,55.0,56.0,58.0
b62,b26,48.0,53.0,57.0
b62,b121,75.0,79.0,83.0
b62,b119,87.0,88.0,90.0
b62,b47,70.0,71.0,73.0
b62,b104,69.0,71.0,72.0
b62,b27,44.0,48.0,52.0
b62,b105,58.0,60.0,62.0
b62,b28,54.0,56.0,58.0
b62,b84,63.0,66.0,69.0
b62,b44,78.0,80.0,82.0
b62,b66,28.0,32.0,35.0
b62,b67,37.0,40.0,43.0
b62,b85,89.0,91.0,95.0
b62,b120,49.0,52.0,55.0
b62,b87,88.0,91.0,95.0
b62,b86,70.0,74.0,77.0
b62,b29,60.0,61.0,64.0
b62,b30,53.0,56.0,58.0
b62,b88,47.0,49.0,52.0
b62,b68,60.0,64.0,69.0
b62,b69,86.0,89.0,93.0
b62,b106,85.0,91.0,96.0
b62,b31,66.0,68.0,71.0
b62,b115,78.0,82.0,89.0
b62,b32,52.0,55.0,58.0
b62,b113,59.0,63.0,69.0
b62,b114,67.0,72.0,77.0
b62,b89,71.0,74.0,76.0
b62,b33,64.0,67.0,70.0
b62,b48,79.0,81.0,82.0
b62,b77,60.0,63.0,66.0
b62,b34,65.0,67.0,69.0
b62,b70,86.0,95.0,103.0
b62,b71,18.0,20.0,24.0
b62,b64,49.0,53.0,58.0
b62,b107,48.0,51.0,53.0
b62,b90,94.0,98.0,105.0
b62,b118,69.0,72.0,75.0
b62,b1,62.0,63.0,65.0
b62,b35,48.0,50.0,52.0
b62,b36,41.0,45.0,49.0
b62,b37,53.0,56.0,61.0
b62,b108,65.0,68.0,72.0
b62,b109,56.0,60.0,64.0
b62,b39,83.0,85.0,86.0
b62,b3,65.0,68.0,70.0
b62,p_centro,45.0,46.0,48.0
b62,p_beira_mar,55.0,59.0,63.0
b62,p_aldeota,45.0,48.0,51.0
b62,p_papicu,33.0,36.0,40.0
b62,p_iguatemi,28.0,30.0,35.0
b62,p_unifor,36.0,38.0,41.0
b62,p_centro_eventos,39.0,42.0,45.0
b62,p_parangaba,50.0,52.0,54.0
b62,p_messejana,44.0,46.0,48.0
b62,p_ufc_benfica,48.0,50.0,52.0
b62,p_ufc_pici,74.0,75.0,77.0
b62,p_aeroporto,70.0,75.0,79.0
b20,b91,76.0,78.0,80.0
b20,b92,79.0,82.0,86.0
b20,b2,68.0,70.0,72.0
b20,b93,74.0,77.0,80.0
b20,b4,44.0,46.0,49.0
b20,b50,102.0,105.0,108.0
b20,b40,27.0,29.0,30.0
b20,b122,77.0,81.0,84.0
b20,b41,36.0,39.0,41.0
b20,b6,26.0,27.0,29.0
b20,b51,90.0,95.0,99.0
b20,b94,51.0,55.0,60.0
b20,b7,48.0,50.0,52.0
b20,b95,77.0,81.0,86.0
b20,b8,61.0,65.0,67.0
b20,b72,59.0,62.0,66.0
b20,b73,41.0,44.0,48.0
b20,b110,75.0,78.0,80.0
b20,b52,79.0,81.0,83.0
b20,b53,99.0,101.0,103.0
b20,b74,69.0,71.0,74.0
b20,b9,42.0,44.0,46.0
b20,b10,58.0,60.0,62.0
b20,b111,85.0,88.0,91.0
b20,b54,88.0,92.0,96.0
b20,b55,114.0,123.0,129.0
b20,b11,80.0,82.0,84.0
b20,b42,45.0,48.0,50.0
b20,b75,51.0,54.0,56.0
b20,b76,64.0,69.0,74.0
b20,b117,90.0,95.0,100.0
b20,b96,51.0,54.0,57.0
b20,b12,37.0,39.0,41.0
b20,b56,97.0,100.0,103.0
b20,b13,56.0,59.0,62.0
b20,b116,95.0,97.0,100.0
b20,b97,44.0,47.0,50.0
b20,b98,82.0,85.0,87.0
b20,b14,68.0,70.0,72.0
b20,b43,38.0,40.0,42.0
b20,b57,114.0,118.0,125.0
b20,b38,38.0,40.0,43.0
b20,b58,96.0,99.0,102.0
b20,b15,40.0,42.0,44.0
b20,b17,30.0,32.0,34.0
b20,b16,50.0,52.0,55.0
b20,b78,66.0,70.0,73.0
b20,b79,58.0,62.0,65.0
b20,b59,106.0,110.0,113.0
b20,b60,74.0,76.0,79.0
b20,b45,35.0,37.0,39.0
b20,b99,57.0,60.0,62.0
b20,b100,64.0,67.0,70.0
b20,b18,48.0,49.0,51.0
b20,b61,99.0,104.0,108.0
b20,b19,62.0,64.0,66.0
b20,b80,70.0,73.0,75.0
b20,b62,94.0,97.0,100.0
b20,b20,0.0,0.0,0.0
b20,b21,16.0,17.0,18.0
b20,b22,64.0,65.0,68.0
b20,b23,55.0,57.0,59.0
b20,b49,98.0,100.0,103.0
b20,b46,41.0,43.0,46.0
b20,b101,43.0,45.0,47.0
b20,b63,108.0,111.0,114.0
b20,b81,58.0,61.0,64.0
b20,b112,94.0,98.0,101.0
b20,b82,61.0,64.0,66.0
b20,b24,61.0,63.0,66.0
b20,b65,88.0,90.0,93.0
b20,b83,61.0,66.0,69.0
b20,b25,41.0,44.0,48.0
b20,b103,60.0,62.0,65.0
b20,b5,45.0,47.0,49.0
b20,b26,63.0,66.0,68.0
b20,b121,57.0,61.0,64.0
b20,b119,11.0,11.0,11.0
b20,b47,20.0,22.0,24.0
b20,b104,47.0,52.0,55.0
b20,b27,77.0,79.0,81.0
b20,b105,56.0,59.0,61.0
b20,b28,42.0,43.0,45.0
b20,b84,77.0,80.0,82.0
b20,b44,36.0,39.0,41.0
b20,b66,87.0,89.0,92.0
b20,b67,94.0,98.0,101.0
b20,b85,75.0,81.0,85.0
b20,b120,91.0,94.0,97.0
b20,b87,69.0,73.0,78.0
b20,b86,51.0,55.0,58.0
b20,b29,37.0,39.0,41.0
b20,b30,58.0,61.0,64.0
b20,b88,81.0,84.0,88.0
b20,b68,112.0,116.0,121.0
b20,b69,131.0,136.0,142.0
b20,b106,43.0,48.0,53.0
b20,b31,39.0,41.0,44.0
b20,b115,86.0,91.0,96.0
b20,b32,56.0,58.0,60.0
b20,b113,82.0,85.0,87.0
b20,b114,89.0,92.0,94.0
b20,b89,82.0,88.0,93.0
b20,b33,28.0,30.0,33.0
b20,b48,22.0,24.0,26.0
b20,b77,72.0,75.0,78.0
b20,b34,55.0,57.0,60.0
b20,b70,141.0,149.0,
b20,b71,85.0,89.0,93.0
b20,b64,109.0,116.0,123.0
b20,b107,70.0,72.0,75.0
b20,b90,79.0,83.0,88.0
b20,b118,118.0,121.0,124.0
b20,b1,43.0,45.0,47.0
b20,b35,70.0,72.0,74.0
b20,b36,74.0,77.0,79.0
b20,b37,83.0,86.0,89.0
b20,b108,56.0,58.0,61.0
b20,b109,70.0,73.0,75.0
b20,b39,16.0,18.0,20.0
b20,b3,37.0,39.0,41.0
b20,p_centro,57.0,59.0,61.0
b20,p_beira_mar,64.0,66.0,69.0
b20,p_aldeota,71.0,73.0,76.0
b20,p_papicu,76.0,78.0,80.0
b20,p_iguatemi,75.0,77.0,79.0
b20,p_unifor,89.0,91.0,93.0
b20,p_centro_eventos,84.0,87.0,89.0
b20,p_parangaba,47.0,49.0,52.0
b20,p_messejana,81.0,83.0,86.0
b20,p_ufc_benfica,48.0,50.0,52.0
b20,p_ufc_pici,39.0,41.0,44.0
b20,p_aeroporto,81.0,84.0,88.0
b21,b91,78.0,80.0,83.0
b21,b92,81.0,85.0,88.0
b21,b2,69.0,72.0,74.0
b21,b93,77.0,80.0,82.0
b21,b4,46.0,48.0,51.0
b21,b50,102.0,105.0,108.0
b21,b40,32.0,33.0,35.0
b21,b122,80.0,84.0,88.0
b21,b41,42.0,44.0,46.0
b21,b6,24.0,25.0,27.0
b21,b51,95.0,100.0,103.0
b21,b94,54.0,57.0,62.0
b21,b7,52.0,54.0,56.0
b21,b95,80.0,83.0,86.0
b21,b8,62.0,65.0,68.0
b21,b72,63.0,67.0,70.0
b21,b73,46.0,48.0,52.0
b21,b110,73.0,75.0,78.0
b21,b52,81.0,83.0,86.0
b21,b53,101.0,103.0,106.0
b21,b74,73.0,75.0,79.0
b21,b9,34.0,38.0,41.0
b21,b10,56.0,59.0,62.0
b21,b111,87.0,90.0,93.0
b21,b54,90.0,93.0,96.0
b21,b55,117.0,122.0,128.0
b21,b11,82.0,84.0,87.0
b21,b42,50.0,52.0,54.0
b21,b75,55.0,58.0,61.0
b21,b76,68.0,72.0,76.0
b21,b117,95.0,100.0,106.0
b21,b96,55.0,57.0,60.0
b21,b12,36.0,37.0,38.0
b21,b56,100.0,102.0,105.0
b21,b13,57.0,60.0,63.0
b21,b116,93.0,96.0,98.0
b21,b97,48.0,51.0,54.0
b21,b98,83.0,86.0,89.0
b21,b14,70.0,72.0,74.0
b21,b43,42.0,44.0,45.0
b21,b57,118.0,123.0,131.0
b21,b38,39.0,42.0,44.0
b21,b58,100.0,103.0,106.0
b21,b15,44.0,45.0,47.0
b21,b17,17.0,17.0,17.0
b21,b16,54.0,56.0,59.0
b21,b78,70.0,73.0,76.0
b21,b79,62.0,65.0,68.0
b21,b59,107.0,110.0,114.0
b21,b60,77.0,79.0,81.0
b21,b45,38.0,40.0,42.0
b21,b99,60.0,63.0,65.0
b21,b100,67.0,70.0,73.0
b21,b18,40.0,44.0,46.0
b21,b61,103.0,108.0,113.0
b21,b19,65.0,68.0,70.0
b21,b80,72.0,75.0,79.0
b21,b62,96.0,99.0,101.0
b21,b20,16.0,18.0,18.0
b21,b21,0.0,0.0,0.0
b21,b22,65.0,68.0,70.0
b21,b23,57.0,59.0,61.0
b21,b49,100.0,103.0,106.0
b21,b46,45.0,47.0,49.0
b21,b101,46.0,48.0,50.0
b21,b63,110.0,113.0,116.0
b21,b81,62.0,65.0,68.0
b21,b112,96.0,99.0,103.0
b21,b82,64.0,67.0,70.0
b21,b24,58.0,61.0,64.0
b21,b65,88.0,91.0,93.0
b21,b83,66.0,70.0,73.0
b21,b25,42.0,45.0,49.0
b21,b103,62.0,64.0,66.0
b21,b5,42.0,45.0,47.0
b21,b26,61.0,64.0,66.0
b21,b121,62.0,65.0,68.0
b21,b119,23.0,24.0,26.0
b21,b47,23.0,24.0,25.0
b21,b104,51.0,56.0,59.0
b21,b27,80.0,82.0,84.0
b21,b105,59.0,62.0,64.0
b21,b28,45.0,47.0,48.0
b21,b84,80.0,83.0,86.0
b21,b44,42.0,44.0,46.0
b21,b66,89.0,92.0,94.0
b21,b67,97.0,100.0,102.0
b21,b85,80.0,84.0,88.0
b21,b120,91.0,94.0,97.0
b21,b87,74.0,78.0,82.0
b21,b86,56.0,59.0,62.0
b21,b29,40.0,42.0,44.0
b21,b30,62.0,65.0,67.0
b21,b88,83.0,86.0,90.0
b21,b68,106.0,111.0,118.0
b21,b69,132.0,136.0,142.0
b21,b106,47.0,52.0,57.0
b21,b31,38.0,40.0,41.0
b21,b115,90.0,95.0,100.0
b21,b32,53.0,55.0,58.0
b21,b113,80.0,83.0,85.0
b21,b114,87.0,90.0,92.0
b21,b89,88.0,93.0,97.0
b21,b33,31.0,33.0,35.0
b21,b48,31.0,33.0,35.0
b21,b77,75.0,78.0,81.0
b21,b34,58.0,60.0,62.0
b21,b70,141.0,148.0,
b21,b71,89.0,93.0,96.0
b21,b64,109.0,117.0,123.0
b21,b107,72.0,75.0,78.0
b21,b90,83.0,87.0,91.0
b21,b118,114.0,117.0,121.0
b21,b1,46.0,48.0,49.0
b21,b35,73.0,75.0,78.0
b21,b36,72.0,75.0,77.0
b21,b37,81.0,84.0,87.0
b21,b108,60.0,62.0,65.0
b21,b109,73.0,76.0,79.0
b21,b39,23.0,26.0,28.0
b21,b3,27.0,32.0,35.0
b21,p_centro,54.0,57.0,60.0
b21,p_beira_mar,62.0,64.0,67.0
b21,p_aldeota,72.0,74.0,77.0
b21,p_papicu,74.0,76.0,79.0
b21,p_iguatemi,78.0,80.0,82.0
b21,p_unifor,92.0,94.0,96.0
b21,p_centro_eventos,88.0,90.0,92.0
b21,p_parangaba,50.0,52.0,55.0
b21,p_messejana,83.0,86.0,88.0
b21,p_ufc_benfica,52.0,53.0,55.0
b21,p_ufc_pici,43.0,45.0,47.0
b21,p_aeroporto,83.0,87.0,90.0
b22,b91,38.0,40.0,42.0
b22,b92,55.0,61.0,64.0
b22,b2,29.0,31.0,32.0
b22,b93,35.0,37.0,40.0
b22,b4,49.0,51.0,53.0
b22,b50,67.0,69.0,72.0
b22,b40,55.0,57.0,59.0
b22,b122,73.0,77.0,81.0
b22,b41,63.0,64.0,66.0
b22,b6,57.0,60.0,62.0
b22,b51,62.0,65.0,67.0
b22,b94,51.0,53.0,55.0
b22,b7,30.0,31.0,33.0
b22,b95,45.0,47.0,50.0
b22,b8,43.0,44.0,47.0
b22,b72,75.0,78.0,81.0
b22,b73,68.0,69.0,71.0
b22,b110,53.0,55.0,57.0
b22,b52,43.0,45.0,46.0
b22,b53,59.0,62.0,64.0
b22,b74,83.0,86.0,89.0
b22,b9,47.0,49.0,51.0
b22,b10,32.0,33.0,34.0
b22,b111,51.0,54.0,57.0
b22,b54,52.0,53.0,55.0
b22,b55,78.0,82.0,86.0
b22,b11,46.0,48.0,50.0
b22,b42,70.0,72.0,74.0
b22,b75,76.0,78.0,79.0
b22,b76,67.0,71.0,74.0
b22,b117,64.0,66.0,68.0
b22,b96,52.0,53.0,55.0
b22,b12,56.0,58.0,60.0
b22,b56,59.0,62.0,65.0
b22,b13,45.0,47.0,49.0
b22,b116,69.0,72.0,74.0
b22,b97,48.0,50.0,51.0
b22,b98,47.0,50.0,53.0
b22,b14,24.0,26.0,28.0
b22,b43,64.0,66.0,68.0
b22,b57,71.0,74.0,78.0
b22,b38,57.0,59.0,61.0
b22,b58,51.0,54.0,57.0
b22,b15,31.0,33.0,36.0
b22,b17,68.0,70.0,74.0
b22,b16,26.0,27.0,28.0
b22,b78,84.0,88.0,90.0
b22,b79,73.0,76.0,80.0
b22,b59,70.0,72.0,74.0
b22,b60,34.0,36.0,38.0
b22,b45,59.0,61.0,63.0
b22,b99,53.0,55.0,57.0
b22,b100,55.0,58.0,62.0
b22,b18,42.0,44.0,46.0
b22,b61,69.0,71.0,74.0
b22,b19,38.0,40.0,42.0
b22,b80,71.0,74.0,78.0
b22,b62,50.0,53.0,57.0
b22,b20,65.0,67.0,70.0
b22,b21,67.0,69.0,71.0
b22,b22,0.0,0.0,0.0
b22,b23,28.0,29.0,30.0
b22,b49,58.0,61.0,64.0
b22,b46,66.0,68.0,69.0
b22,b101,59.0,61.0,63.0
b22,b63,67.0,70.0,73.0
b22,b81,61.0,65.0,69.0
b22,b112,60.0,63.0,67.0
b22,b82,65.0,68.0,72.0
b22,b24,37.0,39.0,40.0
b22,b65,53.0,54.0,56.0
b22,b83,72.0,74.0,77.0
b22,b25,51.0,54.0,56.0
b22,b103,44.0,46.0,48.0
b22,b5,40.0,42.0,43.0
b22,b26,41.0,43.0,45.0
b22,b121,71.0,75.0,78.0
b22,b119,68.0,70.0,72.0
b22,b47,53.0,55.0,56.0
b22,b104,52.0,54.0,55.0
b22,b27,45.0,47.0,49.0
b22,b105,56.0,60.0,62.0
b22,b28,39.0,40.0,42.0
b22,b84,71.0,73.0,75.0
b22,b44,62.0,63.0,65.0
b22,b66,53.0,54.0,55.0
b22,b67,57.0,59.0,61.0
b22,b85,74.0,78.0,82.0
b22,b120,56.0,58.0,61.0
b22,b87,79.0,83.0,86.0
b22,b86,70.0,72.0,74.0
b22,b29,45.0,46.0,48.0
b22,b30,39.0,41.0,44.0
b22,b88,53.0,55.0,58.0
b22,b68,66.0,69.0,74.0
b22,b69,89.0,92.0,94.0
b22,b106,67.0,72.0,76.0
b22,b31,52.0,54.0,56.0
b22,b115,84.0,87.0,92.0
b22,b32,39.0,41.0,43.0
b22,b113,60.0,62.0,64.0
b22,b114,67.0,69.0,71.0
b22,b89,75.0,80.0,83.0
b22,b33,50.0,52.0,54.0
b22,b48,62.0,63.0,65.0
b22,b77,67.0,69.0,72.0
b22,b34,50.0,51.0,52.0
b22,b70,98.0,105.0,113.0
b22,b71,43.0,46.0,48.0
b22,b64,68.0,72.0,77.0
b22,b107,54.0,57.0,62.0
b22,b90,93.0,96.0,100.0
b22,b118,75.0,78.0,80.0
b22,b1,46.0,47.0,49.0
b22,b35,31.0,32.0,33.0
b22,b36,42.0,44.0,46.0
b22,b37,53.0,55.0,58.0
b22,b108,65.0,67.0,68.0
b22,b109,48.0,49.0,51.0
b22,b39,66.0,67.0,69.0
b22,b3,53.0,54.0,56.0
b22,p_centro,32.0,33.0,35.0
b22,p_beira_mar,39.0,40.0,43.0
b22,p_aldeota,32.0,33.0,35.0
b22,p_papicu,36.0,38.0,40.0
b22,p_iguatemi,35.0,37.0,39.0
b22,p_unifor,49.0,51.0,53.0
b22,p_centro_eventos,44.0,46.0,48.0
b22,p_parangaba,49.0,53.0,56.0
b22,p_messejana,47.0,48.0,50.0
b22,p_ufc_benfica,33.0,35.0,36.0
b22,p_ufc_pici,57.0,59.0,61.0
b22,p_aeroporto,57.0,63.0,67.0
b23,b91,33.0,35.0,36.0
b23,b92,44.0,47.0,51.0
b23,b2,29.0,31.0,33.0
b23,b93,29.0,32.0,34.0
b23,b4,34.0,37.0,39.0
b23,b50,59.0,62.0,65.0
b23,b40,40.0,42.0,43.0
b23,b122,59.0,63.0,67.0
b23,b41,49.0,51.0,53.0
b23,b6,39.0,42.0,45.0
b23,b51,53.0,55.0,58.0
b23,b94,38.0,40.0,42.0
b23,b7,20.0,21.0,23.0
b23,b95,37.0,39.0,42.0
b23,b8,29.0,31.0,33.0
b23,b72,61.0,65.0,68.0
b23,b73,53.0,55.0,58.0
b23,b110,52.0,54.0,56.0
b23,b52,35.0,37.0,38.0
b23,b53,54.0,57.0,60.0
b23,b74,68.0,72.0,75.0
b23,b9,31.0,33.0,35.0
b23,b10,18.0,19.0,21.0
b23,b111,49.0,51.0,54.0
b23,b54,43.0,45.0,48.0
b23,b55,71.0,75.0,78.0
b23,b11,45.0,46.0,48.0
b23,b42,56.0,58.0,60.0
b23,b75,62.0,63.0,65.0
b23,b76,52.0,56.0,60.0
b23,b117,56.0,58.0,60.0
b23,b96,38.0,39.0,41.0
b23,b12,38.0,41.0,44.0
b23,b56,56.0,58.0,60.0
b23,b13,34.0,36.0,37.0
b23,b116,66.0,69.0,72.0
b23,b97,34.0,36.0,38.0
b23,b98,39.0,42.0,45.0
b23,b14,22.0,25.0,28.0
b23,b43,51.0,52.0,54.0
b23,b57,67.0,71.0,75.0
b23,b38,40.0,43.0,45.0
b23,b58,48.0,51.0,55.0
b23,b15,16.0,18.0,21.0
b23,b17,53.0,56.0,58.0
b23,b16,21.0,22.0,22.0
b23,b78,71.0,74.0,76.0
b23,b79,59.0,64.0,68.0
b23,b59,63.0,65.0,67.0
b23,b60,29.0,32.0,35.0
b23,b45,45.0,47.0,49.0
b23,b99,38.0,40.0,42.0
b23,b100,45.0,46.0,48.0
b23,b18,25.0,27.0,30.0
b23,b61,61.0,63.0,66.0
b23,b19,27.0,28.0,30.0
b23,b80,60.0,63.0,66.0
b23,b62,46.0,49.0,51.0
b23,b20,51.0,53.0,55.0
b23,b21,52.0,54.0,56.0
b23,b22,21.0,24.0,25.0
b23,b23,0.0,0.0,0.0
b23,b49,55.0,58.0,60.0
b23,b46,52.0,54.0,56.0
b23,b101,46.0,48.0,50.0
b23,b63,62.0,65.0,69.0
b23,b81,47.0,51.0,55.0
b23,b112,58.0,61.0,65.0
b23,b82,54.0,56.0,60.0
b23,b24,36.0,38.0,40.0
b23,b65,45.0,46.0,48.0
b23,b83,62.0,65.0,67.0
b23,b25,34.0,36.0,39.0
b23,b103,30.0,32.0,34.0
b23,b5,24.0,26.0,28.0
b23,b26,40.0,42.0,44.0
b23,b121,58.0,61.0,65.0
b23,b119,53.0,55.0,57.0
b23,b47,39.0,40.0,42.0
b23,b104,39.0,40.0,42.0
b23,b27,43.0,45.0,46.0
b23,b105,43.0,47.0,49.0
b23,b28,25.0,26.0,28.0
b23,b84,57.0,59.0,62.0
b23,b44,48.0,50.0,52.0
b23,b66,44.0,45.0,46.0
b23,b67,50.0,52.0,54.0
b23,b85,60.0,64.0,68.0
b23,b120,48.0,51.0,53.0
b23,b87,66.0,70.0,73.0
b23,b86,57.0,60.0,62.0
b23,b29,30.0,32.0,33.0
b23,b30,24.0,26.0,28.0
b23,b88,45.0,47.0,50.0
b23,b68,58.0,61.0,65.0
b23,b69,81.0,83.0,87.0
b23,b106,52.0,58.0,62.0
b23,b31,32.0,36.0,39.0
b23,b115,68.0,72.0,75.0
b23,b32,27.0,29.0,31.0
b23,b113,59.0,61.0,63.0
b23,b114,66.0,68.0,70.0
b23,b89,66.0,69.0,73.0
b23,b33,37.0,39.0,40.0
b23,b48,46.0,48.0,50.0
b23,b77,52.0,54.0,57.0
b23,b34,37.0,38.0,39.0
b23,b70,91.0,97.0,106.0
b23,b71,39.0,41.0,45.0
b23,b64,58.0,64.0,71.0
b23,b107,45.0,48.0,51.0
b23,b90,80.0,83.0,88.0
b23,b118,67.0,69.0,72.0
b23,b1,32.0,33.0,35.0
b23,b35,34.0,37.0,40.0
b23,b36,41.0,44.0,45.0
b23,b37,50.0,52.0,56.0
b23,b108,51.0,54.0,56.0
b23,b109,36.0,37.0,39.0
b23,b39,50.0,52.0,54.0
b23,b3,35.0,38.0,40.0
b23,p_centro,18.0,20.0,22.0
b23,p_beira_mar,39.0,41.0,43.0
b23,p_aldeota,31.0,33.0,35.0
b23,p_papicu,34.0,37.0,40.0
b23,p_iguatemi,31.0,34.0,37.0
b23,p_unifor,45.0,48.0,51.0
b23,p_centro_eventos,40.0,43.0,46.0
b23,p_parangaba,36.0,39.0,43.0
b23,p_messejana,38.0,39.0,40.0
b23,p_ufc_benfica,24.0,25.0,26.0
b23,p_ufc_pici,42.0,44.0,46.0
b23,p_aeroporto,46.0,49.0,53.0
b49,b91,52.0,55.0,58.0
b49,b92,83.0,90.0,95.0
b49,b2,55.0,57.0,59.0
b49,b93,57.0,59.0,62.0
b49,b4,77.0,80.0,83.0
b49,b50,54.0,57.0,60.0
b49,b40,88.0,91.0,93.0
b49,b122,77.0,83.0,87.0
b49,b41,91.0,94.0,97.0
b49,b6,92.0,94.0,96.0
b49,b51,48.0,50.0,52.0
b49,b94,83.0,86.0,89.0
b49,b7,59.0,62.0,65.0
b49,b95,62.0,64.0,66.0
b49,b8,76.0,79.0,82.0
b49,b72,75.0,83.0,88.0
b49,b73,72.0,76.0,80.0
b49,b110,69.0,72.0,74.0
b49,b52,38.0,41.0,43.0
b49,b53,30.0,32.0,34.0
b49,b74,84.0,91.0,94.0
b49,b9,82.0,85.0,88.0
b49,b10,68.0,70.0,72.0
b49,b111,53.0,56.0,58.0
b49,b54,39.0,41.0,43.0
b49,b55,55.0,58.0,61.0
b49,b11,39.0,42.0,45.0
b49,b42,95.0,99.0,102.0
b49,b75,95.0,99.0,103.0
b49,b76,75.0,81.0,85.0
b49,b117,45.0,47.0,49.0
b49,b96,81.0,84.0,87.0
b49,b12,91.0,93.0,95.0
b49,b56,11.0,14.0,16.0
b49,b13,77.0,80.0,83.0
b49,b116,73.0,76.0,80.0
b49,b97,78.0,80.0,83.0
b49,b98,70.0,73.0,76.0
b49,b14,53.0,55.0,57.0
b49,b43,91.0,94.0,97.0
b49,b57,61.0,65.0,68.0
b49,b38,87.0,89.0,92.0
b49,b58,46.0,49.0,52.0
b49,b15,65.0,67.0,70.0
b49,b17,100.0,103.0,106.0
b49,b16,55.0,58.0,61.0
b49,b78,85.0,92.0,96.0
b49,b79,79.0,85.0,90.0
b49,b59,26.0,29.0,31.0
b49,b60,41.0,43.0,44.0
b49,b45,78.0,82.0,85.0
b49,b99,76.0,78.0,80.0
b49,b100,62.0,64.0,66.0
b49,b18,77.0,80.0,83.0
b49,b61,53.0,55.0,57.0
b49,b19,72.0,75.0,78.0
b49,b80,71.0,76.0,81.0
b49,b62,51.0,54.0,57.0
b49,b20,99.0,102.0,105.0
b49,b21,101.0,103.0,105.0
b49,b22,62.0,64.0,66.0
b49,b23,63.0,65.0,67.0
b49,b49,0.0,0.0,0.0
b49,b46,78.0,82.0,85.0
b49,b101,81.0,84.0,87.0
b49,b63,21.0,24.0,27.0
b49,b81,65.0,70.0,74.0
b49,b112,63.0,66.0,68.0
b49,b82,66.0,71.0,75.0
b49,b24,61.0,63.0,65.0
b49,b65,32.0,34.0,36.0
b49,b83,54.0,58.0,61.0
b49,b25,87.0,90.0,93.0
b49,b103,76.0,79.0,81.0
b49,b5,72.0,75.0,77.0
b49,b26,60.0,63.0,66.0
b49,b121,68.0,72.0,76.0
b49,b119,101.0,103.0,106.0
b49,b47,86.0,88.0,90.0
b49,b104,82.0,85.0,88.0
b49,b27,48.0,51.0,54.0
b49,b105,73.0,76.0,79.0
b49,b28,70.0,73.0,75.0
b49,b84,71.0,74.0,77.0
b49,b44,90.0,94.0,97.0
b49,b66,45.0,49.0,52.0
b49,b67,34.0,37.0,39.0
b49,b85,90.0,95.0,100.0
b49,b120,43.0,45.0,49.0
b49,b87,84.0,90.0,93.0
b49,b86,66.0,71.0,75.0
b49,b29,74.0,77.0,80.0
b49,b30,69.0,72.0,76.0
b49,b88,59.0,63.0,65.0
b49,b68,51.0,54.0,57.0
b49,b69,76.0,79.0,82.0
b49,b106,97.0,104.0,109.0
b49,b31,86.0,89.0,91.0
b49,b115,73.0,77.0,80.0
b49,b32,72.0,74.0,76.0
b49,b113,69.0,71.0,74.0
b49,b114,65.0,72.0,77.0
b49,b89,65.0,69.0,74.0
b49,b33,78.0,81.0,84.0
b49,b48,94.0,96.0,99.0
b49,b77,71.0,74.0,77.0
b49,b34,80.0,83.0,86.0
b49,b70,51.0,59.0,65.0
b49,b71,46.0,49.0,53.0
b49,b64,32.0,38.0,43.0
b49,b107,64.0,66.0,69.0
b49,b90,91.0,100.0,106.0
b49,b118,47.0,50.0,53.0
b49,b1,77.0,80.0,82.0
b49,b35,57.0,60.0,63.0
b49,b36,53.0,55.0,57.0
b49,b37,60.0,62.0,65.0
b49,b108,70.0,76.0,80.0
b49,b109,78.0,81.0,85.0
b49,b39,98.0,100.0,103.0
b49,b3,86.0,89.0,92.0
b49,p_centro,68.0,70.0,72.0
b49,p_beira_mar,67.0,69.0,72.0
b49,p_aldeota,56.0,57.0,59.0
b49,p_papicu,46.0,48.0,49.0
b49,p_iguatemi,36.0,38.0,40.0
b49,p_unifor,36.0,39.0,40.0
b49,p_centro_eventos,33.0,35.0,37.0
b49,p_parangaba,67.0,70.0,72.0
b49,p_messejana,31.0,32.0,34.0
b49,p_ufc_benfica,62.0,65.0,68.0
b49,p_ufc_pici,90.0,92.0,95.0
b49,p_aeroporto,85.0,92.0,97.0
b46,b91,72.0,75.0,77.0
b46,b92,62.0,65.0,70.0
b46,b2,68.0,70.0,71.0
b46,b93,66.0,69.0,72.0
b46,b4,42.0,46.0,48.0
b46,b50,94.0,97.0,101.0
b46,b40,31.0,32.0,34.0
b46,b122,53.0,57.0,61.0
b46,b41,25.0,26.0,28.0
b46,b6,49.0,52.0,55.0
b46,b51,69.0,72.0,76.0
b46,b94,40.0,41.0,43.0
b46,b7,42.0,44.0,45.0
b46,b95,69.0,72.0,75.0
b46,b8,48.0,50.0,52.0
b46,b72,35.0,38.0,42.0
b46,b73,18.0,19.0,19.0
b46,b110,84.0,87.0,90.0
b46,b52,65.0,68.0,71.0
b46,b53,93.0,96.0,100.0
b46,b74,46.0,48.0,52.0
b46,b9,59.0,61.0,63.0
b46,b10,58.0,60.0,61.0
b46,b111,84.0,87.0,89.0
b46,b54,79.0,82.0,85.0
b46,b55,93.0,99.0,105.0
b46,b11,79.0,81.0,83.0
b46,b42,27.0,29.0,31.0
b46,b75,30.0,32.0,34.0
b46,b76,41.0,45.0,48.0
b46,b117,68.0,71.0,76.0
b46,b96,32.0,34.0,35.0
b46,b12,60.0,62.0,64.0
b46,b56,80.0,85.0,89.0
b46,b13,42.0,43.0,45.0
b46,b116,100.0,103.0,106.0
b46,b97,27.0,29.0,30.0
b46,b98,68.0,70.0,73.0
b46,b14,68.0,70.0,72.0
b46,b43,25.0,26.0,28.0
b46,b57,114.0,118.0,125.0
b46,b38,54.0,55.0,57.0
b46,b58,91.0,93.0,96.0
b46,b15,43.0,45.0,46.0
b46,b17,47.0,51.0,54.0
b46,b16,50.0,51.0,53.0
b46,b78,42.0,44.0,46.0
b46,b79,33.0,36.0,39.0
b46,b59,84.0,88.0,92.0
b46,b60,74.0,76.0,79.0
b46,b45,10.0,11.0,13.0
b46,b99,40.0,42.0,44.0
b46,b100,46.0,49.0,51.0
b46,b18,57.0,59.0,60.0
b46,b61,76.0,79.0,83.0
b46,b19,50.0,51.0,53.0
b46,b80,52.0,54.0,56.0
b46,b62,89.0,92.0,94.0
b46,b20,37.0,39.0,42.0
b46,b21,42.0,44.0,46.0
b46,b22,64.0,67.0,69.0
b46,b23,54.0,55.0,57.0
b46,b49,89.0,93.0,97.0
b46,b46,0.0,0.0,0.0
b46,b101,24.0,25.0,27.0
b46,b63,88.0,93.0,97.0
b46,b81,35.0,38.0,41.0
b46,b112,94.0,97.0,100.0
b46,b82,43.0,46.0,48.0
b46,b24,70.0,72.0,75.0
b46,b65,74.0,78.0,83.0
b46,b83,38.0,42.0,45.0
b46,b25,57.0,60.0,64.0
b46,b103,42.0,45.0,47.0
b46,b5,48.0,52.0,54.0
b46,b26,72.0,75.0,78.0
b46,b121,34.0,37.0,40.0
b46,b119,41.0,43.0,45.0
b46,b47,33.0,34.0,36.0
b46,b104,34.0,36.0,37.0
b46,b27,77.0,78.0,80.0
b46,b105,39.0,41.0,44.0
b46,b28,46.0,48.0,49.0
b46,b84,60.0,63.0,65.0
b46,b44,24.0,26.0,28.0
b46,b66,87.0,89.0,91.0
b46,b67,86.0,88.0,92.0
b46,b85,52.0,56.0,61.0
b46,b120,83.0,86.0,90.0
b46,b87,47.0,50.0,54.0
b46,b86,28.0,31.0,34.0
b46,b29,42.0,43.0,45.0
b46,b30,54.0,55.0,57.0
b46,b88,63.0,65.0,68.0
b46,b68,92.0,97.0,101.0
b46,b69,107.0,111.0,114.0
b46,b106,35.0,40.0,43.0
b46,b31,62.0,64.0,66.0
b46,b115,61.0,65.0,70.0
b46,b32,64.0,66.0,68.0
b46,b113,91.0,94.0,97.0
b46,b114,98.0,101.0,104.0
b46,b89,60.0,63.0,67.0
b46,b33,43.0,45.0,46.0
b46,b48,43.0,44.0,46.0
b46,b77,55.0,58.0,61.0
b46,b34,43.0,44.0,46.0
b46,b70,120.0,129.0,138.0
b46,b71,81.0,84.0,87.0
b46,b64,101.0,108.0,114.0
b46,b107,52.0,54.0,57.0
b46,b90,54.0,59.0,65.0
b46,b118,93.0,99.0,104.0
b46,b1,48.0,49.0,51.0
b46,b35,69.0,71.0,73.0
b46,b36,79.0,81.0,83.0
b46,b37,93.0,96.0,98.0
b46,b108,32.0,35.0,37.0
b46,b109,54.0,58.0,64.0
b46,b39,46.0,48.0,50.0
b46,b3,52.0,54.0,57.0
b46,p_centro,56.0,57.0,59.0
b46,p_beira_mar,73.0,76.0,78.0
b46,p_aldeota,71.0,73.0,75.0
b46,p_papicu,77.0,79.0,81.0
b46,p_iguatemi,75.0,77.0,79.0
b46,p_unifor,89.0,91.0,93.0
b46,p_centro_eventos,84.0,86.0,88.0
b46,p_parangaba,31.0,33.0,35.0
b46,p_messejana,65.0,68.0,71.0
b46,p_ufc_benfica,43.0,45.0,46.0
b46,p_ufc_pici,42.0,43.0,46.0
b46,p_aeroporto,64.0,67.0,72.0
b101,b91,59.0,62.0,65.0
b101,b92,51.0,53.0,56.0
b101,b2,63.0,65.0,67.0
b101,b93,59.0,62.0,65.0
b101,b4,32.0,38.0,43.0
b101,b50,94.0,97.0,99.0
b101,b40,35.0,36.0,38.0
b101,b122,52.0,55.0,58.0
b101,b41,25.0,26.0,28.0
b101,b6,54.0,55.0,58.0
b101,b51,73.0,75.0,77.0
b101,b94,34.0,35.0,36.0
b101,b7,37.0,38.0,40.0
b101,b95,59.0,61.0,63.0
b101,b8,41.0,42.0,44.0
b101,b72,35.0,38.0,42.0
b101,b73,27.0,28.0,29.0
b101,b110,80.0,82.0,85.0
b101,b52,52.0,55.0,58.0
b101,b53,83.0,86.0,90.0
b101,b74,46.0,48.0,50.0
b101,b9,56.0,58.0,60.0
b101,b10,53.0,55.0,56.0
b101,b111,80.0,82.0,84.0
b101,b54,67.0,70.0,72.0
b101,b55,100.0,103.0,108.0
b101,b11,75.0,76.0,78.0
b101,b42,33.0,34.0,35.0
b101,b75,36.0,37.0,39.0
b101,b76,46.0,48.0,50.0
b101,b117,71.0,74.0,76.0
b101,b96,27.0,28.0,29.0
b101,b12,63.0,65.0,66.0
b101,b56,85.0,87.0,90.0
b101,b13,36.0,37.0,38.0
b101,b116,95.0,98.0,101.0
b101,b97,21.0,22.0,24.0
b101,b98,55.0,57.0,59.0
b101,b14,63.0,65.0,67.0
b101,b43,27.0,28.0,29.0
b101,b57,107.0,111.0,118.0
b101,b38,57.0,58.0,60.0
b101,b58,80.0,83.0,86.0
b101,b15,46.0,47.0,48.0
b101,b17,52.0,55.0,59.0
b101,b16,45.0,46.0,48.0
b101,b78,45.0,47.0,49.0
b101,b79,33.0,36.0,39.0
b101,b59,89.0,92.0,95.0
b101,b60,69.0,71.0,73.0
b101,b45,19.0,20.0,21.0
b101,b99,29.0,30.0,32.0
b101,b100,34.0,36.0,38.0
b101,b18,51.0,53.0,55.0
b101,b61,78.0,81.0,84.0
b101,b19,44.0,45.0,46.0
b101,b80,41.0,43.0,45.0
b101,b62,77.0,80.0,83.0
b101,b20,41.0,43.0,45.0
b101,b21,46.0,48.0,50.0
b101,b22,60.0,62.0,64.0
b101,b23,49.0,50.0,52.0
b101,b49,85.0,88.0,91.0
b101,b46,24.0,25.0,27.0
b101,b101,0.0,0.0,0.0
b101,b63,93.0,96.0,101.0
b101,b81,39.0,41.0,43.0
b101,b112,89.0,92.0,95.0
b101,b82,33.0,35.0,37.0
b101,b24,65.0,68.0,70.0
b101,b65,79.0,81.0,83.0
b101,b83,44.0,46.0,47.0
b101,b25,59.0,62.0,64.0
b101,b103,34.0,35.0,37.0
b101,b5,43.0,48.0,51.0
b101,b26,68.0,71.0,73.0
b101,b121,40.0,42.0,44.0
b101,b119,45.0,46.0,48.0
b101,b47,39.0,40.0,42.0
b101,b104,25.0,28.0,29.0
b101,b27,72.0,74.0,76.0
b101,b105,28.0,30.0,31.0
b101,b28,49.0,51.0,52.0
b101,b84,49.0,51.0,53.0
b101,b44,25.0,26.0,28.0
b101,b66,79.0,81.0,84.0
b101,b67,73.0,76.0,79.0
b101,b85,55.0,58.0,61.0
b101,b120,83.0,86.0,89.0
b101,b87,50.0,53.0,56.0
b101,b86,33.0,34.0,36.0
b101,b29,47.0,49.0,51.0
b101,b30,45.0,46.0,47.0
b101,b88,54.0,57.0,59.0
b101,b68,94.0,98.0,102.0
b101,b69,115.0,118.0,121.0
b101,b106,33.0,37.0,40.0
b101,b31,59.0,61.0,64.0
b101,b115,61.0,64.0,68.0
b101,b32,59.0,61.0,64.0
b101,b113,87.0,89.0,92.0
b101,b114,94.0,96.0,99.0
b101,b89,61.0,63.0,66.0
b101,b33,47.0,49.0,50.0
b101,b48,46.0,48.0,50.0
b101,b77,44.0,46.0,48.0
b101,b34,38.0,39.0,40.0
b101,b70,130.0,138.0,146.0
b101,b71,70.0,73.0,77.0
b101,b64,86.0,93.0,100.0
b101,b107,40.0,43.0,45.0
b101,b90,54.0,57.0,61.0
b101,b118,97.0,102.0,105.0
b101,b1,54.0,56.0,57.0
b101,b35,63.0,65.0,68.0
b101,b36,74.0,76.0,78.0
b101,b37,87.0,90.0,93.0
b101,b108,27.0,29.0,31.0
b101,b109,42.0,45.0,49.0
b101,b39,50.0,52.0,53.0
b101,b3,55.0,57.0,60.0
b101,p_centro,50.0,52.0,54.0
b101,p_beira_mar,69.0,71.0,74.0
b101,p_aldeota,66.0,68.0,70.0
b101,p_papicu,72.0,74.0,76.0
b101,p_iguatemi,70.0,71.0,73.0
b101,p_unifor,81.0,83.0,85.0
b101,p_centro_eventos,79.0,81.0,83.0
b101,p_parangaba,19.0,21.0,23.0
b101,p_messejana,68.0,70.0,72.0
b101,p_ufc_benfica,38.0,39.0,41.0
b101,p_ufc_pici,49.0,51.0,53.0
b101,p_aeroporto,53.0,55.0,58.0
b63,b91,54.0,57.0,60.0
b63,b92,90.0,96.0,104.0
b63,b2,65.0,67.0,69.0
b63,b93,62.0,65.0,68.0
b63,b4,87.0,89.0,92.0
b63,b50,51.0,54.0,57.0
b63,b40,96.0,99.0,102.0
b63,b122,79.0,84.0,89.0
b63,b41,100.0,104.0,108.0
b63,b6,101.0,103.0,106.0
b63,b51,45.0,48.0,51.0
b63,b94,92.0,94.0,98.0
b63,b7,69.0,71.0,74.0
b63,b95,67.0,70.0,72.0
b63,b8,84.0,86.0,89.0
b63,b72,79.0,84.0,90.0
b63,b73,71.0,76.0,80.0
b63,b110,79.0,82.0,85.0
b63,b52,49.0,51.0,54.0
b63,b53,37.0,39.0,41.0
b63,b74,86.0,91.0,95.0
b63,b9,91.0,95.0,98.0
b63,b10,74.0,77.0,79.0
b63,b111,64.0,67.0,69.0
b63,b54,49.0,52.0,55.0
b63,b55,50.0,55.0,58.0
b63,b11,50.0,52.0,55.0
b63,b42,102.0,107.0,111.0
b63,b75,98.0,102.0,108.0
b63,b76,77.0,83.0,88.0
b63,b117,42.0,45.0,48.0
b63,b96,89.0,92.0,95.0
b63,b12,100.0,103.0,105.0
b63,b56,13.0,15.0,16.0
b63,b13,85.0,88.0,92.0
b63,b116,83.0,86.0,89.0
b63,b97,85.0,88.0,91.0
b63,b98,76.0,79.0,83.0
b63,b14,63.0,65.0,68.0
b63,b43,93.0,97.0,102.0
b63,b57,71.0,74.0,78.0
b63,b38,97.0,100.0,102.0
b63,b58,55.0,58.0,61.0
b63,b15,75.0,77.0,80.0
b63,b17,110.0,113.0,117.0
b63,b16,64.0,66.0,68.0
b63,b78,89.0,94.0,98.0
b63,b79,81.0,86.0,91.0
b63,b59,22.0,23.0,25.0
b63,b60,50.0,52.0,54.0
b63,b45,77.0,82.0,86.0
b63,b99,83.0,86.0,90.0
b63,b100,69.0,72.0,75.0
b63,b18,85.0,88.0,92.0
b63,b61,51.0,54.0,56.0
b63,b19,80.0,83.0,86.0
b63,b80,76.0,80.0,84.0
b63,b62,59.0,61.0,64.0
b63,b20,108.0,111.0,114.0
b63,b21,110.0,112.0,115.0
b63,b22,72.0,74.0,76.0
b63,b23,69.0,72.0,74.0
b63,b49,20.0,23.0,26.0
b63,b46,77.0,82.0,86.0
b63,b101,87.0,91.0,95.0
b63,b63,0.0,0.0,0.0
b63,b81,66.0,70.0,75.0
b63,b112,73.0,77.0,80.0
b63,b82,68.0,72.0,78.0
b63,b24,71.0,74.0,76.0
b63,b65,28.0,30.0,33.0
b63,b83,54.0,58.0,62.0
b63,b25,95.0,99.0,102.0
b63,b103,84.0,86.0,89.0
b63,b5,81.0,84.0,87.0
b63,b26,70.0,73.0,76.0
b63,b121,68.0,72.0,77.0
b63,b119,110.0,113.0,116.0
b63,b47,95.0,97.0,100.0
b63,b104,91.0,94.0,97.0
b63,b27,59.0,62.0,65.0
b63,b105,79.0,82.0,86.0
b63,b28,79.0,82.0,85.0
b63,b84,73.0,76.0,79.0
b63,b44,99.0,103.0,107.0
b63,b66,46.0,51.0,54.0
b63,b67,44.0,46.0,49.0
b63,b85,91.0,96.0,102.0
b63,b120,39.0,43.0,46.0
b63,b87,85.0,90.0,95.0
b63,b86,66.0,70.0,76.0
b63,b29,83.0,86.0,88.0
b63,b30,78.0,82.0,85.0
b63,b88,60.0,63.0,66.0
b63,b68,48.0,53.0,56.0
b63,b69,71.0,75.0,80.0
b63,b106,108.0,114.0,118.0
b63,b31,94.0,97.0,100.0
b63,b115,72.0,77.0,81.0
b63,b32,80.0,82.0,85.0
b63,b113,75.0,79.0,82.0
b63,b114,66.0,73.0,81.0
b63,b89,64.0,69.0,75.0
b63,b33,88.0,91.0,94.0
b63,b48,104.0,106.0,109.0
b63,b77,73.0,75.0,79.0
b63,b34,90.0,92.0,95.0
b63,b70,41.0,49.0,59.0
b63,b71,55.0,59.0,63.0
b63,b64,44.0,50.0,56.0
b63,b107,74.0,77.0,80.0
b63,b90,95.0,101.0,105.0
b63,b118,43.0,46.0,50.0
b63,b1,87.0,90.0,92.0
b63,b35,67.0,70.0,73.0
b63,b36,63.0,65.0,67.0
b63,b37,70.0,72.0,75.0
b63,b108,71.0,75.0,81.0
b63,b109,84.0,88.0,92.0
b63,b39,108.0,110.0,113.0
b63,b3,95.0,97.0,100.0
b63,p_centro,75.0,77.0,80.0
b63,p_beira_mar,76.0,79.0,81.0
b63,p_aldeota,65.0,67.0,70.0
b63,p_papicu,56.0,57.0,59.0
b63,p_iguatemi,46.0,48.0,50.0
b63,p_unifor,46.0,48.0,50.0
b63,p_centro_eventos,43.0,45.0,47.0
b63,p_parangaba,75.0,77.0,80.0
b63,p_messejana,27.0,30.0,33.0
b63,p_ufc_benfica,72.0,75.0,77.0
b63,p_ufc_pici,99.0,102.0,105.0
b63,p_aeroporto,92.0,98.0,106.0
b81,b91,65.0,67.0,69.0
b81,b92,57.0,61.0,66.0
b81,b2,64.0,68.0,73.0
b81,b93,64.0,68.0,72.0
b81,b4,45.0,49.0,53.0
b81,b50,86.0,89.0,91.0
b81,b40,48.0,51.0,54.0
b81,b122,41.0,44.0,48.0
b81,b41,43.0,46.0,49.0
b81,b6,62.0,65.0,68.0
b81,b51,61.0,62.0,65.0
b81,b94,39.0,43.0,48.0
b81,b7,39.0,43.0,47.0
b81,b95,60.0,63.0,65.0
b81,b8,45.0,48.0,50.0
b81,b72,28.0,31.0,34.0
b81,b73,22.0,25.0,27.0
b81,b110,75.0,79.0,83.0
b81,b52,63.0,66.0,69.0
b81,b53,86.0,88.0,90.0
b81,b74,34.0,35.0,38.0
b81,b9,55.0,59.0,63.0
b81,b10,51.0,55.0,59.0
b81,b111,80.0,84.0,88.0
b81,b54,77.0,80.0,84.0
b81,b55,85.0,89.0,93.0
b81,b11,75.0,80.0,84.0
b81,b42,45.0,48.0,52.0
b81,b75,48.0,51.0,52.0
b81,b76,26.0,29.0,32.0
b81,b117,60.0,62.0,64.0
b81,b96,35.0,39.0,43.0
b81,b12,62.0,66.0,70.0
b81,b56,73.0,75.0,77.0
b81,b13,37.0,40.0,43.0
b81,b116,94.0,97.0,102.0
b81,b97,36.0,39.0,42.0
b81,b98,62.0,64.0,67.0
b81,b14,66.0,69.0,73.0
b81,b43,43.0,46.0,49.0
b81,b57,111.0,115.0,120.0
b81,b38,64.0,67.0,72.0
b81,b58,85.0,89.0,93.0
b81,b15,46.0,49.0,54.0
b81,b17,65.0,69.0,72.0
b81,b16,46.0,50.0,54.0
b81,b78,39.0,41.0,43.0
b81,b79,35.0,37.0,39.0
b81,b59,76.0,78.0,80.0
b81,b60,71.0,75.0,79.0
b81,b45,28.0,31.0,34.0
b81,b99,36.0,38.0,40.0
b81,b100,42.0,43.0,45.0
b81,b18,50.0,54.0,58.0
b81,b61,68.0,70.0,72.0
b81,b19,48.0,51.0,53.0
b81,b80,43.0,45.0,47.0
b81,b62,87.0,89.0,92.0
b81,b20,54.0,57.0,61.0
b81,b21,58.0,62.0,66.0
b81,b22,61.0,65.0,69.0
b81,b23,51.0,54.0,59.0
b81,b49,81.0,84.0,86.0
b81,b46,28.0,30.0,33.0
b81,b101,39.0,41.0,43.0
b81,b63,78.0,84.0,89.0
b81,b81,0.0,0.0,0.0
b81,b112,91.0,95.0,99.0
b81,b82,33.0,35.0,37.0
b81,b24,61.0,65.0,69.0
b81,b65,67.0,69.0,72.0
b81,b83,31.0,32.0,34.0
b81,b25,61.0,64.0,69.0
b81,b103,41.0,43.0,46.0
b81,b5,38.0,42.0,46.0
b81,b26,63.0,67.0,71.0
b81,b121,21.0,24.0,27.0
b81,b119,57.0,61.0,65.0
b81,b47,51.0,54.0,57.0
b81,b104,40.0,44.0,48.0
b81,b27,73.0,77.0,82.0
b81,b105,32.0,34.0,36.0
b81,b28,46.0,50.0,55.0
b81,b84,55.0,57.0,58.0
b81,b44,43.0,46.0,49.0
b81,b66,81.0,83.0,85.0
b81,b67,84.0,87.0,90.0
b81,b85,35.0,40.0,42.0
b81,b120,75.0,78.0,80.0
b81,b87,33.0,35.0,38.0
b81,b86,19.0,21.0,21.0
b81,b29,49.0,53.0,58.0
b81,b30,49.0,52.0,55.0
b81,b88,54.0,57.0,59.0
b81,b68,80.0,85.0,89.0
b81,b69,100.0,103.0,106.0
b81,b106,52.0,55.0,59.0
b81,b31,56.0,61.0,65.0
b81,b115,53.0,56.0,61.0
b81,b32,57.0,61.0,65.0
b81,b113,82.0,86.0,90.0
b81,b114,89.0,93.0,97.0
b81,b89,52.0,54.0,56.0
b81,b33,55.0,58.0,62.0
b81,b48,61.0,63.0,67.0
b81,b77,53.0,54.0,56.0
b81,b34,43.0,47.0,51.0
b81,b70,109.0,116.0,128.0
b81,b71,76.0,79.0,84.0
b81,b64,97.0,102.0,111.0
b81,b107,48.0,49.0,51.0
b81,b90,47.0,50.0,52.0
b81,b118,85.0,88.0,91.0
b81,b1,58.0,61.0,66.0
b81,b35,64.0,68.0,73.0
b81,b36,74.0,77.0,82.0
b81,b37,83.0,86.0,91.0
b81,b108,17.0,17.0,17.0
b81,b109,50.0,53.0,59.0
b81,b39,63.0,67.0,71.0
b81,b3,61.0,65.0,69.0
b81,p_centro,46.0,50.0,54.0
b81,p_beira_mar,64.0,68.0,72.0
b81,p_aldeota,66.0,70.0,75.0
b81,p_papicu,73.0,76.0,81.0
b81,p_iguatemi,72.0,75.0,79.0
b81,p_unifor,84.0,87.0,90.0
b81,p_centro_eventos,81.0,84.0,88.0
b81,p_parangaba,26.0,28.0,31.0
b81,p_messejana,55.0,57.0,59.0
b81,p_ufc_benfica,40.0,44.0,48.0
b81,p_ufc_pici,60.0,63.0,66.0
b81,p_aeroporto,59.0,63.0,68.0
b112,b91,54.0,58.0,61.0
b112,b92,84.0,91.0,99.0
b112,b2,47.0,50.0,53.0
b112,b93,60.0,63.0,66.0
b112,b4,82.0,86.0,89.0
b112,b50,96.0,100.0,104.0
b112,b40,87.0,90.0,93.0
b112,b122,104.0,109.0,112.0
b112,b41,96.0,99.0,102.0
b112,b6,79.0,81.0,84.0
b112,b51,87.0,90.0,93.0
b112,b94,86.0,89.0,92.0
b112,b7,63.0,67.0,70.0
b112,b95,69.0,72.0,75.0
b112,b8,83.0,86.0,89.0
b112,b72,103.0,110.0,119.0
b112,b73,96.0,100.0,105.0
b112,b110,50.0,53.0,57.0
b112,b52,71.0,74.0,79.0
b112,b53,64.0,67.0,70.0
b112,b74,113.0,120.0,129.0
b112,b9,75.0,79.0,82.0
b112,b10,60.0,64.0,66.0
b112,b111,15.0,16.0,16.0
b112,b54,70.0,73.0,76.0
b112,b55,96.0,101.0,106.0
b112,b11,27.0,29.0,32.0
b112,b42,103.0,106.0,109.0
b112,b75,106.0,110.0,114.0
b112,b76,98.0,102.0,106.0
b112,b117,84.0,86.0,89.0
b112,b96,83.0,87.0,90.0
b112,b12,78.0,81.0,83.0
b112,b56,68.0,71.0,75.0
b112,b13,79.0,82.0,86.0
b112,b116,36.0,39.0,42.0
b112,b97,81.0,84.0,87.0
b112,b98,73.0,76.0,81.0
b112,b14,49.0,52.0,55.0
b112,b43,96.0,99.0,102.0
b112,b57,78.0,82.0,86.0
b112,b38,86.0,90.0,93.0
b112,b58,60.0,63.0,67.0
b112,b15,64.0,67.0,69.0
b112,b17,99.0,104.0,110.0
b112,b16,60.0,63.0,66.0
b112,b78,113.0,121.0,127.0
b112,b79,101.0,108.0,117.0
b112,b59,76.0,79.0,82.0
b112,b60,44.0,47.0,50.0
b112,b45,91.0,94.0,97.0
b112,b99,80.0,83.0,87.0
b112,b100,75.0,88.0,95.0
b112,b18,69.0,72.0,75.0
b112,b61,92.0,95.0,98.0
b112,b19,77.0,80.0,84.0
b112,b80,92.0,99.0,107.0
b112,b62,59.0,63.0,67.0
b112,b20,96.0,99.0,102.0
b112,b21,95.0,98.0,101.0
b112,b22,63.0,66.0,68.0
b112,b23,62.0,64.0,66.0
b112,b49,66.0,69.0,72.0
b112,b46,98.0,101.0,104.0
b112,b101,92.0,96.0,98.0
b112,b63,78.0,81.0,85.0
b112,b81,92.0,96.0,100.0
b112,b112,0.0,0.0,0.0
b112,b82,89.0,94.0,99.0
b112,b24,42.0,45.0,48.0
b112,b65,74.0,77.0,80.0
b112,b83,96.0,99.0,103.0
b112,b25,81.0,85.0,88.0
b112,b103,83.0,86.0,88.0
b112,b5,60.0,63.0,66.0
b112,b26,49.0,51.0,54.0
b112,b121,99.0,103.0,107.0
b112,b119,98.0,100.0,103.0
b112,b47,84.0,86.0,89.0
b112,b104,85.0,88.0,92.0
b112,b27,28.0,31.0,34.0
b112,b105,83.0,86.0,90.0
b112,b28,70.0,72.0,75.0
b112,b84,95.0,102.0,109.0
b112,b44,95.0,98.0,101.0
b112,b66,81.0,85.0,89.0
b112,b67,62.0,65.0,68.0
b112,b85,105.0,110.0,114.0
b112,b120,85.0,89.0,92.0
b112,b87,111.0,115.0,120.0
b112,b86,96.0,101.0,107.0
b112,b29,76.0,78.0,81.0
b112,b30,79.0,82.0,86.0
b112,b88,75.0,79.0,82.0
b112,b68,96.0,100.0,105.0
b112,b69,121.0,125.0,129.0
b112,b106,101.0,107.0,114.0
b112,b31,72.0,75.0,77.0
b112,b115,105.0,112.0,119.0
b112,b32,59.0,61.0,64.0
b112,b113,39.0,42.0,45.0
b112,b114,47.0,49.0,53.0
b112,b89,99.0,103.0,107.0
b112,b33,83.0,86.0,89.0
b112,b48,93.0,97.0,100.0
b112,b77,89.0,97.0,105.0
b112,b34,83.0,86.0,89.0
b112,b70,104.0,116.0,130.0
b112,b71,52.0,55.0,59.0
b112,b64,76.0,80.0,86.0
b112,b107,74.0,87.0,94.0
b112,b90,120.0,133.0,146.0
b112,b118,90.0,94.0,98.0
b112,b1,77.0,79.0,82.0
b112,b35,61.0,64.0,67.0
b112,b36,36.0,39.0,42.0
b112,b37,43.0,48.0,52.0
b112,b108,90.0,94.0,100.0
b112,b109,79.0,85.0,89.0
b112,b39,97.0,101.0,104.0
b112,b3,81.0,84.0,87.0
b112,p_centro,62.0,65.0,68.0
b112,p_beira_mar,54.0,56.0,59.0
b112,p_aldeota,48.0,51.0,53.0
b112,p_papicu,31.0,34.0,37.0
b112,p_iguatemi,42.0,44.0,47.0
b112,p_unifor,55.0,57.0,60.0
b112,p_centro_eventos,49.0,51.0,54.0
b112,p_parangaba,75.0,79.0,82.0
b112,p_messejana,73.0,76.0,79.0
b112,p_ufc_benfica,67.0,70.0,72.0
b112,p_ufc_pici,89.0,92.0,94.0
b112,p_aeroporto,86.0,93.0,101.0
b82,b91,51.0,53.0,56.0
b82,b92,50.0,53.0,56.0
b82,b2,66.0,68.0,71.0
b82,b93,59.0,61.0,64.0
b82,b4,47.0,50.0,53.0
b82,b50,83.0,85.0,88.0
b82,b40,51.0,55.0,58.0
b82,b122,29.0,32.0,35.0
b82,b41,44.0,46.0,49.0
b82,b6,68.0,71.0,74.0
b82,b51,55.0,57.0,59.0
b82,b94,46.0,49.0,52.0
b82,b7,44.0,45.0,47.0
b82,b95,54.0,55.0,58.0
b82,b8,37.0,39.0,41.0
b82,b72,38.0,40.0,43.0
b82,b73,36.0,38.0,40.0
b82,b110,82.0,86.0,90.0
b82,b52,49.0,52.0,54.0
b82,b53,77.0,80.0,82.0
b82,b74,48.0,51.0,53.0
b82,b9,63.0,66.0,69.0
b82,b10,59.0,62.0,64.0
b82,b111,85.0,88.0,92.0
b82,b54,63.0,66.0,69.0
b82,b55,80.0,84.0,88.0
b82,b11,80.0,82.0,84.0
b82,b42,53.0,55.0,57.0
b82,b75,49.0,54.0,57.0
b82,b76,40.0,43.0,47.0
b82,b117,55.0,57.0,59.0
b82,b96,36.0,37.0,39.0
b82,b12,69.0,73.0,77.0
b82,b56,68.0,69.0,72.0
b82,b13,34.0,35.0,37.0
b82,b116,103.0,106.0,109.0
b82,b97,36.0,39.0,42.0
b82,b98,48.0,50.0,53.0
b82,b14,63.0,65.0,67.0
b82,b43,45.0,48.0,51.0
b82,b57,104.0,109.0,116.0
b82,b38,69.0,71.0,73.0
b82,b58,74.0,78.0,83.0
b82,b15,52.0,54.0,56.0
b82,b17,69.0,73.0,77.0
b82,b16,48.0,50.0,53.0
b82,b78,48.0,50.0,53.0
b82,b79,40.0,43.0,45.0
b82,b59,70.0,72.0,74.0
b82,b60,73.0,76.0,79.0
b82,b45,37.0,39.0,42.0
b82,b99,23.0,25.0,27.0
b82,b100,28.0,30.0,32.0
b82,b18,58.0,60.0,64.0
b82,b61,63.0,65.0,67.0
b82,b19,41.0,42.0,44.0
b82,b80,15.0,16.0,17.0
b82,b62,73.0,76.0,80.0
b82,b20,58.0,62.0,66.0
b82,b21,63.0,67.0,71.0
b82,b22,65.0,67.0,69.0
b82,b23,54.0,56.0,57.0
b82,b49,77.0,79.0,81.0
b82,b46,41.0,43.0,45.0
b82,b101,34.0,37.0,39.0
b82,b63,74.0,79.0,86.0
b82,b81,33.0,35.0,37.0
b82,b112,94.0,97.0,101.0
b82,b82,0.0,0.0,0.0
b82,b24,69.0,73.0,76.0
b82,b65,62.0,65.0,67.0
b82,b83,22.0,23.0,25.0
b82,b25,68.0,71.0,75.0
b82,b103,30.0,32.0,34.0
b82,b5,46.0,50.0,54.0
b82,b26,71.0,75.0,79.0
b82,b121,35.0,37.0,39.0
b82,b119,60.0,64.0,69.0
b82,b47,54.0,58.0,61.0
b82,b104,42.0,45.0,48.0
b82,b27,79.0,81.0,83.0
b82,b105,19.0,20.0,22.0
b82,b28,54.0,58.0,61.0
b82,b84,41.0,44.0,46.0
b82,b44,43.0,46.0,48.0
b82,b66,75.0,78.0,80.0
b82,b67,69.0,73.0,76.0
b82,b85,48.0,50.0,53.0
b82,b120,72.0,74.0,77.0
b82,b87,48.0,50.0,52.0
b82,b86,34.0,35.0,37.0
b82,b29,56.0,59.0,62.0
b82,b30,41.0,43.0,45.0
b82,b88,47.0,49.0,51.0
b82,b68,75.0,79.0,82.0
b82,b69,95.0,98.0,101.0
b82,b106,52.0,56.0,59.0
b82,b31,63.0,67.0,72.0
b82,b115,44.0,47.0,50.0
b82,b32,64.0,67.0,71.0
b82,b113,90.0,94.0,98.0
b82,b114,97.0,101.0,105.0
b82,b89,39.0,41.0,44.0
b82,b33,59.0,61.0,63.0
b82,b48,64.0,68.0,72.0
b82,b77,34.0,36.0,38.0
b82,b34,48.0,50.0,52.0
b82,b70,107.0,113.0,123.0
b82,b71,65.0,69.0,74.0
b82,b64,83.0,90.0,94.0
b82,b107,34.0,36.0,38.0
b82,b90,57.0,59.0,62.0
b82,b118,79.0,85.0,88.0
b82,b1,65.0,67.0,70.0
b82,b35,64.0,68.0,71.0
b82,b36,77.0,80.0,83.0
b82,b37,90.0,94.0,98.0
b82,b108,30.0,31.0,33.0
b82,b109,42.0,45.0,49.0
b82,b39,68.0,71.0,74.0
b82,b3,65.0,68.0,70.0
b82,p_centro,54.0,58.0,61.0
b82,p_beira_mar,72.0,76.0,79.0
b82,p_aldeota,66.0,69.0,71.0
b82,p_papicu,73.0,76.0,79.0
b82,p_iguatemi,74.0,76.0,79.0
b82,p_unifor,76.0,80.0,84.0
b82,p_centro_eventos,80.0,82.0,85.0
b82,p_parangaba,17.0,18.0,19.0
b82,p_messejana,50.0,52.0,53.0
b82,p_ufc_benfica,44.0,46.0,48.0
b82,p_ufc_pici,64.0,67.0,69.0
b82,p_aeroporto,52.0,55.0,58.0
b24,b91,35.0,38.0,40.0
b24,b92,60.0,65.0,68.0
b24,b2,24.0,25.0,26.0
b24,b93,40.0,42.0,44.0
b24,b4,50.0,52.0,54.0
b24,b50,79.0,81.0,85.0
b24,b40,53.0,55.0,57.0
b24,b122,69.0,73.0,77.0
b24,b41,61.0,62.0,64.0
b24,b6,35.0,38.0,41.0
b24,b51,72.0,74.0,77.0
b24,b94,48.0,51.0,54.0
b24,b7,35.0,37.0,39.0
b24,b95,50.0,52.0,55.0
b24,b8,47.0,49.0,51.0
b24,b72,74.0,78.0,81.0
b24,b73,64.0,66.0,68.0
b24,b110,27.0,29.0,31.0
b24,b52,53.0,55.0,57.0
b24,b53,61.0,63.0,65.0
b24,b74,78.0,82.0,87.0
b24,b9,37.0,39.0,41.0
b24,b10,25.0,27.0,28.0
b24,b111,39.0,42.0,44.0
b24,b54,59.0,62.0,64.0
b24,b55,91.0,95.0,98.0
b24,b11,35.0,37.0,39.0
b24,b42,66.0,69.0,72.0
b24,b75,71.0,74.0,76.0
b24,b76,62.0,66.0,71.0
b24,b117,74.0,76.0,78.0
b24,b96,49.0,51.0,53.0
b24,b12,35.0,38.0,40.0
b24,b56,64.0,67.0,70.0
b24,b13,46.0,47.0,49.0
b24,b116,48.0,50.0,52.0
b24,b97,46.0,48.0,49.0
b24,b98,52.0,56.0,59.0
b24,b14,29.0,29.0,30.0
b24,b43,61.0,63.0,65.0
b24,b57,74.0,77.0,81.0
b24,b38,48.0,51.0,53.0
b24,b58,54.0,57.0,60.0
b24,b15,32.0,35.0,37.0
b24,b17,59.0,63.0,66.0
b24,b16,33.0,34.0,37.0
b24,b78,81.0,86.0,88.0
b24,b79,69.0,73.0,77.0
b24,b59,73.0,75.0,77.0
b24,b60,39.0,41.0,43.0
b24,b45,56.0,58.0,60.0
b24,b99,53.0,56.0,59.0
b24,b100,54.0,57.0,64.0
b24,b18,32.0,34.0,35.0
b24,b61,80.0,82.0,85.0
b24,b19,42.0,44.0,46.0
b24,b80,67.0,71.0,75.0
b24,b62,54.0,56.0,59.0
b24,b20,53.0,56.0,60.0
b24,b21,51.0,54.0,58.0
b24,b22,30.0,31.0,33.0
b24,b23,30.0,32.0,34.0
b24,b49,62.0,64.0,67.0
b24,b46,62.0,64.0,66.0
b24,b101,57.0,58.0,60.0
b24,b63,73.0,76.0,78.0
b24,b81,57.0,61.0,65.0
b24,b112,48.0,51.0,54.0
b24,b82,62.0,65.0,69.0
b24,b24,0.0,0.0,0.0
b24,b65,63.0,65.0,68.0
b24,b83,70.0,74.0,77.0
b24,b25,44.0,46.0,48.0
b24,b103,48.0,50.0,52.0
b24,b5,21.0,22.0,24.0
b24,b26,16.0,17.0,18.0
b24,b121,66.0,70.0,75.0
b24,b119,55.0,57.0,62.0
b24,b47,50.0,52.0,54.0
b24,b104,50.0,51.0,54.0
b24,b27,34.0,35.0,37.0
b24,b105,53.0,56.0,60.0
b24,b28,38.0,39.0,41.0
b24,b84,71.0,74.0,77.0
b24,b44,60.0,61.0,63.0
b24,b66,61.0,63.0,65.0
b24,b67,59.0,61.0,62.0
b24,b85,70.0,74.0,78.0
b24,b120,68.0,70.0,73.0
b24,b87,74.0,77.0,82.0
b24,b86,67.0,69.0,72.0
b24,b29,44.0,45.0,47.0
b24,b30,42.0,44.0,47.0
b24,b88,57.0,59.0,62.0
b24,b68,78.0,84.0,89.0
b24,b69,99.0,103.0,106.0
b24,b106,64.0,70.0,74.0
b24,b31,30.0,32.0,34.0
b24,b115,83.0,87.0,93.0
b24,b32,16.0,17.0,19.0
b24,b113,35.0,37.0,39.0
b24,b114,42.0,44.0,46.0
b24,b89,80.0,82.0,85.0
b24,b33,49.0,51.0,53.0
b24,b48,59.0,60.0,62.0
b24,b77,65.0,68.0,72.0
b24,b34,48.0,50.0,51.0
b24,b70,103.0,111.0,122.0
b24,b71,46.0,49.0,51.0
b24,b64,72.0,75.0,80.0
b24,b107,53.0,56.0,63.0
b24,b90,91.0,96.0,100.0
b24,b118,86.0,89.0,92.0
b24,b1,44.0,46.0,48.0
b24,b35,34.0,35.0,38.0
b24,b36,24.0,26.0,28.0
b24,b37,33.0,37.0,40.0
b24,b108,61.0,63.0,66.0
b24,b109,52.0,54.0,56.0
b24,b39,58.0,62.0,65.0
b24,b3,41.0,43.0,46.0
b24,p_centro,24.0,26.0,28.0
b24,p_beira_mar,15.0,15.0,15.0
b24,p_aldeota,25.0,27.0,28.0
b24,p_papicu,26.0,27.0,29.0
b24,p_iguatemi,39.0,40.0,41.0
b24,p_unifor,52.0,53.0,54.0
b24,p_centro_eventos,46.0,47.0,48.0
b24,p_parangaba,45.0,49.0,53.0
b24,p_messejana,55.0,57.0,60.0
b24,p_ufc_benfica,38.0,40.0,41.0
b24,p_ufc_pici,54.0,57.0,59.0
b24,p_aeroporto,62.0,67.0,71.0
b65,b91,35.0,36.0,38.0
b65,b92,77.0,83.0,86.0
b65,b2,61.0,63.0,65.0
b65,b93,42.0,44.0,45.0
b65,b4,72.0,75.0,77.0
b65,b50,30.0,33.0,36.0
b65,b40,80.0,82.0,85.0
b65,b122,63.0,69.0,74.0
b65,b41,81.0,84.0,87.0
b65,b6,81.0,84.0,86.0
b65,b51,33.0,35.0,37.0
b65,b94,76.0,78.0,82.0
b65,b7,53.0,55.0,57.0
b65,b95,50.0,52.0,54.0
b65,b8,64.0,66.0,69.0
b65,b72,59.0,66.0,72.0
b65,b73,57.0,62.0,66.0
b65,b110,80.0,84.0,88.0
b65,b52,33.0,34.0,36.0
b65,b53,34.0,38.0,40.0
b65,b74,68.0,75.0,78.0
b65,b9,71.0,73.0,76.0
b65,b10,54.0,56.0,58.0
b65,b111,66.0,68.0,71.0
b65,b54,38.0,40.0,41.0
b65,b55,39.0,42.0,45.0
b65,b11,53.0,55.0,57.0
b65,b42,82.0,86.0,90.0
b65,b75,81.0,85.0,89.0
b65,b76,61.0,66.0,70.0
b65,b117,30.0,33.0,35.0
b65,b96,74.0,76.0,79.0
b65,b12,80.0,83.0,86.0
b65,b56,24.0,25.0,27.0
b65,b13,67.0,70.0,72.0
b65,b116,87.0,89.0,92.0
b65,b97,70.0,73.0,76.0
b65,b98,55.0,58.0,60.0
b65,b14,58.0,59.0,61.0
b65,b43,79.0,83.0,86.0
b65,b57,73.0,76.0,81.0
b65,b38,80.0,83.0,86.0
b65,b58,55.0,58.0,62.0
b65,b15,57.0,59.0,62.0
b65,b17,94.0,97.0,99.0
b65,b16,45.0,47.0,48.0
b65,b78,70.0,77.0,81.0
b65,b79,66.0,70.0,76.0
b65,b59,27.0,29.0,31.0
b65,b60,52.0,54.0,56.0
b65,b45,63.0,68.0,72.0
b65,b99,65.0,68.0,71.0
b65,b100,55.0,58.0,60.0
b65,b18,65.0,67.0,69.0
b65,b61,38.0,40.0,42.0
b65,b19,60.0,62.0,65.0
b65,b80,56.0,61.0,68.0
b65,b62,39.0,41.0,43.0
b65,b20,90.0,93.0,97.0
b65,b21,91.0,95.0,98.0
b65,b22,54.0,55.0,57.0
b65,b23,49.0,51.0,52.0
b65,b49,30.0,34.0,38.0
b65,b46,63.0,67.0,71.0
b65,b101,73.0,76.0,80.0
b65,b63,28.0,31.0,35.0
b65,b81,50.0,56.0,60.0
b65,b112,77.0,79.0,82.0
b65,b82,52.0,58.0,62.0
b65,b24,70.0,72.0,74.0
b65,b65,0.0,0.0,0.0
b65,b83,39.0,44.0,47.0
b65,b25,74.0,77.0,79.0
b65,b103,65.0,67.0,69.0
b65,b5,64.0,66.0,68.0
b65,b26,72.0,75.0,77.0
b65,b121,52.0,58.0,61.0
b65,b119,93.0,96.0,99.0
b65,b47,78.0,80.0,82.0
b65,b104,75.0,78.0,81.0
b65,b27,62.0,64.0,67.0
b65,b105,63.0,67.0,71.0
b65,b28,63.0,65.0,67.0
b65,b84,57.0,61.0,64.0
b65,b44,80.0,82.0,85.0
b65,b66,28.0,30.0,32.0
b65,b67,38.0,43.0,49.0
b65,b85,74.0,79.0,84.0
b65,b120,19.0,21.0,23.0
b65,b87,70.0,74.0,78.0
b65,b86,51.0,57.0,61.0
b65,b29,68.0,70.0,72.0
b65,b30,63.0,65.0,68.0
b65,b88,45.0,48.0,51.0
b65,b68,27.0,31.0,35.0
b65,b69,56.0,59.0,63.0
b65,b106,89.0,93.0,101.0
b65,b31,75.0,78.0,81.0
b65,b115,57.0,62.0,65.0
b65,b32,62.0,65.0,68.0
b65,b113,78.0,81.0,85.0
b65,b114,72.0,79.0,87.0
b65,b89,48.0,52.0,58.0
b65,b33,73.0,76.0,79.0
b65,b48,87.0,90.0,93.0
b65,b77,57.0,61.0,64.0
b65,b34,73.0,75.0,78.0
b65,b70,59.0,64.0,70.0
b65,b71,52.0,54.0,56.0
b65,b64,49.0,52.0,59.0
b65,b107,58.0,61.0,64.0
b65,b90,77.0,83.0,91.0
b65,b118,34.0,36.0,39.0
b65,b1,71.0,73.0,75.0
b65,b35,58.0,60.0,62.0
b65,b36,64.0,66.0,68.0
b65,b37,70.0,72.0,75.0
b65,b108,56.0,61.0,66.0
b65,b109,67.0,69.0,73.0
b65,b39,91.0,94.0,97.0
b65,b3,75.0,77.0,80.0
b65,p_centro,55.0,56.0,58.0
b65,p_beira_mar,73.0,76.0,78.0
b65,p_aldeota,61.0,63.0,65.0
b65,p_papicu,57.0,59.0,61.0
b65,p_iguatemi,48.0,50.0,51.0
b65,p_unifor,49.0,51.0,52.0
b65,p_centro_eventos,45.0,47.0,48.0
b65,p_parangaba,58.0,62.0,65.0
b65,p_messejana,15.0,16.0,18.0
b65,p_ufc_benfica,56.0,58.0,60.0
b65,p_ufc_pici,82.0,84.0,86.0
b65,p_aeroporto,79.0,85.0,89.0
b83,b91,57.0,59.0,61.0
b83,b92,61.0,64.0,68.0
b83,b2,72.0,74.0,77.0
b83,b93,67.0,69.0,71.0
b83,b4,56.0,59.0,62.0
b83,b50,67.0,69.0,72.0
b83,b40,51.0,54.0,57.0
b83,b122,28.0,31.0,34.0
b83,b41,47.0,50.0,52.0
b83,b6,68.0,72.0,76.0
b83,b51,43.0,44.0,46.0
b83,b94,52.0,55.0,59.0
b83,b7,51.0,54.0,57.0
b83,b95,42.0,44.0,46.0
b83,b8,49.0,51.0,54.0
b83,b72,32.0,35.0,38.0
b83,b73,26.0,28.0,31.0
b83,b110,87.0,91.0,95.0
b83,b52,54.0,56.0,58.0
b83,b53,67.0,70.0,72.0
b83,b74,40.0,42.0,44.0
b83,b9,67.0,71.0,75.0
b83,b10,63.0,66.0,70.0
b83,b111,92.0,94.0,97.0
b83,b54,69.0,70.0,72.0
b83,b55,68.0,72.0,76.0
b83,b11,81.0,84.0,86.0
b83,b42,49.0,52.0,55.0
b83,b75,52.0,54.0,56.0
b83,b76,33.0,36.0,39.0
b83,b117,42.0,44.0,47.0
b83,b96,46.0,47.0,50.0
b83,b12,74.0,76.0,80.0
b83,b56,54.0,56.0,59.0
b83,b13,45.0,47.0,49.0
b83,b116,107.0,111.0,114.0
b83,b97,43.0,46.0,49.0
b83,b98,58.0,60.0,62.0
b83,b14,69.0,71.0,74.0
b83,b43,47.0,50.0,52.0
b83,b57,103.0,108.0,114.0
b83,b38,75.0,77.0,80.0
b83,b58,79.0,82.0,85.0
b83,b15,57.0,61.0,64.0
b83,b17,69.0,73.0,78.0
b83,b16,57.0,60.0,63.0
b83,b78,42.0,44.0,47.0
b83,b79,39.0,41.0,44.0
b83,b59,57.0,59.0,61.0
b83,b60,80.0,81.0,83.0
b83,b45,32.0,35.0,37.0
b83,b99,35.0,38.0,41.0
b83,b100,35.0,36.0,38.0
b83,b18,62.0,66.0,69.0
b83,b61,50.0,52.0,55.0
b83,b19,52.0,54.0,57.0
b83,b80,23.0,26.0,29.0
b83,b62,73.0,76.0,79.0
b83,b20,58.0,61.0,64.0
b83,b21,62.0,65.0,69.0
b83,b22,73.0,75.0,78.0
b83,b23,62.0,64.0,67.0
b83,b49,62.0,65.0,69.0
b83,b46,31.0,34.0,36.0
b83,b101,44.0,46.0,48.0
b83,b63,59.0,64.0,68.0
b83,b81,23.0,25.0,27.0
b83,b112,100.0,104.0,109.0
b83,b82,18.0,21.0,23.0
b83,b24,73.0,77.0,81.0
b83,b65,49.0,51.0,54.0
b83,b83,0.0,0.0,0.0
b83,b25,73.0,76.0,79.0
b83,b103,42.0,44.0,47.0
b83,b5,50.0,54.0,58.0
b83,b26,75.0,79.0,83.0
b83,b121,25.0,26.0,28.0
b83,b119,61.0,65.0,68.0
b83,b47,54.0,57.0,60.0
b83,b104,50.0,53.0,55.0
b83,b27,84.0,87.0,90.0
b83,b105,31.0,33.0,35.0
b83,b28,59.0,62.0,66.0
b83,b84,37.0,38.0,40.0
b83,b44,46.0,49.0,52.0
b83,b66,64.0,66.0,69.0
b83,b67,75.0,77.0,78.0
b83,b85,43.0,46.0,49.0
b83,b120,57.0,59.0,62.0
b83,b87,40.0,42.0,45.0
b83,b86,25.0,26.0,28.0
b83,b29,61.0,64.0,68.0
b83,b30,52.0,55.0,58.0
b83,b88,36.0,38.0,40.0
b83,b68,61.0,65.0,69.0
b83,b69,82.0,85.0,88.0
b83,b106,57.0,61.0,64.0
b83,b31,68.0,72.0,76.0
b83,b115,34.0,37.0,39.0
b83,b32,69.0,73.0,77.0
b83,b113,94.0,98.0,102.0
b83,b114,100.0,104.0,108.0
b83,b89,30.0,32.0,35.0
b83,b33,65.0,67.0,71.0
b83,b48,64.0,67.0,70.0
b83,b77,36.0,37.0,39.0
b83,b34,55.0,58.0,61.0
b83,b70,89.0,95.0,104.0
b83,b71,70.0,74.0,77.0
b83,b64,79.0,85.0,93.0
b83,b107,46.0,47.0,48.0
b83,b90,51.0,54.0,56.0
b83,b118,65.0,69.0,72.0
b83,b1,68.0,71.0,75.0
b83,b35,72.0,76.0,79.0
b83,b36,84.0,86.0,89.0
b83,b37,98.0,100.0,103.0
b83,b108,29.0,31.0,33.0
b83,b109,54.0,58.0,61.0
b83,b39,67.0,70.0,73.0
b83,b3,73.0,76.0,80.0
b83,p_centro,58.0,62.0,66.0
b83,p_beira_mar,76.0,80.0,84.0
b83,p_aldeota,73.0,75.0,78.0
b83,p_papicu,80.0,83.0,85.0
b83,p_iguatemi,78.0,80.0,82.0
b83,p_unifor,78.0,80.0,82.0
b83,p_centro_eventos,75.0,77.0,79.0
b83,p_parangaba,28.0,30.0,33.0
b83,p_messejana,38.0,39.0,41.0
b83,p_ufc_benfica,52.0,55.0,58.0
b83,p_ufc_pici,65.0,69.0,72.0
b83,p_aeroporto,63.0,66.0,70.0
b25,b91,56.0,58.0,61.0
b25,b92,63.0,67.0,71.0
b25,b2,50.0,52.0,54.0
b25,b93,54.0,57.0,60.0
b25,b4,36.0,40.0,43.0
b25,b50,79.0,81.0,84.0
b25,b40,37.0,40.0,44.0
b25,b122,69.0,74.0,78.0
b25,b41,48.0,52.0,55.0
b25,b6,33.0,35.0,37.0
b25,b51,83.0,86.0,89.0
b25,b94,40.0,43.0,45.0
b25,b7,37.0,38.0,39.0
b25,b95,60.0,63.0,67.0
b25,b8,47.0,49.0,51.0
b25,b72,68.0,70.0,75.0
b25,b73,53.0,56.0,59.0
b25,b110,56.0,58.0,61.0
b25,b52,58.0,61.0,63.0
b25,b53,79.0,82.0,85.0
b25,b74,75.0,78.0,81.0
b25,b9,21.0,21.0,22.0
b25,b10,34.0,36.0,37.0
b25,b111,65.0,69.0,72.0
b25,b54,66.0,69.0,73.0
b25,b55,91.0,95.0,100.0
b25,b11,63.0,65.0,67.0
b25,b42,55.0,59.0,62.0
b25,b75,62.0,65.0,67.0
b25,b76,63.0,67.0,71.0
b25,b117,82.0,84.0,87.0
b25,b96,43.0,45.0,47.0
b25,b12,31.0,33.0,35.0
b25,b56,80.0,83.0,85.0
b25,b13,42.0,43.0,45.0
b25,b116,76.0,78.0,81.0
b25,b97,40.0,41.0,43.0
b25,b98,62.0,65.0,69.0
b25,b14,53.0,55.0,56.0
b25,b43,48.0,51.0,55.0
b25,b57,102.0,107.0,113.0
b25,b38,18.0,20.0,24.0
b25,b58,81.0,84.0,87.0
b25,b15,31.0,32.0,34.0
b25,b17,36.0,39.0,42.0
b25,b16,40.0,41.0,43.0
b25,b78,76.0,78.0,80.0
b25,b79,65.0,68.0,70.0
b25,b59,84.0,87.0,90.0
b25,b60,61.0,62.0,65.0
b25,b45,45.0,48.0,51.0
b25,b99,55.0,57.0,59.0
b25,b100,64.0,65.0,67.0
b25,b18,22.0,23.0,23.0
b25,b61,87.0,89.0,92.0
b25,b19,45.0,47.0,48.0
b25,b80,70.0,73.0,77.0
b25,b62,77.0,80.0,82.0
b25,b20,35.0,38.0,42.0
b25,b21,37.0,39.0,42.0
b25,b22,47.0,49.0,51.0
b25,b23,37.0,39.0,41.0
b25,b49,84.0,87.0,90.0
b25,b46,51.0,54.0,56.0
b25,b101,50.0,52.0,54.0
b25,b63,82.0,88.0,95.0
b25,b81,57.0,61.0,64.0
b25,b112,74.0,78.0,81.0
b25,b82,63.0,66.0,71.0
b25,b24,42.0,44.0,47.0
b25,b65,64.0,67.0,69.0
b25,b83,70.0,73.0,76.0
b25,b25,0.0,0.0,0.0
b25,b103,49.0,51.0,53.0
b25,b5,24.0,26.0,27.0
b25,b26,44.0,46.0,49.0
b25,b121,65.0,67.0,71.0
b25,b119,37.0,40.0,43.0
b25,b47,24.0,28.0,31.0
b25,b104,43.0,45.0,47.0
b25,b27,61.0,62.0,64.0
b25,b105,53.0,57.0,61.0
b25,b28,32.0,35.0,37.0
b25,b84,76.0,78.0,80.0
b25,b44,48.0,52.0,55.0
b25,b66,66.0,69.0,72.0
b25,b67,75.0,79.0,83.0
b25,b85,70.0,75.0,78.0
b25,b120,68.0,70.0,73.0
b25,b87,74.0,77.0,80.0
b25,b86,62.0,64.0,66.0
b25,b29,29.0,34.0,39.0
b25,b30,42.0,44.0,46.0
b25,b88,68.0,71.0,75.0
b25,b68,77.0,82.0,89.0
b25,b69,105.0,108.0,113.0
b25,b106,55.0,57.0,61.0
b25,b31,30.0,31.0,33.0
b25,b115,87.0,90.0,94.0
b25,b32,38.0,40.0,41.0
b25,b113,63.0,65.0,68.0
b25,b114,70.0,72.0,75.0
b25,b89,86.0,88.0,92.0
b25,b33,17.0,21.0,24.0
b25,b48,43.0,46.0,50.0
b25,b77,71.0,73.0,76.0
b25,b34,42.0,43.0,45.0
b25,b70,113.0,120.0,132.0
b25,b71,72.0,75.0,78.0
b25,b64,83.0,90.0,98.0
b25,b107,64.0,68.0,71.0
b25,b90,86.0,90.0,93.0
b25,b118,87.0,91.0,95.0
b25,b1,14.0,14.0,14.0
b25,b35,58.0,61.0,63.0
b25,b36,56.0,58.0,60.0
b25,b37,67.0,69.0,72.0
b25,b108,58.0,60.0,63.0
b25,b109,54.0,56.0,59.0
b25,b39,44.0,47.0,51.0
b25,b3,24.0,25.0,27.0
b25,p_centro,33.0,34.0,36.0
b25,p_beira_mar,45.0,47.0,50.0
b25,p_aldeota,52.0,55.0,57.0
b25,p_papicu,59.0,61.0,63.0
b25,p_iguatemi,62.0,64.0,66.0
b25,p_unifor,76.0,78.0,80.0
b25,p_centro_eventos,73.0,74.0,77.0
b25,p_parangaba,46.0,50.0,54.0
b25,p_messejana,63.0,66.0,68.0
b25,p_ufc_benfica,36.0,37.0,39.0
b25,p_ufc_pici,38.0,41.0,45.0
b25,p_aeroporto,65.0,69.0,73.0
b103,b91,46.0,47.0,50.0
b103,b92,29.0,33.0,37.0
b103,b2,50.0,53.0,55.0
b103,b93,37.0,39.0,43.0
b103,b4,26.0,29.0,32.0
b103,b50,76.0,79.0,82.0
b103,b40,47.0,49.0,51.0
b103,b122,49.0,52.0,55.0
b103,b41,37.0,40.0,42.0
b103,b6,54.0,57.0,60.0
b103,b51,69.0,71.0,73.0
b103,b94,34.0,36.0,38.0
b103,b7,23.0,25.0,28.0
b103,b95,47.0,49.0,51.0
b103,b8,14.0,15.0,16.0
b103,b72,44.0,46.0,50.0
b103,b73,39.0,41.0,43.0
b103,b110,67.0,70.0,73.0
b103,b52,47.0,50.0,51.0
b103,b53,72.0,75.0,77.0
b103,b74,53.0,55.0,57.0
b103,b9,45.0,48.0,51.0
b103,b10,39.0,43.0,45.0
b103,b111,69.0,72.0,75.0
b103,b54,57.0,60.0,62.0
b103,b55,90.0,94.0,99.0
b103,b11,63.0,65.0,67.0
b103,b42,45.0,48.0,51.0
b103,b75,48.0,52.0,55.0
b103,b76,44.0,46.0,49.0
b103,b117,67.0,70.0,73.0
b103,b96,23.0,24.0,26.0
b103,b12,54.0,56.0,60.0
b103,b56,74.0,77.0,80.0
b103,b13,19.0,21.0,23.0
b103,b116,87.0,88.0,91.0
b103,b97,25.0,28.0,31.0
b103,b98,42.0,45.0,47.0
b103,b14,46.0,48.0,50.0
b103,b43,38.0,41.0,43.0
b103,b57,92.0,95.0,100.0
b103,b38,48.0,50.0,53.0
b103,b58,66.0,69.0,72.0
b103,b15,34.0,36.0,39.0
b103,b17,59.0,62.0,64.0
b103,b16,29.0,31.0,33.0
b103,b78,51.0,54.0,58.0
b103,b79,42.0,46.0,48.0
b103,b59,81.0,84.0,86.0
b103,b60,52.0,55.0,58.0
b103,b45,31.0,33.0,36.0
b103,b99,15.0,16.0,17.0
b103,b100,25.0,26.0,28.0
b103,b18,40.0,43.0,47.0
b103,b61,74.0,77.0,80.0
b103,b19,18.0,18.0,19.0
b103,b80,38.0,40.0,42.0
b103,b62,63.0,66.0,69.0
b103,b20,53.0,56.0,59.0
b103,b21,58.0,60.0,63.0
b103,b22,45.0,47.0,49.0
b103,b23,28.0,32.0,36.0
b103,b49,73.0,75.0,78.0
b103,b46,40.0,42.0,44.0
b103,b101,30.0,32.0,34.0
b103,b63,80.0,84.0,88.0
b103,b81,38.0,41.0,43.0
b103,b112,78.0,81.0,85.0
b103,b82,29.0,31.0,34.0
b103,b24,52.0,54.0,58.0
b103,b65,61.0,64.0,67.0
b103,b83,42.0,44.0,47.0
b103,b25,50.0,53.0,56.0
b103,b103,0.0,0.0,0.0
b103,b5,37.0,40.0,43.0
b103,b26,56.0,59.0,61.0
b103,b121,42.0,45.0,47.0
b103,b119,56.0,59.0,62.0
b103,b47,49.0,51.0,54.0
b103,b104,34.0,36.0,38.0
b103,b27,62.0,64.0,67.0
b103,b105,22.0,24.0,26.0
b103,b28,37.0,40.0,42.0
b103,b84,37.0,39.0,42.0
b103,b44,37.0,39.0,41.0
b103,b66,61.0,63.0,65.0
b103,b67,65.0,67.0,69.0
b103,b85,53.0,56.0,61.0
b103,b120,65.0,68.0,71.0
b103,b87,53.0,56.0,58.0
b103,b86,38.0,40.0,42.0
b103,b29,37.0,39.0,42.0
b103,b30,18.0,19.0,20.0
b103,b88,45.0,48.0,51.0
b103,b68,79.0,85.0,90.0
b103,b69,102.0,105.0,109.0
b103,b106,44.0,47.0,51.0
b103,b31,49.0,52.0,56.0
b103,b115,49.0,52.0,56.0
b103,b32,46.0,50.0,52.0
b103,b113,75.0,77.0,81.0
b103,b114,82.0,84.0,88.0
b103,b89,47.0,51.0,55.0
b103,b33,38.0,41.0,43.0
b103,b48,58.0,60.0,62.0
b103,b77,32.0,34.0,36.0
b103,b34,27.0,30.0,33.0
b103,b70,111.0,122.0,135.0
b103,b71,58.0,61.0,64.0
b103,b64,75.0,80.0,87.0
b103,b107,24.0,27.0,30.0
b103,b90,59.0,63.0,65.0
b103,b118,88.0,90.0,93.0
b103,b1,47.0,49.0,51.0
b103,b35,43.0,46.0,49.0
b103,b36,61.0,64.0,67.0
b103,b37,70.0,74.0,79.0
b103,b108,34.0,35.0,37.0
b103,b109,22.0,25.0,30.0
b103,b39,62.0,64.0,66.0
b103,b3,44.0,47.0,49.0
b103,p_centro,38.0,41.0,44.0
b103,p_beira_mar,55.0,58.0,61.0
b103,p_aldeota,52.0,55.0,57.0
b103,p_papicu,55.0,59.0,61.0
b103,p_iguatemi,53.0,55.0,57.0
b103,p_unifor,66.0,69.0,70.0
b103,p_centro_eventos,62.0,64.0,66.0
b103,p_parangaba,16.0,17.0,19.0
b103,p_messejana,56.0,58.0,61.0
b103,p_ufc_benfica,26.0,28.0,31.0
b103,p_ufc_pici,44.0,47.0,50.0
b103,p_aeroporto,31.0,35.0,39.0
b5,b91,46.0,48.0,51.0
b5,b92,51.0,55.0,58.0
b5,b2,37.0,39.0,40.0
b5,b93,45.0,47.0,50.0
b5,b4,34.0,37.0,40.0
b5,b50,72.0,74.0,77.0
b5,b40,39.0,42.0,44.0
b5,b122,49.0,53.0,57.0
b5,b41,43.0,46.0,49.0
b5,b6,22.0,24.0,26.0
b5,b51,74.0,76.0,78.0
b5,b94,32.0,35.0,38.0
b5,b7,22.0,26.0,30.0
b5,b95,52.0,55.0,57.0
b5,b8,36.0,39.0,41.0
b5,b72,54.0,58.0,62.0
b5,b73,46.0,50.0,52.0
b5,b110,35.0,37.0,39.0
b5,b52,51.0,53.0,56.0
b5,b53,69.0,72.0,74.0
b5,b74,60.0,64.0,69.0
b5,b9,22.0,24.0,25.0
b5,b10,19.0,21.0,23.0
b5,b111,54.0,56.0,59.0
b5,b54,58.0,61.0,65.0
b5,b55,84.0,87.0,92.0
b5,b11,50.0,53.0,55.0
b5,b42,49.0,51.0,54.0
b5,b75,54.0,56.0,59.0
b5,b76,43.0,46.0,51.0
b5,b117,74.0,76.0,78.0
b5,b96,31.0,35.0,37.0
b5,b12,21.0,23.0,25.0
b5,b56,71.0,74.0,77.0
b5,b13,28.0,32.0,35.0
b5,b116,56.0,57.0,59.0
b5,b97,28.0,32.0,34.0
b5,b98,55.0,58.0,61.0
b5,b14,40.0,43.0,45.0
b5,b43,44.0,46.0,49.0
b5,b57,86.0,90.0,95.0
b5,b38,29.0,34.0,36.0
b5,b58,66.0,69.0,72.0
b5,b15,25.0,27.0,28.0
b5,b17,40.0,44.0,50.0
b5,b16,29.0,32.0,35.0
b5,b78,63.0,66.0,70.0
b5,b79,51.0,55.0,60.0
b5,b59,78.0,80.0,83.0
b5,b60,50.0,52.0,55.0
b5,b45,39.0,41.0,43.0
b5,b99,36.0,39.0,44.0
b5,b100,45.0,49.0,53.0
b5,b18,18.0,19.0,20.0
b5,b61,78.0,81.0,84.0
b5,b19,35.0,37.0,40.0
b5,b80,49.0,52.0,56.0
b5,b62,66.0,68.0,70.0
b5,b20,40.0,43.0,47.0
b5,b21,38.0,40.0,43.0
b5,b22,39.0,41.0,43.0
b5,b23,28.0,30.0,33.0
b5,b49,72.0,74.0,76.0
b5,b46,45.0,48.0,50.0
b5,b101,39.0,43.0,45.0
b5,b63,74.0,78.0,84.0
b5,b81,37.0,41.0,45.0
b5,b112,64.0,67.0,70.0
b5,b82,44.0,48.0,52.0
b5,b24,22.0,23.0,25.0
b5,b65,57.0,60.0,63.0
b5,b83,51.0,55.0,60.0
b5,b25,28.0,30.0,31.0
b5,b103,36.0,38.0,42.0
b5,b5,0.0,0.0,0.0
b5,b26,24.0,25.0,27.0
b5,b121,46.0,50.0,54.0
b5,b119,39.0,44.0,49.0
b5,b47,34.0,38.0,42.0
b5,b104,33.0,36.0,38.0
b5,b27,47.0,48.0,49.0
b5,b105,33.0,37.0,41.0
b5,b28,25.0,28.0,29.0
b5,b84,59.0,62.0,67.0
b5,b44,42.0,45.0,48.0
b5,b66,59.0,62.0,64.0
b5,b67,67.0,70.0,72.0
b5,b85,50.0,54.0,58.0
b5,b120,61.0,63.0,66.0
b5,b87,54.0,58.0,62.0
b5,b86,48.0,52.0,56.0
b5,b29,29.0,32.0,35.0
b5,b30,32.0,35.0,37.0
b5,b88,59.0,62.0,65.0
b5,b68,70.0,74.0,80.0
b5,b69,98.0,101.0,105.0
b5,b106,48.0,52.0,57.0
b5,b31,16.0,17.0,19.0
b5,b115,72.0,77.0,82.0
b5,b32,17.0,18.0,19.0
b5,b113,43.0,44.0,46.0
b5,b114,50.0,51.0,53.0
b5,b89,71.0,75.0,78.0
b5,b33,34.0,36.0,38.0
b5,b48,44.0,47.0,49.0
b5,b77,55.0,58.0,62.0
b5,b34,33.0,35.0,37.0
b5,b70,104.0,109.0,119.0
b5,b71,59.0,61.0,64.0
b5,b64,77.0,84.0,90.0
b5,b107,50.0,53.0,57.0
b5,b90,76.0,79.0,84.0
b5,b118,81.0,84.0,86.0
b5,b1,32.0,34.0,36.0
b5,b35,46.0,49.0,52.0
b5,b36,35.0,37.0,39.0
b5,b37,43.0,46.0,49.0
b5,b108,42.0,46.0,50.0
b5,b109,43.0,46.0,49.0
b5,b39,45.0,49.0,52.0
b5,b3,26.0,28.0,29.0
b5,p_centro,18.0,19.0,21.0
b5,p_beira_mar,25.0,26.0,28.0
b5,p_aldeota,37.0,39.0,41.0
b5,p_papicu,36.0,38.0,40.0
b5,p_iguatemi,49.0,51.0,53.0
b5,p_unifor,62.0,64.0,65.0
b5,p_centro_eventos,56.0,58.0,59.0
b5,p_parangaba,26.0,30.0,34.0
b5,p_messejana,56.0,58.0,60.0
b5,p_ufc_benfica,23.0,27.0,30.0
b5,p_ufc_pici,42.0,45.0,47.0
b5,p_aeroporto,53.0,57.0,60.0
b26,b91,36.0,38.0,40.0
b26,b92,57.0,64.0,73.0
b26,b2,30.0,32.0,33.0
b26,b93,41.0,43.0,45.0
b26,b4,55.0,57.0,59.0
b26,b50,84.0,86.0,89.0
b26,b40,60.0,62.0,64.0
b26,b122,74.0,78.0,82.0
b26,b41,65.0,67.0,69.0
b26,b6,38.0,41.0,44.0
b26,b51,76.0,78.0,81.0
b26,b94,53.0,55.0,58.0
b26,b7,42.0,44.0,46.0
b26,b95,51.0,53.0,56.0
b26,b8,55.0,57.0,59.0
b26,b72,79.0,83.0,86.0
b26,b73,69.0,70.0,72.0
b26,b110,20.0,21.0,23.0
b26,b52,58.0,60.0,62.0
b26,b53,56.0,58.0,60.0
b26,b74,82.0,87.0,92.0
b26,b9,40.0,43.0,45.0
b26,b10,29.0,31.0,33.0
b26,b111,38.0,41.0,43.0
b26,b54,59.0,61.0,64.0
b26,b55,88.0,91.0,96.0
b26,b11,33.0,36.0,40.0
b26,b42,73.0,75.0,77.0
b26,b75,77.0,79.0,81.0
b26,b76,67.0,71.0,75.0
b26,b117,75.0,77.0,79.0
b26,b96,53.0,55.0,57.0
b26,b12,39.0,42.0,44.0
b26,b56,59.0,61.0,64.0
b26,b13,51.0,52.0,54.0
b26,b116,41.0,43.0,45.0
b26,b97,50.0,52.0,54.0
b26,b98,54.0,57.0,61.0
b26,b14,32.0,34.0,36.0
b26,b43,66.0,69.0,71.0
b26,b57,70.0,73.0,77.0
b26,b38,52.0,55.0,58.0
b26,b58,48.0,51.0,54.0
b26,b15,43.0,44.0,46.0
b26,b17,63.0,68.0,71.0
b26,b16,42.0,43.0,46.0
b26,b78,86.0,90.0,92.0
b26,b79,73.0,76.0,81.0
b26,b59,68.0,70.0,73.0
b26,b60,36.0,38.0,40.0
b26,b45,61.0,63.0,65.0
b26,b99,57.0,59.0,62.0
b26,b100,57.0,60.0,66.0
b26,b18,36.0,38.0,40.0
b26,b61,83.0,85.0,87.0
b26,b19,51.0,53.0,55.0
b26,b80,73.0,76.0,79.0
b26,b62,49.0,52.0,55.0
b26,b20,56.0,59.0,64.0
b26,b21,54.0,58.0,62.0
b26,b22,41.0,44.0,47.0
b26,b23,37.0,39.0,40.0
b26,b49,58.0,60.0,62.0
b26,b46,67.0,69.0,71.0
b26,b101,61.0,63.0,65.0
b26,b63,68.0,71.0,74.0
b26,b81,62.0,66.0,70.0
b26,b112,47.0,50.0,53.0
b26,b82,67.0,69.0,73.0
b26,b24,16.0,17.0,18.0
b26,b65,65.0,68.0,70.0
b26,b83,74.0,76.0,79.0
b26,b25,48.0,50.0,52.0
b26,b103,55.0,58.0,60.0
b26,b5,25.0,27.0,29.0
b26,b26,0.0,0.0,0.0
b26,b121,71.0,75.0,79.0
b26,b119,58.0,61.0,66.0
b26,b47,56.0,58.0,60.0
b26,b104,54.0,56.0,58.0
b26,b27,30.0,32.0,34.0
b26,b105,57.0,60.0,63.0
b26,b28,44.0,45.0,47.0
b26,b84,75.0,78.0,81.0
b26,b44,64.0,66.0,68.0
b26,b66,66.0,68.0,70.0
b26,b67,54.0,56.0,58.0
b26,b85,75.0,79.0,83.0
b26,b120,73.0,75.0,78.0
b26,b87,78.0,82.0,86.0
b26,b86,71.0,73.0,76.0
b26,b29,49.0,51.0,53.0
b26,b30,48.0,51.0,53.0
b26,b88,57.0,60.0,63.0
b26,b68,84.0,88.0,91.0
b26,b69,105.0,107.0,110.0
b26,b106,72.0,76.0,79.0
b26,b31,33.0,36.0,38.0
b26,b115,87.0,91.0,97.0
b26,b32,21.0,22.0,23.0
b26,b113,28.0,30.0,32.0
b26,b114,34.0,37.0,39.0
b26,b89,81.0,83.0,86.0
b26,b33,54.0,56.0,58.0
b26,b48,64.0,66.0,68.0
b26,b77,70.0,73.0,77.0
b26,b34,52.0,54.0,56.0
b26,b70,96.0,103.0,114.0
b26,b71,41.0,44.0,47.0
b26,b64,68.0,72.0,76.0
b26,b107,56.0,59.0,65.0
b26,b90,96.0,102.0,105.0
b26,b118,81.0,84.0,87.0
b26,b1,50.0,52.0,54.0
b26,b35,43.0,44.0,46.0
b26,b36,18.0,18.0,18.0
b26,b37,26.0,29.0,32.0
b26,b108,65.0,68.0,70.0
b26,b109,56.0,59.0,62.0
b26,b39,62.0,66.0,70.0
b26,b3,44.0,47.0,49.0
b26,p_centro,28.0,31.0,33.0
b26,p_beira_mar,15.0,15.0,16.0
b26,p_aldeota,29.0,31.0,34.0
b26,p_papicu,19.0,21.0,23.0
b26,p_iguatemi,34.0,36.0,38.0
b26,p_unifor,47.0,49.0,51.0
b26,p_centro_eventos,41.0,43.0,45.0
b26,p_parangaba,50.0,53.0,56.0
b26,p_messejana,61.0,63.0,65.0
b26,p_ufc_benfica,44.0,45.0,47.0
b26,p_ufc_pici,61.0,63.0,66.0
b26,p_aeroporto,59.0,66.0,75.0
b121,b91,67.0,69.0,71.0
b121,b92,66.0,71.0,77.0
b121,b2,76.0,79.0,82.0
b121,b93,73.0,76.0,80.0
b121,b4,55.0,59.0,63.0
b121,b50,77.0,79.0,82.0
b121,b40,54.0,57.0,60.0
b121,b122,34.0,37.0,41.0
b121,b41,49.0,52.0,55.0
b121,b6,70.0,73.0,77.0
b121,b51,53.0,54.0,56.0
b121,b94,51.0,55.0,58.0
b121,b7,50.0,54.0,57.0
b121,b95,52.0,55.0,57.0
b121,b8,54.0,57.0,59.0
b121,b72,34.0,37.0,40.0
b121,b73,29.0,31.0,34.0
b121,b110,86.0,90.0,94.0
b121,b52,64.0,67.0,69.0
b121,b53,78.0,80.0,82.0
b121,b74,32.0,33.0,34.0
b121,b9,66.0,70.0,74.0
b121,b10,62.0,65.0,69.0
b121,b111,95.0,98.0,102.0
b121,b54,79.0,81.0,82.0
b121,b55,78.0,81.0,85.0
b121,b11,88.0,91.0,93.0
b121,b42,52.0,55.0,58.0
b121,b75,54.0,57.0,59.0
b121,b76,15.0,15.0,15.0
b121,b117,52.0,54.0,56.0
b121,b96,46.0,49.0,51.0
b121,b12,73.0,76.0,79.0
b121,b56,64.0,66.0,69.0
b121,b13,46.0,49.0,51.0
b121,b116,106.0,110.0,114.0
b121,b97,45.0,47.0,50.0
b121,b98,67.0,69.0,71.0
b121,b14,75.0,77.0,80.0
b121,b43,49.0,52.0,55.0
b121,b57,114.0,119.0,126.0
b121,b38,75.0,78.0,81.0
b121,b58,89.0,92.0,96.0
b121,b15,56.0,60.0,63.0
b121,b17,71.0,75.0,80.0
b121,b16,57.0,60.0,63.0
b121,b78,44.0,47.0,49.0
b121,b79,41.0,43.0,46.0
b121,b59,67.0,70.0,72.0
b121,b60,81.0,85.0,88.0
b121,b45,35.0,37.0,40.0
b121,b99,44.0,46.0,47.0
b121,b100,46.0,47.0,49.0
b121,b18,61.0,65.0,69.0
b121,b61,60.0,61.0,64.0
b121,b19,57.0,60.0,62.0
b121,b80,38.0,40.0,42.0
b121,b62,84.0,86.0,88.0
b121,b20,60.0,63.0,67.0
b121,b21,65.0,68.0,72.0
b121,b22,72.0,76.0,79.0
b121,b23,62.0,65.0,68.0
b121,b49,72.0,76.0,78.0
b121,b46,34.0,36.0,39.0
b121,b101,46.0,48.0,50.0
b121,b63,68.0,74.0,79.0
b121,b81,23.0,26.0,27.0
b121,b112,104.0,107.0,111.0
b121,b82,29.0,31.0,33.0
b121,b24,72.0,76.0,80.0
b121,b65,59.0,61.0,63.0
b121,b83,23.0,24.0,25.0
b121,b25,72.0,75.0,79.0
b121,b103,49.0,51.0,53.0
b121,b5,49.0,53.0,57.0
b121,b26,74.0,78.0,82.0
b121,b121,0.0,0.0,0.0
b121,b119,64.0,67.0,71.0
b121,b47,57.0,60.0,63.0
b121,b104,51.0,53.0,56.0
b121,b27,85.0,89.0,92.0
b121,b105,39.0,41.0,43.0
b121,b28,58.0,61.0,65.0
b121,b84,48.0,49.0,51.0
b121,b44,49.0,52.0,55.0
b121,b66,74.0,77.0,79.0
b121,b67,85.0,87.0,89.0
b121,b85,35.0,39.0,41.0
b121,b120,67.0,69.0,71.0
b121,b87,26.0,30.0,32.0
b121,b86,25.0,26.0,28.0
b121,b29,61.0,64.0,67.0
b121,b30,59.0,61.0,63.0
b121,b88,46.0,49.0,51.0
b121,b68,72.0,76.0,80.0
b121,b69,91.0,94.0,98.0
b121,b106,59.0,61.0,66.0
b121,b31,67.0,71.0,75.0
b121,b115,46.0,49.0,52.0
b121,b32,68.0,72.0,76.0
b121,b113,93.0,97.0,101.0
b121,b114,100.0,104.0,108.0
b121,b89,44.0,46.0,48.0
b121,b33,65.0,68.0,71.0
b121,b48,67.0,70.0,73.0
b121,b77,47.0,49.0,51.0
b121,b34,54.0,58.0,61.0
b121,b70,99.0,105.0,114.0
b121,b71,80.0,83.0,87.0
b121,b64,90.0,95.0,103.0
b121,b107,54.0,57.0,58.0
b121,b90,53.0,56.0,59.0
b121,b118,74.0,78.0,82.0
b121,b1,68.0,71.0,75.0
b121,b35,74.0,79.0,83.0
b121,b36,86.0,90.0,93.0
b121,b37,101.0,105.0,108.0
b121,b108,25.0,28.0,31.0
b121,b109,60.0,65.0,70.0
b121,b39,70.0,73.0,77.0
b121,b3,72.0,76.0,80.0
b121,p_centro,57.0,61.0,65.0
b121,p_beira_mar,75.0,79.0,83.0
b121,p_aldeota,79.0,82.0,84.0
b121,p_papicu,85.0,88.0,91.0
b121,p_iguatemi,82.0,86.0,88.0
b121,p_unifor,88.0,90.0,92.0
b121,p_centro_eventos,85.0,87.0,89.0
b121,p_parangaba,35.0,38.0,40.0
b121,p_messejana,48.0,49.0,51.0
b121,p_ufc_benfica,51.0,55.0,58.0
b121,p_ufc_pici,68.0,71.0,74.0
b121,p_aeroporto,68.0,73.0,79.0
b119,b91,79.0,81.0,83.0
b119,b92,80.0,83.0,86.0
b119,b2,70.0,71.0,73.0
b119,b93,78.0,80.0,83.0
b119,b4,47.0,49.0,51.0
b119,b50,104.0,107.0,110.0
b119,b40,26.0,27.0,29.0
b119,b122,79.0,83.0,86.0
b119,b41,35.0,37.0,40.0
b119,b6,30.0,31.0,33.0
b119,b51,93.0,97.0,101.0
b119,b94,54.0,56.0,60.0
b119,b7,51.0,53.0,54.0
b119,b95,81.0,83.0,87.0
b119,b8,64.0,66.0,68.0
b119,b72,61.0,64.0,67.0
b119,b73,44.0,46.0,49.0
b119,b110,77.0,80.0,83.0
b119,b52,81.0,83.0,85.0
b119,b53,101.0,103.0,106.0
b119,b74,71.0,73.0,76.0
b119,b9,45.0,47.0,48.0
b119,b10,60.0,62.0,64.0
b119,b111,87.0,90.0,93.0
b119,b54,89.0,93.0,96.0
b119,b55,118.0,124.0,129.0
b119,b11,82.0,84.0,86.0
b119,b42,45.0,47.0,49.0
b119,b75,51.0,53.0,56.0
b119,b76,66.0,70.0,74.0
b119,b117,93.0,97.0,103.0
b119,b96,54.0,56.0,59.0
b119,b12,41.0,43.0,45.0
b119,b56,100.0,102.0,105.0
b119,b13,58.0,61.0,64.0
b119,b116,97.0,100.0,102.0
b119,b97,47.0,50.0,53.0
b119,b98,84.0,86.0,89.0
b119,b14,70.0,72.0,73.0
b119,b43,39.0,41.0,43.0
b119,b57,117.0,122.0,128.0
b119,b38,40.0,43.0,46.0
b119,b58,99.0,101.0,105.0
b119,b15,43.0,45.0,46.0
b119,b17,31.0,33.0,35.0
b119,b16,53.0,55.0,57.0
b119,b78,68.0,71.0,73.0
b119,b79,58.0,61.0,63.0
b119,b59,108.0,111.0,114.0
b119,b60,76.0,78.0,80.0
b119,b45,37.0,39.0,41.0
b119,b99,58.0,61.0,64.0
b119,b100,65.0,68.0,71.0
b119,b18,51.0,52.0,54.0
b119,b61,102.0,105.0,110.0
b119,b19,65.0,67.0,69.0
b119,b80,71.0,74.0,77.0
b119,b62,95.0,98.0,101.0
b119,b20,11.0,11.0,11.0
b119,b21,23.0,24.0,26.0
b119,b22,66.0,68.0,69.0
b119,b23,57.0,59.0,61.0
b119,b49,100.0,103.0,105.0
b119,b46,43.0,45.0,48.0
b119,b101,44.0,47.0,49.0
b119,b63,110.0,112.0,115.0
b119,b81,59.0,62.0,65.0
b119,b112,96.0,100.0,103.0
b119,b82,63.0,65.0,69.0
b119,b24,62.0,65.0,68.0
b119,b65,90.0,93.0,95.0
b119,b83,64.0,68.0,71.0
b119,b25,44.0,48.0,51.0
b119,b103,62.0,63.0,65.0
b119,b5,45.0,49.0,52.0
b119,b26,65.0,68.0,71.0
b119,b121,60.0,63.0,66.0
b119,b119,0.0,0.0,0.0
b119,b47,24.0,24.0,25.0
b119,b104,49.0,53.0,57.0
b119,b27,80.0,82.0,83.0
b119,b105,57.0,60.0,62.0
b119,b28,45.0,46.0,47.0
b119,b84,78.0,81.0,84.0
b119,b44,35.0,37.0,40.0
b119,b66,90.0,92.0,94.0
b119,b67,98.0,99.0,101.0
b119,b85,79.0,82.0,86.0
b119,b120,93.0,96.0,99.0
b119,b87,72.0,75.0,79.0
b119,b86,53.0,56.0,59.0
b119,b29,40.0,41.0,42.0
b119,b30,61.0,64.0,66.0
b119,b88,83.0,85.0,89.0
b119,b68,110.0,116.0,121.0
b119,b69,133.0,137.0,142.0
b119,b106,46.0,51.0,55.0
b119,b31,43.0,45.0,47.0
b119,b115,88.0,91.0,96.0
b119,b32,58.0,61.0,64.0
b119,b113,84.0,87.0,90.0
b119,b114,91.0,94.0,97.0
b119,b89,86.0,90.0,95.0
b119,b33,31.0,33.0,36.0
b119,b48,20.0,22.0,24.0
b119,b77,73.0,76.0,80.0
b119,b34,58.0,60.0,62.0
b119,b70,142.0,,
b119,b71,88.0,91.0,94.0
b119,b64,111.0,117.0,122.0
b119,b107,71.0,73.0,77.0
b119,b90,81.0,84.0,88.0
b119,b118,119.0,121.0,123.0
b119,b1,46.0,47.0,48.0
b119,b35,73.0,74.0,76.0
b119,b36,76.0,79.0,81.0
b119,b37,83.0,87.0,91.0
b119,b108,59.0,61.0,63.0
b119,b109,72.0,74.0,77.0
b119,b39,23.0,25.0,27.0
b119,b3,39.0,40.0,43.0
b119,p_centro,59.0,61.0,63.0
b119,p_beira_mar,66.0,69.0,71.0
b119,p_aldeota,73.0,75.0,77.0
b119,p_papicu,77.0,80.0,82.0
b119,p_iguatemi,77.0,79.0,81.0
b119,p_unifor,91.0,93.0,95.0
b119,p_centro_eventos,87.0,89.0,90.0
b119,p_parangaba,48.0,50.0,53.0
b119,p_messejana,83.0,86.0,88.0
b119,p_ufc_benfica,51.0,52.0,54.0
b119,p_ufc_pici,43.0,44.0,46.0
b119,p_aeroporto,82.0,85.0,88.0
b47,b91,65.0,67.0,68.0
b47,b92,67.0,70.0,74.0
b47,b2,56.0,58.0,60.0
b47,b93,61.0,63.0,66.0
b47,b4,32.0,34.0,37.0
b47,b50,91.0,93.0,96.0
b47,b40,19.0,20.0,22.0
b47,b122,71.0,75.0,78.0
b47,b41,32.0,34.0,36.0
b47,b6,31.0,32.0,34.0
b47,b51,84.0,87.0,90.0
b47,b94,40.0,44.0,47.0
b47,b7,37.0,39.0,40.0
b47,b95,67.0,70.0,74.0
b47,b8,49.0,52.0,54.0
b47,b72,53.0,57.0,60.0
b47,b73,37.0,39.0,42.0
b47,b110,69.0,73.0,75.0
b47,b52,67.0,69.0,71.0
b47,b53,87.0,89.0,91.0
b47,b74,64.0,66.0,69.0
b47,b9,31.0,35.0,39.0
b47,b10,48.0,50.0,51.0
b47,b111,74.0,77.0,79.0
b47,b54,76.0,78.0,82.0
b47,b55,102.0,107.0,112.0
b47,b11,69.0,71.0,73.0
b47,b42,37.0,40.0,42.0
b47,b75,43.0,46.0,48.0
b47,b76,59.0,63.0,66.0
b47,b117,86.0,88.0,90.0
b47,b96,44.0,46.0,49.0
b47,b12,38.0,41.0,43.0
b47,b56,86.0,89.0,92.0
b47,b13,44.0,47.0,49.0
b47,b116,87.0,90.0,93.0
b47,b97,37.0,39.0,42.0
b47,b98,71.0,73.0,76.0
b47,b14,56.0,58.0,59.0
b47,b43,32.0,33.0,34.0
b47,b57,103.0,106.0,111.0
b47,b38,27.0,29.0,31.0
b47,b58,82.0,85.0,88.0
b47,b15,30.0,31.0,32.0
b47,b17,17.0,22.0,27.0
b47,b16,40.0,41.0,42.0
b47,b78,59.0,62.0,64.0
b47,b79,51.0,54.0,57.0
b47,b59,95.0,97.0,99.0
b47,b60,62.0,64.0,66.0
b47,b45,28.0,30.0,31.0
b47,b99,49.0,51.0,54.0
b47,b100,56.0,58.0,61.0
b47,b18,39.0,41.0,43.0
b47,b61,92.0,94.0,97.0
b47,b19,51.0,52.0,54.0
b47,b80,62.0,65.0,67.0
b47,b62,80.0,83.0,85.0
b47,b20,20.0,21.0,23.0
b47,b21,23.0,24.0,25.0
b47,b22,52.0,54.0,55.0
b47,b23,44.0,45.0,46.0
b47,b49,85.0,88.0,90.0
b47,b46,35.0,36.0,38.0
b47,b101,36.0,38.0,40.0
b47,b63,94.0,97.0,101.0
b47,b81,53.0,55.0,58.0
b47,b112,83.0,86.0,90.0
b47,b82,54.0,56.0,58.0
b47,b24,55.0,58.0,61.0
b47,b65,76.0,78.0,81.0
b47,b83,57.0,61.0,64.0
b47,b25,30.0,33.0,36.0
b47,b103,50.0,52.0,54.0
b47,b5,36.0,39.0,40.0
b47,b26,57.0,61.0,63.0
b47,b121,53.0,55.0,58.0
b47,b119,22.0,24.0,25.0
b47,b47,0.0,0.0,0.0
b47,b104,40.0,44.0,47.0
b47,b27,67.0,68.0,70.0
b47,b105,49.0,51.0,53.0
b47,b28,31.0,32.0,33.0
b47,b84,69.0,71.0,74.0
b47,b44,32.0,34.0,36.0
b47,b66,76.0,78.0,80.0
b47,b67,83.0,86.0,88.0
b47,b85,70.0,73.0,76.0
b47,b120,80.0,82.0,85.0
b47,b87,64.0,68.0,71.0
b47,b86,47.0,49.0,52.0
b47,b29,27.0,28.0,28.0
b47,b30,47.0,49.0,52.0
b47,b88,72.0,75.0,77.0
b47,b68,91.0,95.0,101.0
b47,b69,113.0,117.0,121.0
b47,b106,36.0,41.0,46.0
b47,b31,42.0,44.0,46.0
b47,b115,80.0,83.0,88.0
b47,b32,51.0,53.0,55.0
b47,b113,76.0,80.0,82.0
b47,b114,83.0,87.0,89.0
b47,b89,78.0,81.0,84.0
b47,b33,17.0,19.0,21.0
b47,b48,25.0,26.0,27.0
b47,b77,64.0,67.0,70.0
b47,b34,44.0,46.0,48.0
b47,b70,127.0,137.0,144.0
b47,b71,72.0,75.0,78.0
b47,b64,94.0,100.0,107.0
b47,b107,62.0,64.0,67.0
b47,b90,71.0,75.0,79.0
b47,b118,100.0,103.0,106.0
b47,b1,33.0,33.0,34.0
b47,b35,59.0,60.0,62.0
b47,b36,68.0,69.0,71.0
b47,b37,76.0,80.0,83.0
b47,b108,51.0,53.0,56.0
b47,b109,59.0,61.0,63.0
b47,b39,29.0,30.0,31.0
b47,b3,25.0,28.0,31.0
b47,p_centro,47.0,49.0,50.0
b47,p_beira_mar,58.0,62.0,64.0
b47,p_aldeota,59.0,61.0,63.0
b47,p_papicu,66.0,68.0,69.0
b47,p_iguatemi,63.0,65.0,67.0
b47,p_unifor,77.0,79.0,81.0
b47,p_centro_eventos,73.0,74.0,76.0
b47,p_parangaba,40.0,42.0,44.0
b47,p_messejana,70.0,72.0,75.0
b47,p_ufc_benfica,37.0,38.0,39.0
b47,p_ufc_pici,29.0,31.0,32.0
b47,p_aeroporto,69.0,72.0,76.0
b104,b91,62.0,63.0,65.0
b104,b92,55.0,58.0,62.0
b104,b2,54.0,56.0,58.0
b104,b93,52.0,55.0,59.0
b104,b4,21.0,25.0,29.0
b104,b50,86.0,88.0,91.0
b104,b40,35.0,39.0,42.0
b104,b122,53.0,57.0,60.0
b104,b41,30.0,32.0,34.0
b104,b6,52.0,55.0,57.0
b104,b51,78.0,80.0,83.0
b104,b94,12.0,12.0,12.0
b104,b7,28.0,29.0,31.0
b104,b95,63.0,65.0,68.0
b104,b8,35.0,37.0,38.0
b104,b72,40.0,43.0,48.0
b104,b73,34.0,35.0,36.0
b104,b110,71.0,74.0,76.0
b104,b52,60.0,63.0,65.0
b104,b53,84.0,87.0,89.0
b104,b74,50.0,53.0,55.0
b104,b9,46.0,48.0,50.0
b104,b10,44.0,45.0,46.0
b104,b111,71.0,73.0,75.0
b104,b54,72.0,74.0,77.0
b104,b55,99.0,103.0,108.0
b104,b11,66.0,68.0,70.0
b104,b42,39.0,40.0,42.0
b104,b75,43.0,45.0,46.0
b104,b76,46.0,49.0,51.0
b104,b117,77.0,79.0,82.0
b104,b96,16.0,16.0,16.0
b104,b12,55.0,56.0,58.0
b104,b56,83.0,86.0,88.0
b104,b13,27.0,28.0,29.0
b104,b116,87.0,90.0,93.0
b104,b97,14.0,14.0,14.0
b104,b98,63.0,65.0,67.0
b104,b14,54.0,56.0,57.0
b104,b43,32.0,34.0,35.0
b104,b57,100.0,104.0,109.0
b104,b38,48.0,51.0,55.0
b104,b58,77.0,80.0,83.0
b104,b15,36.0,38.0,39.0
b104,b17,55.0,58.0,61.0
b104,b16,36.0,37.0,39.0
b104,b78,50.0,53.0,55.0
b104,b79,39.0,41.0,45.0
b104,b59,91.0,94.0,96.0
b104,b60,60.0,62.0,64.0
b104,b45,26.0,28.0,29.0
b104,b99,35.0,37.0,39.0
b104,b100,43.0,45.0,47.0
b104,b18,41.0,43.0,45.0
b104,b61,84.0,87.0,89.0
b104,b19,36.0,37.0,38.0
b104,b80,48.0,50.0,54.0
b104,b62,77.0,80.0,82.0
b104,b20,42.0,45.0,49.0
b104,b21,47.0,51.0,54.0
b104,b22,50.0,52.0,54.0
b104,b23,39.0,41.0,42.0
b104,b49,82.0,85.0,87.0
b104,b46,32.0,34.0,35.0
b104,b101,24.0,26.0,27.0
b104,b63,89.0,93.0,99.0
b104,b81,40.0,42.0,45.0
b104,b112,80.0,83.0,86.0
b104,b82,43.0,45.0,47.0
b104,b24,57.0,59.0,61.0
b104,b65,72.0,74.0,77.0
b104,b83,49.0,51.0,54.0
b104,b25,51.0,53.0,55.0
b104,b103,35.0,37.0,39.0
b104,b5,35.0,38.0,42.0
b104,b26,59.0,62.0,65.0
b104,b121,44.0,46.0,48.0
b104,b119,45.0,48.0,51.0
b104,b47,39.0,42.0,45.0
b104,b104,0.0,0.0,0.0
b104,b27,64.0,66.0,67.0
b104,b105,35.0,38.0,40.0
b104,b28,40.0,41.0,43.0
b104,b84,57.0,59.0,61.0
b104,b44,29.0,31.0,33.0
b104,b66,73.0,75.0,77.0
b104,b67,79.0,81.0,84.0
b104,b85,54.0,57.0,61.0
b104,b120,75.0,77.0,80.0
b104,b87,54.0,56.0,59.0
b104,b86,38.0,39.0,41.0
b104,b29,37.0,41.0,43.0
b104,b30,41.0,42.0,44.0
b104,b88,61.0,64.0,66.0
b104,b68,86.0,90.0,96.0
b104,b69,112.0,116.0,120.0
b104,b106,23.0,26.0,30.0
b104,b31,50.0,52.0,55.0
b104,b115,69.0,73.0,77.0
b104,b32,51.0,52.0,54.0
b104,b113,78.0,81.0,84.0
b104,b114,85.0,88.0,91.0
b104,b89,68.0,70.0,73.0
b104,b33,38.0,42.0,45.0
b104,b48,47.0,49.0,53.0
b104,b77,52.0,54.0,56.0
b104,b34,28.0,29.0,30.0
b104,b70,121.0,132.0,140.0
b104,b71,69.0,72.0,74.0
b104,b64,92.0,97.0,102.0
b104,b107,48.0,50.0,53.0
b104,b90,59.0,62.0,66.0
b104,b118,94.0,97.0,101.0
b104,b1,49.0,51.0,52.0
b104,b35,55.0,57.0,59.0
b104,b36,66.0,68.0,69.0
b104,b37,79.0,81.0,84.0
b104,b108,32.0,34.0,36.0
b104,b109,47.0,49.0,53.0
b104,b39,51.0,53.0,56.0
b104,b3,47.0,49.0,53.0
b104,p_centro,42.0,43.0,44.0
b104,p_beira_mar,60.0,63.0,65.0
b104,p_aldeota,57.0,59.0,61.0
b104,p_papicu,63.0,65.0,67.0
b104,p_iguatemi,61.0,62.0,64.0
b104,p_unifor,75.0,76.0,78.0
b104,p_centro_eventos,70.0,72.0,74.0
b104,p_parangaba,27.0,29.0,32.0
b104,p_messejana,68.0,70.0,72.0
b104,p_ufc_benfica,29.0,30.0,32.0
b104,p_ufc_pici,46.0,49.0,52.0
b104,p_aeroporto,57.0,60.0,64.0
b27,b91,33.0,35.0,38.0
b27,b92,62.0,71.0,79.0
b27,b2,28.0,29.0,31.0
b27,b93,38.0,40.0,43.0
b27,b4,62.0,64.0,66.0
b27,b50,75.0,77.0,80.0
b27,b40,67.0,68.0,70.0
b27,b122,84.0,87.0,91.0
b27,b41,75.0,77.0,79.0
b27,b6,56.0,59.0,63.0
b27,b51,67.0,69.0,71.0
b27,b94,64.0,66.0,69.0
b27,b7,43.0,46.0,48.0
b27,b95,48.0,50.0,53.0
b27,b8,60.0,62.0,64.0
b27,b72,77.0,82.0,88.0
b27,b73,73.0,76.0,80.0
b27,b110,32.0,35.0,38.0
b27,b52,51.0,54.0,56.0
b27,b53,44.0,46.0,48.0
b27,b74,88.0,90.0,98.0
b27,b9,55.0,57.0,59.0
b27,b10,40.0,42.0,44.0
b27,b111,15.0,18.0,21.0
b27,b54,48.0,51.0,53.0
b27,b55,76.0,79.0,83.0
b27,b11,18.0,18.0,18.0
b27,b42,80.0,83.0,86.0
b27,b75,83.0,87.0,89.0
b27,b76,78.0,81.0,84.0
b27,b117,64.0,66.0,67.0
b27,b96,64.0,65.0,67.0
b27,b12,56.0,58.0,62.0
b27,b56,47.0,50.0,52.0
b27,b13,58.0,60.0,63.0
b27,b116,34.0,37.0,40.0
b27,b97,61.0,62.0,64.0
b27,b98,51.0,53.0,57.0
b27,b14,28.0,30.0,32.0
b27,b43,75.0,77.0,79.0
b27,b57,58.0,61.0,64.0
b27,b38,64.0,67.0,70.0
b27,b58,40.0,42.0,45.0
b27,b15,44.0,46.0,48.0
b27,b17,77.0,80.0,84.0
b27,b16,40.0,42.0,44.0
b27,b78,88.0,91.0,99.0
b27,b79,78.0,82.0,86.0
b27,b59,57.0,58.0,60.0
b27,b60,25.0,26.0,28.0
b27,b45,70.0,72.0,74.0
b27,b99,58.0,60.0,62.0
b27,b100,52.0,56.0,65.0
b27,b18,49.0,50.0,53.0
b27,b61,72.0,74.0,76.0
b27,b19,55.0,56.0,58.0
b27,b80,70.0,73.0,77.0
b27,b62,39.0,42.0,45.0
b27,b20,74.0,76.0,79.0
b27,b21,72.0,75.0,78.0
b27,b22,43.0,44.0,46.0
b27,b23,42.0,44.0,45.0
b27,b49,45.0,47.0,49.0
b27,b46,77.0,79.0,81.0
b27,b101,70.0,72.0,74.0
b27,b63,57.0,59.0,61.0
b27,b81,72.0,75.0,78.0
b27,b112,23.0,26.0,30.0
b27,b82,67.0,69.0,72.0
b27,b24,23.0,25.0,26.0
b27,b65,54.0,55.0,57.0
b27,b83,75.0,77.0,80.0
b27,b25,59.0,61.0,64.0
b27,b103,59.0,61.0,63.0
b27,b5,38.0,42.0,44.0
b27,b26,28.0,30.0,32.0
b27,b121,77.0,80.0,83.0
b27,b119,76.0,79.0,81.0
b27,b47,63.0,64.0,66.0
b27,b104,65.0,66.0,68.0
b27,b27,0.0,0.0,0.0
b27,b105,61.0,63.0,65.0
b27,b28,50.0,51.0,53.0
b27,b84,70.0,74.0,82.0
b27,b44,74.0,76.0,78.0
b27,b66,58.0,61.0,64.0
b27,b67,43.0,44.0,46.0
b27,b85,86.0,90.0,94.0
b27,b120,64.0,66.0,69.0
b27,b87,88.0,90.0,93.0
b27,b86,72.0,76.0,81.0
b27,b29,55.0,57.0,58.0
b27,b30,52.0,55.0,58.0
b27,b88,55.0,57.0,60.0
b27,b68,73.0,77.0,80.0
b27,b69,96.0,99.0,104.0
b27,b106,78.0,83.0,88.0
b27,b31,50.0,53.0,56.0
b27,b115,81.0,86.0,93.0
b27,b32,38.0,40.0,42.0
b27,b113,32.0,34.0,37.0
b27,b114,40.0,42.0,45.0
b27,b89,79.0,81.0,84.0
b27,b33,62.0,64.0,67.0
b27,b48,72.0,74.0,75.0
b27,b77,64.0,68.0,77.0
b27,b34,62.0,64.0,66.0
b27,b70,85.0,93.0,100.0
b27,b71,31.0,34.0,37.0
b27,b64,53.0,57.0,63.0
b27,b107,51.0,55.0,64.0
b27,b90,96.0,100.0,111.0
b27,b118,69.0,72.0,75.0
b27,b1,56.0,58.0,59.0
b27,b35,41.0,42.0,44.0
b27,b36,17.0,18.0,20.0
b27,b37,23.0,25.0,28.0
b27,b108,68.0,71.0,75.0
b27,b109,59.0,63.0,66.0
b27,b39,76.0,78.0,79.0
b27,b3,58.0,60.0,63.0
b27,p_centro,41.0,43.0,45.0
b27,p_beira_mar,33.0,35.0,37.0
b27,p_aldeota,28.0,30.0,32.0
b27,p_papicu,12.0,13.0,14.0
b27,p_iguatemi,22.0,24.0,25.0
b27,p_unifor,35.0,37.0,38.0
b27,p_centro_eventos,29.0,31.0,32.0
b27,p_parangaba,54.0,56.0,57.0
b27,p_messejana,53.0,55.0,56.0
b27,p_ufc_benfica,47.0,49.0,51.0
b27,p_ufc_pici,67.0,69.0,71.0
b27,p_aeroporto,64.0,73.0,81.0
b105,b91,50.0,52.0,53.0
b105,b92,44.0,47.0,51.0
b105,b2,59.0,62.0,65.0
b105,b93,53.0,57.0,59.0
b105,b4,41.0,43.0,46.0
b105,b50,88.0,91.0,94.0
b105,b40,49.0,51.0,54.0
b105,b122,38.0,42.0,45.0
b105,b41,41.0,43.0,45.0
b105,b6,59.0,63.0,66.0
b105,b51,65.0,67.0,69.0
b105,b94,36.0,39.0,43.0
b105,b7,36.0,39.0,41.0
b105,b95,51.0,53.0,55.0
b105,b8,33.0,34.0,36.0
b105,b72,36.0,39.0,41.0
b105,b73,33.0,36.0,37.0
b105,b110,70.0,73.0,77.0
b105,b52,47.0,49.0,51.0
b105,b53,77.0,80.0,84.0
b105,b74,46.0,48.0,50.0
b105,b9,52.0,55.0,59.0
b105,b10,47.0,51.0,55.0
b105,b111,74.0,79.0,82.0
b105,b54,60.0,63.0,66.0
b105,b55,90.0,94.0,98.0
b105,b11,69.0,73.0,77.0
b105,b42,49.0,50.0,52.0
b105,b75,44.0,49.0,53.0
b105,b76,37.0,39.0,43.0
b105,b117,64.0,66.0,68.0
b105,b96,32.0,33.0,34.0
b105,b12,58.0,62.0,66.0
b105,b56,77.0,79.0,81.0
b105,b13,31.0,32.0,33.0
b105,b116,89.0,92.0,96.0
b105,b97,31.0,33.0,35.0
b105,b98,46.0,48.0,49.0
b105,b14,58.0,61.0,63.0
b105,b43,42.0,44.0,46.0
b105,b57,96.0,102.0,109.0
b105,b38,60.0,63.0,66.0
b105,b58,72.0,75.0,78.0
b105,b15,42.0,46.0,49.0
b105,b17,66.0,68.0,71.0
b105,b16,42.0,44.0,46.0
b105,b78,43.0,46.0,50.0
b105,b79,35.0,40.0,42.0
b105,b59,80.0,82.0,84.0
b105,b60,63.0,67.0,70.0
b105,b45,34.0,36.0,38.0
b105,b99,20.0,21.0,22.0
b105,b100,26.0,28.0,29.0
b105,b18,46.0,50.0,54.0
b105,b61,72.0,74.0,76.0
b105,b19,37.0,38.0,39.0
b105,b80,26.0,28.0,31.0
b105,b62,70.0,73.0,75.0
b105,b20,54.0,58.0,62.0
b105,b21,59.0,62.0,66.0
b105,b22,58.0,60.0,62.0
b105,b23,47.0,49.0,51.0
b105,b49,79.0,81.0,84.0
b105,b46,38.0,40.0,42.0
b105,b101,31.0,33.0,34.0
b105,b63,84.0,88.0,93.0
b105,b81,31.0,33.0,36.0
b105,b112,86.0,89.0,93.0
b105,b82,18.0,19.0,21.0
b105,b24,57.0,61.0,65.0
b105,b65,72.0,74.0,76.0
b105,b83,32.0,33.0,35.0
b105,b25,57.0,61.0,65.0
b105,b103,26.0,27.0,29.0
b105,b5,35.0,38.0,42.0
b105,b26,59.0,62.0,66.0
b105,b121,34.0,37.0,39.0
b105,b119,57.0,60.0,63.0
b105,b47,52.0,54.0,57.0
b105,b104,37.0,39.0,41.0
b105,b27,68.0,71.0,75.0
b105,b105,0.0,0.0,0.0
b105,b28,42.0,46.0,50.0
b105,b84,42.0,43.0,44.0
b105,b44,40.0,42.0,44.0
b105,b66,72.0,75.0,78.0
b105,b67,67.0,69.0,72.0
b105,b85,46.0,49.0,53.0
b105,b120,77.0,80.0,83.0
b105,b87,46.0,48.0,51.0
b105,b86,32.0,33.0,35.0
b105,b29,46.0,49.0,53.0
b105,b30,37.0,38.0,39.0
b105,b88,46.0,48.0,51.0
b105,b68,85.0,89.0,93.0
b105,b69,105.0,108.0,112.0
b105,b106,49.0,52.0,55.0
b105,b31,52.0,57.0,61.0
b105,b115,52.0,54.0,57.0
b105,b32,53.0,57.0,61.0
b105,b113,78.0,81.0,84.0
b105,b114,85.0,88.0,91.0
b105,b89,49.0,51.0,54.0
b105,b33,51.0,54.0,57.0
b105,b48,61.0,63.0,66.0
b105,b77,36.0,38.0,40.0
b105,b34,40.0,43.0,46.0
b105,b70,117.0,127.0,137.0
b105,b71,63.0,66.0,69.0
b105,b64,81.0,88.0,94.0
b105,b107,33.0,34.0,35.0
b105,b90,52.0,55.0,58.0
b105,b118,89.0,94.0,98.0
b105,b1,54.0,58.0,62.0
b105,b35,50.0,59.0,65.0
b105,b36,66.0,70.0,75.0
b105,b37,73.0,79.0,83.0
b105,b108,26.0,28.0,30.0
b105,b109,37.0,40.0,43.0
b105,b39,65.0,67.0,70.0
b105,b3,57.0,60.0,64.0
b105,p_centro,43.0,46.0,50.0
b105,p_beira_mar,60.0,64.0,68.0
b105,p_aldeota,61.0,63.0,66.0
b105,p_papicu,63.0,69.0,72.0
b105,p_iguatemi,63.0,67.0,70.0
b105,p_unifor,72.0,76.0,79.0
b105,p_centro_eventos,73.0,76.0,79.0
b105,p_parangaba,12.0,12.0,12.0
b105,p_messejana,60.0,61.0,63.0
b105,p_ufc_benfica,37.0,40.0,42.0
b105,p_ufc_pici,58.0,61.0,63.0
b105,p_aeroporto,46.0,49.0,53.0
b28,b91,50.0,51.0,53.0
b28,b92,48.0,54.0,59.0
b28,b2,41.0,43.0,45.0
b28,b93,43.0,47.0,51.0
b28,b4,22.0,24.0,26.0
b28,b50,76.0,78.0,81.0
b28,b40,32.0,33.0,35.0
b28,b122,61.0,64.0,68.0
b28,b41,45.0,47.0,49.0
b28,b6,42.0,44.0,46.0
b28,b51,71.0,75.0,78.0
b28,b94,35.0,37.0,40.0
b28,b7,19.0,20.0,22.0
b28,b95,51.0,55.0,58.0
b28,b8,37.0,38.0,39.0
b28,b72,64.0,67.0,71.0
b28,b73,52.0,54.0,56.0
b28,b110,58.0,60.0,63.0
b28,b52,52.0,54.0,56.0
b28,b53,71.0,74.0,76.0
b28,b74,70.0,73.0,76.0
b28,b9,35.0,36.0,38.0
b28,b10,33.0,34.0,36.0
b28,b111,60.0,63.0,65.0
b28,b54,61.0,64.0,67.0
b28,b55,88.0,92.0,97.0
b28,b11,55.0,57.0,59.0
b28,b42,48.0,51.0,54.0
b28,b75,54.0,57.0,60.0
b28,b76,54.0,58.0,62.0
b28,b117,73.0,76.0,78.0
b28,b96,39.0,41.0,42.0
b28,b12,41.0,43.0,45.0
b28,b56,70.0,73.0,77.0
b28,b13,34.0,36.0,38.0
b28,b116,76.0,78.0,81.0
b28,b97,36.0,38.0,39.0
b28,b98,55.0,58.0,62.0
b28,b14,39.0,41.0,43.0
b28,b43,44.0,46.0,48.0
b28,b57,84.0,88.0,92.0
b28,b38,35.0,36.0,38.0
b28,b58,64.0,67.0,70.0
b28,b15,12.0,12.0,12.0
b28,b17,44.0,46.0,48.0
b28,b16,23.0,24.0,26.0
b28,b78,71.0,74.0,76.0
b28,b79,62.0,64.0,67.0
b28,b59,80.0,82.0,84.0
b28,b60,46.0,48.0,49.0
b28,b45,40.0,43.0,46.0
b28,b99,45.0,46.0,48.0
b28,b100,53.0,54.0,56.0
b28,b18,29.0,30.0,32.0
b28,b61,78.0,81.0,83.0
b28,b19,34.0,35.0,37.0
b28,b80,60.0,64.0,67.0
b28,b62,63.0,66.0,69.0
b28,b20,43.0,45.0,47.0
b28,b21,46.0,48.0,50.0
b28,b22,36.0,37.0,38.0
b28,b23,26.0,28.0,29.0
b28,b49,69.0,72.0,76.0
b28,b46,48.0,50.0,52.0
b28,b101,47.0,48.0,50.0
b28,b63,77.0,80.0,84.0
b28,b81,49.0,52.0,56.0
b28,b112,69.0,72.0,75.0
b28,b82,54.0,58.0,61.0
b28,b24,44.0,46.0,48.0
b28,b65,61.0,63.0,66.0
b28,b83,63.0,66.0,70.0
b28,b25,38.0,40.0,42.0
b28,b103,38.0,39.0,41.0
b28,b5,23.0,24.0,25.0
b28,b26,46.0,48.0,51.0
b28,b121,57.0,61.0,65.0
b28,b119,45.0,46.0,48.0
b28,b47,31.0,32.0,33.0
b28,b104,39.0,41.0,42.0
b28,b27,53.0,55.0,56.0
b28,b105,45.0,48.0,52.0
b28,b28,0.0,0.0,0.0
b28,b84,65.0,66.0,68.0
b28,b44,45.0,47.0,49.0
b28,b66,61.0,63.0,65.0
b28,b67,68.0,70.0,72.0
b28,b85,62.0,65.0,69.0
b28,b120,65.0,67.0,70.0
b28,b87,64.0,69.0,73.0
b28,b86,58.0,60.0,62.0
b28,b29,18.0,20.0,23.0
b28,b30,30.0,32.0,34.0
b28,b88,59.0,63.0,66.0
b28,b68,75.0,78.0,85.0
b28,b69,98.0,101.0,106.0
b28,b106,51.0,54.0,57.0
b28,b31,36.0,38.0,40.0
b28,b115,75.0,78.0,81.0
b28,b32,37.0,39.0,41.0
b28,b113,65.0,67.0,70.0
b28,b114,72.0,74.0,77.0
b28,b89,76.0,78.0,81.0
b28,b33,26.0,27.0,29.0
b28,b48,38.0,39.0,40.0
b28,b77,60.0,62.0,64.0
b28,b34,25.0,26.0,29.0
b28,b70,108.0,117.0,129.0
b28,b71,55.0,58.0,61.0
b28,b64,76.0,82.0,87.0
b28,b107,53.0,56.0,59.0
b28,b90,81.0,84.0,88.0
b28,b118,85.0,88.0,92.0
b28,b1,24.0,25.0,25.0
b28,b35,42.0,44.0,46.0
b28,b36,54.0,55.0,57.0
b28,b37,65.0,67.0,69.0
b28,b108,53.0,55.0,57.0
b28,b109,40.0,43.0,46.0
b28,b39,42.0,43.0,44.0
b28,b3,34.0,37.0,39.0
b28,p_centro,32.0,33.0,34.0
b28,p_beira_mar,47.0,49.0,50.0
b28,p_aldeota,43.0,46.0,48.0
b28,p_papicu,50.0,52.0,54.0
b28,p_iguatemi,47.0,49.0,51.0
b28,p_unifor,61.0,63.0,65.0
b28,p_centro_eventos,56.0,58.0,60.0
b28,p_parangaba,38.0,41.0,45.0
b28,p_messejana,55.0,57.0,60.0
b28,p_ufc_benfica,18.0,19.0,21.0
b28,p_ufc_pici,33.0,35.0,37.0
b28,p_aeroporto,50.0,56.0,61.0
b84,b91,50.0,52.0,56.0
b84,b92,61.0,64.0,68.0
b84,b2,66.0,68.0,72.0
b84,b93,60.0,63.0,66.0
b84,b4,62.0,65.0,69.0
b84,b50,83.0,86.0,88.0
b84,b40,69.0,72.0,75.0
b84,b122,58.0,61.0,66.0
b84,b41,62.0,65.0,67.0
b84,b6,84.0,87.0,90.0
b84,b51,56.0,58.0,60.0
b84,b94,64.0,67.0,70.0
b84,b7,56.0,58.0,60.0
b84,b95,33.0,36.0,41.0
b84,b8,48.0,51.0,54.0
b84,b72,58.0,61.0,65.0
b84,b73,53.0,55.0,57.0
b84,b110,97.0,100.0,103.0
b84,b52,43.0,46.0,49.0
b84,b53,75.0,78.0,81.0
b84,b74,67.0,69.0,72.0
b84,b9,75.0,78.0,81.0
b84,b10,70.0,72.0,74.0
b84,b111,87.0,90.0,94.0
b84,b54,58.0,60.0,64.0
b84,b55,82.0,86.0,90.0
b84,b11,80.0,83.0,86.0
b84,b42,72.0,74.0,76.0
b84,b75,67.0,72.0,76.0
b84,b76,60.0,62.0,65.0
b84,b117,53.0,56.0,58.0
b84,b96,54.0,55.0,57.0
b84,b12,84.0,87.0,91.0
b84,b56,69.0,71.0,73.0
b84,b13,51.0,53.0,55.0
b84,b116,109.0,112.0,116.0
b84,b97,53.0,56.0,58.0
b84,b98,49.0,51.0,52.0
b84,b14,62.0,65.0,68.0
b84,b43,63.0,65.0,68.0
b84,b57,98.0,104.0,111.0
b84,b38,82.0,85.0,88.0
b84,b58,71.0,74.0,77.0
b84,b15,66.0,68.0,71.0
b84,b17,88.0,92.0,97.0
b84,b16,59.0,62.0,64.0
b84,b78,68.0,70.0,74.0
b84,b79,59.0,62.0,66.0
b84,b59,71.0,74.0,76.0
b84,b60,75.0,79.0,82.0
b84,b45,54.0,56.0,59.0
b84,b99,43.0,45.0,47.0
b84,b100,24.0,25.0,26.0
b84,b18,70.0,73.0,76.0
b84,b61,61.0,64.0,66.0
b84,b19,51.0,54.0,57.0
b84,b80,41.0,44.0,47.0
b84,b62,69.0,72.0,76.0
b84,b20,76.0,80.0,83.0
b84,b21,81.0,84.0,88.0
b84,b22,70.0,73.0,78.0
b84,b23,60.0,63.0,66.0
b84,b49,75.0,78.0,81.0
b84,b46,58.0,60.0,63.0
b84,b101,52.0,54.0,57.0
b84,b63,76.0,82.0,87.0
b84,b81,50.0,52.0,54.0
b84,b112,96.0,99.0,103.0
b84,b82,39.0,44.0,47.0
b84,b24,80.0,82.0,85.0
b84,b65,62.0,65.0,67.0
b84,b83,37.0,38.0,40.0
b84,b25,81.0,84.0,87.0
b84,b103,42.0,45.0,47.0
b84,b5,63.0,67.0,71.0
b84,b26,86.0,88.0,92.0
b84,b121,51.0,54.0,56.0
b84,b119,79.0,82.0,85.0
b84,b47,72.0,75.0,78.0
b84,b104,61.0,63.0,66.0
b84,b27,81.0,83.0,87.0
b84,b105,43.0,45.0,47.0
b84,b28,68.0,71.0,73.0
b84,b84,0.0,0.0,0.0
b84,b44,62.0,64.0,67.0
b84,b66,70.0,74.0,77.0
b84,b67,64.0,67.0,70.0
b84,b85,69.0,73.0,76.0
b84,b120,71.0,74.0,76.0
b84,b87,67.0,69.0,72.0
b84,b86,51.0,53.0,55.0
b84,b29,71.0,74.0,76.0
b84,b30,49.0,51.0,53.0
b84,b88,26.0,29.0,33.0
b84,b68,76.0,80.0,85.0
b84,b69,97.0,99.0,103.0
b84,b106,72.0,75.0,80.0
b84,b31,79.0,82.0,86.0
b84,b115,37.0,40.0,45.0
b84,b32,77.0,80.0,83.0
b84,b113,102.0,105.0,109.0
b84,b114,110.0,113.0,116.0
b84,b89,38.0,41.0,45.0
b84,b33,73.0,76.0,80.0
b84,b48,82.0,85.0,90.0
b84,b77,26.0,26.0,28.0
b84,b34,63.0,65.0,69.0
b84,b70,108.0,113.0,124.0
b84,b71,62.0,65.0,68.0
b84,b64,78.0,85.0,92.0
b84,b107,35.0,36.0,38.0
b84,b90,76.0,80.0,83.0
b84,b118,79.0,84.0,88.0
b84,b1,78.0,81.0,84.0
b84,b35,68.0,70.0,74.0
b84,b36,79.0,81.0,85.0
b84,b37,94.0,97.0,101.0
b84,b108,51.0,53.0,55.0
b84,b109,54.0,57.0,59.0
b84,b39,86.0,88.0,92.0
b84,b3,79.0,81.0,84.0
b84,p_centro,68.0,71.0,73.0
b84,p_beira_mar,81.0,84.0,87.0
b84,p_aldeota,66.0,68.0,72.0
b84,p_papicu,75.0,77.0,80.0
b84,p_iguatemi,76.0,79.0,82.0
b84,p_unifor,73.0,76.0,79.0
b84,p_centro_eventos,76.0,79.0,83.0
b84,p_parangaba,35.0,36.0,38.0
b84,p_messejana,50.0,52.0,55.0
b84,p_ufc_benfica,58.0,60.0,62.0
b84,p_ufc_pici,80.0,82.0,85.0
b84,p_aeroporto,63.0,66.0,70.0
b44,b91,71.0,72.0,75.0
b44,b92,60.0,63.0,67.0
b44,b2,64.0,67.0,69.0
b44,b93,62.0,65.0,69.0
b44,b4,41.0,44.0,46.0
b44,b50,97.0,100.0,102.0
b44,b40,20.0,22.0,25.0
b44,b122,61.0,65.0,68.0
b44,b41,10.0,11.0,12.0
b44,b6,49.0,52.0,54.0
b44,b51,80.0,84.0,87.0
b44,b94,37.0,38.0,40.0
b44,b7,40.0,41.0,43.0
b44,b95,71.0,73.0,76.0
b44,b8,45.0,47.0,50.0
b44,b72,41.0,45.0,48.0
b44,b73,29.0,31.0,33.0
b44,b110,82.0,84.0,87.0
b44,b52,63.0,65.0,69.0
b44,b53,94.0,96.0,98.0
b44,b74,56.0,59.0,61.0
b44,b9,55.0,56.0,58.0
b44,b10,54.0,56.0,58.0
b44,b111,80.0,83.0,87.0
b44,b54,77.0,80.0,83.0
b44,b55,104.0,110.0,115.0
b44,b11,76.0,79.0,81.0
b44,b42,13.0,15.0,16.0
b44,b75,19.0,21.0,23.0
b44,b76,53.0,56.0,59.0
b44,b117,79.0,83.0,87.0
b44,b96,29.0,31.0,33.0
b44,b12,58.0,61.0,63.0
b44,b56,92.0,95.0,98.0
b44,b13,38.0,40.0,42.0
b44,b116,96.0,99.0,102.0
b44,b97,24.0,26.0,28.0
b44,b98,65.0,67.0,70.0
b44,b14,63.0,66.0,68.0
b44,b43,17.0,18.0,19.0
b44,b57,110.0,114.0,119.0
b44,b38,49.0,52.0,55.0
b44,b58,88.0,90.0,93.0
b44,b15,41.0,43.0,45.0
b44,b17,47.0,50.0,52.0
b44,b16,47.0,49.0,51.0
b44,b78,37.0,39.0,41.0
b44,b79,29.0,30.0,33.0
b44,b59,94.0,98.0,102.0
b44,b60,70.0,72.0,74.0
b44,b45,15.0,17.0,19.0
b44,b99,37.0,40.0,43.0
b44,b100,44.0,46.0,49.0
b44,b18,51.0,52.0,54.0
b44,b61,87.0,90.0,93.0
b44,b19,47.0,49.0,51.0
b44,b80,51.0,53.0,55.0
b44,b62,87.0,90.0,93.0
b44,b20,36.0,38.0,40.0
b44,b21,42.0,43.0,45.0
b44,b22,60.0,62.0,64.0
b44,b23,49.0,51.0,53.0
b44,b49,93.0,96.0,98.0
b44,b46,28.0,30.0,32.0
b44,b101,25.0,26.0,28.0
b44,b63,99.0,105.0,109.0
b44,b81,45.0,48.0,51.0
b44,b112,90.0,93.0,96.0
b44,b82,42.0,45.0,47.0
b44,b24,68.0,70.0,72.0
b44,b65,82.0,84.0,87.0
b44,b83,50.0,53.0,57.0
b44,b25,55.0,58.0,61.0
b44,b103,39.0,42.0,45.0
b44,b5,47.0,49.0,52.0
b44,b26,70.0,73.0,75.0
b44,b121,46.0,49.0,52.0
b44,b119,36.0,38.0,41.0
b44,b47,32.0,34.0,36.0
b44,b104,31.0,33.0,35.0
b44,b27,74.0,76.0,78.0
b44,b105,37.0,39.0,41.0
b44,b28,43.0,45.0,47.0
b44,b84,59.0,61.0,63.0
b44,b44,0.0,0.0,0.0
b44,b66,84.0,86.0,88.0
b44,b67,83.0,86.0,90.0
b44,b85,64.0,67.0,70.0
b44,b120,86.0,89.0,91.0
b44,b87,57.0,61.0,65.0
b44,b86,39.0,42.0,46.0
b44,b29,38.0,40.0,42.0
b44,b30,50.0,52.0,54.0
b44,b88,64.0,67.0,70.0
b44,b68,98.0,103.0,108.0
b44,b69,119.0,123.0,128.0
b44,b106,38.0,41.0,44.0
b44,b31,59.0,61.0,64.0
b44,b115,69.0,73.0,78.0
b44,b32,62.0,63.0,65.0
b44,b113,89.0,92.0,94.0
b44,b114,96.0,99.0,101.0
b44,b89,71.0,74.0,78.0
b44,b33,42.0,44.0,46.0
b44,b48,27.0,29.0,32.0
b44,b77,53.0,57.0,60.0
b44,b34,39.0,41.0,43.0
b44,b70,134.0,141.0,149.0
b44,b71,78.0,81.0,84.0
b44,b64,101.0,108.0,114.0
b44,b107,49.0,52.0,55.0
b44,b90,52.0,55.0,60.0
b44,b118,104.0,108.0,112.0
b44,b1,44.0,46.0,48.0
b44,b35,66.0,69.0,71.0
b44,b36,76.0,78.0,81.0
b44,b37,90.0,93.0,95.0
b44,b108,42.0,44.0,46.0
b44,b109,52.0,55.0,60.0
b44,b39,31.0,33.0,36.0
b44,b3,48.0,51.0,54.0
b44,p_centro,53.0,54.0,56.0
b44,p_beira_mar,71.0,73.0,75.0
b44,p_aldeota,67.0,69.0,72.0
b44,p_papicu,74.0,76.0,78.0
b44,p_iguatemi,71.0,73.0,75.0
b44,p_unifor,85.0,87.0,89.0
b44,p_centro_eventos,81.0,83.0,85.0
b44,p_parangaba,28.0,31.0,33.0
b44,p_messejana,75.0,78.0,80.0
b44,p_ufc_benfica,41.0,42.0,44.0
b44,p_ufc_pici,41.0,43.0,45.0
b44,p_aeroporto,62.0,65.0,69.0
b66,b91,35.0,36.0,37.0
b66,b92,77.0,83.0,86.0
b66,b2,61.0,62.0,64.0
b66,b93,42.0,43.0,45.0
b66,b4,73.0,76.0,78.0
b66,b50,46.0,49.0,51.0
b66,b40,81.0,82.0,84.0
b66,b122,78.0,82.0,86.0
b66,b41,87.0,88.0,90.0
b66,b6,80.0,82.0,84.0
b66,b51,43.0,46.0,48.0
b66,b94,76.0,78.0,80.0
b66,b7,54.0,56.0,57.0
b66,b95,51.0,52.0,54.0
b66,b8,65.0,67.0,69.0
b66,b72,77.0,82.0,86.0
b66,b73,72.0,74.0,78.0
b66,b110,80.0,85.0,87.0
b66,b52,32.0,35.0,35.0
b66,b53,31.0,32.0,34.0
b66,b74,85.0,90.0,93.0
b66,b9,70.0,72.0,73.0
b66,b10,53.0,54.0,56.0
b66,b111,69.0,72.0,75.0
b66,b54,21.0,24.0,27.0
b66,b55,55.0,59.0,62.0
b66,b11,56.0,59.0,62.0
b66,b42,94.0,96.0,98.0
b66,b75,91.0,96.0,99.0
b66,b76,76.0,81.0,85.0
b66,b117,45.0,47.0,49.0
b66,b96,75.0,77.0,78.0
b66,b12,78.0,81.0,83.0
b66,b56,42.0,44.0,46.0
b66,b13,68.0,71.0,72.0
b66,b116,89.0,95.0,98.0
b66,b97,72.0,74.0,75.0
b66,b98,54.0,57.0,60.0
b66,b14,58.0,59.0,61.0
b66,b43,88.0,89.0,91.0
b66,b57,79.0,82.0,88.0
b66,b38,80.0,83.0,85.0
b66,b58,43.0,49.0,53.0
b66,b15,57.0,58.0,60.0
b66,b17,92.0,95.0,98.0
b66,b16,45.0,47.0,48.0
b66,b78,87.0,91.0,94.0
b66,b79,78.0,82.0,86.0
b66,b59,46.0,48.0,50.0
b66,b60,53.0,56.0,59.0
b66,b45,77.0,79.0,82.0
b66,b99,65.0,67.0,70.0
b66,b100,56.0,58.0,60.0
b66,b18,64.0,66.0,68.0
b66,b61,52.0,54.0,56.0
b66,b19,60.0,62.0,64.0
b66,b80,72.0,75.0,78.0
b66,b62,30.0,33.0,36.0
b66,b20,91.0,93.0,96.0
b66,b21,91.0,94.0,97.0
b66,b22,53.0,54.0,55.0
b66,b23,49.0,50.0,51.0
b66,b49,45.0,47.0,50.0
b66,b46,77.0,80.0,83.0
b66,b101,76.0,78.0,81.0
b66,b63,44.0,48.0,53.0
b66,b81,67.0,70.0,74.0
b66,b112,80.0,84.0,88.0
b66,b82,67.0,71.0,73.0
b66,b24,68.0,70.0,72.0
b66,b65,28.0,30.0,32.0
b66,b83,55.0,58.0,60.0
b66,b25,74.0,76.0,78.0
b66,b103,65.0,67.0,69.0
b66,b5,63.0,64.0,66.0
b66,b26,68.0,73.0,76.0
b66,b121,69.0,72.0,75.0
b66,b119,94.0,95.0,97.0
b66,b47,78.0,80.0,81.0
b66,b104,77.0,78.0,80.0
b66,b27,64.0,67.0,71.0
b66,b105,67.0,69.0,71.0
b66,b28,64.0,65.0,67.0
b66,b84,69.0,72.0,74.0
b66,b44,86.0,87.0,89.0
b66,b66,0.0,0.0,0.0
b66,b67,28.0,32.0,39.0
b66,b85,91.0,95.0,99.0
b66,b120,35.0,37.0,40.0
b66,b87,85.0,89.0,93.0
b66,b86,67.0,71.0,74.0
b66,b29,69.0,71.0,72.0
b66,b30,63.0,65.0,67.0
b66,b88,55.0,57.0,59.0
b66,b68,44.0,47.0,51.0
b66,b69,71.0,73.0,77.0
b66,b106,92.0,99.0,105.0
b66,b31,73.0,76.0,79.0
b66,b115,72.0,76.0,79.0
b66,b32,61.0,63.0,66.0
b66,b113,81.0,86.0,91.0
b66,b114,86.0,91.0,96.0
b66,b89,63.0,68.0,71.0
b66,b33,75.0,77.0,80.0
b66,b48,87.0,88.0,90.0
b66,b77,67.0,70.0,73.0
b66,b34,73.0,75.0,77.0
b66,b70,76.0,82.0,89.0
b66,b71,40.0,44.0,48.0
b66,b64,46.0,51.0,57.0
b66,b107,57.0,59.0,61.0
b66,b90,93.0,99.0,105.0
b66,b118,53.0,55.0,58.0
b66,b1,71.0,72.0,74.0
b66,b35,57.0,60.0,61.0
b66,b36,62.0,66.0,70.0
b66,b37,72.0,75.0,79.0
b66,b108,71.0,74.0,77.0
b66,b109,66.0,70.0,72.0
b66,b39,91.0,92.0,94.0
b66,b3,75.0,76.0,79.0
b66,p_centro,54.0,55.0,56.0
b66,p_beira_mar,72.0,74.0,76.0
b66,p_aldeota,61.0,62.0,64.0
b66,p_papicu,53.0,58.0,61.0
b66,p_iguatemi,49.0,52.0,56.0
b66,p_unifor,51.0,54.0,57.0
b66,p_centro_eventos,49.0,52.0,55.0
b66,p_parangaba,59.0,61.0,63.0
b66,p_messejana,28.0,29.0,30.0
b66,p_ufc_benfica,58.0,59.0,61.0
b66,p_ufc_pici,82.0,84.0,86.0
b66,p_aeroporto,79.0,85.0,89.0
b67,b91,41.0,44.0,46.0
b67,b92,78.0,82.0,86.0
b67,b2,53.0,55.0,56.0
b67,b93,48.0,51.0,53.0
b67,b4,78.0,80.0,82.0
b67,b50,59.0,61.0,65.0
b67,b40,86.0,88.0,91.0
b67,b122,83.0,88.0,93.0
b67,b41,80.0,84.0,87.0
b67,b6,87.0,90.0,93.0
b67,b51,53.0,55.0,57.0
b67,b94,80.0,83.0,85.0
b67,b7,59.0,61.0,64.0
b67,b95,50.0,52.0,54.0
b67,b8,71.0,74.0,76.0
b67,b72,75.0,83.0,89.0
b67,b73,73.0,77.0,80.0
b67,b110,66.0,69.0,72.0
b67,b52,26.0,27.0,30.0
b67,b53,31.0,32.0,34.0
b67,b74,86.0,92.0,98.0
b67,b9,78.0,80.0,83.0
b67,b10,61.0,63.0,65.0
b67,b111,51.0,53.0,55.0
b67,b54,26.0,28.0,29.0
b67,b55,63.0,66.0,69.0
b67,b11,37.0,40.0,42.0
b67,b42,89.0,92.0,95.0
b67,b75,90.0,93.0,97.0
b67,b76,79.0,83.0,87.0
b67,b117,51.0,52.0,54.0
b67,b96,73.0,75.0,79.0
b67,b12,85.0,89.0,91.0
b67,b56,31.0,34.0,36.0
b67,b13,71.0,73.0,76.0
b67,b116,71.0,74.0,77.0
b67,b97,71.0,75.0,78.0
b67,b98,59.0,61.0,64.0
b67,b14,52.0,54.0,55.0
b67,b43,82.0,85.0,88.0
b67,b57,58.0,61.0,65.0
b67,b38,86.0,89.0,92.0
b67,b58,32.0,34.0,38.0
b67,b15,63.0,65.0,67.0
b67,b17,99.0,102.0,105.0
b67,b16,53.0,55.0,57.0
b67,b78,88.0,92.0,100.0
b67,b79,79.0,83.0,87.0
b67,b59,44.0,45.0,46.0
b67,b60,35.0,39.0,41.0
b67,b45,72.0,76.0,79.0
b67,b99,64.0,67.0,69.0
b67,b100,49.0,52.0,54.0
b67,b18,72.0,74.0,77.0
b67,b61,57.0,60.0,61.0
b67,b19,68.0,71.0,73.0
b67,b80,70.0,73.0,77.0
b67,b62,36.0,39.0,43.0
b67,b20,95.0,98.0,101.0
b67,b21,97.0,100.0,103.0
b67,b22,59.0,61.0,63.0
b67,b23,57.0,59.0,60.0
b67,b49,30.0,32.0,35.0
b67,b46,77.0,80.0,84.0
b67,b101,70.0,73.0,76.0
b67,b63,41.0,43.0,46.0
b67,b81,69.0,75.0,79.0
b67,b112,61.0,64.0,66.0
b67,b82,67.0,71.0,74.0
b67,b24,58.0,60.0,62.0
b67,b65,38.0,40.0,42.0
b67,b83,59.0,65.0,69.0
b67,b25,82.0,84.0,87.0
b67,b103,66.0,69.0,71.0
b67,b5,69.0,71.0,73.0
b67,b26,57.0,60.0,63.0
b67,b121,72.0,78.0,81.0
b67,b119,98.0,100.0,103.0
b67,b47,85.0,86.0,88.0
b67,b104,79.0,81.0,83.0
b67,b27,46.0,49.0,52.0
b67,b105,62.0,65.0,68.0
b67,b28,70.0,72.0,73.0
b67,b84,64.0,66.0,69.0
b67,b44,80.0,83.0,86.0
b67,b66,29.0,34.0,38.0
b67,b67,0.0,0.0,0.0
b67,b85,91.0,95.0,99.0
b67,b120,47.0,50.0,53.0
b67,b87,87.0,91.0,95.0
b67,b86,70.0,75.0,79.0
b67,b29,74.0,77.0,79.0
b67,b30,68.0,70.0,72.0
b67,b88,49.0,51.0,54.0
b67,b68,56.0,60.0,63.0
b67,b69,82.0,85.0,89.0
b67,b106,90.0,94.0,98.0
b67,b31,80.0,84.0,87.0
b67,b115,77.0,81.0,85.0
b67,b32,68.0,70.0,72.0
b67,b113,67.0,70.0,72.0
b67,b114,75.0,77.0,79.0
b67,b89,68.0,74.0,77.0
b67,b33,79.0,82.0,85.0
b67,b48,94.0,96.0,98.0
b67,b77,64.0,66.0,69.0
b67,b34,80.0,82.0,84.0
b67,b70,72.0,79.0,87.0
b67,b71,40.0,43.0,47.0
b67,b64,35.0,39.0,45.0
b67,b107,51.0,54.0,56.0
b67,b90,95.0,104.0,110.0
b67,b118,56.0,59.0,62.0
b67,b1,77.0,79.0,80.0
b67,b35,58.0,60.0,63.0
b67,b36,50.0,52.0,53.0
b67,b37,56.0,58.0,61.0
b67,b108,69.0,73.0,76.0
b67,b109,72.0,76.0,79.0
b67,b39,98.0,100.0,102.0
b67,b3,82.0,84.0,86.0
b67,p_centro,61.0,63.0,65.0
b67,p_beira_mar,63.0,65.0,68.0
b67,p_aldeota,54.0,55.0,57.0
b67,p_papicu,43.0,44.0,46.0
b67,p_iguatemi,35.0,36.0,37.0
b67,p_unifor,35.0,36.0,37.0
b67,p_centro_eventos,32.0,33.0,34.0
b67,p_parangaba,54.0,57.0,59.0
b67,p_messejana,38.0,40.0,42.0
b67,p_ufc_benfica,63.0,65.0,67.0
b67,p_ufc_pici,89.0,91.0,93.0
b67,p_aeroporto,80.0,84.0,88.0
b85,b91,81.0,83.0,87.0
b85,b92,71.0,75.0,80.0
b85,b2,77.0,81.0,85.0
b85,b93,78.0,82.0,86.0
b85,b4,58.0,61.0,65.0
b85,b50,104.0,107.0,110.0
b85,b40,69.0,71.0,74.0
b85,b122,31.0,34.0,37.0
b85,b41,63.0,66.0,69.0
b85,b6,76.0,80.0,83.0
b85,b51,78.0,81.0,83.0
b85,b94,53.0,57.0,61.0
b85,b7,52.0,56.0,60.0
b85,b95,76.0,79.0,83.0
b85,b8,59.0,63.0,66.0
b85,b72,49.0,52.0,54.0
b85,b73,43.0,46.0,49.0
b85,b110,88.0,92.0,96.0
b85,b52,80.0,83.0,87.0
b85,b53,102.0,105.0,107.0
b85,b74,29.0,32.0,34.0
b85,b9,68.0,72.0,76.0
b85,b10,64.0,67.0,72.0
b85,b111,94.0,97.0,102.0
b85,b54,94.0,98.0,101.0
b85,b55,102.0,107.0,112.0
b85,b11,90.0,94.0,98.0
b85,b42,67.0,70.0,73.0
b85,b75,67.0,69.0,72.0
b85,b76,27.0,29.0,32.0
b85,b117,77.0,80.0,83.0
b85,b96,48.0,52.0,56.0
b85,b12,75.0,79.0,83.0
b85,b56,91.0,94.0,97.0
b85,b13,51.0,54.0,58.0
b85,b116,107.0,111.0,115.0
b85,b97,50.0,53.0,57.0
b85,b98,78.0,81.0,84.0
b85,b14,78.0,81.0,86.0
b85,b43,64.0,66.0,69.0
b85,b57,124.0,130.0,135.0
b85,b38,77.0,81.0,84.0
b85,b58,101.0,105.0,110.0
b85,b15,58.0,62.0,66.0
b85,b17,84.0,87.0,90.0
b85,b16,60.0,63.0,68.0
b85,b78,59.0,62.0,65.0
b85,b79,52.0,54.0,57.0
b85,b59,92.0,95.0,99.0
b85,b60,84.0,87.0,92.0
b85,b45,49.0,52.0,55.0
b85,b99,51.0,54.0,58.0
b85,b100,59.0,61.0,65.0
b85,b18,63.0,66.0,71.0
b85,b61,85.0,88.0,91.0
b85,b19,62.0,65.0,69.0
b85,b80,60.0,62.0,65.0
b85,b62,100.0,103.0,107.0
b85,b20,74.0,78.0,81.0
b85,b21,80.0,82.0,86.0
b85,b22,74.0,78.0,82.0
b85,b23,64.0,67.0,71.0
b85,b49,100.0,103.0,106.0
b85,b46,48.0,51.0,54.0
b85,b101,55.0,58.0,61.0
b85,b63,100.0,106.0,110.0
b85,b81,40.0,42.0,44.0
b85,b112,104.0,108.0,113.0
b85,b82,50.0,53.0,56.0
b85,b24,74.0,78.0,82.0
b85,b65,86.0,89.0,91.0
b85,b83,48.0,50.0,52.0
b85,b25,74.0,77.0,82.0
b85,b103,56.0,59.0,63.0
b85,b5,51.0,55.0,59.0
b85,b26,76.0,80.0,84.0
b85,b121,38.0,40.0,42.0
b85,b119,78.0,82.0,85.0
b85,b47,72.0,74.0,77.0
b85,b104,54.0,57.0,61.0
b85,b27,87.0,91.0,95.0
b85,b105,46.0,50.0,54.0
b85,b28,60.0,63.0,67.0
b85,b84,71.0,74.0,76.0
b85,b44,63.0,66.0,69.0
b85,b66,95.0,98.0,101.0
b85,b67,101.0,104.0,108.0
b85,b85,0.0,0.0,0.0
b85,b120,94.0,98.0,101.0
b85,b87,13.0,13.0,13.0
b85,b86,35.0,37.0,40.0
b85,b29,63.0,67.0,71.0
b85,b30,62.0,66.0,70.0
b85,b88,70.0,73.0,77.0
b85,b68,100.0,104.0,109.0
b85,b69,119.0,122.0,127.0
b85,b106,69.0,73.0,78.0
b85,b31,69.0,73.0,78.0
b85,b115,65.0,69.0,75.0
b85,b32,70.0,74.0,78.0
b85,b113,95.0,99.0,103.0
b85,b114,102.0,106.0,110.0
b85,b89,68.0,71.0,74.0
b85,b33,68.0,71.0,75.0
b85,b48,82.0,84.0,87.0
b85,b77,67.0,70.0,73.0
b85,b34,56.0,60.0,64.0
b85,b70,134.0,141.0,149.0
b85,b71,92.0,96.0,100.0
b85,b64,115.0,120.0,125.0
b85,b107,65.0,68.0,71.0
b85,b90,66.0,70.0,73.0
b85,b118,100.0,105.0,110.0
b85,b1,70.0,74.0,78.0
b85,b35,76.0,81.0,86.0
b85,b36,87.0,90.0,94.0
b85,b37,96.0,101.0,106.0
b85,b108,43.0,45.0,47.0
b85,b109,64.0,69.0,75.0
b85,b39,85.0,87.0,90.0
b85,b3,74.0,78.0,82.0
b85,p_centro,59.0,63.0,67.0
b85,p_beira_mar,77.0,81.0,85.0
b85,p_aldeota,80.0,83.0,87.0
b85,p_papicu,86.0,90.0,94.0
b85,p_iguatemi,84.0,88.0,92.0
b85,p_unifor,98.0,102.0,106.0
b85,p_centro_eventos,93.0,97.0,101.0
b85,p_parangaba,39.0,43.0,47.0
b85,p_messejana,74.0,76.0,79.0
b85,p_ufc_benfica,53.0,57.0,61.0
b85,p_ufc_pici,75.0,78.0,82.0
b85,p_aeroporto,73.0,77.0,82.0
b120,b91,45.0,47.0,50.0
b120,b92,86.0,91.0,96.0
b120,b2,71.0,74.0,76.0
b120,b93,52.0,55.0,57.0
b120,b4,81.0,84.0,87.0
b120,b50,16.0,19.0,22.0
b120,b40,90.0,92.0,95.0
b120,b122,74.0,78.0,82.0
b120,b41,95.0,98.0,101.0
b120,b6,91.0,94.0,97.0
b120,b51,41.0,43.0,46.0
b120,b94,86.0,89.0,92.0
b120,b7,62.0,65.0,68.0
b120,b95,59.0,61.0,64.0
b120,b8,75.0,78.0,80.0
b120,b72,71.0,77.0,82.0
b120,b73,66.0,71.0,75.0
b120,b110,91.0,95.0,100.0
b120,b52,43.0,46.0,48.0
b120,b53,46.0,49.0,52.0
b120,b74,80.0,83.0,88.0
b120,b9,81.0,83.0,86.0
b120,b10,65.0,67.0,69.0
b120,b111,76.0,78.0,82.0
b120,b54,49.0,51.0,54.0
b120,b55,43.0,45.0,49.0
b120,b11,62.0,64.0,67.0
b120,b42,98.0,102.0,105.0
b120,b75,92.0,96.0,100.0
b120,b76,71.0,76.0,80.0
b120,b117,29.0,33.0,36.0
b120,b96,83.0,86.0,89.0
b120,b12,90.0,93.0,96.0
b120,b56,33.0,35.0,38.0
b120,b13,78.0,80.0,83.0
b120,b116,97.0,100.0,103.0
b120,b97,79.0,82.0,85.0
b120,b98,66.0,69.0,71.0
b120,b14,67.0,69.0,72.0
b120,b43,88.0,92.0,95.0
b120,b57,83.0,87.0,93.0
b120,b38,89.0,92.0,96.0
b120,b58,67.0,70.0,74.0
b120,b15,69.0,71.0,74.0
b120,b17,103.0,107.0,111.0
b120,b16,54.0,57.0,59.0
b120,b78,82.0,86.0,90.0
b120,b79,75.0,80.0,85.0
b120,b59,37.0,39.0,42.0
b120,b60,61.0,64.0,67.0
b120,b45,72.0,77.0,81.0
b120,b99,76.0,78.0,82.0
b120,b100,64.0,67.0,71.0
b120,b18,74.0,77.0,79.0
b120,b61,23.0,26.0,30.0
b120,b19,71.0,73.0,76.0
b120,b80,67.0,73.0,78.0
b120,b62,49.0,51.0,54.0
b120,b20,102.0,105.0,108.0
b120,b21,102.0,106.0,109.0
b120,b22,64.0,66.0,68.0
b120,b23,59.0,61.0,64.0
b120,b49,42.0,45.0,49.0
b120,b46,72.0,76.0,80.0
b120,b101,81.0,86.0,90.0
b120,b63,37.0,43.0,47.0
b120,b81,61.0,65.0,69.0
b120,b112,90.0,94.0,98.0
b120,b82,62.0,67.0,70.0
b120,b24,80.0,83.0,87.0
b120,b65,23.0,26.0,28.0
b120,b83,49.0,53.0,56.0
b120,b25,83.0,86.0,90.0
b120,b103,76.0,79.0,81.0
b120,b5,73.0,75.0,78.0
b120,b26,85.0,88.0,92.0
b120,b121,63.0,67.0,71.0
b120,b119,105.0,107.0,110.0
b120,b47,89.0,91.0,94.0
b120,b104,85.0,87.0,91.0
b120,b27,72.0,75.0,78.0
b120,b105,74.0,77.0,81.0
b120,b28,73.0,75.0,78.0
b120,b84,67.0,70.0,74.0
b120,b44,94.0,97.0,100.0
b120,b66,40.0,43.0,45.0
b120,b67,55.0,58.0,61.0
b120,b85,85.0,89.0,94.0
b120,b120,0.0,0.0,0.0
b120,b87,79.0,84.0,88.0
b120,b86,62.0,66.0,70.0
b120,b29,77.0,80.0,82.0
b120,b30,72.0,75.0,77.0
b120,b88,56.0,59.0,62.0
b120,b68,24.0,26.0,29.0
b120,b69,42.0,45.0,48.0
b120,b106,102.0,109.0,114.0
b120,b31,85.0,87.0,91.0
b120,b115,67.0,71.0,74.0
b120,b32,71.0,74.0,77.0
b120,b113,86.0,90.0,94.0
b120,b114,78.0,86.0,95.0
b120,b89,58.0,62.0,67.0
b120,b33,83.0,86.0,89.0
b120,b48,97.0,100.0,103.0
b120,b77,66.0,70.0,74.0
b120,b34,82.0,85.0,89.0
b120,b70,69.0,75.0,82.0
b120,b71,62.0,66.0,69.0
b120,b64,56.0,60.0,67.0
b120,b107,71.0,73.0,76.0
b120,b90,87.0,93.0,101.0
b120,b118,35.0,38.0,41.0
b120,b1,81.0,83.0,86.0
b120,b35,67.0,70.0,73.0
b120,b36,74.0,76.0,79.0
b120,b37,78.0,81.0,84.0
b120,b108,66.0,71.0,75.0
b120,b109,75.0,78.0,82.0
b120,b39,101.0,104.0,107.0
b120,b3,84.0,87.0,90.0
b120,p_centro,65.0,68.0,70.0
b120,p_beira_mar,84.0,88.0,91.0
b120,p_aldeota,71.0,74.0,76.0
b120,p_papicu,67.0,69.0,72.0
b120,p_iguatemi,57.0,60.0,62.0
b120,p_unifor,58.0,61.0,63.0
b120,p_centro_eventos,54.0,57.0,59.0
b120,p_parangaba,69.0,72.0,74.0
b120,p_messejana,21.0,23.0,25.0
b120,p_ufc_benfica,66.0,68.0,71.0
b120,p_ufc_pici,91.0,94.0,97.0
b120,p_aeroporto,88.0,93.0,99.0
b87,b91,77.0,80.0,82.0
b87,b92,72.0,77.0,83.0
b87,b2,80.0,84.0,88.0
b87,b93,81.0,84.0,88.0
b87,b4,60.0,64.0,68.0
b87,b50,97.0,100.0,103.0
b87,b40,61.0,64.0,67.0
b87,b122,38.0,42.0,46.0
b87,b41,56.0,59.0,62.0
b87,b6,76.0,79.0,83.0
b87,b51,68.0,71.0,73.0
b87,b94,55.0,60.0,63.0
b87,b7,54.0,58.0,62.0
b87,b95,67.0,70.0,73.0
b87,b8,60.0,62.0,65.0
b87,b72,40.0,43.0,46.0
b87,b73,35.0,38.0,41.0
b87,b110,90.0,95.0,99.0
b87,b52,77.0,80.0,83.0
b87,b53,94.0,96.0,99.0
b87,b74,20.0,23.0,25.0
b87,b9,70.0,74.0,79.0
b87,b10,66.0,70.0,75.0
b87,b111,99.0,104.0,108.0
b87,b54,92.0,95.0,99.0
b87,b55,94.0,99.0,105.0
b87,b11,93.0,98.0,102.0
b87,b42,59.0,62.0,66.0
b87,b75,59.0,63.0,66.0
b87,b76,13.0,13.0,13.0
b87,b117,67.0,70.0,73.0
b87,b96,50.0,53.0,56.0
b87,b12,77.0,81.0,86.0
b87,b56,82.0,84.0,86.0
b87,b13,51.0,54.0,58.0
b87,b116,110.0,115.0,119.0
b87,b97,49.0,52.0,55.0
b87,b98,74.0,77.0,80.0
b87,b14,80.0,83.0,87.0
b87,b43,56.0,59.0,62.0
b87,b57,136.0,142.0,148.0
b87,b38,78.0,82.0,87.0
b87,b58,100.0,105.0,110.0
b87,b15,60.0,64.0,69.0
b87,b17,78.0,82.0,87.0
b87,b16,61.0,64.0,70.0
b87,b78,51.0,54.0,57.0
b87,b79,45.0,48.0,51.0
b87,b59,84.0,87.0,90.0
b87,b60,85.0,89.0,93.0
b87,b45,41.0,44.0,48.0
b87,b99,50.0,52.0,55.0
b87,b100,54.0,57.0,60.0
b87,b18,65.0,69.0,74.0
b87,b61,76.0,78.0,81.0
b87,b19,62.0,65.0,69.0
b87,b80,53.0,56.0,59.0
b87,b62,100.0,103.0,106.0
b87,b20,67.0,71.0,74.0
b87,b21,72.0,75.0,79.0
b87,b22,76.0,80.0,83.0
b87,b23,65.0,69.0,73.0
b87,b49,92.0,94.0,96.0
b87,b46,40.0,43.0,46.0
b87,b101,50.0,53.0,55.0
b87,b63,89.0,94.0,99.0
b87,b81,31.0,33.0,36.0
b87,b112,108.0,113.0,117.0
b87,b82,45.0,47.0,50.0
b87,b24,76.0,81.0,85.0
b87,b65,77.0,79.0,82.0
b87,b83,38.0,40.0,43.0
b87,b25,76.0,80.0,84.0
b87,b103,56.0,58.0,61.0
b87,b5,53.0,58.0,62.0
b87,b26,78.0,83.0,87.0
b87,b121,25.0,28.0,30.0
b87,b119,70.0,74.0,79.0
b87,b47,64.0,67.0,70.0
b87,b104,55.0,58.0,61.0
b87,b27,90.0,94.0,99.0
b87,b105,48.0,50.0,53.0
b87,b28,62.0,66.0,70.0
b87,b84,63.0,65.0,68.0
b87,b44,56.0,59.0,62.0
b87,b66,93.0,95.0,98.0
b87,b67,99.0,101.0,105.0
b87,b85,13.0,13.0,13.0
b87,b120,86.0,89.0,92.0
b87,b87,0.0,0.0,0.0
b87,b86,26.0,29.0,31.0
b87,b29,65.0,69.0,74.0
b87,b30,65.0,68.0,70.0
b87,b88,61.0,64.0,67.0
b87,b68,89.0,94.0,99.0
b87,b69,110.0,113.0,117.0
b87,b106,62.0,66.0,70.0
b87,b31,71.0,76.0,81.0
b87,b115,61.0,63.0,66.0
b87,b32,72.0,77.0,81.0
b87,b113,97.0,102.0,106.0
b87,b114,104.0,109.0,113.0
b87,b89,59.0,62.0,64.0
b87,b33,69.0,73.0,77.0
b87,b48,74.0,77.0,81.0
b87,b77,62.0,64.0,67.0
b87,b34,58.0,62.0,66.0
b87,b70,120.0,129.0,138.0
b87,b71,91.0,96.0,101.0
b87,b64,111.0,115.0,120.0
b87,b107,61.0,64.0,67.0
b87,b90,59.0,62.0,67.0
b87,b118,94.0,98.0,101.0
b87,b1,72.0,76.0,81.0
b87,b35,80.0,84.0,89.0
b87,b36,90.0,94.0,99.0
b87,b37,105.0,110.0,114.0
b87,b108,33.0,35.0,38.0
b87,b109,66.0,70.0,76.0
b87,b39,77.0,81.0,84.0
b87,b3,76.0,80.0,85.0
b87,p_centro,61.0,66.0,70.0
b87,p_beira_mar,79.0,84.0,88.0
b87,p_aldeota,83.0,87.0,91.0
b87,p_papicu,89.0,93.0,98.0
b87,p_iguatemi,86.0,89.0,94.0
b87,p_unifor,99.0,101.0,104.0
b87,p_centro_eventos,97.0,100.0,103.0
b87,p_parangaba,41.0,44.0,47.0
b87,p_messejana,64.0,66.0,69.0
b87,p_ufc_benfica,55.0,59.0,63.0
b87,p_ufc_pici,77.0,80.0,83.0
b87,p_aeroporto,74.0,79.0,85.0
b86,b91,65.0,67.0,70.0
b86,b92,62.0,65.0,70.0
b86,b2,76.0,78.0,81.0
b86,b93,72.0,75.0,77.0
b86,b4,56.0,58.0,60.0
b86,b50,80.0,83.0,86.0
b86,b40,46.0,49.0,53.0
b86,b122,38.0,41.0,47.0
b86,b41,41.0,44.0,47.0
b86,b6,63.0,68.0,72.0
b86,b51,56.0,57.0,59.0
b86,b94,51.0,53.0,54.0
b86,b7,50.0,51.0,54.0
b86,b95,55.0,58.0,60.0
b86,b8,50.0,52.0,54.0
b86,b72,24.0,26.0,28.0
b86,b73,20.0,22.0,25.0
b86,b110,89.0,92.0,95.0
b86,b52,65.0,67.0,70.0
b86,b53,81.0,83.0,85.0
b86,b74,28.0,30.0,32.0
b86,b9,69.0,72.0,74.0
b86,b10,64.0,67.0,70.0
b86,b111,95.0,98.0,101.0
b86,b54,80.0,82.0,84.0
b86,b55,80.0,84.0,88.0
b86,b11,90.0,92.0,95.0
b86,b42,44.0,46.0,50.0
b86,b75,45.0,46.0,48.0
b86,b76,24.0,26.0,29.0
b86,b117,55.0,57.0,59.0
b86,b96,42.0,43.0,46.0
b86,b12,73.0,76.0,78.0
b86,b56,67.0,69.0,72.0
b86,b13,41.0,43.0,47.0
b86,b116,109.0,112.0,115.0
b86,b97,38.0,39.0,42.0
b86,b98,63.0,65.0,67.0
b86,b14,73.0,75.0,77.0
b86,b43,41.0,44.0,47.0
b86,b57,117.0,122.0,129.0
b86,b38,71.0,74.0,77.0
b86,b58,88.0,92.0,97.0
b86,b15,57.0,59.0,61.0
b86,b17,63.0,68.0,72.0
b86,b16,53.0,56.0,59.0
b86,b78,34.0,36.0,38.0
b86,b79,29.0,31.0,33.0
b86,b59,71.0,73.0,75.0
b86,b60,78.0,81.0,84.0
b86,b45,26.0,29.0,32.0
b86,b99,39.0,41.0,43.0
b86,b100,43.0,45.0,47.0
b86,b18,64.0,66.0,69.0
b86,b61,63.0,65.0,67.0
b86,b19,52.0,54.0,57.0
b86,b80,41.0,43.0,45.0
b86,b62,86.0,88.0,91.0
b86,b20,53.0,56.0,60.0
b86,b21,57.0,60.0,64.0
b86,b22,72.0,74.0,77.0
b86,b23,61.0,64.0,66.0
b86,b49,75.0,79.0,81.0
b86,b46,25.0,28.0,31.0
b86,b101,38.0,40.0,41.0
b86,b63,72.0,77.0,82.0
b86,b81,20.0,22.0,22.0
b86,b112,105.0,107.0,112.0
b86,b82,32.0,34.0,36.0
b86,b24,75.0,78.0,82.0
b86,b65,62.0,64.0,66.0
b86,b83,26.0,27.0,28.0
b86,b25,71.0,74.0,76.0
b86,b103,45.0,47.0,49.0
b86,b5,52.0,55.0,59.0
b86,b26,77.0,80.0,84.0
b86,b121,19.0,21.0,22.0
b86,b119,56.0,60.0,64.0
b86,b47,49.0,52.0,56.0
b86,b104,46.0,47.0,50.0
b86,b27,87.0,90.0,92.0
b86,b105,38.0,40.0,41.0
b86,b28,59.0,62.0,64.0
b86,b84,51.0,52.0,54.0
b86,b44,41.0,44.0,47.0
b86,b66,78.0,80.0,82.0
b86,b67,86.0,88.0,90.0
b86,b85,33.0,36.0,39.0
b86,b120,70.0,72.0,74.0
b86,b87,28.0,30.0,33.0
b86,b86,0.0,0.0,0.0
b86,b29,58.0,60.0,64.0
b86,b30,55.0,57.0,59.0
b86,b88,49.0,52.0,54.0
b86,b68,75.0,79.0,83.0
b86,b69,94.0,97.0,100.0
b86,b106,50.0,56.0,61.0
b86,b31,69.0,73.0,77.0
b86,b115,49.0,52.0,55.0
b86,b32,70.0,73.0,76.0
b86,b113,96.0,99.0,103.0
b86,b114,103.0,106.0,110.0
b86,b89,47.0,49.0,51.0
b86,b33,61.0,64.0,67.0
b86,b48,59.0,62.0,66.0
b86,b77,50.0,52.0,53.0
b86,b34,55.0,56.0,58.0
b86,b70,103.0,109.0,119.0
b86,b71,79.0,83.0,88.0
b86,b64,92.0,97.0,106.0
b86,b107,49.0,51.0,54.0
b86,b90,43.0,45.0,47.0
b86,b118,78.0,82.0,85.0
b86,b1,64.0,67.0,71.0
b86,b35,72.0,75.0,78.0
b86,b36,87.0,90.0,93.0
b86,b37,102.0,105.0,108.0
b86,b108,19.0,19.0,19.0
b86,b109,55.0,60.0,63.0
b86,b39,62.0,66.0,70.0
b86,b3,72.0,75.0,77.0
b86,p_centro,60.0,63.0,67.0
b86,p_beira_mar,78.0,81.0,85.0
b86,p_aldeota,78.0,80.0,82.0
b86,p_papicu,83.0,86.0,89.0
b86,p_iguatemi,79.0,82.0,85.0
b86,p_unifor,89.0,92.0,94.0
b86,p_centro_eventos,88.0,90.0,92.0
b86,p_parangaba,33.0,34.0,36.0
b86,p_messejana,51.0,52.0,54.0
b86,p_ufc_benfica,50.0,52.0,55.0
b86,p_ufc_pici,59.0,62.0,66.0
b86,p_aeroporto,64.0,67.0,72.0
b29,b91,54.0,56.0,58.0
b29,b92,54.0,60.0,64.0
b29,b2,46.0,48.0,50.0
b29,b93,48.0,52.0,55.0
b29,b4,16.0,16.0,16.0
b29,b50,80.0,83.0,86.0
b29,b40,30.0,31.0,32.0
b29,b122,65.0,69.0,73.0
b29,b41,43.0,45.0,47.0
b29,b6,39.0,43.0,46.0
b29,b51,75.0,79.0,82.0
b29,b94,30.0,33.0,36.0
b29,b7,23.0,25.0,27.0
b29,b95,56.0,59.0,62.0
b29,b8,32.0,34.0,37.0
b29,b72,62.0,66.0,70.0
b29,b73,50.0,52.0,54.0
b29,b110,63.0,65.0,67.0
b29,b52,57.0,59.0,61.0
b29,b53,76.0,78.0,81.0
b29,b74,72.0,74.0,77.0
b29,b9,38.0,40.0,41.0
b29,b10,38.0,39.0,40.0
b29,b111,65.0,67.0,70.0
b29,b54,66.0,69.0,72.0
b29,b55,93.0,97.0,103.0
b29,b11,60.0,62.0,64.0
b29,b42,47.0,50.0,52.0
b29,b75,53.0,56.0,58.0
b29,b76,58.0,62.0,66.0
b29,b117,78.0,80.0,83.0
b29,b96,39.0,41.0,44.0
b29,b12,39.0,43.0,46.0
b29,b56,76.0,79.0,82.0
b29,b13,27.0,29.0,32.0
b29,b116,81.0,83.0,86.0
b29,b97,36.0,38.0,41.0
b29,b98,60.0,63.0,67.0
b29,b14,44.0,45.0,47.0
b29,b43,41.0,43.0,45.0
b29,b57,89.0,93.0,97.0
b29,b38,28.0,30.0,32.0
b29,b58,69.0,72.0,74.0
b29,b15,19.0,20.0,21.0
b29,b17,40.0,42.0,44.0
b29,b16,28.0,29.0,31.0
b29,b78,69.0,72.0,75.0
b29,b79,61.0,63.0,66.0
b29,b59,85.0,87.0,89.0
b29,b60,50.0,52.0,54.0
b29,b45,37.0,40.0,43.0
b29,b99,47.0,48.0,50.0
b29,b100,56.0,58.0,60.0
b29,b18,34.0,35.0,37.0
b29,b61,83.0,85.0,88.0
b29,b19,37.0,38.0,40.0
b29,b80,64.0,68.0,70.0
b29,b62,68.0,71.0,73.0
b29,b20,41.0,42.0,44.0
b29,b21,43.0,45.0,47.0
b29,b22,40.0,42.0,43.0
b29,b23,30.0,32.0,34.0
b29,b49,75.0,78.0,81.0
b29,b46,45.0,47.0,49.0
b29,b101,46.0,48.0,49.0
b29,b63,82.0,86.0,90.0
b29,b81,53.0,57.0,60.0
b29,b112,74.0,77.0,81.0
b29,b82,58.0,61.0,64.0
b29,b24,49.0,51.0,53.0
b29,b65,66.0,68.0,70.0
b29,b83,67.0,69.0,72.0
b29,b25,34.0,38.0,42.0
b29,b103,35.0,38.0,41.0
b29,b5,28.0,29.0,30.0
b29,b26,51.0,53.0,55.0
b29,b121,62.0,64.0,66.0
b29,b119,42.0,44.0,45.0
b29,b47,29.0,29.0,30.0
b29,b104,38.0,40.0,43.0
b29,b27,58.0,59.0,61.0
b29,b105,49.0,52.0,55.0
b29,b28,19.0,20.0,21.0
b29,b84,68.0,70.0,73.0
b29,b44,43.0,44.0,46.0
b29,b66,66.0,68.0,70.0
b29,b67,73.0,75.0,77.0
b29,b85,66.0,70.0,74.0
b29,b120,69.0,72.0,74.0
b29,b87,69.0,73.0,76.0
b29,b86,58.0,60.0,62.0
b29,b29,0.0,0.0,0.0
b29,b30,35.0,37.0,39.0
b29,b88,63.0,67.0,70.0
b29,b68,79.0,84.0,90.0
b29,b69,103.0,106.0,110.0
b29,b106,49.0,52.0,55.0
b29,b31,41.0,43.0,45.0
b29,b115,79.0,83.0,87.0
b29,b32,42.0,44.0,46.0
b29,b113,70.0,72.0,74.0
b29,b114,77.0,79.0,81.0
b29,b89,78.0,81.0,84.0
b29,b33,21.0,23.0,24.0
b29,b48,35.0,37.0,38.0
b29,b77,63.0,66.0,68.0
b29,b34,27.0,28.0,30.0
b29,b70,113.0,124.0,135.0
b29,b71,59.0,62.0,65.0
b29,b64,81.0,87.0,92.0
b29,b107,57.0,60.0,63.0
b29,b90,80.0,83.0,87.0
b29,b118,89.0,93.0,97.0
b29,b1,22.0,22.0,22.0
b29,b35,47.0,49.0,51.0
b29,b36,58.0,60.0,61.0
b29,b37,69.0,72.0,74.0
b29,b108,54.0,56.0,58.0
b29,b109,45.0,48.0,51.0
b29,b39,39.0,41.0,42.0
b29,b3,29.0,32.0,35.0
b29,p_centro,37.0,38.0,39.0
b29,p_beira_mar,52.0,54.0,56.0
b29,p_aldeota,48.0,50.0,52.0
b29,p_papicu,54.0,56.0,58.0
b29,p_iguatemi,52.0,54.0,56.0
b29,p_unifor,66.0,68.0,70.0
b29,p_centro_eventos,61.0,63.0,65.0
b29,p_parangaba,42.0,45.0,48.0
b29,p_messejana,60.0,62.0,64.0
b29,p_ufc_benfica,23.0,25.0,26.0
b29,p_ufc_pici,28.0,31.0,33.0
b29,p_aeroporto,56.0,62.0,67.0
b30,b91,43.0,45.0,47.0
b30,b92,28.0,31.0,35.0
b30,b2,42.0,45.0,48.0
b30,b93,31.0,34.0,37.0
b30,b4,28.0,31.0,33.0
b30,b50,73.0,76.0,78.0
b30,b40,51.0,53.0,55.0
b30,b122,62.0,65.0,69.0
b30,b41,49.0,51.0,53.0
b30,b6,52.0,54.0,56.0
b30,b51,70.0,72.0,74.0
b30,b94,35.0,37.0,39.0
b30,b7,15.0,16.0,18.0
b30,b95,45.0,47.0,50.0
b30,b8,17.0,17.0,17.0
b30,b72,56.0,58.0,61.0
b30,b73,51.0,52.0,54.0
b30,b110,61.0,64.0,67.0
b30,b52,48.0,50.0,53.0
b30,b53,68.0,71.0,73.0
b30,b74,65.0,67.0,70.0
b30,b9,41.0,43.0,45.0
b30,b10,37.0,39.0,41.0
b30,b111,63.0,65.0,68.0
b30,b54,54.0,57.0,60.0
b30,b55,83.0,87.0,91.0
b30,b11,57.0,59.0,61.0
b30,b42,58.0,59.0,62.0
b30,b75,61.0,63.0,65.0
b30,b76,56.0,58.0,61.0
b30,b117,69.0,71.0,74.0
b30,b96,35.0,37.0,38.0
b30,b12,51.0,53.0,55.0
b30,b56,66.0,70.0,73.0
b30,b13,21.0,23.0,26.0
b30,b116,79.0,81.0,84.0
b30,b97,35.0,36.0,38.0
b30,b98,44.0,47.0,50.0
b30,b14,38.0,40.0,42.0
b30,b43,51.0,53.0,54.0
b30,b57,81.0,86.0,90.0
b30,b38,48.0,50.0,51.0
b30,b58,60.0,64.0,67.0
b30,b15,27.0,29.0,32.0
b30,b17,59.0,61.0,63.0
b30,b16,22.0,23.0,25.0
b30,b78,64.0,67.0,70.0
b30,b79,55.0,58.0,61.0
b30,b59,75.0,78.0,81.0
b30,b60,44.0,47.0,50.0
b30,b45,44.0,45.0,47.0
b30,b99,23.0,24.0,26.0
b30,b100,30.0,32.0,34.0
b30,b18,36.0,38.0,40.0
b30,b61,75.0,77.0,80.0
b30,b19,16.0,17.0,17.0
b30,b80,47.0,50.0,52.0
b30,b62,60.0,63.0,65.0
b30,b20,61.0,63.0,65.0
b30,b21,62.0,64.0,66.0
b30,b22,38.0,40.0,43.0
b30,b23,28.0,30.0,32.0
b30,b49,66.0,69.0,72.0
b30,b46,52.0,53.0,56.0
b30,b101,43.0,45.0,47.0
b30,b63,72.0,76.0,80.0
b30,b81,50.0,52.0,55.0
b30,b112,72.0,76.0,79.0
b30,b82,42.0,44.0,47.0
b30,b24,43.0,46.0,50.0
b30,b65,57.0,59.0,62.0
b30,b83,52.0,54.0,57.0
b30,b25,46.0,48.0,50.0
b30,b103,17.0,18.0,19.0
b30,b5,36.0,37.0,39.0
b30,b26,49.0,52.0,55.0
b30,b121,55.0,58.0,60.0
b30,b119,63.0,65.0,67.0
b30,b47,48.0,50.0,52.0
b30,b104,38.0,40.0,42.0
b30,b27,56.0,57.0,59.0
b30,b105,36.0,37.0,40.0
b30,b28,32.0,33.0,35.0
b30,b84,43.0,45.0,48.0
b30,b44,48.0,51.0,52.0
b30,b66,57.0,59.0,61.0
b30,b67,63.0,65.0,68.0
b30,b85,64.0,67.0,71.0
b30,b120,61.0,64.0,67.0
b30,b87,65.0,68.0,70.0
b30,b86,51.0,53.0,55.0
b30,b29,35.0,37.0,39.0
b30,b30,0.0,0.0,0.0
b30,b88,50.0,52.0,55.0
b30,b68,71.0,75.0,81.0
b30,b69,93.0,96.0,100.0
b30,b106,52.0,58.0,62.0
b30,b31,47.0,49.0,51.0
b30,b115,52.0,56.0,60.0
b30,b32,44.0,46.0,48.0
b30,b113,68.0,71.0,75.0
b30,b114,75.0,78.0,82.0
b30,b89,55.0,58.0,62.0
b30,b33,39.0,41.0,43.0
b30,b48,57.0,59.0,61.0
b30,b77,37.0,40.0,42.0
b30,b34,29.0,31.0,34.0
b30,b70,103.0,111.0,121.0
b30,b71,50.0,56.0,59.0
b30,b64,70.0,76.0,82.0
b30,b107,29.0,32.0,35.0
b30,b90,73.0,76.0,79.0
b30,b118,81.0,84.0,88.0
b30,b1,40.0,42.0,44.0
b30,b35,35.0,39.0,42.0
b30,b36,56.0,58.0,61.0
b30,b37,67.0,69.0,72.0
b30,b108,46.0,47.0,49.0
b30,b109,19.0,21.0,22.0
b30,b39,61.0,63.0,65.0
b30,b3,44.0,47.0,49.0
b30,p_centro,36.0,37.0,39.0
b30,p_beira_mar,47.0,50.0,54.0
b30,p_aldeota,45.0,48.0,51.0
b30,p_papicu,48.0,51.0,54.0
b30,p_iguatemi,44.0,47.0,50.0
b30,p_unifor,58.0,61.0,64.0
b30,p_centro_eventos,53.0,55.0,58.0
b30,p_parangaba,28.0,30.0,32.0
b30,p_messejana,51.0,54.0,56.0
b30,p_ufc_benfica,18.0,19.0,21.0
b30,p_ufc_pici,45.0,48.0,51.0
b30,p_aeroporto,30.0,33.0,37.0
b88,b91,35.0,37.0,40.0
b88,b92,70.0,75.0,83.0
b88,b2,52.0,54.0,57.0
b88,b93,46.0,48.0,51.0
b88,b4,72.0,75.0,78.0
b88,b50,68.0,71.0,73.0
b88,b40,71.0,74.0,76.0
b88,b122,53.0,58.0,63.0
b88,b41,68.0,71.0,75.0
b88,b6,88.0,91.0,93.0
b88,b51,43.0,45.0,47.0
b88,b94,70.0,73.0,76.0
b88,b7,61.0,63.0,66.0
b88,b95,19.0,21.0,24.0
b88,b8,59.0,62.0,66.0
b88,b72,53.0,57.0,61.0
b88,b73,46.0,49.0,53.0
b88,b110,83.0,86.0,89.0
b88,b52,30.0,32.0,34.0
b88,b53,61.0,64.0,67.0
b88,b74,61.0,64.0,68.0
b88,b9,79.0,82.0,84.0
b88,b10,61.0,63.0,65.0
b88,b111,72.0,76.0,80.0
b88,b54,45.0,47.0,49.0
b88,b55,69.0,74.0,78.0
b88,b11,65.0,68.0,71.0
b88,b42,71.0,75.0,79.0
b88,b75,73.0,75.0,79.0
b88,b76,55.0,59.0,63.0
b88,b117,41.0,43.0,46.0
b88,b96,60.0,63.0,66.0
b88,b12,89.0,91.0,93.0
b88,b56,55.0,57.0,59.0
b88,b13,59.0,61.0,64.0
b88,b116,90.0,94.0,98.0
b88,b97,58.0,62.0,66.0
b88,b98,36.0,38.0,41.0
b88,b14,48.0,51.0,53.0
b88,b43,67.0,69.0,72.0
b88,b57,82.0,86.0,92.0
b88,b38,88.0,91.0,93.0
b88,b58,57.0,60.0,63.0
b88,b15,65.0,67.0,70.0
b88,b17,90.0,94.0,98.0
b88,b16,52.0,55.0,58.0
b88,b78,64.0,67.0,71.0
b88,b79,60.0,63.0,66.0
b88,b59,57.0,59.0,62.0
b88,b60,62.0,65.0,67.0
b88,b45,52.0,55.0,58.0
b88,b99,51.0,53.0,56.0
b88,b100,35.0,37.0,40.0
b88,b18,73.0,75.0,77.0
b88,b61,49.0,51.0,55.0
b88,b19,61.0,64.0,68.0
b88,b80,49.0,52.0,55.0
b88,b62,54.0,56.0,59.0
b88,b20,77.0,83.0,87.0
b88,b21,82.0,86.0,91.0
b88,b22,57.0,59.0,62.0
b88,b23,56.0,59.0,61.0
b88,b49,62.0,65.0,68.0
b88,b46,51.0,54.0,58.0
b88,b101,57.0,61.0,64.0
b88,b63,60.0,66.0,74.0
b88,b81,44.0,46.0,50.0
b88,b112,81.0,84.0,89.0
b88,b82,43.0,46.0,49.0
b88,b24,67.0,69.0,72.0
b88,b65,49.0,51.0,54.0
b88,b83,31.0,33.0,36.0
b88,b25,82.0,85.0,88.0
b88,b103,52.0,55.0,58.0
b88,b5,67.0,70.0,73.0
b88,b26,71.0,74.0,77.0
b88,b121,45.0,48.0,51.0
b88,b119,81.0,85.0,90.0
b88,b47,74.0,77.0,79.0
b88,b104,66.0,70.0,73.0
b88,b27,67.0,70.0,73.0
b88,b105,50.0,52.0,55.0
b88,b28,71.0,73.0,76.0
b88,b84,30.0,32.0,36.0
b88,b44,67.0,70.0,74.0
b88,b66,57.0,59.0,62.0
b88,b67,52.0,54.0,56.0
b88,b85,65.0,69.0,75.0
b88,b120,57.0,60.0,64.0
b88,b87,61.0,64.0,68.0
b88,b86,45.0,47.0,51.0
b88,b29,76.0,78.0,80.0
b88,b30,58.0,61.0,65.0
b88,b88,0.0,0.0,0.0
b88,b68,63.0,66.0,71.0
b88,b69,83.0,88.0,91.0
b88,b106,79.0,83.0,87.0
b88,b31,84.0,86.0,89.0
b88,b115,44.0,47.0,51.0
b88,b32,70.0,72.0,75.0
b88,b113,89.0,91.0,95.0
b88,b114,97.0,99.0,103.0
b88,b89,32.0,36.0,40.0
b88,b33,81.0,83.0,86.0
b88,b48,85.0,89.0,93.0
b88,b77,45.0,47.0,49.0
b88,b34,72.0,74.0,77.0
b88,b70,93.0,99.0,107.0
b88,b71,48.0,51.0,54.0
b88,b64,64.0,71.0,76.0
b88,b107,37.0,39.0,42.0
b88,b90,73.0,76.0,82.0
b88,b118,68.0,72.0,75.0
b88,b1,79.0,81.0,83.0
b88,b35,55.0,57.0,60.0
b88,b36,66.0,68.0,71.0
b88,b37,78.0,81.0,83.0
b88,b108,50.0,53.0,56.0
b88,b109,64.0,67.0,71.0
b88,b39,87.0,91.0,96.0
b88,b3,83.0,86.0,89.0
b88,p_centro,61.0,63.0,66.0
b88,p_beira_mar,67.0,70.0,73.0
b88,p_aldeota,52.0,54.0,57.0
b88,p_papicu,61.0,63.0,66.0
b88,p_iguatemi,62.0,64.0,67.0
b88,p_unifor,59.0,62.0,65.0
b88,p_centro_eventos,62.0,64.0,67.0
b88,p_parangaba,42.0,44.0,46.0
b88,p_messejana,36.0,39.0,43.0
b88,p_ufc_benfica,64.0,66.0,68.0
b88,p_ufc_pici,87.0,90.0,92.0
b88,p_aeroporto,72.0,77.0,85.0
b68,b91,50.0,53.0,57.0
b68,b92,92.0,97.0,102.0
b68,b2,78.0,81.0,83.0
b68,b93,58.0,61.0,64.0
b68,b4,89.0,91.0,94.0
b68,b50,32.0,35.0,38.0
b68,b40,95.0,98.0,102.0
b68,b122,79.0,84.0,88.0
b68,b41,101.0,105.0,108.0
b68,b6,97.0,100.0,105.0
b68,b51,43.0,47.0,52.0
b68,b94,93.0,96.0,99.0
b68,b7,69.0,72.0,75.0
b68,b95,64.0,66.0,70.0
b68,b8,81.0,85.0,88.0
b68,b72,77.0,82.0,88.0
b68,b73,73.0,76.0,80.0
b68,b110,94.0,99.0,104.0
b68,b52,49.0,52.0,55.0
b68,b53,51.0,54.0,56.0
b68,b74,84.0,89.0,93.0
b68,b9,87.0,90.0,94.0
b68,b10,70.0,73.0,77.0
b68,b111,82.0,84.0,87.0
b68,b54,53.0,57.0,61.0
b68,b55,41.0,43.0,45.0
b68,b11,68.0,70.0,72.0
b68,b42,101.0,107.0,112.0
b68,b75,97.0,102.0,108.0
b68,b76,74.0,78.0,83.0
b68,b117,41.0,45.0,49.0
b68,b96,88.0,91.0,95.0
b68,b12,96.0,99.0,104.0
b68,b56,38.0,40.0,43.0
b68,b13,84.0,86.0,90.0
b68,b116,104.0,106.0,109.0
b68,b97,84.0,88.0,92.0
b68,b98,71.0,75.0,78.0
b68,b14,74.0,77.0,80.0
b68,b43,94.0,98.0,102.0
b68,b57,89.0,92.0,97.0
b68,b38,95.0,99.0,102.0
b68,b58,72.0,76.0,79.0
b68,b15,75.0,78.0,82.0
b68,b17,112.0,116.0,120.0
b68,b16,60.0,63.0,67.0
b68,b78,87.0,91.0,95.0
b68,b79,80.0,87.0,94.0
b68,b59,42.0,45.0,47.0
b68,b60,66.0,68.0,70.0
b68,b45,79.0,83.0,87.0
b68,b99,80.0,83.0,88.0
b68,b100,69.0,73.0,76.0
b68,b18,81.0,84.0,87.0
b68,b61,41.0,45.0,49.0
b68,b19,77.0,80.0,84.0
b68,b80,73.0,77.0,81.0
b68,b62,54.0,57.0,60.0
b68,b20,109.0,113.0,116.0
b68,b21,108.0,112.0,116.0
b68,b22,69.0,72.0,76.0
b68,b23,64.0,67.0,71.0
b68,b49,46.0,49.0,52.0
b68,b46,78.0,82.0,86.0
b68,b101,85.0,90.0,95.0
b68,b63,44.0,49.0,53.0
b68,b81,65.0,69.0,74.0
b68,b112,94.0,97.0,101.0
b68,b82,66.0,71.0,75.0
b68,b24,87.0,89.0,91.0
b68,b65,29.0,32.0,35.0
b68,b83,53.0,57.0,61.0
b68,b25,90.0,93.0,96.0
b68,b103,82.0,84.0,88.0
b68,b5,79.0,83.0,86.0
b68,b26,90.0,93.0,95.0
b68,b121,68.0,71.0,76.0
b68,b119,111.0,114.0,117.0
b68,b47,94.0,97.0,100.0
b68,b104,90.0,94.0,98.0
b68,b27,76.0,79.0,81.0
b68,b105,77.0,82.0,86.0
b68,b28,79.0,82.0,86.0
b68,b84,71.0,75.0,79.0
b68,b44,100.0,104.0,107.0
b68,b66,46.0,49.0,53.0
b68,b67,60.0,63.0,66.0
b68,b85,88.0,92.0,97.0
b68,b120,21.0,23.0,26.0
b68,b87,83.0,87.0,92.0
b68,b86,66.0,70.0,75.0
b68,b29,85.0,87.0,90.0
b68,b30,76.0,80.0,85.0
b68,b88,59.0,62.0,67.0
b68,b68,0.0,0.0,0.0
b68,b69,51.0,54.0,57.0
b68,b106,110.0,116.0,123.0
b68,b31,91.0,95.0,99.0
b68,b115,72.0,76.0,80.0
b68,b32,81.0,84.0,88.0
b68,b113,92.0,96.0,99.0
b68,b114,83.0,90.0,100.0
b68,b89,63.0,67.0,74.0
b68,b33,89.0,93.0,96.0
b68,b48,104.0,107.0,110.0
b68,b77,71.0,75.0,79.0
b68,b34,90.0,93.0,96.0
b68,b70,74.0,81.0,88.0
b68,b71,68.0,72.0,75.0
b68,b64,64.0,69.0,75.0
b68,b107,75.0,78.0,82.0
b68,b90,93.0,100.0,105.0
b68,b118,17.0,17.0,17.0
b68,b1,87.0,90.0,94.0
b68,b35,73.0,76.0,79.0
b68,b36,78.0,81.0,83.0
b68,b37,85.0,87.0,90.0
b68,b108,71.0,75.0,80.0
b68,b109,80.0,85.0,89.0
b68,b39,108.0,111.0,114.0
b68,b3,91.0,94.0,97.0
b68,p_centro,70.0,73.0,77.0
b68,p_beira_mar,91.0,94.0,97.0
b68,p_aldeota,78.0,81.0,83.0
b68,p_papicu,72.0,74.0,76.0
b68,p_iguatemi,61.0,64.0,66.0
b68,p_unifor,62.0,65.0,67.0
b68,p_centro_eventos,58.0,61.0,63.0
b68,p_parangaba,74.0,77.0,81.0
b68,p_messejana,24.0,27.0,31.0
b68,p_ufc_benfica,72.0,75.0,78.0
b68,p_ufc_pici,99.0,101.0,104.0
b68,p_aeroporto,95.0,100.0,106.0
b69,b91,76.0,81.0,86.0
b69,b92,121.0,126.0,131.0
b69,b2,106.0,110.0,114.0
b69,b93,84.0,88.0,93.0
b69,b4,120.0,123.0,126.0
b69,b50,35.0,37.0,42.0
b69,b40,124.0,127.0,131.0
b69,b122,107.0,112.0,117.0
b69,b41,124.0,128.0,135.0
b69,b6,129.0,133.0,137.0
b69,b51,69.0,73.0,76.0
b69,b94,124.0,127.0,131.0
b69,b7,98.0,101.0,105.0
b69,b95,93.0,96.0,99.0
b69,b8,111.0,114.0,117.0
b69,b72,110.0,114.0,118.0
b69,b73,99.0,104.0,108.0
b69,b110,126.0,132.0,136.0
b69,b52,75.0,81.0,85.0
b69,b53,81.0,85.0,90.0
b69,b74,116.0,120.0,125.0
b69,b9,118.0,121.0,125.0
b69,b10,95.0,99.0,105.0
b69,b111,111.0,117.0,122.0
b69,b54,81.0,86.0,90.0
b69,b55,78.0,83.0,89.0
b69,b11,98.0,104.0,109.0
b69,b42,125.0,130.0,137.0
b69,b75,126.0,129.0,132.0
b69,b76,111.0,114.0,118.0
b69,b117,70.0,73.0,77.0
b69,b96,119.0,124.0,127.0
b69,b12,128.0,133.0,136.0
b69,b56,66.0,70.0,74.0
b69,b13,115.0,118.0,122.0
b69,b116,137.0,142.0,147.0
b69,b97,118.0,122.0,125.0
b69,b98,100.0,104.0,107.0
b69,b14,103.0,107.0,110.0
b69,b43,120.0,125.0,129.0
b69,b57,125.0,132.0,140.0
b69,b38,127.0,131.0,135.0
b69,b58,103.0,107.0,111.0
b69,b15,103.0,105.0,109.0
b69,b17,143.0,148.0,
b69,b16,87.0,92.0,96.0
b69,b78,120.0,123.0,128.0
b69,b79,112.0,117.0,121.0
b69,b59,70.0,74.0,78.0
b69,b60,96.0,100.0,105.0
b69,b45,105.0,110.0,114.0
b69,b99,110.0,114.0,118.0
b69,b100,92.0,98.0,102.0
b69,b18,110.0,114.0,117.0
b69,b61,65.0,68.0,72.0
b69,b19,108.0,110.0,113.0
b69,b80,100.0,106.0,110.0
b69,b62,83.0,86.0,91.0
b69,b20,135.0,140.0,146.0
b69,b21,139.0,142.0,147.0
b69,b22,95.0,99.0,104.0
b69,b23,91.0,95.0,100.0
b69,b49,74.0,78.0,83.0
b69,b46,105.0,109.0,114.0
b69,b101,117.0,121.0,125.0
b69,b63,74.0,79.0,85.0
b69,b81,93.0,98.0,103.0
b69,b112,127.0,132.0,136.0
b69,b82,95.0,101.0,105.0
b69,b24,114.0,118.0,121.0
b69,b65,58.0,62.0,66.0
b69,b83,81.0,85.0,90.0
b69,b25,121.0,125.0,128.0
b69,b103,110.0,113.0,116.0
b69,b5,110.0,114.0,117.0
b69,b26,120.0,123.0,127.0
b69,b121,95.0,100.0,105.0
b69,b119,137.0,141.0,145.0
b69,b47,123.0,126.0,129.0
b69,b104,124.0,128.0,131.0
b69,b27,108.0,112.0,118.0
b69,b105,106.0,112.0,116.0
b69,b28,109.0,112.0,115.0
b69,b84,95.0,100.0,104.0
b69,b44,123.0,128.0,134.0
b69,b66,74.0,78.0,83.0
b69,b67,89.0,93.0,100.0
b69,b85,121.0,126.0,131.0
b69,b120,41.0,46.0,50.0
b69,b87,116.0,121.0,125.0
b69,b86,94.0,99.0,104.0
b69,b29,115.0,117.0,121.0
b69,b30,106.0,110.0,114.0
b69,b88,86.0,89.0,95.0
b69,b68,51.0,54.0,58.0
b69,b69,0.0,0.0,0.0
b69,b106,133.0,139.0,147.0
b69,b31,124.0,127.0,131.0
b69,b115,100.0,106.0,111.0
b69,b32,107.0,111.0,115.0
b69,b113,128.0,133.0,141.0
b69,b114,114.0,122.0,132.0
b69,b89,90.0,95.0,101.0
b69,b33,121.0,124.0,128.0
b69,b48,135.0,138.0,142.0
b69,b77,94.0,99.0,104.0
b69,b34,122.0,125.0,129.0
b69,b70,102.0,108.0,118.0
b69,b71,97.0,102.0,107.0
b69,b64,93.0,100.0,109.0
b69,b107,102.0,107.0,110.0
b69,b90,128.0,133.0,139.0
b69,b118,65.0,69.0,74.0
b69,b1,116.0,119.0,122.0
b69,b35,102.0,106.0,109.0
b69,b36,109.0,112.0,118.0
b69,b37,118.0,121.0,126.0
b69,b108,100.0,104.0,109.0
b69,b109,105.0,111.0,116.0
b69,b39,139.0,142.0,145.0
b69,b3,121.0,125.0,128.0
b69,p_centro,96.0,100.0,105.0
b69,p_beira_mar,118.0,121.0,125.0
b69,p_aldeota,106.0,110.0,114.0
b69,p_papicu,104.0,107.0,112.0
b69,p_iguatemi,92.0,95.0,100.0
b69,p_unifor,92.0,96.0,101.0
b69,p_centro_eventos,88.0,92.0,97.0
b69,p_parangaba,101.0,105.0,109.0
b69,p_messejana,46.0,50.0,55.0
b69,p_ufc_benfica,101.0,105.0,108.0
b69,p_ufc_pici,129.0,132.0,135.0
b69,p_aeroporto,127.0,133.0,138.0
b106,b91,74.0,78.0,82.0
b106,b92,65.0,70.0,75.0
b106,b2,68.0,72.0,76.0
b106,b93,68.0,72.0,77.0
b106,b4,35.0,41.0,47.0
b106,b50,100.0,103.0,108.0
b106,b40,34.0,37.0,41.0
b106,b122,67.0,71.0,75.0
b106,b41,34.0,39.0,43.0
b106,b6,52.0,56.0,60.0
b106,b51,90.0,94.0,98.0
b106,b94,33.0,38.0,41.0
b106,b7,43.0,47.0,51.0
b106,b95,75.0,78.0,83.0
b106,b8,49.0,52.0,57.0
b106,b72,54.0,58.0,62.0
b106,b73,39.0,43.0,46.0
b106,b110,88.0,92.0,96.0
b106,b52,70.0,74.0,78.0
b106,b53,99.0,103.0,107.0
b106,b74,63.0,66.0,70.0
b106,b9,61.0,64.0,68.0
b106,b10,58.0,62.0,67.0
b106,b111,85.0,89.0,92.0
b106,b54,84.0,87.0,92.0
b106,b55,121.0,127.0,132.0
b106,b11,81.0,84.0,89.0
b106,b42,41.0,45.0,49.0
b106,b75,46.0,50.0,54.0
b106,b76,61.0,64.0,69.0
b106,b117,91.0,95.0,99.0
b106,b96,33.0,37.0,41.0
b106,b12,63.0,67.0,70.0
b106,b56,98.0,101.0,106.0
b106,b13,41.0,44.0,48.0
b106,b116,105.0,108.0,111.0
b106,b97,24.0,28.0,32.0
b106,b98,68.0,72.0,77.0
b106,b14,70.0,73.0,78.0
b106,b43,36.0,39.0,42.0
b106,b57,120.0,127.0,134.0
b106,b38,57.0,60.0,63.0
b106,b58,96.0,100.0,104.0
b106,b15,48.0,51.0,54.0
b106,b17,52.0,57.0,61.0
b106,b16,50.0,54.0,58.0
b106,b78,61.0,64.0,68.0
b106,b79,50.0,53.0,58.0
b106,b59,105.0,108.0,112.0
b106,b60,75.0,78.0,83.0
b106,b45,29.0,33.0,37.0
b106,b99,43.0,47.0,50.0
b106,b100,50.0,54.0,59.0
b106,b18,56.0,60.0,64.0
b106,b61,98.0,102.0,107.0
b106,b19,50.0,54.0,57.0
b106,b80,55.0,60.0,64.0
b106,b62,95.0,100.0,104.0
b106,b20,41.0,44.0,48.0
b106,b21,45.0,49.0,53.0
b106,b22,65.0,69.0,73.0
b106,b23,53.0,57.0,62.0
b106,b49,97.0,100.0,105.0
b106,b46,38.0,41.0,44.0
b106,b101,25.0,29.0,34.0
b106,b63,107.0,110.0,114.0
b106,b81,54.0,57.0,61.0
b106,b112,94.0,98.0,102.0
b106,b82,48.0,52.0,57.0
b106,b24,73.0,76.0,81.0
b106,b65,86.0,89.0,94.0
b106,b83,59.0,63.0,66.0
b106,b25,58.0,62.0,66.0
b106,b103,44.0,48.0,52.0
b106,b5,55.0,58.0,61.0
b106,b26,76.0,80.0,84.0
b106,b121,56.0,60.0,63.0
b106,b119,44.0,47.0,50.0
b106,b47,38.0,41.0,45.0
b106,b104,25.0,29.0,32.0
b106,b27,77.0,81.0,85.0
b106,b105,42.0,47.0,51.0
b106,b28,51.0,54.0,56.0
b106,b84,63.0,67.0,71.0
b106,b44,34.0,38.0,42.0
b106,b66,87.0,90.0,95.0
b106,b67,90.0,94.0,98.0
b106,b85,68.0,72.0,77.0
b106,b120,89.0,92.0,97.0
b106,b87,68.0,72.0,76.0
b106,b86,50.0,53.0,57.0
b106,b29,46.0,49.0,52.0
b106,b30,54.0,58.0,61.0
b106,b88,67.0,72.0,76.0
b106,b68,114.0,119.0,125.0
b106,b69,132.0,139.0,148.0
b106,b106,0.0,0.0,0.0
b106,b31,64.0,68.0,72.0
b106,b115,79.0,83.0,88.0
b106,b32,64.0,68.0,72.0
b106,b113,95.0,99.0,103.0
b106,b114,102.0,106.0,110.0
b106,b89,78.0,82.0,86.0
b106,b33,47.0,50.0,53.0
b106,b48,45.0,49.0,53.0
b106,b77,58.0,63.0,67.0
b106,b34,42.0,45.0,50.0
b106,b70,140.0,147.0,
b106,b71,86.0,90.0,95.0
b106,b64,106.0,114.0,121.0
b106,b107,57.0,61.0,65.0
b106,b90,74.0,78.0,83.0
b106,b118,118.0,122.0,127.0
b106,b1,53.0,56.0,60.0
b106,b35,70.0,74.0,78.0
b106,b36,80.0,83.0,88.0
b106,b37,99.0,102.0,105.0
b106,b108,46.0,49.0,53.0
b106,b109,59.0,64.0,68.0
b106,b39,50.0,53.0,56.0
b106,b3,57.0,60.0,63.0
b106,p_centro,56.0,60.0,64.0
b106,p_beira_mar,76.0,80.0,84.0
b106,p_aldeota,71.0,75.0,79.0
b106,p_papicu,78.0,82.0,87.0
b106,p_iguatemi,75.0,79.0,83.0
b106,p_unifor,89.0,93.0,97.0
b106,p_centro_eventos,86.0,90.0,95.0
b106,p_parangaba,32.0,36.0,41.0
b106,p_messejana,84.0,87.0,92.0
b106,p_ufc_benfica,43.0,48.0,52.0
b106,p_ufc_pici,49.0,52.0,56.0
b106,p_aeroporto,67.0,72.0,77.0
b31,b91,57.0,60.0,62.0
b31,b92,69.0,74.0,79.0
b31,b2,49.0,51.0,54.0
b31,b93,58.0,61.0,64.0
b31,b4,48.0,51.0,54.0
b31,b50,80.0,83.0,86.0
b31,b40,50.0,51.0,53.0
b31,b122,69.0,73.0,77.0
b31,b41,58.0,60.0,62.0
b31,b6,19.0,20.0,22.0
b31,b51,88.0,91.0,93.0
b31,b94,48.0,51.0,53.0
b31,b7,40.0,42.0,44.0
b31,b95,62.0,65.0,69.0
b31,b8,50.0,53.0,56.0
b31,b72,73.0,77.0,81.0
b31,b73,63.0,65.0,66.0
b31,b110,47.0,49.0,51.0
b31,b52,60.0,63.0,65.0
b31,b53,81.0,83.0,86.0
b31,b74,80.0,83.0,86.0
b31,b9,17.0,17.0,17.0
b31,b10,33.0,35.0,37.0
b31,b111,67.0,70.0,73.0
b31,b54,68.0,72.0,76.0
b31,b55,91.0,97.0,102.0
b31,b11,62.0,65.0,68.0
b31,b42,63.0,67.0,69.0
b31,b75,68.0,72.0,75.0
b31,b76,62.0,66.0,71.0
b31,b117,84.0,86.0,89.0
b31,b96,48.0,50.0,52.0
b31,b12,14.0,17.0,19.0
b31,b56,81.0,85.0,88.0
b31,b13,46.0,48.0,50.0
b31,b116,67.0,69.0,71.0
b31,b97,45.0,47.0,49.0
b31,b98,64.0,67.0,70.0
b31,b14,53.0,55.0,57.0
b31,b43,58.0,60.0,62.0
b31,b57,102.0,106.0,113.0
b31,b38,33.0,35.0,37.0
b31,b58,78.0,81.0,85.0
b31,b15,36.0,38.0,40.0
b31,b17,44.0,47.0,49.0
b31,b16,42.0,45.0,47.0
b31,b78,83.0,86.0,88.0
b31,b79,70.0,73.0,77.0
b31,b59,86.0,89.0,92.0
b31,b60,63.0,65.0,67.0
b31,b45,53.0,56.0,58.0
b31,b99,55.0,58.0,61.0
b31,b100,65.0,67.0,69.0
b31,b18,20.0,21.0,22.0
b31,b61,89.0,91.0,94.0
b31,b19,48.0,50.0,53.0
b31,b80,69.0,74.0,78.0
b31,b62,77.0,79.0,81.0
b31,b20,37.0,39.0,43.0
b31,b21,35.0,37.0,39.0
b31,b22,49.0,52.0,54.0
b31,b23,38.0,41.0,43.0
b31,b49,85.0,88.0,90.0
b31,b46,61.0,63.0,64.0
b31,b101,56.0,58.0,60.0
b31,b63,84.0,90.0,97.0
b31,b81,57.0,61.0,65.0
b31,b112,76.0,80.0,83.0
b31,b82,63.0,67.0,71.0
b31,b24,32.0,34.0,37.0
b31,b65,66.0,69.0,72.0
b31,b83,71.0,75.0,79.0
b31,b25,30.0,32.0,34.0
b31,b103,51.0,54.0,56.0
b31,b5,17.0,18.0,20.0
b31,b26,35.0,37.0,39.0
b31,b121,66.0,70.0,74.0
b31,b119,41.0,43.0,46.0
b31,b47,42.0,44.0,46.0
b31,b104,49.0,51.0,53.0
b31,b27,57.0,59.0,62.0
b31,b105,53.0,57.0,61.0
b31,b28,36.0,40.0,43.0
b31,b84,76.0,79.0,82.0
b31,b44,58.0,59.0,61.0
b31,b66,68.0,71.0,74.0
b31,b67,78.0,81.0,85.0
b31,b85,70.0,74.0,78.0
b31,b120,69.0,72.0,75.0
b31,b87,74.0,77.0,82.0
b31,b86,66.0,69.0,72.0
b31,b29,41.0,45.0,49.0
b31,b30,44.0,47.0,49.0
b31,b88,70.0,74.0,77.0
b31,b68,78.0,84.0,90.0
b31,b69,106.0,111.0,116.0
b31,b106,62.0,67.0,72.0
b31,b31,0.0,0.0,0.0
b31,b115,88.0,92.0,96.0
b31,b32,27.0,28.0,30.0
b31,b113,54.0,56.0,58.0
b31,b114,61.0,63.0,65.0
b31,b89,88.0,91.0,95.0
b31,b33,37.0,38.0,41.0
b31,b48,48.0,52.0,56.0
b31,b77,73.0,75.0,77.0
b31,b34,47.0,49.0,51.0
b31,b70,115.0,124.0,135.0
b31,b71,69.0,72.0,76.0
b31,b64,85.0,92.0,100.0
b31,b107,67.0,70.0,73.0
b31,b90,93.0,97.0,101.0
b31,b118,89.0,93.0,98.0
b31,b1,42.0,44.0,47.0
b31,b35,58.0,61.0,64.0
b31,b36,45.0,47.0,50.0
b31,b37,52.0,57.0,61.0
b31,b108,61.0,64.0,67.0
b31,b109,57.0,60.0,62.0
b31,b39,43.0,46.0,49.0
b31,b3,25.0,25.0,27.0
b31,p_centro,30.0,32.0,34.0
b31,p_beira_mar,35.0,37.0,40.0
b31,p_aldeota,49.0,52.0,55.0
b31,p_papicu,46.0,49.0,52.0
b31,p_iguatemi,62.0,64.0,67.0
b31,p_unifor,75.0,77.0,80.0
b31,p_centro_eventos,69.0,72.0,74.0
b31,p_parangaba,46.0,50.0,54.0
b31,p_messejana,65.0,68.0,70.0
b31,p_ufc_benfica,40.0,42.0,44.0
b31,p_ufc_pici,52.0,54.0,57.0
b31,p_aeroporto,71.0,76.0,81.0
b115,b91,68.0,73.0,77.0
b115,b92,77.0,80.0,85.0
b115,b2,83.0,88.0,93.0
b115,b93,79.0,83.0,87.0
b115,b4,80.0,84.0,88.0
b115,b50,86.0,90.0,94.0
b115,b40,78.0,82.0,86.0
b115,b122,48.0,52.0,56.0
b115,b41,76.0,80.0,85.0
b115,b6,99.0,103.0,107.0
b115,b51,58.0,61.0,65.0
b115,b94,77.0,82.0,85.0
b115,b7,71.0,74.0,77.0
b115,b95,55.0,59.0,64.0
b115,b8,67.0,71.0,75.0
b115,b72,60.0,65.0,71.0
b115,b73,53.0,57.0,61.0
b115,b110,110.0,115.0,120.0
b115,b52,66.0,70.0,74.0
b115,b53,83.0,86.0,91.0
b115,b74,66.0,70.0,74.0
b115,b9,92.0,96.0,101.0
b115,b10,88.0,92.0,96.0
b115,b111,103.0,109.0,115.0
b115,b54,81.0,84.0,88.0
b115,b55,84.0,89.0,94.0
b115,b11,96.0,103.0,108.0
b115,b42,79.0,83.0,88.0
b115,b75,80.0,83.0,87.0
b115,b76,60.0,63.0,67.0
b115,b117,57.0,60.0,64.0
b115,b96,68.0,71.0,75.0
b115,b12,100.0,104.0,109.0
b115,b56,70.0,73.0,78.0
b115,b13,66.0,70.0,73.0
b115,b116,128.0,133.0,137.0
b115,b97,66.0,71.0,74.0
b115,b98,66.0,71.0,75.0
b115,b14,80.0,85.0,89.0
b115,b43,74.0,77.0,82.0
b115,b57,126.0,132.0,139.0
b115,b38,100.0,104.0,107.0
b115,b58,94.0,99.0,104.0
b115,b15,81.0,85.0,88.0
b115,b17,97.0,102.0,107.0
b115,b16,76.0,79.0,83.0
b115,b78,68.0,73.0,79.0
b115,b79,66.0,69.0,73.0
b115,b59,73.0,77.0,81.0
b115,b60,93.0,97.0,100.0
b115,b45,59.0,63.0,67.0
b115,b99,58.0,61.0,65.0
b115,b100,38.0,41.0,45.0
b115,b18,87.0,91.0,96.0
b115,b61,65.0,69.0,72.0
b115,b19,70.0,73.0,77.0
b115,b80,51.0,54.0,58.0
b115,b62,88.0,91.0,95.0
b115,b20,87.0,91.0,96.0
b115,b21,91.0,96.0,100.0
b115,b22,92.0,95.0,99.0
b115,b23,81.0,84.0,89.0
b115,b49,79.0,83.0,87.0
b115,b46,59.0,62.0,66.0
b115,b101,66.0,69.0,72.0
b115,b63,79.0,84.0,90.0
b115,b81,50.0,53.0,57.0
b115,b112,111.0,117.0,123.0
b115,b82,44.0,47.0,49.0
b115,b24,95.0,100.0,104.0
b115,b65,64.0,68.0,73.0
b115,b83,36.0,39.0,41.0
b115,b25,98.0,101.0,106.0
b115,b103,60.0,63.0,67.0
b115,b5,76.0,82.0,86.0
b115,b26,99.0,103.0,107.0
b115,b121,52.0,55.0,58.0
b115,b119,90.0,94.0,99.0
b115,b47,81.0,85.0,89.0
b115,b104,73.0,77.0,81.0
b115,b27,99.0,104.0,109.0
b115,b105,55.0,58.0,60.0
b115,b28,83.0,87.0,91.0
b115,b84,39.0,43.0,47.0
b115,b44,75.0,79.0,84.0
b115,b66,80.0,85.0,89.0
b115,b67,87.0,91.0,95.0
b115,b85,67.0,70.0,74.0
b115,b120,74.0,77.0,82.0
b115,b87,67.0,70.0,73.0
b115,b86,51.0,54.0,58.0
b115,b29,86.0,90.0,94.0
b115,b30,63.0,67.0,70.0
b115,b88,49.0,53.0,58.0
b115,b68,79.0,84.0,91.0
b115,b69,98.0,103.0,110.0
b115,b106,86.0,92.0,98.0
b115,b31,94.0,99.0,104.0
b115,b115,0.0,0.0,0.0
b115,b32,94.0,99.0,104.0
b115,b113,117.0,122.0,127.0
b115,b114,123.0,128.0,133.0
b115,b89,37.0,39.0,42.0
b115,b33,91.0,95.0,98.0
b115,b48,94.0,98.0,103.0
b115,b77,39.0,43.0,47.0
b115,b34,80.0,84.0,87.0
b115,b70,109.0,117.0,129.0
b115,b71,85.0,90.0,95.0
b115,b64,98.0,107.0,115.0
b115,b107,49.0,53.0,57.0
b115,b90,78.0,82.0,88.0
b115,b118,83.0,87.0,92.0
b115,b1,94.0,98.0,102.0
b115,b35,84.0,89.0,94.0
b115,b36,96.0,101.0,105.0
b115,b37,110.0,115.0,120.0
b115,b108,56.0,59.0,63.0
b115,b109,69.0,72.0,76.0
b115,b39,96.0,101.0,105.0
b115,b3,97.0,101.0,104.0
b115,p_centro,84.0,88.0,91.0
b115,p_beira_mar,97.0,101.0,106.0
b115,p_aldeota,83.0,88.0,93.0
b115,p_papicu,92.0,97.0,101.0
b115,p_iguatemi,92.0,95.0,100.0
b115,p_unifor,93.0,96.0,102.0
b115,p_centro_eventos,90.0,94.0,98.0
b115,p_parangaba,48.0,52.0,55.0
b115,p_messejana,53.0,56.0,60.0
b115,p_ufc_benfica,73.0,76.0,80.0
b115,p_ufc_pici,95.0,99.0,104.0
b115,p_aeroporto,79.0,82.0,87.0
b32,b91,43.0,47.0,49.0
b32,b92,61.0,66.0,69.0
b32,b2,33.0,35.0,37.0
b32,b93,44.0,45.0,48.0
b32,b4,47.0,49.0,52.0
b32,b50,76.0,79.0,81.0
b32,b40,51.0,53.0,55.0
b32,b122,66.0,69.0,74.0
b32,b41,55.0,58.0,60.0
b32,b6,31.0,34.0,36.0
b32,b51,69.0,72.0,75.0
b32,b94,43.0,46.0,49.0
b32,b7,34.0,36.0,39.0
b32,b95,52.0,55.0,58.0
b32,b8,46.0,48.0,50.0
b32,b72,69.0,73.0,77.0
b32,b73,59.0,62.0,64.0
b32,b110,32.0,34.0,36.0
b32,b52,51.0,52.0,55.0
b32,b53,66.0,68.0,70.0
b32,b74,75.0,78.0,82.0
b32,b9,32.0,34.0,36.0
b32,b10,19.0,21.0,23.0
b32,b111,50.0,51.0,54.0
b32,b54,59.0,61.0,64.0
b32,b55,90.0,94.0,98.0
b32,b11,45.0,48.0,51.0
b32,b42,62.0,65.0,67.0
b32,b75,67.0,70.0,72.0
b32,b76,59.0,63.0,67.0
b32,b117,71.0,73.0,76.0
b32,b96,44.0,46.0,48.0
b32,b12,30.0,33.0,35.0
b32,b56,71.0,74.0,76.0
b32,b13,42.0,43.0,46.0
b32,b116,53.0,55.0,57.0
b32,b97,41.0,42.0,45.0
b32,b98,55.0,58.0,60.0
b32,b14,36.0,38.0,40.0
b32,b43,57.0,59.0,61.0
b32,b57,82.0,85.0,89.0
b32,b38,43.0,46.0,49.0
b32,b58,59.0,63.0,66.0
b32,b15,35.0,36.0,38.0
b32,b17,56.0,60.0,63.0
b32,b16,35.0,36.0,38.0
b32,b78,78.0,81.0,84.0
b32,b79,65.0,69.0,73.0
b32,b59,78.0,79.0,81.0
b32,b60,47.0,48.0,50.0
b32,b45,51.0,53.0,55.0
b32,b99,52.0,54.0,57.0
b32,b100,60.0,62.0,64.0
b32,b18,28.0,29.0,31.0
b32,b61,77.0,80.0,82.0
b32,b19,44.0,46.0,48.0
b32,b80,66.0,69.0,73.0
b32,b62,60.0,63.0,66.0
b32,b20,49.0,53.0,56.0
b32,b21,47.0,50.0,53.0
b32,b22,39.0,40.0,42.0
b32,b23,29.0,30.0,32.0
b32,b49,69.0,71.0,73.0
b32,b46,58.0,60.0,62.0
b32,b101,52.0,54.0,56.0
b32,b63,78.0,82.0,86.0
b32,b81,54.0,57.0,62.0
b32,b112,60.0,62.0,65.0
b32,b82,59.0,63.0,66.0
b32,b24,17.0,17.0,18.0
b32,b65,61.0,63.0,66.0
b32,b83,68.0,71.0,76.0
b32,b25,40.0,42.0,44.0
b32,b103,47.0,49.0,51.0
b32,b5,16.0,17.0,19.0
b32,b26,20.0,21.0,23.0
b32,b121,62.0,67.0,71.0
b32,b119,51.0,54.0,58.0
b32,b47,47.0,50.0,52.0
b32,b104,45.0,47.0,49.0
b32,b27,41.0,43.0,45.0
b32,b105,50.0,53.0,57.0
b32,b28,35.0,37.0,39.0
b32,b84,73.0,75.0,78.0
b32,b44,54.0,57.0,59.0
b32,b66,59.0,61.0,63.0
b32,b67,64.0,66.0,67.0
b32,b85,67.0,70.0,75.0
b32,b120,65.0,68.0,70.0
b32,b87,70.0,74.0,78.0
b32,b86,63.0,66.0,68.0
b32,b29,41.0,43.0,45.0
b32,b30,41.0,43.0,46.0
b32,b88,60.0,63.0,65.0
b32,b68,77.0,81.0,85.0
b32,b69,97.0,100.0,103.0
b32,b106,60.0,65.0,70.0
b32,b31,25.0,27.0,29.0
b32,b115,85.0,89.0,93.0
b32,b32,0.0,0.0,0.0
b32,b113,40.0,42.0,44.0
b32,b114,47.0,49.0,51.0
b32,b89,82.0,85.0,88.0
b32,b33,46.0,48.0,50.0
b32,b48,56.0,57.0,59.0
b32,b77,69.0,71.0,74.0
b32,b34,43.0,45.0,47.0
b32,b70,107.0,115.0,126.0
b32,b71,52.0,55.0,58.0
b32,b64,76.0,81.0,86.0
b32,b107,60.0,62.0,65.0
b32,b90,87.0,92.0,97.0
b32,b118,86.0,90.0,93.0
b32,b1,42.0,43.0,45.0
b32,b35,43.0,46.0,49.0
b32,b36,29.0,31.0,32.0
b32,b37,38.0,42.0,45.0
b32,b108,56.0,59.0,61.0
b32,b109,52.0,54.0,57.0
b32,b39,54.0,59.0,61.0
b32,b3,37.0,39.0,41.0
b32,p_centro,18.0,20.0,21.0
b32,p_beira_mar,20.0,21.0,22.0
b32,p_aldeota,33.0,35.0,38.0
b32,p_papicu,31.0,32.0,34.0
b32,p_iguatemi,44.0,46.0,47.0
b32,p_unifor,57.0,58.0,60.0
b32,p_centro_eventos,51.0,52.0,54.0
b32,p_parangaba,43.0,46.0,51.0
b32,p_messejana,53.0,55.0,57.0
b32,p_ufc_benfica,36.0,38.0,40.0
b32,p_ufc_pici,52.0,55.0,57.0
b32,p_aeroporto,63.0,68.0,72.0
b113,b91,50.0,53.0,56.0
b113,b92,80.0,87.0,94.0
b113,b2,46.0,49.0,52.0
b113,b93,55.0,58.0,61.0
b113,b4,76.0,79.0,82.0
b113,b50,98.0,102.0,106.0
b113,b40,81.0,83.0,85.0
b113,b122,97.0,100.0,104.0
b113,b41,87.0,89.0,91.0
b113,b6,63.0,66.0,70.0
b113,b51,87.0,90.0,94.0
b113,b94,76.0,78.0,80.0
b113,b7,60.0,63.0,65.0
b113,b95,63.0,66.0,71.0
b113,b8,77.0,79.0,81.0
b113,b72,94.0,101.0,105.0
b113,b73,89.0,92.0,94.0
b113,b110,24.0,26.0,28.0
b113,b52,71.0,74.0,78.0
b113,b53,65.0,68.0,71.0
b113,b74,103.0,112.0,119.0
b113,b9,64.0,66.0,68.0
b113,b10,53.0,54.0,56.0
b113,b111,35.0,37.0,39.0
b113,b54,66.0,70.0,73.0
b113,b55,98.0,102.0,106.0
b113,b11,40.0,44.0,46.0
b113,b42,95.0,97.0,99.0
b113,b75,99.0,101.0,102.0
b113,b76,90.0,94.0,97.0
b113,b117,84.0,87.0,90.0
b113,b96,75.0,77.0,79.0
b113,b12,63.0,66.0,70.0
b113,b56,67.0,71.0,74.0
b113,b13,72.0,74.0,76.0
b113,b116,15.0,15.0,15.0
b113,b97,72.0,73.0,75.0
b113,b98,69.0,72.0,75.0
b113,b14,45.0,49.0,52.0
b113,b43,89.0,91.0,93.0
b113,b57,77.0,81.0,84.0
b113,b38,75.0,78.0,81.0
b113,b58,60.0,63.0,67.0
b113,b15,63.0,65.0,67.0
b113,b17,90.0,93.0,96.0
b113,b16,58.0,61.0,64.0
b113,b78,103.0,109.0,115.0
b113,b79,93.0,97.0,106.0
b113,b59,76.0,79.0,82.0
b113,b60,45.0,48.0,51.0
b113,b45,83.0,85.0,87.0
b113,b99,75.0,77.0,80.0
b113,b100,72.0,79.0,85.0
b113,b18,60.0,61.0,63.0
b113,b61,93.0,96.0,99.0
b113,b19,72.0,74.0,76.0
b113,b80,88.0,93.0,98.0
b113,b62,58.0,61.0,64.0
b113,b20,81.0,85.0,89.0
b113,b21,78.0,81.0,87.0
b113,b22,62.0,64.0,67.0
b113,b23,58.0,60.0,62.0
b113,b49,67.0,69.0,72.0
b113,b46,89.0,91.0,93.0
b113,b101,82.0,84.0,86.0
b113,b63,74.0,78.0,82.0
b113,b81,85.0,88.0,92.0
b113,b112,38.0,41.0,43.0
b113,b82,84.0,87.0,90.0
b113,b24,37.0,39.0,41.0
b113,b65,75.0,78.0,81.0
b113,b83,95.0,97.0,99.0
b113,b25,70.0,73.0,75.0
b113,b103,76.0,78.0,80.0
b113,b5,49.0,51.0,54.0
b113,b26,30.0,32.0,34.0
b113,b121,93.0,97.0,101.0
b113,b119,83.0,87.0,93.0
b113,b47,78.0,80.0,82.0
b113,b104,76.0,78.0,79.0
b113,b27,31.0,34.0,37.0
b113,b105,77.0,80.0,83.0
b113,b28,65.0,67.0,69.0
b113,b84,89.0,97.0,102.0
b113,b44,86.0,88.0,90.0
b113,b66,78.0,81.0,84.0
b113,b67,63.0,66.0,69.0
b113,b85,98.0,101.0,105.0
b113,b120,86.0,90.0,94.0
b113,b87,101.0,105.0,109.0
b113,b86,92.0,94.0,98.0
b113,b29,71.0,72.0,74.0
b113,b30,69.0,71.0,75.0
b113,b88,69.0,73.0,78.0
b113,b68,98.0,101.0,105.0
b113,b69,120.0,124.0,130.0
b113,b106,91.0,98.0,102.0
b113,b31,57.0,60.0,63.0
b113,b115,101.0,106.0,113.0
b113,b32,44.0,46.0,48.0
b113,b113,0.0,0.0,0.0
b113,b114,20.0,21.0,23.0
b113,b89,94.0,99.0,103.0
b113,b33,77.0,79.0,81.0
b113,b48,86.0,88.0,90.0
b113,b77,86.0,91.0,96.0
b113,b34,73.0,75.0,77.0
b113,b70,94.0,105.0,117.0
b113,b71,50.0,53.0,57.0
b113,b64,77.0,81.0,85.0
b113,b107,71.0,78.0,84.0
b113,b90,112.0,122.0,128.0
b113,b118,91.0,94.0,98.0
b113,b1,72.0,74.0,75.0
b113,b35,58.0,61.0,64.0
b113,b36,35.0,37.0,40.0
b113,b37,33.0,35.0,38.0
b113,b108,85.0,88.0,92.0
b113,b109,74.0,79.0,82.0
b113,b39,87.0,91.0,93.0
b113,b3,69.0,71.0,73.0
b113,p_centro,53.0,55.0,57.0
b113,p_beira_mar,36.0,38.0,40.0
b113,p_aldeota,45.0,48.0,50.0
b113,p_papicu,28.0,30.0,34.0
b113,p_iguatemi,42.0,45.0,48.0
b113,p_unifor,56.0,58.0,61.0
b113,p_centro_eventos,50.0,52.0,55.0
b113,p_parangaba,69.0,72.0,75.0
b113,p_messejana,73.0,77.0,79.0
b113,p_ufc_benfica,64.0,65.0,67.0
b113,p_ufc_pici,83.0,84.0,87.0
b113,p_aeroporto,82.0,89.0,97.0
b114,b91,60.0,63.0,66.0
b114,b92,87.0,93.0,103.0
b114,b2,56.0,58.0,61.0
b114,b93,65.0,68.0,71.0
b114,b4,85.0,88.0,90.0
b114,b50,104.0,110.0,115.0
b114,b40,89.0,91.0,93.0
b114,b122,105.0,109.0,113.0
b114,b41,95.0,97.0,99.0
b114,b6,72.0,75.0,79.0
b114,b51,97.0,100.0,102.0
b114,b94,84.0,86.0,89.0
b114,b7,70.0,72.0,74.0
b114,b95,73.0,76.0,80.0
b114,b8,84.0,86.0,89.0
b114,b72,104.0,110.0,114.0
b114,b73,98.0,100.0,102.0
b114,b110,33.0,34.0,36.0
b114,b52,82.0,84.0,87.0
b114,b53,74.0,77.0,80.0
b114,b74,115.0,123.0,128.0
b114,b9,72.0,74.0,76.0
b114,b10,61.0,63.0,65.0
b114,b111,44.0,46.0,49.0
b114,b54,75.0,79.0,82.0
b114,b55,107.0,110.0,114.0
b114,b11,50.0,53.0,55.0
b114,b42,103.0,105.0,107.0
b114,b75,107.0,109.0,111.0
b114,b76,99.0,103.0,106.0
b114,b117,93.0,96.0,99.0
b114,b96,83.0,85.0,87.0
b114,b12,72.0,75.0,78.0
b114,b56,68.0,77.0,81.0
b114,b13,80.0,82.0,84.0
b114,b116,36.0,37.0,39.0
b114,b97,79.0,82.0,83.0
b114,b98,79.0,82.0,86.0
b114,b14,55.0,58.0,62.0
b114,b43,97.0,99.0,101.0
b114,b57,87.0,91.0,94.0
b114,b38,83.0,86.0,89.0
b114,b58,69.0,72.0,76.0
b114,b15,72.0,74.0,76.0
b114,b17,98.0,101.0,104.0
b114,b16,68.0,71.0,73.0
b114,b78,112.0,120.0,124.0
b114,b79,103.0,107.0,114.0
b114,b59,83.0,87.0,90.0
b114,b60,55.0,57.0,60.0
b114,b45,91.0,93.0,95.0
b114,b99,84.0,87.0,89.0
b114,b100,82.0,89.0,96.0
b114,b18,68.0,70.0,72.0
b114,b61,102.0,105.0,108.0
b114,b19,80.0,82.0,84.0
b114,b80,99.0,103.0,108.0
b114,b62,67.0,71.0,75.0
b114,b20,89.0,93.0,98.0
b114,b21,87.0,90.0,95.0
b114,b22,71.0,74.0,76.0
b114,b23,66.0,68.0,70.0
b114,b49,74.0,77.0,80.0
b114,b46,97.0,99.0,101.0
b114,b101,91.0,93.0,95.0
b114,b63,71.0,78.0,85.0
b114,b81,93.0,97.0,101.0
b114,b112,47.0,50.0,53.0
b114,b82,94.0,97.0,102.0
b114,b24,45.0,47.0,49.0
b114,b65,82.0,85.0,88.0
b114,b83,103.0,105.0,108.0
b114,b25,79.0,81.0,83.0
b114,b103,84.0,86.0,88.0
b114,b5,57.0,60.0,62.0
b114,b26,38.0,40.0,42.0
b114,b121,102.0,107.0,111.0
b114,b119,92.0,96.0,101.0
b114,b47,87.0,88.0,90.0
b114,b104,84.0,86.0,88.0
b114,b27,41.0,44.0,46.0
b114,b105,86.0,90.0,93.0
b114,b28,73.0,75.0,77.0
b114,b84,100.0,108.0,112.0
b114,b44,94.0,96.0,98.0
b114,b66,87.0,90.0,93.0
b114,b67,73.0,75.0,78.0
b114,b85,106.0,110.0,114.0
b114,b120,93.0,99.0,104.0
b114,b87,110.0,115.0,120.0
b114,b86,101.0,104.0,108.0
b114,b29,79.0,81.0,83.0
b114,b30,77.0,80.0,83.0
b114,b88,80.0,83.0,87.0
b114,b68,107.0,110.0,113.0
b114,b69,127.0,130.0,135.0
b114,b106,100.0,107.0,110.0
b114,b31,66.0,69.0,72.0
b114,b115,112.0,115.0,123.0
b114,b32,52.0,55.0,57.0
b114,b113,21.0,23.0,24.0
b114,b114,0.0,0.0,0.0
b114,b89,104.0,109.0,112.0
b114,b33,85.0,87.0,89.0
b114,b48,94.0,96.0,98.0
b114,b77,97.0,102.0,106.0
b114,b34,81.0,84.0,85.0
b114,b70,88.0,99.0,110.0
b114,b71,59.0,62.0,66.0
b114,b64,85.0,88.0,93.0
b114,b107,81.0,88.0,95.0
b114,b90,125.0,132.0,137.0
b114,b118,100.0,103.0,106.0
b114,b1,80.0,82.0,83.0
b114,b35,68.0,71.0,73.0
b114,b36,45.0,47.0,50.0
b114,b37,42.0,44.0,46.0
b114,b108,94.0,98.0,103.0
b114,b109,84.0,87.0,91.0
b114,b39,96.0,99.0,101.0
b114,b3,77.0,80.0,82.0
b114,p_centro,62.0,64.0,66.0
b114,p_beira_mar,44.0,46.0,48.0
b114,p_aldeota,55.0,57.0,59.0
b114,p_papicu,37.0,40.0,43.0
b114,p_iguatemi,52.0,55.0,58.0
b114,p_unifor,65.0,68.0,71.0
b114,p_centro_eventos,59.0,62.0,65.0
b114,p_parangaba,79.0,82.0,85.0
b114,p_messejana,81.0,84.0,88.0
b114,p_ufc_benfica,72.0,74.0,76.0
b114,p_ufc_pici,90.0,93.0,95.0
b114,p_aeroporto,89.0,95.0,106.0
b89,b91,57.0,59.0,63.0
b89,b92,73.0,77.0,81.0
b89,b2,73.0,76.0,79.0
b89,b93,67.0,70.0,73.0
b89,b4,73.0,77.0,80.0
b89,b50,73.0,77.0,81.0
b89,b40,73.0,76.0,80.0
b89,b122,54.0,57.0,61.0
b89,b41,70.0,75.0,78.0
b89,b6,92.0,95.0,99.0
b89,b51,46.0,51.0,54.0
b89,b94,75.0,78.0,82.0
b89,b7,67.0,70.0,73.0
b89,b95,42.0,45.0,48.0
b89,b8,58.0,63.0,66.0
b89,b72,53.0,57.0,61.0
b89,b73,47.0,51.0,54.0
b89,b110,105.0,108.0,111.0
b89,b52,53.0,56.0,60.0
b89,b53,70.0,74.0,79.0
b89,b74,62.0,64.0,68.0
b89,b9,88.0,92.0,96.0
b89,b10,80.0,82.0,86.0
b89,b111,93.0,97.0,101.0
b89,b54,66.0,70.0,74.0
b89,b55,69.0,74.0,78.0
b89,b11,85.0,88.0,91.0
b89,b42,72.0,77.0,82.0
b89,b75,74.0,77.0,80.0
b89,b76,56.0,58.0,62.0
b89,b117,47.0,51.0,54.0
b89,b96,66.0,68.0,70.0
b89,b12,95.0,99.0,103.0
b89,b56,57.0,61.0,65.0
b89,b13,64.0,66.0,68.0
b89,b116,112.0,117.0,121.0
b89,b97,65.0,68.0,71.0
b89,b98,58.0,61.0,63.0
b89,b14,69.0,72.0,75.0
b89,b43,68.0,72.0,76.0
b89,b57,104.0,111.0,119.0
b89,b38,94.0,97.0,100.0
b89,b58,81.0,84.0,87.0
b89,b15,77.0,79.0,82.0
b89,b17,92.0,96.0,101.0
b89,b16,71.0,74.0,77.0
b89,b78,64.0,67.0,72.0
b89,b79,61.0,63.0,66.0
b89,b59,60.0,64.0,68.0
b89,b60,82.0,84.0,88.0
b89,b45,53.0,57.0,60.0
b89,b99,54.0,56.0,58.0
b89,b100,37.0,39.0,42.0
b89,b18,83.0,87.0,90.0
b89,b61,54.0,58.0,62.0
b89,b19,61.0,66.0,69.0
b89,b80,44.0,46.0,49.0
b89,b62,72.0,76.0,80.0
b89,b20,80.0,85.0,90.0
b89,b21,85.0,89.0,95.0
b89,b22,80.0,83.0,87.0
b89,b23,70.0,74.0,79.0
b89,b49,66.0,70.0,75.0
b89,b46,52.0,56.0,60.0
b89,b101,64.0,66.0,69.0
b89,b63,58.0,65.0,72.0
b89,b81,44.0,46.0,49.0
b89,b112,101.0,107.0,110.0
b89,b82,39.0,41.0,44.0
b89,b24,88.0,90.0,93.0
b89,b65,51.0,55.0,59.0
b89,b83,31.0,33.0,35.0
b89,b25,92.0,97.0,100.0
b89,b103,52.0,56.0,60.0
b89,b5,73.0,77.0,82.0
b89,b26,94.0,97.0,99.0
b89,b121,46.0,48.0,51.0
b89,b119,83.0,88.0,93.0
b89,b47,75.0,79.0,83.0
b89,b104,72.0,75.0,78.0
b89,b27,88.0,91.0,95.0
b89,b105,51.0,53.0,56.0
b89,b28,79.0,83.0,87.0
b89,b84,39.0,41.0,44.0
b89,b44,69.0,74.0,78.0
b89,b66,65.0,69.0,74.0
b89,b67,74.0,77.0,81.0
b89,b85,66.0,69.0,73.0
b89,b120,61.0,66.0,70.0
b89,b87,62.0,64.0,68.0
b89,b86,45.0,47.0,50.0
b89,b29,82.0,85.0,88.0
b89,b30,61.0,64.0,67.0
b89,b88,36.0,38.0,41.0
b89,b68,67.0,71.0,76.0
b89,b69,85.0,89.0,94.0
b89,b106,82.0,87.0,92.0
b89,b31,90.0,94.0,98.0
b89,b115,36.0,38.0,40.0
b89,b32,86.0,90.0,93.0
b89,b113,110.0,113.0,116.0
b89,b114,106.0,112.0,118.0
b89,b89,0.0,0.0,0.0
b89,b33,85.0,88.0,91.0
b89,b48,87.0,92.0,96.0
b89,b77,39.0,41.0,43.0
b89,b34,74.0,77.0,80.0
b89,b70,90.0,96.0,104.0
b89,b71,72.0,76.0,80.0
b89,b64,84.0,89.0,96.0
b89,b107,48.0,51.0,54.0
b89,b90,73.0,76.0,81.0
b89,b118,69.0,73.0,76.0
b89,b1,88.0,92.0,95.0
b89,b35,76.0,79.0,82.0
b89,b36,86.0,90.0,93.0
b89,b37,100.0,103.0,106.0
b89,b108,50.0,52.0,55.0
b89,b109,67.0,70.0,73.0
b89,b39,90.0,95.0,100.0
b89,b3,90.0,93.0,98.0
b89,p_centro,78.0,80.0,84.0
b89,p_beira_mar,88.0,91.0,95.0
b89,p_aldeota,73.0,76.0,79.0
b89,p_papicu,81.0,85.0,88.0
b89,p_iguatemi,79.0,83.0,86.0
b89,p_unifor,80.0,83.0,86.0
b89,p_centro_eventos,77.0,81.0,85.0
b89,p_parangaba,47.0,49.0,51.0
b89,p_messejana,39.0,43.0,48.0
b89,p_ufc_benfica,69.0,72.0,75.0
b89,p_ufc_pici,88.0,92.0,94.0
b89,p_aeroporto,75.0,79.0,83.0
b33,b91,58.0,61.0,64.0
b33,b92,62.0,67.0,71.0
b33,b2,56.0,57.0,59.0
b33,b93,53.0,56.0,59.0
b33,b4,23.0,25.0,27.0
b33,b50,89.0,92.0,94.0
b33,b40,28.0,30.0,32.0
b33,b122,68.0,71.0,76.0
b33,b41,40.0,43.0,46.0
b33,b6,28.0,32.0,36.0
b33,b51,82.0,86.0,91.0
b33,b94,26.0,30.0,34.0
b33,b7,30.0,32.0,34.0
b33,b95,63.0,66.0,69.0
b33,b8,40.0,43.0,45.0
b33,b72,61.0,64.0,69.0
b33,b73,46.0,49.0,51.0
b33,b110,67.0,69.0,71.0
b33,b52,64.0,66.0,69.0
b33,b53,78.0,81.0,85.0
b33,b74,71.0,74.0,76.0
b33,b9,25.0,27.0,29.0
b33,b10,47.0,48.0,50.0
b33,b111,72.0,75.0,79.0
b33,b54,73.0,75.0,78.0
b33,b55,102.0,107.0,112.0
b33,b11,65.0,69.0,72.0
b33,b42,47.0,49.0,51.0
b33,b75,52.0,55.0,58.0
b33,b76,61.0,64.0,68.0
b33,b117,84.0,87.0,89.0
b33,b96,39.0,43.0,47.0
b33,b12,28.0,31.0,33.0
b33,b56,76.0,79.0,82.0
b33,b13,34.0,36.0,38.0
b33,b116,86.0,88.0,90.0
b33,b97,36.0,40.0,44.0
b33,b98,68.0,71.0,74.0
b33,b14,49.0,52.0,54.0
b33,b43,40.0,42.0,44.0
b33,b57,94.0,98.0,103.0
b33,b38,20.0,21.0,22.0
b33,b58,73.0,76.0,79.0
b33,b15,31.0,32.0,34.0
b33,b17,23.0,25.0,28.0
b33,b16,32.0,34.0,37.0
b33,b78,70.0,72.0,74.0
b33,b79,59.0,63.0,66.0
b33,b59,89.0,93.0,95.0
b33,b60,53.0,56.0,59.0
b33,b45,37.0,39.0,41.0
b33,b99,53.0,55.0,57.0
b33,b100,62.0,64.0,66.0
b33,b18,32.0,33.0,35.0
b33,b61,91.0,93.0,96.0
b33,b19,40.0,43.0,46.0
b33,b80,66.0,69.0,73.0
b33,b62,74.0,77.0,80.0
b33,b20,28.0,31.0,35.0
b33,b21,29.0,31.0,34.0
b33,b22,50.0,52.0,54.0
b33,b23,39.0,42.0,44.0
b33,b49,75.0,78.0,81.0
b33,b46,43.0,45.0,48.0
b33,b101,44.0,46.0,48.0
b33,b63,87.0,90.0,93.0
b33,b81,55.0,58.0,61.0
b33,b112,81.0,85.0,89.0
b33,b82,59.0,62.0,66.0
b33,b24,52.0,55.0,57.0
b33,b65,74.0,77.0,79.0
b33,b83,65.0,68.0,71.0
b33,b25,22.0,25.0,29.0
b33,b103,44.0,46.0,49.0
b33,b5,35.0,37.0,39.0
b33,b26,55.0,57.0,59.0
b33,b121,61.0,63.0,65.0
b33,b119,30.0,32.0,36.0
b33,b47,17.0,20.0,24.0
b33,b104,35.0,39.0,43.0
b33,b27,66.0,68.0,71.0
b33,b105,51.0,54.0,57.0
b33,b28,31.0,33.0,35.0
b33,b84,74.0,76.0,78.0
b33,b44,40.0,43.0,45.0
b33,b66,72.0,75.0,78.0
b33,b67,75.0,78.0,81.0
b33,b85,69.0,72.0,76.0
b33,b120,78.0,81.0,83.0
b33,b87,70.0,73.0,76.0
b33,b86,55.0,58.0,60.0
b33,b29,27.0,29.0,30.0
b33,b30,42.0,44.0,47.0
b33,b88,71.0,74.0,77.0
b33,b68,89.0,93.0,98.0
b33,b69,111.0,115.0,121.0
b33,b106,46.0,49.0,53.0
b33,b31,34.0,36.0,37.0
b33,b115,86.0,89.0,93.0
b33,b32,48.0,50.0,52.0
b33,b113,74.0,76.0,78.0
b33,b114,81.0,83.0,85.0
b33,b89,84.0,86.0,89.0
b33,b33,0.0,0.0,0.0
b33,b48,34.0,36.0,38.0
b33,b77,70.0,72.0,74.0
b33,b34,36.0,37.0,39.0
b33,b70,121.0,132.0,142.0
b33,b71,66.0,68.0,71.0
b33,b64,86.0,92.0,97.0
b33,b107,64.0,66.0,69.0
b33,b90,81.0,83.0,87.0
b33,b118,99.0,102.0,106.0
b33,b1,28.0,31.0,33.0
b33,b35,49.0,52.0,55.0
b33,b36,65.0,67.0,69.0
b33,b37,73.0,76.0,78.0
b33,b108,55.0,58.0,60.0
b33,b109,51.0,54.0,57.0
b33,b39,37.0,38.0,41.0
b33,b3,17.0,19.0,20.0
b33,p_centro,45.0,47.0,48.0
b33,p_beira_mar,56.0,58.0,60.0
b33,p_aldeota,56.0,58.0,61.0
b33,p_papicu,59.0,61.0,64.0
b33,p_iguatemi,54.0,57.0,60.0
b33,p_unifor,68.0,71.0,74.0
b33,p_centro_eventos,65.0,68.0,70.0
b33,p_parangaba,44.0,46.0,49.0
b33,p_messejana,67.0,70.0,73.0
b33,p_ufc_benfica,30.0,32.0,34.0
b33,p_ufc_pici,27.0,29.0,31.0
b33,p_aeroporto,64.0,69.0,73.0
b48,b91,75.0,77.0,79.0
b48,b92,79.0,82.0,86.0
b48,b2,66.0,67.0,69.0
b48,b93,72.0,75.0,78.0
b48,b4,41.0,43.0,45.0
b48,b50,101.0,104.0,107.0
b48,b40,19.0,20.0,21.0
b48,b122,81.0,84.0,88.0
b48,b41,27.0,29.0,31.0
b48,b6,40.0,43.0,45.0
b48,b51,95.0,99.0,102.0
b48,b94,50.0,54.0,58.0
b48,b7,46.0,48.0,50.0
b48,b95,76.0,80.0,84.0
b48,b8,58.0,61.0,65.0
b48,b72,62.0,66.0,68.0
b48,b73,45.0,47.0,50.0
b48,b110,79.0,81.0,84.0
b48,b52,79.0,80.0,82.0
b48,b53,96.0,98.0,100.0
b48,b74,72.0,74.0,77.0
b48,b9,47.0,51.0,55.0
b48,b10,56.0,58.0,59.0
b48,b111,84.0,87.0,91.0
b48,b54,86.0,89.0,94.0
b48,b55,114.0,119.0,124.0
b48,b11,79.0,81.0,83.0
b48,b42,37.0,39.0,42.0
b48,b75,43.0,46.0,49.0
b48,b76,68.0,72.0,75.0
b48,b117,95.0,99.0,104.0
b48,b96,51.0,53.0,55.0
b48,b12,51.0,53.0,55.0
b48,b56,94.0,97.0,100.0
b48,b13,52.0,55.0,59.0
b48,b116,98.0,100.0,103.0
b48,b97,45.0,47.0,49.0
b48,b98,82.0,85.0,88.0
b48,b14,65.0,67.0,69.0
b48,b43,31.0,34.0,37.0
b48,b57,112.0,115.0,120.0
b48,b38,42.0,46.0,49.0
b48,b58,92.0,95.0,99.0
b48,b15,38.0,39.0,40.0
b48,b17,41.0,43.0,45.0
b48,b16,48.0,50.0,52.0
b48,b78,64.0,66.0,68.0
b48,b79,52.0,54.0,56.0
b48,b59,107.0,108.0,110.0
b48,b60,70.0,72.0,75.0
b48,b45,38.0,39.0,40.0
b48,b99,60.0,62.0,64.0
b48,b100,68.0,70.0,73.0
b48,b18,51.0,52.0,54.0
b48,b61,103.0,106.0,110.0
b48,b19,60.0,62.0,64.0
b48,b80,73.0,76.0,79.0
b48,b62,91.0,94.0,96.0
b48,b20,24.0,25.0,27.0
b48,b21,34.0,36.0,37.0
b48,b22,61.0,63.0,65.0
b48,b23,53.0,55.0,56.0
b48,b49,93.0,96.0,98.0
b48,b46,45.0,47.0,49.0
b48,b101,45.0,47.0,49.0
b48,b63,104.0,106.0,109.0
b48,b81,62.0,64.0,67.0
b48,b112,94.0,97.0,101.0
b48,b82,65.0,68.0,70.0
b48,b24,65.0,67.0,69.0
b48,b65,87.0,90.0,92.0
b48,b83,66.0,69.0,72.0
b48,b25,49.0,52.0,55.0
b48,b103,59.0,62.0,64.0
b48,b5,44.0,45.0,47.0
b48,b26,67.0,70.0,72.0
b48,b121,62.0,64.0,67.0
b48,b119,21.0,23.0,24.0
b48,b47,28.0,29.0,31.0
b48,b104,50.0,53.0,55.0
b48,b27,76.0,78.0,79.0
b48,b105,60.0,62.0,65.0
b48,b28,39.0,40.0,41.0
b48,b84,80.0,83.0,86.0
b48,b44,27.0,29.0,31.0
b48,b66,87.0,88.0,90.0
b48,b67,93.0,94.0,97.0
b48,b85,80.0,83.0,86.0
b48,b120,90.0,93.0,96.0
b48,b87,74.0,77.0,80.0
b48,b86,55.0,58.0,61.0
b48,b29,34.0,35.0,36.0
b48,b30,57.0,59.0,62.0
b48,b88,82.0,86.0,89.0
b48,b68,105.0,110.0,116.0
b48,b69,131.0,135.0,141.0
b48,b106,46.0,51.0,56.0
b48,b31,53.0,56.0,57.0
b48,b115,90.0,94.0,99.0
b48,b32,60.0,61.0,63.0
b48,b113,86.0,89.0,91.0
b48,b114,93.0,96.0,98.0
b48,b89,88.0,93.0,97.0
b48,b33,35.0,38.0,39.0
b48,b48,0.0,0.0,0.0
b48,b77,76.0,78.0,81.0
b48,b34,53.0,54.0,56.0
b48,b70,139.0,146.0,
b48,b71,83.0,86.0,89.0
b48,b64,104.0,112.0,117.0
b48,b107,73.0,75.0,79.0
b48,b90,78.0,81.0,85.0
b48,b118,113.0,116.0,118.0
b48,b1,40.0,41.0,42.0
b48,b35,67.0,69.0,71.0
b48,b36,77.0,79.0,81.0
b48,b37,88.0,91.0,93.0
b48,b108,60.0,62.0,65.0
b48,b109,69.0,71.0,73.0
b48,b39,17.0,18.0,20.0
b48,b3,41.0,44.0,48.0
b48,p_centro,55.0,56.0,58.0
b48,p_beira_mar,68.0,70.0,73.0
b48,p_aldeota,68.0,70.0,72.0
b48,p_papicu,75.0,77.0,79.0
b48,p_iguatemi,71.0,73.0,76.0
b48,p_unifor,85.0,87.0,90.0
b48,p_centro_eventos,82.0,84.0,86.0
b48,p_parangaba,50.0,53.0,55.0
b48,p_messejana,81.0,83.0,85.0
b48,p_ufc_benfica,46.0,48.0,49.0
b48,p_ufc_pici,37.0,39.0,40.0
b48,p_aeroporto,81.0,84.0,88.0
b77,b91,50.0,52.0,55.0
b77,b92,55.0,60.0,63.0
b77,b2,66.0,68.0,71.0
b77,b93,61.0,63.0,66.0
b77,b4,58.0,61.0,64.0
b77,b50,82.0,85.0,88.0
b77,b40,64.0,68.0,71.0
b77,b122,55.0,58.0,62.0
b77,b41,55.0,59.0,63.0
b77,b6,79.0,82.0,86.0
b77,b51,57.0,59.0,60.0
b77,b94,58.0,62.0,65.0
b77,b7,51.0,53.0,55.0
b77,b95,51.0,54.0,56.0
b77,b8,43.0,47.0,50.0
b77,b72,52.0,55.0,60.0
b77,b73,50.0,52.0,55.0
b77,b110,92.0,96.0,99.0
b77,b52,48.0,50.0,52.0
b77,b53,78.0,80.0,83.0
b77,b74,64.0,66.0,68.0
b77,b9,70.0,74.0,76.0
b77,b10,65.0,69.0,72.0
b77,b111,85.0,89.0,94.0
b77,b54,62.0,64.0,67.0
b77,b55,81.0,85.0,90.0
b77,b11,79.0,81.0,85.0
b77,b42,65.0,69.0,72.0
b77,b75,63.0,68.0,73.0
b77,b76,57.0,59.0,63.0
b77,b117,56.0,58.0,60.0
b77,b96,48.0,50.0,52.0
b77,b12,78.0,82.0,86.0
b77,b56,69.0,71.0,74.0
b77,b13,46.0,48.0,50.0
b77,b116,108.0,111.0,114.0
b77,b97,47.0,50.0,54.0
b77,b98,47.0,49.0,51.0
b77,b14,62.0,64.0,67.0
b77,b43,57.0,61.0,64.0
b77,b57,101.0,107.0,115.0
b77,b38,78.0,81.0,84.0
b77,b58,72.0,75.0,79.0
b77,b15,62.0,64.0,67.0
b77,b17,85.0,88.0,92.0
b77,b16,54.0,58.0,61.0
b77,b78,63.0,66.0,69.0
b77,b79,55.0,59.0,62.0
b77,b59,71.0,74.0,76.0
b77,b60,76.0,78.0,81.0
b77,b45,48.0,52.0,55.0
b77,b99,39.0,41.0,42.0
b77,b100,21.0,21.0,22.0
b77,b18,65.0,68.0,71.0
b77,b61,64.0,66.0,68.0
b77,b19,46.0,50.0,53.0
b77,b80,24.0,27.0,30.0
b77,b62,71.0,75.0,78.0
b77,b20,71.0,75.0,80.0
b77,b21,77.0,79.0,83.0
b77,b22,72.0,75.0,76.0
b77,b23,55.0,59.0,63.0
b77,b49,77.0,80.0,82.0
b77,b46,55.0,57.0,60.0
b77,b101,46.0,49.0,52.0
b77,b63,75.0,82.0,87.0
b77,b81,48.0,50.0,52.0
b77,b112,93.0,98.0,103.0
b77,b82,34.0,36.0,39.0
b77,b24,77.0,79.0,82.0
b77,b65,62.0,65.0,68.0
b77,b83,36.0,37.0,39.0
b77,b25,76.0,79.0,82.0
b77,b103,37.0,40.0,43.0
b77,b5,57.0,61.0,66.0
b77,b26,81.0,84.0,88.0
b77,b121,50.0,52.0,54.0
b77,b119,74.0,78.0,81.0
b77,b47,67.0,71.0,74.0
b77,b104,55.0,58.0,62.0
b77,b27,80.0,82.0,85.0
b77,b105,37.0,40.0,42.0
b77,b28,62.0,66.0,69.0
b77,b84,25.0,26.0,27.0
b77,b44,55.0,59.0,62.0
b77,b66,72.0,76.0,78.0
b77,b67,68.0,71.0,74.0
b77,b85,67.0,70.0,73.0
b77,b120,71.0,73.0,76.0
b77,b87,64.0,66.0,69.0
b77,b86,48.0,50.0,53.0
b77,b29,64.0,69.0,72.0
b77,b30,44.0,46.0,48.0
b77,b88,46.0,48.0,50.0
b77,b68,76.0,80.0,84.0
b77,b69,96.0,99.0,102.0
b77,b106,66.0,70.0,73.0
b77,b31,73.0,76.0,81.0
b77,b115,37.0,39.0,44.0
b77,b32,72.0,75.0,79.0
b77,b113,99.0,102.0,104.0
b77,b114,107.0,109.0,112.0
b77,b89,38.0,41.0,44.0
b77,b33,69.0,72.0,75.0
b77,b48,78.0,82.0,85.0
b77,b77,0.0,0.0,0.0
b77,b34,58.0,61.0,64.0
b77,b70,108.0,113.0,124.0
b77,b71,64.0,67.0,70.0
b77,b64,81.0,89.0,93.0
b77,b107,32.0,33.0,34.0
b77,b90,71.0,74.0,79.0
b77,b118,78.0,84.0,88.0
b77,b1,74.0,77.0,80.0
b77,b35,68.0,71.0,74.0
b77,b36,79.0,82.0,84.0
b77,b37,93.0,96.0,100.0
b77,b108,45.0,48.0,50.0
b77,b109,48.0,51.0,54.0
b77,b39,80.0,84.0,88.0
b77,b3,75.0,77.0,80.0
b77,p_centro,63.0,65.0,70.0
b77,p_beira_mar,80.0,82.0,84.0
b77,p_aldeota,66.0,68.0,71.0
b77,p_papicu,75.0,78.0,82.0
b77,p_iguatemi,77.0,80.0,82.0
b77,p_unifor,75.0,77.0,81.0
b77,p_centro_eventos,78.0,81.0,83.0
b77,p_parangaba,28.0,31.0,33.0
b77,p_messejana,51.0,53.0,55.0
b77,p_ufc_benfica,53.0,55.0,58.0
b77,p_ufc_pici,75.0,78.0,81.0
b77,p_aeroporto,57.0,62.0,65.0
b34,b91,55.0,57.0,58.0
b34,b92,54.0,58.0,61.0
b34,b2,50.0,51.0,53.0
b34,b93,43.0,47.0,50.0
b34,b4,17.0,18.0,18.0
b34,b50,81.0,83.0,86.0
b34,b40,46.0,48.0,50.0
b34,b122,56.0,60.0,64.0
b34,b41,39.0,40.0,42.0
b34,b6,48.0,51.0,53.0
b34,b51,83.0,85.0,87.0
b34,b94,18.0,21.0,24.0
b34,b7,24.0,25.0,26.0
b34,b95,57.0,60.0,63.0
b34,b8,25.0,27.0,30.0
b34,b72,49.0,53.0,57.0
b34,b73,42.0,43.0,45.0
b34,b110,69.0,71.0,72.0
b34,b52,59.0,61.0,63.0
b34,b53,78.0,80.0,82.0
b34,b74,59.0,61.0,63.0
b34,b9,41.0,43.0,45.0
b34,b10,40.0,40.0,42.0
b34,b111,66.0,68.0,70.0
b34,b54,66.0,69.0,73.0
b34,b55,93.0,97.0,103.0
b34,b11,61.0,63.0,65.0
b34,b42,47.0,48.0,50.0
b34,b75,52.0,53.0,54.0
b34,b76,49.0,53.0,57.0
b34,b117,82.0,84.0,86.0
b34,b96,27.0,28.0,29.0
b34,b12,48.0,50.0,53.0
b34,b56,77.0,80.0,83.0
b34,b13,20.0,22.0,24.0
b34,b116,82.0,85.0,88.0
b34,b97,24.0,24.0,25.0
b34,b98,61.0,63.0,66.0
b34,b14,48.0,49.0,51.0
b34,b43,40.0,42.0,44.0
b34,b57,92.0,95.0,100.0
b34,b38,39.0,41.0,43.0
b34,b58,70.0,74.0,76.0
b34,b15,31.0,33.0,34.0
b34,b17,49.0,51.0,54.0
b34,b16,30.0,31.0,33.0
b34,b78,59.0,61.0,64.0
b34,b79,47.0,50.0,54.0
b34,b59,86.0,89.0,91.0
b34,b60,54.0,55.0,57.0
b34,b45,34.0,36.0,38.0
b34,b99,39.0,41.0,43.0
b34,b100,49.0,51.0,54.0
b34,b18,37.0,39.0,40.0
b34,b61,87.0,89.0,91.0
b34,b19,29.0,30.0,30.0
b34,b80,54.0,57.0,60.0
b34,b62,71.0,73.0,76.0
b34,b20,54.0,56.0,59.0
b34,b21,54.0,57.0,59.0
b34,b22,45.0,46.0,48.0
b34,b23,34.0,35.0,36.0
b34,b49,76.0,79.0,82.0
b34,b46,41.0,42.0,44.0
b34,b101,34.0,35.0,37.0
b34,b63,83.0,87.0,92.0
b34,b81,44.0,47.0,50.0
b34,b112,75.0,78.0,81.0
b34,b82,48.0,51.0,54.0
b34,b24,54.0,56.0,57.0
b34,b65,66.0,68.0,71.0
b34,b83,57.0,59.0,61.0
b34,b25,46.0,48.0,50.0
b34,b103,28.0,31.0,33.0
b34,b5,34.0,38.0,40.0
b34,b26,57.0,59.0,61.0
b34,b121,51.0,53.0,56.0
b34,b119,56.0,58.0,61.0
b34,b47,43.0,46.0,48.0
b34,b104,25.0,27.0,29.0
b34,b27,59.0,61.0,62.0
b34,b105,39.0,43.0,45.0
b34,b28,27.0,29.0,30.0
b34,b84,62.0,64.0,67.0
b34,b44,38.0,39.0,41.0
b34,b66,67.0,69.0,71.0
b34,b67,74.0,77.0,79.0
b34,b85,57.0,61.0,65.0
b34,b120,70.0,72.0,75.0
b34,b87,59.0,62.0,65.0
b34,b86,46.0,48.0,50.0
b34,b29,26.0,27.0,29.0
b34,b30,32.0,34.0,36.0
b34,b88,64.0,66.0,69.0
b34,b68,80.0,85.0,91.0
b34,b69,106.0,109.0,113.0
b34,b106,42.0,46.0,50.0
b34,b31,46.0,49.0,51.0
b34,b115,75.0,78.0,84.0
b34,b32,46.0,48.0,49.0
b34,b113,76.0,78.0,80.0
b34,b114,83.0,85.0,87.0
b34,b89,73.0,76.0,78.0
b34,b33,29.0,32.0,34.0
b34,b48,51.0,54.0,56.0
b34,b77,57.0,59.0,61.0
b34,b34,0.0,0.0,0.0
b34,b70,114.0,125.0,135.0
b34,b71,62.0,65.0,67.0
b34,b64,85.0,90.0,94.0
b34,b107,52.0,54.0,57.0
b34,b90,68.0,71.0,75.0
b34,b118,89.0,93.0,98.0
b34,b1,42.0,44.0,46.0
b34,b35,50.0,51.0,53.0
b34,b36,62.0,63.0,64.0
b34,b37,74.0,76.0,78.0
b34,b108,41.0,43.0,45.0
b34,b109,45.0,47.0,49.0
b34,b39,55.0,58.0,60.0
b34,b3,36.0,39.0,42.0
b34,p_centro,37.0,38.0,40.0
b34,p_beira_mar,57.0,59.0,61.0
b34,p_aldeota,52.0,54.0,56.0
b34,p_papicu,58.0,60.0,61.0
b34,p_iguatemi,55.0,56.0,58.0
b34,p_unifor,69.0,70.0,72.0
b34,p_centro_eventos,64.0,66.0,67.0
b34,p_parangaba,33.0,36.0,38.0
b34,p_messejana,62.0,64.0,67.0
b34,p_ufc_benfica,25.0,26.0,27.0
b34,p_ufc_pici,36.0,39.0,42.0
b34,p_aeroporto,56.0,60.0,63.0
b70,b91,85.0,92.0,100.0
b70,b92,131.0,138.0,146.0
b70,b2,97.0,104.0,111.0
b70,b93,94.0,102.0,109.0
b70,b4,119.0,127.0,134.0
b70,b50,83.0,91.0,98.0
b70,b40,126.0,133.0,141.0
b70,b122,118.0,126.0,135.0
b70,b41,134.0,142.0,148.0
b70,b6,130.0,137.0,145.0
b70,b51,78.0,85.0,92.0
b70,b94,122.0,129.0,137.0
b70,b7,98.0,106.0,113.0
b70,b95,100.0,107.0,115.0
b70,b8,113.0,121.0,128.0
b70,b72,112.0,119.0,127.0
b70,b73,110.0,118.0,125.0
b70,b110,99.0,109.0,119.0
b70,b52,78.0,85.0,93.0
b70,b53,69.0,77.0,84.0
b70,b74,119.0,126.0,134.0
b70,b9,122.0,129.0,137.0
b70,b10,105.0,112.0,120.0
b70,b111,91.0,98.0,106.0
b70,b54,80.0,87.0,95.0
b70,b55,84.0,91.0,99.0
b70,b11,76.0,83.0,91.0
b70,b42,139.0,146.0,
b70,b75,131.0,138.0,147.0
b70,b76,112.0,120.0,130.0
b70,b117,76.0,83.0,90.0
b70,b96,119.0,126.0,134.0
b70,b12,129.0,136.0,144.0
b70,b56,48.0,55.0,63.0
b70,b13,116.0,123.0,131.0
b70,b116,99.0,107.0,115.0
b70,b97,116.0,123.0,131.0
b70,b98,105.0,112.0,121.0
b70,b14,94.0,101.0,109.0
b70,b43,129.0,136.0,144.0
b70,b57,99.0,106.0,114.0
b70,b38,131.0,139.0,146.0
b70,b58,92.0,99.0,106.0
b70,b15,104.0,111.0,119.0
b70,b17,,,
b70,b16,93.0,101.0,108.0
b70,b78,125.0,133.0,141.0
b70,b79,114.0,121.0,131.0
b70,b59,59.0,67.0,74.0
b70,b60,81.0,88.0,96.0
b70,b45,116.0,124.0,131.0
b70,b99,115.0,123.0,130.0
b70,b100,99.0,106.0,114.0
b70,b18,115.0,122.0,130.0
b70,b61,85.0,92.0,99.0
b70,b19,111.0,118.0,126.0
b70,b80,109.0,116.0,125.0
b70,b62,88.0,96.0,103.0
b70,b20,142.0,,
b70,b21,141.0,149.0,
b70,b22,102.0,110.0,117.0
b70,b23,98.0,105.0,113.0
b70,b49,56.0,63.0,71.0
b70,b46,116.0,123.0,131.0
b70,b101,122.0,130.0,140.0
b70,b63,48.0,57.0,65.0
b70,b81,101.0,108.0,115.0
b70,b112,102.0,109.0,116.0
b70,b82,104.0,112.0,123.0
b70,b24,95.0,102.0,110.0
b70,b65,60.0,67.0,74.0
b70,b83,89.0,96.0,103.0
b70,b25,127.0,135.0,142.0
b70,b103,113.0,121.0,128.0
b70,b5,106.0,113.0,121.0
b70,b26,96.0,103.0,111.0
b70,b121,103.0,110.0,117.0
b70,b119,140.0,147.0,
b70,b47,125.0,132.0,140.0
b70,b104,121.0,129.0,136.0
b70,b27,82.0,89.0,97.0
b70,b105,112.0,120.0,128.0
b70,b28,109.0,117.0,124.0
b70,b84,104.0,111.0,118.0
b70,b44,133.0,141.0,147.0
b70,b66,80.0,87.0,95.0
b70,b67,75.0,82.0,90.0
b70,b85,122.0,130.0,138.0
b70,b120,72.0,80.0,87.0
b70,b87,118.0,125.0,134.0
b70,b86,102.0,109.0,116.0
b70,b29,114.0,122.0,129.0
b70,b30,109.0,117.0,124.0
b70,b88,96.0,102.0,110.0
b70,b68,84.0,92.0,99.0
b70,b69,108.0,115.0,123.0
b70,b106,145.0,,
b70,b31,123.0,130.0,138.0
b70,b115,108.0,117.0,125.0
b70,b32,106.0,113.0,121.0
b70,b113,85.0,96.0,110.0
b70,b114,76.0,87.0,102.0
b70,b89,101.0,108.0,115.0
b70,b33,122.0,130.0,137.0
b70,b48,132.0,140.0,147.0
b70,b77,103.0,111.0,118.0
b70,b34,120.0,128.0,135.0
b70,b70,0.0,0.0,0.0
b70,b71,91.0,98.0,106.0
b70,b64,65.0,79.0,91.0
b70,b107,103.0,110.0,118.0
b70,b90,131.0,139.0,148.0
b70,b118,78.0,85.0,93.0
b70,b1,117.0,125.0,132.0
b70,b35,99.0,106.0,114.0
b70,b36,89.0,96.0,104.0
b70,b37,100.0,107.0,115.0
b70,b108,106.0,114.0,122.0
b70,b109,115.0,123.0,131.0
b70,b39,136.0,144.0,
b70,b3,126.0,134.0,141.0
b70,p_centro,105.0,112.0,120.0
b70,p_beira_mar,103.0,110.0,118.0
b70,p_aldeota,97.0,104.0,111.0
b70,p_papicu,82.0,89.0,97.0
b70,p_iguatemi,77.0,84.0,92.0
b70,p_unifor,76.0,84.0,91.0
b70,p_centro_eventos,73.0,80.0,88.0
b70,p_parangaba,105.0,112.0,120.0
b70,p_messejana,58.0,65.0,72.0
b70,p_ufc_benfica,102.0,109.0,117.0
b70,p_ufc_pici,130.0,137.0,145.0
b70,p_aeroporto,134.0,141.0,148.0
b71,b91,21.0,25.0,29.0
b71,b92,63.0,68.0,72.0
b71,b2,37.0,40.0,42.0
b71,b93,23.0,27.0,31.0
b71,b4,65.0,67.0,70.0
b71,b50,72.0,75.0,78.0
b71,b40,74.0,77.0,79.0
b71,b122,80.0,84.0,89.0
b71,b41,77.0,80.0,83.0
b71,b6,72.0,76.0,80.0
b71,b51,65.0,68.0,71.0
b71,b94,64.0,67.0,70.0
b71,b7,45.0,48.0,50.0
b71,b95,37.0,41.0,45.0
b71,b8,53.0,56.0,61.0
b71,b72,69.0,75.0,90.0
b71,b73,67.0,73.0,82.0
b71,b110,52.0,55.0,58.0
b71,b52,41.0,45.0,48.0
b71,b53,43.0,45.0,47.0
b71,b74,82.0,88.0,100.0
b71,b9,66.0,69.0,71.0
b71,b10,50.0,53.0,55.0
b71,b111,38.0,41.0,43.0
b71,b54,28.0,32.0,36.0
b71,b55,75.0,78.0,81.0
b71,b11,28.0,30.0,33.0
b71,b42,85.0,88.0,90.0
b71,b75,83.0,88.0,94.0
b71,b76,76.0,80.0,85.0
b71,b117,63.0,65.0,68.0
b71,b96,65.0,68.0,71.0
b71,b12,71.0,74.0,79.0
b71,b56,44.0,46.0,49.0
b71,b13,59.0,62.0,65.0
b71,b116,59.0,62.0,65.0
b71,b97,64.0,66.0,68.0
b71,b98,42.0,46.0,51.0
b71,b14,37.0,39.0,41.0
b71,b43,78.0,81.0,84.0
b71,b57,46.0,50.0,55.0
b71,b38,74.0,76.0,79.0
b71,b58,18.0,20.0,23.0
b71,b15,49.0,52.0,54.0
b71,b17,84.0,90.0,93.0
b71,b16,41.0,43.0,45.0
b71,b78,83.0,89.0,99.0
b71,b79,73.0,80.0,85.0
b71,b59,54.0,57.0,59.0
b71,b60,25.0,26.0,28.0
b71,b45,69.0,73.0,77.0
b71,b99,53.0,57.0,62.0
b71,b100,46.0,50.0,55.0
b71,b18,60.0,63.0,65.0
b71,b61,71.0,73.0,76.0
b71,b19,47.0,50.0,55.0
b71,b80,64.0,69.0,77.0
b71,b62,19.0,22.0,26.0
b71,b20,85.0,89.0,93.0
b71,b21,87.0,90.0,94.0
b71,b22,47.0,49.0,52.0
b71,b23,45.0,48.0,50.0
b71,b49,42.0,44.0,47.0
b71,b46,74.0,79.0,85.0
b71,b101,66.0,71.0,76.0
b71,b63,54.0,57.0,60.0
b71,b81,69.0,72.0,77.0
b71,b112,47.0,50.0,54.0
b71,b82,61.0,66.0,71.0
b71,b24,42.0,44.0,48.0
b71,b65,52.0,54.0,57.0
b71,b83,62.0,67.0,72.0
b71,b25,71.0,73.0,75.0
b71,b103,53.0,56.0,61.0
b71,b5,55.0,57.0,61.0
b71,b26,40.0,43.0,48.0
b71,b121,72.0,76.0,83.0
b71,b119,88.0,91.0,94.0
b71,b47,70.0,73.0,76.0
b71,b104,67.0,70.0,72.0
b71,b27,37.0,39.0,41.0
b71,b105,56.0,60.0,65.0
b71,b28,56.0,58.0,61.0
b71,b84,63.0,68.0,72.0
b71,b44,76.0,79.0,82.0
b71,b66,42.0,45.0,48.0
b71,b67,37.0,40.0,43.0
b71,b85,86.0,90.0,94.0
b71,b120,61.0,64.0,67.0
b71,b87,82.0,89.0,98.0
b71,b86,67.0,72.0,78.0
b71,b29,61.0,64.0,67.0
b71,b30,50.0,53.0,55.0
b71,b88,44.0,48.0,52.0
b71,b68,71.0,74.0,78.0
b71,b69,96.0,99.0,104.0
b71,b106,82.0,87.0,91.0
b71,b31,65.0,68.0,73.0
b71,b115,74.0,79.0,84.0
b71,b32,52.0,54.0,58.0
b71,b113,51.0,54.0,58.0
b71,b114,59.0,62.0,66.0
b71,b89,68.0,72.0,77.0
b71,b33,65.0,68.0,71.0
b71,b48,80.0,83.0,86.0
b71,b77,58.0,63.0,69.0
b71,b34,64.0,66.0,69.0
b71,b70,86.0,93.0,101.0
b71,b71,0.0,0.0,0.0
b71,b64,50.0,54.0,58.0
b71,b107,45.0,49.0,54.0
b71,b90,93.0,98.0,109.0
b71,b118,67.0,70.0,74.0
b71,b1,63.0,65.0,68.0
b71,b35,40.0,43.0,45.0
b71,b36,32.0,36.0,39.0
b71,b37,45.0,48.0,52.0
b71,b108,62.0,68.0,74.0
b71,b109,53.0,57.0,63.0
b71,b39,84.0,87.0,90.0
b71,b3,71.0,74.0,76.0
b71,p_centro,51.0,53.0,56.0
b71,p_beira_mar,47.0,50.0,53.0
b71,p_aldeota,37.0,40.0,42.0
b71,p_papicu,24.0,27.0,30.0
b71,p_iguatemi,20.0,22.0,25.0
b71,p_unifor,21.0,23.0,26.0
b71,p_centro_eventos,25.0,27.0,30.0
b71,p_parangaba,47.0,51.0,56.0
b71,p_messejana,51.0,53.0,55.0
b71,p_ufc_benfica,49.0,51.0,54.0
b71,p_ufc_pici,75.0,78.0,81.0
b71,p_aeroporto,65.0,70.0,74.0
b64,b91,48.0,52.0,57.0
b64,b92,86.0,91.0,96.0
b64,b2,56.0,59.0,64.0
b64,b93,54.0,58.0,63.0
b64,b4,83.0,86.0,90.0
b64,b50,66.0,69.0,73.0
b64,b40,92.0,95.0,100.0
b64,b122,92.0,97.0,102.0
b64,b41,95.0,98.0,102.0
b64,b6,93.0,97.0,103.0
b64,b51,59.0,61.0,65.0
b64,b94,86.0,90.0,95.0
b64,b7,63.0,66.0,71.0
b64,b95,62.0,65.0,70.0
b64,b8,78.0,81.0,85.0
b64,b72,91.0,96.0,101.0
b64,b73,85.0,91.0,96.0
b64,b110,70.0,73.0,79.0
b64,b52,38.0,42.0,47.0
b64,b53,37.0,39.0,42.0
b64,b74,100.0,105.0,109.0
b64,b9,83.0,86.0,91.0
b64,b10,65.0,69.0,73.0
b64,b111,54.0,57.0,63.0
b64,b54,37.0,41.0,46.0
b64,b55,69.0,73.0,79.0
b64,b11,40.0,44.0,49.0
b64,b42,105.0,107.0,111.0
b64,b75,107.0,111.0,115.0
b64,b76,91.0,94.0,98.0
b64,b117,56.0,59.0,62.0
b64,b96,84.0,86.0,91.0
b64,b12,92.0,96.0,102.0
b64,b56,33.0,36.0,40.0
b64,b13,80.0,83.0,87.0
b64,b116,75.0,80.0,85.0
b64,b97,81.0,85.0,89.0
b64,b98,65.0,72.0,77.0
b64,b14,54.0,58.0,62.0
b64,b43,95.0,98.0,102.0
b64,b57,64.0,67.0,70.0
b64,b38,92.0,96.0,100.0
b64,b58,43.0,49.0,54.0
b64,b15,67.0,70.0,75.0
b64,b17,103.0,107.0,111.0
b64,b16,58.0,62.0,67.0
b64,b78,101.0,106.0,110.0
b64,b79,94.0,99.0,105.0
b64,b59,47.0,49.0,51.0
b64,b60,41.0,44.0,48.0
b64,b45,86.0,90.0,94.0
b64,b99,75.0,79.0,84.0
b64,b100,61.0,65.0,71.0
b64,b18,76.0,80.0,86.0
b64,b61,64.0,67.0,70.0
b64,b19,74.0,76.0,80.0
b64,b80,84.0,87.0,91.0
b64,b62,47.0,51.0,58.0
b64,b20,105.0,110.0,114.0
b64,b21,106.0,111.0,115.0
b64,b22,63.0,66.0,71.0
b64,b23,61.0,65.0,69.0
b64,b49,30.0,33.0,36.0
b64,b46,91.0,95.0,101.0
b64,b101,82.0,87.0,91.0
b64,b63,43.0,46.0,50.0
b64,b81,79.0,84.0,88.0
b64,b112,63.0,67.0,72.0
b64,b82,78.0,82.0,87.0
b64,b24,60.0,64.0,70.0
b64,b65,45.0,47.0,51.0
b64,b83,67.0,71.0,75.0
b64,b25,88.0,91.0,97.0
b64,b103,77.0,80.0,84.0
b64,b5,73.0,77.0,82.0
b64,b26,61.0,67.0,72.0
b64,b121,82.0,86.0,89.0
b64,b119,106.0,110.0,115.0
b64,b47,88.0,92.0,96.0
b64,b104,87.0,90.0,94.0
b64,b27,46.0,51.0,57.0
b64,b105,74.0,78.0,83.0
b64,b28,74.0,77.0,81.0
b64,b84,76.0,80.0,85.0
b64,b44,94.0,98.0,102.0
b64,b66,49.0,55.0,63.0
b64,b67,30.0,33.0,36.0
b64,b85,102.0,107.0,113.0
b64,b120,55.0,58.0,62.0
b64,b87,99.0,104.0,108.0
b64,b86,80.0,85.0,88.0
b64,b29,78.0,81.0,86.0
b64,b30,72.0,76.0,80.0
b64,b88,62.0,65.0,70.0
b64,b68,65.0,68.0,74.0
b64,b69,90.0,94.0,97.0
b64,b106,104.0,109.0,116.0
b64,b31,88.0,93.0,98.0
b64,b115,87.0,90.0,94.0
b64,b32,74.0,78.0,83.0
b64,b113,71.0,73.0,77.0
b64,b114,77.0,80.0,83.0
b64,b89,77.0,81.0,86.0
b64,b33,83.0,87.0,91.0
b64,b48,98.0,102.0,107.0
b64,b77,76.0,79.0,84.0
b64,b34,84.0,88.0,92.0
b64,b70,76.0,83.0,93.0
b64,b71,47.0,51.0,57.0
b64,b64,0.0,0.0,0.0
b64,b107,63.0,67.0,73.0
b64,b90,110.0,115.0,120.0
b64,b118,61.0,65.0,69.0
b64,b1,80.0,84.0,88.0
b64,b35,61.0,65.0,69.0
b64,b36,54.0,57.0,61.0
b64,b37,59.0,63.0,67.0
b64,b108,82.0,85.0,90.0
b64,b109,78.0,82.0,87.0
b64,b39,102.0,106.0,111.0
b64,b3,89.0,93.0,96.0
b64,p_centro,66.0,69.0,74.0
b64,p_beira_mar,68.0,71.0,77.0
b64,p_aldeota,56.0,59.0,64.0
b64,p_papicu,46.0,49.0,53.0
b64,p_iguatemi,37.0,40.0,43.0
b64,p_unifor,37.0,40.0,44.0
b64,p_centro_eventos,34.0,37.0,40.0
b64,p_parangaba,66.0,70.0,76.0
b64,p_messejana,44.0,46.0,49.0
b64,p_ufc_benfica,66.0,69.0,74.0
b64,p_ufc_pici,93.0,96.0,101.0
b64,p_aeroporto,88.0,93.0,98.0
b107,b91,36.0,38.0,40.0
b107,b92,45.0,50.0,54.0
b107,b2,52.0,54.0,56.0
b107,b93,47.0,49.0,51.0
b107,b4,49.0,52.0,54.0
b107,b50,80.0,83.0,86.0
b107,b40,55.0,57.0,60.0
b107,b122,53.0,55.0,59.0
b107,b41,47.0,50.0,52.0
b107,b6,70.0,73.0,75.0
b107,b51,61.0,64.0,66.0
b107,b94,48.0,51.0,54.0
b107,b7,42.0,44.0,46.0
b107,b95,40.0,42.0,44.0
b107,b8,35.0,38.0,41.0
b107,b72,42.0,45.0,48.0
b107,b73,39.0,41.0,44.0
b107,b110,80.0,82.0,85.0
b107,b52,37.0,39.0,41.0
b107,b53,68.0,71.0,74.0
b107,b74,53.0,55.0,58.0
b107,b9,61.0,64.0,66.0
b107,b10,56.0,59.0,61.0
b107,b111,71.0,74.0,79.0
b107,b54,51.0,54.0,56.0
b107,b55,90.0,94.0,98.0
b107,b11,65.0,68.0,70.0
b107,b42,56.0,58.0,60.0
b107,b75,52.0,56.0,59.0
b107,b76,48.0,51.0,53.0
b107,b117,58.0,61.0,64.0
b107,b96,40.0,41.0,43.0
b107,b12,70.0,72.0,75.0
b107,b56,72.0,75.0,78.0
b107,b13,38.0,39.0,41.0
b107,b116,90.0,93.0,97.0
b107,b97,39.0,41.0,44.0
b107,b98,34.0,35.0,36.0
b107,b14,48.0,50.0,52.0
b107,b43,48.0,51.0,53.0
b107,b57,83.0,87.0,93.0
b107,b38,70.0,72.0,74.0
b107,b58,58.0,60.0,64.0
b107,b15,52.0,54.0,57.0
b107,b17,74.0,78.0,82.0
b107,b16,45.0,48.0,51.0
b107,b78,52.0,55.0,58.0
b107,b79,43.0,46.0,49.0
b107,b59,79.0,81.0,83.0
b107,b60,62.0,64.0,67.0
b107,b45,40.0,42.0,44.0
b107,b99,28.0,30.0,32.0
b107,b100,16.0,16.0,16.0
b107,b18,56.0,59.0,61.0
b107,b61,63.0,66.0,70.0
b107,b19,38.0,41.0,44.0
b107,b80,35.0,38.0,41.0
b107,b62,60.0,63.0,65.0
b107,b20,61.0,64.0,68.0
b107,b21,66.0,69.0,72.0
b107,b22,61.0,62.0,64.0
b107,b23,46.0,50.0,54.0
b107,b49,70.0,73.0,76.0
b107,b46,44.0,46.0,49.0
b107,b101,37.0,39.0,41.0
b107,b63,80.0,83.0,87.0
b107,b81,41.0,43.0,46.0
b107,b112,79.0,83.0,88.0
b107,b82,32.0,34.0,36.0
b107,b24,66.0,68.0,69.0
b107,b65,65.0,67.0,69.0
b107,b83,44.0,45.0,47.0
b107,b25,67.0,69.0,72.0
b107,b103,28.0,31.0,33.0
b107,b5,47.0,51.0,55.0
b107,b26,68.0,71.0,74.0
b107,b121,43.0,46.0,49.0
b107,b119,64.0,67.0,70.0
b107,b47,58.0,60.0,63.0
b107,b104,46.0,48.0,50.0
b107,b27,66.0,69.0,71.0
b107,b105,28.0,29.0,30.0
b107,b28,54.0,56.0,59.0
b107,b84,33.0,35.0,36.0
b107,b44,47.0,49.0,51.0
b107,b66,63.0,65.0,67.0
b107,b67,58.0,61.0,63.0
b107,b85,58.0,61.0,63.0
b107,b120,69.0,72.0,74.0
b107,b87,54.0,57.0,60.0
b107,b86,38.0,41.0,43.0
b107,b29,56.0,59.0,61.0
b107,b30,35.0,37.0,39.0
b107,b88,36.0,38.0,42.0
b107,b68,79.0,84.0,89.0
b107,b69,103.0,106.0,109.0
b107,b106,56.0,59.0,62.0
b107,b31,65.0,67.0,70.0
b107,b115,45.0,48.0,53.0
b107,b32,63.0,65.0,67.0
b107,b113,86.0,89.0,92.0
b107,b114,94.0,96.0,99.0
b107,b89,46.0,49.0,53.0
b107,b33,61.0,63.0,65.0
b107,b48,68.0,70.0,73.0
b107,b77,28.0,31.0,32.0
b107,b34,50.0,52.0,54.0
b107,b70,111.0,122.0,133.0
b107,b71,49.0,52.0,55.0
b107,b64,72.0,78.0,84.0
b107,b107,0.0,0.0,0.0
b107,b90,60.0,63.0,66.0
b107,b118,87.0,90.0,92.0
b107,b1,65.0,67.0,70.0
b107,b35,55.0,57.0,59.0
b107,b36,65.0,67.0,70.0
b107,b37,78.0,81.0,85.0
b107,b108,34.0,36.0,38.0
b107,b109,38.0,41.0,45.0
b107,b39,71.0,74.0,76.0
b107,b3,66.0,69.0,71.0
b107,p_centro,54.0,56.0,58.0
b107,p_beira_mar,67.0,69.0,71.0
b107,p_aldeota,52.0,54.0,56.0
b107,p_papicu,61.0,64.0,67.0
b107,p_iguatemi,63.0,65.0,67.0
b107,p_unifor,60.0,63.0,66.0
b107,p_centro_eventos,64.0,67.0,69.0
b107,p_parangaba,21.0,22.0,23.0
b107,p_messejana,59.0,60.0,62.0
b107,p_ufc_benfica,45.0,46.0,48.0
b107,p_ufc_pici,67.0,69.0,71.0
b107,p_aeroporto,47.0,52.0,56.0
b90,b91,83.0,86.0,90.0
b90,b92,82.0,86.0,90.0
b90,b2,97.0,100.0,104.0
b90,b93,91.0,94.0,97.0
b90,b4,77.0,79.0,83.0
b90,b50,112.0,115.0,118.0
b90,b40,68.0,71.0,74.0
b90,b122,68.0,72.0,78.0
b90,b41,57.0,61.0,65.0
b90,b6,88.0,91.0,95.0
b90,b51,84.0,86.0,89.0
b90,b94,73.0,75.0,78.0
b90,b7,71.0,73.0,77.0
b90,b95,83.0,87.0,90.0
b90,b8,69.0,72.0,74.0
b90,b72,33.0,36.0,38.0
b90,b73,43.0,46.0,49.0
b90,b110,121.0,124.0,127.0
b90,b52,86.0,90.0,94.0
b90,b53,109.0,112.0,115.0
b90,b74,38.0,41.0,45.0
b90,b9,94.0,96.0,100.0
b90,b10,88.0,92.0,95.0
b90,b111,118.0,121.0,125.0
b90,b54,101.0,104.0,109.0
b90,b55,110.0,114.0,119.0
b90,b11,112.0,116.0,119.0
b90,b42,48.0,52.0,56.0
b90,b75,47.0,51.0,55.0
b90,b76,55.0,58.0,62.0
b90,b117,83.0,86.0,88.0
b90,b96,62.0,65.0,68.0
b90,b12,99.0,102.0,105.0
b90,b56,97.0,99.0,101.0
b90,b13,61.0,64.0,69.0
b90,b116,139.0,142.0,146.0
b90,b97,59.0,61.0,64.0
b90,b98,82.0,85.0,88.0
b90,b14,93.0,95.0,98.0
b90,b43,62.0,66.0,68.0
b90,b57,,,
b90,b38,92.0,95.0,98.0
b90,b58,106.0,111.0,117.0
b90,b15,80.0,83.0,86.0
b90,b17,87.0,91.0,95.0
b90,b16,74.0,77.0,81.0
b90,b78,31.0,35.0,39.0
b90,b79,49.0,52.0,54.0
b90,b59,99.0,102.0,104.0
b90,b60,99.0,102.0,106.0
b90,b45,50.0,52.0,55.0
b90,b99,58.0,60.0,63.0
b90,b100,61.0,64.0,67.0
b90,b18,89.0,92.0,95.0
b90,b61,90.0,94.0,96.0
b90,b19,72.0,75.0,78.0
b90,b80,69.0,71.0,74.0
b90,b62,114.0,117.0,120.0
b90,b20,74.0,78.0,82.0
b90,b21,80.0,83.0,87.0
b90,b22,94.0,97.0,100.0
b90,b23,82.0,86.0,90.0
b90,b49,106.0,109.0,112.0
b90,b46,49.0,52.0,54.0
b90,b101,59.0,61.0,63.0
b90,b63,104.0,109.0,115.0
b90,b81,49.0,52.0,54.0
b90,b112,126.0,129.0,134.0
b90,b82,60.0,63.0,65.0
b90,b24,103.0,106.0,110.0
b90,b65,92.0,94.0,97.0
b90,b83,54.0,57.0,59.0
b90,b25,94.0,98.0,101.0
b90,b103,64.0,67.0,70.0
b90,b5,77.0,81.0,85.0
b90,b26,107.0,110.0,113.0
b90,b121,50.0,52.0,54.0
b90,b119,79.0,82.0,85.0
b90,b47,72.0,75.0,78.0
b90,b104,67.0,69.0,72.0
b90,b27,110.0,114.0,117.0
b90,b105,58.0,60.0,63.0
b90,b28,84.0,86.0,90.0
b90,b84,77.0,80.0,83.0
b90,b44,49.0,53.0,57.0
b90,b66,107.0,110.0,112.0
b90,b67,107.0,111.0,115.0
b90,b85,67.0,70.0,75.0
b90,b120,101.0,104.0,107.0
b90,b87,61.0,64.0,67.0
b90,b86,39.0,40.0,42.0
b90,b29,83.0,86.0,88.0
b90,b30,75.0,78.0,80.0
b90,b88,77.0,80.0,84.0
b90,b68,105.0,110.0,113.0
b90,b69,125.0,128.0,132.0
b90,b106,74.0,78.0,83.0
b90,b31,100.0,103.0,106.0
b90,b115,76.0,79.0,86.0
b90,b32,94.0,99.0,103.0
b90,b113,129.0,132.0,136.0
b90,b114,136.0,139.0,143.0
b90,b89,75.0,78.0,81.0
b90,b33,83.0,85.0,88.0
b90,b48,79.0,83.0,86.0
b90,b77,74.0,77.0,80.0
b90,b34,75.0,78.0,80.0
b90,b70,137.0,144.0,
b90,b71,97.0,102.0,108.0
b90,b64,121.0,127.0,133.0
b90,b107,68.0,71.0,74.0
b90,b90,0.0,0.0,0.0
b90,b118,106.0,110.0,117.0
b90,b1,90.0,92.0,94.0
b90,b35,94.0,97.0,100.0
b90,b36,109.0,113.0,116.0
b90,b37,127.0,130.0,134.0
b90,b108,44.0,46.0,48.0
b90,b109,74.0,79.0,84.0
b90,b39,82.0,86.0,90.0
b90,b3,92.0,95.0,100.0
b90,p_centro,85.0,89.0,92.0
b90,p_beira_mar,106.0,110.0,113.0
b90,p_aldeota,97.0,100.0,104.0
b90,p_papicu,104.0,108.0,112.0
b90,p_iguatemi,100.0,103.0,107.0
b90,p_unifor,108.0,112.0,115.0
b90,p_centro_eventos,109.0,112.0,115.0
b90,p_parangaba,54.0,57.0,59.0
b90,p_messejana,79.0,81.0,84.0
b90,p_ufc_benfica,71.0,74.0,78.0
b90,p_ufc_pici,85.0,87.0,90.0
b90,p_aeroporto,84.0,88.0,92.0
b118,b91,59.0,61.0,63.0
b118,b92,102.0,107.0,112.0
b118,b2,76.0,78.0,81.0
b118,b93,67.0,69.0,71.0
b118,b4,98.0,101.0,103.0
b118,b50,43.0,46.0,50.0
b118,b40,102.0,105.0,108.0
b118,b122,81.0,87.0,95.0
b118,b41,109.0,114.0,118.0
b118,b6,106.0,109.0,114.0
b118,b51,50.0,53.0,56.0
b118,b94,100.0,104.0,107.0
b118,b7,77.0,80.0,83.0
b118,b95,72.0,74.0,76.0
b118,b8,90.0,93.0,96.0
b118,b72,82.0,89.0,94.0
b118,b73,76.0,80.0,85.0
b118,b110,92.0,96.0,100.0
b118,b52,57.0,59.0,61.0
b118,b53,46.0,49.0,52.0
b118,b74,89.0,94.0,101.0
b118,b9,96.0,99.0,102.0
b118,b10,79.0,81.0,83.0
b118,b111,77.0,80.0,82.0
b118,b54,60.0,62.0,65.0
b118,b55,24.0,29.0,32.0
b118,b11,63.0,66.0,69.0
b118,b42,109.0,114.0,118.0
b118,b75,103.0,107.0,112.0
b118,b76,81.0,85.0,90.0
b118,b117,49.0,52.0,54.0
b118,b96,94.0,98.0,101.0
b118,b12,105.0,109.0,113.0
b118,b56,34.0,36.0,39.0
b118,b13,92.0,95.0,98.0
b118,b116,100.0,103.0,106.0
b118,b97,91.0,95.0,100.0
b118,b98,79.0,83.0,86.0
b118,b14,74.0,76.0,79.0
b118,b43,97.0,102.0,107.0
b118,b57,85.0,87.0,91.0
b118,b38,104.0,108.0,111.0
b118,b58,69.0,72.0,78.0
b118,b15,83.0,85.0,88.0
b118,b17,121.0,124.0,128.0
b118,b16,69.0,71.0,74.0
b118,b78,91.0,96.0,102.0
b118,b79,85.0,90.0,96.0
b118,b59,38.0,41.0,43.0
b118,b60,62.0,65.0,68.0
b118,b45,82.0,87.0,92.0
b118,b99,88.0,93.0,98.0
b118,b100,73.0,76.0,79.0
b118,b18,90.0,93.0,96.0
b118,b61,53.0,56.0,58.0
b118,b19,85.0,88.0,92.0
b118,b80,79.0,83.0,86.0
b118,b62,62.0,66.0,68.0
b118,b20,117.0,122.0,125.0
b118,b21,117.0,121.0,125.0
b118,b22,78.0,80.0,82.0
b118,b23,73.0,75.0,77.0
b118,b49,43.0,46.0,49.0
b118,b46,81.0,86.0,91.0
b118,b101,92.0,96.0,101.0
b118,b63,42.0,45.0,49.0
b118,b81,70.0,75.0,79.0
b118,b112,87.0,91.0,94.0
b118,b82,72.0,77.0,83.0
b118,b24,86.0,88.0,91.0
b118,b65,34.0,36.0,38.0
b118,b83,58.0,62.0,66.0
b118,b25,99.0,102.0,105.0
b118,b103,89.0,92.0,95.0
b118,b5,88.0,91.0,94.0
b118,b26,85.0,89.0,93.0
b118,b121,72.0,77.0,81.0
b118,b119,118.0,121.0,125.0
b118,b47,102.0,105.0,108.0
b118,b104,98.0,102.0,106.0
b118,b27,72.0,75.0,79.0
b118,b105,84.0,88.0,94.0
b118,b28,89.0,91.0,93.0
b118,b84,76.0,79.0,81.0
b118,b44,108.0,113.0,117.0
b118,b66,54.0,56.0,58.0
b118,b67,57.0,60.0,62.0
b118,b85,92.0,98.0,104.0
b118,b120,32.0,35.0,38.0
b118,b87,88.0,93.0,99.0
b118,b86,71.0,76.0,80.0
b118,b29,94.0,96.0,99.0
b118,b30,86.0,90.0,93.0
b118,b88,64.0,67.0,70.0
b118,b68,17.0,17.0,17.0
b118,b69,63.0,68.0,71.0
b118,b106,117.0,123.0,129.0
b118,b31,99.0,103.0,108.0
b118,b115,76.0,81.0,85.0
b118,b32,90.0,93.0,96.0
b118,b113,91.0,94.0,98.0
b118,b114,84.0,91.0,102.0
b118,b89,66.0,72.0,77.0
b118,b33,98.0,101.0,105.0
b118,b48,112.0,115.0,118.0
b118,b77,75.0,78.0,81.0
b118,b34,99.0,102.0,105.0
b118,b70,73.0,78.0,86.0
b118,b71,70.0,73.0,76.0
b118,b64,58.0,62.0,70.0
b118,b107,81.0,84.0,87.0
b118,b90,100.0,107.0,112.0
b118,b118,0.0,0.0,0.0
b118,b1,96.0,98.0,101.0
b118,b35,81.0,84.0,87.0
b118,b36,76.0,79.0,82.0
b118,b37,81.0,84.0,87.0
b118,b108,75.0,80.0,85.0
b118,b109,91.0,95.0,98.0
b118,b39,116.0,119.0,122.0
b118,b3,99.0,103.0,106.0
b118,p_centro,79.0,81.0,83.0
b118,p_beira_mar,90.0,93.0,95.0
b118,p_aldeota,76.0,78.0,81.0
b118,p_papicu,69.0,72.0,74.0
b118,p_iguatemi,59.0,61.0,64.0
b118,p_unifor,59.0,61.0,64.0
b118,p_centro_eventos,56.0,58.0,61.0
b118,p_parangaba,80.0,84.0,87.0
b118,p_messejana,33.0,34.0,37.0
b118,p_ufc_benfica,81.0,83.0,86.0
b118,p_ufc_pici,109.0,111.0,113.0
b118,p_aeroporto,104.0,110.0,116.0
b1,b91,57.0,59.0,60.0
b1,b92,61.0,65.0,68.0
b1,b2,48.0,50.0,52.0
b1,b93,53.0,56.0,58.0
b1,b4,34.0,35.0,38.0
b1,b50,82.0,85.0,88.0
b1,b40,31.0,32.0,34.0
b1,b122,69.0,73.0,77.0
b1,b41,44.0,46.0,49.0
b1,b6,45.0,48.0,50.0
b1,b51,77.0,81.0,84.0
b1,b94,42.0,45.0,47.0
b1,b7,30.0,32.0,35.0
b1,b95,59.0,63.0,66.0
b1,b8,46.0,48.0,50.0
b1,b72,69.0,72.0,76.0
b1,b73,52.0,54.0,57.0
b1,b110,64.0,66.0,69.0
b1,b52,59.0,61.0,63.0
b1,b53,80.0,82.0,84.0
b1,b74,76.0,79.0,82.0
b1,b9,37.0,38.0,40.0
b1,b10,40.0,41.0,42.0
b1,b111,67.0,69.0,72.0
b1,b54,68.0,71.0,74.0
b1,b55,95.0,100.0,106.0
b1,b11,62.0,64.0,66.0
b1,b42,48.0,51.0,53.0
b1,b75,54.0,57.0,59.0
b1,b76,62.0,66.0,70.0
b1,b117,80.0,82.0,85.0
b1,b96,47.0,49.0,50.0
b1,b12,45.0,47.0,49.0
b1,b56,80.0,82.0,85.0
b1,b13,43.0,45.0,47.0
b1,b116,83.0,85.0,87.0
b1,b97,44.0,46.0,47.0
b1,b98,62.0,66.0,69.0
b1,b14,47.0,49.0,50.0
b1,b43,43.0,45.0,47.0
b1,b57,95.0,99.0,105.0
b1,b38,26.0,28.0,32.0
b1,b58,73.0,76.0,80.0
b1,b15,21.0,22.0,23.0
b1,b17,43.0,46.0,49.0
b1,b16,32.0,34.0,37.0
b1,b78,73.0,75.0,78.0
b1,b79,65.0,67.0,69.0
b1,b59,87.0,90.0,92.0
b1,b60,55.0,57.0,59.0
b1,b45,40.0,43.0,46.0
b1,b99,54.0,56.0,58.0
b1,b100,62.0,64.0,66.0
b1,b18,31.0,34.0,36.0
b1,b61,85.0,87.0,90.0
b1,b19,43.0,45.0,47.0
b1,b80,69.0,72.0,75.0
b1,b62,72.0,75.0,77.0
b1,b20,41.0,43.0,45.0
b1,b21,44.0,46.0,48.0
b1,b22,43.0,44.0,46.0
b1,b23,35.0,36.0,37.0
b1,b49,80.0,82.0,84.0
b1,b46,48.0,50.0,52.0
b1,b101,50.0,52.0,55.0
b1,b63,86.0,91.0,95.0
b1,b81,57.0,60.0,64.0
b1,b112,76.0,79.0,83.0
b1,b82,62.0,65.0,68.0
b1,b24,50.0,52.0,54.0
b1,b65,68.0,70.0,72.0
b1,b83,70.0,73.0,76.0
b1,b25,14.0,14.0,14.0
b1,b103,47.0,49.0,52.0
b1,b5,30.0,30.0,32.0
b1,b26,52.0,54.0,57.0
b1,b121,65.0,68.0,72.0
b1,b119,43.0,45.0,46.0
b1,b47,30.0,31.0,31.0
b1,b104,47.0,49.0,50.0
b1,b27,60.0,61.0,63.0
b1,b105,53.0,56.0,60.0
b1,b28,22.0,23.0,23.0
b1,b84,74.0,76.0,78.0
b1,b44,44.0,46.0,48.0
b1,b66,68.0,70.0,73.0
b1,b67,76.0,78.0,80.0
b1,b85,70.0,74.0,78.0
b1,b120,71.0,74.0,76.0
b1,b87,73.0,76.0,80.0
b1,b86,62.0,64.0,68.0
b1,b29,22.0,24.0,26.0
b1,b30,39.0,42.0,44.0
b1,b88,66.0,70.0,73.0
b1,b68,81.0,86.0,92.0
b1,b69,105.0,108.0,112.0
b1,b106,52.0,55.0,59.0
b1,b31,42.0,44.0,46.0
b1,b115,86.0,89.0,92.0
b1,b32,44.0,46.0,47.0
b1,b113,71.0,73.0,76.0
b1,b114,78.0,80.0,83.0
b1,b89,84.0,86.0,89.0
b1,b33,25.0,27.0,30.0
b1,b48,37.0,38.0,39.0
b1,b77,69.0,71.0,74.0
b1,b34,45.0,46.0,47.0
b1,b70,116.0,127.0,137.0
b1,b71,64.0,67.0,69.0
b1,b64,84.0,91.0,97.0
b1,b107,64.0,67.0,69.0
b1,b90,85.0,89.0,92.0
b1,b118,91.0,95.0,99.0
b1,b1,0.0,0.0,0.0
b1,b35,51.0,53.0,56.0
b1,b36,60.0,62.0,63.0
b1,b37,72.0,74.0,76.0
b1,b108,60.0,62.0,65.0
b1,b109,52.0,54.0,56.0
b1,b39,41.0,42.0,43.0
b1,b3,36.0,37.0,41.0
b1,p_centro,39.0,40.0,41.0
b1,p_beira_mar,53.0,55.0,57.0
b1,p_aldeota,50.0,52.0,54.0
b1,p_papicu,57.0,59.0,61.0
b1,p_iguatemi,57.0,58.0,60.0
b1,p_unifor,70.0,72.0,74.0
b1,p_centro_eventos,65.0,67.0,69.0
b1,p_parangaba,46.0,49.0,53.0
b1,p_messejana,62.0,65.0,67.0
b1,p_ufc_benfica,29.0,31.0,34.0
b1,p_ufc_pici,34.0,35.0,36.0
b1,p_aeroporto,63.0,67.0,71.0
b35,b91,25.0,26.0,28.0
b35,b92,42.0,50.0,56.0
b35,b2,34.0,35.0,36.0
b35,b93,25.0,27.0,29.0
b35,b4,49.0,51.0,53.0
b35,b50,75.0,77.0,80.0
b35,b40,59.0,61.0,63.0
b35,b122,72.0,77.0,81.0
b35,b41,62.0,64.0,67.0
b35,b6,62.0,65.0,67.0
b35,b51,70.0,72.0,75.0
b35,b94,50.0,53.0,55.0
b35,b7,29.0,31.0,32.0
b35,b95,39.0,41.0,44.0
b35,b8,42.0,44.0,47.0
b35,b72,68.0,72.0,75.0
b35,b73,64.0,66.0,68.0
b35,b110,55.0,59.0,61.0
b35,b52,50.0,52.0,53.0
b35,b53,56.0,59.0,62.0
b35,b74,78.0,81.0,84.0
b35,b9,54.0,56.0,59.0
b35,b10,41.0,43.0,45.0
b35,b111,50.0,53.0,56.0
b35,b54,55.0,58.0,60.0
b35,b55,86.0,91.0,95.0
b35,b11,44.0,47.0,50.0
b35,b42,70.0,72.0,74.0
b35,b75,75.0,76.0,78.0
b35,b76,66.0,70.0,73.0
b35,b117,70.0,72.0,74.0
b35,b96,51.0,53.0,55.0
b35,b12,61.0,64.0,66.0
b35,b56,54.0,57.0,60.0
b35,b13,43.0,47.0,49.0
b35,b116,69.0,71.0,74.0
b35,b97,48.0,50.0,52.0
b35,b98,43.0,45.0,48.0
b35,b14,28.0,28.0,29.0
b35,b43,64.0,66.0,68.0
b35,b57,71.0,74.0,79.0
b35,b38,58.0,61.0,63.0
b35,b58,50.0,52.0,54.0
b35,b15,37.0,38.0,40.0
b35,b17,70.0,72.0,76.0
b35,b16,25.0,26.0,27.0
b35,b78,78.0,81.0,84.0
b35,b79,69.0,72.0,74.0
b35,b59,68.0,71.0,74.0
b35,b60,32.0,35.0,37.0
b35,b45,57.0,60.0,62.0
b35,b99,43.0,49.0,52.0
b35,b100,45.0,47.0,51.0
b35,b18,48.0,51.0,53.0
b35,b61,75.0,77.0,80.0
b35,b19,38.0,39.0,42.0
b35,b80,61.0,64.0,68.0
b35,b62,51.0,54.0,57.0
b35,b20,69.0,71.0,74.0
b35,b21,72.0,74.0,76.0
b35,b22,30.0,31.0,32.0
b35,b23,33.0,36.0,38.0
b35,b49,53.0,56.0,59.0
b35,b46,65.0,67.0,69.0
b35,b101,57.0,59.0,62.0
b35,b63,64.0,67.0,71.0
b35,b81,61.0,65.0,68.0
b35,b112,59.0,62.0,65.0
b35,b82,57.0,59.0,62.0
b35,b24,41.0,44.0,46.0
b35,b65,59.0,61.0,63.0
b35,b83,65.0,67.0,70.0
b35,b25,57.0,60.0,63.0
b35,b103,43.0,45.0,48.0
b35,b5,45.0,47.0,49.0
b35,b26,44.0,47.0,49.0
b35,b121,67.0,70.0,73.0
b35,b119,71.0,73.0,76.0
b35,b47,56.0,58.0,60.0
b35,b104,52.0,54.0,56.0
b35,b27,46.0,48.0,49.0
b35,b105,50.0,53.0,56.0
b35,b28,41.0,42.0,44.0
b35,b84,62.0,65.0,68.0
b35,b44,61.0,63.0,66.0
b35,b66,59.0,60.0,62.0
b35,b67,54.0,56.0,59.0
b35,b85,74.0,78.0,82.0
b35,b120,63.0,66.0,69.0
b35,b87,76.0,80.0,84.0
b35,b86,62.0,66.0,69.0
b35,b29,45.0,47.0,49.0
b35,b30,38.0,41.0,43.0
b35,b88,46.0,48.0,51.0
b35,b68,73.0,77.0,83.0
b35,b69,96.0,99.0,103.0
b35,b106,67.0,72.0,76.0
b35,b31,56.0,59.0,62.0
b35,b115,74.0,77.0,84.0
b35,b32,48.0,49.0,52.0
b35,b113,61.0,63.0,66.0
b35,b114,69.0,71.0,74.0
b35,b89,69.0,72.0,74.0
b35,b33,49.0,52.0,54.0
b35,b48,64.0,66.0,68.0
b35,b77,56.0,59.0,64.0
b35,b34,49.0,51.0,52.0
b35,b70,95.0,104.0,114.0
b35,b71,41.0,43.0,45.0
b35,b64,66.0,69.0,75.0
b35,b107,43.0,46.0,50.0
b35,b90,86.0,90.0,94.0
b35,b118,82.0,86.0,89.0
b35,b1,48.0,50.0,52.0
b35,b35,0.0,0.0,0.0
b35,b36,44.0,46.0,48.0
b35,b37,51.0,54.0,57.0
b35,b108,58.0,61.0,64.0
b35,b109,40.0,44.0,49.0
b35,b39,68.0,70.0,72.0
b35,b3,57.0,59.0,62.0
b35,p_centro,41.0,44.0,46.0
b35,p_beira_mar,44.0,46.0,48.0
b35,p_aldeota,34.0,35.0,36.0
b35,p_papicu,37.0,39.0,40.0
b35,p_iguatemi,33.0,35.0,37.0
b35,p_unifor,47.0,49.0,51.0
b35,p_centro_eventos,42.0,44.0,46.0
b35,p_parangaba,42.0,45.0,48.0
b35,p_messejana,54.0,55.0,57.0
b35,p_ufc_benfica,33.0,34.0,36.0
b35,p_ufc_pici,60.0,62.0,64.0
b35,p_aeroporto,44.0,52.0,58.0
b36,b91,24.0,26.0,28.0
b36,b92,54.0,61.0,69.0
b36,b2,21.0,23.0,25.0
b36,b93,29.0,31.0,33.0
b36,b4,58.0,60.0,62.0
b36,b50,77.0,80.0,83.0
b36,b40,61.0,63.0,65.0
b36,b122,78.0,80.0,84.0
b36,b41,68.0,70.0,72.0
b36,b6,49.0,52.0,55.0
b36,b51,71.0,73.0,75.0
b36,b94,57.0,59.0,62.0
b36,b7,39.0,41.0,43.0
b36,b95,39.0,41.0,44.0
b36,b8,53.0,55.0,57.0
b36,b72,70.0,74.0,80.0
b36,b73,66.0,69.0,72.0
b36,b110,35.0,36.0,37.0
b36,b52,53.0,55.0,57.0
b36,b53,50.0,52.0,53.0
b36,b74,81.0,84.0,86.0
b36,b9,48.0,50.0,52.0
b36,b10,34.0,35.0,37.0
b36,b111,32.0,34.0,36.0
b36,b54,52.0,55.0,58.0
b36,b55,81.0,85.0,88.0
b36,b11,27.0,29.0,32.0
b36,b42,73.0,76.0,78.0
b36,b75,75.0,79.0,82.0
b36,b76,72.0,74.0,77.0
b36,b117,69.0,71.0,73.0
b36,b96,58.0,59.0,61.0
b36,b12,49.0,51.0,54.0
b36,b56,52.0,55.0,57.0
b36,b13,51.0,54.0,56.0
b36,b116,47.0,49.0,51.0
b36,b97,55.0,57.0,59.0
b36,b98,42.0,45.0,47.0
b36,b14,21.0,22.0,25.0
b36,b43,68.0,70.0,72.0
b36,b57,63.0,66.0,69.0
b36,b38,58.0,62.0,65.0
b36,b58,44.0,47.0,49.0
b36,b15,40.0,42.0,45.0
b36,b17,70.0,74.0,77.0
b36,b16,36.0,37.0,39.0
b36,b78,79.0,83.0,89.0
b36,b79,69.0,73.0,77.0
b36,b59,62.0,63.0,65.0
b36,b60,30.0,32.0,33.0
b36,b45,62.0,64.0,66.0
b36,b99,48.0,50.0,52.0
b36,b100,45.0,48.0,51.0
b36,b18,42.0,44.0,47.0
b36,b61,76.0,78.0,81.0
b36,b19,47.0,50.0,52.0
b36,b80,62.0,65.0,69.0
b36,b62,44.0,46.0,49.0
b36,b20,66.0,70.0,73.0
b36,b21,65.0,68.0,72.0
b36,b22,38.0,40.0,41.0
b36,b23,38.0,39.0,41.0
b36,b49,51.0,53.0,54.0
b36,b46,69.0,71.0,73.0
b36,b101,61.0,63.0,66.0
b36,b63,62.0,64.0,67.0
b36,b81,66.0,68.0,70.0
b36,b112,42.0,44.0,46.0
b36,b82,58.0,60.0,63.0
b36,b24,18.0,19.0,21.0
b36,b65,59.0,61.0,62.0
b36,b83,64.0,67.0,71.0
b36,b25,53.0,56.0,58.0
b36,b103,52.0,54.0,56.0
b36,b5,30.0,34.0,37.0
b36,b26,18.0,18.0,18.0
b36,b121,70.0,73.0,75.0
b36,b119,68.0,72.0,75.0
b36,b47,57.0,59.0,62.0
b36,b104,59.0,61.0,62.0
b36,b27,26.0,28.0,28.0
b36,b105,52.0,54.0,57.0
b36,b28,45.0,47.0,48.0
b36,b84,63.0,66.0,69.0
b36,b44,67.0,69.0,71.0
b36,b66,61.0,63.0,64.0
b36,b67,48.0,50.0,51.0
b36,b85,79.0,83.0,87.0
b36,b120,66.0,69.0,72.0
b36,b87,81.0,84.0,86.0
b36,b86,66.0,68.0,71.0
b36,b29,50.0,52.0,54.0
b36,b30,47.0,50.0,54.0
b36,b88,46.0,48.0,51.0
b36,b68,76.0,80.0,83.0
b36,b69,100.0,103.0,106.0
b36,b106,72.0,78.0,82.0
b36,b31,43.0,45.0,48.0
b36,b115,74.0,78.0,86.0
b36,b32,30.0,33.0,35.0
b36,b113,37.0,39.0,42.0
b36,b114,44.0,47.0,49.0
b36,b89,69.0,72.0,75.0
b36,b33,57.0,59.0,62.0
b36,b48,67.0,69.0,71.0
b36,b77,57.0,60.0,65.0
b36,b34,56.0,58.0,60.0
b36,b70,91.0,98.0,106.0
b36,b71,36.0,38.0,41.0
b36,b64,59.0,63.0,68.0
b36,b107,44.0,47.0,50.0
b36,b90,88.0,91.0,96.0
b36,b118,75.0,77.0,80.0
b36,b1,51.0,53.0,55.0
b36,b35,33.0,34.0,36.0
b36,b36,0.0,0.0,0.0
b36,b37,27.0,29.0,32.0
b36,b108,60.0,63.0,66.0
b36,b109,50.0,55.0,60.0
b36,b39,70.0,72.0,75.0
b36,b3,52.0,54.0,57.0
b36,p_centro,35.0,36.0,38.0
b36,p_beira_mar,27.0,27.0,28.0
b36,p_aldeota,20.0,22.0,24.0
b36,p_papicu,14.0,14.0,14.0
b36,p_iguatemi,28.0,29.0,31.0
b36,p_unifor,41.0,42.0,43.0
b36,p_centro_eventos,35.0,36.0,37.0
b36,p_parangaba,43.0,45.0,48.0
b36,p_messejana,56.0,58.0,60.0
b36,p_ufc_benfica,43.0,45.0,46.0
b36,p_ufc_pici,61.0,64.0,67.0
b36,p_aeroporto,56.0,63.0,71.0
b37,b91,48.0,50.0,53.0
b37,b92,75.0,85.0,91.0
b37,b2,43.0,45.0,47.0
b37,b93,53.0,55.0,58.0
b37,b4,78.0,81.0,84.0
b37,b50,93.0,96.0,99.0
b37,b40,80.0,84.0,86.0
b37,b122,95.0,99.0,103.0
b37,b41,87.0,90.0,93.0
b37,b6,60.0,64.0,67.0
b37,b51,84.0,86.0,89.0
b37,b94,77.0,80.0,84.0
b37,b7,60.0,62.0,64.0
b37,b95,62.0,65.0,69.0
b37,b8,75.0,78.0,80.0
b37,b72,93.0,100.0,115.0
b37,b73,88.0,90.0,98.0
b37,b110,31.0,32.0,34.0
b37,b52,68.0,70.0,72.0
b37,b53,62.0,63.0,66.0
b37,b74,103.0,111.0,120.0
b37,b9,61.0,64.0,68.0
b37,b10,52.0,54.0,56.0
b37,b111,40.0,42.0,44.0
b37,b54,65.0,68.0,71.0
b37,b55,95.0,98.0,102.0
b37,b11,37.0,40.0,43.0
b37,b42,94.0,96.0,99.0
b37,b75,97.0,100.0,103.0
b37,b76,89.0,93.0,96.0
b37,b117,81.0,83.0,85.0
b37,b96,75.0,77.0,80.0
b37,b12,61.0,64.0,66.0
b37,b56,65.0,68.0,71.0
b37,b13,70.0,73.0,77.0
b37,b116,45.0,47.0,49.0
b37,b97,72.0,75.0,79.0
b37,b98,67.0,70.0,74.0
b37,b14,44.0,47.0,49.0
b37,b43,88.0,90.0,94.0
b37,b57,74.0,78.0,82.0
b37,b38,72.0,76.0,80.0
b37,b58,55.0,58.0,62.0
b37,b15,59.0,61.0,64.0
b37,b17,83.0,90.0,96.0
b37,b16,56.0,59.0,61.0
b37,b78,104.0,110.0,120.0
b37,b79,93.0,97.0,105.0
b37,b59,73.0,75.0,78.0
b37,b60,41.0,43.0,45.0
b37,b45,82.0,85.0,88.0
b37,b99,72.0,74.0,78.0
b37,b100,69.0,77.0,84.0
b37,b18,57.0,60.0,63.0
b37,b61,89.0,92.0,94.0
b37,b19,70.0,73.0,75.0
b37,b80,86.0,91.0,95.0
b37,b62,56.0,58.0,61.0
b37,b20,77.0,82.0,87.0
b37,b21,76.0,80.0,84.0
b37,b22,58.0,60.0,62.0
b37,b23,56.0,58.0,61.0
b37,b49,63.0,65.0,68.0
b37,b46,88.0,92.0,95.0
b37,b101,82.0,85.0,90.0
b37,b63,73.0,77.0,80.0
b37,b81,83.0,88.0,91.0
b37,b112,46.0,51.0,54.0
b37,b82,82.0,85.0,89.0
b37,b24,36.0,39.0,41.0
b37,b65,72.0,74.0,76.0
b37,b83,92.0,95.0,98.0
b37,b25,69.0,73.0,76.0
b37,b103,74.0,77.0,79.0
b37,b5,46.0,48.0,51.0
b37,b26,26.0,30.0,33.0
b37,b121,93.0,96.0,104.0
b37,b119,80.0,84.0,89.0
b37,b47,76.0,79.0,82.0
b37,b104,76.0,79.0,82.0
b37,b27,25.0,27.0,29.0
b37,b105,75.0,77.0,80.0
b37,b28,64.0,67.0,69.0
b37,b84,86.0,94.0,101.0
b37,b44,86.0,88.0,92.0
b37,b66,74.0,77.0,82.0
b37,b67,59.0,61.0,63.0
b37,b85,96.0,101.0,105.0
b37,b120,82.0,85.0,88.0
b37,b87,105.0,109.0,116.0
b37,b86,89.0,94.0,99.0
b37,b29,69.0,72.0,74.0
b37,b30,69.0,72.0,76.0
b37,b88,69.0,72.0,76.0
b37,b68,94.0,97.0,100.0
b37,b69,116.0,119.0,125.0
b37,b106,91.0,101.0,106.0
b37,b31,55.0,58.0,60.0
b37,b115,98.0,103.0,113.0
b37,b32,42.0,44.0,47.0
b37,b113,33.0,35.0,38.0
b37,b114,41.0,43.0,45.0
b37,b89,93.0,96.0,100.0
b37,b33,75.0,78.0,80.0
b37,b48,85.0,88.0,91.0
b37,b77,81.0,89.0,95.0
b37,b34,73.0,76.0,80.0
b37,b70,104.0,112.0,123.0
b37,b71,47.0,50.0,53.0
b37,b64,73.0,76.0,81.0
b37,b107,68.0,76.0,83.0
b37,b90,114.0,123.0,138.0
b37,b118,88.0,91.0,94.0
b37,b1,70.0,73.0,76.0
b37,b35,56.0,57.0,60.0
b37,b36,32.0,34.0,35.0
b37,b37,0.0,0.0,0.0
b37,b108,83.0,87.0,92.0
b37,b109,72.0,77.0,81.0
b37,b39,84.0,88.0,91.0
b37,b3,65.0,69.0,72.0
b37,p_centro,51.0,54.0,57.0
b37,p_beira_mar,34.0,37.0,41.0
b37,p_aldeota,43.0,45.0,48.0
b37,p_papicu,25.0,27.0,28.0
b37,p_iguatemi,39.0,41.0,43.0
b37,p_unifor,52.0,54.0,56.0
b37,p_centro_eventos,46.0,48.0,50.0
b37,p_parangaba,67.0,69.0,72.0
b37,p_messejana,69.0,72.0,74.0
b37,p_ufc_benfica,63.0,65.0,67.0
b37,p_ufc_pici,82.0,84.0,86.0
b37,p_aeroporto,77.0,87.0,93.0
b108,b91,57.0,59.0,61.0
b108,b92,53.0,56.0,59.0
b108,b2,68.0,70.0,72.0
b108,b93,63.0,66.0,68.0
b108,b4,48.0,50.0,53.0
b108,b50,88.0,90.0,93.0
b108,b40,49.0,52.0,55.0
b108,b122,44.0,47.0,52.0
b108,b41,44.0,46.0,48.0
b108,b6,64.0,68.0,71.0
b108,b51,61.0,63.0,66.0
b108,b94,42.0,44.0,47.0
b108,b7,41.0,43.0,46.0
b108,b95,59.0,62.0,64.0
b108,b8,42.0,43.0,45.0
b108,b72,26.0,28.0,30.0
b108,b73,24.0,25.0,27.0
b108,b110,80.0,84.0,89.0
b108,b52,57.0,60.0,63.0
b108,b53,85.0,87.0,89.0
b108,b74,34.0,36.0,37.0
b108,b9,61.0,64.0,67.0
b108,b10,55.0,59.0,62.0
b108,b111,86.0,89.0,92.0
b108,b54,71.0,74.0,77.0
b108,b55,84.0,89.0,94.0
b108,b11,81.0,84.0,86.0
b108,b42,45.0,46.0,48.0
b108,b75,41.0,45.0,47.0
b108,b76,27.0,30.0,33.0
b108,b117,60.0,63.0,65.0
b108,b96,34.0,35.0,37.0
b108,b12,67.0,71.0,74.0
b108,b56,73.0,75.0,78.0
b108,b13,33.0,35.0,37.0
b108,b116,100.0,103.0,108.0
b108,b97,30.0,31.0,34.0
b108,b98,55.0,56.0,58.0
b108,b14,64.0,67.0,69.0
b108,b43,45.0,47.0,49.0
b108,b57,106.0,112.0,117.0
b108,b38,68.0,70.0,73.0
b108,b58,79.0,84.0,88.0
b108,b15,49.0,52.0,55.0
b108,b17,67.0,71.0,75.0
b108,b16,45.0,47.0,50.0
b108,b78,35.0,38.0,40.0
b108,b79,30.0,32.0,35.0
b108,b59,76.0,78.0,80.0
b108,b60,69.0,72.0,74.0
b108,b45,30.0,32.0,35.0
b108,b99,30.0,32.0,35.0
b108,b100,34.0,36.0,38.0
b108,b18,55.0,59.0,61.0
b108,b61,68.0,70.0,73.0
b108,b19,45.0,46.0,48.0
b108,b80,39.0,41.0,44.0
b108,b62,81.0,85.0,88.0
b108,b20,56.0,59.0,62.0
b108,b21,60.0,64.0,66.0
b108,b22,63.0,66.0,69.0
b108,b23,52.0,55.0,58.0
b108,b49,82.0,84.0,87.0
b108,b46,29.0,31.0,33.0
b108,b101,30.0,32.0,34.0
b108,b63,77.0,82.0,88.0
b108,b81,17.0,17.0,17.0
b108,b112,96.0,99.0,102.0
b108,b82,32.0,33.0,35.0
b108,b24,66.0,70.0,74.0
b108,b65,68.0,70.0,73.0
b108,b83,31.0,33.0,35.0
b108,b25,66.0,69.0,72.0
b108,b103,36.0,38.0,40.0
b108,b5,43.0,47.0,52.0
b108,b26,68.0,72.0,76.0
b108,b121,22.0,24.0,28.0
b108,b119,59.0,63.0,65.0
b108,b47,52.0,55.0,58.0
b108,b104,38.0,39.0,42.0
b108,b27,78.0,81.0,83.0
b108,b105,29.0,31.0,32.0
b108,b28,52.0,55.0,58.0
b108,b84,51.0,53.0,55.0
b108,b44,42.0,44.0,46.0
b108,b66,81.0,83.0,86.0
b108,b67,78.0,80.0,83.0
b108,b85,36.0,42.0,45.0
b108,b120,76.0,79.0,81.0
b108,b87,34.0,36.0,40.0
b108,b86,14.0,18.0,19.0
b108,b29,55.0,58.0,60.0
b108,b30,47.0,48.0,50.0
b108,b88,54.0,56.0,59.0
b108,b68,81.0,86.0,90.0
b108,b69,100.0,104.0,107.0
b108,b106,52.0,56.0,58.0
b108,b31,61.0,66.0,69.0
b108,b115,54.0,58.0,62.0
b108,b32,62.0,65.0,69.0
b108,b113,87.0,91.0,96.0
b108,b114,94.0,98.0,103.0
b108,b89,52.0,55.0,57.0
b108,b33,58.0,60.0,63.0
b108,b48,62.0,64.0,68.0
b108,b77,46.0,49.0,51.0
b108,b34,46.0,48.0,50.0
b108,b70,109.0,116.0,127.0
b108,b71,70.0,74.0,79.0
b108,b64,90.0,96.0,101.0
b108,b107,41.0,42.0,44.0
b108,b90,45.0,47.0,49.0
b108,b118,85.0,89.0,92.0
b108,b1,63.0,66.0,67.0
b108,b35,63.0,66.0,69.0
b108,b36,77.0,82.0,84.0
b108,b37,91.0,94.0,98.0
b108,b108,0.0,0.0,0.0
b108,b109,46.0,49.0,53.0
b108,b39,65.0,68.0,71.0
b108,b3,65.0,68.0,71.0
b108,p_centro,51.0,55.0,59.0
b108,p_beira_mar,69.0,73.0,77.0
b108,p_aldeota,69.0,71.0,74.0
b108,p_papicu,73.0,76.0,78.0
b108,p_iguatemi,70.0,73.0,75.0
b108,p_unifor,81.0,83.0,86.0
b108,p_centro_eventos,80.0,83.0,85.0
b108,p_parangaba,25.0,26.0,27.0
b108,p_messejana,55.0,57.0,60.0
b108,p_ufc_benfica,41.0,44.0,46.0
b108,p_ufc_pici,62.0,65.0,67.0
b108,p_aeroporto,55.0,58.0,61.0
b109,b91,42.0,45.0,49.0
b109,b92,15.0,18.0,18.0
b109,b2,49.0,51.0,53.0
b109,b93,30.0,33.0,37.0
b109,b4,40.0,44.0,47.0
b109,b50,72.0,77.0,83.0
b109,b40,56.0,58.0,61.0
b109,b122,61.0,65.0,69.0
b109,b41,52.0,55.0,58.0
b109,b6,62.0,65.0,68.0
b109,b51,71.0,74.0,78.0
b109,b94,42.0,45.0,49.0
b109,b7,25.0,27.0,30.0
b109,b95,45.0,48.0,51.0
b109,b8,26.0,29.0,32.0
b109,b72,56.0,61.0,66.0
b109,b73,49.0,54.0,60.0
b109,b110,65.0,69.0,72.0
b109,b52,48.0,52.0,57.0
b109,b53,70.0,73.0,77.0
b109,b74,64.0,68.0,74.0
b109,b9,52.0,55.0,58.0
b109,b10,42.0,46.0,50.0
b109,b111,69.0,72.0,76.0
b109,b54,55.0,59.0,63.0
b109,b55,83.0,89.0,97.0
b109,b11,61.0,66.0,68.0
b109,b42,60.0,63.0,66.0
b109,b75,62.0,67.0,72.0
b109,b76,54.0,58.0,62.0
b109,b117,69.0,74.0,80.0
b109,b96,32.0,36.0,42.0
b109,b12,61.0,64.0,67.0
b109,b56,68.0,71.0,75.0
b109,b13,32.0,36.0,38.0
b109,b116,85.0,88.0,90.0
b109,b97,38.0,42.0,44.0
b109,b98,46.0,50.0,53.0
b109,b14,44.0,46.0,49.0
b109,b43,53.0,57.0,60.0
b109,b57,88.0,94.0,101.0
b109,b38,56.0,59.0,63.0
b109,b58,61.0,66.0,70.0
b109,b15,34.0,37.0,42.0
b109,b17,67.0,70.0,73.0
b109,b16,24.0,28.0,32.0
b109,b78,62.0,67.0,73.0
b109,b79,55.0,61.0,66.0
b109,b59,74.0,78.0,84.0
b109,b60,48.0,51.0,55.0
b109,b45,45.0,49.0,53.0
b109,b99,28.0,30.0,32.0
b109,b100,36.0,38.0,41.0
b109,b18,47.0,49.0,52.0
b109,b61,73.0,78.0,83.0
b109,b19,25.0,27.0,30.0
b109,b80,51.0,54.0,57.0
b109,b62,61.0,64.0,68.0
b109,b20,66.0,70.0,74.0
b109,b21,69.0,72.0,76.0
b109,b22,44.0,46.0,48.0
b109,b23,31.0,35.0,39.0
b109,b49,69.0,72.0,76.0
b109,b46,51.0,56.0,60.0
b109,b101,42.0,46.0,51.0
b109,b63,76.0,80.0,85.0
b109,b81,48.0,52.0,56.0
b109,b112,78.0,82.0,85.0
b109,b82,45.0,48.0,51.0
b109,b24,52.0,56.0,59.0
b109,b65,55.0,59.0,64.0
b109,b83,56.0,58.0,61.0
b109,b25,57.0,60.0,62.0
b109,b103,18.0,22.0,25.0
b109,b5,42.0,45.0,50.0
b109,b26,55.0,58.0,61.0
b109,b121,52.0,57.0,61.0
b109,b119,68.0,70.0,73.0
b109,b47,53.0,57.0,61.0
b109,b104,45.0,48.0,51.0
b109,b27,61.0,64.0,66.0
b109,b105,37.0,40.0,43.0
b109,b28,39.0,42.0,47.0
b109,b84,48.0,51.0,53.0
b109,b44,51.0,55.0,58.0
b109,b66,56.0,60.0,64.0
b109,b67,64.0,68.0,71.0
b109,b85,63.0,67.0,71.0
b109,b120,60.0,65.0,70.0
b109,b87,64.0,68.0,72.0
b109,b86,49.0,52.0,57.0
b109,b29,44.0,46.0,49.0
b109,b30,17.0,19.0,21.0
b109,b88,52.0,54.0,57.0
b109,b68,74.0,80.0,86.0
b109,b69,94.0,100.0,106.0
b109,b106,56.0,63.0,69.0
b109,b31,56.0,59.0,62.0
b109,b115,59.0,62.0,66.0
b109,b32,52.0,55.0,58.0
b109,b113,73.0,76.0,79.0
b109,b114,80.0,83.0,86.0
b109,b89,61.0,64.0,67.0
b109,b33,47.0,50.0,53.0
b109,b48,62.0,65.0,70.0
b109,b77,43.0,46.0,49.0
b109,b34,40.0,43.0,46.0
b109,b70,104.0,117.0,134.0
b109,b71,51.0,56.0,61.0
b109,b64,70.0,76.0,83.0
b109,b107,35.0,38.0,41.0
b109,b90,73.0,77.0,83.0
b109,b118,81.0,87.0,93.0
b109,b1,46.0,49.0,53.0
b109,b35,39.0,42.0,46.0
b109,b36,55.0,60.0,64.0
b109,b37,65.0,70.0,74.0
b109,b108,44.0,48.0,52.0
b109,b109,0.0,0.0,0.0
b109,b39,66.0,69.0,74.0
b109,b3,54.0,58.0,61.0
b109,p_centro,42.0,46.0,50.0
b109,p_beira_mar,56.0,59.0,62.0
b109,p_aldeota,50.0,52.0,55.0
b109,p_papicu,50.0,54.0,57.0
b109,p_iguatemi,49.0,52.0,55.0
b109,p_unifor,62.0,65.0,68.0
b109,p_centro_eventos,59.0,62.0,65.0
b109,p_parangaba,30.0,32.0,35.0
b109,p_messejana,52.0,56.0,60.0
b109,p_ufc_benfica,28.0,31.0,33.0
b109,p_ufc_pici,56.0,58.0,61.0
b109,p_aeroporto,17.0,21.0,27.0
b39,b91,77.0,80.0,81.0
b39,b92,82.0,85.0,89.0
b39,b2,69.0,70.0,72.0
b39,b93,75.0,79.0,81.0
b39,b4,44.0,46.0,48.0
b39,b50,104.0,106.0,109.0
b39,b40,22.0,23.0,24.0
b39,b122,84.0,87.0,91.0
b39,b41,30.0,32.0,34.0
b39,b6,32.0,35.0,37.0
b39,b51,98.0,101.0,104.0
b39,b94,53.0,57.0,61.0
b39,b7,49.0,51.0,53.0
b39,b95,79.0,83.0,87.0
b39,b8,61.0,64.0,68.0
b39,b72,66.0,69.0,71.0
b39,b73,48.0,50.0,53.0
b39,b110,80.0,83.0,86.0
b39,b52,81.0,83.0,85.0
b39,b53,99.0,101.0,103.0
b39,b74,75.0,77.0,80.0
b39,b9,43.0,48.0,52.0
b39,b10,59.0,60.0,62.0
b39,b111,87.0,90.0,94.0
b39,b54,89.0,92.0,97.0
b39,b55,116.0,121.0,126.0
b39,b11,82.0,83.0,86.0
b39,b42,40.0,42.0,45.0
b39,b75,46.0,49.0,51.0
b39,b76,71.0,74.0,78.0
b39,b117,98.0,102.0,106.0
b39,b96,54.0,56.0,58.0
b39,b12,43.0,46.0,49.0
b39,b56,97.0,100.0,103.0
b39,b13,55.0,59.0,62.0
b39,b116,100.0,103.0,106.0
b39,b97,48.0,50.0,52.0
b39,b98,84.0,88.0,91.0
b39,b14,68.0,70.0,72.0
b39,b43,34.0,37.0,41.0
b39,b57,115.0,118.0,124.0
b39,b38,46.0,48.0,50.0
b39,b58,95.0,99.0,102.0
b39,b15,41.0,42.0,43.0
b39,b17,39.0,41.0,43.0
b39,b16,51.0,53.0,56.0
b39,b78,66.0,69.0,71.0
b39,b79,54.0,57.0,59.0
b39,b59,108.0,110.0,112.0
b39,b60,73.0,75.0,78.0
b39,b45,40.0,42.0,43.0
b39,b99,63.0,65.0,68.0
b39,b100,71.0,73.0,76.0
b39,b18,48.0,53.0,55.0
b39,b61,106.0,109.0,113.0
b39,b19,63.0,65.0,67.0
b39,b80,76.0,79.0,82.0
b39,b62,94.0,96.0,99.0
b39,b20,15.0,17.0,19.0
b39,b21,25.0,27.0,29.0
b39,b22,64.0,66.0,68.0
b39,b23,56.0,57.0,59.0
b39,b49,96.0,99.0,102.0
b39,b46,47.0,50.0,52.0
b39,b101,48.0,50.0,52.0
b39,b63,106.0,108.0,112.0
b39,b81,64.0,67.0,70.0
b39,b112,97.0,100.0,104.0
b39,b82,68.0,71.0,73.0
b39,b24,66.0,69.0,72.0
b39,b65,90.0,92.0,95.0
b39,b83,69.0,72.0,75.0
b39,b25,49.0,51.0,56.0
b39,b103,63.0,65.0,67.0
b39,b5,47.0,48.0,49.0
b39,b26,68.0,72.0,74.0
b39,b121,64.0,67.0,70.0
b39,b119,25.0,27.0,28.0
b39,b47,31.0,32.0,33.0
b39,b104,52.0,55.0,58.0
b39,b27,79.0,80.0,82.0
b39,b105,63.0,65.0,68.0
b39,b28,42.0,43.0,44.0
b39,b84,83.0,86.0,89.0
b39,b44,30.0,32.0,34.0
b39,b66,89.0,91.0,93.0
b39,b67,96.0,97.0,100.0
b39,b85,83.0,86.0,89.0
b39,b120,93.0,95.0,98.0
b39,b87,77.0,80.0,83.0
b39,b86,58.0,61.0,64.0
b39,b29,37.0,38.0,39.0
b39,b30,60.0,62.0,65.0
b39,b88,84.0,88.0,92.0
b39,b68,107.0,112.0,118.0
b39,b69,131.0,135.0,140.0
b39,b106,49.0,54.0,59.0
b39,b31,45.0,48.0,51.0
b39,b115,92.0,96.0,101.0
b39,b32,61.0,63.0,65.0
b39,b113,87.0,91.0,94.0
b39,b114,94.0,98.0,101.0
b39,b89,91.0,95.0,99.0
b39,b33,38.0,41.0,42.0
b39,b48,17.0,18.0,20.0
b39,b77,79.0,81.0,84.0
b39,b34,56.0,57.0,59.0
b39,b70,141.0,148.0,
b39,b71,86.0,89.0,92.0
b39,b64,107.0,114.0,119.0
b39,b107,76.0,79.0,82.0
b39,b90,81.0,85.0,88.0
b39,b118,115.0,118.0,120.0
b39,b1,43.0,44.0,45.0
b39,b35,70.0,72.0,75.0
b39,b36,78.0,81.0,83.0
b39,b37,89.0,93.0,96.0
b39,b108,63.0,65.0,67.0
b39,b109,72.0,74.0,76.0
b39,b39,0.0,0.0,0.0
b39,b3,38.0,42.0,47.0
b39,p_centro,57.0,59.0,60.0
b39,p_beira_mar,69.0,72.0,75.0
b39,p_aldeota,71.0,73.0,75.0
b39,p_papicu,77.0,79.0,81.0
b39,p_iguatemi,74.0,76.0,79.0
b39,p_unifor,88.0,90.0,93.0
b39,p_centro_eventos,85.0,87.0,89.0
b39,p_parangaba,53.0,56.0,58.0
b39,p_messejana,84.0,86.0,88.0
b39,p_ufc_benfica,49.0,51.0,52.0
b39,p_ufc_pici,40.0,41.0,43.0
b39,p_aeroporto,84.0,87.0,91.0
b3,b91,61.0,64.0,66.0
b3,b92,70.0,74.0,79.0
b3,b2,54.0,57.0,58.0
b3,b93,61.0,64.0,67.0
b3,b4,34.0,37.0,40.0
b3,b50,84.0,87.0,90.0
b3,b40,40.0,41.0,44.0
b3,b122,76.0,80.0,84.0
b3,b41,53.0,55.0,57.0
b3,b6,20.0,22.0,23.0
b3,b51,89.0,92.0,95.0
b3,b94,42.0,46.0,49.0
b3,b7,41.0,43.0,45.0
b3,b95,66.0,69.0,73.0
b3,b8,49.0,52.0,54.0
b3,b72,74.0,80.0,83.0
b3,b73,61.0,63.0,65.0
b3,b110,56.0,58.0,60.0
b3,b52,64.0,67.0,70.0
b3,b53,85.0,88.0,91.0
b3,b74,85.0,87.0,91.0
b3,b9,15.0,16.0,17.0
b3,b10,37.0,39.0,40.0
b3,b111,72.0,75.0,78.0
b3,b54,73.0,76.0,80.0
b3,b55,98.0,102.0,108.0
b3,b11,69.0,70.0,73.0
b3,b42,56.0,60.0,63.0
b3,b75,63.0,66.0,69.0
b3,b76,70.0,73.0,77.0
b3,b117,87.0,89.0,92.0
b3,b96,50.0,52.0,54.0
b3,b12,21.0,23.0,24.0
b3,b56,86.0,88.0,90.0
b3,b13,44.0,47.0,49.0
b3,b116,76.0,78.0,80.0
b3,b97,47.0,49.0,51.0
b3,b98,67.0,71.0,75.0
b3,b14,59.0,61.0,62.0
b3,b43,52.0,54.0,57.0
b3,b57,106.0,110.0,117.0
b3,b38,20.0,20.0,20.0
b3,b58,86.0,89.0,93.0
b3,b15,38.0,39.0,40.0
b3,b17,29.0,30.0,32.0
b3,b16,44.0,46.0,48.0
b3,b78,80.0,84.0,87.0
b3,b79,72.0,75.0,78.0
b3,b59,90.0,93.0,96.0
b3,b60,65.0,67.0,70.0
b3,b45,49.0,51.0,53.0
b3,b99,61.0,62.0,64.0
b3,b100,69.0,71.0,73.0
b3,b18,21.0,22.0,23.0
b3,b61,92.0,95.0,98.0
b3,b19,51.0,52.0,54.0
b3,b80,77.0,80.0,85.0
b3,b62,83.0,84.0,86.0
b3,b20,34.0,36.0,38.0
b3,b21,23.0,28.0,32.0
b3,b22,53.0,55.0,57.0
b3,b23,42.0,45.0,47.0
b3,b49,87.0,90.0,94.0
b3,b46,57.0,59.0,61.0
b3,b101,57.0,58.0,60.0
b3,b63,88.0,95.0,100.0
b3,b81,64.0,68.0,71.0
b3,b112,81.0,84.0,87.0
b3,b82,70.0,74.0,77.0
b3,b24,42.0,44.0,46.0
b3,b65,70.0,73.0,75.0
b3,b83,78.0,80.0,84.0
b3,b25,24.0,26.0,27.0
b3,b103,52.0,55.0,57.0
b3,b5,26.0,28.0,29.0
b3,b26,44.0,46.0,48.0
b3,b121,72.0,76.0,79.0
b3,b119,37.0,40.0,42.0
b3,b47,30.0,34.0,36.0
b3,b104,49.0,51.0,54.0
b3,b27,66.0,67.0,69.0
b3,b105,60.0,64.0,67.0
b3,b28,36.0,39.0,42.0
b3,b84,81.0,83.0,86.0
b3,b44,52.0,54.0,57.0
b3,b66,72.0,75.0,77.0
b3,b67,81.0,86.0,89.0
b3,b85,77.0,81.0,85.0
b3,b120,73.0,76.0,79.0
b3,b87,80.0,85.0,88.0
b3,b86,70.0,72.0,75.0
b3,b29,33.0,37.0,40.0
b3,b30,48.0,50.0,52.0
b3,b88,73.0,77.0,80.0
b3,b68,85.0,89.0,96.0
b3,b69,110.0,114.0,118.0
b3,b106,58.0,62.0,66.0
b3,b31,24.0,25.0,26.0
b3,b115,92.0,96.0,100.0
b3,b32,38.0,40.0,42.0
b3,b113,63.0,65.0,67.0
b3,b114,70.0,72.0,74.0
b3,b89,91.0,94.0,97.0
b3,b33,20.0,22.0,25.0
b3,b48,43.0,45.0,47.0
b3,b77,76.0,79.0,81.0
b3,b34,46.0,48.0,50.0
b3,b70,121.0,131.0,140.0
b3,b71,77.0,80.0,84.0
b3,b64,89.0,97.0,105.0
b3,b107,70.0,74.0,77.0
b3,b90,94.0,98.0,101.0
b3,b118,94.0,98.0,102.0
b3,b1,35.0,37.0,40.0
b3,b35,62.0,65.0,67.0
b3,b36,55.0,57.0,59.0
b3,b37,65.0,68.0,70.0
b3,b108,65.0,67.0,69.0
b3,b109,60.0,63.0,66.0
b3,b39,36.0,40.0,43.0
b3,b3,0.0,0.0,0.0
b3,p_centro,36.0,37.0,38.0
b3,p_beira_mar,45.0,47.0,49.0
b3,p_aldeota,56.0,58.0,60.0
b3,p_papicu,56.0,59.0,61.0
b3,p_iguatemi,67.0,69.0,71.0
b3,p_unifor,81.0,83.0,85.0
b3,p_centro_eventos,77.0,79.0,81.0
b3,p_parangaba,53.0,57.0,60.0
b3,p_messejana,70.0,72.0,74.0
b3,p_ufc_benfica,41.0,43.0,45.0
b3,p_ufc_pici,39.0,42.0,44.0
b3,p_aeroporto,72.0,76.0,81.0
