cd_setor,situacao,nm_bairro_ibge,responsaveis,responsaveis_com_renda,renda_total_resp,moradores_dpp,renda_media_resp,renda_media_resp_com_sem,dpp,dpp_esgoto_rede,dpp_fossa_septica,dpp_agua_rede,dpp_lixo_coletado
230440005060753,1,Jardim Guanabara,189.0,180.0,194184.0,733.0,1078.8,1027.43,189,184.0,0.0,113.0,189.0
230440005060754,1,Jardim Guanabara,388.0,352.0,292230.0,1351.0,830.2,753.17,388,347.0,40.0,173.0,388.0
230440005060755,1,Jardim Guanabara,399.0,364.0,301448.0,1452.0,828.15,755.51,399,395.0,4.0,232.0,399.0
230440005060756,1,Jardim Guanabara,284.0,268.0,200633.0,951.0,748.63,706.45,284,266.0,18.0,152.0,284.0
230440005060757,1,Jardim Guanabara,306.0,287.0,235108.0,1027.0,819.19,770.85,305,254.0,34.0,242.0,305.0
230440005060758,1,Jardim Guanabara,213.0,199.0,141482.0,647.0,711.98,664.96,212,210.0,2.0,185.0,212.0
230440005060759,1,Jardim Guanabara,247.0,234.0,223680.0,810.0,955.9,905.59,247,190.0,1.0,185.0,247.0
230440005060760,1,Jardim Guanabara,223.0,212.0,302863.0,765.0,1428.6,1358.13,223,155.0,67.0,65.0,223.0
230440005060761,1,Jardim Guanabara,376.0,299.0,258375.0,1265.0,864.13,687.17,376,268.0,108.0,197.0,376.0
230440005060762,1,Jardim Guanabara,199.0,189.0,230063.0,732.0,1217.26,1156.1,199,168.0,1.0,49.0,199.0
230440005060763,1,Jardim Guanabara,208.0,179.0,174870.0,693.0,976.93,840.72,208,161.0,4.0,95.0,208.0
230440005060764,1,Jardim Guanabara,111.0,104.0,102910.0,391.0,989.52,927.12,111,111.0,0.0,72.0,111.0
230440005060765,1,Jardim Guanabara,151.0,141.0,123223.0,506.0,873.92,816.05,151,142.0,9.0,87.0,151.0
230440005060766,1,Vila Velha,269.0,187.0,322241.0,995.0,1723.21,1197.92,269,258.0,11.0,146.0,269.0
230440005060767,1,Vila Velha,219.0,183.0,261505.0,730.0,1428.99,1199.56,218,205.0,0.0,138.0,218.0
230440005060768,1,Vila Velha,320.0,303.0,433738.0,1165.0,1431.48,1355.43,320,310.0,10.0,273.0,320.0
230440005060769,1,Vila Velha,189.0,175.0,275130.0,691.0,1572.17,1455.71,189,186.0,2.0,176.0,189.0
230440005060770,1,Vila Velha,255.0,247.0,315892.0,887.0,1278.91,1238.79,255,243.0,12.0,193.0,254.0
230440005060771,1,Vila Velha,216.0,202.0,173283.0,770.0,857.84,802.24,216,204.0,10.0,171.0,216.0
230440005060772,1,Vila Velha,304.0,236.0,215268.0,1033.0,912.15,708.12,304,294.0,10.0,234.0,304.0
230440005060773,1,Vila Velha,205.0,144.0,93518.0,652.0,649.43,456.19,205,190.0,2.0,173.0,205.0
230440005060774,1,Vila Velha,190.0,150.0,201946.0,691.0,1346.31,1062.87,190,184.0,0.0,106.0,190.0
230440005060775,1,Vila Velha,259.0,247.0,419379.0,961.0,1702.35,1623.17,258,245.0,3.0,117.0,258.0
230440005060776,1,Vila Velha,185.0,176.0,325506.0,658.0,1849.47,1759.49,185,177.0,8.0,113.0,185.0
230440005060777,1,Vila Velha,165.0,145.0,228850.0,615.0,1578.28,1386.97,165,151.0,14.0,100.0,165.0
230440005060778,1,Vila Velha,189.0,175.0,266509.0,641.0,1522.91,1410.1,189,181.0,8.0,106.0,189.0
230440005060779,1,Vila Velha,248.0,239.0,210446.0,838.0,879.94,847.88,247,247.0,0.0,218.0,247.0
230440005060780,1,Vila Velha,168.0,146.0,90004.0,658.0,616.47,535.74,168,166.0,2.0,126.0,168.0
230440005060781,1,Vila Velha,142.0,111.0,70698.0,515.0,636.92,497.87,142,140.0,0.0,109.0,142.0
230440005060782,1,Vila Velha,323.0,303.0,184038.0,1209.0,607.74,569.99,322,135.0,9.0,297.0,322.0
230440005060783,1,Vila Velha,258.0,240.0,271419.0,851.0,1130.91,1052.01,258,236.0,6.0,151.0,257.0
230440005060784,1,Vila Velha,141.0,119.0,65908.0,528.0,553.85,467.43,141,140.0,1.0,140.0,141.0
230440005060785,1,Vila Velha,260.0,182.0,93495.0,1000.0,513.71,359.6,260,212.0,47.0,259.0,260.0
230440005060786,1,Vila Velha,230.0,155.0,80949.0,819.0,522.25,351.95,230,192.0,0.0,201.0,230.0
230440005060787,1,Vila Velha,195.0,179.0,115266.0,698.0,643.94,591.11,195,51.0,120.0,191.0,130.0
230440005060788,1,Vila Velha,283.0,270.0,510354.0,1030.0,1890.2,1803.37,283,278.0,5.0,259.0,283.0
230440005060789,1,Vila Velha,195.0,160.0,306189.0,692.0,1913.68,1570.2,195,192.0,3.0,171.0,195.0
230440005060790,1,Vila Velha,302.0,267.0,371775.0,1101.0,1392.42,1231.04,302,296.0,4.0,231.0,302.0
230440005060791,1,Vila Velha,175.0,167.0,249045.0,594.0,1491.29,1423.11,175,166.0,8.0,124.0,175.0
230440005060792,1,Vila Velha,283.0,255.0,286430.0,919.0,1123.25,1012.12,283,275.0,8.0,148.0,283.0
230440005060793,1,Vila Velha,150.0,115.0,108319.0,510.0,941.9,722.13,150,142.0,8.0,139.0,150.0
230440005060794,1,Vila Velha,239.0,146.0,106285.0,832.0,727.98,444.71,239,205.0,34.0,193.0,239.0
230440005060795,1,Vila Velha,150.0,60.0,64095.0,486.0,1068.25,427.3,150,101.0,22.0,118.0,150.0
230440005060796,1,Vila Velha,227.0,187.0,205090.0,804.0,1096.74,903.48,227,152.0,4.0,201.0,227.0
230440005060797,1,Vila Velha,273.0,204.0,159285.0,916.0,782.68,586.29,271,236.0,33.0,247.0,271.0
230440005060798,1,Vila Velha,294.0,218.0,171183.0,979.0,785.24,582.26,294,291.0,0.0,187.0,294.0
230440005060799,1,Vila Velha,193.0,128.0,90447.0,667.0,706.62,468.64,193,166.0,24.0,160.0,193.0
230440005060800,1,Vila Velha,211.0,187.0,144201.0,713.0,771.13,683.42,211,193.0,0.0,117.0,211.0
230440005060801,1,Vila Velha,357.0,295.0,232126.0,1211.0,786.87,652.04,356,344.0,5.0,204.0,356.0
230440005060802,1,Vila Velha,259.0,249.0,205453.0,877.0,828.24,796.14,258,253.0,4.0,160.0,258.0
230440005060803,1,Vila Velha,256.0,243.0,192820.0,873.0,793.5,753.2,256,214.0,23.0,155.0,256.0
230440005060804,1,Vila Velha,233.0,202.0,111502.0,773.0,551.99,478.55,233,112.0,27.0,173.0,233.0
230440005060805,1,Vila Velha,171.0,141.0,84235.0,636.0,597.41,492.6,171,163.0,0.0,132.0,170.0
230440005060806,1,Vila Velha,319.0,257.0,150786.0,1150.0,586.72,472.68,319,46.0,0.0,304.0,319.0
230440005060877,1,Jardim Guanabara,201.0,179.0,188787.0,719.0,1054.68,939.24,201,171.0,29.0,135.0,201.0
230440005060878,1,Jardim Guanabara,174.0,163.0,133233.0,613.0,813.17,761.46,173,136.0,37.0,112.0,173.0
230440005060879,1,Jardim Guanabara,152.0,140.0,167927.0,538.0,1199.48,1104.78,152,124.0,28.0,74.0,152.0
230440005060880,1,Jardim Guanabara,222.0,155.0,137137.0,805.0,884.75,617.73,222,206.0,16.0,88.0,222.0
230440005060881,1,Jardim Guanabara,247.0,227.0,200203.0,912.0,881.95,810.54,247,209.0,38.0,138.0,247.0
230440005060882,1,Vila Velha,195.0,173.0,390242.0,726.0,2255.73,2001.24,195,189.0,4.0,129.0,195.0
230440005060883,1,Vila Velha,192.0,173.0,325862.0,675.0,1883.6,1697.2,192,190.0,0.0,162.0,192.0
230440005060884,1,Vila Velha,234.0,206.0,141110.0,856.0,685.0,603.03,234,226.0,6.0,169.0,234.0
230440005060885,1,Vila Velha,255.0,228.0,147243.0,1007.0,645.8,577.42,255,253.0,2.0,180.0,255.0
230440005060886,1,Vila Velha,332.0,266.0,171885.0,1214.0,646.18,517.73,332,142.0,6.0,316.0,332.0
230440005060887,1,Vila Velha,237.0,204.0,132179.0,936.0,648.91,558.17,236,236.0,0.0,188.0,236.0
230440005060888,1,Vila Velha,250.0,224.0,137780.0,1021.0,615.09,551.12,250,246.0,4.0,216.0,250.0
230440005060889,1,Vila Velha,470.0,405.0,251673.0,1701.0,622.36,536.1,469,94.0,103.0,449.0,469.0
230440005060890,1,Vila Velha,317.0,276.0,154169.0,1152.0,558.58,486.34,317,55.0,221.0,284.0,317.0
230440005060891,1,Vila Velha,179.0,151.0,71860.0,624.0,475.89,401.45,179,85.0,64.0,169.0,179.0
230440005060892,1,Vila Velha,198.0,141.0,83580.0,712.0,592.77,422.12,198,46.0,107.0,175.0,197.0
230440005060893,1,Vila Velha,212.0,193.0,103766.0,753.0,537.65,489.46,212,22.0,1.0,97.0,168.0
230440005060894,1,Vila Velha,209.0,171.0,81086.0,781.0,474.19,387.97,209,3.0,107.0,123.0,200.0
230440005060895,1,Vila Velha,212.0,157.0,98941.0,788.0,630.2,466.7,212,212.0,0.0,168.0,212.0
230440005060896,1,Vila Velha,294.0,227.0,126997.0,1022.0,559.46,431.96,294,289.0,3.0,267.0,294.0
230440005060897,1,Vila Velha,175.0,165.0,91589.0,683.0,555.08,523.37,175,175.0,0.0,141.0,175.0
230440005060898,1,Vila Velha,247.0,178.0,102636.0,887.0,576.61,415.53,247,13.0,68.0,43.0,243.0
230440005060899,1,Vila Velha,370.0,320.0,312313.0,1350.0,975.98,844.09,370,310.0,52.0,353.0,360.0
230440005060900,1,Vila Velha,279.0,262.0,399616.0,698.0,1525.25,1432.32,279,278.0,1.0,278.0,279.0
230440005060901,1,Vila Velha,257.0,225.0,148121.0,892.0,658.32,576.35,257,244.0,13.0,228.0,257.0
230440005060902,1,Vila Velha,228.0,217.0,307808.0,742.0,1418.47,1350.04,228,218.0,8.0,193.0,228.0
230440005060903,1,Vila Velha,326.0,287.0,264634.0,1109.0,922.07,811.76,326,313.0,13.0,224.0,326.0
230440005060904,1,Vila Velha,178.0,153.0,110078.0,617.0,719.46,618.42,178,135.0,28.0,137.0,169.0
230440005060905,1,Vila Velha,169.0,141.0,118705.0,573.0,841.88,702.4,169,162.0,5.0,99.0,169.0
230440005060906,1,Vila Velha,268.0,240.0,192971.0,986.0,808.7,723.58,266,263.0,3.0,117.0,266.0
230440005060907,1,Vila Velha,168.0,159.0,106672.0,564.0,670.89,634.95,168,168.0,0.0,137.0,168.0
230440005060908,1,Vila Velha,287.0,265.0,166665.0,1117.0,628.92,580.71,287,225.0,0.0,258.0,287.0
230440005060909,1,Vila Velha,338.0,292.0,169082.0,1297.0,579.05,500.24,338,338.0,0.0,333.0,338.0
230440005060910,1,Vila Velha,270.0,199.0,126964.0,991.0,638.01,470.24,270,240.0,17.0,222.0,270.0
230440005060911,1,Vila Velha,233.0,218.0,137210.0,851.0,629.4,588.88,233,135.0,0.0,146.0,233.0
230440005060994,1,Vila Velha,259.0,210.0,94405.0,902.0,449.55,364.5,259,52.0,132.0,241.0,259.0
230440005070030,1,Farias Brito,239.0,218.0,444666.0,795.0,2039.75,1876.23,237,232.0,0.0,224.0,237.0
230440005070031,1,Farias Brito,179.0,166.0,230904.0,630.0,1390.99,1289.97,179,168.0,11.0,161.0,179.0
230440005070032,1,Farias Brito,273.0,264.0,341207.0,846.0,1292.45,1249.84,273,258.0,3.0,218.0,273.0
230440005070033,1,Farias Brito,128.0,125.0,112841.0,445.0,902.73,881.57,128,125.0,2.0,124.0,128.0
230440005070034,1,Farias Brito,224.0,206.0,265695.0,779.0,1295.59,1191.01,223,216.0,5.0,214.0,223.0
230440005070035,1,Farias Brito,281.0,271.0,504357.0,1050.0,1861.1,1794.86,281,277.0,1.0,222.0,281.0
230440005070036,1,Farias Brito,187.0,177.0,376159.0,648.0,2125.19,2011.55,187,187.0,0.0,151.0,187.0
230440005070037,1,Farias Brito,210.0,187.0,205770.0,660.0,1100.37,979.86,210,191.0,18.0,197.0,208.0
230440005070038,1,Farias Brito,169.0,153.0,333993.0,575.0,2182.96,1976.29,169,138.0,20.0,161.0,169.0
230440005070039,1,Farias Brito,197.0,187.0,325240.0,586.0,1739.25,1650.96,197,146.0,3.0,188.0,194.0
230440005070040,1,Farias Brito,313.0,282.0,290179.0,919.0,1029.0,927.09,313,118.0,169.0,277.0,309.0
230440005070041,1,Farias Brito,149.0,142.0,84550.0,567.0,595.42,567.45,149,110.0,2.0,127.0,149.0
230440005070042,1,Farias Brito,220.0,214.0,433529.0,701.0,2025.84,1970.59,220,207.0,11.0,182.0,217.0
230440005070043,1,Farias Brito,204.0,189.0,368039.0,617.0,1947.3,1804.11,204,200.0,4.0,198.0,204.0
230440005070044,1,Farias Brito,193.0,186.0,545996.0,644.0,2935.46,2828.99,193,189.0,4.0,184.0,193.0
230440005070045,1,Farias Brito,40.0,36.0,19187.0,159.0,532.97,479.68,40,40.0,0.0,39.0,40.0
230440005070046,1,Farias Brito,236.0,222.0,300563.0,802.0,1353.89,1273.57,236,230.0,6.0,232.0,236.0
230440005070047,1,Jacarecanga,329.0,316.0,435413.0,1066.0,1377.89,1323.44,329,303.0,25.0,314.0,329.0
230440005070048,1,Jacarecanga,187.0,167.0,432720.0,645.0,2616.36,2333.51,185,174.0,0.0,177.0,185.0
230440005070049,1,Jacarecanga,339.0,322.0,597558.0,1041.0,1855.77,1762.71,339,328.0,0.0,305.0,339.0
230440005070050,1,Jacarecanga,336.0,314.0,460376.0,981.0,1470.72,1373.85,334,332.0,0.0,48.0,334.0
230440005070051,1,Jacarecanga,200.0,178.0,149591.0,621.0,840.4,747.96,200,189.0,3.0,193.0,200.0
230440005070052,1,Jacarecanga,235.0,189.0,122057.0,807.0,645.8,519.39,235,184.0,49.0,211.0,235.0
230440005070053,1,Jacarecanga,349.0,330.0,402280.0,1161.0,1219.03,1152.66,349,334.0,14.0,311.0,348.0
230440005070054,1,Jacarecanga,200.0,165.0,433064.0,624.0,2624.63,2165.32,200,173.0,25.0,124.0,200.0
230440005070055,1,Jacarecanga,118.0,104.0,66540.0,421.0,639.81,563.9,118,118.0,0.0,108.0,118.0
230440005070056,1,Jacarecanga,179.0,165.0,86326.0,734.0,523.19,482.27,179,177.0,2.0,172.0,179.0
230440005070057,1,Jacarecanga,255.0,198.0,222423.0,857.0,1123.35,872.25,255,221.0,32.0,216.0,255.0
230440005070058,1,Jacarecanga,346.0,322.0,354892.0,1277.0,1102.15,1025.7,346,325.0,1.0,319.0,346.0
230440005070059,1,Jacarecanga,213.0,192.0,164607.0,768.0,859.2,774.09,212,201.0,3.0,185.0,212.0
230440005070060,1,Jacarecanga,160.0,152.0,78245.0,544.0,514.77,489.03,160,27.0,122.0,129.0,108.0
230440005070061,1,Jacarecanga,294.0,278.0,212707.0,1023.0,765.13,723.49,294,125.0,0.0,222.0,294.0
230440005070273,1,Alagadiço,160.0,122.0,111419.0,523.0,908.42,691.31,159,153.0,5.0,157.0,159.0
230440005070274,1,Alagadiço,77.0,72.0,227420.0,282.0,3158.61,2953.51,77,72.0,1.0,75.0,77.0
230440005070275,1,Alagadiço,301.0,285.0,627995.0,996.0,2219.45,2100.29,298,284.0,1.0,214.0,298.0
230440005070276,1,Alagadiço,215.0,161.0,288182.0,742.0,1789.95,1340.38,215,207.0,5.0,206.0,215.0
230440005070277,1,Alagadiço,236.0,218.0,453197.0,816.0,2078.89,1920.33,236,226.0,7.0,220.0,236.0
230440005070278,1,Alagadiço,163.0,150.0,322046.0,545.0,2146.97,1987.94,162,153.0,0.0,157.0,162.0
230440005070279,1,Alagadiço,291.0,280.0,1038713.0,943.0,3709.69,3569.46,291,291.0,0.0,221.0,291.0
230440005070280,1,Alagadiço,146.0,135.0,471521.0,515.0,3530.16,3283.29,143,117.0,12.0,134.0,141.0
230440005070281,1,Alagadiço,227.0,208.0,552563.0,762.0,2656.55,2434.2,227,186.0,31.0,218.0,227.0
230440005070282,1,Alagadiço,198.0,187.0,542117.0,704.0,2899.02,2737.96,198,196.0,2.0,161.0,198.0
230440005070283,1,Alagadiço,319.0,293.0,745324.0,1054.0,2543.77,2336.44,319,315.0,2.0,309.0,318.0
230440005070284,1,Alagadiço,287.0,258.0,498633.0,963.0,1932.69,1737.4,287,285.0,2.0,272.0,287.0
230440005070285,1,Alagadiço,173.0,170.0,515042.0,621.0,3029.66,2977.12,173,164.0,8.0,162.0,173.0
230440005070286,1,Monte Castelo,147.0,140.0,114716.0,572.0,819.4,780.38,147,137.0,4.0,143.0,147.0
230440005070287,1,Monte Castelo,378.0,364.0,361964.0,1209.0,994.41,957.58,378,295.0,1.0,366.0,378.0
230440005070288,1,Monte Castelo,293.0,267.0,351514.0,981.0,1316.53,1199.71,293,264.0,25.0,232.0,293.0
230440005070289,1,Monte Castelo,322.0,295.0,354159.0,1247.0,1194.42,1093.95,321,306.0,13.0,306.0,321.0
230440005070290,1,Monte Castelo,200.0,179.0,173840.0,773.0,971.17,869.2,200,192.0,7.0,196.0,200.0
230440005070291,1,Monte Castelo,300.0,283.0,236900.0,1070.0,837.1,789.67,300,282.0,0.0,254.0,300.0
230440005070292,1,Monte Castelo,230.0,221.0,305634.0,767.0,1382.96,1328.84,230,213.0,6.0,226.0,230.0
230440005070293,1,Monte Castelo,185.0,174.0,208677.0,580.0,1203.28,1131.34,184,152.0,16.0,166.0,184.0
230440005070294,1,Monte Castelo,312.0,263.0,390061.0,976.0,1483.12,1250.2,312,238.0,10.0,308.0,310.0
230440005070295,1,Monte Castelo,171.0,162.0,296555.0,498.0,1838.79,1741.44,170,167.0,1.0,170.0,170.0
230440005070296,1,Monte Castelo,255.0,192.0,286589.0,896.0,1492.65,1123.88,255,233.0,7.0,238.0,255.0
230440005070297,1,Monte Castelo,278.0,254.0,291404.0,1022.0,1147.26,1048.22,278,272.0,3.0,264.0,278.0
230440005070298,1,Monte Castelo,203.0,198.0,528546.0,725.0,2669.42,2603.67,203,191.0,11.0,198.0,203.0
230440005070299,1,Carlito Pamplona,239.0,212.0,162347.0,859.0,765.79,679.28,239,104.0,115.0,230.0,239.0
230440005070300,1,Carlito Pamplona,319.0,300.0,595146.0,1062.0,1999.45,1879.23,316,297.0,2.0,303.0,316.0
230440005070301,1,Carlito Pamplona,172.0,130.0,100342.0,562.0,771.86,583.38,172,125.0,44.0,169.0,172.0
230440005070302,1,Carlito Pamplona,211.0,205.0,360992.0,625.0,1760.94,1710.86,211,185.0,24.0,77.0,211.0
230440005070303,1,Carlito Pamplona,280.0,249.0,229445.0,897.0,921.47,819.45,280,275.0,0.0,255.0,280.0
230440005070304,1,Carlito Pamplona,284.0,225.0,146322.0,950.0,650.32,515.22,284,273.0,0.0,274.0,284.0
230440005070305,1,Carlito Pamplona,239.0,208.0,123089.0,886.0,591.77,515.02,239,227.0,9.0,217.0,239.0
230440005070306,1,Carlito Pamplona,127.0,120.0,201845.0,405.0,1682.04,1589.33,127,120.0,1.0,125.0,127.0
230440005070307,1,Carlito Pamplona,316.0,281.0,268411.0,1146.0,955.04,848.92,315,267.0,13.0,307.0,315.0
230440005070308,1,Carlito Pamplona,195.0,171.0,118999.0,699.0,695.9,613.4,194,187.0,7.0,192.0,194.0
230440005070309,1,Carlito Pamplona,237.0,224.0,259820.0,1061.0,1159.91,1096.29,237,237.0,0.0,234.0,237.0
230440005070310,1,Carlito Pamplona,218.0,200.0,157756.0,829.0,788.78,723.65,218,211.0,0.0,182.0,218.0
230440005070311,1,Carlito Pamplona,207.0,187.0,192086.0,629.0,1027.2,927.95,207,201.0,3.0,185.0,207.0
230440005070312,1,Carlito Pamplona,57.0,56.0,52810.0,177.0,943.04,926.49,57,51.0,6.0,48.0,57.0
230440005070313,1,Carlito Pamplona,212.0,169.0,123361.0,726.0,729.95,581.89,212,199.0,12.0,201.0,212.0
230440005070314,1,Carlito Pamplona,74.0,70.0,60685.0,283.0,866.93,820.07,74,71.0,2.0,68.0,74.0
230440005070315,1,Carlito Pamplona,241.0,206.0,181924.0,887.0,883.13,754.87,241,239.0,1.0,194.0,241.0
230440005070316,1,Carlito Pamplona,103.0,94.0,75630.0,393.0,804.57,734.27,103,103.0,0.0,92.0,103.0
230440005070317,1,Carlito Pamplona,235.0,212.0,172485.0,785.0,815.05,734.94,234,232.0,1.0,228.0,234.0
230440005070318,1,Carlito Pamplona,305.0,281.0,211405.0,1106.0,752.33,693.13,305,275.0,26.0,292.0,305.0
230440005070319,1,Carlito Pamplona,185.0,151.0,102354.0,715.0,677.84,553.26,185,179.0,0.0,178.0,183.0
230440005070320,1,Carlito Pamplona,270.0,243.0,170938.0,919.0,703.45,633.1,270,253.0,2.0,224.0,270.0
230440005070321,1,Carlito Pamplona,205.0,185.0,148744.0,793.0,804.02,725.58,205,204.0,0.0,185.0,205.0
230440005070322,1,Carlito Pamplona,204.0,192.0,131478.0,652.0,684.78,644.5,204,171.0,27.0,159.0,204.0
230440005070323,1,Carlito Pamplona,252.0,230.0,152056.0,903.0,661.11,603.4,252,242.0,7.0,216.0,252.0
230440005070324,1,Pirambú,110.0,103.0,79140.0,389.0,768.35,719.45,110,103.0,2.0,97.0,110.0
230440005070325,1,Pirambú,259.0,214.0,154042.0,936.0,719.82,594.76,259,239.0,1.0,225.0,259.0
230440005070326,1,Pirambú,241.0,210.0,128763.0,982.0,613.16,534.29,241,156.0,76.0,233.0,241.0
230440005070327,1,Pirambú,174.0,134.0,97548.0,655.0,727.97,560.62,174,123.0,2.0,159.0,174.0
230440005070328,1,Pirambú,162.0,143.0,87504.0,658.0,612.63,540.34,161,84.0,65.0,155.0,161.0
230440005070329,1,Pirambú,105.0,103.0,96215.0,374.0,934.13,916.33,105,98.0,1.0,97.0,105.0
230440005070330,1,Pirambú,276.0,247.0,190831.0,1015.0,771.67,690.29,275,249.0,4.0,207.0,202.0
230440005070331,1,Pirambú,264.0,249.0,181334.0,887.0,728.25,686.87,264,232.0,2.0,206.0,263.0
230440005070332,1,Pirambú,204.0,199.0,138534.0,609.0,696.15,679.09,204,192.0,11.0,192.0,204.0
230440005070333,1,Pirambú,183.0,168.0,117901.0,647.0,704.5,646.43,182,170.0,12.0,173.0,182.0
230440005070334,1,Pirambú,318.0,286.0,186587.0,1011.0,652.4,586.75,318,313.0,3.0,315.0,318.0
230440005070335,1,Pirambú,237.0,198.0,165899.0,870.0,837.87,700.0,237,215.0,21.0,222.0,237.0
230440005070336,1,Pirambú,156.0,135.0,88473.0,587.0,655.36,567.13,156,153.0,2.0,152.0,156.0
230440005070337,1,Pirambú,286.0,261.0,146741.0,1019.0,563.62,515.99,284,223.0,0.0,248.0,271.0
230440005070338,1,Pirambú,207.0,153.0,71642.0,742.0,484.78,364.94,178,9.0,151.0,159.0,178.0
230440005070339,1,Pirambú,97.0,69.0,32173.0,380.0,466.28,331.68,97,14.0,7.0,87.0,94.0
230440005070340,1,Pirambú,224.0,128.0,108031.0,932.0,843.99,482.28,224,174.0,44.0,203.0,223.0
230440005070341,1,Pirambú,169.0,155.0,116389.0,613.0,750.9,688.69,169,147.0,21.0,151.0,169.0
230440005070342,1,Pirambú,164.0,142.0,102470.0,567.0,723.12,629.38,162,147.0,15.0,135.0,162.0
230440005070343,1,Pirambú,225.0,186.0,114447.0,816.0,615.31,508.65,225,199.0,24.0,204.0,225.0
230440005070344,1,Pirambú,344.0,301.0,165636.0,1264.0,557.99,489.08,332,150.0,0.0,155.0,299.0
230440005070345,1,Pirambú,245.0,199.0,111979.0,726.0,602.19,504.87,198,35.0,0.0,41.0,186.0
230440005070519,1,Presidente Kennedy,207.0,191.0,270954.0,709.0,1418.61,1308.96,207,207.0,0.0,195.0,207.0
230440005070520,1,Presidente Kennedy,226.0,200.0,141741.0,765.0,708.71,627.17,226,223.0,0.0,213.0,226.0
230440005070521,1,Presidente Kennedy,325.0,307.0,179371.0,1071.0,584.27,551.91,325,315.0,8.0,310.0,325.0
230440005070522,1,Presidente Kennedy,327.0,307.0,206682.0,1129.0,673.23,632.06,327,288.0,3.0,271.0,324.0
230440005070523,1,Presidente Kennedy,341.0,281.0,183881.0,1128.0,654.38,539.24,341,309.0,6.0,278.0,341.0
230440005070524,1,Presidente Kennedy,142.0,126.0,101533.0,511.0,805.82,715.02,142,133.0,1.0,126.0,142.0
230440005070525,1,Presidente Kennedy,74.0,65.0,62535.0,276.0,962.08,845.07,74,74.0,0.0,74.0,74.0
230440005070526,1,Presidente Kennedy,86.0,78.0,76252.0,273.0,977.59,886.65,86,75.0,11.0,81.0,86.0
230440005070527,1,Presidente Kennedy,206.0,177.0,228986.0,736.0,1293.71,1111.58,206,206.0,0.0,206.0,206.0
230440005070528,1,Presidente Kennedy,199.0,183.0,188328.0,695.0,1031.59,947.81,197,174.0,0.0,183.0,197.0
230440005070529,1,Presidente Kennedy,200.0,180.0,249819.0,783.0,1387.88,1249.1,200,186.0,7.0,194.0,200.0
230440005070530,1,Presidente Kennedy,203.0,182.0,118148.0,704.0,649.16,582.01,203,191.0,0.0,190.0,203.0
230440005070531,1,Presidente Kennedy,226.0,204.0,152734.0,718.0,748.7,675.81,226,212.0,12.0,224.0,226.0
230440005070532,1,Presidente Kennedy,223.0,195.0,109904.0,780.0,563.61,492.84,223,190.0,32.0,198.0,223.0
230440005070533,1,Presidente Kennedy,191.0,173.0,102258.0,772.0,591.09,535.38,191,165.0,25.0,182.0,190.0
230440005070534,1,Presidente Kennedy,213.0,162.0,151108.0,700.0,932.77,709.43,213,146.0,57.0,187.0,212.0
230440005070535,1,Presidente Kennedy,234.0,217.0,259376.0,807.0,1196.65,1109.34,233,210.0,17.0,204.0,226.0
230440005070536,1,Presidente Kennedy,227.0,210.0,364127.0,738.0,1733.94,1604.08,227,227.0,0.0,225.0,226.0
230440005070537,1,Presidente Kennedy,196.0,179.0,430110.0,600.0,2402.85,2194.44,196,196.0,0.0,196.0,196.0
230440005070538,1,Presidente Kennedy,206.0,199.0,835470.0,671.0,4198.34,4055.68,206,164.0,42.0,165.0,206.0
230440005070539,1,Presidente Kennedy,141.0,113.0,237710.0,520.0,2103.63,1685.89,141,141.0,0.0,141.0,141.0
230440005070540,1,Presidente Kennedy,235.0,229.0,284832.0,919.0,1247.03,1215.05,234,223.0,5.0,194.0,234.0
230440005070541,1,Presidente Kennedy,76.0,70.0,100915.0,270.0,1441.64,1327.83,76,74.0,2.0,62.0,76.0
230440005070542,1,Presidente Kennedy,153.0,134.0,130533.0,560.0,974.13,853.16,153,144.0,0.0,122.0,153.0
230440005070543,1,Presidente Kennedy,81.0,77.0,111013.0,355.0,1441.73,1370.53,81,77.0,3.0,81.0,81.0
230440005070544,1,Vila Ellery,115.0,107.0,128408.0,399.0,1200.07,1116.59,115,113.0,0.0,106.0,115.0
230440005070545,1,Vila Ellery,343.0,321.0,541038.0,1198.0,1685.48,1577.37,343,327.0,0.0,315.0,343.0
230440005070546,1,Vila Ellery,249.0,209.0,180796.0,845.0,865.05,726.09,249,248.0,1.0,223.0,249.0
230440005070547,1,Vila Ellery,317.0,290.0,368359.0,1124.0,1270.2,1162.02,317,309.0,7.0,279.0,317.0
230440005070548,1,Vila Ellery,328.0,305.0,455124.0,1090.0,1492.21,1387.57,328,319.0,0.0,295.0,328.0
230440005070549,1,Vila Ellery,143.0,131.0,183099.0,503.0,1411.23,1291.13,141,141.0,0.0,132.0,141.0
230440005070550,1,Vila Ellery,240.0,230.0,288548.0,812.0,1251.3,1198.95,239,232.0,3.0,205.0,239.0
230440005070551,1,Álvaro Weyne,274.0,131.0,78489.0,1072.0,599.15,286.46,274,260.0,10.0,244.0,274.0
230440005070552,1,Álvaro Weyne,167.0,138.0,87864.0,623.0,636.7,526.13,167,167.0,0.0,164.0,167.0
230440005070553,1,Álvaro Weyne,207.0,182.0,119202.0,771.0,654.96,575.86,207,207.0,0.0,193.0,207.0
230440005070554,1,Álvaro Weyne,161.0,140.0,82128.0,558.0,586.63,510.11,161,159.0,2.0,153.0,161.0
230440005070555,1,Álvaro Weyne,163.0,152.0,89387.0,612.0,588.07,548.39,163,159.0,4.0,149.0,163.0
230440005070556,1,Álvaro Weyne,180.0,171.0,221299.0,683.0,1294.15,1229.44,180,179.0,0.0,158.0,180.0
230440005070557,1,Álvaro Weyne,224.0,172.0,198257.0,789.0,1152.66,885.08,224,198.0,26.0,197.0,224.0
230440005070558,1,Álvaro Weyne,251.0,222.0,270230.0,873.0,1217.25,1076.61,251,223.0,9.0,231.0,251.0
230440005070559,1,Álvaro Weyne,262.0,224.0,161201.0,842.0,719.65,615.27,262,237.0,22.0,228.0,262.0
230440005070560,1,Álvaro Weyne,287.0,202.0,106989.0,1037.0,529.65,372.78,287,271.0,3.0,268.0,287.0
230440005070561,1,Álvaro Weyne,237.0,218.0,254632.0,852.0,1168.04,1074.4,237,179.0,56.0,199.0,237.0
230440005070562,1,Álvaro Weyne,307.0,291.0,273597.0,1031.0,940.2,891.2,307,295.0,0.0,230.0,307.0
230440005070563,1,Álvaro Weyne,192.0,182.0,303321.0,686.0,1666.6,1579.8,192,151.0,41.0,137.0,192.0
230440005070564,1,Álvaro Weyne,229.0,210.0,262538.0,773.0,1250.18,1146.45,229,219.0,8.0,164.0,229.0
230440005070565,1,Álvaro Weyne,107.0,106.0,236537.0,348.0,2231.48,2210.63,107,104.0,2.0,106.0,107.0
230440005070566,1,Álvaro Weyne,262.0,159.0,147734.0,937.0,929.14,563.87,262,251.0,11.0,244.0,262.0
230440005070567,1,Álvaro Weyne,203.0,185.0,176619.0,640.0,954.7,870.04,203,187.0,15.0,163.0,201.0
230440005070568,1,Álvaro Weyne,265.0,233.0,251487.0,899.0,1079.34,949.01,265,265.0,0.0,248.0,265.0
230440005070569,1,Álvaro Weyne,210.0,110.0,131223.0,812.0,1192.94,624.87,210,209.0,0.0,186.0,209.0
230440005070570,1,Álvaro Weyne,269.0,231.0,217074.0,1046.0,943.37,809.6,268,264.0,0.0,254.0,268.0
230440005070571,1,Álvaro Weyne,69.0,65.0,98658.0,245.0,1517.82,1429.83,69,46.0,23.0,52.0,69.0
230440005070572,1,Álvaro Weyne,306.0,287.0,375466.0,1043.0,1308.24,1227.01,306,229.0,19.0,270.0,301.0
230440005070573,1,Álvaro Weyne,273.0,245.0,261681.0,903.0,1068.09,958.54,273,268.0,0.0,262.0,273.0
230440005070574,1,Álvaro Weyne,217.0,168.0,160594.0,758.0,955.92,740.06,217,209.0,7.0,203.0,217.0
230440005070575,1,Álvaro Weyne,287.0,262.0,253846.0,901.0,1006.37,922.83,265,232.0,5.0,194.0,265.0
230440005070576,1,Álvaro Weyne,306.0,290.0,366923.0,1021.0,1265.25,1199.09,306,295.0,0.0,279.0,306.0
230440005070577,1,Cristo Redentor,233.0,211.0,200574.0,875.0,950.59,860.83,233,227.0,5.0,182.0,233.0
230440005070578,1,Cristo Redentor,205.0,169.0,126128.0,737.0,746.32,615.26,205,194.0,5.0,199.0,205.0
230440005070579,1,Cristo Redentor,347.0,290.0,170383.0,1194.0,594.95,499.9,338,323.0,9.0,292.0,338.0
230440005070580,1,Cristo Redentor,130.0,127.0,65871.0,549.0,518.67,506.7,130,128.0,0.0,127.0,130.0
230440005070581,1,Cristo Redentor,127.0,110.0,85760.0,421.0,779.64,675.28,127,126.0,1.0,112.0,127.0
230440005070582,1,Cristo Redentor,312.0,298.0,247606.0,1099.0,832.42,794.83,310,273.0,13.0,281.0,310.0
230440005070583,1,Cristo Redentor,229.0,183.0,130383.0,856.0,712.48,569.36,229,221.0,0.0,203.0,229.0
230440005070584,1,Cristo Redentor,181.0,165.0,106458.0,691.0,645.2,588.17,181,152.0,2.0,172.0,181.0
230440005070585,1,Cristo Redentor,184.0,165.0,124100.0,645.0,752.12,674.46,184,183.0,0.0,170.0,184.0
230440005070586,1,Cristo Redentor,303.0,230.0,120191.0,1174.0,522.57,396.67,303,244.0,26.0,270.0,303.0
230440005070587,1,Cristo Redentor,234.0,184.0,107894.0,963.0,586.38,461.09,234,205.0,26.0,217.0,234.0
230440005070588,1,Cristo Redentor,29.0,22.0,9727.0,133.0,461.76,346.32,28,25.0,2.0,26.0,28.0
230440005070589,1,Cristo Redentor,247.0,139.0,73293.0,968.0,527.29,296.73,247,4.0,156.0,166.0,204.0
230440005070590,1,Cristo Redentor,209.0,192.0,107668.0,795.0,560.77,515.16,209,209.0,0.0,188.0,209.0
230440005070591,1,Cristo Redentor,223.0,206.0,116351.0,944.0,564.81,521.75,223,186.0,36.0,210.0,223.0
230440005070592,1,Cristo Redentor,348.0,296.0,175983.0,1247.0,594.54,505.7,348,299.0,34.0,283.0,348.0
230440005070593,1,Cristo Redentor,244.0,217.0,172089.0,830.0,793.04,705.28,244,223.0,6.0,202.0,244.0
230440005070594,1,Cristo Redentor,211.0,188.0,149559.0,725.0,795.53,708.81,211,204.0,5.0,206.0,211.0
230440005070595,1,Cristo Redentor,255.0,233.0,273590.0,908.0,1174.21,1072.9,255,250.0,2.0,242.0,255.0
230440005070596,1,Cristo Redentor,89.0,80.0,93102.0,290.0,1163.78,1046.09,89,87.0,0.0,82.0,89.0
230440005070597,1,Cristo Redentor,224.0,204.0,142829.0,780.0,701.08,638.2,223,174.0,0.0,205.0,223.0
230440005070598,1,Cristo Redentor,208.0,153.0,103731.0,661.0,677.98,498.71,208,207.0,1.0,193.0,208.0
230440005070599,1,Cristo Redentor,178.0,166.0,142940.0,550.0,861.08,803.03,178,158.0,4.0,170.0,177.0
230440005070600,1,Cristo Redentor,195.0,150.0,98746.0,709.0,658.31,506.39,195,187.0,0.0,193.0,195.0
230440005070601,1,Cristo Redentor,168.0,136.0,59780.0,683.0,439.56,355.83,168,88.0,0.0,154.0,168.0
230440005070602,1,Cristo Redentor,220.0,199.0,137680.0,805.0,691.86,625.82,220,196.0,18.0,196.0,220.0
230440005070603,1,Cristo Redentor,301.0,278.0,214172.0,1105.0,765.96,707.24,300,254.0,24.0,238.0,300.0
230440005070604,1,Cristo Redentor,162.0,114.0,87442.0,649.0,767.04,539.77,162,148.0,11.0,155.0,162.0
230440005070605,1,Cristo Redentor,209.0,177.0,129126.0,771.0,729.53,617.83,209,167.0,42.0,181.0,209.0
230440005070606,1,Cristo Redentor,197.0,130.0,112072.0,696.0,862.09,568.89,197,162.0,35.0,153.0,196.0
230440005070702,1,Floresta,264.0,231.0,154615.0,962.0,669.33,585.66,264,189.0,2.0,210.0,263.0
230440005070703,1,Floresta,270.0,247.0,200615.0,949.0,812.21,743.02,270,182.0,87.0,182.0,269.0
230440005070704,1,Floresta,184.0,160.0,138640.0,618.0,866.5,753.48,184,100.0,80.0,143.0,184.0
230440005070705,1,Floresta,353.0,335.0,264572.0,1080.0,790.6,750.18,352,328.0,0.0,236.0,352.0
230440005070706,1,Floresta,330.0,316.0,331747.0,1054.0,1049.83,1005.29,330,236.0,91.0,252.0,330.0
230440005070707,1,Floresta,154.0,138.0,134457.0,550.0,974.33,873.1,154,124.0,8.0,140.0,154.0
230440005070708,1,Floresta,147.0,128.0,94331.0,568.0,736.96,641.71,147,128.0,0.0,109.0,147.0
230440005070709,1,Floresta,118.0,94.0,53376.0,430.0,567.83,452.34,118,86.0,1.0,95.0,117.0
230440005070710,1,Floresta,376.0,356.0,206272.0,1427.0,579.42,548.6,376,333.0,0.0,353.0,376.0
230440005070711,1,Floresta,267.0,145.0,86390.0,938.0,595.79,323.56,267,257.0,1.0,181.0,267.0
230440005070712,1,Floresta,183.0,152.0,91832.0,665.0,604.16,501.81,183,178.0,3.0,114.0,178.0
230440005070713,1,Floresta,244.0,228.0,125714.0,973.0,551.38,515.22,244,237.0,0.0,151.0,244.0
230440005070714,1,Floresta,231.0,193.0,107369.0,819.0,556.32,464.8,231,223.0,0.0,193.0,231.0
230440005070715,1,Floresta,262.0,211.0,149301.0,901.0,707.59,569.85,262,237.0,17.0,203.0,262.0
230440005070716,1,Floresta,109.0,93.0,57118.0,403.0,614.17,524.02,109,91.0,0.0,97.0,109.0
230440005070717,1,Floresta,182.0,165.0,136939.0,647.0,829.93,752.41,182,164.0,2.0,145.0,182.0
230440005070718,1,Floresta,99.0,94.0,66812.0,303.0,710.77,674.87,99,87.0,0.0,93.0,99.0
230440005070719,1,Floresta,241.0,213.0,145374.0,830.0,682.51,603.21,241,213.0,1.0,224.0,241.0
230440005070720,1,Floresta,140.0,120.0,79066.0,490.0,658.88,564.76,140,114.0,24.0,132.0,140.0
230440005070721,1,Floresta,180.0,166.0,102329.0,583.0,615.97,567.52,178,172.0,1.0,164.0,178.0
230440005070722,1,Floresta,283.0,261.0,271524.0,941.0,1040.32,959.45,283,271.0,12.0,259.0,283.0
230440005070723,1,Floresta,208.0,182.0,94417.0,778.0,518.77,453.93,208,101.0,3.0,137.0,208.0
230440005070724,1,Floresta,191.0,181.0,120845.0,660.0,667.65,632.7,191,149.0,0.0,154.0,191.0
230440005070725,1,Floresta,266.0,208.0,140416.0,878.0,675.08,527.88,266,232.0,29.0,235.0,266.0
230440005070726,1,Floresta,317.0,272.0,174166.0,1120.0,640.32,549.42,317,304.0,12.0,287.0,317.0
230440005070727,1,Floresta,224.0,177.0,94577.0,791.0,534.33,422.22,224,187.0,32.0,192.0,224.0
230440005070728,1,Jardim Iracema,82.0,80.0,60554.0,282.0,756.93,738.46,82,66.0,0.0,71.0,81.0
230440005070729,1,Jardim Iracema,176.0,150.0,121385.0,657.0,809.23,689.69,176,151.0,1.0,152.0,176.0
230440005070730,1,Jardim Iracema,326.0,308.0,289707.0,1193.0,940.61,888.67,326,299.0,3.0,240.0,326.0
230440005070731,1,Jardim Iracema,367.0,326.0,290169.0,1319.0,890.09,790.65,367,300.0,0.0,299.0,367.0
230440005070732,1,Jardim Iracema,94.0,88.0,60509.0,326.0,674.82,631.28,93,66.0,3.0,79.0,92.0
230440005070733,1,Jardim Iracema,78.0,71.0,48623.0,339.0,684.83,623.37,78,61.0,17.0,65.0,78.0
230440005070734,1,Jardim Iracema,298.0,263.0,199409.0,1023.0,758.21,669.16,298,259.0,36.0,249.0,297.0
230440005070735,1,Jardim Iracema,360.0,314.0,288966.0,1259.0,920.27,802.68,360,337.0,0.0,328.0,360.0
230440005070736,1,Jardim Iracema,181.0,150.0,101557.0,632.0,677.05,561.09,181,177.0,4.0,156.0,181.0
230440005070737,1,Jardim Iracema,225.0,202.0,194925.0,831.0,964.98,866.33,225,190.0,31.0,149.0,225.0
230440005070738,1,Jardim Iracema,120.0,107.0,119156.0,472.0,1113.61,992.97,120,93.0,4.0,72.0,120.0
230440005070739,1,Jardim Iracema,213.0,184.0,157333.0,767.0,855.07,738.65,213,186.0,19.0,88.0,213.0
230440005070740,1,Jardim Iracema,320.0,292.0,210767.0,1092.0,721.8,658.65,320,248.0,57.0,220.0,320.0
230440005070741,1,Jardim Iracema,137.0,132.0,100046.0,475.0,757.92,730.26,137,113.0,5.0,107.0,137.0
230440005070742,1,Jardim Iracema,234.0,213.0,165971.0,803.0,779.21,709.28,234,224.0,3.0,194.0,234.0
230440005070743,1,Jardim Iracema,220.0,202.0,179084.0,752.0,885.99,813.17,219,205.0,13.0,203.0,219.0
230440005070744,1,Jardim Iracema,250.0,220.0,195787.0,900.0,889.94,783.15,250,226.0,20.0,206.0,250.0
230440005070745,1,Jardim Iracema,236.0,211.0,187337.0,908.0,887.85,793.8,236,139.0,95.0,199.0,236.0
230440005070746,1,Jardim Iracema,119.0,108.0,66656.0,428.0,617.19,560.13,119,64.0,37.0,104.0,119.0
230440005070747,1,Jardim Iracema,242.0,220.0,162386.0,828.0,738.12,671.02,242,198.0,9.0,218.0,242.0
230440005070748,1,Jardim Iracema,257.0,236.0,181173.0,862.0,767.68,704.95,257,167.0,57.0,219.0,257.0
230440005070749,1,Jardim Iracema,168.0,155.0,160113.0,582.0,1032.99,953.05,168,124.0,1.0,150.0,168.0
230440005070750,1,Jardim Iracema,334.0,313.0,263678.0,1091.0,837.75,784.92,333,288.0,45.0,289.0,333.0
230440005070751,1,Jardim Iracema,271.0,245.0,189951.0,861.0,775.31,700.93,271,195.0,3.0,191.0,271.0
230440005070752,1,Jardim Iracema,222.0,203.0,179062.0,784.0,882.08,806.59,222,183.0,39.0,161.0,222.0
230440005070807,1,Barra do Ceará,161.0,154.0,195759.0,571.0,1271.16,1215.89,161,145.0,4.0,121.0,161.0
230440005070808,1,Barra do Ceará,162.0,136.0,126082.0,538.0,927.07,778.28,162,153.0,2.0,133.0,162.0
230440005070809,1,Barra do Ceará,224.0,209.0,142512.0,752.0,683.71,637.72,223,211.0,6.0,153.0,141.0
230440005070810,1,Barra do Ceará,177.0,143.0,110275.0,563.0,771.38,625.09,174,167.0,3.0,147.0,174.0
230440005070811,1,Barra do Ceará,146.0,86.0,70248.0,527.0,816.84,481.15,146,132.0,11.0,121.0,146.0
230440005070812,1,Barra do Ceará,360.0,269.0,180482.0,1312.0,670.94,501.34,360,349.0,9.0,313.0,360.0
230440005070813,1,Barra do Ceará,140.0,123.0,72470.0,470.0,589.19,517.64,140,127.0,1.0,126.0,140.0
230440005070814,1,Barra do Ceará,229.0,201.0,140893.0,844.0,700.96,615.25,229,189.0,40.0,226.0,229.0
230440005070815,1,Barra do Ceará,211.0,194.0,120696.0,725.0,622.73,572.31,210,158.0,2.0,178.0,209.0
230440005070816,1,Barra do Ceará,276.0,260.0,215218.0,813.0,827.76,779.78,276,270.0,6.0,193.0,276.0
230440005070817,1,Barra do Ceará,326.0,307.0,254467.0,1022.0,825.06,776.82,325,279.0,43.0,221.0,325.0
230440005070818,1,Barra do Ceará,54.0,50.0,26495.0,198.0,529.9,490.65,54,52.0,1.0,50.0,54.0
230440005070819,1,Barra do Ceará,298.0,266.0,274176.0,1056.0,1030.74,920.05,298,281.0,16.0,268.0,269.0
230440005070820,1,Barra do Ceará,196.0,175.0,113020.0,648.0,645.83,576.63,196,195.0,1.0,190.0,196.0
230440005070821,1,Barra do Ceará,253.0,209.0,161193.0,836.0,771.26,637.13,253,171.0,82.0,31.0,253.0
230440005070822,1,Barra do Ceará,195.0,156.0,96750.0,625.0,620.19,496.15,195,195.0,0.0,143.0,195.0
230440005070823,1,Barra do Ceará,135.0,120.0,72506.0,448.0,604.22,537.08,135,129.0,6.0,106.0,135.0
230440005070824,1,Barra do Ceará,144.0,123.0,154945.0,538.0,1259.72,1076.01,144,125.0,18.0,127.0,144.0
230440005070825,1,Barra do Ceará,303.0,268.0,182686.0,1082.0,680.7,603.3,299,276.0,20.0,219.0,299.0
230440005070826,1,Barra do Ceará,227.0,198.0,121640.0,788.0,614.34,535.86,227,122.0,1.0,202.0,194.0
230440005070827,1,Barra do Ceará,367.0,333.0,175090.0,1374.0,528.96,479.42,363,221.0,21.0,327.0,306.0
230440005070828,1,Barra do Ceará,258.0,215.0,116665.0,1044.0,542.63,452.19,258,255.0,3.0,239.0,258.0
230440005070829,1,Barra do Ceará,219.0,145.0,70113.0,779.0,483.54,320.15,219,203.0,14.0,207.0,219.0
230440005070830,1,Barra do Ceará,203.0,162.0,79983.0,771.0,493.72,394.0,203,203.0,0.0,197.0,203.0
230440005070831,1,Barra do Ceará,223.0,200.0,142546.0,816.0,712.73,639.22,223,221.0,0.0,203.0,223.0
230440005070832,1,Barra do Ceará,321.0,277.0,140117.0,1262.0,505.84,436.5,321,321.0,0.0,320.0,321.0
230440005070833,1,Barra do Ceará,374.0,326.0,191520.0,1477.0,587.48,512.09,374,372.0,1.0,374.0,374.0
230440005070834,1,Barra do Ceará,112.0,75.0,36450.0,417.0,486.0,325.45,112,82.0,28.0,106.0,112.0
230440005070835,1,Barra do Ceará,237.0,213.0,162105.0,852.0,761.06,683.99,237,223.0,13.0,213.0,237.0
230440005070836,1,Barra do Ceará,375.0,352.0,300939.0,1247.0,854.94,802.5,375,352.0,5.0,241.0,374.0
230440005070837,1,Barra do Ceará,274.0,254.0,202907.0,923.0,798.85,740.54,274,236.0,33.0,213.0,265.0
230440005070838,1,Barra do Ceará,286.0,264.0,305400.0,1014.0,1156.82,1067.83,286,278.0,5.0,255.0,286.0
230440005070839,1,Barra do Ceará,202.0,161.0,88933.0,735.0,551.78,438.67,200,178.0,17.0,189.0,200.0
230440005070840,1,Barra do Ceará,135.0,118.0,83239.0,512.0,705.42,616.59,135,116.0,2.0,105.0,135.0
230440005070841,1,Barra do Ceará,221.0,188.0,111964.0,782.0,596.87,507.34,220,205.0,13.0,209.0,219.0
230440005070842,1,Barra do Ceará,269.0,234.0,149929.0,950.0,640.72,557.36,269,264.0,5.0,259.0,268.0
230440005070843,1,Barra do Ceará,306.0,266.0,164739.0,1033.0,619.32,538.36,306,247.0,9.0,293.0,303.0
230440005070844,1,Barra do Ceará,367.0,314.0,363055.0,1338.0,1156.23,989.25,367,365.0,0.0,347.0,367.0
230440005070845,1,Barra do Ceará,145.0,109.0,60575.0,471.0,555.73,417.76,145,139.0,6.0,141.0,145.0
230440005070846,1,Barra do Ceará,107.0,82.0,111975.0,310.0,1379.4,1055.66,98,49.0,5.0,90.0,97.0
230440005070847,1,Barra do Ceará,219.0,169.0,109742.0,834.0,650.19,501.06,218,109.0,71.0,214.0,217.0
230440005070848,1,Barra do Ceará,264.0,229.0,126652.0,998.0,553.07,479.74,264,244.0,19.0,263.0,264.0
230440005070849,1,Barra do Ceará,275.0,259.0,175705.0,1004.0,678.4,638.93,275,269.0,5.0,266.0,275.0
230440005070850,1,Barra do Ceará,261.0,238.0,141741.0,946.0,595.55,543.07,261,118.0,24.0,250.0,255.0
230440005070851,1,Barra do Ceará,237.0,189.0,96090.0,956.0,508.41,405.44,237,212.0,0.0,195.0,237.0
230440005070852,1,Barra do Ceará,256.0,238.0,127362.0,1050.0,535.13,497.51,256,181.0,4.0,232.0,256.0
230440005070853,1,Barra do Ceará,186.0,150.0,80080.0,669.0,533.87,430.54,186,166.0,6.0,178.0,186.0
230440005070854,1,Barra do Ceará,307.0,168.0,100158.0,1130.0,596.18,326.25,307,206.0,0.0,275.0,307.0
230440005070855,1,Barra do Ceará,296.0,259.0,176239.0,987.0,680.46,595.4,296,282.0,3.0,286.0,296.0
230440005070856,1,Barra do Ceará,222.0,207.0,284718.0,771.0,1375.45,1282.51,222,209.0,4.0,194.0,222.0
230440005070857,1,Barra do Ceará,273.0,256.0,256754.0,791.0,1002.95,940.49,273,273.0,0.0,225.0,273.0
230440005070858,1,Barra do Ceará,244.0,211.0,290980.0,809.0,1379.05,1192.54,244,230.0,13.0,207.0,244.0
230440005070859,1,Barra do Ceará,161.0,110.0,69545.0,598.0,632.23,431.96,161,147.0,13.0,144.0,161.0
230440005070860,1,Barra do Ceará,227.0,208.0,141128.0,783.0,679.31,622.2,226,216.0,9.0,215.0,226.0
230440005070861,1,Barra do Ceará,325.0,239.0,119889.0,1123.0,501.44,367.51,322,300.0,3.0,299.0,322.0
230440005070862,1,Barra do Ceará,308.0,218.0,165184.0,1155.0,757.72,536.31,308,228.0,78.0,285.0,300.0
230440005070863,1,Barra do Ceará,256.0,197.0,200314.0,969.0,1016.82,782.48,256,243.0,4.0,238.0,256.0
230440005070864,1,Barra do Ceará,287.0,250.0,173954.0,973.0,695.82,606.11,287,231.0,22.0,259.0,287.0
230440005070865,1,Barra do Ceará,463.0,402.0,227587.0,1516.0,560.22,485.6,458,394.0,4.0,455.0,458.0
230440005070866,1,Barra do Ceará,170.0,153.0,94043.0,629.0,614.66,553.19,170,161.0,2.0,159.0,170.0
230440005070867,1,Barra do Ceará,175.0,151.0,107679.0,633.0,713.11,615.31,175,164.0,10.0,157.0,175.0
230440005070868,1,Barra do Ceará,283.0,242.0,233526.0,992.0,966.91,826.33,282,272.0,8.0,255.0,282.0
230440005070869,1,Barra do Ceará,205.0,189.0,153594.0,787.0,812.67,749.24,205,184.0,12.0,170.0,205.0
230440005070870,1,Barra do Ceará,334.0,319.0,435326.0,1174.0,1368.22,1306.4,332,311.0,21.0,232.0,332.0
230440005070912,1,Farias Brito,166.0,147.0,212018.0,594.0,1442.3,1277.22,166,91.0,4.0,122.0,166.0
230440005070913,1,Jacarecanga,126.0,120.0,93315.0,421.0,777.63,740.6,126,71.0,0.0,110.0,126.0
230440005070914,1,Jacarecanga,149.0,140.0,434886.0,474.0,3106.33,2918.7,149,149.0,0.0,149.0,149.0
230440005070915,1,Jacarecanga,157.0,153.0,388180.0,475.0,2537.12,2472.48,157,157.0,0.0,156.0,157.0
230440005070916,1,Alagadiço,251.0,239.0,628061.0,738.0,2627.87,2502.24,251,242.0,3.0,204.0,251.0
230440005070917,1,Alagadiço,336.0,260.0,738525.0,960.0,2840.48,2197.99,336,336.0,0.0,336.0,336.0
230440005070918,1,Alagadiço,199.0,132.0,143926.0,565.0,1090.35,723.25,199,188.0,11.0,173.0,199.0
230440005070919,1,Alagadiço,165.0,159.0,710610.0,568.0,4469.25,4306.73,165,164.0,1.0,165.0,165.0
230440005070920,1,Alagadiço,146.0,145.0,501451.0,454.0,3458.28,3434.6,146,146.0,0.0,145.0,146.0
230440005070921,1,Alagadiço,134.0,101.0,338253.0,430.0,3349.04,2524.28,134,134.0,0.0,134.0,134.0
230440005070922,1,Alagadiço,241.0,205.0,402885.0,783.0,1965.29,1671.72,241,241.0,0.0,241.0,241.0
230440005070923,1,Alagadiço,157.0,152.0,390368.0,489.0,2568.21,2486.42,157,154.0,3.0,149.0,157.0
230440005070924,1,Monte Castelo,200.0,169.0,108260.0,710.0,640.59,541.3,200,147.0,1.0,200.0,200.0
230440005070925,1,Monte Castelo,146.0,135.0,142668.0,497.0,1056.8,977.18,146,122.0,22.0,137.0,146.0
230440005070926,1,Monte Castelo,221.0,205.0,323649.0,687.0,1578.78,1464.48,221,215.0,6.0,214.0,221.0
230440005070927,1,Carlito Pamplona,254.0,247.0,392298.0,797.0,1588.25,1544.48,254,210.0,4.0,247.0,254.0
230440005070928,1,Carlito Pamplona,180.0,166.0,117395.0,631.0,707.2,652.19,180,148.0,32.0,172.0,180.0
230440005070929,1,Carlito Pamplona,181.0,170.0,237686.0,512.0,1398.15,1313.18,181,176.0,5.0,181.0,181.0
230440005070930,1,Carlito Pamplona,191.0,186.0,277419.0,550.0,1491.5,1452.46,191,185.0,6.0,191.0,191.0
230440005070931,1,Carlito Pamplona,135.0,113.0,106069.0,494.0,938.66,785.7,135,127.0,0.0,130.0,135.0
230440005070932,1,Carlito Pamplona,158.0,146.0,100926.0,551.0,691.27,638.77,158,139.0,18.0,141.0,158.0
230440005070933,1,Carlito Pamplona,198.0,183.0,161526.0,674.0,882.66,815.79,198,192.0,0.0,180.0,198.0
230440005070934,1,Carlito Pamplona,198.0,179.0,160530.0,700.0,896.82,810.76,198,190.0,3.0,176.0,198.0
230440005070935,1,Carlito Pamplona,235.0,217.0,246011.0,873.0,1133.69,1046.86,235,219.0,10.0,205.0,235.0
230440005070936,1,Carlito Pamplona,223.0,217.0,144076.0,734.0,663.94,646.08,223,192.0,30.0,209.0,222.0
230440005070937,1,Carlito Pamplona,198.0,150.0,81114.0,688.0,540.76,409.67,198,193.0,5.0,190.0,198.0
230440005070938,1,Pirambú,220.0,93.0,77330.0,784.0,831.51,351.5,220,210.0,7.0,209.0,220.0
230440005070939,1,Presidente Kennedy,195.0,188.0,147607.0,692.0,786.13,757.77,194,160.0,3.0,181.0,193.0
230440005070940,1,Presidente Kennedy,176.0,142.0,364471.0,550.0,2566.7,2070.86,176,176.0,0.0,176.0,176.0
230440005070941,1,Presidente Kennedy,154.0,147.0,500990.0,535.0,3408.1,3253.18,154,154.0,0.0,154.0,154.0
230440005070942,1,Presidente Kennedy,179.0,162.0,465710.0,574.0,2874.75,2601.73,179,179.0,0.0,168.0,179.0
230440005070943,1,Presidente Kennedy,286.0,277.0,975299.0,848.0,3520.94,3410.14,286,285.0,0.0,232.0,286.0
230440005070944,1,Presidente Kennedy,190.0,185.0,466003.0,586.0,2518.94,2452.65,190,171.0,19.0,182.0,190.0
230440005070945,1,Presidente Kennedy,249.0,212.0,430432.0,789.0,2030.34,1728.64,249,248.0,1.0,249.0,249.0
230440005070946,1,Presidente Kennedy,205.0,180.0,218774.0,764.0,1215.41,1067.19,205,199.0,2.0,199.0,205.0
230440005070947,1,Vila Ellery,200.0,189.0,230527.0,587.0,1219.72,1152.64,200,199.0,1.0,179.0,200.0
230440005070948,1,Vila Ellery,180.0,176.0,322862.0,648.0,1834.44,1793.68,180,175.0,1.0,157.0,180.0
230440005070949,1,Vila Ellery,180.0,98.0,57452.0,651.0,586.24,319.18,180,173.0,0.0,161.0,180.0
230440005070950,1,Álvaro Weyne,172.0,152.0,141807.0,618.0,932.94,824.46,172,141.0,31.0,156.0,172.0
230440005070951,1,Álvaro Weyne,212.0,193.0,161711.0,803.0,837.88,762.79,212,188.0,0.0,192.0,212.0
230440005070952,1,Álvaro Weyne,218.0,203.0,248026.0,781.0,1221.8,1137.73,218,209.0,8.0,210.0,218.0
230440005070953,1,Álvaro Weyne,118.0,97.0,139240.0,344.0,1435.46,1180.0,118,118.0,0.0,103.0,118.0
230440005070954,1,Cristo Redentor,165.0,145.0,78415.0,613.0,540.79,475.24,165,164.0,0.0,164.0,165.0
230440005070955,1,Cristo Redentor,169.0,149.0,102030.0,649.0,684.77,603.73,169,161.0,6.0,150.0,169.0
230440005070956,1,Cristo Redentor,319.0,247.0,157600.0,1147.0,638.06,494.04,319,313.0,6.0,315.0,319.0
230440005070957,1,Floresta,182.0,159.0,142597.0,612.0,896.84,783.5,182,133.0,31.0,169.0,182.0
230440005070958,1,Floresta,229.0,211.0,230574.0,773.0,1092.77,1006.87,229,216.0,0.0,160.0,229.0
230440005070959,1,Floresta,245.0,189.0,151735.0,915.0,802.83,619.33,245,85.0,3.0,225.0,237.0
230440005070960,1,Floresta,275.0,237.0,160678.0,1050.0,677.97,584.28,275,247.0,0.0,266.0,275.0
230440005070961,1,Floresta,266.0,248.0,160787.0,890.0,648.33,604.46,266,260.0,5.0,265.0,266.0
230440005070962,1,Floresta,226.0,188.0,120077.0,778.0,638.71,531.31,226,219.0,5.0,163.0,226.0
230440005070963,1,Floresta,371.0,327.0,221073.0,1160.0,676.06,595.88,371,370.0,0.0,362.0,371.0
230440005070964,1,Floresta,153.0,141.0,68330.0,572.0,484.61,446.6,153,146.0,0.0,113.0,153.0
230440005070965,1,Floresta,198.0,173.0,93292.0,757.0,539.26,471.17,198,190.0,7.0,139.0,198.0
230440005070966,1,Floresta,305.0,235.0,142858.0,1028.0,607.91,468.39,305,305.0,0.0,304.0,305.0
230440005070967,1,Jardim Iracema,212.0,200.0,160312.0,739.0,801.56,756.19,212,167.0,44.0,169.0,212.0
230440005070968,1,Jardim Iracema,213.0,203.0,156027.0,722.0,760.25,723.87,209,187.0,14.0,167.0,209.0
230440005070969,1,Jardim Iracema,253.0,215.0,197363.0,917.0,917.97,780.09,253,233.0,16.0,216.0,253.0
230440005070970,1,Jardim Iracema,169.0,152.0,96139.0,585.0,633.3,569.22,168,162.0,0.0,157.0,168.0
230440005070971,1,Jardim Iracema,202.0,165.0,113892.0,695.0,690.25,566.63,201,187.0,0.0,195.0,201.0
230440005070972,1,Barra do Ceará,207.0,196.0,153275.0,651.0,782.02,740.46,207,163.0,42.0,141.0,207.0
230440005070973,1,Barra do Ceará,223.0,204.0,160749.0,703.0,787.99,720.85,223,205.0,14.0,176.0,223.0
230440005070974,1,Barra do Ceará,300.0,277.0,180455.0,1033.0,642.95,593.49,299,284.0,14.0,276.0,299.0
230440005070975,1,Barra do Ceará,209.0,188.0,130292.0,823.0,693.04,623.41,209,203.0,5.0,202.0,209.0
230440005070976,1,Barra do Ceará,165.0,148.0,89814.0,620.0,606.85,544.33,165,122.0,0.0,160.0,165.0
230440005070977,1,Barra do Ceará,388.0,279.0,204710.0,1321.0,733.73,527.6,388,250.0,126.0,324.0,388.0
230440005070978,1,Barra do Ceará,288.0,272.0,319242.0,805.0,1173.68,1108.48,288,247.0,0.0,256.0,288.0
230440005070979,1,Barra do Ceará,139.0,118.0,83135.0,558.0,704.53,598.09,139,118.0,18.0,128.0,139.0
230440005070980,1,Barra do Ceará,145.0,63.0,35840.0,570.0,568.89,247.17,145,88.0,46.0,128.0,96.0
230440005070981,1,Barra do Ceará,196.0,144.0,92322.0,706.0,641.13,471.03,196,165.0,1.0,179.0,192.0
230440005070982,1,Barra do Ceará,215.0,183.0,114318.0,805.0,624.69,531.71,215,214.0,0.0,211.0,215.0
230440005070983,1,Barra do Ceará,149.0,111.0,70287.0,569.0,633.22,471.72,149,147.0,2.0,143.0,149.0
230440005070984,1,Barra do Ceará,195.0,185.0,124414.0,753.0,672.51,638.02,195,192.0,1.0,177.0,195.0
230440005070985,1,Barra do Ceará,209.0,184.0,122415.0,802.0,665.3,585.72,209,190.0,16.0,190.0,206.0
230440005070986,1,Barra do Ceará,256.0,185.0,96815.0,1002.0,523.4,377.67,255,250.0,5.0,252.0,255.0
230440005070987,1,Barra do Ceará,268.0,213.0,310859.0,949.0,1459.43,1159.92,268,241.0,27.0,260.0,268.0
230440005070988,1,Barra do Ceará,212.0,180.0,101974.0,789.0,566.52,481.01,212,208.0,3.0,197.0,212.0
230440005070989,1,Barra do Ceará,198.0,129.0,72778.0,689.0,564.17,367.57,198,181.0,0.0,191.0,198.0
230440005070990,1,Barra do Ceará,310.0,243.0,123573.0,1176.0,508.53,398.62,310,259.0,50.0,274.0,310.0
230440005070991,1,Barra do Ceará,334.0,306.0,196687.0,1208.0,642.77,588.88,334,208.0,126.0,279.0,334.0
230440005070992,1,Barra do Ceará,262.0,217.0,134193.0,1002.0,618.4,512.19,262,257.0,3.0,255.0,262.0
230440005070993,1,Cristo Redentor,196.0,171.0,111684.0,804.0,653.12,569.82,196,116.0,0.0,187.0,196.0
230440005070994,1,Presidente Kennedy,103.0,90.0,61711.0,362.0,685.68,599.14,103,103.0,0.0,103.0,103.0
230440005071163,1,Carlito Pamplona,402.0,290.0,153711.0,1461.0,530.04,382.37,402,401.0,0.0,401.0,402.0
230440005071164,1,Carlito Pamplona,383.0,269.0,125235.0,1441.0,465.56,326.98,383,382.0,0.0,383.0,383.0
230440005080001,1,José Bonifácio,165.0,152.0,207233.0,555.0,1370.8,1262.14,164,163.0,1.0,163.0,164.0
230440005080002,1,José Bonifácio,274.0,261.0,410506.0,848.0,1572.82,1498.2,274,266.0,7.0,271.0,274.0
230440005080003,1,José Bonifácio,140.0,129.0,225586.0,414.0,1748.73,1611.33,140,137.0,2.0,135.0,140.0
230440005080004,1,José Bonifácio,172.0,164.0,243509.0,508.0,1489.01,1419.35,171,156.0,1.0,152.0,171.0
230440005080005,1,José Bonifácio,113.0,109.0,250700.0,430.0,2300.0,2218.58,113,113.0,0.0,111.0,113.0
230440005080006,1,José Bonifácio,230.0,220.0,532396.0,714.0,2419.98,2314.77,230,230.0,0.0,230.0,230.0
230440005080007,1,José Bonifácio,316.0,273.0,487204.0,840.0,1784.63,1541.78,316,314.0,2.0,309.0,316.0
230440005080008,1,José Bonifácio,147.0,138.0,202970.0,413.0,1470.8,1380.75,147,145.0,0.0,135.0,147.0
230440005080009,1,José Bonifácio,271.0,251.0,701439.0,835.0,2794.58,2588.34,271,263.0,3.0,266.0,271.0
230440005080010,1,José Bonifácio,196.0,192.0,416357.0,639.0,2168.53,2124.27,196,194.0,0.0,189.0,196.0
230440005080011,1,José Bonifácio,238.0,221.0,586769.0,767.0,2655.06,2465.42,238,231.0,7.0,231.0,238.0
230440005080012,1,José Bonifácio,261.0,251.0,897480.0,812.0,3587.88,3449.88,260,256.0,2.0,253.0,260.0
230440005080013,1,José Bonifácio,314.0,293.0,657435.0,1036.0,2243.81,2093.74,314,305.0,4.0,304.0,314.0
230440005080014,1,Benfica,314.0,299.0,618276.0,989.0,2067.81,1969.03,314,310.0,0.0,296.0,314.0
230440005080015,1,Benfica,190.0,160.0,306952.0,519.0,1918.45,1615.54,190,182.0,7.0,162.0,190.0
230440005080016,1,Benfica,143.0,124.0,197861.0,432.0,1588.7,1374.62,141,123.0,16.0,139.0,139.0
230440005080017,1,Benfica,189.0,166.0,293247.0,619.0,1766.55,1551.57,189,137.0,3.0,181.0,189.0
230440005080018,1,Benfica,277.0,260.0,486139.0,803.0,1874.28,1758.84,276,274.0,1.0,276.0,276.0
230440005080019,1,Benfica,,,,9.0,1766.67,1766.67,3,,,,
230440005080020,1,Gentilândia,147.0,141.0,298275.0,517.0,2115.43,2029.08,147,128.0,0.0,147.0,147.0
230440005080021,1,Benfica,206.0,201.0,308164.0,673.0,1534.82,1497.39,205,199.0,0.0,204.0,205.0
230440005080022,1,Benfica,155.0,150.0,241582.0,433.0,1617.93,1565.4,154,149.0,0.0,153.0,154.0
230440005080023,1,Benfica,283.0,252.0,456919.0,770.0,1813.17,1614.55,283,281.0,1.0,270.0,283.0
230440005080024,1,Benfica,336.0,283.0,272242.0,890.0,961.99,810.24,336,336.0,0.0,336.0,336.0
230440005080025,1,Benfica,246.0,233.0,505056.0,738.0,2167.62,2053.07,246,240.0,2.0,226.0,246.0
230440005080026,1,Gentilândia,353.0,338.0,1047019.0,1103.0,3097.69,2966.06,353,352.0,0.0,292.0,353.0
230440005080027,1,Gentilândia,122.0,78.0,149947.0,383.0,1922.4,1229.07,122,119.0,3.0,117.0,122.0
230440005080028,1,Gentilândia,175.0,163.0,519182.0,590.0,3185.17,2966.75,175,174.0,0.0,174.0,175.0
230440005080029,1,Benfica,,,,184.0,610.98,558.31,58,,,,
230440005080062,1,Centro,38.0,38.0,82908.0,113.0,2181.79,2181.79,38,37.0,0.0,36.0,38.0
230440005080063,1,Centro,11.0,8.0,7320.0,27.0,967.14,677.0,10,7.0,0.0,5.0,10.0
230440005080064,1,Centro,129.0,122.0,147172.0,391.0,1206.33,1140.87,129,121.0,4.0,119.0,129.0
230440005080065,1,Centro,304.0,283.0,406189.0,886.0,1435.68,1335.51,301,301.0,0.0,301.0,301.0
230440005080066,1,Centro,230.0,192.0,179208.0,622.0,927.79,773.83,229,223.0,0.0,123.0,229.0
230440005080067,1,Centro,242.0,223.0,345247.0,523.0,1548.19,1426.64,242,240.0,1.0,219.0,242.0
230440005080068,1,Centro,146.0,124.0,266020.0,407.0,2137.14,1803.69,141,134.0,3.0,135.0,141.0
230440005080069,1,Centro,212.0,175.0,237274.0,639.0,1355.85,1119.22,212,211.0,0.0,210.0,212.0
230440005080070,1,Centro,210.0,195.0,169367.0,395.0,868.55,806.51,210,202.0,6.0,158.0,210.0
230440005080071,1,Centro,161.0,136.0,127560.0,509.0,941.11,799.06,159,155.0,2.0,155.0,159.0
230440005080072,1,Centro,455.0,414.0,466794.0,1472.0,1127.52,1025.92,455,449.0,1.0,332.0,455.0
230440005080073,1,Centro,305.0,277.0,331465.0,829.0,1229.98,1113.46,285,263.0,13.0,142.0,284.0
230440005080074,1,Centro,137.0,118.0,162988.0,225.0,1417.39,1221.14,130,112.0,1.0,46.0,130.0
230440005080075,1,Centro,305.0,275.0,185831.0,1051.0,675.75,609.28,305,21.0,1.0,296.0,290.0
230440005080076,1,Centro,256.0,243.0,366516.0,687.0,1508.3,1431.7,256,254.0,1.0,228.0,256.0
230440005080077,1,Centro,214.0,199.0,251000.0,527.0,1261.31,1172.9,214,213.0,0.0,214.0,214.0
230440005080078,1,Centro,211.0,200.0,395790.0,594.0,1978.95,1884.71,210,209.0,1.0,208.0,210.0
230440005080079,1,Centro,322.0,310.0,511987.0,979.0,1651.57,1590.02,322,316.0,4.0,322.0,322.0
230440005080080,1,Centro,255.0,233.0,655806.0,735.0,2838.68,2590.86,252,250.0,2.0,231.0,252.0
230440005080081,1,Centro,301.0,267.0,533343.0,918.0,1997.54,1771.9,301,291.0,5.0,277.0,301.0
230440005080082,1,Centro,242.0,226.0,473534.0,677.0,2095.28,1956.75,242,229.0,10.0,202.0,242.0
230440005080083,1,Centro,307.0,289.0,429134.0,757.0,1484.89,1397.83,307,287.0,7.0,245.0,307.0
230440005080084,1,Centro,96.0,87.0,163634.0,257.0,1896.79,1717.09,95,94.0,1.0,78.0,95.0
230440005080085,1,Centro,158.0,156.0,301955.0,439.0,1942.94,1918.18,157,155.0,2.0,151.0,157.0
230440005080086,1,Centro,187.0,171.0,257553.0,461.0,1506.16,1377.29,187,187.0,0.0,133.0,187.0
230440005080087,1,Centro,120.0,108.0,114460.0,356.0,1059.81,953.83,120,118.0,1.0,117.0,120.0
230440005080088,1,Centro,202.0,183.0,189262.0,553.0,1034.41,936.63,201,197.0,4.0,180.0,201.0
230440005080089,1,Centro,354.0,332.0,499093.0,1152.0,1503.29,1409.87,354,350.0,0.0,319.0,354.0
230440005080090,1,Centro,248.0,225.0,434058.0,753.0,1929.15,1750.23,248,239.0,7.0,178.0,246.0
230440005080091,1,Centro,330.0,315.0,620899.0,949.0,1971.11,1881.51,330,327.0,3.0,314.0,330.0
230440005080092,1,Centro,106.0,102.0,110760.0,344.0,1085.88,1044.91,106,106.0,0.0,105.0,106.0
230440005080093,1,Centro,401.0,375.0,442011.0,1313.0,1177.28,1097.15,382,368.0,9.0,302.0,374.0
230440005080094,1,Centro,351.0,311.0,470966.0,1112.0,1514.36,1341.78,351,343.0,7.0,334.0,351.0
230440005080095,1,Centro,152.0,147.0,407350.0,409.0,2771.09,2679.93,152,148.0,1.0,150.0,152.0
230440005080096,1,Centro,101.0,85.0,214238.0,342.0,2520.45,2121.17,101,100.0,1.0,96.0,101.0
230440005080097,1,Centro,162.0,152.0,569843.0,513.0,3748.97,3517.55,162,155.0,5.0,144.0,160.0
230440005080098,1,Centro,165.0,156.0,332868.0,471.0,2162.41,2041.53,161,152.0,9.0,149.0,160.0
230440005080099,1,Centro,293.0,283.0,728197.0,821.0,2573.39,2485.26,292,290.0,1.0,179.0,292.0
230440005080140,1,Joaquim Távora,206.0,191.0,526708.0,779.0,2757.63,2556.83,206,202.0,3.0,206.0,206.0
230440005080141,1,Joaquim Távora,226.0,203.0,246732.0,738.0,1215.43,1091.73,226,211.0,15.0,218.0,224.0
230440005080142,1,Joaquim Távora,254.0,250.0,633277.0,856.0,2533.11,2493.22,254,252.0,1.0,216.0,254.0
230440005080143,1,Joaquim Távora,196.0,188.0,831152.0,616.0,4479.04,4293.38,193,188.0,5.0,160.0,188.0
230440005080144,1,Joaquim Távora,264.0,253.0,1032183.0,853.0,4079.77,3909.78,264,258.0,6.0,205.0,261.0
230440005080145,1,Joaquim Távora,140.0,122.0,530244.0,454.0,4346.26,3787.46,140,139.0,1.0,123.0,140.0
230440005080146,1,Joaquim Távora,154.0,138.0,568360.0,524.0,4118.55,3690.65,154,150.0,4.0,154.0,154.0
230440005080147,1,Joaquim Távora,215.0,210.0,999046.0,700.0,4757.36,4646.73,215,206.0,0.0,212.0,215.0
230440005080148,1,Joaquim Távora,259.0,257.0,738630.0,873.0,2877.46,2855.16,258,255.0,0.0,258.0,258.0
230440005080149,1,Joaquim Távora,138.0,117.0,76484.0,516.0,624.09,524.8,132,122.0,0.0,126.0,132.0
230440005080150,1,Joaquim Távora,148.0,132.0,217039.0,524.0,1644.23,1466.48,148,148.0,0.0,147.0,148.0
230440005080151,1,Joaquim Távora,169.0,160.0,262351.0,571.0,1640.57,1552.68,168,165.0,3.0,146.0,168.0
230440005080152,1,Joaquim Távora,233.0,209.0,221199.0,783.0,1058.37,949.35,233,233.0,0.0,233.0,233.0
230440005080153,1,Joaquim Távora,169.0,162.0,295989.0,595.0,1827.09,1751.41,169,167.0,1.0,168.0,169.0
230440005080154,1,Joaquim Távora,242.0,220.0,440833.0,670.0,2008.37,1825.03,241,240.0,1.0,232.0,240.0
230440005080155,1,Joaquim Távora,139.0,127.0,364157.0,368.0,2867.38,2619.83,139,139.0,0.0,139.0,139.0
230440005080156,1,Joaquim Távora,304.0,280.0,616505.0,962.0,2201.8,2027.98,304,304.0,0.0,302.0,304.0
230440005080157,1,Joaquim Távora,237.0,206.0,806834.0,680.0,3934.31,3417.52,236,235.0,1.0,136.0,236.0
230440005080158,1,Joaquim Távora,143.0,138.0,728250.0,474.0,5277.17,5092.66,143,142.0,0.0,132.0,143.0
230440005080159,1,Joaquim Távora,209.0,199.0,878768.0,661.0,4415.92,4204.63,209,209.0,0.0,175.0,209.0
230440005080160,1,Joaquim Távora,205.0,197.0,1109183.0,646.0,5630.37,5410.65,205,200.0,5.0,197.0,204.0
230440005080161,1,Joaquim Távora,123.0,123.0,544137.0,429.0,4423.88,4423.88,123,122.0,1.0,84.0,123.0
230440005080162,1,Joaquim Távora,209.0,194.0,537073.0,675.0,2768.42,2569.73,209,202.0,1.0,183.0,207.0
230440005080163,1,Joaquim Távora,311.0,286.0,519387.0,885.0,1816.04,1670.05,311,294.0,16.0,293.0,311.0
230440005080164,1,Joaquim Távora,172.0,156.0,202345.0,564.0,1297.08,1176.42,172,171.0,1.0,171.0,172.0
230440005080165,1,Joaquim Távora,223.0,217.0,296822.0,652.0,1367.84,1331.04,223,223.0,0.0,178.0,223.0
230440005080166,1,Joaquim Távora,326.0,313.0,594190.0,902.0,1909.29,1832.45,323,313.0,10.0,319.0,322.0
230440005080167,1,Joaquim Távora,279.0,258.0,321826.0,822.0,1247.39,1153.5,279,278.0,1.0,272.0,279.0
230440005080168,1,Joaquim Távora,233.0,214.0,348297.0,663.0,1631.91,1498.26,232,223.0,9.0,219.0,232.0
230440005080169,1,Joaquim Távora,208.0,199.0,307845.0,623.0,1547.2,1479.93,207,206.0,1.0,200.0,207.0
230440005080170,1,Joaquim Távora,122.0,116.0,289276.0,351.0,2514.57,2389.88,121,120.0,0.0,121.0,121.0
230440005080171,1,Joaquim Távora,365.0,335.0,581080.0,1106.0,1738.23,1599.37,363,356.0,7.0,338.0,363.0
230440005080172,1,Fátima,302.0,286.0,1171531.0,881.0,4096.26,3879.24,302,302.0,0.0,301.0,302.0
230440005080173,1,Fátima,130.0,82.0,434639.0,472.0,5300.48,3343.38,130,130.0,0.0,129.0,130.0
230440005080174,1,Fátima,255.0,246.0,1011630.0,844.0,4112.32,3967.18,255,253.0,0.0,252.0,255.0
230440005080175,1,Fátima,189.0,181.0,744666.0,677.0,4154.45,3976.72,187,172.0,14.0,182.0,187.0
230440005080176,1,Fátima,164.0,155.0,598610.0,500.0,3862.0,3650.06,164,163.0,1.0,138.0,164.0
230440005080177,1,Fátima,186.0,184.0,802300.0,607.0,4360.33,4313.44,186,186.0,0.0,184.0,186.0
230440005080178,1,Fátima,159.0,148.0,407204.0,468.0,2751.38,2561.03,159,149.0,6.0,158.0,159.0
230440005080179,1,Fátima,298.0,272.0,619259.0,730.0,2290.55,2089.35,296,290.0,6.0,296.0,296.0
230440005080180,1,Fátima,186.0,180.0,848634.0,633.0,4714.63,4562.55,186,185.0,1.0,183.0,186.0
230440005080181,1,Fátima,186.0,169.0,646238.0,532.0,3823.89,3474.4,186,177.0,1.0,175.0,185.0
230440005080182,1,Fátima,191.0,183.0,810469.0,637.0,4428.79,4243.29,191,191.0,0.0,191.0,191.0
230440005080183,1,Fátima,255.0,250.0,1063154.0,896.0,4267.65,4183.64,254,249.0,5.0,249.0,254.0
230440005080184,1,Fátima,252.0,228.0,668771.0,878.0,2933.21,2653.85,252,244.0,4.0,248.0,252.0
230440005080185,1,Fátima,246.0,236.0,488050.0,780.0,2068.01,1983.94,246,245.0,0.0,235.0,246.0
230440005080186,1,Fátima,285.0,263.0,784174.0,969.0,2981.65,2751.49,285,278.0,5.0,271.0,285.0
230440005080187,1,Fátima,189.0,180.0,396712.0,563.0,2203.96,2099.01,189,182.0,6.0,184.0,189.0
230440005080188,1,Fátima,206.0,197.0,965018.0,625.0,4898.57,4684.55,206,205.0,1.0,206.0,206.0
230440005080189,1,Fátima,179.0,171.0,656808.0,609.0,3840.98,3669.32,179,162.0,17.0,178.0,179.0
230440005080190,1,Fátima,138.0,127.0,381296.0,444.0,3014.25,2792.62,136,134.0,2.0,135.0,136.0
230440005080191,1,Fátima,449.0,132.0,402120.0,1363.0,3046.36,895.59,449,446.0,3.0,448.0,449.0
230440005080192,1,Fátima,177.0,153.0,95554.0,663.0,624.54,539.85,177,157.0,3.0,170.0,177.0
230440005080193,1,Fátima,152.0,148.0,563148.0,501.0,3805.05,3704.92,152,152.0,0.0,151.0,152.0
230440005080194,1,Fátima,276.0,271.0,1241451.0,926.0,4611.82,4527.66,274,260.0,14.0,250.0,274.0
230440005080195,1,Fátima,255.0,247.0,1062777.0,805.0,4302.74,4167.75,255,255.0,0.0,255.0,255.0
230440005080196,1,Fátima,205.0,189.0,314526.0,769.0,1664.16,1534.27,205,204.0,0.0,200.0,205.0
230440005080197,1,Fátima,301.0,285.0,1138311.0,968.0,3994.07,3781.76,301,297.0,3.0,296.0,301.0
230440005080198,1,Fátima,192.0,188.0,688970.0,608.0,3681.6,3604.5,191,191.0,0.0,182.0,191.0
230440005080199,1,Fátima,304.0,290.0,703790.0,890.0,2426.86,2315.1,304,304.0,0.0,298.0,304.0
230440005080200,1,Jardim América,258.0,244.0,333678.0,874.0,1369.87,1295.25,257,257.0,0.0,256.0,257.0
230440005080201,1,Jardim América,240.0,214.0,243449.0,827.0,1143.31,1017.89,237,234.0,1.0,235.0,237.0
230440005080202,1,Jardim América,368.0,354.0,473260.0,1177.0,1336.89,1286.03,368,352.0,15.0,359.0,368.0
230440005080203,1,Jardim América,231.0,223.0,269425.0,790.0,1208.18,1166.34,231,214.0,10.0,227.0,231.0
230440005080204,1,Jardim América,226.0,215.0,212922.0,785.0,990.33,942.13,226,226.0,0.0,226.0,226.0
230440005080205,1,Jardim América,229.0,223.0,279431.0,762.0,1216.84,1184.67,227,215.0,12.0,221.0,227.0
230440005080206,1,Jardim América,112.0,102.0,127370.0,353.0,1248.73,1137.23,112,109.0,0.0,109.0,112.0
230440005080207,1,Jardim América,300.0,285.0,409389.0,985.0,1436.45,1364.63,300,288.0,12.0,295.0,300.0
230440005080208,1,Jardim América,262.0,253.0,443143.0,908.0,1751.55,1691.39,262,259.0,2.0,260.0,262.0
230440005080209,1,Jardim América,214.0,203.0,302720.0,704.0,1491.23,1414.58,214,211.0,3.0,214.0,214.0
230440005080210,1,Jardim América,239.0,218.0,232550.0,796.0,1066.74,973.01,239,138.0,4.0,236.0,239.0
230440005080211,1,Jardim América,221.0,209.0,426105.0,762.0,2038.78,1928.08,221,218.0,2.0,219.0,220.0
230440005080212,1,Jardim América,274.0,246.0,326244.0,935.0,1328.34,1192.1,273,237.0,5.0,270.0,271.0
230440005080213,1,Jardim América,164.0,148.0,108719.0,593.0,734.59,662.92,164,164.0,0.0,164.0,164.0
230440005080214,1,Jardim América,294.0,234.0,230234.0,990.0,987.65,785.4,293,236.0,0.0,287.0,293.0
230440005080215,1,Damas,147.0,136.0,269048.0,465.0,1978.29,1830.26,147,133.0,5.0,138.0,147.0
230440005080216,1,Damas,148.0,127.0,156390.0,513.0,1231.42,1056.69,148,122.0,2.0,147.0,148.0
230440005080217,1,Damas,227.0,213.0,220539.0,736.0,1035.39,971.54,227,218.0,6.0,227.0,227.0
230440005080218,1,Damas,228.0,182.0,281771.0,662.0,1548.19,1235.84,228,218.0,10.0,228.0,228.0
230440005080219,1,Damas,210.0,205.0,326995.0,645.0,1595.1,1557.12,210,208.0,2.0,207.0,210.0
230440005080220,1,Damas,357.0,316.0,668972.0,973.0,2121.82,1877.45,356,335.0,21.0,355.0,355.0
230440005080221,1,Damas,225.0,213.0,282948.0,609.0,1328.39,1257.55,225,222.0,2.0,221.0,225.0
230440005080222,1,Damas,42.0,23.0,11795.0,168.0,512.83,280.83,42,29.0,3.0,42.0,42.0
230440005080223,1,Damas,257.0,249.0,416518.0,770.0,1672.76,1620.69,257,247.0,5.0,242.0,257.0
230440005080224,1,Damas,352.0,334.0,708937.0,1087.0,2122.57,2014.03,352,258.0,32.0,261.0,352.0
230440005080225,1,Damas,105.0,98.0,76545.0,370.0,781.07,729.0,105,31.0,8.0,105.0,105.0
230440005080226,1,Damas,362.0,340.0,933370.0,1078.0,2745.21,2578.37,362,256.0,55.0,361.0,362.0
230440005080227,1,Damas,400.0,380.0,914589.0,1212.0,2411.82,2290.92,399,383.0,8.0,387.0,399.0
230440005080229,1,Rodolfo Teófilo,240.0,224.0,328060.0,812.0,1464.55,1366.92,240,234.0,0.0,236.0,240.0
230440005080230,1,Rodolfo Teófilo,451.0,428.0,595454.0,1425.0,1391.25,1320.3,451,388.0,15.0,444.0,451.0
230440005080231,1,Rodolfo Teófilo,243.0,231.0,409869.0,818.0,1774.32,1686.7,243,239.0,1.0,237.0,243.0
230440005080232,1,Rodolfo Teófilo,98.0,83.0,110835.0,351.0,1335.36,1130.97,98,98.0,0.0,97.0,98.0
230440005080233,1,Rodolfo Teófilo,300.0,287.0,470079.0,1034.0,1637.91,1566.93,300,287.0,11.0,292.0,300.0
230440005080234,1,Rodolfo Teófilo,90.0,85.0,200688.0,278.0,2405.76,2269.07,88,76.0,7.0,73.0,88.0
230440005080235,1,Rodolfo Teófilo,232.0,203.0,265658.0,791.0,1308.19,1142.52,229,204.0,16.0,188.0,229.0
230440005080236,1,Rodolfo Teófilo,310.0,277.0,343017.0,999.0,1238.33,1106.51,310,303.0,0.0,300.0,310.0
230440005080237,1,Rodolfo Teófilo,300.0,282.0,379942.0,1009.0,1350.29,1269.0,299,289.0,10.0,287.0,299.0
230440005080238,1,Rodolfo Teófilo,126.0,113.0,104364.0,407.0,923.58,828.29,126,124.0,1.0,121.0,126.0
230440005080239,1,Rodolfo Teófilo,93.0,80.0,156963.0,326.0,1962.04,1687.77,93,92.0,1.0,78.0,93.0
230440005080240,1,Rodolfo Teófilo,226.0,210.0,308778.0,791.0,1473.13,1373.59,222,212.0,1.0,218.0,222.0
230440005080241,1,Rodolfo Teófilo,351.0,294.0,381722.0,1221.0,1298.37,1087.53,351,350.0,0.0,333.0,351.0
230440005080242,1,Rodolfo Teófilo,245.0,206.0,364591.0,773.0,1767.6,1483.91,243,241.0,2.0,239.0,243.0
230440005080243,1,Rodolfo Teófilo,203.0,195.0,295149.0,727.0,1513.58,1453.94,203,202.0,0.0,184.0,203.0
230440005080244,1,Rodolfo Teófilo,306.0,265.0,387600.0,1102.0,1462.64,1266.67,306,303.0,1.0,279.0,306.0
230440005080245,1,Rodolfo Teófilo,187.0,177.0,244251.0,665.0,1379.95,1306.16,187,178.0,0.0,168.0,187.0
230440005080246,1,Rodolfo Teófilo,429.0,359.0,634677.0,1365.0,1767.9,1479.43,429,401.0,17.0,414.0,427.0
230440005080247,1,Rodolfo Teófilo,251.0,238.0,600889.0,842.0,2524.74,2393.98,251,54.0,2.0,203.0,251.0
230440005080248,1,Rodolfo Teófilo,244.0,230.0,455064.0,845.0,1978.54,1865.02,244,236.0,7.0,196.0,244.0
230440005080249,1,Rodolfo Teófilo,117.0,99.0,117314.0,380.0,1184.99,1002.68,117,117.0,0.0,113.0,117.0
230440005080250,1,Parque Araxá,293.0,277.0,523050.0,1041.0,1888.27,1785.15,293,261.0,30.0,269.0,293.0
230440005080251,1,Parque Araxá,266.0,250.0,399085.0,796.0,1602.07,1505.34,265,219.0,46.0,259.0,265.0
230440005080252,1,Parque Araxá,153.0,149.0,157848.0,432.0,1059.38,1031.69,153,104.0,6.0,149.0,153.0
230440005080253,1,Parque Araxá,291.0,279.0,397470.0,1012.0,1424.62,1365.88,291,268.0,22.0,283.0,291.0
230440005080254,1,Parque Araxá,288.0,270.0,535017.0,939.0,1985.12,1860.62,287,275.0,6.0,258.0,287.0
230440005080255,1,Parque Araxá,230.0,221.0,547330.0,760.0,2476.61,2379.7,230,226.0,4.0,224.0,230.0
230440005080256,1,Parque Araxá,261.0,234.0,348755.0,924.0,1497.82,1341.68,259,230.0,28.0,244.0,259.0
230440005080257,1,Parque Araxá,229.0,199.0,396232.0,785.0,1991.12,1730.27,229,189.0,40.0,227.0,229.0
230440005080258,1,Parquelândia,184.0,126.0,437032.0,638.0,3468.51,2375.17,184,168.0,16.0,183.0,184.0
230440005080259,1,Parquelândia,242.0,230.0,467590.0,818.0,2033.0,1932.19,242,239.0,3.0,240.0,242.0
230440005080260,1,Parquelândia,288.0,270.0,795652.0,1000.0,2946.86,2762.68,288,287.0,1.0,270.0,288.0
230440005080261,1,Parquelândia,256.0,214.0,563650.0,734.0,2633.88,2201.76,256,236.0,19.0,210.0,256.0
230440005080262,1,Parquelândia,165.0,160.0,408307.0,554.0,2551.92,2474.59,165,163.0,2.0,144.0,165.0
230440005080263,1,Parquelândia,319.0,299.0,855161.0,1060.0,2860.07,2680.76,319,299.0,7.0,261.0,319.0
230440005080264,1,Parquelândia,234.0,125.0,236044.0,708.0,1888.35,1017.43,232,222.0,10.0,232.0,231.0
230440005080265,1,Parquelândia,233.0,169.0,416913.0,733.0,2466.94,1789.33,233,231.0,1.0,232.0,233.0
230440005080266,1,Parquelândia,320.0,309.0,883035.0,963.0,2857.72,2759.48,320,274.0,46.0,308.0,320.0
230440005080267,1,Parquelândia,240.0,216.0,466163.0,775.0,2158.16,1942.35,240,189.0,51.0,238.0,240.0
230440005080268,1,Parquelândia,217.0,202.0,375054.0,706.0,1856.7,1728.36,217,196.0,21.0,214.0,217.0
230440005080269,1,Parquelândia,233.0,205.0,479000.0,747.0,2352.07,2066.97,231,220.0,0.0,211.0,231.0
230440005080270,1,Parquelândia,219.0,172.0,310073.0,681.0,1802.75,1415.86,219,215.0,4.0,218.0,219.0
230440005080271,1,Parquelândia,308.0,160.0,252574.0,935.0,1578.59,820.05,308,305.0,3.0,297.0,308.0
230440005080272,1,Parquelândia,301.0,269.0,561402.0,913.0,2087.0,1865.12,301,289.0,4.0,272.0,301.0
230440005080346,1,Arraial Moura Brasil,155.0,151.0,103162.0,560.0,688.47,670.47,153,152.0,1.0,153.0,153.0
230440005080347,1,Arraial Moura Brasil,263.0,241.0,232788.0,946.0,965.93,885.13,263,243.0,11.0,248.0,263.0
230440005080348,1,Arraial Moura Brasil,130.0,126.0,114400.0,437.0,923.0,893.23,124,109.0,15.0,118.0,124.0
230440005080349,1,Arraial Moura Brasil,258.0,218.0,207027.0,917.0,952.89,804.58,257,226.0,2.0,238.0,220.0
230440005080350,1,Arraial Moura Brasil,92.0,80.0,82550.0,328.0,1031.88,897.28,92,86.0,1.0,90.0,69.0
230440005080351,1,Praia de Iracema,90.0,89.0,426093.0,215.0,4787.56,4734.37,90,88.0,0.0,89.0,90.0
230440005080352,1,Praia de Iracema,161.0,154.0,392808.0,448.0,2564.04,2451.86,160,159.0,0.0,157.0,160.0
230440005080353,1,Praia de Iracema,167.0,161.0,964970.0,410.0,5993.6,5778.26,167,167.0,0.0,167.0,167.0
230440005080354,1,Praia de Iracema,210.0,197.0,506639.0,813.0,2571.77,2412.57,210,201.0,9.0,206.0,210.0
230440005080430,1,Estância (Dionísio Torres),109.0,103.0,547255.0,375.0,5313.16,5020.69,109,109.0,0.0,109.0,109.0
230440005080431,1,Estância (Dionísio Torres),255.0,237.0,1374354.0,876.0,5798.96,5389.62,255,255.0,0.0,254.0,255.0
230440005080432,1,Estância (Dionísio Torres),224.0,213.0,1182017.0,695.0,5549.38,5276.86,224,224.0,0.0,217.0,224.0
230440005080433,1,Estância (Dionísio Torres),146.0,139.0,896250.0,519.0,6447.84,6138.7,146,146.0,0.0,145.0,146.0
230440005080434,1,Estância (Dionísio Torres),175.0,159.0,877178.0,629.0,5516.84,5012.45,175,174.0,1.0,157.0,175.0
230440005080435,1,Estância (Dionísio Torres),147.0,132.0,254494.0,384.0,1927.98,1731.25,147,119.0,0.0,137.0,147.0
230440005080436,1,Estância (Dionísio Torres),98.0,92.0,65446.0,347.0,711.37,667.82,98,32.0,2.0,98.0,98.0
230440005080437,1,Estância (Dionísio Torres),173.0,163.0,674951.0,549.0,4140.8,3901.45,173,170.0,0.0,148.0,173.0
230440005080438,1,Estância (Dionísio Torres),212.0,198.0,1051917.0,696.0,5312.71,4961.87,212,209.0,1.0,212.0,211.0
230440005080439,1,Estância (Dionísio Torres),204.0,201.0,1172268.0,689.0,5832.18,5746.41,204,204.0,0.0,202.0,204.0
230440005080440,1,Estância (Dionísio Torres),331.0,322.0,2065020.0,1034.0,6413.11,6238.73,331,330.0,1.0,329.0,331.0
230440005080441,1,Estância (Dionísio Torres),162.0,155.0,882805.0,546.0,5695.52,5449.41,162,160.0,0.0,162.0,162.0
230440005080442,1,Estância (Dionísio Torres),267.0,250.0,1603063.0,899.0,6412.25,6003.98,267,265.0,2.0,243.0,267.0
230440005080443,1,Estância (Dionísio Torres),229.0,221.0,1568356.0,768.0,7096.63,6848.72,229,227.0,1.0,229.0,229.0
230440005080444,1,Estância (Dionísio Torres),49.0,44.0,27443.0,186.0,623.7,560.06,49,41.0,5.0,49.0,49.0
230440005080445,1,Estância (Dionísio Torres),212.0,198.0,963148.0,686.0,4864.38,4543.15,212,211.0,0.0,210.0,212.0
230440005080446,1,Estância (Dionísio Torres),96.0,84.0,457507.0,368.0,5446.51,4765.7,96,96.0,0.0,95.0,96.0
230440005080447,1,Estância (Dionísio Torres),144.0,127.0,881770.0,529.0,6943.07,6123.4,144,144.0,0.0,142.0,144.0
230440005080448,1,Estância (Dionísio Torres),149.0,147.0,634940.0,474.0,4319.32,4261.34,149,148.0,1.0,137.0,149.0
230440005080449,1,Estância (Dionísio Torres),174.0,160.0,357116.0,499.0,2231.98,2052.39,174,171.0,3.0,174.0,174.0
230440005080450,1,Estância (Dionísio Torres),323.0,310.0,1752577.0,954.0,5653.47,5425.93,323,323.0,0.0,315.0,323.0
230440005080451,1,Estância (Dionísio Torres),265.0,262.0,1557396.0,760.0,5944.26,5876.97,265,264.0,0.0,265.0,265.0
230440005080452,1,Estância (Dionísio Torres),211.0,182.0,1063684.0,662.0,5844.42,5041.16,211,211.0,0.0,211.0,211.0
230440005080453,1,São João do Tauapé,258.0,241.0,373048.0,859.0,1547.92,1445.92,258,257.0,1.0,257.0,258.0
230440005080454,1,São João do Tauapé,203.0,197.0,310037.0,759.0,1573.79,1527.28,203,201.0,1.0,196.0,191.0
230440005080455,1,São João do Tauapé,179.0,136.0,186814.0,644.0,1373.63,1043.65,179,178.0,0.0,179.0,179.0
230440005080456,1,São João do Tauapé,176.0,163.0,317676.0,575.0,1948.93,1804.98,176,174.0,1.0,175.0,174.0
230440005080457,1,São João do Tauapé,182.0,173.0,318395.0,666.0,1845.32,1753.56,181,181.0,0.0,181.0,181.0
230440005080458,1,São João do Tauapé,275.0,267.0,570191.0,892.0,2140.34,2077.85,274,272.0,2.0,259.0,274.0
230440005080459,1,São João do Tauapé,261.0,255.0,638088.0,775.0,2502.31,2444.78,261,249.0,0.0,247.0,261.0
230440005080460,1,São João do Tauapé,249.0,235.0,796664.0,838.0,3390.06,3199.45,249,244.0,4.0,239.0,249.0
230440005080461,1,São João do Tauapé,150.0,141.0,516040.0,505.0,3659.86,3440.27,150,150.0,0.0,150.0,150.0
230440005080462,1,São João do Tauapé,285.0,275.0,1020546.0,950.0,3720.97,3589.95,284,282.0,0.0,274.0,282.0
230440005080463,1,São João do Tauapé,190.0,178.0,296010.0,646.0,1662.98,1557.95,190,190.0,0.0,189.0,190.0
230440005080464,1,São João do Tauapé,271.0,214.0,240227.0,934.0,1122.56,886.45,271,261.0,10.0,271.0,271.0
230440005080465,1,São João do Tauapé,227.0,208.0,300698.0,783.0,1445.66,1324.66,227,221.0,6.0,221.0,227.0
230440005080466,1,São João do Tauapé,238.0,217.0,208546.0,841.0,963.87,878.46,237,224.0,9.0,223.0,222.0
230440005080467,1,São João do Tauapé,161.0,140.0,68851.0,524.0,491.79,427.65,161,25.0,114.0,159.0,161.0
230440005080468,1,São João do Tauapé,231.0,190.0,141626.0,844.0,745.4,613.1,231,230.0,1.0,231.0,231.0
230440005080469,1,São João do Tauapé,213.0,202.0,365192.0,699.0,1807.88,1714.52,213,213.0,0.0,213.0,213.0
230440005080470,1,São João do Tauapé,237.0,222.0,414489.0,713.0,1867.07,1748.9,237,225.0,10.0,232.0,237.0
230440005080471,1,São João do Tauapé,164.0,150.0,475116.0,509.0,3167.44,2897.05,164,164.0,0.0,129.0,162.0
230440005080472,1,São João do Tauapé,248.0,210.0,438214.0,757.0,2092.65,1770.7,247,246.0,1.0,223.0,246.0
230440005080473,1,São João do Tauapé,103.0,98.0,219275.0,319.0,2237.5,2128.88,103,86.0,17.0,91.0,103.0
230440005080474,1,São João do Tauapé,431.0,374.0,254504.0,1489.0,680.49,590.5,431,293.0,38.0,413.0,430.0
230440005080475,1,São João do Tauapé,216.0,199.0,191334.0,726.0,961.48,885.81,216,185.0,0.0,194.0,216.0
230440005080476,1,São João do Tauapé,192.0,157.0,146773.0,640.0,934.86,764.44,192,185.0,7.0,168.0,192.0
230440005080477,1,São João do Tauapé,466.0,441.0,762394.0,1183.0,1728.78,1636.04,466,439.0,24.0,432.0,446.0
230440005080478,1,São João do Tauapé,304.0,219.0,114850.0,1139.0,524.43,377.8,304,57.0,0.0,283.0,304.0
230440005080479,1,São João do Tauapé,223.0,177.0,84079.0,820.0,475.02,377.04,223,57.0,0.0,221.0,222.0
230440005080480,1,São João do Tauapé,210.0,189.0,103419.0,762.0,547.19,492.47,210,61.0,0.0,204.0,210.0
230440005080481,1,São João do Tauapé,385.0,322.0,155836.0,1266.0,483.96,404.77,385,36.0,0.0,379.0,385.0
230440005080482,1,São João do Tauapé,173.0,154.0,84055.0,617.0,545.81,485.87,173,118.0,1.0,170.0,165.0
230440005080483,1,São João do Tauapé,155.0,136.0,68783.0,584.0,504.17,441.97,154,85.0,6.0,143.0,150.0
230440005080484,1,São João do Tauapé,211.0,198.0,1100952.0,713.0,5560.36,5217.78,211,208.0,3.0,184.0,211.0
230440005080485,1,São João do Tauapé,,,,253.0,1917.09,1735.74,74,,,,
230440005080486,1,Parreão,190.0,184.0,342961.0,677.0,1870.01,1810.64,189,187.0,0.0,188.0,188.0
230440005080487,1,Parreão,321.0,305.0,839467.0,1101.0,2752.35,2615.16,321,319.0,0.0,320.0,317.0
230440005080488,1,Parreão,174.0,167.0,851620.0,566.0,5099.52,4894.37,174,173.0,1.0,163.0,174.0
230440005080489,1,Parreão,254.0,235.0,715144.0,819.0,3043.17,2815.53,254,231.0,2.0,253.0,242.0
230440005080490,1,Parreão,265.0,191.0,174355.0,889.0,912.85,657.94,265,263.0,2.0,262.0,265.0
230440005080491,1,Parreão,335.0,253.0,790437.0,1172.0,3124.26,2359.51,335,330.0,1.0,333.0,335.0
230440005080492,1,Parreão,311.0,282.0,539689.0,1057.0,1913.79,1735.33,311,310.0,0.0,311.0,311.0
230440005080493,1,Parreão,350.0,328.0,484816.0,1203.0,1478.1,1385.19,350,350.0,0.0,349.0,350.0
230440005080494,1,Parreão,239.0,225.0,352976.0,801.0,1568.78,1495.66,236,233.0,0.0,233.0,236.0
230440005080495,1,Bom Futuro,298.0,219.0,322117.0,1027.0,1470.85,1080.93,298,296.0,1.0,293.0,298.0
230440005080496,1,Bom Futuro,257.0,199.0,259566.0,816.0,1304.35,1009.98,257,257.0,0.0,257.0,257.0
230440005080497,1,Bom Futuro,216.0,207.0,357038.0,687.0,1730.72,1658.27,215,208.0,4.0,213.0,215.0
230440005080498,1,Bom Futuro,216.0,201.0,317941.0,710.0,1581.8,1471.95,216,212.0,3.0,215.0,215.0
230440005080499,1,Bom Futuro,206.0,154.0,244014.0,678.0,1584.51,1184.53,206,205.0,0.0,206.0,206.0
230440005080500,1,Bom Futuro,169.0,134.0,148674.0,518.0,1109.51,879.73,169,169.0,0.0,169.0,169.0
230440005080501,1,Bom Futuro,178.0,139.0,179771.0,536.0,1293.32,1009.95,178,178.0,0.0,177.0,178.0
230440005080502,1,Bom Futuro,322.0,208.0,428864.0,1058.0,2069.87,1334.78,321,318.0,0.0,321.0,321.0
230440005080503,1,Bom Futuro,111.0,87.0,88385.0,371.0,1013.78,792.59,110,104.0,6.0,110.0,110.0
230440005080504,1,Amadeo Furtado,202.0,199.0,398022.0,668.0,2000.11,1970.41,202,198.0,3.0,188.0,202.0
230440005080505,1,Amadeo Furtado,189.0,176.0,218383.0,655.0,1240.81,1155.47,189,187.0,1.0,178.0,189.0
230440005080506,1,Amadeo Furtado,184.0,164.0,234455.0,591.0,1429.6,1274.21,184,178.0,6.0,170.0,184.0
230440005080507,1,Amadeo Furtado,345.0,324.0,553769.0,1174.0,1709.4,1604.44,342,330.0,12.0,326.0,342.0
230440005080508,1,Amadeo Furtado,339.0,331.0,743248.0,1140.0,2245.46,2192.47,339,339.0,0.0,317.0,339.0
230440005080509,1,Amadeo Furtado,299.0,294.0,1100099.0,986.0,3741.83,3679.26,299,295.0,3.0,290.0,299.0
230440005080510,1,Amadeo Furtado,283.0,257.0,837443.0,960.0,3258.53,2959.16,283,282.0,1.0,282.0,283.0
230440005080511,1,Amadeo Furtado,276.0,268.0,755305.0,1038.0,2818.3,2736.61,276,254.0,1.0,237.0,276.0
230440005080512,1,Amadeo Furtado,78.0,70.0,67381.0,307.0,962.59,863.86,78,56.0,20.0,65.0,78.0
230440005080513,1,Amadeo Furtado,87.0,80.0,88668.0,288.0,1108.35,1019.17,87,84.0,0.0,86.0,87.0
230440005080514,1,Amadeo Furtado,236.0,216.0,412752.0,847.0,1910.89,1748.95,236,208.0,27.0,176.0,236.0
230440005080515,1,Amadeo Furtado,240.0,216.0,193678.0,840.0,895.25,805.35,239,234.0,1.0,223.0,239.0
230440005080516,1,Amadeo Furtado,59.0,52.0,56745.0,221.0,1091.25,961.78,59,59.0,0.0,59.0,59.0
230440005080517,1,Amadeo Furtado,278.0,249.0,415745.0,927.0,1669.66,1495.49,278,254.0,3.0,218.0,278.0
230440005080518,1,Amadeo Furtado,82.0,74.0,73588.0,308.0,1001.21,902.32,81,80.0,1.0,76.0,81.0
230440005080872,1,São João do Tauapé,,,,17.0,845.0,845.0,6,,,,
230440005080873,1,Gentilândia,110.0,104.0,298320.0,319.0,2868.46,2712.0,110,107.0,0.0,105.0,110.0
230440005080995,1,Benfica,233.0,219.0,746456.0,703.0,3408.47,3203.67,233,233.0,0.0,230.0,233.0
230440005080996,1,Centro,299.0,297.0,941277.0,732.0,3169.28,3148.08,299,299.0,0.0,298.0,298.0
230440005080997,1,Gentilândia,176.0,167.0,350847.0,509.0,2100.88,1993.45,176,172.0,0.0,176.0,176.0
230440005080998,1,Benfica,188.0,177.0,584448.0,550.0,3306.52,3112.02,187,179.0,7.0,186.0,187.0
230440005080999,1,Benfica,160.0,148.0,405775.0,541.0,2741.72,2536.09,160,159.0,1.0,159.0,160.0
230440005081000,1,Gentilândia,186.0,178.0,497175.0,548.0,2793.12,2672.98,186,184.0,1.0,186.0,186.0
230440005081001,1,Centro,167.0,155.0,507857.0,513.0,3387.9,3174.82,159,159.0,0.0,159.0,159.0
230440005081002,1,Centro,135.0,101.0,129731.0,388.0,1284.47,960.97,135,135.0,0.0,135.0,135.0
230440005081003,1,Centro,185.0,181.0,728815.0,481.0,4026.6,3939.54,185,185.0,0.0,185.0,185.0
230440005081004,1,Centro,248.0,221.0,922905.0,754.0,4176.04,3721.39,248,247.0,0.0,108.0,248.0
230440005081005,1,Centro,161.0,153.0,511904.0,535.0,3434.04,3256.8,155,154.0,1.0,150.0,155.0
230440005081006,1,Centro,187.0,161.0,420232.0,543.0,2610.14,2247.23,187,185.0,2.0,186.0,187.0
230440005081007,1,Joaquim Távora,339.0,299.0,507817.0,990.0,1702.41,1500.35,337,315.0,22.0,332.0,337.0
230440005081008,1,Joaquim Távora,194.0,177.0,832579.0,613.0,4703.84,4291.64,194,194.0,0.0,105.0,194.0
230440005081009,1,Joaquim Távora,89.0,87.0,170235.0,244.0,1973.66,1928.81,88,87.0,1.0,87.0,88.0
230440005081010,1,Fátima,218.0,204.0,879176.0,549.0,4309.69,4032.92,218,210.0,8.0,195.0,218.0
230440005081011,1,Fátima,173.0,166.0,966007.0,618.0,5819.32,5583.86,173,173.0,0.0,173.0,173.0
230440005081012,1,Fátima,63.0,56.0,170626.0,204.0,3093.02,2835.27,60,59.0,0.0,57.0,60.0
230440005081013,1,Fátima,197.0,185.0,878790.0,607.0,4750.22,4460.86,197,197.0,0.0,194.0,197.0
230440005081014,1,Fátima,144.0,133.0,671821.0,401.0,5051.29,4665.42,144,144.0,0.0,141.0,144.0
230440005081015,1,Fátima,162.0,157.0,592946.0,511.0,3776.73,3660.16,162,158.0,0.0,161.0,162.0
230440005081016,1,Damas,266.0,256.0,410899.0,825.0,1605.07,1544.73,266,264.0,0.0,266.0,265.0
230440005081017,1,Damas,189.0,177.0,389997.0,581.0,2203.37,2063.48,189,189.0,0.0,189.0,189.0
230440005081018,1,Rodolfo Teófilo,219.0,167.0,180425.0,636.0,1080.39,823.86,219,219.0,0.0,205.0,219.0
230440005081019,1,Rodolfo Teófilo,210.0,177.0,155960.0,713.0,881.13,742.67,210,195.0,15.0,199.0,208.0
230440005081020,1,Rodolfo Teófilo,215.0,201.0,434873.0,740.0,2163.55,2032.12,214,209.0,1.0,173.0,214.0
230440005081021,1,Parquelândia,238.0,214.0,445615.0,832.0,2082.31,1872.33,238,235.0,1.0,235.0,238.0
230440005081022,1,Parquelândia,224.0,205.0,335521.0,760.0,1636.69,1497.86,224,224.0,0.0,201.0,224.0
230440005081023,1,Parquelândia,211.0,201.0,841526.0,695.0,4186.7,3988.27,211,187.0,22.0,209.0,211.0
230440005081024,1,Arraial Moura Brasil,161.0,144.0,91835.0,557.0,637.74,570.4,161,140.0,1.0,154.0,125.0
230440005081025,1,Praia de Iracema,204.0,193.0,579982.0,594.0,2999.91,2837.35,203,195.0,5.0,188.0,201.0
230440005081026,1,Praia de Iracema,96.0,74.0,229840.0,276.0,3105.95,2394.17,96,95.0,0.0,96.0,96.0
230440005081027,1,Praia de Iracema,163.0,151.0,606200.0,366.0,4014.57,3719.02,163,162.0,1.0,162.0,163.0
230440005081028,1,Estância (Dionísio Torres),219.0,195.0,905477.0,653.0,4663.28,4149.89,218,218.0,0.0,216.0,218.0
230440005081029,1,Estância (Dionísio Torres),271.0,258.0,1386788.0,845.0,5375.15,5117.3,271,270.0,1.0,271.0,271.0
230440005081030,1,São João do Tauapé,179.0,157.0,302278.0,472.0,1925.34,1688.7,179,179.0,0.0,179.0,179.0
230440005081031,1,São João do Tauapé,264.0,246.0,339498.0,874.0,1380.07,1285.98,264,175.0,0.0,259.0,264.0
230440005081032,1,São João do Tauapé,181.0,170.0,401441.0,541.0,2361.42,2217.91,181,181.0,0.0,179.0,181.0
230440005081033,1,São João do Tauapé,136.0,125.0,291091.0,439.0,2328.73,2140.38,136,133.0,3.0,135.0,136.0
230440005081034,1,Parreão,271.0,218.0,436850.0,1080.0,2003.9,1611.99,271,271.0,0.0,271.0,271.0
230440005081035,1,Parreão,297.0,275.0,786422.0,915.0,2859.72,2647.89,297,291.0,5.0,293.0,297.0
230440005081036,1,Parreão,206.0,201.0,277017.0,719.0,1378.19,1344.74,206,206.0,0.0,194.0,206.0
230440005081037,1,Amadeo Furtado,202.0,194.0,424653.0,738.0,2188.93,2102.24,202,194.0,6.0,182.0,202.0
230440005081162,1,Álvaro Weyne,94.0,89.0,220415.0,293.0,2498.92,2364.57,93,88.0,5.0,90.0,93.0
230440005120100,1,Aldeota,307.0,298.0,2226013.0,977.0,7469.84,7250.86,307,307.0,0.0,307.0,306.0
230440005120101,1,Aldeota,95.0,86.0,313590.0,293.0,3646.4,3300.95,95,92.0,3.0,90.0,95.0
230440005120102,1,Aldeota,136.0,119.0,535160.0,413.0,4497.14,3935.0,136,135.0,1.0,102.0,136.0
230440005120103,1,Aldeota,304.0,268.0,492777.0,1015.0,1838.72,1620.98,304,295.0,1.0,299.0,301.0
230440005120104,1,Aldeota,250.0,241.0,1499808.0,709.0,6223.27,5999.23,250,249.0,1.0,244.0,250.0
230440005120105,1,Aldeota,133.0,133.0,864062.0,399.0,6496.71,6496.71,133,133.0,0.0,133.0,133.0
230440005120106,1,Aldeota,234.0,200.0,1103745.0,734.0,5518.73,4716.86,234,234.0,0.0,227.0,234.0
230440005120107,1,Aldeota,208.0,197.0,1023631.0,641.0,5196.1,4921.3,208,203.0,0.0,208.0,208.0
230440005120108,1,Aldeota,103.0,96.0,422000.0,334.0,4395.83,4097.09,103,99.0,0.0,89.0,103.0
230440005120109,1,Aldeota,291.0,265.0,1504356.0,797.0,5708.35,5459.26,275,275.0,0.0,275.0,275.0
230440005120110,1,Aldeota,191.0,180.0,940300.0,500.0,5250.22,4946.26,190,183.0,1.0,170.0,190.0
230440005120111,1,Aldeota,171.0,157.0,828179.0,474.0,5275.03,4843.15,171,171.0,0.0,143.0,171.0
230440005120112,1,Aldeota,245.0,239.0,1437404.0,778.0,6014.24,5866.96,245,240.0,0.0,234.0,245.0
230440005120113,1,Aldeota,272.0,245.0,1484160.0,806.0,6057.8,5456.47,272,271.0,0.0,272.0,272.0
230440005120114,1,Aldeota,176.0,165.0,927555.0,415.0,5621.55,5270.2,176,173.0,0.0,161.0,176.0
230440005120115,1,Aldeota,292.0,287.0,1754794.0,808.0,6114.26,6009.57,292,289.0,2.0,292.0,292.0
230440005120116,1,Aldeota,172.0,162.0,1064510.0,548.0,6571.05,6189.01,172,171.0,0.0,171.0,172.0
230440005120117,1,Aldeota,234.0,230.0,1749844.0,874.0,7608.02,7477.97,234,230.0,3.0,197.0,234.0
230440005120118,1,Aldeota,249.0,177.0,1747388.0,832.0,9872.25,7074.45,247,247.0,0.0,247.0,247.0
230440005120119,1,Aldeota,313.0,308.0,1876130.0,1062.0,6109.22,6011.31,312,312.0,0.0,256.0,312.0
230440005120120,1,Aldeota,263.0,234.0,1085323.0,701.0,4657.18,4141.69,262,258.0,4.0,247.0,262.0
230440005120121,1,Aldeota,298.0,261.0,1095499.0,898.0,4197.31,3676.17,298,297.0,0.0,204.0,298.0
230440005120122,1,Aldeota,147.0,129.0,626477.0,428.0,4856.41,4261.75,147,144.0,3.0,146.0,147.0
230440005120123,1,Aldeota,317.0,300.0,726298.0,930.0,2420.99,2291.16,317,316.0,1.0,314.0,317.0
230440005120124,1,Aldeota,226.0,211.0,558214.0,743.0,2645.56,2469.97,226,224.0,2.0,220.0,226.0
230440005120125,1,Aldeota,342.0,317.0,1154081.0,1059.0,3640.63,3374.51,342,334.0,0.0,327.0,342.0
230440005120126,1,Aldeota,126.0,124.0,629570.0,418.0,5076.18,4994.96,125,124.0,1.0,124.0,125.0
230440005120127,1,Aldeota,255.0,229.0,944857.0,840.0,4126.01,3705.32,255,254.0,0.0,254.0,255.0
230440005120128,1,Aldeota,244.0,242.0,1357337.0,692.0,5669.23,5622.18,241,240.0,1.0,224.0,238.0
230440005120129,1,Aldeota,247.0,231.0,1886793.0,773.0,8167.94,7638.84,247,247.0,0.0,234.0,247.0
230440005120130,1,Aldeota,254.0,246.0,2626400.0,665.0,10676.42,10340.16,254,254.0,0.0,227.0,254.0
230440005120131,1,Aldeota,279.0,276.0,2430685.0,889.0,8806.83,8712.13,279,277.0,0.0,258.0,279.0
230440005120132,1,Aldeota,356.0,344.0,2158255.0,1153.0,6274.0,6062.51,356,352.0,3.0,349.0,356.0
230440005120133,1,Aldeota,135.0,125.0,911520.0,455.0,7292.16,6752.0,135,134.0,1.0,133.0,135.0
230440005120134,1,Aldeota,231.0,199.0,137083.0,917.0,688.86,593.43,231,231.0,0.0,231.0,231.0
230440005120135,1,Aldeota,220.0,192.0,129003.0,929.0,671.89,586.38,220,220.0,0.0,220.0,220.0
230440005120136,1,Aldeota,310.0,297.0,1030380.0,827.0,3469.29,3323.81,310,309.0,1.0,160.0,310.0
230440005120137,1,Aldeota,249.0,202.0,465325.0,760.0,2303.59,1868.78,249,192.0,35.0,238.0,248.0
230440005120138,1,Aldeota,316.0,302.0,719066.0,909.0,2381.01,2275.53,316,276.0,5.0,279.0,316.0
230440005120139,1,Aldeota,150.0,148.0,901044.0,503.0,6088.14,6006.96,150,149.0,1.0,134.0,150.0
230440005120355,1,Meireles,132.0,110.0,89995.0,499.0,818.14,681.78,132,124.0,0.0,132.0,132.0
230440005120356,1,Meireles,236.0,229.0,1740305.0,765.0,7599.59,7374.17,236,236.0,0.0,236.0,236.0
230440005120357,1,Meireles,233.0,198.0,1333950.0,675.0,6737.12,5725.11,233,233.0,0.0,233.0,233.0
230440005120358,1,Meireles,164.0,138.0,2454710.0,522.0,17787.75,15152.53,162,162.0,0.0,153.0,162.0
230440005120359,1,Meireles,201.0,151.0,1709120.0,550.0,11471.76,8662.35,196,196.0,0.0,196.0,196.0
230440005120360,1,Meireles,99.0,85.0,931486.0,284.0,10958.66,9408.95,99,99.0,0.0,76.0,99.0
230440005120361,1,Meireles,242.0,232.0,2830536.0,738.0,12200.59,11696.43,242,242.0,0.0,241.0,242.0
230440005120362,1,Meireles,249.0,240.0,1666820.0,788.0,6945.08,6694.06,249,249.0,0.0,249.0,249.0
230440005120363,1,Meireles,394.0,372.0,2710612.0,1188.0,7286.59,6879.73,394,393.0,1.0,390.0,394.0
230440005120364,1,Meireles,149.0,137.0,1173112.0,409.0,8618.29,7919.51,148,148.0,0.0,145.0,148.0
230440005120365,1,Meireles,265.0,227.0,1341957.0,804.0,5911.7,5063.99,265,265.0,0.0,263.0,265.0
230440005120366,1,Meireles,134.0,130.0,672918.0,321.0,5176.29,5021.78,134,133.0,1.0,123.0,134.0
230440005120367,1,Meireles,261.0,221.0,2073610.0,774.0,9382.85,7944.87,261,261.0,0.0,251.0,261.0
230440005120368,1,Meireles,105.0,97.0,1182100.0,372.0,12186.6,11258.1,105,105.0,0.0,105.0,105.0
230440005120369,1,Meireles,156.0,153.0,1085802.0,465.0,7096.75,6960.27,156,156.0,0.0,155.0,156.0
230440005120370,1,Meireles,186.0,179.0,1139545.0,639.0,6373.85,6132.68,185,185.0,0.0,169.0,185.0
230440005120371,1,Meireles,181.0,168.0,765204.0,549.0,4554.79,4227.65,181,179.0,2.0,176.0,181.0
230440005120372,1,Meireles,185.0,180.0,1326660.0,472.0,7370.33,7171.14,185,185.0,0.0,184.0,185.0
230440005120373,1,Meireles,102.0,100.0,467030.0,170.0,4670.3,4578.73,102,102.0,0.0,102.0,102.0
230440005120374,1,Meireles,132.0,92.0,432510.0,401.0,4701.2,3276.59,132,132.0,0.0,124.0,132.0
230440005120375,1,Meireles,156.0,150.0,1012775.0,451.0,6751.83,6492.15,156,150.0,6.0,155.0,156.0
230440005120376,1,Meireles,231.0,211.0,1607824.0,670.0,7620.02,6960.28,231,226.0,5.0,225.0,231.0
230440005120377,1,Meireles,284.0,260.0,2118983.0,835.0,8149.93,7461.21,284,284.0,0.0,283.0,284.0
230440005120378,1,Meireles,241.0,203.0,3079471.0,831.0,15169.81,12777.89,241,241.0,0.0,240.0,241.0
230440005120379,1,Meireles,266.0,253.0,876495.0,793.0,3464.41,3295.09,266,262.0,1.0,262.0,266.0
230440005120380,1,Meireles,98.0,79.0,235880.0,260.0,2985.82,2406.94,98,98.0,0.0,98.0,98.0
230440005120381,1,Meireles,210.0,202.0,1370271.0,569.0,6783.52,6525.1,210,210.0,0.0,198.0,210.0
230440005120382,1,Meireles,80.0,80.0,596135.0,222.0,7451.69,7451.69,80,80.0,0.0,79.0,80.0
230440005120383,1,Meireles,207.0,190.0,1031954.0,558.0,5431.34,4985.29,207,207.0,0.0,188.0,207.0
230440005120384,1,Meireles,281.0,259.0,2165257.0,874.0,8360.07,7705.54,281,281.0,0.0,257.0,280.0
230440005120385,1,Meireles,291.0,181.0,1151095.0,784.0,6359.64,3955.65,291,291.0,0.0,289.0,291.0
230440005120386,1,Meireles,249.0,235.0,1635683.0,668.0,6960.35,6569.01,249,245.0,2.0,220.0,249.0
230440005120387,1,Varjota,159.0,156.0,427130.0,458.0,2752.39,2700.13,158,155.0,2.0,156.0,158.0
230440005120388,1,Varjota,103.0,100.0,374040.0,312.0,3740.4,3631.46,103,102.0,0.0,102.0,103.0
230440005120389,1,Varjota,300.0,284.0,1602908.0,910.0,5662.18,5359.19,299,298.0,1.0,297.0,299.0
230440005120390,1,Varjota,98.0,79.0,257555.0,343.0,3260.19,2628.11,98,98.0,0.0,95.0,98.0
230440005120391,1,Varjota,212.0,198.0,946371.0,666.0,4779.65,4464.01,212,200.0,8.0,199.0,212.0
230440005120392,1,Varjota,273.0,250.0,703185.0,690.0,2812.74,2575.77,273,268.0,4.0,265.0,273.0
230440005120393,1,Varjota,179.0,156.0,730540.0,583.0,4682.95,4081.23,179,179.0,0.0,179.0,179.0
230440005120394,1,Varjota,204.0,196.0,535576.0,641.0,2732.53,2625.37,204,195.0,9.0,199.0,204.0
230440005120395,1,Varjota,122.0,114.0,368907.0,428.0,3284.71,3065.73,120,109.0,8.0,112.0,120.0
230440005120396,1,Papicu,182.0,173.0,622342.0,579.0,3612.34,3432.72,181,181.0,0.0,178.0,181.0
230440005120397,1,Papicu,195.0,173.0,130028.0,637.0,751.61,666.81,195,176.0,19.0,190.0,194.0
230440005120398,1,Papicu,223.0,211.0,811550.0,673.0,3846.21,3639.24,223,221.0,0.0,220.0,223.0
230440005120399,1,Papicu,81.0,77.0,283580.0,264.0,3682.86,3500.99,81,80.0,1.0,81.0,81.0
230440005120400,1,Papicu,232.0,223.0,530355.0,726.0,2388.09,2295.04,231,225.0,0.0,229.0,231.0
230440005120401,1,Papicu,228.0,156.0,130414.0,879.0,835.99,571.99,228,222.0,6.0,224.0,228.0
230440005120402,1,Papicu,214.0,201.0,1219149.0,750.0,6065.42,5696.96,214,210.0,4.0,199.0,214.0
230440005120403,1,De Lourdes,173.0,149.0,416147.0,535.0,2792.93,2405.47,173,68.0,4.0,121.0,173.0
230440005120404,1,De Lourdes,129.0,108.0,643497.0,378.0,5958.31,4988.35,129,128.0,1.0,128.0,129.0
230440005120405,1,Papicu,295.0,275.0,1274403.0,957.0,4634.19,4320.01,295,238.0,33.0,295.0,295.0
230440005120406,1,Papicu,186.0,162.0,211060.0,643.0,1302.84,1134.73,186,150.0,35.0,166.0,185.0
230440005120407,1,Papicu,194.0,187.0,1024240.0,484.0,5477.22,5279.59,194,194.0,0.0,80.0,194.0
230440005120408,1,Papicu,223.0,216.0,1059821.0,728.0,4989.63,4830.14,219,219.0,0.0,198.0,219.0
230440005120409,1,Papicu,121.0,115.0,526574.0,375.0,4621.11,4386.14,118,117.0,1.0,114.0,118.0
230440005120410,1,Papicu,188.0,162.0,108916.0,666.0,672.32,579.34,188,182.0,2.0,187.0,188.0
230440005120411,1,Papicu,251.0,214.0,611060.0,811.0,2855.42,2444.24,250,249.0,1.0,249.0,250.0
230440005120412,1,Papicu,86.0,78.0,151817.0,269.0,1946.37,1765.31,86,46.0,40.0,85.0,86.0
230440005120413,1,Papicu,302.0,259.0,164347.0,1078.0,634.54,544.2,302,279.0,10.0,298.0,299.0
230440005120414,1,De Lourdes,104.0,99.0,545087.0,303.0,5505.93,5241.22,104,104.0,0.0,104.0,104.0
230440005120415,1,Papicu,100.0,99.0,621180.0,337.0,6274.55,6211.8,100,99.0,1.0,97.0,99.0
230440005120416,1,Papicu,129.0,112.0,86580.0,495.0,773.04,671.16,129,34.0,78.0,123.0,129.0
230440005120417,1,Papicu,343.0,319.0,848761.0,1101.0,2660.69,2481.76,342,262.0,5.0,337.0,342.0
230440005120418,1,Coco,212.0,208.0,1086582.0,663.0,5223.95,5125.39,212,210.0,2.0,189.0,212.0
230440005120419,1,Coco,270.0,260.0,1610590.0,816.0,6194.58,5965.15,270,267.0,1.0,269.0,270.0
230440005120420,1,Coco,45.0,44.0,700950.0,195.0,15930.68,15576.67,45,45.0,0.0,45.0,45.0
230440005120421,1,Coco,236.0,209.0,2105086.0,689.0,10072.18,8919.86,236,234.0,2.0,235.0,234.0
230440005120422,1,Coco,61.0,56.0,61969.0,260.0,1106.59,1015.89,61,61.0,0.0,61.0,61.0
230440005120423,1,Coco,289.0,282.0,1627131.0,919.0,5769.97,5630.21,289,285.0,4.0,275.0,289.0
230440005120424,1,Coco,329.0,320.0,1837647.0,1014.0,5742.65,5585.55,329,329.0,0.0,305.0,329.0
230440005120425,1,Coco,253.0,243.0,1961360.0,800.0,8071.44,7752.41,253,251.0,2.0,216.0,253.0
230440005120426,1,Coco,284.0,279.0,1836780.0,832.0,6583.44,6467.54,284,278.0,6.0,258.0,284.0
230440005120427,1,Coco,201.0,189.0,956332.0,653.0,5059.96,4757.87,201,194.0,2.0,199.0,200.0
230440005120428,1,Coco,246.0,226.0,1224485.0,766.0,5418.08,4977.58,246,239.0,4.0,241.0,246.0
230440005120429,1,Coco,339.0,311.0,2063754.0,1048.0,6635.86,6087.77,339,337.0,2.0,336.0,339.0
230440005120607,1,Mucuripe,187.0,181.0,965234.0,487.0,5332.78,5161.68,187,182.0,5.0,151.0,187.0
230440005120608,1,Mucuripe,294.0,261.0,2647243.0,883.0,10142.69,9004.23,294,294.0,0.0,294.0,294.0
230440005120609,1,Mucuripe,206.0,203.0,2440950.0,600.0,12024.38,11849.27,206,206.0,0.0,202.0,206.0
230440005120610,1,Mucuripe,262.0,250.0,1451222.0,708.0,5804.89,5539.02,262,246.0,16.0,262.0,262.0
230440005120611,1,Mucuripe,155.0,132.0,101460.0,510.0,747.72,633.07,150,17.0,21.0,129.0,114.0
230440005120612,1,Mucuripe,186.0,171.0,186439.0,724.0,1090.29,1002.36,186,105.0,66.0,162.0,186.0
230440005120613,1,Mucuripe,304.0,269.0,287536.0,1055.0,1068.91,945.84,304,290.0,12.0,298.0,304.0
230440005120614,1,Mucuripe,418.0,403.0,988762.0,1427.0,2463.22,2374.4,416,397.0,13.0,412.0,416.0
230440005120615,1,Mucuripe,242.0,231.0,1698043.0,734.0,7350.84,7016.71,242,242.0,0.0,241.0,242.0
230440005120616,1,Mucuripe,209.0,201.0,1108547.0,550.0,5515.16,5304.05,209,207.0,2.0,206.0,209.0
230440005120617,1,Mucuripe,305.0,290.0,2603834.0,985.0,8978.74,8537.16,305,298.0,3.0,287.0,305.0
230440005120618,1,Mucuripe,194.0,162.0,456115.0,726.0,2815.52,2351.11,194,82.0,44.0,186.0,194.0
230440005120619,1,Mucuripe,200.0,151.0,377989.0,688.0,2503.24,1889.95,200,135.0,61.0,129.0,197.0
230440005120620,1,Mucuripe,212.0,199.0,1019654.0,696.0,5123.89,4809.69,212,207.0,4.0,124.0,212.0
230440005120621,1,Mucuripe,219.0,191.0,257366.0,746.0,1347.47,1175.19,219,214.0,3.0,201.0,219.0
230440005120622,1,Cais do Porto,332.0,223.0,176095.0,1123.0,789.66,530.41,332,138.0,190.0,328.0,332.0
230440005120623,1,Cais do Porto,400.0,363.0,277963.0,1315.0,765.73,694.01,395,89.0,300.0,386.0,395.0
230440005120624,1,Cais do Porto,275.0,199.0,134240.0,950.0,674.57,488.15,275,21.0,248.0,268.0,275.0
230440005120625,1,Cais do Porto,338.0,31.0,19280.0,1209.0,621.94,57.04,338,32.0,303.0,337.0,338.0
230440005120626,1,Cais do Porto,230.0,202.0,176154.0,771.0,875.67,768.13,228,214.0,14.0,228.0,228.0
230440005120627,1,Cais do Porto,181.0,161.0,129020.0,579.0,797.0,708.44,180,175.0,3.0,180.0,180.0
230440005120628,1,Cais do Porto,253.0,226.0,161376.0,916.0,714.05,637.85,253,246.0,0.0,248.0,253.0
230440005120629,1,Cais do Porto,149.0,102.0,77060.0,526.0,755.49,517.18,149,138.0,10.0,131.0,149.0
230440005120630,1,Cais do Porto,326.0,294.0,198656.0,1056.0,675.7,609.37,326,247.0,1.0,303.0,326.0
230440005120631,1,Cais do Porto,122.0,114.0,85271.0,421.0,750.1,700.5,121,29.0,88.0,112.0,121.0
230440005120632,1,Cais do Porto,236.0,207.0,594065.0,758.0,2869.88,2517.22,236,165.0,15.0,183.0,233.0
230440005120633,1,Cais do Porto,351.0,313.0,246345.0,1270.0,787.04,701.84,351,226.0,118.0,329.0,351.0
230440005120634,1,Cais do Porto,163.0,138.0,121086.0,616.0,877.43,742.86,163,160.0,3.0,163.0,163.0
230440005120635,1,Cais do Porto,60.0,48.0,37112.0,239.0,773.17,618.53,60,60.0,0.0,60.0,60.0
230440005120639,1,Cais do Porto,295.0,246.0,149365.0,1026.0,607.17,506.32,295,280.0,14.0,291.0,295.0
230440005120640,1,Cais do Porto,334.0,282.0,153500.0,1285.0,544.33,459.58,334,309.0,5.0,326.0,334.0
230440005120641,1,Cais do Porto,202.0,180.0,93258.0,764.0,518.1,461.67,202,188.0,8.0,193.0,202.0
230440005120642,1,Cais do Porto,198.0,185.0,131252.0,723.0,709.47,662.89,198,196.0,0.0,190.0,198.0
230440005120643,1,Cais do Porto,225.0,189.0,152601.0,754.0,807.41,678.23,225,221.0,0.0,223.0,225.0
230440005120644,1,Cais do Porto,283.0,227.0,210382.0,1043.0,926.79,743.4,283,255.0,26.0,280.0,283.0
230440005120645,1,Cais do Porto,229.0,186.0,137528.0,920.0,739.4,600.56,229,219.0,0.0,226.0,208.0
230440005120646,1,Cais do Porto,154.0,125.0,136073.0,567.0,1088.58,883.59,154,94.0,30.0,128.0,146.0
230440005120647,1,Vicente Pinzon,59.0,44.0,29369.0,206.0,667.48,497.78,59,55.0,0.0,58.0,59.0
230440005120648,1,Vicente Pinzon,196.0,148.0,117265.0,793.0,792.33,598.29,196,194.0,0.0,189.0,196.0
230440005120649,1,Vicente Pinzon,200.0,186.0,200440.0,726.0,1077.63,1002.2,200,199.0,1.0,199.0,200.0
230440005120650,1,Vicente Pinzon,174.0,119.0,490428.0,677.0,4121.24,2818.55,174,145.0,27.0,171.0,174.0
230440005120651,1,Vicente Pinzon,146.0,134.0,106651.0,563.0,795.9,730.49,146,68.0,76.0,144.0,146.0
230440005120652,1,Vicente Pinzon,35.0,29.0,37400.0,120.0,1289.66,1068.57,35,2.0,14.0,35.0,35.0
230440005120653,1,Vicente Pinzon,193.0,165.0,130784.0,735.0,792.63,677.64,193,83.0,101.0,185.0,193.0
230440005120654,1,Vicente Pinzon,32.0,29.0,41008.0,144.0,1414.07,1281.5,32,1.0,0.0,30.0,20.0
230440005120655,1,Vicente Pinzon,132.0,106.0,95479.0,551.0,900.75,723.33,132,117.0,12.0,126.0,131.0
230440005120656,1,Vicente Pinzon,376.0,340.0,279521.0,1334.0,829.19,748.73,371,275.0,1.0,336.0,371.0
230440005120657,1,Vicente Pinzon,260.0,232.0,221320.0,950.0,953.97,851.23,260,241.0,0.0,251.0,260.0
230440005120658,1,Vicente Pinzon,294.0,277.0,266286.0,1080.0,961.32,905.73,294,292.0,0.0,287.0,294.0
230440005120659,1,Vicente Pinzon,249.0,173.0,212204.0,899.0,1226.61,852.22,249,230.0,0.0,229.0,249.0
230440005120660,1,Vicente Pinzon,273.0,229.0,180962.0,957.0,790.23,662.86,273,225.0,0.0,269.0,273.0
230440005120661,1,Vicente Pinzon,330.0,61.0,33735.0,1346.0,553.03,102.23,330,2.0,324.0,330.0,330.0
230440005120662,1,Vicente Pinzon,253.0,209.0,182618.0,789.0,873.77,721.81,253,139.0,112.0,233.0,253.0
230440005120663,1,Vicente Pinzon,317.0,288.0,357540.0,984.0,1241.46,1127.89,317,291.0,24.0,214.0,317.0
230440005120664,1,Vicente Pinzon,240.0,223.0,426517.0,829.0,1912.63,1777.15,240,186.0,52.0,108.0,240.0
230440005120665,1,Vicente Pinzon,102.0,92.0,332513.0,365.0,3614.27,3259.93,102,58.0,10.0,80.0,102.0
230440005120666,1,Vicente Pinzon,181.0,153.0,91456.0,713.0,597.75,505.28,181,77.0,104.0,172.0,181.0
230440005120667,1,Vicente Pinzon,171.0,164.0,808725.0,525.0,4931.25,4729.39,171,170.0,1.0,168.0,171.0
230440005120668,1,Vicente Pinzon,196.0,186.0,595009.0,660.0,3198.97,3035.76,196,189.0,7.0,190.0,196.0
230440005120669,1,Vicente Pinzon,185.0,182.0,1011736.0,592.0,5558.99,5468.84,185,185.0,0.0,182.0,185.0
230440005120670,1,Vicente Pinzon,144.0,140.0,712703.0,488.0,5090.74,4949.33,144,142.0,2.0,142.0,144.0
230440005120671,1,Vicente Pinzon,254.0,225.0,666941.0,872.0,2964.18,2625.75,254,209.0,0.0,253.0,254.0
230440005120672,1,Vicente Pinzon,147.0,119.0,73496.0,601.0,617.61,499.97,147,105.0,5.0,140.0,147.0
230440005120673,1,Vicente Pinzon,424.0,245.0,237832.0,1426.0,970.74,560.92,424,370.0,0.0,389.0,424.0
230440005120674,1,Vicente Pinzon,288.0,229.0,202360.0,1010.0,883.67,702.64,288,284.0,0.0,267.0,288.0
230440005120675,1,Vicente Pinzon,357.0,337.0,583973.0,1326.0,1732.86,1635.78,357,343.0,9.0,346.0,357.0
230440005120676,1,Vicente Pinzon,262.0,228.0,425311.0,1070.0,1865.4,1623.32,262,204.0,56.0,248.0,258.0
230440005120677,1,Vicente Pinzon,122.0,114.0,159728.0,339.0,1401.12,1309.25,122,73.0,3.0,118.0,122.0
230440005120678,1,Vicente Pinzon,241.0,224.0,559145.0,700.0,2496.18,2320.1,241,224.0,17.0,174.0,241.0
230440005120679,1,Vicente Pinzon,229.0,202.0,227966.0,657.0,1161.5,1016.31,216,147.0,36.0,133.0,216.0
230440005120680,1,Vicente Pinzon,55.0,55.0,170455.0,139.0,3099.18,3099.18,55,42.0,0.0,20.0,55.0
230440005120681,1,Vicente Pinzon,74.0,72.0,251410.0,209.0,3491.81,3397.43,74,74.0,0.0,74.0,74.0
230440005120682,1,Praia do Futuro I,189.0,169.0,441741.0,557.0,2615.22,2335.51,187,145.0,9.0,117.0,167.0
230440005120683,1,Praia do Futuro I,227.0,215.0,1147782.0,691.0,5367.84,5080.28,224,216.0,8.0,153.0,223.0
230440005120684,1,Praia do Futuro I,498.0,402.0,260622.0,1771.0,648.31,523.34,498,30.0,381.0,467.0,497.0
230440005120685,1,Praia do Futuro I,128.0,122.0,371880.0,435.0,3069.17,2924.17,127,77.0,50.0,87.0,127.0
230440005120686,1,Praia do Futuro II,249.0,208.0,159143.0,805.0,766.34,639.65,248,78.0,3.0,221.0,211.0
230440005120687,1,Praia do Futuro II,152.0,135.0,406675.0,458.0,3031.16,2689.9,151,84.0,67.0,147.0,148.0
230440005120688,1,Praia do Futuro II,268.0,194.0,208716.0,959.0,1075.86,781.71,267,32.0,85.0,231.0,222.0
230440005120689,1,Praia do Futuro II,309.0,241.0,194738.0,1065.0,808.08,629.67,308,10.0,39.0,294.0,277.0
230440005120690,1,Praia do Futuro II,174.0,127.0,125519.0,580.0,988.34,721.37,174,4.0,37.0,164.0,160.0
230440005120691,1,Praia do Futuro II,597.0,547.0,469870.0,2034.0,852.06,780.45,595,27.0,30.0,570.0,544.0
230440005120692,1,Manuel Dias Branco,348.0,301.0,856976.0,1117.0,2847.1,2462.57,348,163.0,59.0,292.0,292.0
230440005120693,1,Manuel Dias Branco,94.0,86.0,128114.0,330.0,1489.7,1362.91,94,16.0,76.0,93.0,94.0
230440005120694,1,Cidade 2000,240.0,222.0,527707.0,802.0,2377.06,2198.78,240,240.0,0.0,216.0,240.0
230440005120695,1,Cidade 2000,163.0,156.0,355243.0,502.0,2277.2,2179.4,163,162.0,0.0,163.0,163.0
230440005120696,1,Cidade 2000,224.0,212.0,293814.0,729.0,1385.92,1311.67,224,224.0,0.0,224.0,224.0
230440005120697,1,Cidade 2000,232.0,219.0,382322.0,768.0,1745.76,1647.94,232,231.0,1.0,231.0,232.0
230440005120698,1,Cidade 2000,268.0,255.0,395627.0,740.0,1551.48,1476.22,268,268.0,0.0,268.0,268.0
230440005120699,1,Cidade 2000,376.0,363.0,693714.0,1186.0,1911.06,1844.98,376,376.0,0.0,376.0,376.0
230440005120700,1,Cidade 2000,413.0,383.0,563655.0,1308.0,1471.68,1364.78,413,412.0,1.0,413.0,413.0
230440005120701,1,Cidade 2000,291.0,277.0,433599.0,909.0,1565.34,1490.03,291,291.0,0.0,291.0,291.0
230440005120874,1,De Lourdes,263.0,240.0,2006540.0,961.0,8360.58,7629.43,263,261.0,1.0,232.0,263.0
230440005120875,1,De Lourdes,169.0,167.0,1557210.0,715.0,9324.61,9214.26,169,163.0,6.0,126.0,169.0
230440005120876,1,De Lourdes,122.0,101.0,550035.0,478.0,5445.89,4508.48,122,95.0,24.0,111.0,122.0
230440005121038,1,Aldeota,282.0,229.0,1705780.0,913.0,7448.82,6048.87,282,260.0,22.0,281.0,282.0
230440005121039,1,Aldeota,242.0,236.0,1619146.0,744.0,6860.79,6690.69,242,242.0,0.0,241.0,242.0
230440005121040,1,Aldeota,205.0,192.0,1234124.0,607.0,6427.73,6020.12,205,205.0,0.0,179.0,205.0
230440005121041,1,Aldeota,330.0,309.0,2196081.0,1084.0,7107.06,6654.79,330,316.0,14.0,329.0,330.0
230440005121042,1,Aldeota,192.0,184.0,1166850.0,619.0,6341.58,6077.34,192,192.0,0.0,190.0,192.0
230440005121043,1,Aldeota,158.0,153.0,878474.0,471.0,5741.66,5559.96,158,154.0,4.0,156.0,158.0
230440005121044,1,Aldeota,188.0,179.0,1015992.0,578.0,5675.93,5404.21,188,174.0,13.0,181.0,187.0
230440005121045,1,Aldeota,229.0,211.0,1403780.0,559.0,6652.99,6130.04,229,228.0,1.0,228.0,229.0
230440005121046,1,Aldeota,264.0,253.0,1761280.0,623.0,6961.58,6671.52,264,264.0,0.0,261.0,264.0
230440005121047,1,Aldeota,177.0,172.0,1491104.0,578.0,8669.21,8424.32,177,177.0,0.0,176.0,177.0
230440005121048,1,Aldeota,221.0,209.0,1533238.0,745.0,7336.07,6937.73,221,221.0,0.0,219.0,221.0
230440005121049,1,Aldeota,200.0,195.0,667033.0,598.0,3420.68,3335.17,200,195.0,1.0,189.0,199.0
230440005121050,1,Aldeota,180.0,177.0,879404.0,468.0,4968.38,4885.58,180,178.0,2.0,167.0,180.0
230440005121051,1,Aldeota,309.0,302.0,2040823.0,839.0,6757.69,6604.61,309,309.0,0.0,289.0,309.0
230440005121052,1,Aldeota,286.0,276.0,2083205.0,818.0,7547.84,7283.93,286,286.0,0.0,236.0,286.0
230440005121053,1,Aldeota,263.0,252.0,2181922.0,873.0,8658.42,8296.28,263,259.0,2.0,261.0,263.0
230440005121054,1,Aldeota,294.0,274.0,2203377.0,972.0,8041.52,7494.48,294,279.0,8.0,271.0,293.0
230440005121055,1,Aldeota,209.0,184.0,1046552.0,753.0,5687.78,5007.43,209,184.0,21.0,188.0,209.0
230440005121056,1,Aldeota,178.0,173.0,1033386.0,530.0,5973.33,5805.54,178,170.0,8.0,177.0,177.0
230440005121057,1,Meireles,384.0,367.0,2534618.0,1142.0,6906.32,6600.57,384,382.0,2.0,383.0,384.0
230440005121058,1,Meireles,203.0,195.0,1110104.0,541.0,5692.84,5468.49,203,186.0,17.0,202.0,203.0
230440005121059,1,Meireles,179.0,169.0,1244814.0,442.0,7365.76,6954.27,179,179.0,0.0,179.0,179.0
230440005121060,1,Meireles,137.0,127.0,769381.0,278.0,6058.12,5615.92,137,132.0,3.0,135.0,136.0
230440005121061,1,Meireles,232.0,192.0,1332340.0,769.0,6939.27,5742.84,232,231.0,1.0,195.0,232.0
230440005121062,1,Meireles,156.0,151.0,391710.0,613.0,2594.11,2510.96,156,156.0,0.0,156.0,156.0
230440005121063,1,Meireles,223.0,212.0,1424043.0,658.0,6717.18,6385.84,223,222.0,1.0,221.0,223.0
230440005121064,1,Meireles,243.0,233.0,1903657.0,696.0,8170.2,7833.98,243,239.0,3.0,235.0,243.0
230440005121065,1,Meireles,224.0,209.0,2398931.0,670.0,11478.14,10709.51,224,215.0,3.0,222.0,224.0
230440005121066,1,Meireles,217.0,201.0,1086255.0,598.0,5404.25,5005.78,217,214.0,0.0,213.0,217.0
230440005121067,1,Meireles,175.0,167.0,1645703.0,537.0,9854.51,9404.02,175,175.0,0.0,175.0,175.0
230440005121068,1,Meireles,207.0,197.0,1317971.0,583.0,6690.21,6367.01,207,203.0,1.0,207.0,207.0
230440005121069,1,Meireles,148.0,129.0,120050.0,549.0,930.62,811.15,148,145.0,2.0,147.0,148.0
230440005121070,1,Meireles,245.0,242.0,1825244.0,785.0,7542.33,7449.98,245,244.0,1.0,232.0,245.0
230440005121071,1,Meireles,74.0,74.0,720770.0,124.0,9740.14,9740.14,74,74.0,0.0,74.0,74.0
230440005121072,1,Meireles,199.0,193.0,1529679.0,510.0,7925.8,7686.83,199,199.0,0.0,196.0,199.0
230440005121073,1,Meireles,234.0,221.0,1753002.0,562.0,7932.14,7491.46,234,229.0,4.0,212.0,234.0
230440005121074,1,Meireles,214.0,152.0,1052775.0,572.0,6926.15,4919.51,214,214.0,0.0,212.0,214.0
230440005121075,1,Meireles,192.0,173.0,1220319.0,553.0,7053.87,6355.83,192,186.0,4.0,184.0,192.0
230440005121076,1,Meireles,338.0,305.0,2266942.0,967.0,7432.6,6706.93,338,336.0,1.0,335.0,338.0
230440005121077,1,Meireles,161.0,158.0,565807.0,445.0,3581.06,3514.33,161,161.0,0.0,157.0,161.0
230440005121078,1,Meireles,58.0,53.0,264970.0,124.0,4999.43,4568.45,58,57.0,1.0,31.0,57.0
230440005121079,1,Meireles,209.0,201.0,1560168.0,612.0,7762.03,7464.92,209,208.0,0.0,208.0,209.0
230440005121080,1,Meireles,76.0,70.0,393000.0,138.0,5614.29,5171.05,76,76.0,0.0,74.0,76.0
230440005121081,1,Meireles,174.0,166.0,1079471.0,516.0,6502.84,6203.86,174,174.0,0.0,172.0,174.0
230440005121082,1,Cidade 2000,163.0,144.0,226872.0,543.0,1575.5,1391.85,163,163.0,0.0,163.0,163.0
230440005121083,1,Meireles,292.0,277.0,1699366.0,769.0,6134.9,5819.75,292,291.0,0.0,292.0,292.0
230440005121084,1,Meireles,199.0,185.0,1182189.0,513.0,6390.21,5940.65,199,198.0,0.0,199.0,199.0
230440005121085,1,Meireles,141.0,139.0,435458.0,422.0,3132.79,3088.35,141,140.0,1.0,133.0,141.0
230440005121086,1,Meireles,132.0,124.0,1057046.0,386.0,8587.37,8062.95,131,118.0,2.0,130.0,131.0
230440005121087,1,Meireles,125.0,115.0,630268.0,371.0,5480.59,5042.14,125,125.0,0.0,125.0,125.0
230440005121088,1,Meireles,269.0,239.0,894697.0,815.0,3743.5,3326.01,269,258.0,4.0,249.0,269.0
230440005121089,1,Meireles,240.0,232.0,1263647.0,783.0,5446.75,5265.2,240,237.0,0.0,227.0,240.0
230440005121090,1,Varjota,128.0,118.0,825590.0,429.0,6996.53,6449.92,128,125.0,3.0,109.0,128.0
230440005121091,1,Varjota,232.0,198.0,539096.0,606.0,2722.71,2333.75,231,231.0,0.0,219.0,231.0
230440005121092,1,Varjota,227.0,222.0,1563541.0,711.0,7042.98,6887.85,227,224.0,2.0,209.0,227.0
230440005121093,1,Varjota,228.0,168.0,565215.0,723.0,3364.38,2479.01,228,216.0,10.0,221.0,228.0
230440005121094,1,Varjota,80.0,77.0,340995.0,138.0,4428.51,4262.44,80,80.0,0.0,80.0,80.0
230440005121095,1,Varjota,252.0,226.0,743507.0,775.0,3289.85,2950.42,252,245.0,2.0,233.0,252.0
230440005121096,1,Papicu,172.0,153.0,543294.0,551.0,3550.94,3158.69,172,167.0,2.0,167.0,172.0
230440005121097,1,Papicu,235.0,207.0,135022.0,868.0,652.28,574.56,235,235.0,0.0,235.0,235.0
230440005121098,1,Papicu,294.0,276.0,1401147.0,977.0,5076.62,4765.81,294,288.0,1.0,254.0,293.0
230440005121099,1,Papicu,263.0,261.0,938055.0,657.0,3594.08,3566.75,263,260.0,0.0,259.0,263.0
230440005121100,1,Papicu,383.0,331.0,150026.0,1457.0,453.25,391.71,383,21.0,164.0,370.0,383.0
230440005121101,1,Papicu,221.0,200.0,530322.0,704.0,2651.61,2399.65,221,200.0,12.0,216.0,190.0
230440005121102,1,Papicu,219.0,206.0,1074048.0,676.0,5213.83,4904.33,219,213.0,1.0,217.0,219.0
230440005121103,1,Coco,161.0,156.0,777613.0,483.0,4984.7,4829.89,161,159.0,0.0,160.0,161.0
230440005121104,1,Coco,246.0,230.0,974891.0,661.0,4238.66,3962.97,246,242.0,0.0,244.0,246.0
230440005121105,1,Coco,257.0,239.0,957743.0,657.0,4007.29,3726.63,257,230.0,14.0,254.0,257.0
230440005121106,1,Coco,259.0,252.0,2675469.0,943.0,10616.94,10330.0,259,248.0,11.0,255.0,258.0
230440005121107,1,Coco,270.0,256.0,1310352.0,965.0,5118.56,4853.16,270,238.0,15.0,265.0,265.0
230440005121108,1,Coco,267.0,256.0,1824605.0,665.0,7127.36,6833.73,267,266.0,1.0,257.0,267.0
230440005121109,1,Coco,420.0,380.0,2748412.0,1559.0,7232.66,6543.84,420,399.0,18.0,420.0,420.0
230440005121110,1,Coco,134.0,114.0,216950.0,441.0,1903.07,1619.03,134,66.0,40.0,132.0,134.0
230440005121111,1,Coco,313.0,266.0,1189004.0,1033.0,4469.94,3798.73,313,291.0,10.0,307.0,313.0
230440005121112,1,Coco,313.0,287.0,1633817.0,986.0,5692.74,5219.86,313,300.0,10.0,311.0,313.0
230440005121113,1,Coco,121.0,114.0,889010.0,439.0,7798.33,7347.19,121,119.0,1.0,120.0,121.0
230440005121114,1,Coco,157.0,138.0,984912.0,483.0,7137.04,6273.32,157,157.0,0.0,157.0,157.0
230440005121115,1,Coco,299.0,287.0,2030659.0,942.0,7075.47,6791.5,299,294.0,1.0,298.0,299.0
230440005121116,1,Coco,190.0,186.0,1124777.0,633.0,6047.19,5919.88,190,186.0,2.0,189.0,190.0
230440005121117,1,Coco,267.0,250.0,2596934.0,947.0,10387.74,9726.34,267,266.0,1.0,267.0,267.0
230440005121118,1,Praia do Futuro II,374.0,308.0,176449.0,1311.0,572.89,471.79,374,372.0,1.0,364.0,374.0
230440005121119,1,Mucuripe,148.0,141.0,1330953.0,431.0,9439.38,8992.93,148,144.0,0.0,147.0,148.0
230440005121120,1,Mucuripe,127.0,121.0,854231.0,309.0,7059.76,6726.23,127,125.0,0.0,116.0,127.0
230440005121121,1,Mucuripe,157.0,152.0,1994000.0,226.0,13118.42,12700.64,157,157.0,0.0,157.0,157.0
230440005121122,1,Mucuripe,159.0,153.0,809290.0,498.0,5289.48,5089.87,159,158.0,1.0,156.0,159.0
230440005121123,1,Mucuripe,142.0,129.0,848194.0,453.0,6575.15,5973.2,142,140.0,0.0,138.0,142.0
230440005121124,1,Mucuripe,128.0,116.0,587825.0,297.0,5067.46,4592.38,128,116.0,5.0,51.0,127.0
230440005121125,1,Cais do Porto,189.0,157.0,112852.0,650.0,718.8,597.1,189,184.0,0.0,186.0,189.0
230440005121126,1,Cais do Porto,189.0,180.0,137675.0,656.0,764.86,728.44,189,173.0,14.0,186.0,189.0
230440005121127,1,Cais do Porto,193.0,177.0,97927.0,725.0,553.26,507.39,193,190.0,0.0,179.0,193.0
230440005121128,1,Cais do Porto,229.0,217.0,140793.0,789.0,648.82,614.82,229,229.0,0.0,219.0,229.0
230440005121129,1,Cais do Porto,194.0,177.0,135778.0,712.0,767.11,699.89,194,162.0,30.0,191.0,194.0
230440005121130,1,Vicente Pinzon,221.0,161.0,107043.0,811.0,664.86,484.36,221,212.0,6.0,221.0,220.0
230440005121131,1,Vicente Pinzon,265.0,144.0,116737.0,1072.0,810.67,440.52,265,157.0,11.0,255.0,265.0
230440005121132,1,Vicente Pinzon,261.0,227.0,145817.0,1012.0,642.37,558.69,261,64.0,194.0,256.0,261.0
230440005121133,1,Vicente Pinzon,232.0,185.0,110050.0,935.0,594.86,474.35,232,23.0,109.0,229.0,231.0
230440005121134,1,Vicente Pinzon,54.0,52.0,24634.0,215.0,473.73,456.19,54,1.0,53.0,53.0,54.0
230440005121135,1,Vicente Pinzon,153.0,105.0,68568.0,638.0,653.03,448.16,153,151.0,0.0,139.0,153.0
230440005121136,1,Vicente Pinzon,200.0,181.0,157117.0,747.0,868.05,785.59,200,198.0,1.0,199.0,200.0
230440005121137,1,Vicente Pinzon,427.0,159.0,85457.0,1499.0,537.47,200.13,427,100.0,295.0,411.0,427.0
230440005121138,1,Vicente Pinzon,346.0,92.0,50224.0,1345.0,545.91,145.16,346,23.0,288.0,345.0,346.0
230440005121139,1,Vicente Pinzon,203.0,178.0,134164.0,797.0,753.73,660.91,203,136.0,64.0,201.0,203.0
230440005121140,1,Vicente Pinzon,294.0,254.0,167714.0,1196.0,660.29,570.46,294,277.0,3.0,294.0,294.0
230440005121141,1,Vicente Pinzon,327.0,273.0,173649.0,1253.0,636.08,531.04,327,307.0,1.0,322.0,327.0
230440005121142,1,Vicente Pinzon,109.0,101.0,74057.0,410.0,720.57,667.19,108,37.0,60.0,107.0,107.0
230440005121143,1,Vicente Pinzon,842.0,773.0,441261.0,2649.0,570.84,524.06,842,480.0,356.0,841.0,842.0
230440005121144,1,Vicente Pinzon,176.0,153.0,180151.0,553.0,1177.46,1023.59,176,133.0,39.0,133.0,176.0
230440005121145,1,Vicente Pinzon,239.0,210.0,214734.0,543.0,1270.82,1169.47,163,87.0,25.0,109.0,163.0
230440005121146,1,Vicente Pinzon,254.0,201.0,177258.0,830.0,881.88,697.87,254,101.0,116.0,228.0,254.0
230440005121147,1,Vicente Pinzon,193.0,191.0,830543.0,565.0,4348.39,4303.33,193,193.0,0.0,193.0,193.0
230440005121148,1,Vicente Pinzon,109.0,83.0,319530.0,335.0,3849.76,2931.47,109,107.0,2.0,107.0,109.0
230440005121149,1,Vicente Pinzon,173.0,168.0,802402.0,522.0,4776.2,4638.16,173,173.0,0.0,173.0,173.0
230440005121150,1,Vicente Pinzon,212.0,162.0,104015.0,790.0,642.07,490.64,212,189.0,22.0,203.0,212.0
230440005121151,1,Vicente Pinzon,137.0,115.0,419594.0,406.0,3648.64,3062.73,137,115.0,3.0,74.0,137.0
230440005121152,1,Praia do Futuro I,306.0,240.0,251910.0,937.0,1056.08,828.77,302,141.0,60.0,224.0,293.0
230440005121153,1,Praia do Futuro I,262.0,206.0,138101.0,909.0,671.18,527.17,261,3.0,238.0,250.0,255.0
230440005121154,1,Cidade 2000,254.0,237.0,451498.0,785.0,1905.05,1777.55,254,254.0,0.0,253.0,254.0
230440005121155,1,Praia do Futuro I,326.0,279.0,173249.0,1282.0,620.96,531.44,326,70.0,12.0,284.0,320.0
230440005121156,1,Praia do Futuro II,12.0,8.0,13760.0,38.0,1720.0,1146.67,12,0.0,0.0,12.0,12.0
230440005121157,1,Praia do Futuro II,471.0,353.0,375144.0,1585.0,1062.91,797.75,469,60.0,396.0,438.0,455.0
230440005121158,1,Praia do Futuro II,290.0,247.0,183414.0,1066.0,742.57,632.46,290,67.0,215.0,288.0,287.0
230440005121159,1,Praia do Futuro II,238.0,216.0,129739.0,826.0,600.64,545.12,238,232.0,6.0,238.0,237.0
230440005121160,1,Praia do Futuro II,316.0,287.0,165653.0,1199.0,577.19,524.22,316,308.0,7.0,312.0,316.0
230440005121161,1,Vicente Pinzon,189.0,172.0,124854.0,702.0,725.9,660.6,189,181.0,2.0,185.0,188.0
230440060060001,1,Autran Nunes,223.0,207.0,116574.0,853.0,563.16,522.75,223,204.0,2.0,211.0,223.0
230440060060002,1,Autran Nunes,157.0,144.0,101266.0,508.0,703.24,645.01,157,148.0,5.0,143.0,157.0
230440060060003,1,Autran Nunes,170.0,155.0,101187.0,642.0,652.82,595.22,170,124.0,1.0,170.0,170.0
230440060060004,1,Autran Nunes,170.0,159.0,112226.0,651.0,705.82,660.15,170,160.0,9.0,168.0,170.0
230440060060005,1,Autran Nunes,190.0,181.0,98054.0,716.0,541.73,516.07,190,110.0,3.0,180.0,190.0
230440060060006,1,Autran Nunes,265.0,235.0,132796.0,980.0,565.09,501.12,265,254.0,6.0,246.0,265.0
230440060060007,1,Autran Nunes,317.0,240.0,131866.0,1245.0,549.44,415.98,317,275.0,39.0,301.0,317.0
230440060060008,1,Autran Nunes,170.0,124.0,98050.0,619.0,790.73,576.76,170,145.0,17.0,144.0,168.0
230440060060009,1,Autran Nunes,328.0,289.0,184538.0,1220.0,639.47,562.97,326,322.0,4.0,322.0,326.0
230440060060010,1,Autran Nunes,261.0,216.0,167218.0,1033.0,774.16,640.68,261,230.0,25.0,251.0,261.0
230440060060011,1,Autran Nunes,283.0,261.0,154908.0,1041.0,593.52,549.32,282,263.0,4.0,281.0,282.0
230440060060012,1,Autran Nunes,163.0,149.0,131573.0,551.0,883.6,807.24,162,145.0,16.0,159.0,162.0
230440060060013,1,Autran Nunes,42.0,41.0,23988.0,170.0,585.07,571.14,42,40.0,0.0,42.0,42.0
230440060060014,1,Autran Nunes,306.0,295.0,187057.0,1179.0,634.09,611.3,306,283.0,0.0,304.0,306.0
230440060060015,1,Autran Nunes,247.0,227.0,153338.0,910.0,675.5,620.8,247,192.0,1.0,212.0,247.0
230440060060016,1,Autran Nunes,187.0,171.0,90258.0,731.0,527.82,482.66,187,174.0,3.0,181.0,187.0
230440060060017,1,Autran Nunes,154.0,130.0,143551.0,575.0,1104.24,932.15,154,136.0,7.0,144.0,154.0
230440060060018,1,Autran Nunes,254.0,180.0,118968.0,882.0,660.93,468.38,254,122.0,1.0,234.0,254.0
230440060060019,1,Autran Nunes,245.0,231.0,199318.0,897.0,862.85,813.54,245,118.0,1.0,245.0,245.0
230440060060020,1,Autran Nunes,85.0,63.0,37907.0,330.0,601.7,445.96,85,84.0,0.0,85.0,85.0
230440060060021,1,Autran Nunes,342.0,253.0,160814.0,1411.0,635.63,470.22,342,335.0,1.0,341.0,342.0
230440060060022,1,Autran Nunes,217.0,185.0,86914.0,910.0,469.81,400.53,217,132.0,7.0,211.0,207.0
230440060060023,1,Antônio Bezerra,372.0,347.0,303483.0,1289.0,874.59,815.81,372,313.0,0.0,311.0,372.0
230440060060024,1,Antônio Bezerra,175.0,171.0,245044.0,602.0,1433.01,1400.25,175,151.0,22.0,132.0,175.0
230440060060025,1,Antônio Bezerra,277.0,252.0,412760.0,965.0,1637.94,1490.11,277,144.0,128.0,239.0,277.0
230440060060026,1,Antônio Bezerra,319.0,295.0,387384.0,1083.0,1312.89,1213.18,316,270.0,0.0,263.0,316.0
230440060060027,1,Antônio Bezerra,281.0,266.0,274841.0,953.0,1033.24,978.08,281,244.0,0.0,272.0,281.0
230440060060028,1,Antônio Bezerra,360.0,342.0,284788.0,1261.0,832.71,791.08,360,324.0,0.0,339.0,360.0
230440060060029,1,Antônio Bezerra,207.0,117.0,65719.0,701.0,561.7,317.48,207,184.0,0.0,196.0,207.0
230440060060030,1,Antônio Bezerra,257.0,154.0,110709.0,963.0,718.89,430.77,257,207.0,1.0,205.0,257.0
230440060060031,1,Antônio Bezerra,365.0,350.0,292152.0,1213.0,835.78,801.25,363,237.0,0.0,317.0,362.0
230440060060032,1,Antônio Bezerra,241.0,208.0,115738.0,929.0,556.43,480.24,241,231.0,5.0,241.0,241.0
230440060060033,1,Antônio Bezerra,202.0,185.0,107358.0,749.0,580.31,531.48,202,177.0,18.0,196.0,202.0
230440060060034,1,Antônio Bezerra,318.0,307.0,321830.0,1137.0,1048.31,1012.04,318,251.0,67.0,261.0,318.0
230440060060035,1,Antônio Bezerra,172.0,102.0,83540.0,624.0,819.02,485.7,172,157.0,3.0,167.0,156.0
230440060060036,1,Antônio Bezerra,199.0,172.0,156686.0,640.0,912.27,787.24,197,132.0,63.0,188.0,196.0
230440060060037,1,Antônio Bezerra,120.0,113.0,114967.0,438.0,1017.41,958.06,120,69.0,49.0,114.0,120.0
230440060060038,1,Antônio Bezerra,242.0,232.0,242208.0,849.0,1026.87,984.27,241,127.0,114.0,221.0,241.0
230440060060039,1,Antônio Bezerra,124.0,108.0,109035.0,399.0,1009.58,879.31,124,80.0,37.0,123.0,124.0
230440060060040,1,Antônio Bezerra,256.0,240.0,437027.0,852.0,1820.95,1707.14,256,242.0,14.0,215.0,256.0
230440060060041,1,Antônio Bezerra,301.0,220.0,238743.0,920.0,1085.2,793.17,301,276.0,7.0,291.0,301.0
230440060060042,1,Antônio Bezerra,217.0,201.0,297234.0,747.0,1483.67,1373.77,216,161.0,55.0,198.0,216.0
230440060060043,1,Antônio Bezerra,201.0,151.0,139472.0,694.0,923.66,693.89,201,164.0,17.0,187.0,201.0
230440060060044,1,Antônio Bezerra,163.0,146.0,144289.0,613.0,984.75,881.41,162,60.0,97.0,159.0,162.0
230440060060045,1,Antônio Bezerra,323.0,293.0,303590.0,1095.0,1036.14,939.91,323,214.0,107.0,300.0,323.0
230440060060046,1,Antônio Bezerra,316.0,286.0,279370.0,1172.0,976.82,884.08,316,310.0,6.0,313.0,316.0
230440060060047,1,Antônio Bezerra,224.0,212.0,241222.0,791.0,1137.84,1076.88,224,199.0,16.0,216.0,224.0
230440060060048,1,Quintino Cunha,403.0,332.0,357044.0,1329.0,1077.93,887.55,402,378.0,0.0,334.0,402.0
230440060060049,1,Quintino Cunha,334.0,292.0,216503.0,1221.0,741.45,648.21,334,232.0,98.0,289.0,333.0
230440060060050,1,Quintino Cunha,364.0,334.0,224102.0,1413.0,670.96,615.66,364,353.0,1.0,258.0,364.0
230440060060051,1,Quintino Cunha,375.0,230.0,138327.0,1382.0,597.5,365.85,374,374.0,0.0,374.0,374.0
230440060060052,1,Quintino Cunha,402.0,373.0,233563.0,1421.0,626.17,581.0,402,339.0,4.0,324.0,402.0
230440060060053,1,Quintino Cunha,324.0,237.0,221406.0,1094.0,934.2,683.35,324,284.0,29.0,216.0,324.0
230440060060054,1,Quintino Cunha,225.0,219.0,248530.0,741.0,1134.84,1104.58,225,202.0,20.0,126.0,225.0
230440060060055,1,Quintino Cunha,278.0,244.0,168603.0,989.0,691.0,606.49,278,234.0,3.0,240.0,278.0
230440060060056,1,Quintino Cunha,284.0,249.0,161810.0,1006.0,649.84,569.75,284,216.0,20.0,260.0,164.0
230440060060057,1,Quintino Cunha,285.0,241.0,140781.0,1104.0,584.46,493.91,284,139.0,0.0,228.0,284.0
230440060060058,1,Quintino Cunha,206.0,117.0,65895.0,716.0,563.21,319.88,206,205.0,0.0,200.0,206.0
230440060060059,1,Quintino Cunha,296.0,201.0,124853.0,1025.0,621.16,421.8,296,221.0,28.0,291.0,296.0
230440060060060,1,Quintino Cunha,247.0,220.0,267342.0,851.0,1215.19,1082.36,247,246.0,0.0,199.0,247.0
230440060060061,1,Quintino Cunha,259.0,229.0,258991.0,972.0,1130.97,999.97,259,239.0,1.0,247.0,259.0
230440060060062,1,Quintino Cunha,249.0,177.0,106374.0,957.0,599.85,425.7,248,106.0,8.0,226.0,248.0
230440060060063,1,Quintino Cunha,168.0,157.0,97048.0,604.0,618.14,577.67,168,134.0,8.0,152.0,168.0
230440060060064,1,Quintino Cunha,107.0,99.0,53843.0,399.0,543.87,503.21,107,5.0,3.0,107.0,104.0
230440060060065,1,Quintino Cunha,194.0,133.0,90915.0,682.0,683.57,468.63,194,70.0,123.0,193.0,194.0
230440060060066,1,Quintino Cunha,247.0,188.0,108253.0,996.0,577.18,438.75,246,50.0,30.0,225.0,241.0
230440060060067,1,Quintino Cunha,198.0,137.0,71055.0,671.0,518.65,358.86,198,7.0,2.0,194.0,194.0
230440060060068,1,Quintino Cunha,210.0,135.0,81849.0,789.0,606.29,389.76,210,193.0,1.0,199.0,210.0
230440060060069,1,Quintino Cunha,321.0,150.0,67996.0,1228.0,453.31,211.83,321,18.0,1.0,282.0,303.0
230440060060070,1,Quintino Cunha,300.0,266.0,163189.0,1210.0,613.49,543.96,300,246.0,27.0,265.0,300.0
230440060060071,1,Quintino Cunha,272.0,220.0,139943.0,965.0,636.1,514.5,272,262.0,9.0,241.0,272.0
230440060060072,1,Quintino Cunha,269.0,142.0,92229.0,946.0,649.5,342.86,269,260.0,0.0,236.0,269.0
230440060060073,1,Quintino Cunha,217.0,162.0,96284.0,755.0,594.87,443.4,216,189.0,9.0,198.0,216.0
230440060060074,1,Quintino Cunha,296.0,273.0,360988.0,1064.0,1322.3,1219.55,296,272.0,24.0,193.0,296.0
230440060060075,1,Quintino Cunha,316.0,293.0,374965.0,1041.0,1279.74,1186.6,316,296.0,9.0,202.0,316.0
230440060060076,1,Quintino Cunha,261.0,245.0,203127.0,927.0,829.09,778.26,261,217.0,38.0,208.0,260.0
230440060060077,1,Quintino Cunha,301.0,248.0,163678.0,1014.0,659.99,543.78,301,260.0,2.0,180.0,301.0
230440060060078,1,Quintino Cunha,288.0,268.0,273512.0,1016.0,1018.77,947.78,287,253.0,23.0,221.0,287.0
230440060060079,1,Quintino Cunha,367.0,350.0,397704.0,1283.0,1136.3,1083.66,367,306.0,48.0,269.0,367.0
230440060060080,1,Quintino Cunha,296.0,269.0,291007.0,1028.0,1081.81,983.13,296,239.0,17.0,220.0,295.0
230440060060081,1,Quintino Cunha,342.0,309.0,280582.0,1088.0,908.03,820.42,342,257.0,6.0,268.0,342.0
230440060060082,1,Quintino Cunha,273.0,242.0,234350.0,1049.0,968.39,858.42,273,226.0,45.0,253.0,269.0
230440060060083,1,Quintino Cunha,194.0,119.0,62297.0,804.0,523.5,321.12,194,186.0,6.0,185.0,174.0
230440060060084,1,Quintino Cunha,274.0,240.0,153738.0,1061.0,640.58,561.09,274,263.0,10.0,274.0,274.0
230440060060085,1,Quintino Cunha,161.0,153.0,106076.0,621.0,693.31,658.86,161,152.0,8.0,152.0,161.0
230440060060086,1,Quintino Cunha,156.0,140.0,66037.0,593.0,471.69,423.31,156,128.0,0.0,139.0,107.0
230440060060087,1,Quintino Cunha,41.0,33.0,20624.0,145.0,624.97,503.02,41,39.0,0.0,39.0,40.0
230440060060088,1,Padre Andrade (Cachoeirinha),284.0,263.0,285936.0,1009.0,1090.39,1009.47,283,262.0,14.0,235.0,283.0
230440060060089,1,Padre Andrade (Cachoeirinha),291.0,269.0,407522.0,1020.0,1514.95,1400.42,291,269.0,21.0,241.0,291.0
230440060060090,1,Padre Andrade (Cachoeirinha),269.0,252.0,486083.0,847.0,1928.9,1807.0,269,251.0,16.0,259.0,269.0
230440060060091,1,Padre Andrade (Cachoeirinha),284.0,257.0,248380.0,961.0,969.14,876.68,283,252.0,10.0,239.0,282.0
230440060060092,1,Padre Andrade (Cachoeirinha),282.0,248.0,233365.0,1060.0,940.99,827.54,282,259.0,8.0,253.0,282.0
230440060060093,1,Padre Andrade (Cachoeirinha),266.0,252.0,222531.0,888.0,883.06,836.58,266,225.0,27.0,240.0,266.0
230440060060094,1,Padre Andrade (Cachoeirinha),442.0,420.0,376880.0,1486.0,897.33,852.67,442,356.0,10.0,356.0,437.0
230440060060095,1,Padre Andrade (Cachoeirinha),230.0,216.0,249229.0,769.0,1153.84,1083.6,230,208.0,12.0,189.0,230.0
230440060060096,1,Padre Andrade (Cachoeirinha),226.0,208.0,298409.0,794.0,1434.66,1320.39,226,208.0,9.0,197.0,226.0
230440060060097,1,Padre Andrade (Cachoeirinha),349.0,328.0,525834.0,1181.0,1607.22,1509.95,347,344.0,1.0,295.0,347.0
230440060060098,1,Padre Andrade (Cachoeirinha),41.0,35.0,26509.0,155.0,757.4,646.56,41,34.0,7.0,31.0,41.0
230440060060099,1,Padre Andrade (Cachoeirinha),252.0,215.0,137935.0,829.0,641.56,547.36,252,185.0,11.0,207.0,252.0
230440060060100,1,Padre Andrade (Cachoeirinha),321.0,284.0,178983.0,1087.0,630.65,557.73,320,309.0,5.0,317.0,314.0
230440060060101,1,Dom Lustosa,284.0,248.0,195314.0,974.0,787.56,687.73,284,190.0,93.0,277.0,284.0
230440060060102,1,Dom Lustosa,310.0,291.0,208575.0,1082.0,716.75,672.82,310,161.0,78.0,298.0,310.0
230440060060103,1,Dom Lustosa,275.0,227.0,139897.0,998.0,616.29,508.72,275,75.0,164.0,271.0,275.0
230440060060104,1,Dom Lustosa,213.0,196.0,175199.0,761.0,893.87,822.53,213,3.0,3.0,208.0,210.0
230440060060105,1,Dom Lustosa,282.0,236.0,216527.0,957.0,918.84,768.42,281,10.0,269.0,279.0,281.0
230440060060106,1,Dom Lustosa,324.0,299.0,312210.0,1112.0,1044.18,963.61,324,6.0,9.0,307.0,324.0
230440060060107,1,Dom Lustosa,249.0,229.0,278068.0,841.0,1214.27,1116.74,249,243.0,5.0,249.0,249.0
230440060060108,1,Dom Lustosa,141.0,139.0,239226.0,538.0,1721.05,1696.64,141,110.0,3.0,141.0,141.0
230440060060109,1,Dom Lustosa,268.0,253.0,347885.0,908.0,1375.04,1298.08,268,219.0,9.0,209.0,268.0
230440060060110,1,Dom Lustosa,432.0,399.0,377634.0,1437.0,946.45,874.15,432,378.0,52.0,375.0,432.0
230440060060111,1,Henrique Jorge,321.0,295.0,329953.0,1134.0,1118.48,1027.89,321,74.0,7.0,314.0,321.0
230440060060112,1,Henrique Jorge,269.0,245.0,335895.0,881.0,1371.0,1248.68,269,33.0,232.0,243.0,269.0
230440060060113,1,Henrique Jorge,192.0,185.0,303625.0,643.0,1641.22,1581.38,192,42.0,0.0,156.0,192.0
230440060060114,1,Henrique Jorge,219.0,204.0,269817.0,746.0,1322.63,1232.04,219,15.0,16.0,214.0,219.0
230440060060115,1,Henrique Jorge,313.0,287.0,311590.0,1065.0,1085.68,995.5,313,5.0,2.0,308.0,313.0
230440060060116,1,Henrique Jorge,172.0,148.0,132213.0,608.0,893.33,768.68,172,31.0,22.0,164.0,172.0
230440060060117,1,Henrique Jorge,332.0,314.0,242559.0,1135.0,772.48,730.6,332,93.0,0.0,331.0,332.0
230440060060118,1,Henrique Jorge,395.0,313.0,223935.0,1346.0,716.77,567.21,393,25.0,360.0,368.0,393.0
230440060060119,1,Henrique Jorge,314.0,292.0,347197.0,1053.0,1191.19,1107.47,313,69.0,240.0,308.0,313.0
230440060060120,1,Henrique Jorge,235.0,220.0,241669.0,777.0,1098.5,1028.38,235,121.0,37.0,221.0,235.0
230440060060121,1,Henrique Jorge,203.0,180.0,158824.0,743.0,888.34,786.69,201,107.0,11.0,201.0,201.0
230440060060122,1,Henrique Jorge,182.0,167.0,196742.0,656.0,1178.1,1081.0,182,61.0,0.0,172.0,182.0
230440060060123,1,Henrique Jorge,245.0,234.0,343712.0,870.0,1468.85,1402.91,245,118.0,0.0,236.0,245.0
230440060060124,1,Henrique Jorge,269.0,249.0,283573.0,972.0,1144.83,1063.06,266,35.0,168.0,262.0,266.0
230440060060125,1,Henrique Jorge,398.0,360.0,525446.0,1402.0,1459.57,1320.22,398,75.0,318.0,396.0,398.0
230440060060126,1,Henrique Jorge,249.0,222.0,281616.0,862.0,1268.54,1130.99,249,79.0,19.0,237.0,249.0
230440060060127,1,Henrique Jorge,190.0,172.0,150647.0,631.0,875.85,792.88,190,56.0,32.0,180.0,190.0
230440060060128,1,Henrique Jorge,216.0,188.0,191957.0,765.0,1013.14,881.2,215,2.0,201.0,208.0,215.0
230440060060129,1,Henrique Jorge,190.0,163.0,170937.0,712.0,1048.69,899.67,190,1.0,187.0,188.0,190.0
230440060060130,1,Henrique Jorge,264.0,254.0,222223.0,862.0,874.89,841.75,264,2.0,261.0,263.0,264.0
230440060060131,1,Henrique Jorge,311.0,188.0,136924.0,1057.0,728.32,441.69,310,186.0,115.0,286.0,310.0
230440060060132,1,Henrique Jorge,284.0,230.0,159496.0,1064.0,693.46,561.61,284,154.0,100.0,277.0,284.0
230440060060133,1,Henrique Jorge,192.0,185.0,154020.0,607.0,834.29,803.72,191,14.0,142.0,191.0,191.0
230440060060134,1,Henrique Jorge,260.0,187.0,110395.0,995.0,590.35,424.6,260,24.0,3.0,252.0,260.0
230440060060135,1,Henrique Jorge,355.0,325.0,251759.0,1239.0,774.64,709.18,355,212.0,9.0,346.0,355.0
230440060060136,1,Henrique Jorge,225.0,205.0,179817.0,778.0,877.16,799.19,225,141.0,8.0,205.0,225.0
230440060060137,1,João XXIII,182.0,161.0,170124.0,652.0,1056.67,934.75,182,164.0,1.0,179.0,182.0
230440060060138,1,João XXIII,280.0,257.0,295641.0,1001.0,1150.35,1055.86,280,208.0,1.0,244.0,280.0
230440060060139,1,João XXIII,211.0,193.0,176410.0,754.0,914.04,836.07,211,187.0,1.0,208.0,211.0
230440060060140,1,João XXIII,190.0,173.0,171509.0,641.0,991.38,902.68,190,162.0,0.0,182.0,190.0
230440060060141,1,João XXIII,222.0,195.0,164564.0,809.0,843.92,741.28,222,176.0,14.0,209.0,222.0
230440060060142,1,João XXIII,181.0,168.0,183905.0,640.0,1094.67,1016.05,181,17.0,4.0,175.0,181.0
230440060060143,1,João XXIII,159.0,102.0,109154.0,618.0,1070.14,686.5,159,70.0,4.0,157.0,159.0
230440060060144,1,João XXIII,320.0,281.0,220374.0,1000.0,761.21,668.8,313,19.0,75.0,299.0,313.0
230440060060145,1,João XXIII,164.0,152.0,130678.0,560.0,864.39,800.36,162,45.0,7.0,141.0,162.0
230440060060146,1,João XXIII,221.0,177.0,181836.0,815.0,1027.32,822.79,221,128.0,89.0,213.0,221.0
230440060060147,1,João XXIII,249.0,215.0,171781.0,837.0,801.31,691.46,248,19.0,0.0,233.0,248.0
230440060060148,1,João XXIII,245.0,179.0,169340.0,887.0,947.42,691.15,244,8.0,33.0,240.0,244.0
230440060060149,1,João XXIII,332.0,293.0,173049.0,1182.0,590.61,521.23,332,65.0,48.0,318.0,324.0
230440060060150,1,João XXIII,299.0,269.0,245183.0,1019.0,911.46,820.01,299,142.0,146.0,279.0,298.0
230440060060151,1,João XXIII,239.0,224.0,157548.0,883.0,703.34,659.2,239,193.0,33.0,230.0,238.0
230440060060152,1,João XXIII,246.0,159.0,101504.0,828.0,638.39,412.62,246,38.0,0.0,240.0,246.0
230440060060199,1,Autran Nunes,313.0,251.0,139788.0,1134.0,556.92,446.61,313,288.0,0.0,300.0,313.0
230440060060200,1,Autran Nunes,177.0,166.0,105835.0,628.0,637.56,597.94,177,148.0,4.0,165.0,176.0
230440060060201,1,Autran Nunes,220.0,210.0,127204.0,852.0,605.73,578.2,220,182.0,0.0,218.0,220.0
230440060060202,1,Autran Nunes,127.0,103.0,83803.0,530.0,813.62,659.87,127,109.0,17.0,122.0,127.0
230440060060203,1,Antônio Bezerra,182.0,174.0,190613.0,669.0,1095.48,1047.32,182,135.0,2.0,164.0,179.0
230440060060204,1,Antônio Bezerra,193.0,168.0,158723.0,647.0,944.78,822.4,193,145.0,2.0,191.0,191.0
230440060060205,1,Antônio Bezerra,235.0,178.0,176694.0,765.0,992.66,751.89,235,188.0,39.0,191.0,234.0
230440060060206,1,Antônio Bezerra,252.0,237.0,248307.0,837.0,1047.71,985.35,252,73.0,7.0,237.0,252.0
230440060060207,1,Quintino Cunha,256.0,245.0,302958.0,830.0,1236.56,1183.43,256,239.0,11.0,226.0,256.0
230440060060208,1,Quintino Cunha,211.0,176.0,160563.0,729.0,912.29,760.96,211,192.0,15.0,165.0,211.0
230440060060209,1,Quintino Cunha,202.0,196.0,175499.0,702.0,889.74,863.18,201,139.0,1.0,159.0,198.0
230440060060210,1,Quintino Cunha,203.0,161.0,210794.0,705.0,1316.25,1041.21,201,198.0,3.0,146.0,201.0
230440060060211,1,Quintino Cunha,135.0,115.0,76503.0,495.0,665.24,566.69,135,131.0,4.0,132.0,135.0
230440060060212,1,Quintino Cunha,282.0,222.0,308772.0,1016.0,1390.86,1094.94,282,232.0,50.0,166.0,282.0
230440060060213,1,Quintino Cunha,232.0,184.0,157608.0,869.0,856.57,679.34,232,221.0,9.0,196.0,232.0
230440060060214,1,Quintino Cunha,244.0,222.0,180810.0,838.0,814.46,741.02,244,190.0,53.0,162.0,244.0
230440060060215,1,Quintino Cunha,308.0,250.0,220117.0,1145.0,885.86,717.4,305,235.0,64.0,280.0,305.0
230440060060216,1,Quintino Cunha,214.0,178.0,106532.0,722.0,598.49,497.81,214,188.0,1.0,193.0,214.0
230440060060217,1,Padre Andrade (Cachoeirinha),226.0,210.0,195844.0,739.0,932.59,866.57,226,107.0,1.0,202.0,221.0
230440060060218,1,Dom Lustosa,220.0,201.0,147325.0,808.0,732.96,669.66,220,108.0,112.0,210.0,220.0
230440060060219,1,Dom Lustosa,330.0,309.0,263507.0,1136.0,852.94,800.94,328,75.0,141.0,298.0,328.0
230440060060220,1,Dom Lustosa,223.0,191.0,280915.0,619.0,1470.76,1259.71,223,58.0,106.0,214.0,218.0
230440060060221,1,Dom Lustosa,283.0,267.0,305047.0,970.0,1142.5,1077.9,283,167.0,14.0,269.0,283.0
230440060060222,1,Henrique Jorge,227.0,217.0,254336.0,792.0,1172.06,1120.42,227,33.0,0.0,227.0,227.0
230440060060223,1,Henrique Jorge,197.0,154.0,104489.0,684.0,678.5,530.4,197,136.0,29.0,195.0,197.0
230440060060224,1,Henrique Jorge,184.0,155.0,142297.0,583.0,918.05,773.35,184,70.0,49.0,175.0,184.0
230440060060225,1,Henrique Jorge,227.0,203.0,185850.0,678.0,915.52,818.72,227,31.0,5.0,194.0,227.0
230440060060226,1,Henrique Jorge,197.0,184.0,212475.0,625.0,1154.76,1078.55,197,9.0,182.0,194.0,197.0
230440060060227,1,João XXIII,215.0,198.0,165937.0,755.0,839.48,772.79,214,86.0,2.0,209.0,214.0
230440060060228,1,João XXIII,168.0,159.0,162329.0,571.0,1020.94,966.24,168,157.0,0.0,161.0,168.0
230440060060229,1,João XXIII,205.0,187.0,164536.0,685.0,875.74,801.67,201,174.0,0.0,184.0,201.0
230440060060230,1,João XXIII,180.0,130.0,108181.0,602.0,836.89,601.21,174,99.0,75.0,174.0,174.0
230440060060231,1,João XXIII,208.0,190.0,203867.0,705.0,1072.98,980.13,208,17.0,2.0,180.0,208.0
230440060060232,1,João XXIII,378.0,267.0,162448.0,1321.0,608.42,429.76,378,137.0,18.0,359.0,369.0
230440060060233,1,João XXIII,159.0,129.0,69655.0,576.0,539.96,438.08,159,90.0,0.0,151.0,159.0
230440060060234,1,Quintino Cunha,293.0,274.0,249131.0,903.0,869.37,811.84,272,227.0,40.0,198.0,272.0
230440060060254,1,Antônio Bezerra,259.0,226.0,258309.0,725.0,1142.71,996.55,258,205.0,44.0,99.0,258.0
230440060060255,1,Antônio Bezerra,137.0,127.0,185388.0,442.0,1459.75,1363.15,136,123.0,4.0,111.0,136.0
230440060100153,1,Genibau,213.0,197.0,121918.0,749.0,618.87,572.38,213,158.0,0.0,210.0,213.0
230440060100154,1,Genibau,332.0,215.0,171700.0,1098.0,798.6,517.17,332,312.0,8.0,306.0,332.0
230440060100155,1,Genibau,253.0,236.0,191403.0,846.0,803.63,749.42,252,249.0,0.0,252.0,252.0
230440060100156,1,Genibau,310.0,234.0,181603.0,1081.0,776.08,585.82,310,199.0,5.0,308.0,310.0
230440060100157,1,Genibau,172.0,88.0,45256.0,618.0,514.32,261.67,171,94.0,2.0,171.0,171.0
230440060100158,1,Genibau,292.0,247.0,143183.0,1062.0,579.69,490.35,292,197.0,0.0,284.0,292.0
230440060100159,1,Genibau,247.0,212.0,139510.0,932.0,658.07,564.82,247,88.0,61.0,232.0,224.0
230440060100160,1,Genibau,173.0,118.0,73307.0,652.0,621.25,423.74,173,151.0,22.0,159.0,157.0
230440060100161,1,Genibau,154.0,96.0,54636.0,599.0,569.13,354.78,154,113.0,36.0,154.0,154.0
230440060100162,1,Genibau,229.0,153.0,96366.0,743.0,629.84,420.81,229,216.0,12.0,228.0,229.0
230440060100163,1,Genibau,230.0,197.0,119384.0,810.0,606.01,519.06,230,157.0,8.0,228.0,230.0
230440060100164,1,Genibau,317.0,231.0,132788.0,1152.0,574.84,418.89,317,190.0,121.0,315.0,317.0
230440060100165,1,Genibau,316.0,252.0,133857.0,1150.0,531.18,423.6,316,88.0,222.0,316.0,316.0
230440060100166,1,Genibau,84.0,74.0,49460.0,315.0,668.38,588.81,84,66.0,4.0,84.0,84.0
230440060100167,1,Genibau,102.0,86.0,48816.0,359.0,567.63,478.59,102,2.0,10.0,100.0,102.0
230440060100168,1,Genibau,130.0,108.0,53179.0,467.0,492.4,409.07,130,2.0,0.0,130.0,130.0
230440060100169,1,Genibau,194.0,186.0,108737.0,726.0,581.28,557.19,193,147.0,20.0,192.0,193.0
230440060100170,1,Genibau,145.0,133.0,91556.0,470.0,653.1,598.29,143,48.0,47.0,142.0,143.0
230440060100171,1,Genibau,322.0,297.0,169214.0,1086.0,565.59,521.54,321,298.0,9.0,309.0,313.0
230440060100172,1,Genibau,323.0,232.0,136950.0,1135.0,590.3,423.99,323,235.0,0.0,311.0,291.0
230440060100173,1,Genibau,308.0,180.0,90275.0,1139.0,501.53,293.1,308,270.0,1.0,297.0,308.0
230440060100174,1,Genibau,195.0,162.0,98046.0,643.0,605.22,502.8,195,150.0,4.0,194.0,195.0
230440060100175,1,Genibau,347.0,259.0,121149.0,1297.0,466.86,348.12,346,51.0,64.0,317.0,340.0
230440060100176,1,Genibau,309.0,294.0,148209.0,1186.0,504.11,479.64,309,15.0,1.0,301.0,305.0
230440060100177,1,Genibau,821.0,632.0,380181.0,2928.0,601.55,463.07,821,386.0,16.0,812.0,704.0
230440060100178,1,Genibau,369.0,308.0,160521.0,1356.0,521.17,435.02,369,7.0,4.0,366.0,345.0
230440060100179,1,Genibau,347.0,306.0,196156.0,1240.0,641.03,565.29,347,43.0,0.0,337.0,322.0
230440060100180,1,Genibau,304.0,296.0,221575.0,1022.0,742.82,723.07,301,62.0,0.0,298.0,300.0
230440060100181,1,Genibau,376.0,349.0,277418.0,1238.0,794.89,737.81,376,376.0,0.0,353.0,376.0
230440060100182,1,Genibau,214.0,193.0,153995.0,752.0,797.9,719.6,214,203.0,0.0,191.0,214.0
230440060100183,1,Genibau,238.0,228.0,168780.0,812.0,740.26,709.16,238,231.0,0.0,238.0,238.0
230440060100184,1,Genibau,219.0,199.0,167878.0,726.0,845.34,771.33,217,206.0,0.0,214.0,217.0
230440060100185,1,Conjunto Ceará I,238.0,167.0,219387.0,926.0,1313.69,921.79,238,235.0,3.0,236.0,238.0
230440060100186,1,Conjunto Ceará I,319.0,298.0,382089.0,1135.0,1282.18,1197.77,319,319.0,0.0,313.0,319.0
230440060100187,1,Conjunto Ceará I,136.0,133.0,138048.0,462.0,1037.95,1015.06,136,136.0,0.0,136.0,136.0
230440060100188,1,Conjunto Ceará I,245.0,204.0,185902.0,861.0,911.28,758.78,245,244.0,1.0,238.0,245.0
230440060100189,1,Conjunto Ceará I,253.0,229.0,197278.0,850.0,861.48,779.75,253,253.0,0.0,246.0,253.0
230440060100190,1,Conjunto Ceará I,217.0,189.0,139984.0,773.0,740.66,645.09,217,216.0,0.0,199.0,217.0
230440060100191,1,Conjunto Ceará I,430.0,400.0,505919.0,1494.0,1264.8,1176.56,430,429.0,1.0,427.0,430.0
230440060100192,1,Conjunto Ceará I,199.0,191.0,229357.0,679.0,1200.82,1152.55,199,198.0,1.0,198.0,199.0
230440060100193,1,Conjunto Ceará I,375.0,337.0,362575.0,1349.0,1075.89,966.87,375,375.0,0.0,364.0,375.0
230440060100194,1,Conjunto Ceará I,196.0,181.0,215485.0,710.0,1190.52,1099.41,196,196.0,0.0,194.0,196.0
230440060100195,1,Conjunto Ceará I,320.0,282.0,322022.0,1110.0,1141.92,1006.32,320,318.0,2.0,319.0,320.0
230440060100196,1,Conjunto Ceará I,253.0,234.0,268498.0,872.0,1147.43,1061.26,253,253.0,0.0,253.0,253.0
230440060100197,1,Conjunto Ceará I,156.0,142.0,201294.0,564.0,1417.56,1290.35,156,155.0,0.0,154.0,156.0
230440060100198,1,Conjunto Ceará I,396.0,377.0,518451.0,1381.0,1375.2,1309.22,396,394.0,2.0,377.0,395.0
230440060100235,1,Genibau,254.0,202.0,114734.0,932.0,567.99,451.71,254,210.0,6.0,246.0,254.0
230440060100236,1,Genibau,216.0,200.0,118224.0,764.0,591.12,547.33,216,194.0,21.0,212.0,216.0
230440060100237,1,Genibau,223.0,204.0,155238.0,788.0,760.97,696.13,223,204.0,0.0,223.0,223.0
230440060100238,1,Genibau,268.0,232.0,137017.0,985.0,590.59,511.26,268,62.0,28.0,262.0,268.0
230440060100239,1,Genibau,198.0,163.0,92949.0,663.0,571.29,469.79,197,190.0,6.0,195.0,197.0
230440060100240,1,Genibau,202.0,111.0,122826.0,714.0,1106.54,608.05,202,180.0,21.0,201.0,202.0
230440060100241,1,Genibau,292.0,258.0,191865.0,1068.0,743.66,657.07,292,235.0,45.0,290.0,291.0
230440060100242,1,Genibau,225.0,201.0,177048.0,786.0,880.84,786.88,225,210.0,13.0,218.0,225.0
230440060100243,1,Genibau,276.0,226.0,136612.0,1065.0,604.9,494.92,275,44.0,1.0,257.0,262.0
230440060100244,1,Genibau,220.0,212.0,184700.0,766.0,871.23,839.55,220,217.0,1.0,214.0,220.0
230440060100245,1,Genibau,194.0,182.0,135146.0,694.0,742.56,696.63,194,194.0,0.0,193.0,194.0
230440060100246,1,Genibau,205.0,144.0,107896.0,696.0,750.95,526.4,204,182.0,10.0,200.0,204.0
230440060100247,1,Conjunto Ceará I,234.0,209.0,222498.0,811.0,1064.58,950.85,234,231.0,3.0,221.0,234.0
230440060100248,1,Conjunto Ceará I,269.0,264.0,271855.0,896.0,1029.75,1010.61,269,269.0,0.0,269.0,269.0
230440060100249,1,Conjunto Ceará I,215.0,196.0,200887.0,732.0,1024.93,934.36,215,214.0,0.0,215.0,215.0
230440060100250,1,Conjunto Ceará I,259.0,185.0,147431.0,866.0,796.92,569.23,259,259.0,0.0,259.0,259.0
230440060100251,1,Conjunto Ceará I,237.0,184.0,157986.0,874.0,858.62,666.61,237,237.0,0.0,237.0,237.0
230440060100252,1,Conjunto Ceará I,261.0,249.0,301864.0,928.0,1212.31,1156.57,261,261.0,0.0,243.0,261.0
230440060100253,1,Conjunto Ceará I,266.0,247.0,302973.0,927.0,1216.15,1128.95,265,264.0,1.0,263.0,265.0
230440065090001,1,Cambeba,173.0,129.0,614191.0,588.0,4761.17,3550.24,173,108.0,55.0,171.0,173.0
230440065090002,1,Cambeba,290.0,283.0,1632757.0,1062.0,5769.46,5630.2,290,45.0,222.0,253.0,290.0
230440065090003,1,Cambeba,446.0,381.0,374242.0,1647.0,982.26,839.11,446,18.0,404.0,445.0,446.0
230440065090004,1,Cambeba,179.0,163.0,300954.0,637.0,1846.34,1681.31,179,16.0,95.0,177.0,178.0
230440065090005,1,Cambeba,213.0,196.0,263652.0,696.0,1345.16,1237.8,213,8.0,17.0,212.0,213.0
230440065090006,1,Cambeba,287.0,235.0,665610.0,893.0,2832.38,2319.2,287,238.0,29.0,276.0,287.0
230440065090007,1,José de Alencar,269.0,264.0,1042617.0,969.0,3949.31,3875.9,269,1.0,266.0,261.0,264.0
230440065090008,1,José de Alencar,534.0,509.0,922422.0,1855.0,1815.2,1730.06,533,7.0,336.0,463.0,523.0
230440065090009,1,José de Alencar,206.0,194.0,580025.0,756.0,2989.82,2815.66,206,5.0,201.0,203.0,206.0
230440065090010,1,José de Alencar,318.0,307.0,1863689.0,1136.0,6070.65,5860.66,318,13.0,124.0,218.0,318.0
230440065090011,1,José de Alencar,282.0,270.0,355599.0,919.0,1317.03,1260.99,282,7.0,274.0,273.0,270.0
230440065090012,1,José de Alencar,268.0,239.0,133930.0,1013.0,560.38,499.74,268,12.0,236.0,257.0,267.0
230440065090013,1,José de Alencar,262.0,239.0,184045.0,897.0,770.06,702.46,262,53.0,1.0,261.0,262.0
230440065090014,1,José de Alencar,149.0,106.0,63566.0,548.0,599.68,426.62,149,4.0,143.0,149.0,149.0
230440065090015,1,José de Alencar,256.0,248.0,929673.0,824.0,3748.68,3631.54,256,41.0,163.0,166.0,256.0
230440065090016,1,Curió,335.0,279.0,263925.0,1152.0,945.97,787.84,335,26.0,304.0,297.0,329.0
230440065090017,1,Curió,241.0,207.0,252895.0,809.0,1221.71,1049.36,241,10.0,198.0,240.0,183.0
230440065090018,1,Curió,449.0,375.0,473367.0,1667.0,1262.31,1054.27,449,9.0,79.0,425.0,449.0
230440065090019,1,Curió,501.0,401.0,279880.0,1964.0,697.96,558.64,501,2.0,18.0,493.0,501.0
230440065090020,1,Curió,320.0,269.0,205724.0,1213.0,764.77,642.89,320,4.0,313.0,307.0,320.0
230440065090070,1,Cidade dos Funcionários,180.0,163.0,521326.0,601.0,3198.32,2896.26,180,29.0,18.0,152.0,180.0
230440065090071,1,Cidade dos Funcionários,336.0,327.0,1072436.0,1114.0,3279.62,3191.77,336,49.0,232.0,272.0,336.0
230440065090072,1,Cidade dos Funcionários,250.0,228.0,401047.0,868.0,1758.98,1604.19,250,11.0,4.0,247.0,250.0
230440065090073,1,Cidade dos Funcionários,136.0,100.0,61940.0,471.0,619.4,455.44,136,3.0,0.0,135.0,136.0
230440065090074,1,Cidade dos Funcionários,236.0,206.0,185772.0,868.0,901.81,787.17,236,5.0,3.0,228.0,236.0
230440065090075,1,Cidade dos Funcionários,137.0,133.0,350221.0,422.0,2633.24,2556.36,137,2.0,127.0,137.0,137.0
230440065090076,1,Cidade dos Funcionários,156.0,145.0,463843.0,455.0,3198.92,2973.35,156,26.0,121.0,80.0,156.0
230440065090077,1,Cidade dos Funcionários,237.0,228.0,779224.0,847.0,3417.65,3287.86,237,18.0,68.0,216.0,237.0
230440065090078,1,Cidade dos Funcionários,272.0,250.0,801222.0,977.0,3204.89,2945.67,272,36.0,8.0,257.0,272.0
230440065090079,1,Cidade dos Funcionários,221.0,194.0,846856.0,808.0,4365.24,3831.93,221,16.0,196.0,219.0,221.0
230440065090080,1,Cidade dos Funcionários,297.0,248.0,996119.0,1143.0,4016.61,3353.94,297,10.0,282.0,283.0,297.0
230440065090081,1,Cidade dos Funcionários,252.0,218.0,519709.0,799.0,2383.99,2062.34,252,15.0,149.0,231.0,252.0
230440065090082,1,Cidade dos Funcionários,235.0,224.0,1318027.0,841.0,5884.05,5608.63,235,20.0,181.0,219.0,234.0
230440065090083,1,Cidade dos Funcionários,255.0,225.0,639958.0,857.0,2844.26,2509.64,255,50.0,148.0,227.0,254.0
230440065090084,1,Cidade dos Funcionários,231.0,220.0,858959.0,784.0,3919.86,3732.39,230,19.0,115.0,205.0,230.0
230440065090085,1,Cidade dos Funcionários,311.0,302.0,903300.0,1049.0,3011.0,2923.02,308,31.0,30.0,287.0,308.0
230440065090086,1,Parque Manibura,215.0,197.0,735303.0,910.0,3732.5,3420.01,215,2.0,164.0,202.0,215.0
230440065090087,1,Parque Manibura,160.0,135.0,502267.0,619.0,3720.5,3139.17,160,8.0,150.0,157.0,160.0
230440065090088,1,Parque Manibura,352.0,307.0,612509.0,1130.0,1995.14,1740.08,352,27.0,187.0,337.0,352.0
230440065090089,1,Parque Manibura,239.0,197.0,850243.0,810.0,4315.95,3557.5,239,14.0,207.0,218.0,239.0
230440065090090,1,Parque Manibura,320.0,299.0,942683.0,1205.0,3152.79,2945.88,320,14.0,220.0,250.0,320.0
230440065090091,1,Edson Queiroz,219.0,213.0,166775.0,1039.0,782.98,761.53,219,3.0,216.0,192.0,219.0
230440065090092,1,Edson Queiroz,175.0,146.0,96082.0,531.0,658.1,549.04,175,2.0,1.0,175.0,175.0
230440065090093,1,Edson Queiroz,366.0,305.0,327000.0,1363.0,1072.13,893.44,366,27.0,46.0,357.0,365.0
230440065090094,1,Edson Queiroz,181.0,180.0,92890.0,1158.0,516.06,513.2,181,0.0,181.0,181.0,181.0
230440065090095,1,Edson Queiroz,202.0,199.0,121660.0,1187.0,611.36,602.28,202,0.0,202.0,192.0,202.0
230440065090096,1,Edson Queiroz,303.0,290.0,486458.0,949.0,1677.44,1605.47,303,10.0,286.0,48.0,303.0
230440065090097,1,Edson Queiroz,205.0,194.0,106065.0,1099.0,546.73,517.39,205,3.0,196.0,205.0,205.0
230440065090098,1,Edson Queiroz,82.0,70.0,122948.0,317.0,1756.4,1499.37,82,12.0,0.0,82.0,82.0
230440065090099,1,Edson Queiroz,127.0,107.0,77470.0,494.0,724.02,610.0,127,41.0,0.0,126.0,127.0
230440065090100,1,Edson Queiroz,291.0,255.0,194504.0,1079.0,762.76,668.4,291,79.0,4.0,281.0,290.0
230440065090101,1,Edson Queiroz,86.0,70.0,48249.0,374.0,689.27,561.03,86,4.0,1.0,82.0,86.0
230440065090102,1,Edson Queiroz,147.0,132.0,196310.0,331.0,1487.2,1335.44,147,139.0,1.0,143.0,147.0
230440065090103,1,Edson Queiroz,143.0,128.0,719960.0,437.0,5624.69,5034.69,143,89.0,16.0,143.0,143.0
230440065090104,1,Edson Queiroz,221.0,207.0,934457.0,626.0,4590.82,4294.64,217,204.0,7.0,213.0,217.0
230440065090106,1,Edson Queiroz,282.0,189.0,310155.0,796.0,1641.03,1099.84,282,260.0,20.0,252.0,282.0
230440065090107,1,Edson Queiroz,51.0,49.0,49400.0,167.0,987.5,948.0,50,0.0,0.0,2.0,43.0
230440065090108,1,Edson Queiroz,140.0,129.0,86247.0,493.0,668.58,616.05,140,8.0,0.0,109.0,140.0
230440065090109,1,Edson Queiroz,189.0,162.0,95120.0,748.0,587.16,503.28,189,7.0,0.0,127.0,188.0
230440065090110,1,Edson Queiroz,171.0,138.0,109205.0,653.0,791.34,638.63,171,6.0,0.0,166.0,160.0
230440065090112,1,Edson Queiroz,324.0,232.0,1040749.0,1219.0,4485.99,3212.19,324,8.0,287.0,285.0,319.0
230440065090113,1,Edson Queiroz,336.0,295.0,1276806.0,1298.0,4328.16,3800.02,336,17.0,59.0,315.0,334.0
230440065090114,1,Edson Queiroz,469.0,444.0,2828835.0,1702.0,6371.25,6031.63,469,54.0,409.0,410.0,466.0
230440065090115,1,Lagoa Sapiranga (Coité),244.0,181.0,158676.0,947.0,876.66,650.31,244,27.0,7.0,215.0,244.0
230440065090116,1,Lagoa Sapiranga (Coité),267.0,223.0,268190.0,953.0,1202.65,1004.46,267,9.0,75.0,239.0,267.0
230440065090117,1,Lagoa Sapiranga (Coité),212.0,192.0,590005.0,834.0,3072.94,2783.04,212,14.0,89.0,190.0,211.0
230440065090118,1,Lagoa Sapiranga (Coité),229.0,209.0,255285.0,846.0,1221.46,1114.78,229,12.0,33.0,222.0,229.0
230440065090119,1,Lagoa Sapiranga (Coité),216.0,167.0,89630.0,859.0,536.71,414.95,216,21.0,12.0,215.0,216.0
230440065090120,1,Lagoa Sapiranga (Coité),241.0,192.0,251757.0,962.0,1311.23,1044.63,241,3.0,49.0,221.0,241.0
230440065090121,1,Lagoa Sapiranga (Coité),240.0,234.0,132837.0,874.0,567.68,553.49,240,5.0,161.0,240.0,236.0
230440065090122,1,Lagoa Sapiranga (Coité),245.0,227.0,426798.0,922.0,1880.17,1742.03,245,24.0,0.0,244.0,242.0
230440065090123,1,Lagoa Sapiranga (Coité),263.0,250.0,166042.0,905.0,664.17,631.34,263,10.0,181.0,143.0,132.0
230440065090124,1,Lagoa Sapiranga (Coité),104.0,76.0,42182.0,380.0,555.03,405.6,104,1.0,0.0,104.0,103.0
230440065090125,1,Lagoa Sapiranga (Coité),259.0,247.0,700848.0,910.0,2837.44,2705.98,259,66.0,13.0,252.0,199.0
230440065090126,1,Lagoa Sapiranga (Coité),370.0,324.0,1228517.0,1346.0,3791.72,3320.32,370,14.0,183.0,342.0,366.0
230440065090128,1,Lagoa Sapiranga (Coité),195.0,172.0,131003.0,678.0,761.65,671.81,195,13.0,33.0,190.0,194.0
230440065090129,1,Lagoa Sapiranga (Coité),167.0,141.0,88978.0,649.0,631.05,532.8,167,0.0,6.0,164.0,167.0
230440065090130,1,Lagoa Sapiranga (Coité),137.0,110.0,214367.0,512.0,1948.79,1564.72,137,1.0,1.0,120.0,136.0
230440065090131,1,Lagoa Sapiranga (Coité),276.0,224.0,133511.0,1018.0,596.03,483.74,276,0.0,1.0,261.0,274.0
230440065090132,1,Lagoa Sapiranga (Coité),203.0,174.0,171863.0,768.0,987.72,846.62,203,8.0,1.0,191.0,203.0
230440065090133,1,Lagoa Sapiranga (Coité),198.0,189.0,958415.0,752.0,5070.98,4840.48,198,26.0,6.0,183.0,198.0
230440065090134,1,Lagoa Sapiranga (Coité),153.0,118.0,338419.0,569.0,2867.96,2211.89,153,52.0,29.0,133.0,152.0
230440065090135,1,Lagoa Sapiranga (Coité),128.0,116.0,270700.0,431.0,2333.62,2114.84,128,18.0,1.0,119.0,128.0
230440065090136,1,Lagoa Sapiranga (Coité),361.0,340.0,1097852.0,1358.0,3228.98,3041.14,361,40.0,157.0,356.0,361.0
230440065090137,1,Lagoa Sapiranga (Coité),53.0,50.0,47905.0,170.0,958.1,903.87,53,2.0,48.0,51.0,53.0
230440065090293,1,Jardim das Oliveiras,195.0,164.0,94132.0,707.0,573.98,482.73,195,162.0,0.0,192.0,194.0
230440065090294,1,Jardim das Oliveiras,393.0,311.0,232438.0,1361.0,747.39,591.45,393,219.0,38.0,290.0,360.0
230440065090295,1,Jardim das Oliveiras,19.0,13.0,6884.0,65.0,529.54,362.32,19,10.0,1.0,17.0,15.0
230440065090296,1,Jardim das Oliveiras,216.0,173.0,105637.0,854.0,610.62,489.06,216,215.0,0.0,212.0,216.0
230440065090297,1,Jardim das Oliveiras,178.0,154.0,98030.0,673.0,636.56,550.73,178,176.0,1.0,178.0,178.0
230440065090298,1,Jardim das Oliveiras,196.0,182.0,129695.0,690.0,712.61,661.71,196,196.0,0.0,195.0,196.0
230440065090299,1,Jardim das Oliveiras,307.0,271.0,163634.0,1163.0,603.82,533.01,307,302.0,1.0,298.0,307.0
230440065090300,1,Jardim das Oliveiras,316.0,254.0,142779.0,1111.0,562.12,451.83,316,315.0,0.0,315.0,316.0
230440065090301,1,Jardim das Oliveiras,51.0,45.0,24121.0,164.0,536.02,472.96,51,49.0,0.0,51.0,51.0
230440065090302,1,Jardim das Oliveiras,186.0,149.0,74145.0,641.0,497.62,398.63,186,162.0,7.0,185.0,186.0
230440065090303,1,Jardim das Oliveiras,267.0,217.0,116374.0,954.0,536.29,435.86,267,218.0,0.0,265.0,267.0
230440065090304,1,Jardim das Oliveiras,323.0,254.0,144118.0,1227.0,567.39,446.19,323,224.0,93.0,319.0,323.0
230440065090305,1,Jardim das Oliveiras,211.0,180.0,96382.0,777.0,535.46,456.79,211,188.0,1.0,207.0,210.0
230440065090306,1,Jardim das Oliveiras,267.0,250.0,135288.0,986.0,541.15,506.7,267,258.0,2.0,259.0,266.0
230440065090308,1,Jardim das Oliveiras,227.0,206.0,262798.0,716.0,1279.5,1160.61,226,27.0,3.0,210.0,222.0
230440065090309,1,Jardim das Oliveiras,248.0,239.0,278997.0,813.0,1167.35,1124.99,248,10.0,16.0,241.0,248.0
230440065090310,1,Jardim das Oliveiras,227.0,215.0,252997.0,743.0,1176.73,1114.52,227,7.0,0.0,221.0,227.0
230440065090311,1,Jardim das Oliveiras,210.0,184.0,253156.0,719.0,1375.85,1205.5,210,8.0,0.0,207.0,210.0
230440065090312,1,Jardim das Oliveiras,252.0,231.0,359526.0,866.0,1556.39,1426.69,252,16.0,4.0,246.0,252.0
230440065090313,1,Jardim das Oliveiras,364.0,213.0,345025.0,1348.0,1619.84,947.87,364,187.0,3.0,350.0,363.0
230440065090314,1,Jardim das Oliveiras,417.0,386.0,259001.0,1503.0,671.41,621.37,416,413.0,0.0,410.0,416.0
230440065090315,1,Jardim das Oliveiras,248.0,196.0,118503.0,886.0,604.61,477.83,248,246.0,0.0,245.0,248.0
230440065090316,1,Jardim das Oliveiras,176.0,140.0,61368.0,668.0,438.34,348.68,176,174.0,1.0,172.0,176.0
230440065090321,1,Salinas,287.0,270.0,1868438.0,1027.0,6920.14,6510.24,287,59.0,217.0,256.0,287.0
230440065090322,1,Guarapes,236.0,228.0,2235098.0,862.0,9803.06,9470.75,236,7.0,191.0,173.0,235.0
230440065090323,1,Guarapes,123.0,114.0,370808.0,394.0,3252.7,3014.7,123,76.0,26.0,113.0,123.0
230440065090324,1,Guarapes,236.0,218.0,1588038.0,766.0,7284.58,6728.97,236,71.0,103.0,224.0,236.0
230440065090325,1,Engenheiro Luciano Cavalcante,164.0,153.0,304214.0,593.0,2002.01,1866.07,162,12.0,22.0,153.0,151.0
230440065090326,1,Engenheiro Luciano Cavalcante,250.0,232.0,949728.0,817.0,4109.17,3812.12,249,28.0,115.0,234.0,244.0
230440065090327,1,Engenheiro Luciano Cavalcante,398.0,364.0,1891442.0,1491.0,5220.25,4772.05,396,78.0,24.0,353.0,393.0
230440065090328,1,Engenheiro Luciano Cavalcante,213.0,198.0,601595.0,753.0,3038.36,2824.39,213,16.0,7.0,199.0,210.0
230440065090329,1,Engenheiro Luciano Cavalcante,354.0,334.0,366879.0,1230.0,1098.44,1036.38,354,248.0,32.0,346.0,351.0
230440065090330,1,Engenheiro Luciano Cavalcante,144.0,128.0,238786.0,462.0,1885.29,1669.83,140,45.0,72.0,133.0,140.0
230440065090331,1,Engenheiro Luciano Cavalcante,217.0,127.0,106364.0,783.0,832.25,485.48,216,108.0,1.0,211.0,216.0
230440065090332,1,Engenheiro Luciano Cavalcante,165.0,140.0,143799.0,589.0,1027.14,871.51,165,164.0,1.0,164.0,165.0
230440065090333,1,Engenheiro Luciano Cavalcante,21.0,18.0,11730.0,82.0,651.67,558.57,21,6.0,0.0,21.0,21.0
230440065090338,1,Cambeba,221.0,184.0,600745.0,831.0,3264.92,2718.3,221,24.0,180.0,211.0,221.0
230440065090339,1,Cambeba,345.0,335.0,1864457.0,1261.0,5565.54,5404.22,345,10.0,7.0,326.0,345.0
230440065090340,1,José de Alencar,305.0,295.0,794701.0,1087.0,2693.9,2605.58,305,17.0,273.0,288.0,303.0
230440065090341,1,José de Alencar,165.0,147.0,630307.0,547.0,4287.8,3820.04,165,77.0,88.0,138.0,165.0
230440065090342,1,José de Alencar,272.0,269.0,1805662.0,939.0,6712.5,6638.46,272,11.0,104.0,236.0,272.0
230440065090343,1,José de Alencar,202.0,181.0,347737.0,763.0,1921.2,1721.47,202,8.0,2.0,190.0,198.0
230440065090344,1,José de Alencar,166.0,156.0,127434.0,594.0,816.88,767.67,166,6.0,154.0,164.0,164.0
230440065090345,1,José de Alencar,285.0,274.0,573430.0,1015.0,2092.81,2012.04,285,39.0,214.0,282.0,285.0
230440065090346,1,José de Alencar,205.0,117.0,65737.0,744.0,561.85,320.67,205,3.0,195.0,205.0,205.0
230440065090347,1,José de Alencar,163.0,144.0,264799.0,518.0,1838.88,1624.53,163,13.0,143.0,153.0,162.0
230440065090348,1,José de Alencar,261.0,219.0,124700.0,878.0,569.41,477.78,261,15.0,229.0,235.0,260.0
230440065090349,1,Curió,254.0,229.0,272664.0,831.0,1190.67,1073.48,254,7.0,223.0,238.0,244.0
230440065090350,1,Engenheiro Luciano Cavalcante,127.0,123.0,761090.0,478.0,6316.58,6112.82,124,5.0,113.0,108.0,123.0
230440065090351,1,Cidade dos Funcionários,205.0,185.0,657863.0,717.0,3568.28,3218.45,204,19.0,178.0,175.0,204.0
230440065090352,1,Cidade dos Funcionários,238.0,220.0,708451.0,761.0,3220.23,2976.68,238,21.0,195.0,234.0,238.0
230440065090353,1,Cidade dos Funcionários,139.0,130.0,108132.0,496.0,831.78,777.93,139,3.0,83.0,138.0,139.0
230440065090354,1,Cidade dos Funcionários,177.0,112.0,63199.0,594.0,564.28,357.06,177,0.0,1.0,174.0,177.0
230440065090355,1,Cidade dos Funcionários,168.0,160.0,352301.0,423.0,2201.88,2097.03,168,44.0,123.0,159.0,168.0
230440065090356,1,Cidade dos Funcionários,186.0,176.0,506686.0,533.0,2878.9,2724.12,186,2.0,162.0,30.0,186.0
230440065090357,1,Cidade dos Funcionários,136.0,115.0,503435.0,490.0,4377.7,3701.73,136,4.0,131.0,123.0,136.0
230440065090358,1,Cidade dos Funcionários,156.0,140.0,400901.0,564.0,2863.58,2569.88,156,4.0,131.0,137.0,156.0
230440065090359,1,Cidade dos Funcionários,196.0,190.0,990715.0,701.0,5214.29,5054.67,196,2.0,178.0,182.0,196.0
230440065090360,1,Parque Manibura,258.0,198.0,866084.0,965.0,4374.16,3356.91,258,19.0,222.0,242.0,258.0
230440065090361,1,Parque Manibura,167.0,127.0,209075.0,646.0,1646.26,1251.95,167,4.0,155.0,159.0,167.0
230440065090362,1,Parque Manibura,329.0,276.0,838446.0,1244.0,3037.85,2548.47,329,11.0,164.0,301.0,329.0
230440065090363,1,Edson Queiroz,389.0,328.0,307333.0,1455.0,936.99,790.06,389,6.0,10.0,387.0,380.0
230440065090364,1,Edson Queiroz,186.0,151.0,100990.0,628.0,668.81,542.96,186,0.0,4.0,186.0,144.0
230440065090365,1,Edson Queiroz,264.0,254.0,446154.0,790.0,1756.51,1689.98,264,257.0,7.0,260.0,264.0
230440065090366,1,Edson Queiroz,199.0,172.0,235722.0,717.0,1370.48,1184.53,199,41.0,32.0,197.0,170.0
230440065090367,1,Edson Queiroz,158.0,144.0,424865.0,537.0,2950.45,2689.02,158,3.0,155.0,157.0,158.0
230440065090368,1,Lagoa Sapiranga (Coité),263.0,227.0,143069.0,1079.0,630.26,543.99,263,237.0,26.0,253.0,263.0
230440065090369,1,Lagoa Sapiranga (Coité),274.0,252.0,602478.0,998.0,2390.79,2198.82,274,73.0,127.0,245.0,270.0
230440065090370,1,Lagoa Sapiranga (Coité),136.0,127.0,135296.0,490.0,1065.32,994.82,136,6.0,128.0,132.0,136.0
230440065090371,1,Lagoa Sapiranga (Coité),203.0,197.0,1465062.0,766.0,7436.86,7217.05,203,4.0,197.0,197.0,202.0
230440065090372,1,Lagoa Sapiranga (Coité),221.0,199.0,376510.0,804.0,1892.01,1703.67,221,41.0,170.0,199.0,208.0
230440065090373,1,Lagoa Sapiranga (Coité),323.0,295.0,199132.0,1312.0,675.02,616.51,323,5.0,305.0,304.0,323.0
230440065090374,1,Lagoa Sapiranga (Coité),344.0,308.0,675311.0,1243.0,2198.05,1967.35,343,102.0,180.0,320.0,334.0
230440065090375,1,Lagoa Sapiranga (Coité),359.0,318.0,265816.0,1357.0,835.9,740.43,359,3.0,347.0,340.0,267.0
230440065090376,1,Lagoa Sapiranga (Coité),410.0,338.0,202987.0,1575.0,600.55,495.09,410,24.0,16.0,388.0,391.0
230440065090377,1,Lagoa Sapiranga (Coité),315.0,244.0,269430.0,1200.0,1104.22,855.33,315,9.0,0.0,311.0,315.0
230440065090378,1,Lagoa Sapiranga (Coité),238.0,220.0,506391.0,816.0,2301.78,2127.69,238,4.0,4.0,218.0,234.0
230440065090379,1,Lagoa Sapiranga (Coité),159.0,135.0,85275.0,653.0,631.67,536.32,159,2.0,0.0,149.0,152.0
230440065090380,1,Lagoa Sapiranga (Coité),219.0,198.0,571323.0,843.0,2885.47,2608.78,219,5.0,70.0,212.0,215.0
230440065090381,1,Lagoa Sapiranga (Coité),179.0,142.0,81873.0,634.0,576.57,457.39,179,0.0,1.0,175.0,179.0
230440065090382,1,Lagoa Sapiranga (Coité),226.0,217.0,1014918.0,741.0,4677.04,4490.79,226,5.0,213.0,208.0,226.0
230440065090383,1,Jardim das Oliveiras,15.0,12.0,4624.0,54.0,385.33,308.27,15,6.0,0.0,15.0,12.0
230440065090384,1,Jardim das Oliveiras,281.0,232.0,143724.0,838.0,619.5,511.47,281,195.0,0.0,274.0,281.0
230440065090385,1,Jardim das Oliveiras,217.0,190.0,112081.0,804.0,589.9,516.5,217,212.0,0.0,216.0,217.0
230440065090386,1,Jardim das Oliveiras,188.0,172.0,105291.0,684.0,612.16,560.06,188,188.0,0.0,186.0,188.0
230440065090387,1,Jardim das Oliveiras,166.0,157.0,94094.0,598.0,599.32,566.83,166,159.0,0.0,165.0,166.0
230440065090388,1,Jardim das Oliveiras,283.0,157.0,135921.0,1011.0,865.74,481.99,282,36.0,21.0,277.0,273.0
230440065090389,1,Jardim das Oliveiras,237.0,217.0,336366.0,837.0,1550.07,1419.27,237,12.0,1.0,225.0,237.0
230440065090390,1,Jardim das Oliveiras,155.0,147.0,136245.0,528.0,926.84,879.0,155,20.0,6.0,155.0,155.0
230440065090391,1,Jardim das Oliveiras,248.0,205.0,373745.0,918.0,1823.15,1507.04,248,9.0,236.0,244.0,248.0
230440065090392,1,Jardim das Oliveiras,268.0,229.0,194878.0,1059.0,851.0,727.16,268,242.0,10.0,265.0,265.0
230440065090393,1,Jardim das Oliveiras,271.0,211.0,438301.0,873.0,2084.29,1621.11,270,42.0,18.0,247.0,269.0
230440065090394,1,Jardim das Oliveiras,283.0,264.0,149181.0,1050.0,563.43,525.46,282,276.0,4.0,278.0,282.0
230440065090395,1,Jardim das Oliveiras,185.0,146.0,85270.0,657.0,584.04,460.92,185,180.0,0.0,185.0,185.0
230440065090396,1,Salinas,235.0,221.0,1416145.0,831.0,6407.9,6026.15,235,39.0,139.0,216.0,231.0
230440065090397,1,Salinas,318.0,287.0,549791.0,1086.0,1915.65,1728.9,318,65.0,37.0,307.0,310.0
230440065090398,1,Salinas,385.0,330.0,489524.0,1354.0,1483.41,1271.49,385,240.0,9.0,375.0,366.0
230440065090399,1,Guarapes,318.0,306.0,2833592.0,1137.0,9260.1,8910.67,318,115.0,152.0,298.0,317.0
230440065090400,1,Guarapes,207.0,193.0,1307626.0,685.0,6775.26,6317.03,207,7.0,125.0,190.0,206.0
230440065090401,1,Guarapes,231.0,221.0,1632312.0,791.0,7386.03,7066.29,231,26.0,205.0,187.0,230.0
230440065090402,1,Guarapes,195.0,191.0,988130.0,631.0,5173.46,5067.33,195,12.0,148.0,186.0,195.0
230440065090403,1,Engenheiro Luciano Cavalcante,193.0,175.0,158964.0,693.0,908.37,823.65,193,67.0,4.0,181.0,193.0
230440065090404,1,Engenheiro Luciano Cavalcante,197.0,181.0,331041.0,658.0,1828.96,1680.41,197,32.0,68.0,184.0,196.0
230440065090405,1,Engenheiro Luciano Cavalcante,278.0,264.0,1546461.0,881.0,5857.81,5562.81,278,56.0,202.0,198.0,277.0
230440065090406,1,Engenheiro Luciano Cavalcante,329.0,317.0,1654035.0,953.0,5217.78,5027.46,329,76.0,40.0,305.0,329.0
230440065090407,1,Engenheiro Luciano Cavalcante,270.0,258.0,1949324.0,984.0,7555.52,7219.72,270,32.0,186.0,226.0,270.0
230440065090408,1,Engenheiro Luciano Cavalcante,350.0,323.0,1008891.0,1275.0,3123.5,2882.55,350,39.0,67.0,336.0,347.0
230440065090409,1,Engenheiro Luciano Cavalcante,248.0,195.0,208791.0,816.0,1070.72,841.9,248,31.0,89.0,239.0,247.0
230440065090410,1,Engenheiro Luciano Cavalcante,358.0,341.0,633554.0,1238.0,1861.85,1773.19,357,71.0,9.0,338.0,356.0
230440065090411,1,Engenheiro Luciano Cavalcante,210.0,200.0,196585.0,716.0,982.93,936.12,210,203.0,1.0,207.0,209.0
230440065110021,1,Guajeru,177.0,128.0,140105.0,637.0,1094.57,791.55,177,6.0,29.0,174.0,177.0
230440065110022,1,Guajeru,193.0,155.0,129573.0,683.0,835.95,671.36,193,4.0,16.0,193.0,193.0
230440065110023,1,Guajeru,56.0,52.0,27480.0,209.0,528.46,490.71,56,0.0,1.0,55.0,56.0
230440065110024,1,Guajeru,375.0,343.0,437576.0,1324.0,1275.73,1166.87,375,9.0,303.0,369.0,358.0
230440065110025,1,Guajeru,138.0,107.0,108040.0,506.0,1009.72,782.9,138,5.0,36.0,135.0,137.0
230440065110026,1,Guajeru,334.0,298.0,460706.0,1200.0,1545.99,1379.36,334,211.0,113.0,333.0,334.0
230440065110027,1,Guajeru,207.0,190.0,303500.0,716.0,1597.37,1466.18,207,22.0,185.0,207.0,207.0
230440065110028,1,Messejana (sede),277.0,227.0,166026.0,1013.0,731.39,599.37,277,144.0,110.0,269.0,277.0
230440065110029,1,Messejana (sede),139.0,128.0,128336.0,486.0,1002.63,923.28,139,9.0,3.0,137.0,139.0
230440065110030,1,Messejana (sede),252.0,235.0,235742.0,836.0,1003.16,935.48,252,78.0,50.0,245.0,252.0
230440065110031,1,Messejana (sede),221.0,199.0,254096.0,777.0,1276.86,1149.76,221,113.0,108.0,205.0,221.0
230440065110032,1,Messejana (sede),288.0,238.0,173814.0,928.0,730.31,603.52,288,59.0,229.0,278.0,288.0
230440065110033,1,Messejana (sede),150.0,111.0,96953.0,540.0,873.45,646.35,150,69.0,81.0,150.0,150.0
230440065110034,1,Messejana (sede),204.0,183.0,316410.0,568.0,1729.02,1551.03,204,11.0,155.0,204.0,204.0
230440065110035,1,Messejana (sede),241.0,231.0,450771.0,694.0,1951.39,1870.42,241,106.0,88.0,206.0,241.0
230440065110036,1,Messejana (sede),316.0,265.0,231731.0,1091.0,874.46,733.33,316,149.0,165.0,312.0,316.0
230440065110037,1,Messejana (sede),234.0,216.0,168255.0,821.0,778.96,719.04,234,28.0,29.0,234.0,234.0
230440065110038,1,Messejana (sede),261.0,240.0,220583.0,918.0,919.1,845.15,261,23.0,60.0,257.0,260.0
230440065110039,1,Messejana (sede),353.0,251.0,152818.0,1347.0,608.84,432.91,353,269.0,1.0,343.0,353.0
230440065110040,1,Messejana (sede),275.0,235.0,183362.0,1090.0,780.26,666.77,275,61.0,212.0,275.0,275.0
230440065110041,1,Messejana (sede),142.0,85.0,75485.0,551.0,888.06,531.58,142,16.0,70.0,141.0,142.0
230440065110042,1,Messejana (sede),235.0,216.0,183686.0,790.0,850.4,781.64,235,26.0,2.0,227.0,235.0
230440065110043,1,Messejana (sede),321.0,302.0,295577.0,1025.0,979.33,921.18,320,45.0,3.0,302.0,320.0
230440065110044,1,Messejana (sede),224.0,201.0,154534.0,736.0,768.83,689.88,224,12.0,1.0,224.0,224.0
230440065110045,1,Messejana (sede),195.0,185.0,221753.0,736.0,1198.66,1137.19,195,19.0,2.0,188.0,195.0
230440065110046,1,Messejana (sede),170.0,131.0,173380.0,623.0,1323.51,1019.88,170,18.0,150.0,166.0,170.0
230440065110047,1,Messejana (sede),98.0,93.0,138204.0,323.0,1486.06,1410.24,98,4.0,0.0,95.0,98.0
230440065110048,1,Messejana (sede),47.0,41.0,31662.0,168.0,772.24,673.66,47,5.0,40.0,47.0,47.0
230440065110049,1,Messejana (sede),186.0,181.0,259624.0,640.0,1437.91,1399.05,185,38.0,137.0,182.0,185.0
230440065110050,1,Messejana (sede),250.0,227.0,292190.0,878.0,1287.18,1168.76,250,80.0,170.0,249.0,250.0
230440065110051,1,Messejana (sede),284.0,257.0,409871.0,895.0,1594.83,1443.21,284,3.0,2.0,262.0,284.0
230440065110052,1,Messejana (sede),246.0,236.0,434492.0,873.0,1846.35,1770.99,245,24.0,202.0,242.0,245.0
230440065110053,1,Messejana (sede),55.0,44.0,30609.0,171.0,695.66,556.53,55,6.0,1.0,55.0,55.0
230440065110054,1,Messejana (sede),314.0,255.0,275157.0,1076.0,1080.22,876.6,313,21.0,149.0,312.0,313.0
230440065110055,1,Messejana (sede),115.0,106.0,73949.0,457.0,697.63,643.03,115,7.0,105.0,114.0,115.0
230440065110056,1,Messejana (sede),301.0,261.0,493549.0,1068.0,1890.99,1639.7,301,10.0,117.0,249.0,301.0
230440065110057,1,Messejana (sede),314.0,257.0,296718.0,1071.0,1154.54,944.96,314,183.0,127.0,308.0,314.0
230440065110058,1,Messejana (sede),224.0,214.0,392582.0,774.0,1834.5,1752.6,224,222.0,1.0,223.0,224.0
230440065110059,1,Messejana (sede),226.0,212.0,386568.0,788.0,1827.34,1713.64,225,174.0,4.0,224.0,223.0
230440065110060,1,Messejana (sede),280.0,271.0,423078.0,908.0,1564.18,1513.72,279,23.0,252.0,277.0,279.0
230440065110061,1,Messejana (sede),495.0,481.0,634590.0,1645.0,1319.31,1282.0,495,12.0,70.0,483.0,495.0
230440065110062,1,Messejana (sede),425.0,391.0,580760.0,1425.0,1485.32,1369.72,424,13.0,313.0,396.0,418.0
230440065110063,1,Messejana (sede),275.0,251.0,424964.0,913.0,1693.08,1545.32,275,0.0,0.0,268.0,274.0
230440065110064,1,Messejana (sede),391.0,389.0,699106.0,1331.0,1797.19,1787.99,391,8.0,7.0,378.0,391.0
230440065110065,1,Parque Iracema,520.0,496.0,1489538.0,1382.0,3003.1,2864.5,520,306.0,90.0,445.0,512.0
230440065110066,1,Parque Iracema,184.0,165.0,514823.0,657.0,3120.14,2797.95,184,26.0,64.0,160.0,184.0
230440065110067,1,Parque Iracema,216.0,203.0,381232.0,810.0,1877.99,1764.96,216,5.0,4.0,208.0,212.0
230440065110068,1,Parque Iracema,136.0,128.0,106874.0,524.0,834.95,785.84,136,0.0,1.0,133.0,136.0
230440065110069,1,Parque Iracema,280.0,271.0,1034962.0,728.0,3819.05,3696.29,280,5.0,272.0,272.0,280.0
230440065110138,1,Lagoa Redonda,226.0,207.0,212568.0,686.0,1026.9,940.57,226,53.0,32.0,226.0,226.0
230440065110139,1,Lagoa Redonda,298.0,200.0,142916.0,924.0,728.55,499.88,274,5.0,239.0,268.0,274.0
230440065110140,1,Lagoa Redonda,204.0,179.0,134824.0,764.0,753.21,660.9,204,202.0,1.0,201.0,204.0
230440065110141,1,Lagoa Redonda,233.0,195.0,132273.0,807.0,678.32,567.7,233,232.0,0.0,230.0,233.0
230440065110142,1,Lagoa Redonda,238.0,207.0,131668.0,866.0,636.08,553.23,238,235.0,2.0,234.0,238.0
230440065110143,1,Lagoa Redonda,190.0,156.0,94006.0,756.0,602.6,494.77,190,187.0,2.0,181.0,190.0
230440065110144,1,Lagoa Redonda,244.0,211.0,125890.0,936.0,596.64,515.94,244,237.0,3.0,244.0,244.0
230440065110145,1,Lagoa Redonda,248.0,231.0,143835.0,885.0,622.66,579.98,248,218.0,18.0,242.0,248.0
230440065110146,1,Lagoa Redonda,130.0,107.0,57822.0,574.0,540.39,444.78,130,126.0,0.0,130.0,130.0
230440065110147,1,Lagoa Redonda,251.0,232.0,433201.0,875.0,1867.25,1725.9,251,13.0,229.0,231.0,250.0
230440065110148,1,Lagoa Redonda,143.0,116.0,64847.0,533.0,559.03,453.48,143,0.0,118.0,143.0,143.0
230440065110149,1,Lagoa Redonda,127.0,116.0,105081.0,411.0,905.87,827.41,127,37.0,89.0,117.0,123.0
230440065110150,1,Lagoa Redonda,306.0,261.0,132179.0,1231.0,506.43,431.96,306,13.0,3.0,273.0,300.0
230440065110151,1,Lagoa Redonda,281.0,257.0,163722.0,956.0,637.05,582.64,281,12.0,262.0,251.0,232.0
230440065110152,1,Lagoa Redonda,83.0,78.0,43902.0,340.0,562.85,528.94,83,2.0,42.0,73.0,81.0
230440065110153,1,Lagoa Redonda,306.0,285.0,381846.0,970.0,1339.81,1247.86,306,1.0,305.0,212.0,305.0
230440065110154,1,Lagoa Redonda,320.0,296.0,362037.0,1007.0,1223.1,1131.37,320,26.0,51.0,279.0,314.0
230440065110155,1,Lagoa Redonda,364.0,334.0,904745.0,1276.0,2708.82,2485.56,364,22.0,92.0,345.0,362.0
230440065110156,1,Lagoa Redonda,287.0,261.0,362932.0,1014.0,1390.54,1264.57,287,7.0,27.0,219.0,285.0
230440065110157,1,Lagoa Redonda,210.0,179.0,320721.0,746.0,1791.74,1527.24,210,7.0,23.0,167.0,210.0
230440065110158,1,Lagoa Redonda,174.0,156.0,134382.0,677.0,861.42,772.31,174,10.0,0.0,159.0,168.0
230440065110159,1,Lagoa Redonda,312.0,259.0,152110.0,947.0,587.3,487.53,312,301.0,0.0,311.0,312.0
230440065110160,1,Lagoa Redonda,268.0,250.0,243253.0,938.0,973.01,907.66,268,3.0,263.0,267.0,268.0
230440065110161,1,Lagoa Redonda,255.0,199.0,164633.0,875.0,828.9,646.15,254,59.0,16.0,175.0,253.0
230440065110162,1,Coaçu,455.0,420.0,419246.0,1527.0,998.2,921.42,455,32.0,0.0,441.0,455.0
230440065110163,1,Coaçu,523.0,462.0,358674.0,1902.0,776.35,685.8,523,422.0,7.0,511.0,523.0
230440065110164,1,Coaçu,462.0,399.0,399561.0,1637.0,1001.41,864.85,462,2.0,11.0,433.0,455.0
230440065110165,1,Coaçu,315.0,296.0,529682.0,1121.0,1789.47,1681.53,315,18.0,11.0,281.0,313.0
230440065110166,1,Paupina,401.0,350.0,211238.0,1452.0,613.62,539.34,380,4.0,1.0,330.0,364.0
230440065110167,1,São Bento,202.0,188.0,222236.0,706.0,1182.11,1100.18,202,180.0,11.0,185.0,200.0
230440065110168,1,São Bento,164.0,151.0,208196.0,552.0,1378.78,1269.49,164,154.0,1.0,164.0,164.0
230440065110169,1,Paupina,315.0,284.0,224032.0,1087.0,788.85,711.21,315,156.0,0.0,315.0,315.0
230440065110170,1,Paupina,180.0,147.0,284523.0,605.0,1935.53,1580.68,180,174.0,5.0,180.0,180.0
230440065110171,1,Paupina,662.0,608.0,793881.0,2124.0,1305.73,1199.22,662,63.0,11.0,543.0,655.0
230440065110172,1,Paupina,242.0,221.0,308250.0,799.0,1394.8,1273.76,242,9.0,3.0,239.0,242.0
230440065110173,1,São Bento,269.0,234.0,199606.0,950.0,853.02,742.03,269,0.0,11.0,249.0,228.0
230440065110174,1,São Bento,212.0,183.0,123401.0,594.0,674.32,582.08,212,211.0,0.0,212.0,163.0
230440065110175,1,São Bento,283.0,265.0,178787.0,838.0,674.67,631.76,283,281.0,0.0,283.0,283.0
230440065110176,1,São Bento,286.0,259.0,181912.0,881.0,702.36,636.06,286,275.0,7.0,285.0,285.0
230440065110177,1,São Bento,283.0,252.0,131628.0,1013.0,522.33,465.12,283,12.0,265.0,282.0,283.0
230440065110178,1,São Bento,292.0,265.0,143485.0,1005.0,542.18,491.87,291,7.0,5.0,285.0,291.0
230440065110179,1,São Bento,271.0,227.0,297930.0,909.0,1312.47,1099.37,271,8.0,16.0,201.0,247.0
230440065110180,1,Paupina,206.0,179.0,120889.0,747.0,675.36,586.84,206,0.0,5.0,198.0,200.0
230440065110181,1,Paupina,153.0,144.0,77309.0,611.0,536.87,505.29,153,0.0,0.0,151.0,145.0
230440065110182,1,Paupina,304.0,242.0,189717.0,1086.0,783.95,624.07,304,64.0,14.0,292.0,302.0
230440065110183,1,Paupina,344.0,299.0,271195.0,1162.0,907.01,788.36,344,2.0,3.0,333.0,343.0
230440065110184,1,Paupina,361.0,330.0,236039.0,1208.0,715.27,653.85,361,10.0,82.0,354.0,354.0
230440065110185,1,Paupina,218.0,194.0,115327.0,708.0,596.49,530.22,216,13.0,137.0,210.0,216.0
230440065110186,1,Pedras,230.0,143.0,106486.0,861.0,744.66,462.98,230,1.0,1.0,199.0,154.0
230440065110187,1,Pedras,140.0,128.0,102456.0,481.0,800.44,731.83,140,1.0,4.0,122.0,140.0
230440065110188,1,Ancuri,65.0,65.0,131478.0,192.0,2022.74,2022.74,65,6.0,1.0,64.0,65.0
230440065110189,1,Ancuri,,,,157.0,670.06,484.72,47,,,,
230440065110190,1,Ancuri,287.0,264.0,215932.0,1084.0,817.92,752.38,287,16.0,0.0,287.0,285.0
230440065110191,1,Ancuri,315.0,270.0,189585.0,1134.0,702.17,601.86,315,33.0,2.0,314.0,308.0
230440065110192,1,Ancuri,237.0,228.0,271528.0,681.0,1190.91,1145.69,237,14.0,207.0,236.0,237.0
230440065110193,1,Ancuri,318.0,307.0,380569.0,918.0,1239.64,1196.76,318,247.0,4.0,314.0,318.0
230440065110194,1,Ancuri,235.0,218.0,177541.0,808.0,814.41,755.49,235,31.0,189.0,231.0,234.0
230440065110195,1,Ancuri,173.0,162.0,101424.0,555.0,626.07,586.27,173,62.0,1.0,166.0,169.0
230440065110196,1,Ancuri,278.0,248.0,190497.0,934.0,768.13,685.24,278,13.0,257.0,278.0,278.0
230440065110197,1,Ancuri,272.0,243.0,183597.0,910.0,755.54,674.99,272,1.0,1.0,266.0,272.0
230440065110198,1,Ancuri,132.0,122.0,77578.0,465.0,635.89,587.71,132,7.0,0.0,130.0,132.0
230440065110199,1,Ancuri,291.0,271.0,221044.0,949.0,816.79,760.46,290,10.0,1.0,283.0,290.0
230440065110200,1,Ancuri,60.0,52.0,38875.0,200.0,747.6,647.92,60,1.0,0.0,59.0,59.0
230440065110201,1,Ancuri,386.0,372.0,240123.0,1307.0,646.91,623.38,385,37.0,0.0,376.0,260.0
230440065110202,1,Ancuri,227.0,214.0,180758.0,797.0,844.66,796.29,227,0.0,14.0,210.0,222.0
230440065110203,1,Ancuri,251.0,178.0,112489.0,891.0,631.96,448.16,251,4.0,14.0,249.0,244.0
230440065110204,1,Ancuri,,,,2.0,2000.0,2000.0,1,,,,
230440065110205,1,Ancuri,374.0,355.0,214491.0,1314.0,609.34,581.04,366,26.0,0.0,354.0,281.0
230440065110206,1,Jangurussu,232.0,222.0,204694.0,836.0,922.05,882.3,232,232.0,0.0,232.0,232.0
230440065110207,1,Jangurussu,207.0,161.0,128605.0,761.0,798.79,621.28,207,69.0,17.0,205.0,207.0
230440065110208,1,Jangurussu,272.0,252.0,522936.0,992.0,2075.14,1922.56,272,271.0,1.0,272.0,272.0
230440065110209,1,Jangurussu,219.0,129.0,139518.0,883.0,1081.53,637.07,219,143.0,7.0,217.0,219.0
230440065110210,1,Conjunto Palmeiras,276.0,242.0,132677.0,958.0,548.25,480.71,276,207.0,18.0,270.0,276.0
230440065110211,1,Conjunto Palmeiras,159.0,115.0,75959.0,547.0,660.51,477.73,159,122.0,31.0,156.0,156.0
230440065110212,1,Conjunto Palmeiras,222.0,158.0,112866.0,713.0,714.34,508.41,222,219.0,0.0,222.0,222.0
230440065110213,1,Conjunto Palmeiras,240.0,175.0,122030.0,803.0,697.31,508.46,240,54.0,0.0,240.0,240.0
230440065110214,1,Conjunto Palmeiras,152.0,112.0,70466.0,561.0,629.16,463.59,152,145.0,6.0,152.0,152.0
230440065110215,1,Conjunto Palmeiras,148.0,137.0,80583.0,560.0,588.2,544.48,148,135.0,1.0,146.0,148.0
230440065110216,1,Conjunto Palmeiras,337.0,315.0,170333.0,1214.0,540.74,505.44,337,11.0,25.0,333.0,332.0
230440065110217,1,Jangurussu,284.0,243.0,220473.0,1056.0,908.83,776.22,281,269.0,0.0,281.0,281.0
230440065110218,1,Jangurussu,295.0,262.0,208609.0,1120.0,796.22,707.15,295,294.0,1.0,295.0,295.0
230440065110219,1,Jangurussu,293.0,279.0,267080.0,991.0,957.28,911.54,293,293.0,0.0,293.0,293.0
230440065110220,1,Jangurussu,296.0,228.0,220492.0,1000.0,967.07,744.91,296,292.0,4.0,296.0,296.0
230440065110221,1,Jangurussu,198.0,183.0,190751.0,627.0,1042.36,963.39,198,142.0,54.0,198.0,196.0
230440065110222,1,Jangurussu,290.0,204.0,165829.0,1082.0,812.89,571.82,290,288.0,2.0,284.0,290.0
230440065110223,1,Jangurussu,313.0,267.0,221799.0,1160.0,830.71,708.62,313,311.0,2.0,313.0,313.0
230440065110224,1,Jangurussu,185.0,110.0,47862.0,610.0,435.11,258.71,185,25.0,136.0,166.0,178.0
230440065110225,1,Jangurussu,180.0,114.0,168080.0,669.0,1474.39,933.78,180,154.0,1.0,177.0,180.0
230440065110226,1,Jangurussu,186.0,137.0,85766.0,665.0,626.03,461.11,186,4.0,178.0,179.0,185.0
230440065110227,1,Jangurussu,360.0,324.0,162124.0,1289.0,501.31,451.04,359,1.0,5.0,343.0,352.0
230440065110228,1,Jangurussu,170.0,154.0,151251.0,533.0,982.15,889.71,170,21.0,136.0,164.0,170.0
230440065110229,1,Jangurussu,290.0,276.0,198245.0,875.0,718.28,683.6,290,290.0,0.0,290.0,290.0
230440065110230,1,Jangurussu,345.0,264.0,160699.0,1215.0,608.71,465.79,345,321.0,24.0,345.0,345.0
230440065110231,1,Jangurussu,309.0,294.0,276727.0,1072.0,941.25,895.56,309,307.0,0.0,308.0,309.0
230440065110232,1,Jangurussu,306.0,283.0,300724.0,1036.0,1062.63,982.76,306,300.0,5.0,295.0,306.0
230440065110233,1,Conjunto Palmeiras,238.0,203.0,109317.0,914.0,538.51,459.32,238,201.0,36.0,216.0,237.0
230440065110234,1,Conjunto Palmeiras,344.0,289.0,148834.0,1641.0,515.0,432.66,344,344.0,0.0,344.0,344.0
230440065110235,1,Conjunto Palmeiras,371.0,192.0,109830.0,2515.0,572.03,296.04,371,371.0,0.0,370.0,371.0
230440065110236,1,Conjunto Palmeiras,244.0,204.0,123113.0,903.0,603.5,504.56,244,234.0,1.0,244.0,244.0
230440065110237,1,Conjunto Palmeiras,184.0,171.0,96276.0,752.0,563.02,523.24,184,184.0,0.0,184.0,184.0
230440065110238,1,Conjunto Palmeiras,318.0,240.0,137324.0,1337.0,572.18,431.84,318,312.0,6.0,318.0,318.0
230440065110239,1,Conjunto Palmeiras,202.0,181.0,94572.0,900.0,522.5,468.18,202,201.0,1.0,202.0,202.0
230440065110240,1,Conjunto Palmeiras,330.0,113.0,109955.0,1251.0,973.05,333.2,330,141.0,0.0,330.0,330.0
230440065110241,1,Conjunto Palmeiras,416.0,269.0,153365.0,1467.0,570.13,368.67,416,404.0,1.0,415.0,410.0
230440065110242,1,Jangurussu,337.0,307.0,178248.0,1237.0,580.61,528.93,337,284.0,14.0,326.0,332.0
230440065110243,1,Conjunto Palmeiras,322.0,262.0,128578.0,1160.0,490.76,399.31,322,224.0,41.0,319.0,319.0
230440065110244,1,Conjunto Palmeiras,190.0,141.0,67608.0,636.0,479.49,355.83,190,170.0,0.0,190.0,181.0
230440065110245,1,Conjunto Palmeiras,221.0,194.0,106317.0,774.0,548.03,481.07,221,159.0,10.0,204.0,217.0
230440065110246,1,Jangurussu,351.0,229.0,152559.0,1240.0,666.2,434.64,351,108.0,230.0,350.0,283.0
230440065110247,1,Jangurussu,211.0,146.0,83116.0,874.0,569.29,393.91,211,12.0,2.0,207.0,207.0
230440065110248,1,Jangurussu,230.0,187.0,101790.0,786.0,544.27,441.62,228,16.0,154.0,222.0,193.0
230440065110249,1,Jangurussu,234.0,217.0,232775.0,786.0,1072.7,994.76,234,217.0,15.0,234.0,234.0
230440065110250,1,Jangurussu,292.0,216.0,150509.0,1017.0,697.67,515.46,291,291.0,0.0,291.0,291.0
230440065110251,1,Jangurussu,191.0,175.0,146075.0,620.0,834.71,764.79,191,138.0,24.0,191.0,191.0
230440065110252,1,Jangurussu,385.0,344.0,141568.0,1410.0,413.85,370.28,380,5.0,12.0,376.0,380.0
230440065110253,1,Jangurussu,192.0,175.0,178684.0,700.0,1021.05,930.65,192,187.0,5.0,188.0,192.0
230440065110254,1,Jangurussu,661.0,562.0,612423.0,1804.0,1089.72,926.51,661,459.0,179.0,631.0,654.0
230440065110255,1,Jangurussu,186.0,152.0,126636.0,663.0,833.13,680.84,186,8.0,174.0,186.0,183.0
230440065110256,1,Jangurussu,46.0,45.0,24215.0,173.0,538.11,526.41,46,0.0,0.0,35.0,44.0
230440065110257,1,Jangurussu,364.0,255.0,140341.0,1370.0,550.36,385.55,364,92.0,6.0,345.0,359.0
230440065110258,1,Jangurussu,540.0,477.0,388399.0,1647.0,814.25,719.26,540,214.0,15.0,536.0,540.0
230440065110259,1,Jangurussu,107.0,97.0,211541.0,358.0,2180.84,1977.02,107,16.0,25.0,103.0,106.0
230440065110260,1,Jangurussu,208.0,156.0,138855.0,679.0,890.1,667.57,208,160.0,0.0,203.0,207.0
230440065110261,1,Conjunto Palmeiras,423.0,124.0,65643.0,1486.0,529.38,155.18,423,225.0,1.0,267.0,300.0
230440065110262,1,Conjunto Palmeiras,225.0,213.0,120809.0,815.0,567.18,536.93,225,223.0,0.0,220.0,225.0
230440065110263,1,Conjunto Palmeiras,303.0,136.0,65210.0,1056.0,479.49,215.21,303,299.0,1.0,300.0,303.0
230440065110264,1,Conjunto Palmeiras,322.0,296.0,174182.0,1136.0,588.45,540.94,322,310.0,0.0,322.0,322.0
230440065110265,1,Conjunto Palmeiras,,,,559.0,541.57,492.34,121,,,,
230440065110266,1,Barroso,287.0,261.0,247355.0,964.0,947.52,861.38,286,149.0,1.0,284.0,286.0
230440065110267,1,Barroso,172.0,156.0,126559.0,667.0,811.28,735.81,172,26.0,0.0,166.0,172.0
230440065110268,1,Barroso,164.0,130.0,63548.0,641.0,488.83,387.49,164,6.0,2.0,161.0,163.0
230440065110269,1,Barroso,345.0,277.0,226881.0,1256.0,819.06,657.63,345,228.0,3.0,321.0,345.0
230440065110270,1,Barroso,287.0,268.0,217163.0,1014.0,810.31,756.67,287,129.0,146.0,282.0,287.0
230440065110271,1,Barroso,403.0,288.0,203323.0,1295.0,707.92,505.41,402,85.0,6.0,385.0,399.0
230440065110272,1,Barroso,210.0,151.0,102661.0,725.0,679.87,488.86,210,24.0,1.0,208.0,210.0
230440065110273,1,Barroso,172.0,103.0,133019.0,565.0,1291.45,773.37,172,52.0,2.0,171.0,171.0
230440065110274,1,Barroso,243.0,214.0,189051.0,887.0,886.62,780.38,242,3.0,27.0,221.0,240.0
230440065110275,1,Barroso,130.0,98.0,82171.0,474.0,838.48,632.08,130,4.0,0.0,124.0,126.0
230440065110276,1,Barroso,280.0,263.0,332075.0,955.0,1262.64,1185.98,280,225.0,50.0,277.0,279.0
230440065110277,1,Barroso,241.0,219.0,123589.0,794.0,564.33,512.82,241,118.0,35.0,236.0,170.0
230440065110278,1,Barroso,250.0,185.0,109387.0,888.0,591.28,437.55,250,176.0,10.0,248.0,250.0
230440065110279,1,Barroso,209.0,181.0,108206.0,731.0,597.82,517.73,209,7.0,9.0,201.0,121.0
230440065110280,1,Barroso,227.0,199.0,126264.0,859.0,634.49,556.23,227,170.0,7.0,222.0,214.0
230440065110281,1,Barroso,174.0,164.0,96918.0,657.0,590.96,557.0,174,173.0,0.0,174.0,174.0
230440065110282,1,Barroso,204.0,176.0,104213.0,741.0,592.12,510.85,204,200.0,0.0,195.0,204.0
230440065110283,1,Cajazeiras,242.0,226.0,370716.0,709.0,1640.34,1531.88,242,234.0,0.0,242.0,241.0
230440065110284,1,Cajazeiras,226.0,218.0,288055.0,669.0,1321.35,1274.58,226,213.0,0.0,226.0,223.0
230440065110285,1,Cajazeiras,517.0,452.0,721471.0,1858.0,1607.42,1403.35,512,48.0,285.0,508.0,511.0
230440065110286,1,Cajazeiras,344.0,318.0,838927.0,1152.0,2638.14,2438.74,344,240.0,74.0,343.0,318.0
230440065110287,1,Cajazeiras,333.0,311.0,448582.0,1075.0,1444.46,1348.74,332,216.0,75.0,328.0,289.0
230440065110288,1,Cajazeiras,261.0,255.0,537947.0,785.0,2109.6,2061.1,261,238.0,6.0,259.0,251.0
230440065110289,1,Cajazeiras,209.0,190.0,341432.0,569.0,1797.01,1633.65,209,11.0,162.0,209.0,174.0
230440065110290,1,Cajazeiras,299.0,264.0,218517.0,910.0,828.58,731.27,298,53.0,235.0,297.0,297.0
230440065110291,1,Cajazeiras,265.0,246.0,400787.0,950.0,1629.22,1512.4,265,36.0,228.0,261.0,261.0
230440065110292,1,Cajazeiras,293.0,272.0,477567.0,806.0,1755.76,1629.92,293,283.0,10.0,293.0,293.0
230440065110334,1,Sabiaguaba,107.0,94.0,75190.0,364.0,799.89,702.71,107,0.0,0.0,15.0,78.0
230440065110335,1,Sabiaguaba,296.0,268.0,252426.0,1056.0,932.33,842.31,290,3.0,3.0,201.0,192.0
230440065110336,1,Conjunto Palmeiras,241.0,226.0,123635.0,976.0,547.06,513.01,241,207.0,0.0,239.0,241.0
230440065110337,1,Sabiaguaba,185.0,164.0,272667.0,674.0,1662.6,1473.88,185,30.0,136.0,173.0,185.0
230440065110412,1,Jangurussu,50.0,44.0,23825.0,205.0,541.48,476.5,50,50.0,0.0,50.0,50.0
230440065110413,1,Guajeru,176.0,134.0,77134.0,684.0,575.63,438.26,176,2.0,18.0,170.0,175.0
230440065110414,1,Guajeru,199.0,158.0,160013.0,709.0,1012.74,804.09,199,0.0,45.0,195.0,199.0
230440065110415,1,Messejana (sede),324.0,291.0,220650.0,1030.0,759.1,681.55,323,126.0,3.0,318.0,323.0
230440065110416,1,Messejana (sede),243.0,221.0,179776.0,809.0,813.47,739.82,243,67.0,1.0,236.0,243.0
230440065110417,1,Messejana (sede),186.0,176.0,183423.0,663.0,1042.18,986.15,186,33.0,152.0,179.0,186.0
230440065110418,1,Messejana (sede),238.0,198.0,177832.0,839.0,898.14,747.19,238,84.0,142.0,231.0,238.0
230440065110419,1,Messejana (sede),190.0,180.0,302529.0,544.0,1680.72,1592.26,190,186.0,2.0,190.0,187.0
230440065110420,1,Messejana (sede),275.0,260.0,431824.0,846.0,1660.86,1570.27,275,10.0,0.0,203.0,275.0
230440065110421,1,Messejana (sede),262.0,251.0,182934.0,975.0,728.82,698.22,262,18.0,34.0,262.0,262.0
230440065110422,1,Messejana (sede),202.0,179.0,125633.0,711.0,701.86,621.95,202,25.0,176.0,200.0,201.0
230440065110423,1,Messejana (sede),182.0,165.0,274170.0,645.0,1661.64,1506.43,182,17.0,11.0,179.0,180.0
230440065110424,1,Messejana (sede),194.0,179.0,191552.0,718.0,1070.12,987.38,194,48.0,51.0,192.0,192.0
230440065110425,1,Messejana (sede),184.0,126.0,133518.0,550.0,1066.19,726.42,182,5.0,1.0,170.0,179.0
230440065110426,1,Messejana (sede),209.0,188.0,305414.0,608.0,1624.54,1461.31,209,35.0,87.0,208.0,209.0
230440065110427,1,Messejana (sede),274.0,199.0,402026.0,858.0,2027.86,1476.16,272,19.0,162.0,270.0,270.0
230440065110428,1,Messejana (sede),199.0,189.0,148576.0,787.0,786.12,746.61,199,191.0,0.0,194.0,199.0
230440065110429,1,Parque Iracema,603.0,569.0,2253926.0,1982.0,3974.02,3749.2,601,32.0,448.0,498.0,593.0
230440065110430,1,Parque Iracema,197.0,186.0,504449.0,649.0,2712.09,2560.65,197,38.0,90.0,178.0,197.0
230440065110431,1,Parque Iracema,286.0,276.0,979651.0,670.0,3549.46,3425.35,286,12.0,274.0,266.0,286.0
230440065110432,1,Parque Iracema,315.0,296.0,462241.0,999.0,1561.63,1467.43,315,8.0,1.0,296.0,313.0
230440065110433,1,Lagoa Redonda,243.0,153.0,96684.0,853.0,631.92,397.88,243,1.0,232.0,236.0,243.0
230440065110434,1,Lagoa Redonda,304.0,274.0,337880.0,1001.0,1233.14,1115.12,303,13.0,283.0,278.0,299.0
230440065110435,1,Lagoa Redonda,179.0,162.0,83738.0,746.0,516.9,467.81,179,3.0,172.0,162.0,178.0
230440065110436,1,Lagoa Redonda,402.0,260.0,229829.0,1231.0,885.4,571.87,401,6.0,395.0,308.0,401.0
230440065110437,1,Lagoa Redonda,367.0,348.0,551935.0,1230.0,1586.02,1503.91,367,8.0,337.0,342.0,364.0
230440065110438,1,Lagoa Redonda,463.0,378.0,449466.0,1598.0,1189.06,970.77,463,30.0,314.0,383.0,427.0
230440065110439,1,Lagoa Redonda,319.0,238.0,136057.0,1188.0,571.67,426.51,319,0.0,129.0,285.0,312.0
230440065110440,1,Coaçu,283.0,211.0,195480.0,1001.0,926.45,690.74,283,1.0,280.0,262.0,283.0
230440065110441,1,Paupina,213.0,183.0,149665.0,726.0,816.84,701.25,212,1.0,0.0,205.0,210.0
230440065110442,1,Paupina,186.0,177.0,236248.0,694.0,1334.73,1270.15,186,1.0,0.0,180.0,186.0
230440065110443,1,Paupina,186.0,178.0,147565.0,645.0,829.02,793.36,186,6.0,92.0,184.0,186.0
230440065110444,1,Ancuri,230.0,219.0,174235.0,830.0,795.59,757.54,230,2.0,2.0,221.0,229.0
230440065110445,1,Ancuri,245.0,238.0,191510.0,776.0,804.66,781.67,245,9.0,0.0,243.0,245.0
230440065110446,1,Ancuri,298.0,230.0,202527.0,1084.0,880.55,679.62,298,218.0,32.0,298.0,297.0
230440065110447,1,Ancuri,135.0,106.0,54287.0,496.0,512.14,402.13,135,0.0,1.0,133.0,128.0
230440065110448,1,Ancuri,202.0,177.0,122413.0,707.0,691.6,606.0,202,16.0,13.0,200.0,202.0
230440065110449,1,Ancuri,193.0,171.0,121492.0,609.0,710.48,629.49,193,6.0,0.0,192.0,193.0
230440065110450,1,Ancuri,241.0,170.0,78138.0,841.0,454.61,320.34,237,13.0,187.0,228.0,237.0
230440065110451,1,Ancuri,350.0,188.0,110406.0,1293.0,587.27,315.45,350,53.0,2.0,335.0,280.0
230440065110452,1,Jangurussu,222.0,166.0,158379.0,799.0,954.09,713.42,222,134.0,73.0,222.0,222.0
230440065110453,1,Jangurussu,238.0,164.0,108865.0,886.0,663.81,457.42,238,60.0,137.0,223.0,238.0
230440065110454,1,Jangurussu,367.0,336.0,353794.0,1605.0,1052.96,964.02,367,140.0,81.0,355.0,362.0
230440065110455,1,Jangurussu,180.0,163.0,108649.0,616.0,666.56,603.61,180,107.0,1.0,180.0,180.0
230440065110456,1,Jangurussu,226.0,172.0,123728.0,838.0,719.35,547.47,226,21.0,201.0,211.0,162.0
230440065110457,1,Jangurussu,266.0,224.0,110442.0,965.0,493.04,415.2,266,65.0,0.0,252.0,266.0
230440065110458,1,Jangurussu,294.0,250.0,200130.0,1231.0,800.52,680.71,294,196.0,6.0,294.0,294.0
230440065110459,1,Jangurussu,297.0,256.0,299225.0,911.0,1168.85,1007.49,297,50.0,242.0,271.0,290.0
230440065110460,1,Jangurussu,228.0,171.0,125195.0,779.0,733.38,549.23,227,216.0,11.0,227.0,227.0
230440065110461,1,Jangurussu,207.0,201.0,216680.0,697.0,1078.01,1046.76,207,205.0,0.0,207.0,207.0
230440065110462,1,Jangurussu,270.0,198.0,111760.0,964.0,564.44,413.93,270,14.0,222.0,269.0,134.0
230440065110463,1,Jangurussu,581.0,292.0,198926.0,2291.0,681.25,342.39,581,273.0,305.0,576.0,581.0
230440065110464,1,Jangurussu,368.0,363.0,374055.0,1304.0,1030.45,1016.45,368,368.0,0.0,368.0,368.0
230440065110465,1,Jangurussu,252.0,244.0,162049.0,830.0,664.14,643.05,252,0.0,6.0,248.0,252.0
230440065110466,1,Jangurussu,92.0,90.0,120401.0,225.0,1337.79,1308.71,92,87.0,0.0,92.0,92.0
230440065110467,1,Jangurussu,233.0,232.0,185051.0,821.0,798.06,794.62,232,228.0,3.0,231.0,232.0
230440065110468,1,Barroso,139.0,135.0,160528.0,439.0,1184.54,1150.2,138,134.0,4.0,138.0,138.0
230440065110469,1,Barroso,144.0,132.0,118230.0,550.0,895.68,821.04,144,16.0,128.0,131.0,144.0
230440065110470,1,Barroso,297.0,276.0,262144.0,1130.0,949.8,885.62,296,64.0,130.0,272.0,158.0
230440065110471,1,Barroso,238.0,188.0,117433.0,861.0,624.64,493.42,238,8.0,0.0,236.0,238.0
230440065110472,1,Barroso,338.0,316.0,183930.0,1239.0,582.06,544.17,338,325.0,1.0,320.0,337.0
230440065110473,1,Barroso,318.0,249.0,114378.0,1200.0,459.35,359.68,318,207.0,6.0,298.0,317.0
230440065110474,1,Barroso,203.0,176.0,108071.0,743.0,614.04,532.37,203,199.0,0.0,200.0,203.0
230440065110475,1,Barroso,173.0,160.0,109539.0,676.0,684.62,633.17,173,152.0,8.0,171.0,167.0
230440065110476,1,Barroso,204.0,171.0,127355.0,748.0,744.77,624.29,204,41.0,86.0,203.0,204.0
230440065110477,1,Barroso,247.0,213.0,110649.0,883.0,519.48,447.97,247,189.0,19.0,244.0,240.0
230440065110478,1,Barroso,292.0,256.0,128470.0,1005.0,501.84,439.97,292,214.0,6.0,260.0,292.0
230440065110479,1,Barroso,220.0,192.0,275229.0,771.0,1433.48,1251.04,220,27.0,159.0,220.0,220.0
230440065110480,1,Barroso,205.0,138.0,117953.0,774.0,854.73,575.38,205,17.0,8.0,200.0,205.0
230440065110481,1,Barroso,137.0,70.0,63397.0,460.0,905.67,462.75,137,1.0,4.0,132.0,137.0
230440065110482,1,Barroso,239.0,210.0,270857.0,712.0,1289.8,1133.29,239,14.0,15.0,233.0,232.0
230440065110483,1,Barroso,157.0,139.0,87639.0,575.0,630.5,558.21,157,137.0,1.0,137.0,157.0
230440065110484,1,Barroso,313.0,261.0,115791.0,1207.0,443.64,369.94,313,110.0,45.0,266.0,300.0
230440065110485,1,Barroso,271.0,162.0,99416.0,993.0,613.68,366.85,271,231.0,11.0,271.0,270.0
230440065110486,1,Barroso,193.0,141.0,70581.0,762.0,500.57,365.7,193,193.0,0.0,193.0,193.0
230440065110487,1,Cajazeiras,193.0,176.0,106339.0,704.0,604.2,550.98,193,190.0,0.0,158.0,193.0
230440065110488,1,Cajazeiras,461.0,388.0,228674.0,1639.0,590.11,496.47,460,3.0,2.0,457.0,459.0
230440065110489,1,Cajazeiras,245.0,207.0,111342.0,948.0,537.88,454.46,245,239.0,1.0,239.0,245.0
230440065110490,1,Cajazeiras,409.0,336.0,445420.0,1293.0,1331.17,1092.41,407,57.0,302.0,403.0,407.0
230440065110491,1,Cajazeiras,125.0,116.0,318008.0,388.0,2741.45,2544.06,125,39.0,79.0,122.0,125.0
230440065110492,1,Paupina,267.0,249.0,158839.0,940.0,637.91,594.9,267,151.0,5.0,262.0,267.0
230440065110493,1,São Bento,259.0,220.0,136191.0,907.0,619.05,525.83,259,6.0,4.0,256.0,259.0
230440065110494,1,São Bento,408.0,322.0,228865.0,1410.0,717.97,576.94,392,163.0,1.0,332.0,384.0
230440065110495,1,São Bento,448.0,401.0,326508.0,1562.0,814.23,728.81,448,12.0,369.0,437.0,448.0
230440065110496,1,São Bento,177.0,125.0,89568.0,574.0,716.54,506.03,177,1.0,0.0,164.0,177.0
230440065110497,1,Conjunto Palmeiras,201.0,161.0,93246.0,875.0,579.17,463.91,201,155.0,8.0,201.0,201.0
230440065110499,1,Jangurussu,132.0,127.0,77630.0,635.0,604.72,581.46,130,34.0,25.0,130.0,113.0
230440065110500,1,Conjunto Palmeiras,196.0,180.0,123783.0,719.0,687.68,631.55,196,187.0,0.0,194.0,196.0
230440065110501,1,Conjunto Palmeiras,170.0,165.0,78534.0,700.0,475.96,461.96,170,87.0,1.0,165.0,159.0
230440065110502,1,Conjunto Palmeiras,139.0,82.0,39710.0,456.0,484.27,285.68,139,121.0,18.0,139.0,139.0
230440065110503,1,Conjunto Palmeiras,,,,132.0,394.0,103.68,38,,,,
230440065110504,1,Conjunto Palmeiras,289.0,161.0,78488.0,2239.0,487.5,271.58,289,277.0,2.0,288.0,289.0
230440065110505,1,Conjunto Palmeiras,437.0,416.0,302810.0,1975.0,727.91,692.93,437,426.0,0.0,437.0,437.0
230440065110506,1,Conjunto Palmeiras,400.0,369.0,175513.0,1288.0,475.64,438.78,400,395.0,4.0,395.0,400.0
230440065110507,1,Conjunto Palmeiras,434.0,191.0,80683.0,1526.0,422.42,185.91,434,432.0,0.0,433.0,434.0
230440065110508,1,Conjunto Palmeiras,260.0,260.0,125650.0,1055.0,483.27,483.27,260,259.0,1.0,259.0,260.0
230440070100030,1,Canindezinho,210.0,132.0,99426.0,801.0,753.23,473.46,210,66.0,0.0,209.0,210.0
230440070100031,1,Canindezinho,337.0,190.0,100202.0,1223.0,527.38,298.22,336,9.0,257.0,326.0,323.0
230440070100032,1,Canindezinho,298.0,228.0,132608.0,1055.0,582.85,445.48,297,5.0,1.0,294.0,297.0
230440070100033,1,Canindezinho,245.0,170.0,92526.0,845.0,544.27,377.66,245,4.0,73.0,243.0,227.0
230440070100034,1,Canindezinho,169.0,116.0,58592.0,650.0,505.06,345.73,168,54.0,31.0,168.0,130.0
230440070100035,1,Canindezinho,305.0,262.0,142726.0,1081.0,544.76,467.95,305,134.0,0.0,305.0,305.0
230440070100036,1,Canindezinho,277.0,252.0,155421.0,986.0,616.75,561.09,277,17.0,0.0,274.0,261.0
230440070100037,1,Canindezinho,83.0,74.0,44145.0,317.0,596.55,531.87,83,2.0,19.0,82.0,76.0
230440070100038,1,Canindezinho,236.0,220.0,171603.0,831.0,780.01,727.13,236,0.0,0.0,231.0,236.0
230440070100039,1,Canindezinho,195.0,169.0,88379.0,680.0,522.95,453.23,195,2.0,0.0,192.0,195.0
230440070100040,1,Canindezinho,318.0,268.0,147177.0,1147.0,549.17,462.82,318,46.0,210.0,317.0,318.0
230440070100041,1,Canindezinho,297.0,202.0,140551.0,1100.0,695.8,473.24,297,51.0,109.0,294.0,237.0
230440070100042,1,Canindezinho,209.0,178.0,134877.0,810.0,757.74,645.34,209,147.0,1.0,206.0,192.0
230440070100043,1,Canindezinho,155.0,111.0,71960.0,553.0,648.29,464.26,155,153.0,1.0,154.0,155.0
230440070100044,1,Canindezinho,225.0,212.0,129664.0,737.0,611.62,576.28,225,21.0,1.0,223.0,180.0
230440070100045,1,Canindezinho,334.0,305.0,246007.0,1196.0,806.58,736.55,334,5.0,1.0,332.0,330.0
230440070100046,1,Canindezinho,283.0,254.0,148567.0,1021.0,584.91,524.97,283,9.0,0.0,281.0,274.0
230440070100047,1,Canindezinho,368.0,276.0,162030.0,1238.0,587.07,440.3,368,20.0,1.0,368.0,368.0
230440070100048,1,Canindezinho,244.0,197.0,142931.0,864.0,725.54,585.78,244,4.0,2.0,244.0,244.0
230440070100049,1,Canindezinho,413.0,349.0,240942.0,1387.0,690.38,583.39,413,50.0,4.0,412.0,411.0
230440070100050,1,Canindezinho,260.0,181.0,161893.0,951.0,894.44,622.67,260,36.0,0.0,260.0,260.0
230440070100051,1,Canindezinho,297.0,253.0,225563.0,1043.0,891.55,759.47,297,36.0,2.0,296.0,297.0
230440070100052,1,Canindezinho,424.0,368.0,265006.0,1386.0,714.47,619.66,422,11.0,36.0,411.0,401.0
230440070100053,1,Siqueira,240.0,172.0,104773.0,875.0,609.15,436.55,240,122.0,88.0,236.0,239.0
230440070100054,1,Siqueira,229.0,219.0,142281.0,835.0,649.0,620.53,228,130.0,9.0,221.0,228.0
230440070100055,1,Siqueira,189.0,140.0,82933.0,672.0,592.38,438.8,189,96.0,92.0,186.0,189.0
230440070100056,1,Siqueira,207.0,184.0,95840.0,751.0,520.87,463.0,207,168.0,0.0,207.0,198.0
230440070100057,1,Siqueira,314.0,297.0,230033.0,1158.0,774.52,732.59,314,9.0,10.0,310.0,307.0
230440070100058,1,Siqueira,276.0,261.0,193061.0,975.0,739.7,699.5,276,6.0,15.0,276.0,276.0
230440070100059,1,Siqueira,216.0,134.0,96816.0,776.0,722.51,450.31,215,11.0,136.0,203.0,215.0
230440070100060,1,Siqueira,575.0,520.0,405145.0,1962.0,777.54,703.04,574,25.0,17.0,565.0,562.0
230440070100061,1,Siqueira,158.0,131.0,64149.0,643.0,489.69,406.01,158,5.0,4.0,153.0,158.0
230440070100062,1,Siqueira,228.0,200.0,120308.0,857.0,601.54,527.67,228,7.0,19.0,220.0,228.0
230440070100063,1,Siqueira,195.0,178.0,117723.0,711.0,661.37,603.71,195,18.0,11.0,193.0,195.0
230440070100064,1,Siqueira,110.0,91.0,55071.0,395.0,605.18,500.65,110,6.0,33.0,109.0,108.0
230440070100065,1,Siqueira,272.0,171.0,95657.0,1011.0,559.4,351.68,272,4.0,4.0,270.0,264.0
230440070100066,1,Siqueira,393.0,154.0,73452.0,1692.0,476.96,186.9,393,17.0,196.0,385.0,189.0
230440070100067,1,Siqueira,281.0,224.0,131958.0,1058.0,589.1,469.6,281,111.0,35.0,279.0,245.0
230440070100068,1,Siqueira,471.0,449.0,245465.0,1780.0,546.69,522.27,470,89.0,0.0,441.0,442.0
230440070100069,1,Siqueira,199.0,156.0,89327.0,752.0,572.61,448.88,199,13.0,11.0,198.0,199.0
230440070100070,1,Siqueira,191.0,178.0,197950.0,540.0,1112.08,1036.39,191,10.0,0.0,191.0,191.0
230440070100071,1,Siqueira,186.0,163.0,116779.0,710.0,716.44,627.84,186,149.0,4.0,186.0,186.0
230440070100072,1,Siqueira,203.0,178.0,80488.0,674.0,452.18,396.49,203,97.0,77.0,191.0,185.0
230440070100073,1,Siqueira,265.0,242.0,125779.0,890.0,519.75,474.64,265,55.0,193.0,257.0,265.0
230440070100074,1,Bom Jardim,259.0,216.0,147191.0,892.0,681.44,568.31,259,187.0,64.0,255.0,259.0
230440070100075,1,Bom Jardim,164.0,144.0,89192.0,603.0,620.15,544.06,163,9.0,0.0,162.0,163.0
230440070100076,1,Bom Jardim,218.0,202.0,119353.0,737.0,590.86,547.49,218,117.0,0.0,215.0,217.0
230440070100077,1,Bom Jardim,303.0,290.0,181590.0,1107.0,627.3,600.3,302,141.0,0.0,293.0,301.0
230440070100078,1,Bom Jardim,137.0,123.0,57506.0,526.0,467.53,419.75,137,120.0,0.0,135.0,137.0
230440070100079,1,Bom Jardim,202.0,179.0,153235.0,709.0,856.06,758.59,202,122.0,4.0,201.0,202.0
230440070100080,1,Bom Jardim,278.0,174.0,116675.0,989.0,670.55,419.69,278,235.0,1.0,268.0,278.0
230440070100081,1,Bom Jardim,286.0,230.0,191224.0,1038.0,831.41,668.62,286,251.0,25.0,282.0,286.0
230440070100082,1,Bom Jardim,223.0,194.0,126882.0,813.0,654.03,568.98,223,177.0,41.0,220.0,222.0
230440070100083,1,Bom Jardim,215.0,202.0,161653.0,735.0,800.26,751.87,215,181.0,1.0,211.0,214.0
230440070100084,1,Bom Jardim,192.0,150.0,122485.0,722.0,816.57,637.94,192,20.0,36.0,189.0,192.0
230440070100085,1,Bom Jardim,200.0,179.0,121797.0,661.0,680.43,608.99,200,3.0,58.0,195.0,200.0
230440070100086,1,Bom Jardim,346.0,308.0,201984.0,1083.0,657.67,583.51,337,9.0,24.0,332.0,337.0
230440070100087,1,Bom Jardim,154.0,120.0,63746.0,548.0,531.22,413.94,154,46.0,3.0,152.0,154.0
230440070100088,1,Bom Jardim,238.0,223.0,134144.0,847.0,601.54,563.63,238,6.0,3.0,231.0,238.0
230440070100089,1,Bom Jardim,236.0,218.0,165660.0,825.0,759.26,701.11,235,7.0,1.0,232.0,235.0
230440070100090,1,Bom Jardim,230.0,212.0,232115.0,715.0,1094.88,1009.2,230,15.0,3.0,230.0,230.0
230440070100091,1,Bom Jardim,154.0,91.0,56717.0,539.0,628.86,369.92,153,10.0,1.0,152.0,153.0
230440070100092,1,Bom Jardim,299.0,269.0,244852.0,1059.0,910.23,818.9,299,70.0,11.0,297.0,299.0
230440070100093,1,Bom Jardim,310.0,289.0,193149.0,1044.0,668.23,622.81,309,92.0,2.0,306.0,309.0
230440070100094,1,Bom Jardim,275.0,255.0,180838.0,1045.0,709.17,657.59,275,6.0,4.0,243.0,275.0
230440070100095,1,Bom Jardim,254.0,213.0,128995.0,984.0,605.61,507.85,254,105.0,6.0,250.0,252.0
230440070100096,1,Bom Jardim,283.0,256.0,134327.0,1123.0,524.71,474.65,283,7.0,0.0,277.0,283.0
230440070100097,1,Bom Jardim,422.0,392.0,204890.0,1606.0,523.94,486.6,421,237.0,1.0,407.0,376.0
230440070100098,1,Bom Jardim,309.0,260.0,141176.0,1157.0,542.98,456.88,309,236.0,5.0,298.0,309.0
230440070100099,1,Bom Jardim,259.0,200.0,114890.0,890.0,574.45,443.59,259,189.0,69.0,257.0,259.0
230440070100100,1,Bom Jardim,202.0,160.0,103693.0,712.0,648.08,513.33,202,112.0,5.0,199.0,202.0
230440070100101,1,Bom Jardim,293.0,224.0,130192.0,1086.0,581.21,444.34,293,261.0,18.0,288.0,292.0
230440070100102,1,Bom Jardim,187.0,119.0,82615.0,653.0,694.24,441.79,187,158.0,1.0,180.0,186.0
230440070100103,1,Bom Jardim,228.0,202.0,128103.0,869.0,634.17,561.86,228,188.0,28.0,221.0,228.0
230440070100104,1,Bom Jardim,291.0,185.0,127815.0,1049.0,690.89,439.23,291,283.0,5.0,283.0,291.0
230440070100105,1,Bom Jardim,296.0,270.0,177735.0,1103.0,658.28,600.46,296,99.0,12.0,294.0,296.0
230440070100106,1,Bom Jardim,151.0,139.0,76153.0,509.0,547.86,504.32,151,5.0,1.0,151.0,151.0
230440070100107,1,Bom Jardim,251.0,221.0,121115.0,976.0,548.03,482.53,251,79.0,60.0,246.0,251.0
230440070100108,1,Bom Jardim,189.0,176.0,116015.0,679.0,646.91,601.69,186,7.0,2.0,174.0,186.0
230440070100109,1,Granja Lisboa,331.0,308.0,186358.0,1206.0,605.06,563.02,331,69.0,247.0,329.0,326.0
230440070100110,1,Granja Lisboa,270.0,221.0,111884.0,1022.0,506.26,414.39,270,34.0,51.0,269.0,218.0
230440070100111,1,Granja Lisboa,320.0,223.0,142117.0,1143.0,637.3,444.12,320,7.0,45.0,309.0,320.0
230440070100112,1,Granja Lisboa,229.0,159.0,73897.0,834.0,464.76,322.69,229,3.0,4.0,228.0,225.0
230440070100113,1,Granja Lisboa,164.0,145.0,99053.0,627.0,683.12,603.98,164,4.0,19.0,164.0,164.0
230440070100114,1,Granja Lisboa,182.0,161.0,116411.0,648.0,723.05,639.62,182,11.0,2.0,177.0,182.0
230440070100115,1,Granja Lisboa,282.0,237.0,170210.0,1008.0,718.19,603.58,282,0.0,248.0,282.0,279.0
230440070100116,1,Granja Lisboa,274.0,242.0,151381.0,1000.0,625.54,552.49,274,14.0,215.0,269.0,274.0
230440070100117,1,Granja Lisboa,356.0,176.0,189064.0,1231.0,1074.23,531.08,356,180.0,0.0,354.0,320.0
230440070100118,1,Granja Lisboa,236.0,164.0,90178.0,904.0,549.87,382.11,236,143.0,76.0,236.0,236.0
230440070100119,1,Granja Lisboa,312.0,274.0,153499.0,1152.0,560.22,491.98,312,7.0,152.0,308.0,312.0
230440070100120,1,Granja Lisboa,315.0,246.0,161818.0,1129.0,657.8,515.34,314,15.0,84.0,311.0,314.0
230440070100121,1,Granja Lisboa,227.0,217.0,136189.0,842.0,627.6,599.95,227,36.0,1.0,223.0,227.0
230440070100122,1,Granja Lisboa,257.0,159.0,83730.0,956.0,526.6,325.8,257,15.0,221.0,254.0,257.0
230440070100123,1,Granja Lisboa,361.0,333.0,222135.0,1316.0,667.07,615.33,361,139.0,2.0,360.0,361.0
230440070100124,1,Granja Lisboa,232.0,193.0,110501.0,793.0,572.54,476.3,232,106.0,82.0,229.0,230.0
230440070100125,1,Granja Lisboa,279.0,260.0,158185.0,966.0,608.4,566.97,279,43.0,231.0,274.0,279.0
230440070100126,1,Granja Lisboa,220.0,199.0,92744.0,873.0,466.05,421.56,220,8.0,9.0,217.0,135.0
230440070100127,1,Granja Lisboa,215.0,197.0,122165.0,743.0,620.13,568.21,215,6.0,1.0,215.0,214.0
230440070100128,1,Granja Lisboa,333.0,293.0,227033.0,1229.0,776.48,682.93,332,6.0,276.0,314.0,332.0
230440070100129,1,Granja Lisboa,181.0,162.0,154453.0,677.0,953.41,853.33,181,6.0,164.0,180.0,175.0
230440070100130,1,Granja Lisboa,67.0,59.0,65430.0,228.0,1108.98,976.57,67,4.0,59.0,67.0,67.0
230440070100131,1,Parque São José,163.0,158.0,124271.0,551.0,786.53,762.4,163,23.0,139.0,137.0,162.0
230440070100132,1,Conjunto Esperança,205.0,191.0,115730.0,766.0,605.92,564.54,205,194.0,1.0,205.0,205.0
230440070100133,1,Bonsucesso,249.0,228.0,190585.0,828.0,832.97,762.44,248,89.0,152.0,246.0,248.0
230440070100134,1,Granja Lisboa,193.0,169.0,128366.0,662.0,759.56,665.11,193,25.0,2.0,193.0,193.0
230440070100135,1,Granja Lisboa,372.0,346.0,296443.0,1353.0,856.77,796.89,372,314.0,1.0,369.0,372.0
230440070100136,1,Granja Lisboa,252.0,221.0,306129.0,927.0,1386.86,1215.57,251,248.0,2.0,250.0,251.0
230440070100137,1,Granja Lisboa,317.0,292.0,218037.0,1024.0,746.7,687.81,317,20.0,255.0,316.0,313.0
230440070100138,1,Granja Lisboa,443.0,349.0,213787.0,1586.0,612.57,482.59,443,13.0,0.0,433.0,434.0
230440070100139,1,Granja Lisboa,251.0,208.0,148158.0,951.0,712.3,590.27,251,55.0,3.0,250.0,251.0
230440070100140,1,Granja Lisboa,257.0,202.0,137215.0,872.0,679.28,533.91,257,104.0,145.0,254.0,257.0
230440070100141,1,Granja Lisboa,335.0,307.0,207343.0,1144.0,675.38,618.93,335,11.0,0.0,333.0,335.0
230440070100142,1,Granja Lisboa,205.0,178.0,135099.0,693.0,758.98,659.02,205,34.0,20.0,202.0,205.0
230440070100143,1,Granja Lisboa,144.0,132.0,69842.0,520.0,529.11,485.01,144,14.0,0.0,144.0,143.0
230440070100144,1,Granja Lisboa,228.0,193.0,103730.0,828.0,537.46,454.96,228,137.0,81.0,227.0,228.0
230440070100145,1,Granja Lisboa,250.0,235.0,188566.0,944.0,802.41,754.26,250,165.0,1.0,245.0,250.0
230440070100146,1,Granja Lisboa,299.0,291.0,219609.0,1050.0,754.67,734.48,299,221.0,1.0,295.0,299.0
230440070100147,1,Granja Lisboa,242.0,221.0,112940.0,953.0,511.04,466.69,242,86.0,34.0,235.0,242.0
230440070100148,1,Granja Lisboa,264.0,251.0,162877.0,889.0,648.91,619.3,263,96.0,0.0,263.0,263.0
230440070100149,1,Granja Lisboa,349.0,334.0,226328.0,1278.0,679.67,650.29,347,335.0,0.0,347.0,347.0
230440070100150,1,Granja Lisboa,248.0,189.0,91198.0,964.0,482.53,367.73,248,17.0,4.0,247.0,244.0
230440070100151,1,Granja Lisboa,220.0,202.0,117652.0,725.0,580.71,532.76,218,4.0,55.0,215.0,214.0
230440070100152,1,Granja Lisboa,248.0,172.0,106167.0,847.0,617.25,428.09,248,63.0,150.0,247.0,216.0
230440070100153,1,Conjunto Ceará II,289.0,161.0,144164.0,1035.0,895.43,498.84,289,269.0,20.0,288.0,289.0
230440070100154,1,Conjunto Ceará II,292.0,259.0,308468.0,996.0,1191.0,1056.4,292,282.0,10.0,287.0,292.0
230440070100155,1,Conjunto Ceará II,217.0,200.0,268016.0,787.0,1344.25,1238.45,216,216.0,0.0,216.0,216.0
230440070100156,1,Conjunto Ceará II,320.0,295.0,341750.0,1084.0,1158.47,1067.97,320,319.0,0.0,316.0,320.0
230440070100157,1,Conjunto Ceará II,357.0,340.0,400050.0,1289.0,1176.62,1120.59,357,356.0,1.0,356.0,356.0
230440070100158,1,Conjunto Ceará II,255.0,231.0,273751.0,928.0,1188.0,1075.75,254,254.0,0.0,252.0,254.0
230440070100159,1,Conjunto Ceará II,303.0,269.0,356703.0,1100.0,1329.49,1179.81,302,302.0,0.0,302.0,302.0
230440070100160,1,Conjunto Ceará II,260.0,238.0,258721.0,918.0,1087.06,995.08,260,259.0,1.0,255.0,260.0
230440070100161,1,Conjunto Ceará II,394.0,367.0,454959.0,1319.0,1239.67,1154.72,394,393.0,0.0,394.0,394.0
230440070100162,1,Conjunto Ceará II,210.0,193.0,203383.0,790.0,1053.8,968.49,210,194.0,15.0,207.0,210.0
230440070100163,1,Conjunto Ceará II,242.0,215.0,267121.0,861.0,1242.42,1103.81,242,234.0,4.0,238.0,237.0
230440070100164,1,Conjunto Ceará II,249.0,224.0,228375.0,832.0,1020.52,917.64,248,245.0,3.0,248.0,248.0
230440070100165,1,Conjunto Ceará II,250.0,240.0,277215.0,886.0,1155.06,1108.86,250,249.0,1.0,250.0,250.0
230440070100166,1,Conjunto Ceará II,184.0,159.0,148276.0,669.0,932.55,805.85,184,174.0,10.0,184.0,184.0
230440070100167,1,Conjunto Ceará II,187.0,170.0,157925.0,652.0,928.97,844.52,187,184.0,3.0,187.0,187.0
230440070100168,1,Conjunto Ceará II,191.0,173.0,154607.0,634.0,893.68,809.46,191,188.0,2.0,189.0,191.0
230440070100169,1,Conjunto Ceará II,355.0,313.0,305631.0,1241.0,976.46,860.93,355,315.0,39.0,348.0,355.0
230440070100170,1,Conjunto Ceará II,169.0,147.0,134999.0,609.0,918.36,798.81,169,156.0,13.0,169.0,169.0
230440070100171,1,Conjunto Ceará II,231.0,218.0,214693.0,792.0,984.83,929.41,231,214.0,17.0,230.0,231.0
230440070100172,1,Conjunto Ceará II,276.0,249.0,269458.0,989.0,1082.16,976.3,276,257.0,17.0,273.0,276.0
230440070100173,1,Conjunto Ceará II,286.0,272.0,246771.0,966.0,907.25,862.84,286,268.0,8.0,281.0,286.0
230440070100174,1,Conjunto Ceará II,251.0,235.0,257507.0,864.0,1101.32,1030.55,249,242.0,6.0,249.0,249.0
230440070100175,1,Granja Portugal,172.0,156.0,94772.0,640.0,607.51,551.0,172,158.0,2.0,169.0,172.0
230440070100176,1,Granja Portugal,283.0,264.0,229466.0,1028.0,869.19,810.83,283,241.0,30.0,280.0,283.0
230440070100177,1,Granja Portugal,259.0,237.0,240699.0,930.0,1015.61,929.34,259,136.0,19.0,250.0,259.0
230440070100178,1,Granja Portugal,309.0,269.0,237318.0,1054.0,882.22,768.02,309,278.0,6.0,296.0,309.0
230440070100179,1,Granja Portugal,170.0,119.0,81059.0,569.0,681.17,476.82,170,146.0,10.0,168.0,170.0
230440070100180,1,Granja Portugal,183.0,133.0,76979.0,628.0,578.79,420.65,183,117.0,45.0,177.0,181.0
230440070100181,1,Granja Portugal,234.0,216.0,119612.0,821.0,553.76,511.16,234,76.0,3.0,233.0,211.0
230440070100182,1,Granja Portugal,139.0,124.0,70366.0,554.0,567.47,506.23,139,80.0,9.0,138.0,139.0
230440070100183,1,Granja Portugal,139.0,123.0,74180.0,512.0,603.09,533.67,139,106.0,25.0,139.0,139.0
230440070100184,1,Granja Portugal,177.0,150.0,76621.0,600.0,510.21,431.94,176,94.0,21.0,175.0,176.0
230440070100185,1,Granja Portugal,124.0,119.0,74007.0,428.0,621.91,596.83,124,121.0,3.0,124.0,124.0
230440070100186,1,Granja Portugal,382.0,317.0,161767.0,1426.0,510.31,423.47,382,138.0,216.0,376.0,376.0
230440070100187,1,Granja Portugal,226.0,190.0,84719.0,911.0,445.89,374.86,226,34.0,118.0,215.0,222.0
230440070100188,1,Granja Portugal,209.0,198.0,104337.0,844.0,526.95,499.22,209,31.0,43.0,203.0,208.0
230440070100189,1,Granja Portugal,250.0,226.0,148060.0,908.0,655.13,592.24,250,28.0,137.0,244.0,250.0
230440070100190,1,Granja Portugal,274.0,248.0,182122.0,959.0,734.36,664.68,274,100.0,1.0,271.0,274.0
230440070100191,1,Granja Portugal,282.0,267.0,188637.0,1029.0,706.51,668.93,282,109.0,158.0,282.0,282.0
230440070100192,1,Granja Portugal,303.0,281.0,221418.0,1059.0,787.96,730.75,303,5.0,296.0,303.0,303.0
230440070100193,1,Granja Portugal,233.0,203.0,178307.0,857.0,878.36,765.27,233,46.0,185.0,233.0,233.0
230440070100194,1,Granja Portugal,208.0,184.0,125880.0,789.0,684.13,605.19,208,64.0,143.0,208.0,208.0
230440070100195,1,Granja Portugal,250.0,239.0,211012.0,878.0,882.9,844.05,250,54.0,11.0,243.0,250.0
230440070100196,1,Granja Portugal,264.0,226.0,170558.0,1027.0,754.68,646.05,264,166.0,96.0,260.0,264.0
230440070100197,1,Granja Portugal,229.0,213.0,160242.0,819.0,752.31,699.75,229,133.0,79.0,223.0,229.0
230440070100198,1,Granja Portugal,262.0,241.0,139244.0,950.0,577.78,531.47,262,139.0,1.0,259.0,262.0
230440070100199,1,Granja Portugal,173.0,157.0,125908.0,675.0,801.96,727.79,173,55.0,70.0,168.0,173.0
230440070100200,1,Granja Portugal,271.0,224.0,232844.0,1006.0,1039.48,859.2,271,119.0,0.0,265.0,266.0
230440070100201,1,Granja Portugal,249.0,225.0,200042.0,865.0,889.08,803.38,249,176.0,0.0,245.0,244.0
230440070100202,1,Granja Portugal,184.0,160.0,100513.0,688.0,627.15,543.99,181,95.0,1.0,181.0,181.0
230440070100203,1,Granja Portugal,362.0,321.0,189748.0,1303.0,591.37,524.2,361,114.0,121.0,352.0,346.0
230440070100204,1,Granja Portugal,84.0,68.0,35902.0,327.0,528.39,426.53,83,19.0,42.0,80.0,77.0
230440070100205,1,Granja Portugal,348.0,331.0,184587.0,1306.0,559.73,532.14,345,24.0,8.0,340.0,330.0
230440070100206,1,Granja Portugal,192.0,167.0,74665.0,765.0,447.1,388.88,192,5.0,0.0,187.0,105.0
230440070100207,1,Granja Portugal,78.0,35.0,15544.0,292.0,444.11,199.28,78,5.0,1.0,66.0,22.0
230440070100208,1,Granja Portugal,311.0,137.0,72467.0,1204.0,528.96,233.01,311,11.0,0.0,300.0,311.0
230440070100209,1,Granja Portugal,184.0,85.0,54148.0,730.0,637.04,294.28,184,23.0,12.0,180.0,183.0
230440070100210,1,Granja Portugal,316.0,191.0,119414.0,1251.0,625.2,377.89,316,287.0,14.0,309.0,315.0
230440070100211,1,Granja Portugal,212.0,197.0,101246.0,783.0,513.94,477.58,212,67.0,0.0,203.0,204.0
230440070100212,1,Granja Portugal,192.0,165.0,89002.0,669.0,539.41,463.55,192,84.0,3.0,181.0,192.0
230440070100213,1,Granja Portugal,315.0,284.0,173057.0,1144.0,609.36,549.39,315,202.0,34.0,310.0,315.0
230440070100214,1,Granja Portugal,137.0,117.0,82275.0,483.0,703.21,600.55,137,100.0,20.0,136.0,137.0
230440070100215,1,Granja Portugal,254.0,228.0,148028.0,880.0,649.25,582.79,254,11.0,165.0,252.0,254.0
230440070100216,1,Bonsucesso,174.0,167.0,136324.0,601.0,816.31,783.47,174,42.0,0.0,169.0,174.0
230440070100217,1,Bonsucesso,150.0,144.0,134427.0,514.0,942.02,903.83,148,64.0,45.0,129.0,148.0
230440070100218,1,Bonsucesso,366.0,347.0,354728.0,1272.0,1022.27,969.2,366,91.0,2.0,362.0,366.0
230440070100219,1,Bonsucesso,227.0,163.0,185141.0,748.0,1135.83,815.6,227,159.0,39.0,223.0,227.0
230440070100220,1,Bonsucesso,244.0,216.0,163544.0,884.0,761.89,673.74,242,188.0,50.0,227.0,242.0
230440070100221,1,Bonsucesso,335.0,319.0,371002.0,933.0,1163.02,1107.47,335,328.0,7.0,335.0,335.0
230440070100222,1,Bonsucesso,334.0,305.0,226266.0,1150.0,741.86,677.44,334,140.0,142.0,330.0,334.0
230440070100223,1,Bonsucesso,191.0,170.0,131438.0,639.0,773.16,688.16,191,68.0,118.0,191.0,191.0
230440070100224,1,Bonsucesso,245.0,230.0,181127.0,865.0,787.51,739.29,245,110.0,0.0,240.0,245.0
230440070100225,1,Bonsucesso,241.0,197.0,165228.0,748.0,838.72,685.59,241,67.0,6.0,230.0,241.0
230440070100226,1,Bonsucesso,371.0,294.0,198280.0,1254.0,674.98,534.51,370,132.0,0.0,368.0,370.0
230440070100227,1,Bonsucesso,293.0,276.0,199013.0,1009.0,721.06,679.23,293,44.0,51.0,282.0,292.0
230440070100228,1,Bonsucesso,293.0,258.0,175196.0,1054.0,679.05,597.94,293,177.0,4.0,288.0,269.0
230440070100229,1,Bonsucesso,199.0,173.0,93732.0,644.0,539.14,468.34,198,185.0,13.0,198.0,198.0
230440070100230,1,Bonsucesso,295.0,263.0,161520.0,1126.0,614.54,547.65,294,179.0,1.0,293.0,294.0
230440070100231,1,Bonsucesso,369.0,329.0,222197.0,1391.0,675.37,602.16,369,161.0,64.0,367.0,368.0
230440070100232,1,Bonsucesso,221.0,211.0,183847.0,744.0,871.31,831.89,221,142.0,1.0,219.0,219.0
230440070100233,1,Bonsucesso,322.0,295.0,305375.0,1124.0,1036.65,949.45,321,220.0,47.0,309.0,321.0
230440070100234,1,Bonsucesso,341.0,248.0,161411.0,1121.0,650.85,473.35,341,300.0,3.0,302.0,341.0
230440070100235,1,Bonsucesso,189.0,161.0,162307.0,677.0,1008.12,858.77,189,113.0,6.0,182.0,189.0
230440070100236,1,Bonsucesso,224.0,193.0,109490.0,747.0,567.31,488.79,224,223.0,0.0,222.0,224.0
230440070100237,1,Bonsucesso,123.0,112.0,120788.0,434.0,1078.46,982.02,123,103.0,20.0,106.0,123.0
230440070100238,1,Bonsucesso,297.0,282.0,215409.0,985.0,764.77,726.01,296,141.0,20.0,279.0,296.0
230440070100239,1,Bonsucesso,302.0,270.0,189956.0,1051.0,704.26,629.39,301,67.0,3.0,277.0,301.0
230440070100240,1,Bonsucesso,457.0,433.0,373763.0,1640.0,863.19,817.86,457,320.0,2.0,436.0,457.0
230440070100241,1,Bonsucesso,197.0,187.0,187846.0,677.0,1008.85,957.38,196,25.0,1.0,173.0,196.0
230440070100242,1,Bonsucesso,179.0,144.0,78889.0,648.0,547.84,440.72,179,161.0,15.0,178.0,179.0
230440070100243,1,Bonsucesso,230.0,217.0,157357.0,800.0,725.15,684.16,230,58.0,3.0,225.0,213.0
230440070100244,1,Bonsucesso,284.0,181.0,144222.0,891.0,802.17,501.73,267,15.0,1.0,259.0,249.0
230440070100245,1,Bonsucesso,81.0,71.0,34445.0,311.0,485.14,425.25,81,0.0,0.0,79.0,52.0
230440070100246,1,Bonsucesso,106.0,87.0,44383.0,381.0,510.15,418.71,106,42.0,1.0,103.0,95.0
230440070100247,1,Bonsucesso,253.0,235.0,278732.0,834.0,1186.09,1101.71,253,215.0,13.0,227.0,253.0
230440070100248,1,Bonsucesso,254.0,234.0,215256.0,879.0,919.9,847.46,254,181.0,27.0,232.0,254.0
230440070100249,1,Bonsucesso,222.0,205.0,210926.0,840.0,1028.91,950.12,222,167.0,39.0,209.0,222.0
230440070100250,1,Bonsucesso,187.0,168.0,146833.0,683.0,874.01,785.2,187,156.0,1.0,167.0,187.0
230440070100251,1,Bonsucesso,198.0,186.0,195762.0,662.0,1052.48,988.7,198,23.0,5.0,187.0,198.0
230440070100252,1,Bonsucesso,318.0,296.0,348542.0,1026.0,1177.51,1096.04,318,131.0,3.0,285.0,318.0
230440070100253,1,Parque São José,300.0,269.0,201651.0,1068.0,749.63,672.17,300,150.0,145.0,297.0,300.0
230440070100254,1,Parque São José,226.0,189.0,148919.0,767.0,787.93,658.93,226,50.0,135.0,215.0,225.0
230440070100255,1,Parque São José,310.0,278.0,200942.0,1100.0,722.81,648.2,310,35.0,0.0,291.0,310.0
230440070100256,1,Parque São José,244.0,225.0,146329.0,913.0,650.35,599.71,244,53.0,4.0,240.0,240.0
230440070100257,1,Parque São José,239.0,208.0,145936.0,940.0,701.62,610.61,239,30.0,2.0,236.0,239.0
230440070100258,1,Parque São José,258.0,248.0,165982.0,882.0,669.93,643.86,257,24.0,1.0,256.0,238.0
230440070100259,1,Parque São José,314.0,294.0,224562.0,1064.0,762.16,713.31,312,58.0,5.0,304.0,311.0
230440070100260,1,Parque São José,360.0,345.0,250379.0,1197.0,714.89,684.77,356,3.0,1.0,353.0,356.0
230440070100261,1,Parque São José,157.0,150.0,129933.0,489.0,859.95,821.37,156,58.0,27.0,150.0,156.0
230440070100262,1,Parque São José,455.0,419.0,334162.0,1503.0,799.19,735.82,454,103.0,16.0,401.0,454.0
230440070100470,1,Canindezinho,241.0,128.0,67554.0,994.0,527.77,280.31,241,5.0,13.0,233.0,201.0
230440070100471,1,Canindezinho,244.0,140.0,78503.0,839.0,560.74,321.73,244,25.0,1.0,243.0,244.0
230440070100472,1,Canindezinho,175.0,149.0,88477.0,671.0,593.81,505.58,175,15.0,1.0,171.0,165.0
230440070100473,1,Canindezinho,329.0,306.0,291641.0,1147.0,953.58,886.71,328,172.0,0.0,327.0,325.0
230440070100474,1,Canindezinho,245.0,201.0,130917.0,812.0,651.33,534.36,245,152.0,84.0,243.0,244.0
230440070100475,1,Canindezinho,211.0,163.0,99763.0,803.0,612.04,472.81,211,179.0,22.0,211.0,211.0
230440070100476,1,Canindezinho,264.0,232.0,130584.0,905.0,562.86,496.52,263,1.0,0.0,259.0,216.0
230440070100477,1,Canindezinho,252.0,87.0,42952.0,942.0,493.7,170.44,252,10.0,1.0,246.0,235.0
230440070100478,1,Canindezinho,383.0,325.0,135193.0,1340.0,415.98,352.98,383,5.0,2.0,374.0,256.0
230440070100479,1,Canindezinho,427.0,383.0,246774.0,1489.0,644.32,577.93,427,151.0,1.0,414.0,415.0
230440070100480,1,Canindezinho,293.0,247.0,109785.0,1023.0,444.21,374.23,292,0.0,32.0,289.0,276.0
230440070100481,1,Canindezinho,262.0,253.0,141680.0,952.0,560.0,540.76,262,13.0,0.0,259.0,223.0
230440070100482,1,Canindezinho,229.0,212.0,124753.0,836.0,588.46,544.77,229,6.0,0.0,228.0,224.0
230440070100483,1,Canindezinho,294.0,282.0,215819.0,1047.0,765.32,734.08,294,21.0,6.0,289.0,291.0
230440070100484,1,Canindezinho,381.0,339.0,237872.0,1377.0,701.69,624.34,381,14.0,0.0,381.0,380.0
230440070100485,1,Canindezinho,192.0,169.0,113518.0,740.0,671.7,591.24,192,30.0,0.0,191.0,179.0
230440070100486,1,Siqueira,203.0,192.0,121877.0,761.0,635.43,600.83,202,107.0,2.0,202.0,202.0
230440070100487,1,Siqueira,272.0,234.0,167125.0,908.0,714.21,614.43,272,120.0,1.0,272.0,272.0
230440070100488,1,Siqueira,267.0,258.0,263164.0,938.0,1020.02,985.63,267,128.0,14.0,267.0,267.0
230440070100489,1,Siqueira,231.0,217.0,253126.0,791.0,1166.48,1095.78,231,129.0,5.0,228.0,230.0
230440070100490,1,Siqueira,92.0,75.0,47863.0,327.0,638.17,520.25,92,12.0,76.0,89.0,68.0
230440070100491,1,Siqueira,220.0,152.0,98168.0,824.0,645.84,446.22,220,2.0,0.0,219.0,220.0
230440070100492,1,Bonsucesso,179.0,166.0,151385.0,699.0,911.96,845.73,179,172.0,0.0,167.0,179.0
230440070100493,1,Siqueira,249.0,208.0,156341.0,958.0,751.64,627.88,249,22.0,40.0,247.0,249.0
230440070100494,1,Bonsucesso,324.0,301.0,219265.0,1149.0,728.46,676.74,324,144.0,104.0,317.0,324.0
230440070100495,1,Bonsucesso,272.0,203.0,103433.0,1262.0,509.52,380.27,272,216.0,0.0,272.0,271.0
230440070100496,1,Siqueira,235.0,92.0,46068.0,940.0,500.74,196.03,235,6.0,206.0,225.0,233.0
230440070100497,1,Siqueira,167.0,152.0,84995.0,626.0,559.18,508.95,167,0.0,2.0,153.0,82.0
230440070100498,1,Siqueira,224.0,175.0,89824.0,740.0,513.28,401.0,224,207.0,16.0,224.0,221.0
230440070100499,1,Siqueira,194.0,185.0,102134.0,626.0,552.08,526.46,194,10.0,0.0,190.0,192.0
230440070100500,1,Siqueira,156.0,122.0,67931.0,604.0,556.81,435.46,156,16.0,18.0,156.0,156.0
230440070100501,1,Bom Jardim,213.0,160.0,119457.0,772.0,746.61,560.83,213,112.0,86.0,209.0,213.0
230440070100502,1,Bom Jardim,232.0,128.0,64680.0,862.0,505.31,278.79,232,29.0,11.0,231.0,232.0
230440070100503,1,Bom Jardim,196.0,157.0,90391.0,745.0,575.74,461.18,196,60.0,0.0,194.0,196.0
230440070100504,1,Bom Jardim,215.0,186.0,103849.0,768.0,558.33,483.02,215,38.0,2.0,214.0,215.0
230440070100505,1,Bom Jardim,287.0,262.0,195061.0,888.0,745.41,680.25,286,16.0,9.0,263.0,285.0
230440070100506,1,Bom Jardim,278.0,156.0,102217.0,991.0,655.24,367.69,278,11.0,5.0,278.0,278.0
230440070100507,1,Bom Jardim,333.0,295.0,172301.0,1313.0,584.07,517.42,333,223.0,1.0,333.0,333.0
230440070100508,1,Bom Jardim,193.0,169.0,94408.0,727.0,558.63,489.16,193,15.0,0.0,187.0,192.0
230440070100509,1,Granja Lisboa,212.0,147.0,85266.0,820.0,580.04,402.2,212,3.0,198.0,207.0,210.0
230440070100510,1,Granja Lisboa,166.0,114.0,65990.0,602.0,578.86,397.53,166,16.0,0.0,164.0,166.0
230440070100511,1,Granja Lisboa,223.0,182.0,126358.0,753.0,694.27,566.63,223,4.0,0.0,219.0,223.0
230440070100512,1,Granja Lisboa,132.0,97.0,48302.0,536.0,497.96,365.92,132,90.0,13.0,128.0,129.0
230440070100513,1,Granja Lisboa,246.0,200.0,116648.0,814.0,584.84,474.58,244,164.0,75.0,232.0,244.0
230440070100514,1,Granja Lisboa,235.0,211.0,116659.0,845.0,552.89,496.42,235,8.0,151.0,231.0,233.0
230440070100515,1,Granja Lisboa,223.0,199.0,135321.0,795.0,680.01,606.82,223,10.0,179.0,219.0,219.0
230440070100516,1,Bonsucesso,321.0,271.0,182598.0,1168.0,673.79,568.84,321,240.0,10.0,319.0,321.0
230440070100517,1,Granja Lisboa,41.0,35.0,34600.0,175.0,988.57,843.9,41,3.0,36.0,39.0,14.0
230440070100518,1,Granja Lisboa,313.0,295.0,229886.0,965.0,779.27,734.46,313,98.0,2.0,311.0,313.0
230440070100519,1,Granja Lisboa,183.0,141.0,88150.0,673.0,625.18,481.69,183,12.0,167.0,183.0,171.0
230440070100520,1,Granja Lisboa,191.0,153.0,107096.0,688.0,699.97,560.71,191,8.0,169.0,189.0,191.0
230440070100521,1,Granja Lisboa,190.0,154.0,99652.0,681.0,647.09,524.48,190,8.0,4.0,190.0,190.0
230440070100522,1,Granja Lisboa,200.0,171.0,103247.0,698.0,603.78,516.24,200,22.0,0.0,199.0,200.0
230440070100523,1,Granja Lisboa,192.0,132.0,63995.0,765.0,484.81,333.31,192,3.0,6.0,183.0,192.0
230440070100524,1,Granja Lisboa,176.0,133.0,54208.0,679.0,407.58,308.0,176,39.0,5.0,176.0,174.0
230440070100525,1,Granja Lisboa,228.0,212.0,103474.0,881.0,488.08,453.83,228,192.0,0.0,224.0,228.0
230440070100526,1,Granja Lisboa,297.0,274.0,188975.0,1039.0,689.69,636.28,297,90.0,2.0,288.0,212.0
230440070100527,1,Granja Lisboa,194.0,166.0,81822.0,746.0,492.9,421.76,194,6.0,0.0,189.0,162.0
230440070100528,1,Granja Lisboa,33.0,28.0,17537.0,108.0,626.32,531.42,33,1.0,0.0,31.0,15.0
230440070100529,1,Conjunto Ceará II,222.0,210.0,256090.0,783.0,1219.48,1153.56,222,221.0,1.0,218.0,222.0
230440070100530,1,Conjunto Ceará II,243.0,235.0,304235.0,834.0,1294.62,1252.0,243,243.0,0.0,243.0,243.0
230440070100531,1,Conjunto Ceará II,162.0,147.0,139494.0,591.0,948.94,861.07,162,157.0,5.0,162.0,162.0
230440070100532,1,Conjunto Ceará II,198.0,173.0,175817.0,682.0,1016.28,887.96,198,190.0,8.0,198.0,198.0
230440070100533,1,Conjunto Ceará II,156.0,143.0,127706.0,527.0,893.05,818.63,156,156.0,0.0,156.0,156.0
230440070100534,1,Granja Portugal,279.0,258.0,169478.0,1000.0,656.89,607.45,279,203.0,17.0,278.0,279.0
230440070100535,1,Granja Portugal,183.0,168.0,110840.0,673.0,659.76,605.68,183,141.0,0.0,169.0,183.0
230440070100536,1,Granja Portugal,179.0,163.0,91102.0,592.0,556.83,506.2,176,87.0,7.0,172.0,176.0
230440070100537,1,Granja Portugal,211.0,178.0,91502.0,812.0,500.01,423.45,209,11.0,100.0,205.0,173.0
230440070100538,1,Granja Portugal,224.0,114.0,76932.0,808.0,674.84,343.45,224,208.0,0.0,220.0,224.0
230440070100539,1,Granja Portugal,160.0,148.0,73259.0,555.0,495.78,458.36,159,99.0,28.0,140.0,158.0
230440070100540,1,Granja Portugal,147.0,141.0,121437.0,586.0,861.26,826.1,147,40.0,60.0,145.0,147.0
230440070100541,1,Bonsucesso,317.0,224.0,90110.0,1185.0,402.28,284.26,317,93.0,0.0,299.0,292.0
230440070100542,1,Bonsucesso,375.0,347.0,227773.0,1353.0,656.41,607.39,375,264.0,106.0,373.0,375.0
230440070100543,1,Bonsucesso,264.0,248.0,189900.0,923.0,765.73,719.32,264,117.0,0.0,260.0,264.0
230440070100544,1,Bonsucesso,156.0,149.0,135334.0,565.0,908.28,867.53,156,68.0,74.0,142.0,154.0
230440070100709,1,Siqueira,168.0,133.0,68004.0,537.0,511.31,404.79,168,168.0,0.0,168.0,168.0
230440070100710,1,Siqueira,429.0,383.0,219060.0,1420.0,571.96,510.63,429,31.0,27.0,372.0,371.0
230440070100711,1,Siqueira,519.0,473.0,221776.0,1987.0,468.87,427.31,519,32.0,263.0,497.0,190.0
230440070100712,1,Siqueira,234.0,216.0,113321.0,908.0,524.63,484.28,234,71.0,50.0,217.0,229.0
230440070100713,1,Canindezinho,237.0,222.0,133126.0,836.0,599.67,561.71,237,9.0,2.0,234.0,227.0
230440070100714,1,Canindezinho,232.0,216.0,110493.0,828.0,511.54,476.26,232,24.0,95.0,229.0,232.0
230440070100715,1,Canindezinho,208.0,185.0,120441.0,761.0,651.03,579.04,208,5.0,0.0,208.0,167.0
230440070100716,1,Canindezinho,271.0,252.0,148368.0,944.0,588.76,547.48,271,3.0,0.0,263.0,255.0
230440070140001,1,Conjunto Esperança,171.0,127.0,122187.0,629.0,962.1,714.54,171,156.0,0.0,164.0,171.0
230440070140002,1,Conjunto Esperança,183.0,152.0,86167.0,670.0,566.89,470.86,183,0.0,183.0,183.0,183.0
230440070140003,1,Conjunto Esperança,224.0,204.0,187581.0,743.0,919.51,837.42,224,222.0,0.0,223.0,224.0
230440070140004,1,Conjunto Esperança,200.0,190.0,231549.0,763.0,1218.68,1157.75,200,197.0,0.0,200.0,200.0
230440070140005,1,Conjunto Esperança,310.0,288.0,285712.0,1065.0,992.06,921.65,310,298.0,1.0,308.0,310.0
230440070140006,1,Conjunto Esperança,362.0,315.0,301922.0,1125.0,958.61,833.8,361,246.0,111.0,345.0,361.0
230440070140007,1,Conjunto Esperança,169.0,153.0,189911.0,590.0,1241.25,1123.73,169,163.0,0.0,169.0,169.0
230440070140008,1,Conjunto Esperança,191.0,181.0,219401.0,640.0,1212.16,1148.7,191,187.0,2.0,191.0,191.0
230440070140009,1,Conjunto Esperança,181.0,170.0,217997.0,627.0,1282.34,1204.4,181,181.0,0.0,181.0,181.0
230440070140010,1,Conjunto Esperança,201.0,190.0,262305.0,669.0,1380.55,1305.0,201,200.0,1.0,201.0,201.0
230440070140011,1,Conjunto Esperança,203.0,192.0,253895.0,667.0,1326.15,1253.94,202,200.0,0.0,202.0,202.0
230440070140012,1,Conjunto Esperança,381.0,336.0,238218.0,1268.0,708.98,625.24,381,112.0,5.0,336.0,308.0
230440070140013,1,Conjunto Esperança,194.0,183.0,127153.0,696.0,694.83,655.43,194,7.0,187.0,194.0,194.0
230440070140014,1,Conjunto Esperança,266.0,182.0,121151.0,948.0,665.66,455.45,266,2.0,4.0,264.0,266.0
230440070140015,1,Conjunto Esperança,288.0,254.0,173128.0,1044.0,681.61,601.14,288,59.0,220.0,284.0,288.0
230440070140016,1,Conjunto Esperança,334.0,309.0,269081.0,1138.0,870.81,805.63,334,23.0,0.0,334.0,334.0
230440070140017,1,Parque Santa Rosa (Apolo XI),373.0,336.0,273463.0,1290.0,813.88,733.14,373,15.0,2.0,360.0,373.0
230440070140018,1,Parque Santa Rosa (Apolo XI),146.0,130.0,103672.0,493.0,797.48,710.08,146,2.0,127.0,142.0,146.0
230440070140019,1,Parque Santa Rosa (Apolo XI),220.0,189.0,128120.0,778.0,677.88,582.36,220,1.0,1.0,213.0,220.0
230440070140020,1,Parque Santa Rosa (Apolo XI),210.0,174.0,187914.0,677.0,1079.97,894.83,210,0.0,1.0,201.0,210.0
230440070140021,1,Parque Santa Rosa (Apolo XI),364.0,259.0,167376.0,1309.0,646.24,459.82,364,1.0,183.0,325.0,364.0
230440070140022,1,Parque Santa Rosa (Apolo XI),334.0,307.0,296043.0,1108.0,964.31,886.36,334,22.0,3.0,296.0,334.0
230440070140023,1,Parque Santa Rosa (Apolo XI),285.0,242.0,171505.0,889.0,708.7,601.77,285,4.0,5.0,248.0,285.0
230440070140024,1,Parque Santa Rosa (Apolo XI),387.0,344.0,270534.0,1352.0,788.37,700.32,385,18.0,10.0,372.0,385.0
230440070140025,1,Parque Santa Rosa (Apolo XI),286.0,253.0,156758.0,991.0,620.47,550.31,283,9.0,249.0,271.0,282.0
230440070140026,1,Parque Presidente Vargas,284.0,254.0,164544.0,1006.0,647.81,579.38,284,16.0,2.0,275.0,284.0
230440070140027,1,Parque Presidente Vargas,249.0,97.0,63831.0,913.0,658.05,256.35,249,1.0,0.0,226.0,249.0
230440070140028,1,Parque Presidente Vargas,301.0,262.0,173421.0,1042.0,662.77,576.32,299,6.0,8.0,297.0,297.0
230440070140029,1,Parque Presidente Vargas,271.0,126.0,83059.0,991.0,659.2,306.49,271,12.0,0.0,263.0,271.0
230440070140263,1,Manoel Sátiro,200.0,195.0,183468.0,695.0,940.86,917.34,200,3.0,2.0,194.0,200.0
230440070140264,1,Manoel Sátiro,285.0,256.0,262981.0,1018.0,1027.27,922.74,285,30.0,6.0,277.0,284.0
230440070140265,1,Manoel Sátiro,243.0,206.0,183497.0,923.0,890.76,755.13,243,174.0,42.0,240.0,243.0
230440070140266,1,Manoel Sátiro,188.0,173.0,142501.0,675.0,823.71,757.98,188,7.0,5.0,185.0,188.0
230440070140267,1,Manoel Sátiro,209.0,187.0,175403.0,777.0,937.98,839.25,209,23.0,185.0,204.0,209.0
230440070140268,1,Manoel Sátiro,,,,6.0,3200.0,3200.0,1,,,,
230440070140269,1,Manoel Sátiro,218.0,205.0,266201.0,769.0,1301.73,1223.38,216,2.0,3.0,196.0,216.0
230440070140270,1,Manoel Sátiro,340.0,319.0,340459.0,1248.0,1065.8,999.58,338,13.0,2.0,327.0,337.0
230440070140271,1,Manoel Sátiro,196.0,185.0,203820.0,661.0,1101.73,1039.9,196,2.0,84.0,194.0,196.0
230440070140272,1,Manoel Sátiro,531.0,469.0,417882.0,1662.0,888.64,786.17,529,179.0,66.0,511.0,521.0
230440070140273,1,Manoel Sátiro,301.0,280.0,279598.0,1005.0,993.84,924.04,299,29.0,50.0,295.0,295.0
230440070140274,1,Manoel Sátiro,369.0,267.0,172288.0,1299.0,645.27,466.91,369,106.0,5.0,346.0,369.0
230440070140275,1,Manoel Sátiro,109.0,95.0,54063.0,384.0,569.08,495.99,109,72.0,0.0,109.0,97.0
230440070140276,1,Manoel Sátiro,366.0,329.0,301658.0,1286.0,913.94,821.04,364,249.0,2.0,357.0,364.0
230440070140277,1,Manoel Sátiro,225.0,213.0,195087.0,690.0,915.9,867.05,225,199.0,13.0,225.0,225.0
230440070140278,1,Manoel Sátiro,263.0,241.0,228795.0,786.0,949.36,869.94,263,261.0,2.0,263.0,263.0
230440070140279,1,Manoel Sátiro,211.0,191.0,156674.0,715.0,820.28,742.53,211,5.0,0.0,196.0,211.0
230440070140280,1,Manoel Sátiro,456.0,301.0,232000.0,1605.0,770.76,508.77,456,20.0,435.0,456.0,456.0
230440070140281,1,Manoel Sátiro,103.0,94.0,51056.0,314.0,555.9,503.78,96,0.0,92.0,96.0,96.0
230440070140282,1,Manoel Sátiro,154.0,137.0,119462.0,525.0,871.99,775.73,154,1.0,0.0,153.0,154.0
230440070140283,1,Manoel Sátiro,279.0,267.0,225621.0,920.0,845.02,808.68,279,13.0,16.0,279.0,279.0
230440070140284,1,Manoel Sátiro,246.0,196.0,177236.0,849.0,904.27,720.47,246,1.0,14.0,241.0,246.0
230440070140285,1,Manoel Sátiro,209.0,197.0,154711.0,705.0,786.74,741.35,208,6.0,200.0,206.0,208.0
230440070140286,1,Manoel Sátiro,274.0,256.0,259062.0,939.0,1011.96,945.48,274,9.0,1.0,274.0,274.0
230440070140287,1,Manoel Sátiro,193.0,188.0,221865.0,712.0,1180.13,1149.56,193,5.0,9.0,190.0,193.0
230440070140288,1,Manoel Sátiro,281.0,263.0,376402.0,1009.0,1433.6,1341.44,280,9.0,17.0,257.0,280.0
230440070140289,1,Manoel Sátiro,261.0,231.0,231201.0,919.0,1000.87,885.39,260,12.0,221.0,252.0,259.0
230440070140290,1,Manoel Sátiro,254.0,233.0,346604.0,963.0,1487.57,1364.58,254,1.0,253.0,252.0,254.0
230440070140291,1,Manoel Sátiro,328.0,274.0,269080.0,1176.0,982.04,820.37,328,112.0,14.0,324.0,328.0
230440070140292,1,Manoel Sátiro,295.0,202.0,217346.0,939.0,1075.97,736.77,295,190.0,95.0,291.0,295.0
230440070140293,1,Manoel Sátiro,140.0,129.0,90786.0,483.0,703.77,648.47,140,2.0,0.0,140.0,140.0
230440070140294,1,Manoel Sátiro,243.0,227.0,239941.0,836.0,1059.43,989.38,242,167.0,24.0,227.0,242.0
230440070140295,1,Manoel Sátiro,207.0,196.0,245082.0,611.0,1250.42,1183.97,207,22.0,181.0,55.0,207.0
230440070140296,1,Maraponga,274.0,228.0,460328.0,894.0,2018.98,1680.03,274,94.0,163.0,270.0,274.0
230440070140297,1,Maraponga,292.0,240.0,368626.0,741.0,1535.94,1262.42,292,9.0,280.0,292.0,292.0
230440070140298,1,Maraponga,419.0,351.0,690104.0,1489.0,1966.11,1647.03,419,4.0,12.0,388.0,419.0
230440070140299,1,Maraponga,107.0,64.0,42142.0,348.0,658.47,393.85,107,1.0,5.0,98.0,104.0
230440070140300,1,Maraponga,211.0,197.0,271611.0,667.0,1378.74,1287.26,211,33.0,130.0,209.0,211.0
230440070140301,1,Maraponga,98.0,60.0,29023.0,368.0,483.72,296.15,98,1.0,0.0,97.0,98.0
230440070140302,1,Maraponga,297.0,283.0,816462.0,990.0,2885.02,2749.03,297,1.0,29.0,293.0,282.0
230440070140303,1,Maraponga,165.0,154.0,353463.0,594.0,2295.21,2142.2,165,5.0,160.0,164.0,165.0
230440070140304,1,Maraponga,130.0,111.0,186936.0,454.0,1684.11,1437.97,130,28.0,98.0,130.0,130.0
230440070140305,1,Maraponga,99.0,84.0,122957.0,281.0,1463.77,1241.99,99,4.0,80.0,77.0,99.0
230440070140306,1,Maraponga,182.0,176.0,460922.0,640.0,2618.88,2532.54,182,7.0,174.0,178.0,182.0
230440070140307,1,Maraponga,157.0,125.0,83641.0,587.0,669.13,532.75,157,0.0,10.0,155.0,156.0
230440070140308,1,Jardim Cearense,224.0,174.0,139725.0,804.0,803.02,623.77,224,26.0,2.0,224.0,224.0
230440070140309,1,Jardim Cearense,189.0,176.0,116996.0,673.0,664.75,619.03,189,25.0,48.0,155.0,187.0
230440070140310,1,Jardim Cearense,249.0,195.0,529845.0,831.0,2717.15,2127.89,249,63.0,173.0,238.0,247.0
230440070140311,1,Jardim Cearense,416.0,392.0,443679.0,1438.0,1131.83,1066.54,416,4.0,11.0,384.0,415.0
230440070140312,1,Jardim Cearense,257.0,241.0,195125.0,896.0,809.65,759.24,257,111.0,110.0,249.0,247.0
230440070140313,1,Jardim Cearense,263.0,250.0,354585.0,925.0,1418.34,1348.23,263,242.0,12.0,262.0,263.0
230440070140314,1,Jardim Cearense,116.0,79.0,53751.0,418.0,680.39,463.37,116,12.0,0.0,113.0,116.0
230440070140315,1,Jardim Cearense,366.0,302.0,309895.0,1281.0,1041.04,854.41,357,15.0,299.0,351.0,357.0
230440070140316,1,Dendê,96.0,90.0,371185.0,349.0,4124.28,3866.51,96,17.0,0.0,71.0,96.0
230440070140317,1,Dendê,0.0,0.0,0.0,,,,0,0.0,0.0,0.0,0.0
230440070140318,1,Parque Dois Irmãos,111.0,95.0,37514.0,404.0,394.88,337.96,111,4.0,1.0,40.0,105.0
230440070140319,1,Parque Dois Irmãos,127.0,117.0,63318.0,461.0,541.18,498.57,127,1.0,100.0,126.0,116.0
230440070140320,1,Parque Dois Irmãos,88.0,58.0,27323.0,351.0,471.09,310.49,88,3.0,0.0,81.0,88.0
230440070140321,1,Parque Dois Irmãos,119.0,50.0,26146.0,452.0,522.92,219.71,119,4.0,53.0,111.0,118.0
230440070140322,1,Parque Dois Irmãos,278.0,258.0,267574.0,961.0,1037.11,962.5,278,3.0,275.0,278.0,278.0
230440070140323,1,Parque Dois Irmãos,81.0,70.0,42530.0,317.0,607.57,525.06,81,1.0,6.0,81.0,81.0
230440070140324,1,Parque Dois Irmãos,176.0,162.0,139081.0,694.0,858.52,790.23,176,16.0,1.0,176.0,176.0
230440070140325,1,Parque Dois Irmãos,221.0,205.0,322033.0,828.0,1570.89,1457.16,221,84.0,136.0,218.0,221.0
230440070140326,1,Parque Dois Irmãos,259.0,243.0,397691.0,902.0,1636.59,1535.49,259,61.0,190.0,257.0,259.0
230440070140327,1,Parque Dois Irmãos,274.0,246.0,357147.0,957.0,1451.82,1303.46,274,268.0,5.0,274.0,273.0
230440070140328,1,Parque Dois Irmãos,216.0,209.0,345013.0,765.0,1650.78,1597.28,216,216.0,0.0,216.0,216.0
230440070140329,1,Parque Dois Irmãos,215.0,204.0,354014.0,790.0,1735.36,1646.58,215,213.0,2.0,215.0,215.0
230440070140330,1,Parque Dois Irmãos,203.0,194.0,331174.0,725.0,1707.08,1631.4,203,203.0,0.0,203.0,203.0
230440070140331,1,Parque Dois Irmãos,136.0,126.0,74480.0,518.0,591.11,547.65,136,34.0,87.0,134.0,110.0
230440070140332,1,Parque Dois Irmãos,73.0,38.0,17985.0,270.0,473.29,246.37,73,0.0,0.0,73.0,73.0
230440070140333,1,Parque Dois Irmãos,96.0,79.0,36883.0,327.0,466.87,384.2,96,6.0,1.0,96.0,96.0
230440070140334,1,Parque Dois Irmãos,163.0,52.0,22392.0,644.0,430.62,137.37,163,6.0,46.0,158.0,159.0
230440070140335,1,Parque Dois Irmãos,127.0,89.0,41380.0,539.0,464.94,325.83,127,0.0,0.0,2.0,123.0
230440070140336,1,Parque Dois Irmãos,,,,96.0,547.9,479.42,24,,,,
230440070140337,1,Parque Dois Irmãos,,,,10.0,600.0,600.0,2,,,,
230440070140338,1,Parque Dois Irmãos,522.0,375.0,224396.0,2141.0,598.39,429.88,522,484.0,37.0,521.0,522.0
230440070140339,1,Parque Dois Irmãos,717.0,611.0,645749.0,2801.0,1056.87,900.63,717,211.0,69.0,716.0,715.0
230440070140340,1,Parque Dois Irmãos,180.0,163.0,76281.0,666.0,467.98,423.78,180,177.0,0.0,180.0,180.0
230440070140341,1,Parque Dois Irmãos,278.0,256.0,494703.0,1040.0,1932.43,1779.51,278,26.0,252.0,276.0,278.0
230440070140342,1,Parque Dois Irmãos,336.0,315.0,277872.0,1162.0,883.99,828.57,335,41.0,4.0,316.0,335.0
230440070140343,1,Parque Dois Irmãos,552.0,510.0,534742.0,1974.0,1048.51,968.74,552,10.0,259.0,549.0,541.0
230440070140344,1,Parque Dois Irmãos,281.0,191.0,251269.0,1043.0,1315.54,894.2,281,66.0,214.0,280.0,281.0
230440070140345,1,Parque Dois Irmãos,182.0,176.0,256870.0,698.0,1459.49,1411.37,182,17.0,165.0,181.0,182.0
230440070140346,1,Passaré,162.0,124.0,75196.0,588.0,606.42,464.17,162,150.0,11.0,159.0,162.0
230440070140347,1,Passaré,233.0,217.0,120280.0,768.0,555.83,517.5,232,199.0,0.0,226.0,232.0
230440070140348,1,Passaré,150.0,139.0,245625.0,430.0,1767.09,1637.5,150,147.0,3.0,147.0,150.0
230440070140349,1,Passaré,198.0,181.0,208263.0,653.0,1150.62,1051.83,198,198.0,0.0,198.0,198.0
230440070140350,1,Passaré,314.0,300.0,307860.0,1009.0,1027.93,981.95,313,0.0,9.0,312.0,313.0
230440070140351,1,Passaré,191.0,123.0,177592.0,594.0,1443.84,929.8,191,9.0,16.0,188.0,191.0
230440070140352,1,Passaré,317.0,279.0,148121.0,1158.0,529.21,465.37,315,314.0,0.0,311.0,315.0
230440070140353,1,Passaré,146.0,140.0,194388.0,464.0,1388.49,1331.42,146,1.0,131.0,144.0,146.0
230440070140354,1,Passaré,252.0,228.0,270099.0,765.0,1184.64,1071.82,252,123.0,111.0,250.0,248.0
230440070140355,1,Passaré,101.0,96.0,45030.0,394.0,469.79,446.3,100,6.0,87.0,100.0,100.0
230440070140356,1,Passaré,367.0,355.0,319880.0,1252.0,901.07,873.99,366,336.0,16.0,366.0,366.0
230440070140357,1,Passaré,298.0,244.0,144792.0,1042.0,593.41,485.88,298,36.0,7.0,287.0,232.0
230440070140358,1,Passaré,311.0,299.0,926964.0,821.0,3100.21,2980.59,311,35.0,275.0,305.0,310.0
230440070140359,1,Passaré,290.0,281.0,695913.0,1025.0,2476.56,2399.7,290,7.0,83.0,287.0,289.0
230440070140360,1,Passaré,572.0,482.0,967606.0,1943.0,2007.48,1691.62,572,189.0,383.0,564.0,571.0
230440070140361,1,Passaré,247.0,234.0,475528.0,897.0,2032.17,1933.04,246,116.0,119.0,246.0,246.0
230440070140362,1,Passaré,295.0,287.0,389344.0,932.0,1356.6,1319.81,295,24.0,99.0,290.0,295.0
230440070140363,1,Passaré,292.0,283.0,283141.0,918.0,1000.5,969.66,292,108.0,3.0,284.0,292.0
230440070140364,1,Passaré,213.0,176.0,97187.0,770.0,552.2,456.28,213,46.0,1.0,212.0,152.0
230440070140365,1,Passaré,267.0,250.0,272561.0,872.0,1090.24,1020.83,267,18.0,100.0,240.0,267.0
230440070140366,1,Passaré,203.0,167.0,101774.0,722.0,609.43,501.35,203,198.0,5.0,198.0,203.0
230440070140367,1,Passaré,293.0,247.0,169445.0,896.0,686.01,578.31,293,291.0,0.0,292.0,293.0
230440070140368,1,Passaré,309.0,267.0,184686.0,959.0,691.3,597.03,308,302.0,6.0,308.0,308.0
230440070140369,1,Passaré,271.0,221.0,153715.0,843.0,695.54,567.21,271,268.0,1.0,271.0,271.0
230440070140371,1,Passaré,231.0,213.0,161477.0,834.0,758.11,699.03,231,59.0,1.0,221.0,231.0
230440070140372,1,Passaré,172.0,150.0,102396.0,587.0,682.64,595.33,172,2.0,33.0,163.0,130.0
230440070140373,1,Passaré,61.0,47.0,24356.0,250.0,518.21,399.28,61,33.0,0.0,58.0,60.0
230440070140374,1,Passaré,199.0,152.0,75083.0,788.0,493.97,377.3,199,191.0,5.0,192.0,199.0
230440070140375,1,Passaré,339.0,293.0,197846.0,1330.0,675.24,583.62,339,116.0,0.0,337.0,339.0
230440070140376,1,Passaré,274.0,206.0,98430.0,1010.0,477.82,359.23,274,155.0,1.0,256.0,262.0
230440070140377,1,Prefeito José Walter,212.0,198.0,221698.0,734.0,1119.69,1045.75,212,210.0,0.0,212.0,212.0
230440070140378,1,Prefeito José Walter,269.0,257.0,290382.0,930.0,1129.89,1079.49,269,269.0,0.0,269.0,269.0
230440070140379,1,Prefeito José Walter,278.0,270.0,303584.0,913.0,1124.39,1092.03,278,265.0,0.0,278.0,273.0
230440070140380,1,Prefeito José Walter,226.0,216.0,345756.0,795.0,1600.72,1529.89,226,224.0,0.0,224.0,226.0
230440070140381,1,Prefeito José Walter,261.0,243.0,243391.0,854.0,1001.61,932.53,261,255.0,0.0,261.0,261.0
230440070140382,1,Prefeito José Walter,203.0,187.0,462805.0,696.0,2474.89,2279.83,203,197.0,5.0,202.0,203.0
230440070140383,1,Prefeito José Walter,279.0,259.0,262605.0,974.0,1013.92,941.24,279,270.0,4.0,277.0,279.0
230440070140384,1,Prefeito José Walter,230.0,172.0,130037.0,829.0,756.03,565.38,230,226.0,4.0,229.0,230.0
230440070140385,1,Prefeito José Walter,254.0,232.0,201938.0,834.0,870.42,795.03,254,243.0,0.0,253.0,254.0
230440070140386,1,Prefeito José Walter,290.0,213.0,126652.0,968.0,594.61,436.73,290,61.0,0.0,290.0,290.0
230440070140387,1,Prefeito José Walter,234.0,215.0,221264.0,821.0,1029.13,945.57,234,226.0,0.0,234.0,233.0
230440070140388,1,Prefeito José Walter,250.0,223.0,260136.0,878.0,1166.53,1040.54,250,238.0,3.0,246.0,249.0
230440070140389,1,Prefeito José Walter,276.0,252.0,214356.0,947.0,849.63,775.48,275,54.0,205.0,259.0,273.0
230440070140390,1,Prefeito José Walter,228.0,214.0,217809.0,734.0,1017.8,955.3,228,226.0,2.0,227.0,228.0
230440070140391,1,Prefeito José Walter,232.0,221.0,217818.0,770.0,985.6,938.87,232,222.0,10.0,232.0,232.0
230440070140392,1,Prefeito José Walter,355.0,317.0,440794.0,1236.0,1390.52,1241.67,355,348.0,0.0,348.0,355.0
230440070140393,1,Prefeito José Walter,417.0,397.0,556626.0,1490.0,1402.08,1334.83,417,404.0,5.0,416.0,417.0
230440070140394,1,Prefeito José Walter,275.0,263.0,358547.0,976.0,1363.3,1303.81,275,259.0,2.0,269.0,274.0
230440070140395,1,Prefeito José Walter,196.0,167.0,368138.0,707.0,2204.42,1878.26,196,190.0,4.0,193.0,196.0
230440070140396,1,Prefeito José Walter,407.0,371.0,466173.0,1462.0,1256.53,1145.39,407,342.0,15.0,402.0,406.0
230440070140397,1,Prefeito José Walter,442.0,395.0,429518.0,1510.0,1087.39,971.76,442,423.0,0.0,441.0,441.0
230440070140398,1,Prefeito José Walter,336.0,284.0,355161.0,1180.0,1250.57,1057.03,336,320.0,2.0,336.0,334.0
230440070140399,1,Prefeito José Walter,783.0,569.0,288719.0,2121.0,541.44,416.02,613,142.0,5.0,606.0,539.0
230440070140400,1,Prefeito José Walter,304.0,261.0,185052.0,1050.0,709.01,608.72,304,1.0,3.0,297.0,272.0
230440070140401,1,Planalto Ayrton Senna,207.0,189.0,113849.0,789.0,602.38,550.0,207,3.0,0.0,198.0,204.0
230440070140402,1,Planalto Ayrton Senna,189.0,182.0,161963.0,659.0,889.91,856.95,189,0.0,7.0,185.0,187.0
230440070140403,1,Mondubim (Sede),258.0,225.0,114625.0,801.0,509.44,444.28,258,64.0,1.0,246.0,257.0
230440070140404,1,Mondubim (Sede),244.0,226.0,286499.0,860.0,1267.69,1174.18,244,163.0,63.0,239.0,244.0
230440070140405,1,Mondubim (Sede),291.0,263.0,284290.0,1022.0,1082.79,978.24,290,11.0,19.0,281.0,290.0
230440070140406,1,Mondubim (Sede),232.0,221.0,342293.0,737.0,1551.24,1477.37,231,14.0,1.0,222.0,231.0
230440070140407,1,Mondubim (Sede),299.0,279.0,307495.0,908.0,1102.13,1028.41,299,299.0,0.0,299.0,299.0
230440070140408,1,Mondubim (Sede),179.0,164.0,215806.0,501.0,1315.89,1205.62,179,172.0,7.0,179.0,179.0
230440070140409,1,Mondubim (Sede),295.0,279.0,406724.0,834.0,1457.79,1378.73,295,274.0,20.0,294.0,291.0
230440070140410,1,Mondubim (Sede),301.0,287.0,397544.0,875.0,1389.73,1324.88,300,298.0,0.0,300.0,300.0
230440070140411,1,Mondubim (Sede),208.0,176.0,141096.0,712.0,801.68,678.35,208,57.0,149.0,204.0,208.0
230440070140412,1,Mondubim (Sede),304.0,202.0,131656.0,984.0,648.29,430.05,303,234.0,67.0,299.0,303.0
230440070140413,1,Mondubim (Sede),268.0,250.0,199396.0,964.0,797.58,744.01,268,178.0,8.0,262.0,263.0
230440070140414,1,Planalto Ayrton Senna,204.0,174.0,108460.0,757.0,623.33,534.29,203,3.0,78.0,191.0,203.0
230440070140415,1,Planalto Ayrton Senna,425.0,386.0,241934.0,1448.0,630.38,576.96,413,40.0,4.0,389.0,413.0
230440070140416,1,Planalto Ayrton Senna,267.0,233.0,134617.0,897.0,577.76,504.18,267,0.0,0.0,261.0,267.0
230440070140417,1,Planalto Ayrton Senna,208.0,181.0,114635.0,742.0,633.34,551.13,208,57.0,12.0,195.0,208.0
230440070140418,1,Planalto Ayrton Senna,167.0,157.0,97762.0,577.0,621.63,583.95,165,0.0,1.0,152.0,165.0
230440070140419,1,Planalto Ayrton Senna,182.0,130.0,77400.0,727.0,595.38,425.27,182,182.0,0.0,174.0,182.0
230440070140420,1,Planalto Ayrton Senna,300.0,254.0,139967.0,1121.0,551.05,466.56,300,26.0,271.0,282.0,300.0
230440070140421,1,Planalto Ayrton Senna,366.0,338.0,216658.0,1336.0,641.0,591.96,366,31.0,236.0,342.0,357.0
230440070140422,1,Planalto Ayrton Senna,221.0,204.0,220464.0,774.0,1080.71,997.57,221,7.0,206.0,210.0,221.0
230440070140423,1,Mondubim (Sede),246.0,235.0,174850.0,846.0,744.04,710.77,246,11.0,1.0,236.0,246.0
230440070140424,1,Mondubim (Sede),225.0,199.0,143169.0,753.0,719.44,636.31,225,6.0,203.0,221.0,201.0
230440070140425,1,Mondubim (Sede),234.0,195.0,114143.0,731.0,585.35,487.79,234,230.0,0.0,234.0,234.0
230440070140426,1,Mondubim (Sede),212.0,179.0,83127.0,719.0,464.4,392.11,212,5.0,200.0,212.0,212.0
230440070140427,1,Mondubim (Sede),371.0,241.0,151979.0,1288.0,630.62,409.65,371,361.0,9.0,371.0,371.0
230440070140428,1,Mondubim (Sede),468.0,448.0,416206.0,1589.0,929.03,889.33,468,21.0,36.0,464.0,468.0
230440070140429,1,Mondubim (Sede),188.0,150.0,86123.0,668.0,574.15,458.1,188,5.0,26.0,176.0,139.0
230440070140430,1,Mondubim (Sede),267.0,160.0,135055.0,920.0,844.09,505.82,267,24.0,103.0,257.0,265.0
230440070140431,1,Mondubim (Sede),258.0,188.0,117252.0,1001.0,623.68,454.47,258,30.0,5.0,257.0,258.0
230440070140432,1,Mondubim (Sede),310.0,290.0,212183.0,1135.0,731.67,684.46,310,2.0,9.0,307.0,310.0
230440070140433,1,Mondubim (Sede),477.0,370.0,275093.0,1668.0,743.49,576.71,477,6.0,402.0,464.0,477.0
230440070140434,1,Mondubim (Sede),200.0,183.0,204018.0,721.0,1114.85,1020.09,200,151.0,0.0,194.0,200.0
230440070140435,1,Mondubim (Sede),356.0,344.0,675036.0,1110.0,1962.31,1896.17,356,3.0,9.0,342.0,354.0
230440070140436,1,Mondubim (Sede),175.0,163.0,136649.0,693.0,838.34,780.85,175,6.0,166.0,165.0,167.0
230440070140437,1,Mondubim (Sede),273.0,226.0,149602.0,956.0,661.96,547.99,273,1.0,7.0,268.0,273.0
230440070140438,1,Mondubim (Sede),238.0,192.0,368290.0,887.0,1922.98,1549.75,237,32.0,47.0,233.0,232.0
230440070140439,1,Mondubim (Sede),421.0,341.0,199024.0,1554.0,583.65,472.74,421,25.0,60.0,408.0,393.0
230440070140440,1,Mondubim (Sede),412.0,374.0,216373.0,1498.0,578.72,525.21,411,5.0,10.0,408.0,410.0
230440070140441,1,Mondubim (Sede),359.0,335.0,342301.0,1258.0,1021.79,953.48,359,3.0,1.0,349.0,359.0
230440070140442,1,Mondubim (Sede),149.0,133.0,90567.0,489.0,680.95,607.83,149,0.0,0.0,149.0,149.0
230440070140443,1,Mondubim (Sede),106.0,63.0,40124.0,426.0,636.89,378.53,106,1.0,1.0,99.0,106.0
230440070140444,1,Mondubim (Sede),376.0,361.0,620974.0,1350.0,1720.15,1651.53,376,363.0,10.0,376.0,376.0
230440070140445,1,Mondubim (Sede),329.0,310.0,420584.0,1130.0,1356.72,1278.37,329,238.0,4.0,328.0,329.0
230440070140446,1,Mondubim (Sede),158.0,98.0,79186.0,483.0,808.02,501.18,158,70.0,81.0,123.0,158.0
230440070140447,1,Mondubim (Sede),167.0,156.0,128958.0,555.0,826.65,772.2,167,41.0,126.0,163.0,167.0
230440070140448,1,Planalto Ayrton Senna,115.0,79.0,44700.0,420.0,565.82,388.7,115,1.0,111.0,110.0,115.0
230440070140449,1,Planalto Ayrton Senna,294.0,208.0,123485.0,1067.0,601.83,425.32,283,2.0,4.0,275.0,283.0
230440070140450,1,Planalto Ayrton Senna,168.0,116.0,69186.0,632.0,596.43,411.82,168,3.0,4.0,168.0,168.0
230440070140451,1,Planalto Ayrton Senna,72.0,67.0,53821.0,232.0,803.3,747.51,72,2.0,10.0,68.0,72.0
230440070140452,1,Planalto Ayrton Senna,96.0,90.0,51101.0,351.0,567.79,532.3,96,1.0,80.0,86.0,94.0
230440070140453,1,Planalto Ayrton Senna,268.0,247.0,178074.0,956.0,720.95,664.46,268,24.0,10.0,262.0,267.0
230440070140454,1,Planalto Ayrton Senna,176.0,92.0,48135.0,668.0,523.21,273.49,176,0.0,121.0,165.0,176.0
230440070140455,1,Planalto Ayrton Senna,231.0,218.0,136925.0,858.0,628.1,592.75,231,1.0,1.0,220.0,231.0
230440070140456,1,Planalto Ayrton Senna,177.0,160.0,105820.0,647.0,661.38,597.85,177,2.0,0.0,177.0,177.0
230440070140457,1,Planalto Ayrton Senna,176.0,164.0,97541.0,654.0,594.76,554.21,176,2.0,0.0,173.0,176.0
230440070140458,1,Planalto Ayrton Senna,246.0,232.0,148930.0,834.0,641.94,605.41,246,8.0,235.0,243.0,246.0
230440070140459,1,Planalto Ayrton Senna,218.0,195.0,164997.0,780.0,846.14,756.87,218,3.0,212.0,188.0,218.0
230440070140460,1,Planalto Ayrton Senna,209.0,188.0,205544.0,730.0,1093.32,983.46,209,6.0,191.0,187.0,209.0
230440070140461,1,Mondubim (Sede),258.0,243.0,190573.0,928.0,784.25,738.66,258,0.0,184.0,252.0,255.0
230440070140462,1,Mondubim (Sede),262.0,229.0,148729.0,899.0,649.47,567.67,262,0.0,1.0,262.0,262.0
230440070140463,1,Mondubim (Sede),213.0,140.0,109450.0,779.0,781.79,513.85,213,11.0,70.0,213.0,213.0
230440070140464,1,Mondubim (Sede),120.0,113.0,187227.0,433.0,1656.88,1560.23,120,2.0,16.0,110.0,95.0
230440070140465,1,Mondubim (Sede),221.0,197.0,376566.0,786.0,1911.5,1719.48,219,18.0,98.0,212.0,219.0
230440070140466,1,Mondubim (Sede),247.0,241.0,443924.0,772.0,1842.01,1797.26,247,5.0,135.0,225.0,247.0
230440070140467,1,Mondubim (Sede),258.0,242.0,408417.0,932.0,1692.81,1587.42,257,17.0,10.0,257.0,257.0
230440070140468,1,Mondubim (Sede),248.0,173.0,152303.0,950.0,880.36,614.13,248,24.0,0.0,239.0,248.0
230440070140469,1,Planalto Ayrton Senna,181.0,153.0,84445.0,654.0,551.93,466.55,181,45.0,15.0,170.0,181.0
230440070140552,1,Conjunto Esperança,319.0,294.0,401505.0,1029.0,1365.66,1258.64,319,99.0,25.0,293.0,319.0
230440070140553,1,Parque Santa Rosa (Apolo XI),202.0,192.0,140292.0,729.0,730.69,694.51,202,0.0,0.0,188.0,202.0
230440070140554,1,Parque Santa Rosa (Apolo XI),288.0,268.0,211489.0,944.0,789.14,734.34,288,6.0,0.0,283.0,288.0
230440070140555,1,Parque Santa Rosa (Apolo XI),235.0,148.0,79459.0,803.0,536.89,338.12,235,0.0,0.0,232.0,235.0
230440070140556,1,Parque Santa Rosa (Apolo XI),400.0,354.0,359380.0,1418.0,1015.2,898.45,400,107.0,1.0,367.0,400.0
230440070140557,1,Parque Presidente Vargas,294.0,264.0,164072.0,1109.0,621.48,558.07,294,11.0,5.0,290.0,289.0
230440070140558,1,Parque Presidente Vargas,262.0,222.0,113394.0,1039.0,510.78,432.8,262,0.0,6.0,253.0,176.0
230440070140559,1,Parque Presidente Vargas,290.0,219.0,116174.0,1074.0,533.75,402.17,288,1.0,49.0,280.0,198.0
230440070140560,1,Manoel Sátiro,148.0,105.0,106918.0,500.0,1018.27,722.42,148,3.0,145.0,145.0,148.0
230440070140561,1,Manoel Sátiro,219.0,198.0,178923.0,762.0,903.65,817.0,219,0.0,97.0,186.0,219.0
230440070140562,1,Manoel Sátiro,272.0,194.0,129222.0,956.0,666.09,475.08,272,31.0,240.0,272.0,272.0
230440070140563,1,Manoel Sátiro,280.0,247.0,234293.0,997.0,948.55,836.76,280,50.0,174.0,278.0,280.0
230440070140564,1,Manoel Sátiro,285.0,259.0,324188.0,982.0,1251.69,1137.5,285,134.0,3.0,285.0,285.0
230440070140565,1,Manoel Sátiro,275.0,248.0,169451.0,926.0,683.27,616.19,275,4.0,0.0,270.0,270.0
230440070140566,1,Manoel Sátiro,257.0,162.0,117289.0,948.0,724.01,456.38,257,19.0,238.0,250.0,257.0
230440070140567,1,Manoel Sátiro,209.0,191.0,186158.0,746.0,974.65,890.71,209,22.0,59.0,205.0,209.0
230440070140568,1,Manoel Sátiro,258.0,189.0,415527.0,781.0,2198.56,1610.57,258,166.0,90.0,253.0,250.0
230440070140569,1,Manoel Sátiro,183.0,160.0,132884.0,624.0,830.53,726.14,183,1.0,1.0,165.0,183.0
230440070140570,1,Manoel Sátiro,190.0,177.0,217095.0,560.0,1226.53,1142.61,190,8.0,182.0,36.0,190.0
230440070140571,1,Manoel Sátiro,380.0,335.0,361859.0,974.0,1080.18,952.26,380,240.0,140.0,377.0,379.0
230440070140572,1,Manoel Sátiro,,,,43.0,1492.2,1356.55,11,,,,
230440070140573,1,Maraponga,162.0,160.0,327415.0,465.0,2046.34,2021.08,162,145.0,17.0,161.0,162.0
230440070140574,1,Maraponga,242.0,230.0,338976.0,855.0,1473.81,1400.73,242,34.0,203.0,238.0,242.0
230440070140575,1,Maraponga,229.0,207.0,322265.0,775.0,1556.84,1407.27,229,31.0,4.0,212.0,229.0
230440070140576,1,Jardim Cearense,229.0,225.0,502102.0,780.0,2231.56,2192.59,229,9.0,36.0,215.0,229.0
230440070140577,1,Jardim Cearense,262.0,245.0,330177.0,903.0,1347.66,1260.22,262,256.0,4.0,260.0,261.0
230440070140578,1,Jardim Cearense,345.0,327.0,510208.0,1107.0,1560.27,1478.86,345,42.0,90.0,340.0,340.0
230440070140579,1,Dendê,278.0,226.0,101741.0,1012.0,450.18,365.97,278,2.0,254.0,277.0,278.0
230440070140580,1,Dendê,252.0,217.0,232830.0,558.0,1226.58,1140.38,185,28.0,150.0,184.0,177.0
230440070140581,1,Dendê,126.0,104.0,94584.0,412.0,909.46,750.67,126,0.0,32.0,126.0,126.0
230440070140582,1,Dendê,331.0,301.0,269739.0,1173.0,896.14,814.92,331,0.0,17.0,325.0,331.0
230440070140583,1,Dendê,259.0,248.0,585653.0,665.0,2361.5,2261.21,259,8.0,117.0,258.0,259.0
230440070140584,1,Dendê,265.0,228.0,173680.0,855.0,764.52,657.37,264,151.0,7.0,262.0,264.0
230440070140585,1,Parque Dois Irmãos,318.0,282.0,308989.0,1132.0,1095.71,971.66,318,48.0,270.0,316.0,318.0
230440070140586,1,Parque Dois Irmãos,270.0,258.0,272981.0,921.0,1058.07,1011.04,270,37.0,217.0,265.0,270.0
230440070140587,1,Parque Dois Irmãos,297.0,198.0,186167.0,843.0,940.24,626.82,297,13.0,111.0,292.0,264.0
230440070140588,1,Passaré,189.0,135.0,94230.0,592.0,698.0,498.57,189,168.0,19.0,184.0,189.0
230440070140589,1,Passaré,249.0,198.0,341511.0,743.0,1724.8,1371.53,249,2.0,89.0,235.0,248.0
230440070140590,1,Passaré,190.0,179.0,260888.0,674.0,1457.47,1373.09,190,2.0,188.0,190.0,188.0
230440070140591,1,Passaré,214.0,204.0,323203.0,501.0,1584.33,1510.29,214,9.0,0.0,214.0,214.0
230440070140592,1,Passaré,231.0,221.0,200773.0,712.0,910.29,870.71,230,162.0,65.0,226.0,230.0
230440070140593,1,Passaré,315.0,252.0,143280.0,1081.0,568.57,454.86,315,270.0,0.0,313.0,315.0
230440070140594,1,Passaré,157.0,140.0,75830.0,581.0,541.64,482.99,157,151.0,1.0,156.0,154.0
230440070140595,1,Passaré,127.0,114.0,61665.0,454.0,540.92,485.55,127,102.0,0.0,122.0,127.0
230440070140596,1,Passaré,183.0,160.0,230432.0,628.0,1440.2,1259.19,183,7.0,72.0,176.0,182.0
230440070140597,1,Passaré,163.0,159.0,454297.0,555.0,2857.21,2787.1,163,50.0,96.0,162.0,163.0
230440070140598,1,Passaré,277.0,216.0,131032.0,967.0,606.63,473.04,277,235.0,34.0,274.0,277.0
230440070140599,1,Passaré,321.0,290.0,177640.0,1170.0,612.55,553.4,321,239.0,8.0,315.0,319.0
230440070140600,1,Passaré,225.0,215.0,638319.0,681.0,2968.93,2836.97,225,135.0,52.0,199.0,224.0
230440070140601,1,Passaré,195.0,184.0,381956.0,604.0,2075.85,1958.75,195,5.0,113.0,195.0,195.0
230440070140602,1,Passaré,143.0,138.0,318920.0,483.0,2311.01,2230.21,143,40.0,103.0,143.0,143.0
230440070140603,1,Passaré,215.0,194.0,290263.0,558.0,1496.2,1350.06,215,114.0,98.0,212.0,215.0
230440070140604,1,Passaré,390.0,373.0,359158.0,1355.0,962.89,920.92,390,253.0,133.0,388.0,390.0
230440070140605,1,Passaré,332.0,286.0,357091.0,1043.0,1248.57,1075.58,332,10.0,0.0,330.0,332.0
230440070140606,1,Passaré,312.0,302.0,550270.0,977.0,1822.09,1763.69,312,51.0,201.0,304.0,310.0
230440070140607,1,Passaré,166.0,159.0,390602.0,457.0,2456.62,2353.02,166,41.0,124.0,158.0,166.0
230440070140608,1,Passaré,141.0,105.0,217870.0,438.0,2074.95,1545.18,141,41.0,100.0,141.0,141.0
230440070140609,1,Passaré,204.0,190.0,156428.0,701.0,823.31,766.8,204,45.0,21.0,203.0,193.0
230440070140610,1,Passaré,191.0,183.0,106851.0,680.0,583.89,559.43,191,50.0,0.0,189.0,186.0
230440070140611,1,Passaré,163.0,139.0,76827.0,583.0,552.71,471.33,163,105.0,56.0,163.0,163.0
230440070140612,1,Passaré,195.0,140.0,97271.0,711.0,694.79,498.83,195,188.0,0.0,193.0,195.0
230440070140613,1,Passaré,233.0,164.0,108202.0,842.0,659.77,464.39,233,108.0,8.0,228.0,175.0
230440070140614,1,Passaré,229.0,173.0,85813.0,827.0,496.03,374.73,229,5.0,4.0,227.0,229.0
230440070140615,1,Passaré,260.0,166.0,81550.0,640.0,563.41,364.19,181,20.0,0.0,180.0,177.0
230440070140616,1,Passaré,125.0,98.0,39701.0,558.0,405.11,317.61,125,81.0,4.0,106.0,125.0
230440070140617,1,Passaré,233.0,166.0,78093.0,978.0,470.44,335.16,233,203.0,0.0,197.0,233.0
230440070140618,1,Passaré,221.0,211.0,282389.0,753.0,1338.34,1277.78,221,27.0,178.0,219.0,221.0
230440070140619,1,Passaré,77.0,73.0,86944.0,255.0,1191.01,1129.14,77,45.0,3.0,77.0,76.0
230440070140620,1,Passaré,250.0,214.0,113764.0,926.0,531.61,455.06,250,132.0,67.0,250.0,231.0
230440070140621,1,Passaré,268.0,237.0,155794.0,971.0,657.36,581.32,268,178.0,3.0,258.0,264.0
230440070140622,1,Passaré,93.0,80.0,46721.0,388.0,584.01,502.38,93,22.0,17.0,91.0,90.0
230440070140623,1,Prefeito José Walter,231.0,219.0,227718.0,774.0,1039.81,985.79,231,219.0,4.0,231.0,230.0
230440070140624,1,Prefeito José Walter,190.0,174.0,186031.0,668.0,1069.14,979.11,190,188.0,2.0,189.0,190.0
230440070140625,1,Prefeito José Walter,184.0,158.0,158692.0,658.0,998.04,856.24,183,183.0,0.0,183.0,183.0
230440070140626,1,Prefeito José Walter,129.0,115.0,129321.0,476.0,1124.53,1002.49,129,124.0,3.0,126.0,129.0
230440070140627,1,Prefeito José Walter,187.0,142.0,142153.0,719.0,1001.08,760.18,187,182.0,5.0,186.0,187.0
230440070140628,1,Mondubim (Sede),262.0,234.0,151714.0,950.0,650.27,580.51,261,13.0,210.0,245.0,260.0
230440070140629,1,Mondubim (Sede),306.0,279.0,317852.0,953.0,1139.25,1038.73,306,74.0,1.0,283.0,305.0
230440070140630,1,Mondubim (Sede),313.0,216.0,161526.0,1099.0,747.81,516.06,313,111.0,92.0,302.0,313.0
230440070140631,1,Mondubim (Sede),219.0,201.0,170043.0,827.0,845.99,776.45,219,16.0,0.0,217.0,199.0
230440070140632,1,Mondubim (Sede),214.0,183.0,113220.0,796.0,618.69,529.07,214,7.0,0.0,214.0,209.0
230440070140633,1,Mondubim (Sede),189.0,181.0,207758.0,535.0,1147.83,1099.25,189,189.0,0.0,189.0,189.0
230440070140634,1,Mondubim (Sede),78.0,70.0,92681.0,224.0,1324.01,1188.22,78,72.0,6.0,78.0,77.0
230440070140635,1,Mondubim (Sede),232.0,187.0,114940.0,844.0,615.22,495.37,231,4.0,0.0,219.0,227.0
230440070140636,1,Mondubim (Sede),672.0,522.0,337217.0,2596.0,646.27,501.8,671,668.0,0.0,670.0,671.0
230440070140637,1,Mondubim (Sede),356.0,320.0,214773.0,1228.0,671.17,603.29,356,1.0,0.0,329.0,318.0
230440070140638,1,Mondubim (Sede),178.0,146.0,91348.0,603.0,624.47,511.57,177,0.0,0.0,171.0,174.0
230440070140639,1,Mondubim (Sede),82.0,72.0,79894.0,281.0,1109.64,974.32,82,18.0,0.0,79.0,82.0
230440070140640,1,Mondubim (Sede),358.0,332.0,271933.0,1300.0,819.08,759.59,358,4.0,0.0,335.0,319.0
230440070140641,1,Mondubim (Sede),270.0,252.0,274075.0,951.0,1087.6,1015.09,270,5.0,111.0,241.0,269.0
230440070140642,1,Mondubim (Sede),191.0,182.0,151661.0,640.0,833.3,794.04,191,1.0,0.0,185.0,181.0
230440070140643,1,Mondubim (Sede),356.0,327.0,231650.0,1208.0,708.12,650.11,354,11.0,3.0,352.0,354.0
230440070140644,1,Mondubim (Sede),336.0,299.0,193443.0,1129.0,646.97,575.72,336,0.0,288.0,327.0,336.0
230440070140645,1,Mondubim (Sede),380.0,327.0,292623.0,1279.0,894.87,770.06,380,5.0,17.0,363.0,380.0
230440070140646,1,Mondubim (Sede),194.0,168.0,182151.0,607.0,1084.23,943.79,193,192.0,0.0,193.0,193.0
230440070140647,1,Mondubim (Sede),257.0,228.0,268691.0,831.0,1178.47,1045.49,257,99.0,153.0,256.0,253.0
230440070140648,1,Mondubim (Sede),201.0,168.0,120768.0,741.0,718.86,600.84,201,5.0,5.0,201.0,201.0
230440070140649,1,Mondubim (Sede),209.0,141.0,100445.0,773.0,712.38,480.6,209,11.0,15.0,187.0,205.0
230440070140650,1,Mondubim (Sede),222.0,213.0,187868.0,773.0,882.01,846.25,222,146.0,2.0,220.0,222.0
230440070140651,1,Mondubim (Sede),391.0,383.0,295634.0,1306.0,771.89,756.1,391,17.0,24.0,366.0,391.0
230440070140652,1,Mondubim (Sede),254.0,185.0,123651.0,888.0,668.38,486.81,254,2.0,2.0,248.0,224.0
230440070140653,1,Mondubim (Sede),232.0,224.0,180046.0,799.0,803.78,776.06,232,0.0,3.0,220.0,232.0
230440070140654,1,Mondubim (Sede),234.0,210.0,139502.0,830.0,664.3,596.16,234,0.0,1.0,234.0,234.0
230440070140655,1,Mondubim (Sede),216.0,211.0,165387.0,834.0,783.82,765.68,216,0.0,0.0,216.0,216.0
230440070140656,1,Mondubim (Sede),226.0,193.0,119026.0,874.0,616.72,526.66,226,2.0,215.0,209.0,226.0
230440070140657,1,Mondubim (Sede),213.0,182.0,565757.0,755.0,3108.55,2656.14,213,4.0,72.0,196.0,213.0
230440070140658,1,Mondubim (Sede),206.0,195.0,382932.0,711.0,1963.75,1858.89,206,11.0,30.0,188.0,206.0
230440070140659,1,Mondubim (Sede),258.0,222.0,253570.0,772.0,1142.21,982.83,258,134.0,1.0,254.0,258.0
230440070140660,1,Mondubim (Sede),130.0,115.0,171990.0,336.0,1495.57,1323.0,130,11.0,119.0,130.0,130.0
230440070140661,1,Mondubim (Sede),206.0,203.0,345151.0,503.0,1700.25,1675.49,206,203.0,3.0,204.0,206.0
230440070140662,1,Mondubim (Sede),306.0,256.0,256453.0,1045.0,1001.77,840.83,305,3.0,36.0,267.0,305.0
230440070140663,1,Planalto Ayrton Senna,245.0,214.0,189108.0,858.0,883.68,771.87,245,4.0,1.0,245.0,245.0
230440070140664,1,Planalto Ayrton Senna,180.0,159.0,210530.0,624.0,1324.09,1169.61,180,67.0,5.0,167.0,180.0
230440070140665,1,Planalto Ayrton Senna,274.0,237.0,195499.0,988.0,826.76,714.3,272,224.0,1.0,266.0,272.0
230440070140666,1,Planalto Ayrton Senna,187.0,161.0,122643.0,674.0,761.76,655.84,187,5.0,173.0,166.0,187.0
230440070140667,1,Planalto Ayrton Senna,248.0,205.0,136504.0,921.0,665.87,550.42,248,3.0,41.0,237.0,248.0
230440070140668,1,Planalto Ayrton Senna,224.0,201.0,128939.0,789.0,641.49,575.62,224,9.0,2.0,209.0,224.0
230440070140669,1,Planalto Ayrton Senna,292.0,267.0,150687.0,1065.0,564.37,516.05,292,32.0,12.0,266.0,292.0
230440070140670,1,Planalto Ayrton Senna,280.0,224.0,107808.0,991.0,481.29,385.03,280,23.0,1.0,272.0,270.0
230440070140671,1,Mondubim (Sede),234.0,205.0,203561.0,776.0,992.98,869.92,234,16.0,204.0,231.0,234.0
230440070140672,1,Mondubim (Sede),237.0,209.0,207044.0,838.0,990.64,873.6,237,15.0,210.0,235.0,223.0
230440070140673,1,Planalto Ayrton Senna,94.0,84.0,55877.0,352.0,665.2,594.44,94,1.0,93.0,94.0,94.0
230440070140674,1,Planalto Ayrton Senna,56.0,56.0,69966.0,188.0,1249.39,1249.39,56,23.0,33.0,52.0,56.0
230440070140675,1,Planalto Ayrton Senna,239.0,221.0,298060.0,770.0,1348.69,1247.11,239,12.0,154.0,231.0,238.0
230440070140676,1,Planalto Ayrton Senna,248.0,230.0,204078.0,799.0,887.3,822.9,248,24.0,203.0,242.0,248.0
230440070140677,1,Planalto Ayrton Senna,295.0,266.0,196655.0,1078.0,739.3,666.63,295,15.0,59.0,278.0,295.0
230440070140678,1,Planalto Ayrton Senna,234.0,222.0,210385.0,802.0,947.68,899.08,234,3.0,203.0,219.0,232.0
230440070140679,1,Planalto Ayrton Senna,324.0,268.0,160028.0,1123.0,597.12,493.91,324,5.0,20.0,317.0,324.0
230440070140680,1,Planalto Ayrton Senna,118.0,105.0,81015.0,381.0,771.57,686.57,118,4.0,2.0,115.0,118.0
230440070140681,1,Planalto Ayrton Senna,199.0,178.0,107317.0,760.0,602.9,539.28,199,10.0,1.0,194.0,198.0
230440070140682,1,Planalto Ayrton Senna,168.0,162.0,96168.0,589.0,593.63,572.43,168,1.0,167.0,160.0,168.0
230440070140683,1,Planalto Ayrton Senna,230.0,192.0,99714.0,860.0,519.34,433.54,230,12.0,2.0,223.0,230.0
230440070140684,1,Planalto Ayrton Senna,194.0,134.0,90388.0,683.0,674.54,465.92,194,4.0,189.0,180.0,194.0
230440070140685,1,Planalto Ayrton Senna,188.0,169.0,122302.0,677.0,723.68,650.54,188,8.0,174.0,177.0,188.0
230440070140686,1,Planalto Ayrton Senna,193.0,168.0,101419.0,727.0,603.68,525.49,193,0.0,180.0,192.0,193.0
230440070140687,1,Planalto Ayrton Senna,268.0,225.0,138830.0,918.0,615.93,512.88,257,16.0,22.0,250.0,257.0
230440070140688,1,Planalto Ayrton Senna,218.0,198.0,106438.0,741.0,537.57,488.25,218,16.0,0.0,217.0,218.0
230440070140689,1,Planalto Ayrton Senna,193.0,171.0,103497.0,603.0,605.25,536.25,193,42.0,10.0,191.0,193.0
230440070140690,1,Planalto Ayrton Senna,172.0,158.0,177554.0,459.0,1123.76,1032.29,172,9.0,162.0,170.0,172.0
230440070140691,1,Planalto Ayrton Senna,152.0,137.0,82310.0,554.0,600.8,541.51,152,8.0,138.0,144.0,152.0
230440070140692,1,Conjunto Esperança,177.0,160.0,129252.0,635.0,807.83,730.24,177,174.0,0.0,177.0,177.0
230440070140693,1,Conjunto Esperança,196.0,172.0,175830.0,687.0,1022.27,897.09,196,195.0,0.0,196.0,196.0
230440070140695,1,Prefeito José Walter,185.0,182.0,229767.0,455.0,1262.46,1241.98,185,177.0,0.0,185.0,183.0
230440070140696,1,Prefeito José Walter,268.0,261.0,326816.0,666.0,1252.17,1219.46,268,252.0,11.0,266.0,268.0
230440070140697,1,Prefeito José Walter,185.0,181.0,224877.0,460.0,1242.41,1215.55,185,174.0,10.0,185.0,185.0
230440070140698,1,Prefeito José Walter,225.0,200.0,295128.0,806.0,1475.64,1311.68,225,123.0,75.0,195.0,218.0
230440070140699,1,Prefeito José Walter,242.0,216.0,247900.0,859.0,1147.69,1024.38,242,6.0,143.0,241.0,242.0
230440070140700,1,Prefeito José Walter,263.0,234.0,493881.0,954.0,2110.6,1877.87,263,77.0,53.0,257.0,262.0
230440070140701,1,Mondubim (Sede),204.0,196.0,152734.0,660.0,779.26,748.7,204,4.0,0.0,192.0,204.0
230440070140702,1,Mondubim (Sede),208.0,198.0,144738.0,698.0,731.0,695.86,208,6.0,4.0,204.0,208.0
230440070140704,1,Mondubim (Sede),312.0,295.0,165382.0,1034.0,560.62,530.07,312,291.0,0.0,312.0,312.0
230440070140705,1,Mondubim (Sede),288.0,282.0,175616.0,1031.0,622.75,609.78,288,31.0,24.0,288.0,288.0
230440070140706,1,Parque Dois Irmãos,182.0,174.0,187236.0,596.0,1076.07,1028.77,182,18.0,40.0,180.0,182.0
230440070140707,1,Parque Dois Irmãos,180.0,169.0,158921.0,568.0,940.36,882.89,180,19.0,152.0,174.0,180.0
230440070140708,1,Parque Dois Irmãos,196.0,190.0,370745.0,626.0,1951.29,1891.56,196,16.0,176.0,187.0,196.0
230440070140717,1,Prefeito José Walter,241.0,175.0,86439.0,869.0,494.97,358.28,239,0.0,2.0,142.0,3.0
230440075130001,1,Itaóca,267.0,187.0,128611.0,980.0,687.76,481.69,267,60.0,200.0,261.0,266.0
230440075130002,1,Itaóca,367.0,336.0,373566.0,1214.0,1113.6,1019.28,366,69.0,294.0,358.0,366.0
230440075130003,1,Itaóca,79.0,73.0,89933.0,271.0,1231.96,1138.39,79,33.0,1.0,79.0,78.0
230440075130004,1,Itaóca,165.0,140.0,126733.0,559.0,905.24,768.08,165,58.0,2.0,161.0,163.0
230440075130005,1,Itaóca,261.0,242.0,290091.0,858.0,1198.72,1111.46,261,159.0,60.0,185.0,261.0
230440075130006,1,Itaóca,314.0,267.0,233276.0,1028.0,873.69,742.92,314,67.0,242.0,306.0,314.0
230440075130007,1,Itaóca,267.0,230.0,202479.0,847.0,880.34,758.35,267,175.0,92.0,257.0,267.0
230440075130008,1,Itaóca,141.0,106.0,101690.0,449.0,959.34,721.21,141,10.0,131.0,139.0,141.0
230440075130009,1,Itaóca,204.0,155.0,149955.0,655.0,967.45,735.07,204,2.0,201.0,199.0,203.0
230440075130010,1,Itaóca,234.0,208.0,175737.0,732.0,844.89,751.01,234,54.0,180.0,229.0,234.0
230440075130011,1,Itaóca,297.0,285.0,260665.0,1039.0,914.61,877.66,297,60.0,6.0,285.0,297.0
230440075130012,1,Itaóca,325.0,312.0,248411.0,1102.0,796.19,764.34,325,159.0,5.0,323.0,323.0
230440075130013,1,Itaóca,198.0,182.0,141649.0,700.0,778.29,715.4,198,1.0,9.0,195.0,198.0
230440075130014,1,Aeroporto (Base Aérea),396.0,381.0,256848.0,1389.0,675.26,649.49,393,3.0,2.0,383.0,393.0
230440075130015,1,Aeroporto (Base Aérea),237.0,176.0,106698.0,855.0,606.24,450.2,237,6.0,0.0,229.0,237.0
230440075130016,1,Aeroporto (Base Aérea),299.0,222.0,111270.0,1077.0,500.27,370.57,297,2.0,0.0,285.0,297.0
230440075130018,1,Aeroporto (Base Aérea),435.0,389.0,386431.0,1606.0,993.4,888.35,435,210.0,19.0,409.0,434.0
230440075130019,1,Aeroporto (Base Aérea),89.0,72.0,38472.0,330.0,534.33,432.27,89,36.0,7.0,85.0,89.0
230440075130020,1,Aeroporto (Base Aérea),101.0,100.0,299972.0,380.0,2999.72,2970.02,101,101.0,0.0,101.0,101.0
230440075130021,1,Aeroporto (Base Aérea),58.0,33.0,23436.0,198.0,710.18,404.07,58,48.0,9.0,58.0,58.0
230440075130023,1,Aeroporto (Base Aérea),126.0,112.0,133654.0,433.0,1193.34,1060.75,126,13.0,94.0,110.0,126.0
230440075130024,1,Serrinha,267.0,227.0,170759.0,914.0,752.24,639.55,267,40.0,2.0,242.0,267.0
230440075130025,1,Serrinha,255.0,228.0,143323.0,838.0,628.61,562.05,255,3.0,2.0,225.0,255.0
230440075130026,1,Serrinha,302.0,275.0,217869.0,1062.0,792.25,721.42,302,27.0,8.0,290.0,302.0
230440075130027,1,Serrinha,228.0,216.0,222801.0,792.0,1031.49,977.2,228,7.0,0.0,220.0,226.0
230440075130028,1,Serrinha,278.0,260.0,222140.0,1006.0,854.38,799.06,278,10.0,1.0,277.0,278.0
230440075130029,1,Serrinha,210.0,173.0,99592.0,721.0,575.68,474.25,210,7.0,0.0,202.0,210.0
230440075130030,1,Serrinha,186.0,165.0,102250.0,623.0,619.7,549.73,186,1.0,1.0,181.0,186.0
230440075130031,1,Serrinha,160.0,119.0,61884.0,587.0,520.03,386.78,160,2.0,60.0,154.0,160.0
230440075130032,1,Serrinha,309.0,291.0,231091.0,1129.0,796.09,749.42,307,6.0,31.0,297.0,307.0
230440075130033,1,Serrinha,398.0,355.0,348418.0,1463.0,981.46,875.42,398,11.0,6.0,394.0,398.0
230440075130034,1,Serrinha,278.0,267.0,366711.0,915.0,1373.45,1319.1,278,24.0,71.0,278.0,278.0
230440075130035,1,Serrinha,297.0,260.0,196758.0,1052.0,756.78,661.86,295,156.0,0.0,265.0,295.0
230440075130036,1,Serrinha,427.0,358.0,203625.0,1511.0,568.78,476.87,427,31.0,2.0,416.0,427.0
230440075130037,1,Serrinha,287.0,244.0,195017.0,979.0,799.25,679.5,287,27.0,16.0,283.0,287.0
230440075130038,1,Serrinha,288.0,272.0,287153.0,1032.0,1055.71,997.06,288,19.0,1.0,248.0,288.0
230440075130039,1,Serrinha,115.0,101.0,70441.0,390.0,697.44,612.53,115,1.0,110.0,111.0,115.0
230440075130040,1,Serrinha,115.0,97.0,123050.0,441.0,1268.56,1070.0,115,3.0,109.0,110.0,115.0
230440075130041,1,Serrinha,306.0,263.0,306306.0,1074.0,1164.66,1001.0,306,60.0,156.0,297.0,306.0
230440075130042,1,Serrinha,267.0,242.0,320658.0,960.0,1325.03,1200.97,267,5.0,248.0,250.0,267.0
230440075130043,1,Serrinha,302.0,257.0,271657.0,1082.0,1057.03,899.53,302,60.0,101.0,267.0,302.0
230440075130044,1,Serrinha,351.0,337.0,313207.0,1163.0,917.28,880.59,350,36.0,2.0,339.0,350.0
230440075130045,1,Serrinha,181.0,177.0,505088.0,640.0,2846.22,2782.61,179,174.0,0.0,178.0,179.0
230440075130046,1,Serrinha,182.0,178.0,609298.0,650.0,3423.02,3347.79,182,171.0,5.0,182.0,182.0
230440075130047,1,Serrinha,354.0,303.0,226176.0,1193.0,746.46,638.92,354,34.0,13.0,340.0,354.0
230440075130048,1,Serrinha,226.0,188.0,265911.0,580.0,1414.42,1176.6,226,162.0,59.0,84.0,226.0
230440075130049,1,Itaperi,318.0,295.0,244948.0,1018.0,830.33,770.28,318,28.0,55.0,304.0,318.0
230440075130050,1,Itaperi,321.0,301.0,277322.0,1086.0,922.71,865.04,320,47.0,3.0,312.0,320.0
230440075130051,1,Itaperi,287.0,259.0,215043.0,948.0,831.52,750.12,286,10.0,276.0,275.0,286.0
230440075130052,1,Itaperi,370.0,328.0,302287.0,1259.0,921.61,816.99,370,9.0,5.0,343.0,370.0
230440075130053,1,Itaperi,453.0,428.0,485001.0,1382.0,1133.18,1070.64,453,199.0,8.0,428.0,452.0
230440075130054,1,Itaperi,319.0,307.0,371797.0,1037.0,1211.07,1165.51,319,109.0,22.0,198.0,319.0
230440075130055,1,Itaperi,399.0,387.0,734267.0,1187.0,1897.33,1840.27,399,327.0,5.0,243.0,398.0
230440075130056,1,Itaperi,63.0,59.0,95411.0,160.0,1617.14,1514.46,63,52.0,7.0,61.0,63.0
230440075130057,1,Itaperi,294.0,272.0,274023.0,1039.0,1007.44,932.05,294,16.0,61.0,287.0,294.0
230440075130058,1,Itaperi,219.0,192.0,214520.0,732.0,1117.29,979.54,219,95.0,78.0,216.0,219.0
230440075130059,1,Itaperi,240.0,233.0,555925.0,858.0,2385.94,2316.35,240,1.0,226.0,236.0,239.0
230440075130060,1,Itaperi,112.0,64.0,36197.0,437.0,565.58,323.19,112,1.0,0.0,112.0,108.0
230440075130061,1,Itaperi,268.0,161.0,257114.0,880.0,1596.98,959.38,268,24.0,49.0,259.0,268.0
230440075130062,1,Itaperi,68.0,57.0,79240.0,238.0,1390.18,1165.29,68,24.0,0.0,65.0,68.0
230440075130063,1,Itaperi,22.0,22.0,11560.0,58.0,525.45,525.45,22,0.0,0.0,19.0,22.0
230440075130064,1,Itaperi,221.0,199.0,339151.0,734.0,1704.28,1534.62,221,9.0,3.0,214.0,221.0
230440075130065,1,Itaperi,269.0,260.0,650321.0,923.0,2501.23,2417.55,269,10.0,48.0,259.0,269.0
230440075130066,1,Itaperi,190.0,183.0,358804.0,677.0,1960.68,1888.44,190,30.0,26.0,176.0,190.0
230440075130067,1,Parangaba,217.0,198.0,219924.0,725.0,1110.73,1018.17,216,7.0,0.0,192.0,216.0
230440075130068,1,Parangaba,213.0,187.0,204036.0,673.0,1091.1,957.92,213,156.0,0.0,165.0,213.0
230440075130069,1,Parangaba,354.0,339.0,340311.0,1069.0,1003.87,961.33,354,305.0,2.0,328.0,354.0
230440075130070,1,Parangaba,184.0,177.0,236086.0,655.0,1333.82,1283.08,184,177.0,0.0,174.0,184.0
230440075130071,1,Parangaba,136.0,125.0,173748.0,458.0,1389.98,1277.56,136,94.0,40.0,134.0,134.0
230440075130072,1,Parangaba,304.0,294.0,648388.0,1034.0,2205.4,2132.86,304,6.0,1.0,296.0,304.0
230440075130073,1,Parangaba,249.0,237.0,571964.0,838.0,2445.75,2325.47,244,40.0,79.0,188.0,244.0
230440075130074,1,Parangaba,261.0,250.0,341560.0,826.0,1366.24,1308.66,261,18.0,105.0,219.0,261.0
230440075130075,1,Parangaba,128.0,107.0,58769.0,479.0,549.24,462.75,127,1.0,5.0,127.0,127.0
230440075130076,1,Parangaba,154.0,150.0,414640.0,553.0,2764.27,2692.47,154,5.0,149.0,148.0,154.0
230440075130077,1,Parangaba,281.0,269.0,532349.0,905.0,1978.99,1894.48,281,30.0,192.0,262.0,281.0
230440075130078,1,Parangaba,339.0,330.0,386303.0,1108.0,1170.62,1139.54,339,115.0,73.0,264.0,339.0
230440075130079,1,Parangaba,316.0,304.0,705020.0,1020.0,2326.14,2237.52,315,133.0,67.0,274.0,315.0
230440075130080,1,Parangaba,260.0,229.0,205699.0,946.0,898.25,791.15,260,83.0,1.0,238.0,260.0
230440075130081,1,Parangaba,248.0,228.0,387129.0,857.0,1697.93,1561.0,248,209.0,4.0,242.0,248.0
230440075130082,1,Parangaba,208.0,189.0,251584.0,615.0,1331.13,1209.54,208,175.0,13.0,175.0,208.0
230440075130083,1,Parangaba,188.0,177.0,156385.0,659.0,883.53,831.84,188,167.0,15.0,139.0,188.0
230440075130084,1,Parangaba,181.0,149.0,137270.0,635.0,921.28,758.4,181,171.0,9.0,172.0,181.0
230440075130085,1,Parangaba,133.0,121.0,120490.0,434.0,995.79,905.94,133,118.0,0.0,129.0,133.0
230440075130086,1,Parangaba,306.0,230.0,271459.0,901.0,1183.18,888.36,305,281.0,1.0,236.0,305.0
230440075130087,1,Parangaba,106.0,104.0,239812.0,333.0,2305.88,2262.38,106,106.0,0.0,103.0,106.0
230440075130088,1,Parangaba,377.0,359.0,698727.0,1164.0,1946.31,1853.39,377,195.0,12.0,369.0,377.0
230440075130089,1,Parangaba,5.0,3.0,1820.0,16.0,606.67,364.0,5,0.0,0.0,5.0,5.0
230440075130090,1,Parangaba,282.0,259.0,252503.0,848.0,983.16,903.93,273,23.0,1.0,271.0,247.0
230440075130091,1,Parangaba,165.0,130.0,98893.0,555.0,760.72,599.35,165,19.0,39.0,162.0,164.0
230440075130092,1,Parangaba,207.0,183.0,127084.0,785.0,694.45,613.93,207,45.0,102.0,202.0,182.0
230440075130093,1,Parangaba,215.0,201.0,190403.0,699.0,947.28,885.6,215,22.0,7.0,180.0,215.0
230440075130094,1,Parangaba,532.0,499.0,738921.0,1769.0,1483.5,1391.13,530,110.0,393.0,485.0,473.0
230440075130095,1,Parangaba,430.0,392.0,792419.0,1353.0,2021.48,1842.83,430,430.0,0.0,6.0,430.0
230440075130096,1,Parangaba,189.0,176.0,162220.0,740.0,921.7,858.31,189,49.0,139.0,186.0,189.0
230440075130097,1,Parangaba,257.0,240.0,479760.0,904.0,1999.0,1866.77,257,7.0,0.0,257.0,257.0
230440075130099,1,Parangaba,301.0,280.0,477345.0,1076.0,1704.8,1585.86,301,29.0,5.0,297.0,301.0
230440075130100,1,Parangaba,178.0,145.0,130340.0,612.0,898.9,732.25,178,15.0,3.0,166.0,178.0
230440075130101,1,Parangaba,260.0,253.0,328736.0,903.0,1299.35,1264.37,260,2.0,15.0,249.0,260.0
230440075130102,1,Parangaba,152.0,138.0,143116.0,514.0,1040.92,944.41,151,17.0,53.0,126.0,151.0
230440075130103,1,Parangaba,139.0,136.0,222353.0,492.0,1639.65,1604.01,138,11.0,1.0,130.0,138.0
230440075130104,1,Vila Pery,288.0,201.0,218100.0,985.0,1085.07,757.29,288,7.0,1.0,281.0,288.0
230440075130105,1,Vila Pery,293.0,276.0,316219.0,997.0,1145.98,1079.03,291,34.0,15.0,267.0,291.0
230440075130106,1,Vila Pery,313.0,300.0,400994.0,1029.0,1336.77,1281.07,312,8.0,10.0,285.0,312.0
230440075130107,1,Vila Pery,210.0,198.0,194316.0,723.0,981.39,925.31,210,18.0,1.0,195.0,210.0
230440075130108,1,Vila Pery,238.0,210.0,214704.0,767.0,1022.4,902.12,238,30.0,34.0,228.0,238.0
230440075130109,1,Vila Pery,170.0,155.0,150712.0,624.0,972.34,886.54,170,2.0,3.0,167.0,170.0
230440075130110,1,Vila Pery,186.0,178.0,214654.0,610.0,1205.92,1154.05,186,3.0,3.0,184.0,186.0
230440075130111,1,Vila Pery,364.0,351.0,409806.0,1155.0,1167.54,1125.84,364,27.0,293.0,341.0,364.0
230440075130112,1,Vila Pery,203.0,186.0,190726.0,736.0,1025.41,939.54,203,11.0,1.0,203.0,203.0
230440075130113,1,Vila Pery,154.0,79.0,101238.0,507.0,1281.49,657.39,154,7.0,1.0,147.0,154.0
230440075130114,1,Vila Pery,192.0,178.0,146738.0,673.0,824.37,764.26,192,1.0,191.0,189.0,192.0
230440075130115,1,Vila Pery,241.0,217.0,184136.0,786.0,848.55,764.05,241,22.0,0.0,237.0,241.0
230440075130116,1,Vila Pery,223.0,204.0,149861.0,805.0,733.21,670.45,222,30.0,190.0,220.0,222.0
230440075130117,1,Vila Pery,209.0,161.0,127400.0,765.0,791.3,609.57,209,21.0,4.0,203.0,209.0
230440075130118,1,Vila Pery,314.0,280.0,217969.0,1102.0,778.46,694.17,314,5.0,2.0,307.0,314.0
230440075130119,1,Vila Pery,196.0,105.0,97664.0,624.0,930.13,498.29,196,17.0,1.0,193.0,196.0
230440075130120,1,Vila Pery,198.0,133.0,143855.0,692.0,1081.62,726.54,198,12.0,10.0,187.0,198.0
230440075130121,1,Vila Pery,229.0,210.0,203959.0,752.0,971.23,890.65,229,10.0,0.0,213.0,229.0
230440075130122,1,Vila Pery,173.0,166.0,205783.0,593.0,1239.66,1189.5,173,9.0,2.0,171.0,173.0
230440075130123,1,Vila Pery,272.0,241.0,231535.0,950.0,957.38,851.0,270,26.0,242.0,262.0,270.0
230440075130124,1,Vila Pery,212.0,187.0,130557.0,681.0,698.17,615.83,212,21.0,184.0,212.0,212.0
230440075130125,1,Vila Pery,202.0,189.0,137679.0,706.0,728.46,681.58,202,133.0,69.0,198.0,202.0
230440075130126,1,Vila Pery,210.0,197.0,153445.0,727.0,778.91,730.69,210,85.0,2.0,204.0,210.0
230440075130127,1,Vila Pery,192.0,168.0,200603.0,532.0,1194.07,1044.81,192,129.0,4.0,87.0,192.0
230440075130128,1,Jóquei Club (São Cristóvão),362.0,346.0,327281.0,1264.0,945.9,904.09,362,304.0,58.0,317.0,362.0
230440075130129,1,Jóquei Club (São Cristóvão),158.0,140.0,163067.0,598.0,1164.76,1032.07,158,89.0,66.0,155.0,158.0
230440075130130,1,Jóquei Club (São Cristóvão),204.0,191.0,319698.0,626.0,1673.81,1567.15,204,24.0,179.0,99.0,204.0
230440075130131,1,Jóquei Club (São Cristóvão),221.0,193.0,165120.0,758.0,855.54,747.15,221,178.0,6.0,170.0,221.0
230440075130132,1,Jóquei Club (São Cristóvão),198.0,184.0,235641.0,673.0,1289.13,1197.05,196,188.0,7.0,151.0,196.0
230440075130133,1,Jóquei Club (São Cristóvão),134.0,107.0,99823.0,481.0,932.93,744.95,134,133.0,1.0,116.0,134.0
230440075130134,1,Jóquei Club (São Cristóvão),162.0,125.0,119549.0,541.0,956.39,737.96,162,161.0,1.0,140.0,162.0
230440075130135,1,Jóquei Club (São Cristóvão),196.0,178.0,164671.0,671.0,924.21,838.46,194,78.0,3.0,183.0,194.0
230440075130136,1,Jóquei Club (São Cristóvão),168.0,163.0,270368.0,624.0,1658.7,1609.33,168,123.0,45.0,142.0,168.0
230440075130137,1,Jóquei Club (São Cristóvão),324.0,264.0,318022.0,1149.0,1204.63,981.55,324,28.0,11.0,318.0,324.0
230440075130138,1,Jóquei Club (São Cristóvão),285.0,254.0,342393.0,1003.0,1348.0,1201.38,285,35.0,187.0,281.0,285.0
230440075130139,1,Jóquei Club (São Cristóvão),256.0,233.0,299414.0,944.0,1285.04,1169.59,256,22.0,234.0,254.0,256.0
230440075130140,1,Jóquei Club (São Cristóvão),257.0,236.0,326707.0,847.0,1384.35,1271.23,257,106.0,145.0,247.0,257.0
230440075130141,1,Jóquei Club (São Cristóvão),343.0,318.0,513193.0,1119.0,1613.81,1509.39,340,320.0,20.0,317.0,340.0
230440075130142,1,Jóquei Club (São Cristóvão),260.0,244.0,416410.0,888.0,1706.6,1601.58,260,254.0,5.0,183.0,260.0
230440075130143,1,Jóquei Club (São Cristóvão),300.0,259.0,260488.0,1120.0,1005.75,868.29,300,294.0,4.0,267.0,300.0
230440075130144,1,Jóquei Club (São Cristóvão),264.0,216.0,228354.0,963.0,1057.19,864.98,264,242.0,0.0,191.0,264.0
230440075130145,1,Jóquei Club (São Cristóvão),232.0,203.0,199646.0,790.0,983.48,860.54,232,51.0,1.0,194.0,232.0
230440075130146,1,Jóquei Club (São Cristóvão),257.0,238.0,236177.0,1030.0,992.34,918.98,257,45.0,1.0,256.0,257.0
230440075130147,1,Demócrito Rocha,176.0,153.0,144515.0,619.0,944.54,821.11,176,69.0,104.0,172.0,176.0
230440075130148,1,Demócrito Rocha,272.0,203.0,184024.0,862.0,906.52,676.56,272,152.0,119.0,247.0,272.0
230440075130149,1,Demócrito Rocha,231.0,214.0,237810.0,763.0,1109.44,1027.43,230,114.0,1.0,225.0,230.0
230440075130150,1,Demócrito Rocha,223.0,194.0,298014.0,736.0,1536.15,1336.39,223,17.0,190.0,223.0,223.0
230440075130151,1,Demócrito Rocha,184.0,162.0,163843.0,631.0,1011.38,890.45,184,99.0,43.0,184.0,184.0
230440075130152,1,Demócrito Rocha,96.0,77.0,48623.0,321.0,631.47,506.49,96,79.0,16.0,95.0,95.0
230440075130153,1,Demócrito Rocha,246.0,235.0,208226.0,806.0,886.07,846.45,246,115.0,1.0,245.0,246.0
230440075130154,1,Demócrito Rocha,180.0,154.0,149954.0,605.0,973.73,833.08,180,85.0,93.0,163.0,180.0
230440075130155,1,Demócrito Rocha,267.0,238.0,207230.0,862.0,870.71,776.14,267,77.0,88.0,255.0,263.0
230440075130156,1,Demócrito Rocha,171.0,128.0,138843.0,588.0,1084.71,811.95,171,26.0,144.0,170.0,171.0
230440075130157,1,Demócrito Rocha,244.0,209.0,318136.0,734.0,1522.18,1303.84,244,127.0,7.0,244.0,244.0
230440075130158,1,Demócrito Rocha,310.0,283.0,371755.0,1184.0,1313.62,1199.21,310,299.0,11.0,304.0,310.0
230440075130159,1,Demócrito Rocha,124.0,110.0,77869.0,489.0,707.9,627.98,124,21.0,0.0,124.0,124.0
230440075130160,1,Couto Fernades,177.0,160.0,100307.0,579.0,627.65,567.03,176,109.0,65.0,171.0,176.0
230440075130161,1,Couto Fernades,341.0,320.0,194480.0,1250.0,607.75,570.32,341,219.0,113.0,295.0,341.0
230440075130162,1,Couto Fernades,296.0,198.0,106680.0,1155.0,538.79,360.41,296,135.0,158.0,285.0,295.0
230440075130163,1,Couto Fernades,342.0,328.0,577951.0,1024.0,1762.05,1689.92,342,335.0,7.0,317.0,342.0
230440075130164,1,Montese,246.0,240.0,380386.0,764.0,1584.94,1546.28,246,242.0,0.0,202.0,246.0
230440075130165,1,Montese,307.0,285.0,337066.0,984.0,1182.69,1097.93,307,284.0,9.0,298.0,305.0
230440075130166,1,Montese,297.0,269.0,328887.0,1012.0,1222.63,1107.36,297,271.0,14.0,277.0,297.0
230440075130167,1,Montese,112.0,108.0,138861.0,341.0,1285.75,1239.83,112,109.0,0.0,96.0,112.0
230440075130168,1,Montese,208.0,190.0,271458.0,669.0,1428.73,1305.09,208,194.0,2.0,188.0,208.0
230440075130169,1,Montese,244.0,207.0,218130.0,812.0,1049.41,888.97,242,238.0,0.0,238.0,242.0
230440075130170,1,Montese,272.0,248.0,193680.0,909.0,780.97,712.06,272,248.0,23.0,265.0,272.0
230440075130171,1,Montese,268.0,220.0,248604.0,891.0,1130.02,927.63,268,120.0,129.0,242.0,267.0
230440075130172,1,Montese,160.0,142.0,181525.0,461.0,1278.35,1134.53,160,160.0,0.0,145.0,160.0
230440075130173,1,Montese,256.0,236.0,289142.0,821.0,1234.39,1136.81,253,252.0,0.0,224.0,253.0
230440075130174,1,Montese,261.0,222.0,237192.0,873.0,1068.43,908.78,261,252.0,6.0,257.0,261.0
230440075130175,1,Montese,307.0,296.0,660555.0,929.0,2231.6,2151.64,307,205.0,97.0,254.0,307.0
230440075130176,1,Montese,24.0,20.0,26540.0,90.0,1327.0,1105.83,24,22.0,1.0,22.0,24.0
230440075130177,1,Montese,250.0,232.0,501695.0,730.0,2162.48,2006.78,250,245.0,4.0,243.0,249.0
230440075130178,1,Montese,206.0,192.0,252838.0,663.0,1316.86,1227.37,206,79.0,39.0,201.0,200.0
230440075130179,1,Montese,249.0,243.0,532708.0,829.0,2192.21,2139.39,249,245.0,3.0,158.0,249.0
230440075130180,1,Montese,271.0,247.0,418952.0,939.0,1696.16,1545.95,271,257.0,0.0,245.0,271.0
230440075130181,1,Montese,234.0,219.0,460993.0,772.0,2112.81,1976.79,233,212.0,5.0,223.0,233.0
230440075130182,1,Montese,151.0,145.0,323740.0,512.0,2232.69,2143.97,151,142.0,9.0,126.0,151.0
230440075130183,1,Montese,188.0,172.0,438093.0,657.0,2547.05,2330.28,188,185.0,3.0,167.0,188.0
230440075130184,1,Montese,216.0,200.0,612790.0,648.0,3063.95,2836.99,216,216.0,0.0,216.0,216.0
230440075130185,1,Montese,378.0,312.0,529654.0,1268.0,1697.61,1401.2,378,375.0,2.0,373.0,378.0
230440075130186,1,Montese,379.0,249.0,130047.0,1284.0,522.28,343.13,379,242.0,110.0,352.0,377.0
230440075130187,1,Montese,80.0,78.0,53151.0,242.0,681.42,664.39,80,77.0,0.0,76.0,80.0
230440075130188,1,Montese,314.0,240.0,207857.0,1066.0,866.07,661.96,314,63.0,197.0,284.0,311.0
230440075130189,1,Montese,189.0,164.0,206902.0,636.0,1261.6,1094.72,189,54.0,134.0,181.0,189.0
230440075130190,1,Montese,171.0,148.0,199445.0,537.0,1347.6,1166.35,171,46.0,81.0,165.0,171.0
230440075130191,1,Montese,193.0,155.0,181205.0,593.0,1169.06,938.89,193,175.0,18.0,178.0,193.0
230440075130192,1,Montese,204.0,139.0,218039.0,667.0,1568.63,1068.82,204,183.0,5.0,193.0,203.0
230440075130193,1,Montese,213.0,184.0,373746.0,673.0,2047.95,1766.47,211,199.0,9.0,177.0,211.0
230440075130194,1,Vila União,296.0,272.0,270591.0,950.0,997.49,916.06,294,276.0,16.0,265.0,294.0
230440075130195,1,Vila União,137.0,122.0,112784.0,463.0,924.46,823.24,137,128.0,6.0,137.0,137.0
230440075130196,1,Vila União,270.0,258.0,504852.0,858.0,1956.79,1869.82,270,269.0,1.0,267.0,270.0
230440075130197,1,Vila União,295.0,267.0,436949.0,987.0,1636.51,1481.18,295,295.0,0.0,295.0,295.0
230440075130198,1,Vila União,213.0,147.0,203389.0,825.0,1391.02,957.97,212,211.0,1.0,212.0,212.0
230440075130199,1,Vila União,244.0,234.0,621882.0,841.0,2670.66,2560.3,242,237.0,5.0,236.0,242.0
230440075130200,1,Vila União,264.0,245.0,172315.0,884.0,698.01,647.59,263,233.0,3.0,245.0,263.0
230440075130201,1,Vila União,197.0,172.0,175083.0,609.0,1023.08,891.91,195,184.0,11.0,191.0,195.0
230440075130202,1,Vila União,170.0,150.0,105098.0,594.0,700.65,618.22,170,132.0,0.0,140.0,170.0
230440075130203,1,Vila União,161.0,144.0,250400.0,582.0,1738.89,1555.28,161,132.0,0.0,141.0,161.0
230440075130204,1,Vila União,203.0,188.0,386870.0,695.0,2057.82,1915.2,202,186.0,16.0,186.0,201.0
230440075130205,1,Vila União,326.0,311.0,1235257.0,1039.0,3971.89,3789.13,326,322.0,2.0,309.0,326.0
230440075130206,1,Vila União,274.0,269.0,894791.0,896.0,3326.36,3265.66,274,272.0,0.0,253.0,274.0
230440075130207,1,Vila União,99.0,92.0,299293.0,339.0,3308.59,3101.8,96,96.0,0.0,94.0,96.0
230440075130208,1,Vila União,92.0,83.0,294640.0,348.0,3549.88,3202.61,92,89.0,3.0,91.0,92.0
230440075130209,1,Alto da Balança,176.0,170.0,202907.0,541.0,1193.57,1152.88,176,164.0,12.0,167.0,176.0
230440075130210,1,Alto da Balança,280.0,269.0,297996.0,897.0,1117.19,1072.67,276,273.0,2.0,272.0,276.0
230440075130211,1,Alto da Balança,165.0,149.0,196934.0,473.0,1321.7,1193.54,165,159.0,5.0,165.0,165.0
230440075130212,1,Alto da Balança,206.0,194.0,218198.0,731.0,1124.73,1059.21,206,199.0,6.0,204.0,206.0
230440075130213,1,Alto da Balança,116.0,108.0,93126.0,433.0,862.28,802.81,116,97.0,3.0,112.0,116.0
230440075130214,1,Alto da Balança,219.0,207.0,230352.0,732.0,1112.81,1051.84,219,193.0,24.0,215.0,219.0
230440075130215,1,Alto da Balança,218.0,208.0,296160.0,775.0,1423.85,1364.79,217,206.0,9.0,215.0,217.0
230440075130216,1,Alto da Balança,220.0,205.0,303365.0,734.0,1479.83,1378.93,220,211.0,5.0,217.0,220.0
230440075130217,1,Alto da Balança,197.0,191.0,214731.0,606.0,1114.93,1080.62,195,184.0,11.0,185.0,195.0
230440075130218,1,Alto da Balança,247.0,156.0,101827.0,818.0,652.74,412.26,247,224.0,21.0,238.0,247.0
230440075130219,1,Alto da Balança,215.0,195.0,121562.0,788.0,623.39,565.4,215,208.0,4.0,197.0,215.0
230440075130220,1,Alto da Balança,146.0,118.0,98710.0,503.0,836.53,676.1,146,136.0,5.0,144.0,146.0
230440075130221,1,Alto da Balança,159.0,140.0,92419.0,565.0,660.21,580.31,157,151.0,4.0,157.0,157.0
230440075130223,1,Alto da Balança,273.0,256.0,224403.0,885.0,876.57,821.99,273,211.0,31.0,259.0,273.0
230440075130224,1,Aerolândia,259.0,189.0,164675.0,932.0,871.3,635.81,259,248.0,5.0,258.0,259.0
230440075130225,1,Aerolândia,212.0,199.0,206074.0,651.0,1035.55,972.05,212,198.0,0.0,205.0,212.0
230440075130226,1,Aerolândia,157.0,137.0,139194.0,490.0,1016.01,886.59,157,152.0,0.0,157.0,157.0
230440075130227,1,Aerolândia,182.0,170.0,169179.0,563.0,995.17,929.55,182,176.0,0.0,178.0,182.0
230440075130228,1,Aerolândia,196.0,192.0,155579.0,698.0,810.31,793.77,196,162.0,2.0,191.0,196.0
230440075130229,1,Aerolândia,132.0,107.0,99395.0,535.0,928.93,752.99,132,82.0,26.0,132.0,132.0
230440075130230,1,Aerolândia,364.0,324.0,252287.0,1179.0,778.66,693.1,364,354.0,0.0,362.0,364.0
230440075130231,1,Aerolândia,163.0,105.0,98228.0,573.0,935.5,602.63,163,149.0,11.0,163.0,163.0
230440075130233,1,Aerolândia,241.0,149.0,116498.0,846.0,781.87,483.39,241,231.0,4.0,241.0,241.0
230440075130234,1,Aerolândia,296.0,216.0,166707.0,1081.0,771.79,563.2,296,283.0,8.0,296.0,296.0
230440075130235,1,Aerolândia,229.0,198.0,128330.0,843.0,648.13,560.39,229,229.0,0.0,229.0,229.0
230440075130236,1,Aerolândia,232.0,224.0,191579.0,832.0,855.26,825.77,232,145.0,8.0,231.0,232.0
230440075130237,1,Aerolândia,98.0,57.0,67399.0,464.0,1182.44,687.74,98,12.0,85.0,97.0,98.0
230440075130238,1,Aerolândia,358.0,343.0,405408.0,1122.0,1179.5,1129.8,356,45.0,68.0,345.0,356.0
230440075130239,1,Dias Macedo,375.0,339.0,302712.0,1290.0,894.09,808.03,374,50.0,9.0,365.0,374.0
230440075130240,1,Dias Macedo,343.0,325.0,280236.0,1058.0,872.28,830.75,336,61.0,34.0,332.0,336.0
230440075130241,1,Dias Macedo,205.0,175.0,108035.0,672.0,617.34,527.0,205,142.0,59.0,204.0,205.0
230440075130242,1,Dias Macedo,279.0,257.0,416598.0,945.0,1621.0,1493.18,279,278.0,1.0,279.0,279.0
230440075130243,1,Dias Macedo,199.0,133.0,69574.0,771.0,523.11,349.62,199,199.0,0.0,199.0,199.0
230440075130244,1,Dias Macedo,276.0,223.0,229171.0,1007.0,1027.67,830.33,276,8.0,1.0,274.0,276.0
230440075130245,1,Dias Macedo,324.0,304.0,289245.0,1125.0,951.46,892.73,324,9.0,305.0,283.0,324.0
230440075130246,1,Dias Macedo,161.0,148.0,118046.0,606.0,782.63,719.04,160,52.0,4.0,155.0,160.0
230440075130247,1,Dias Macedo,133.0,119.0,73910.0,484.0,622.03,556.06,132,58.0,0.0,129.0,132.0
230440075130248,1,Dias Macedo,233.0,213.0,139531.0,815.0,655.08,598.85,233,10.0,25.0,233.0,229.0
230440075130249,1,Dias Macedo,304.0,275.0,233797.0,933.0,847.24,770.99,300,23.0,0.0,263.0,264.0
230440075130250,1,Dias Macedo,44.0,41.0,22403.0,146.0,546.41,509.16,44,43.0,0.0,44.0,44.0
230440075130251,1,Dias Macedo,185.0,130.0,97029.0,652.0,746.38,524.48,185,16.0,5.0,166.0,184.0
230440075130252,1,Dias Macedo,262.0,159.0,111405.0,922.0,700.66,425.21,262,26.0,191.0,256.0,262.0
230440075130253,1,Dias Macedo,172.0,140.0,81120.0,617.0,579.43,471.63,172,172.0,0.0,172.0,172.0
230440075130254,1,Castelão,289.0,262.0,435043.0,1009.0,1660.47,1505.34,289,26.0,238.0,283.0,289.0
230440075130255,1,Castelão,369.0,346.0,300040.0,1257.0,868.98,816.75,366,28.0,2.0,353.0,314.0
230440075130256,1,Castelão,275.0,225.0,182225.0,1022.0,811.23,663.19,274,113.0,18.0,272.0,272.0
230440075130257,1,Castelão,330.0,299.0,294506.0,1196.0,984.97,892.44,330,17.0,209.0,324.0,327.0
230440075130258,1,Mata Galinha,320.0,303.0,469773.0,1089.0,1550.41,1468.04,320,14.0,4.0,315.0,320.0
230440075130259,1,Mata Galinha,250.0,236.0,445566.0,797.0,1887.99,1782.26,250,40.0,51.0,245.0,249.0
230440075130260,1,Mata Galinha,250.0,240.0,324062.0,760.0,1350.26,1296.25,250,1.0,33.0,250.0,250.0
230440075130261,1,Mata Galinha,337.0,303.0,249517.0,1108.0,823.49,740.41,337,9.0,253.0,318.0,335.0
230440075130262,1,Pici (Parque Universitário),665.0,575.0,975309.0,2357.0,1697.4,1469.55,663,435.0,14.0,654.0,661.0
230440075130263,1,Pici (Parque Universitário),151.0,134.0,90055.0,563.0,672.05,596.39,151,148.0,2.0,151.0,151.0
230440075130264,1,Pici (Parque Universitário),224.0,203.0,154812.0,908.0,762.62,691.13,224,222.0,0.0,224.0,224.0
230440075130265,1,Pici (Parque Universitário),228.0,212.0,145289.0,782.0,685.33,637.23,228,221.0,0.0,218.0,228.0
230440075130266,1,Pici (Parque Universitário),147.0,135.0,94483.0,484.0,699.87,642.74,147,147.0,0.0,146.0,147.0
230440075130267,1,Pici (Parque Universitário),195.0,180.0,122368.0,705.0,679.82,627.53,195,179.0,1.0,193.0,195.0
230440075130268,1,Pici (Parque Universitário),269.0,258.0,154431.0,978.0,598.57,574.09,269,106.0,135.0,260.0,269.0
230440075130269,1,Pici (Parque Universitário),253.0,240.0,765275.0,853.0,3196.97,3032.04,252,229.0,16.0,243.0,251.0
230440075130270,1,Pici (Parque Universitário),223.0,213.0,126145.0,819.0,592.23,565.67,223,102.0,0.0,212.0,223.0
230440075130271,1,Pici (Parque Universitário),322.0,297.0,184637.0,1284.0,621.67,573.41,322,180.0,108.0,310.0,322.0
230440075130272,1,Pici (Parque Universitário),310.0,174.0,124875.0,1106.0,717.67,402.82,310,247.0,46.0,291.0,310.0
230440075130273,1,Pici (Parque Universitário),303.0,261.0,173940.0,1130.0,666.44,574.06,303,260.0,0.0,264.0,303.0
230440075130274,1,Pici (Parque Universitário),252.0,168.0,115204.0,910.0,685.74,457.16,252,189.0,59.0,238.0,252.0
230440075130275,1,Pici (Parque Universitário),367.0,264.0,268928.0,1269.0,1018.67,732.77,367,351.0,8.0,364.0,367.0
230440075130276,1,Pici (Parque Universitário),270.0,208.0,104412.0,1044.0,501.98,386.71,270,164.0,24.0,230.0,270.0
230440075130277,1,Pici (Parque Universitário),274.0,211.0,123425.0,1077.0,584.95,450.46,274,265.0,8.0,269.0,274.0
230440075130278,1,Pici (Parque Universitário),222.0,187.0,339410.0,860.0,1815.03,1528.87,222,215.0,7.0,221.0,222.0
230440075130279,1,Pici (Parque Universitário),164.0,153.0,133001.0,559.0,869.74,811.05,163,59.0,6.0,161.0,163.0
230440075130280,1,Pici (Parque Universitário),210.0,185.0,130897.0,765.0,707.55,623.32,210,206.0,2.0,208.0,210.0
230440075130281,1,Pici (Parque Universitário),140.0,133.0,99681.0,518.0,749.48,712.01,140,111.0,27.0,139.0,140.0
230440075130282,1,Pici (Parque Universitário),162.0,137.0,80401.0,546.0,586.87,496.3,162,161.0,0.0,161.0,162.0
230440075130283,1,Pici (Parque Universitário),150.0,122.0,61225.0,522.0,501.84,408.17,150,89.0,1.0,147.0,150.0
230440075130284,1,Pici (Parque Universitário),201.0,188.0,109411.0,707.0,581.97,544.33,201,199.0,0.0,200.0,201.0
230440075130285,1,Pici (Parque Universitário),329.0,255.0,176733.0,1208.0,693.07,538.82,328,327.0,1.0,327.0,328.0
230440075130286,1,Pici (Parque Universitário),321.0,304.0,209246.0,1131.0,688.31,651.86,321,319.0,0.0,318.0,321.0
230440075130287,1,Pici (Parque Universitário),133.0,127.0,494540.0,480.0,3894.02,3718.35,133,118.0,8.0,127.0,133.0
230440075130288,1,Pici (Parque Universitário),255.0,209.0,159095.0,975.0,761.22,623.9,255,222.0,0.0,229.0,255.0
230440075130289,1,Pici (Parque Universitário),335.0,267.0,294415.0,1047.0,1102.68,878.85,335,299.0,9.0,335.0,335.0
230440075130290,1,Pici (Parque Universitário),192.0,188.0,112089.0,758.0,596.22,583.8,192,181.0,0.0,182.0,192.0
230440075130291,1,Pici (Parque Universitário),200.0,188.0,131524.0,756.0,699.6,657.62,200,9.0,146.0,191.0,200.0
230440075130292,1,Pici (Parque Universitário),139.0,119.0,68082.0,467.0,572.12,489.8,139,103.0,36.0,139.0,139.0
230440075130293,1,Pici (Parque Universitário),191.0,162.0,96628.0,782.0,596.47,505.91,191,184.0,0.0,182.0,191.0
230440075130294,1,Pici (Parque Universitário),217.0,140.0,96188.0,741.0,687.06,443.26,217,193.0,0.0,210.0,214.0
230440075130295,1,Pan-Americano,383.0,344.0,343169.0,1328.0,997.58,896.0,383,303.0,79.0,364.0,383.0
230440075130296,1,Pan-Americano,395.0,342.0,327076.0,1394.0,956.36,830.14,394,186.0,6.0,357.0,394.0
230440075130297,1,Pan-Americano,362.0,246.0,189936.0,1275.0,772.1,524.69,362,322.0,37.0,304.0,362.0
230440075130298,1,Pan-Americano,274.0,235.0,200454.0,889.0,853.0,731.58,274,257.0,7.0,255.0,274.0
230440075130299,1,Pan-Americano,324.0,272.0,281707.0,1112.0,1035.69,872.16,323,316.0,4.0,311.0,323.0
230440075130300,1,Pan-Americano,141.0,134.0,200484.0,481.0,1496.15,1421.87,141,133.0,0.0,140.0,141.0
230440075130301,1,Pan-Americano,225.0,202.0,341539.0,743.0,1690.79,1517.95,225,174.0,51.0,225.0,225.0
230440075130302,1,Pan-Americano,167.0,139.0,156505.0,584.0,1130.4,939.73,166,143.0,8.0,157.0,166.0
230440075130303,1,Pan-Americano,312.0,287.0,391761.0,1002.0,1365.02,1255.64,312,298.0,1.0,294.0,312.0
230440075130304,1,Bela Vista,220.0,153.0,116518.0,748.0,761.56,529.63,220,164.0,50.0,204.0,220.0
230440075130305,1,Bela Vista,335.0,305.0,276613.0,1097.0,906.93,825.71,335,300.0,0.0,312.0,335.0
230440075130306,1,Bela Vista,235.0,211.0,168055.0,981.0,796.47,715.13,235,214.0,14.0,234.0,235.0
230440075130307,1,Bela Vista,321.0,293.0,459839.0,911.0,1569.42,1432.52,321,300.0,8.0,318.0,318.0
230440075130308,1,Bela Vista,250.0,228.0,147754.0,888.0,648.04,591.02,250,82.0,25.0,239.0,250.0
230440075130309,1,Bela Vista,161.0,143.0,150208.0,500.0,1050.41,932.97,161,144.0,15.0,109.0,161.0
230440075130310,1,Bela Vista,170.0,163.0,223836.0,560.0,1373.23,1316.68,170,160.0,10.0,148.0,170.0
230440075130311,1,Bela Vista,222.0,203.0,174546.0,817.0,859.83,786.24,222,206.0,14.0,212.0,215.0
230440075130312,1,Bela Vista,236.0,206.0,213477.0,816.0,1036.3,904.56,236,225.0,0.0,226.0,236.0
230440075130313,1,Bela Vista,252.0,247.0,297053.0,880.0,1202.64,1178.78,252,210.0,0.0,231.0,252.0
230440075130314,1,Bela Vista,243.0,199.0,227760.0,819.0,1144.52,937.28,243,199.0,44.0,243.0,243.0
230440075130315,1,Bela Vista,264.0,232.0,223181.0,970.0,961.99,845.38,264,251.0,7.0,255.0,263.0
230440075130316,1,Bela Vista,308.0,278.0,359678.0,1252.0,1293.81,1167.79,308,303.0,4.0,306.0,308.0
230440075130317,1,Bela Vista,237.0,200.0,234619.0,789.0,1173.1,989.95,237,193.0,19.0,232.0,237.0
230440075130318,1,Bela Vista,221.0,208.0,479564.0,723.0,2305.6,2169.97,221,206.0,15.0,221.0,221.0
230440075130319,1,Itaóca,269.0,250.0,558605.0,918.0,2234.42,2076.6,269,2.0,267.0,269.0,269.0
230440075130320,1,Itaóca,172.0,139.0,222073.0,546.0,1597.65,1291.12,172,96.0,74.0,158.0,169.0
230440075130321,1,Itaóca,175.0,162.0,150144.0,578.0,926.81,857.97,175,4.0,7.0,157.0,175.0
230440075130322,1,Aeroporto (Base Aérea),399.0,339.0,167359.0,1409.0,493.68,419.45,399,399.0,0.0,399.0,399.0
230440075130323,1,Aeroporto (Base Aérea),247.0,194.0,117653.0,923.0,606.46,476.33,247,246.0,1.0,247.0,247.0
230440075130324,1,Serrinha,196.0,173.0,160356.0,653.0,928.89,818.77,194,39.0,1.0,192.0,194.0
230440075130325,1,Serrinha,217.0,202.0,104466.0,750.0,517.19,481.28,216,0.0,0.0,209.0,216.0
230440075130326,1,Serrinha,219.0,203.0,193918.0,892.0,955.26,885.47,219,180.0,0.0,218.0,219.0
230440075130327,1,Serrinha,321.0,279.0,194727.0,1019.0,697.95,606.63,321,40.0,2.0,288.0,321.0
230440075130328,1,Serrinha,292.0,246.0,204914.0,998.0,832.98,701.76,292,5.0,2.0,275.0,292.0
230440075130329,1,Serrinha,251.0,223.0,151707.0,882.0,680.3,604.41,251,1.0,2.0,230.0,251.0
230440075130330,1,Serrinha,219.0,190.0,169157.0,726.0,890.3,772.41,219,9.0,0.0,219.0,219.0
230440075130331,1,Itaperi,195.0,164.0,213085.0,570.0,1299.3,1092.74,195,29.0,1.0,134.0,195.0
230440075130332,1,Itaperi,158.0,156.0,224285.0,378.0,1437.72,1419.53,158,3.0,155.0,157.0,158.0
230440075130333,1,Itaperi,203.0,189.0,219961.0,498.0,1163.81,1083.55,203,105.0,94.0,191.0,203.0
230440075130334,1,Itaperi,313.0,309.0,467875.0,741.0,1514.16,1494.81,313,36.0,272.0,300.0,313.0
230440075130335,1,Itaperi,96.0,92.0,137395.0,251.0,1493.42,1431.2,96,2.0,88.0,95.0,96.0
230440075130336,1,Itaperi,237.0,213.0,366198.0,615.0,1719.24,1545.14,237,2.0,0.0,237.0,237.0
230440075130337,1,Itaperi,302.0,277.0,301170.0,1087.0,1087.26,997.25,302,14.0,273.0,295.0,302.0
230440075130338,1,Itaperi,243.0,231.0,303761.0,770.0,1314.98,1250.05,243,61.0,93.0,233.0,243.0
230440075130339,1,Itaperi,204.0,179.0,176077.0,699.0,983.67,863.12,204,36.0,7.0,203.0,204.0
230440075130340,1,Itaperi,268.0,249.0,288403.0,976.0,1159.41,1076.9,267,51.0,99.0,244.0,267.0
230440075130341,1,Itaperi,232.0,215.0,779056.0,805.0,3623.52,3358.0,232,1.0,44.0,230.0,232.0
230440075130342,1,Itaperi,174.0,157.0,332588.0,514.0,2118.39,1911.43,174,10.0,158.0,169.0,174.0
230440075130343,1,Parangaba,259.0,241.0,679684.0,719.0,2820.27,2624.26,259,259.0,0.0,259.0,259.0
230440075130344,1,Parangaba,123.0,115.0,288441.0,450.0,2508.18,2345.05,123,2.0,2.0,79.0,122.0
230440075130345,1,Parangaba,227.0,183.0,141762.0,791.0,774.66,624.5,227,24.0,200.0,215.0,227.0
230440075130346,1,Parangaba,183.0,144.0,111738.0,671.0,775.96,610.59,183,1.0,14.0,179.0,183.0
230440075130348,1,Vila Pery,205.0,182.0,138905.0,752.0,763.21,677.59,205,29.0,1.0,193.0,205.0
230440075130349,1,Vila Pery,201.0,182.0,124795.0,701.0,685.69,620.87,201,14.0,2.0,201.0,198.0
230440075130350,1,Vila Pery,211.0,194.0,213815.0,660.0,1102.14,1013.34,211,84.0,68.0,182.0,211.0
230440075130351,1,Jóquei Club (São Cristóvão),345.0,329.0,401804.0,1152.0,1223.18,1166.29,344,74.0,131.0,196.0,344.0
230440075130352,1,Jóquei Club (São Cristóvão),243.0,240.0,534595.0,632.0,2227.48,2199.98,243,243.0,0.0,11.0,243.0
230440075130353,1,Jóquei Club (São Cristóvão),200.0,182.0,223630.0,647.0,1228.74,1118.15,200,190.0,10.0,169.0,200.0
230440075130354,1,Jóquei Club (São Cristóvão),309.0,293.0,812140.0,776.0,2771.81,2628.28,309,287.0,0.0,303.0,309.0
230440075130355,1,Demócrito Rocha,113.0,112.0,111368.0,405.0,994.36,985.56,113,42.0,71.0,107.0,113.0
230440075130356,1,Demócrito Rocha,217.0,177.0,175021.0,703.0,988.82,806.55,217,104.0,112.0,211.0,217.0
230440075130357,1,Demócrito Rocha,222.0,201.0,260437.0,685.0,1295.71,1173.14,222,132.0,90.0,212.0,222.0
230440075130358,1,Couto Fernades,88.0,78.0,49936.0,328.0,640.21,567.45,88,14.0,3.0,82.0,88.0
230440075130359,1,Couto Fernades,174.0,154.0,349380.0,529.0,2268.7,2007.93,174,114.0,59.0,99.0,174.0
230440075130360,1,Couto Fernades,138.0,135.0,305422.0,394.0,2262.39,2213.2,138,138.0,0.0,132.0,138.0
230440075130361,1,Montese,264.0,215.0,149006.0,949.0,693.05,564.42,264,234.0,0.0,258.0,216.0
230440075130362,1,Montese,263.0,247.0,498357.0,827.0,2017.64,1894.89,263,250.0,0.0,246.0,263.0
230440075130363,1,Montese,215.0,204.0,268581.0,682.0,1319.12,1251.31,214,173.0,0.0,191.0,214.0
230440075130364,1,Montese,151.0,143.0,404653.0,524.0,2865.62,2711.77,149,141.0,8.0,144.0,149.0
230440075130365,1,Montese,216.0,200.0,349639.0,680.0,1748.2,1618.7,216,212.0,3.0,170.0,216.0
230440075130366,1,Vila União,211.0,190.0,176822.0,759.0,930.64,838.02,211,206.0,2.0,207.0,211.0
230440075130367,1,Vila União,273.0,237.0,211619.0,909.0,892.91,775.16,273,268.0,1.0,256.0,273.0
230440075130368,1,Vila União,271.0,255.0,220050.0,933.0,862.94,811.99,271,257.0,0.0,256.0,271.0
230440075130369,1,Vila União,291.0,287.0,316469.0,994.0,1102.68,1087.52,291,281.0,9.0,280.0,291.0
230440075130370,1,Vila União,238.0,226.0,465431.0,780.0,2059.43,1955.59,238,176.0,19.0,128.0,238.0
230440075130371,1,Alto da Balança,156.0,134.0,133869.0,562.0,1002.7,860.38,155,147.0,0.0,145.0,155.0
230440075130372,1,Alto da Balança,147.0,140.0,131835.0,511.0,941.68,896.84,147,144.0,3.0,147.0,147.0
230440075130373,1,Alto da Balança,155.0,138.0,87757.0,592.0,635.92,569.85,154,125.0,4.0,145.0,154.0
230440075130374,1,Alto da Balança,189.0,171.0,76519.0,654.0,447.48,404.86,189,180.0,0.0,181.0,189.0
230440075130375,1,Alto da Balança,166.0,145.0,66843.0,581.0,460.99,402.67,166,55.0,4.0,162.0,164.0
230440075130376,1,Alto da Balança,133.0,126.0,106236.0,417.0,843.14,798.77,133,130.0,2.0,132.0,133.0
230440075130377,1,Aerolândia,172.0,166.0,192879.0,548.0,1161.92,1121.39,172,143.0,29.0,171.0,172.0
230440075130378,1,Castelão,328.0,244.0,176168.0,1140.0,722.0,537.1,328,33.0,264.0,322.0,326.0
230440075130379,1,Castelão,53.0,51.0,26995.0,216.0,529.31,509.34,53,0.0,33.0,53.0,53.0
230440075130380,1,Mata Galinha,237.0,215.0,208696.0,728.0,968.21,877.95,236,19.0,71.0,230.0,236.0
230440075130381,1,Mata Galinha,289.0,211.0,114692.0,1008.0,543.56,396.86,289,23.0,15.0,284.0,288.0
230440075130382,1,Mata Galinha,226.0,169.0,295286.0,772.0,1747.25,1312.38,225,14.0,128.0,224.0,218.0
230440075130383,1,Pici (Parque Universitário),185.0,134.0,90165.0,649.0,672.87,487.38,185,168.0,0.0,182.0,185.0
230440075130384,1,Pici (Parque Universitário),188.0,174.0,104172.0,655.0,598.69,554.11,188,188.0,0.0,188.0,188.0
230440075130385,1,Pici (Parque Universitário),181.0,156.0,93381.0,609.0,598.6,515.92,181,178.0,0.0,181.0,181.0
230440075130386,1,Pici (Parque Universitário),183.0,175.0,122227.0,666.0,698.44,667.91,183,124.0,58.0,183.0,183.0
230440075130387,1,Pici (Parque Universitário),166.0,147.0,102038.0,646.0,694.14,614.69,166,41.0,66.0,166.0,166.0
230440075130388,1,Pici (Parque Universitário),254.0,218.0,114303.0,932.0,524.33,450.01,254,131.0,27.0,237.0,254.0
230440075130389,1,Pici (Parque Universitário),265.0,231.0,168960.0,963.0,719.39,626.74,264,173.0,22.0,252.0,252.0
230440075130390,1,Pici (Parque Universitário),193.0,87.0,52234.0,783.0,600.39,270.64,193,152.0,30.0,179.0,193.0
230440075130391,1,Pici (Parque Universitário),308.0,279.0,301550.0,917.0,1081.83,979.64,307,302.0,0.0,306.0,307.0
230440075130392,1,Pici (Parque Universitário),200.0,154.0,126175.0,780.0,819.32,630.88,200,199.0,0.0,200.0,200.0
230440075130393,1,Pici (Parque Universitário),242.0,206.0,139657.0,847.0,677.95,577.1,242,235.0,3.0,238.0,242.0
230440075130394,1,Pici (Parque Universitário),186.0,163.0,117458.0,613.0,720.8,630.7,184,184.0,0.0,183.0,184.0
230440075130395,1,Pici (Parque Universitário),294.0,259.0,188346.0,1059.0,727.2,640.63,294,248.0,39.0,292.0,294.0
230440075130396,1,Pici (Parque Universitário),320.0,305.0,258667.0,1055.0,848.09,808.33,320,229.0,0.0,319.0,320.0
230440075130397,1,Pici (Parque Universitário),164.0,151.0,118010.0,578.0,781.52,719.57,164,122.0,1.0,147.0,156.0
230440075130398,1,Pici (Parque Universitário),382.0,317.0,224136.0,1128.0,707.05,586.74,382,376.0,6.0,357.0,382.0
230440075130399,1,Pici (Parque Universitário),155.0,148.0,106303.0,511.0,718.26,685.83,155,152.0,0.0,154.0,155.0
230440075130400,1,Bela Vista,225.0,198.0,362110.0,601.0,1828.84,1609.38,225,220.0,3.0,219.0,225.0
230440075130401,1,Bela Vista,152.0,87.0,56007.0,527.0,643.76,368.47,152,138.0,14.0,152.0,152.0
230440075130402,1,Bela Vista,157.0,142.0,284344.0,423.0,2002.42,1811.11,157,157.0,0.0,157.0,157.0
230440075130403,1,Bela Vista,288.0,250.0,149830.0,1007.0,599.32,520.24,288,84.0,8.0,259.0,288.0
230440075130404,1,Bela Vista,182.0,172.0,212389.0,639.0,1234.82,1166.97,182,178.0,3.0,166.0,182.0
230440075130405,1,Bela Vista,243.0,226.0,478186.0,801.0,2115.87,1967.84,243,225.0,18.0,240.0,243.0
