cd_setor,situacao,cd_tipo,nm_bairro_ibge,pessoas,responsaveis,moradores_dpp,renda_media_resp,renda_mediana_resp,dpp,dpp_esgoto_rede,dpp_fossa_ligada_rede,dpp_agua_rede,dpp_lixo_coletado
230440005130001,Urbana,1,Centro,866,283.0,866.0,1474.07,1212.0,283.0,6.0,0.0,268.0,283.0
230440005130002,Urbana,0,Centro,35,19.0,35.0,1664.47,1212.0,19.0,19.0,0.0,13.0,19.0
230440005130003,Urbana,0,Centro,125,61.0,125.0,3315.34,1800.0,61.0,60.0,0.0,47.0,61.0
230440005130004,Urbana,0,Centro,266,113.0,260.0,2979.64,2000.0,113.0,108.0,3.0,99.0,113.0
230440005130005,Urbana,0,Centro,4,,,,,,,,,
230440005130006,Urbana,0,Centro,217,81.0,205.0,3677.53,1800.0,81.0,80.0,0.0,68.0,71.0
230440005130007,Urbana,0,Centro,383,163.0,383.0,2043.93,1200.0,163.0,163.0,0.0,93.0,163.0
230440005130008,Urbana,0,Centro,366,160.0,366.0,1749.96,1322.0,160.0,154.0,4.0,97.0,160.0
230440005130009,Urbana,0,Centro,512,205.0,512.0,3975.06,2400.0,205.0,205.0,0.0,164.0,205.0
230440005130010,Urbana,0,Centro,202,102.0,202.0,3332.04,2000.0,102.0,102.0,0.0,50.0,102.0
230440005130011,Urbana,0,Centro,513,259.0,513.0,2028.41,1300.0,259.0,256.0,0.0,125.0,259.0
230440005130012,Urbana,0,Centro,848,382.0,730.0,1744.28,1212.0,382.0,359.0,4.0,127.0,381.0
230440005130013,Urbana,0,Centro,538,254.0,533.0,2026.19,1212.0,254.0,253.0,,85.0,252.0
230440005130014,Urbana,0,Centro,720,277.0,720.0,3589.93,2500.0,277.0,277.0,0.0,208.0,277.0
230440005130015,Urbana,0,Centro,302,115.0,302.0,2214.15,1400.0,115.0,115.0,0.0,109.0,115.0
230440005130016,Urbana,0,Centro,304,102.0,295.0,2513.97,1300.0,102.0,102.0,0.0,99.0,102.0
230440005130017,Urbana,0,Centro,262,127.0,262.0,2738.13,1725.0,127.0,126.0,0.0,106.0,125.0
230440005130018,Urbana,0,Centro,715,329.0,715.0,6784.12,5000.0,329.0,328.0,,260.0,329.0
230440005130019,Urbana,0,Centro,365,173.0,365.0,7506.39,6000.0,173.0,173.0,0.0,171.0,173.0
230440005130020,Urbana,0,Centro,899,343.0,899.0,8880.97,7000.0,343.0,340.0,,318.0,341.0
230440005130021,Urbana,0,Centro,336,137.0,329.0,3365.74,2500.0,137.0,123.0,13.0,119.0,137.0
230440005130022,Urbana,0,Centro,587,249.0,587.0,4831.42,3500.0,249.0,249.0,0.0,137.0,248.0
230440005130023,Urbana,1,Moura Brasil,475,156.0,475.0,1248.14,1200.0,156.0,151.0,0.0,153.0,154.0
230440005130024,Urbana,1,Moura Brasil,450,165.0,449.0,1320.84,1212.0,165.0,164.0,0.0,161.0,165.0
230440005130025,Urbana,1,Moura Brasil,909,305.0,909.0,1566.81,1212.0,305.0,304.0,0.0,293.0,305.0
230440005130026,Urbana,0,Moura Brasil,45,17.0,44.0,4376.47,2500.0,17.0,11.0,0.0,10.0,17.0
230440005130027,Urbana,0,Centro,573,246.0,567.0,4072.07,2448.0,246.0,245.0,0.0,195.0,246.0
230440005130028,Urbana,0,Centro,67,43.0,67.0,1932.34,1212.0,43.0,43.0,0.0,9.0,43.0
230440005130029,Urbana,0,Centro,332,154.0,332.0,2485.37,2000.0,154.0,154.0,0.0,150.0,153.0
230440005130030,Urbana,0,Centro,548,214.0,548.0,2706.89,2000.0,214.0,213.0,0.0,195.0,214.0
230440005130031,Urbana,0,Centro,816,329.0,816.0,5110.03,2500.0,329.0,321.0,8.0,289.0,329.0
230440005130032,Urbana,0,Centro,705,301.0,684.0,7397.75,5000.0,301.0,301.0,0.0,255.0,300.0
230440005130033,Urbana,0,Centro,1077,405.0,1077.0,5012.59,2500.0,405.0,403.0,,370.0,402.0
230440005130034,Urbana,0,Centro,574,244.0,574.0,4304.34,3000.0,244.0,239.0,3.0,198.0,243.0
230440005130035,Urbana,0,Centro,483,215.0,483.0,4537.87,2050.5,215.0,214.0,,178.0,215.0
230440005130036,Urbana,0,Centro,294,120.0,294.0,3942.54,2850.0,120.0,120.0,0.0,103.0,120.0
230440005130037,Urbana,0,Centro,364,157.0,364.0,2441.95,1500.0,157.0,156.0,0.0,151.0,157.0
230440005130038,Urbana,0,Centro,264,134.0,264.0,3277.87,2400.0,134.0,121.0,5.0,43.0,134.0
230440005130039,Urbana,0,Centro,181,75.0,171.0,2749.21,1800.0,75.0,75.0,0.0,59.0,74.0
230440005130040,Urbana,0,Centro,333,140.0,333.0,2057.35,1212.0,140.0,135.0,3.0,117.0,130.0
230440005130041,Urbana,0,Praia de Iracema,326,183.0,326.0,6945.72,5000.0,183.0,183.0,0.0,183.0,183.0
230440005130042,Urbana,1,Centro,343,131.0,343.0,2149.19,1600.0,131.0,124.0,5.0,119.0,131.0
230440005130043,Urbana,1,Centro,39,16.0,39.0,993.47,1212.0,16.0,16.0,0.0,16.0,16.0
230440005130044,Urbana,1,Centro,626,220.0,626.0,2251.43,1212.0,220.0,214.0,4.0,208.0,220.0
230440005130045,Urbana,0,Centro,431,153.0,429.0,2563.42,1500.0,153.0,152.0,0.0,139.0,152.0
230440005130046,Urbana,0,Centro,281,128.0,279.0,4304.87,3100.0,128.0,128.0,0.0,83.0,128.0
230440005130047,Urbana,0,Centro,532,207.0,532.0,5768.06,4800.0,207.0,205.0,,202.0,205.0
230440005130048,Urbana,0,Centro,159,59.0,159.0,3841.51,2600.0,59.0,50.0,,36.0,59.0
230440005130049,Urbana,1,Moura Brasil,62,29.0,62.0,3347.76,1212.0,29.0,21.0,,27.0,27.0
230440005130050,Urbana,0,Centro,702,277.0,701.0,2531.95,1600.0,277.0,273.0,0.0,195.0,277.0
230440005130051,Urbana,0,Centro,266,102.0,262.0,2802.25,1800.0,102.0,102.0,0.0,67.0,102.0
230440005130052,Urbana,1,Moura Brasil,267,98.0,267.0,1272.08,1212.0,98.0,97.0,0.0,94.0,98.0
230440005130053,Urbana,0,Moura Brasil,16,6.0,15.0,1545.33,1212.0,6.0,,0.0,,6.0
230440005130054,Urbana,1,Moura Brasil,335,118.0,335.0,1731.58,1212.0,118.0,118.0,0.0,94.0,118.0
230440005130055,Urbana,0,Centro,197,97.0,197.0,4529.5,4000.0,97.0,97.0,0.0,96.0,97.0
230440005130056,Urbana,0,Centro,460,170.0,460.0,3258.51,1950.0,170.0,169.0,,160.0,170.0
230440005130057,Urbana,4,Moura Brasil,0,,,,,,,,,
230440005130058,Urbana,0,Praia de Iracema,263,107.0,248.0,6934.04,5400.0,107.0,104.0,,96.0,107.0
230440005130059,Urbana,0,Praia de Iracema,424,163.0,421.0,4666.45,2000.0,163.0,162.0,0.0,111.0,163.0
230440005130060,Urbana,0,Praia de Iracema,321,124.0,321.0,8999.59,5005.0,124.0,124.0,0.0,54.0,124.0
230440005130061,Urbana,0,Praia de Iracema,672,247.0,672.0,4617.76,4000.0,247.0,247.0,0.0,246.0,247.0
230440005130062,Urbana,0,Centro,580,253.0,577.0,7356.38,5000.0,253.0,250.0,0.0,178.0,253.0
230440005130063,Urbana,0,Centro,545,213.0,545.0,7599.57,5550.0,213.0,211.0,,199.0,213.0
230440005130064,Urbana,0,Centro,435,145.0,384.0,8783.05,6000.0,145.0,143.0,,135.0,143.0
230440005130065,Urbana,0,Centro,309,135.0,309.0,3237.39,2400.0,135.0,133.0,0.0,127.0,135.0
230440005130066,Urbana,0,Centro,507,225.0,502.0,8679.28,8000.0,225.0,224.0,0.0,224.0,225.0
230440005130067,Urbana,0,Centro,600,247.0,590.0,8654.03,8000.0,247.0,247.0,0.0,247.0,247.0
230440005130068,Urbana,0,Centro,348,138.0,348.0,4453.21,2000.0,138.0,138.0,0.0,126.0,137.0
230440005130069,Urbana,1,Moura Brasil,470,165.0,470.0,1288.76,1212.0,165.0,158.0,0.0,162.0,163.0
230440005130070,Urbana,0,Praia de Iracema,584,231.0,584.0,4311.32,3000.0,231.0,228.0,0.0,218.0,230.0
230440005130071,Urbana,0,Praia de Iracema,443,187.0,443.0,9617.13,4000.0,187.0,186.0,0.0,180.0,185.0
230440005130072,Urbana,0,Centro,300,156.0,293.0,2497.14,1300.0,156.0,145.0,,79.0,156.0
230440005130073,Urbana,0,Centro,460,179.0,458.0,2722.83,1212.0,179.0,177.0,,105.0,179.0
230440005140001,Urbana,0,Vila Velha,494,167.0,494.0,3550.79,2000.0,167.0,140.0,9.0,161.0,167.0
230440005140002,Urbana,1,Vila Velha,118,40.0,118.0,1894.6,1550.0,40.0,25.0,,27.0,39.0
230440005140003,Urbana,1,Vila Velha,0,,,,,,,,,
230440005140004,Urbana,1,Vila Velha,68,21.0,68.0,1432.37,1300.0,21.0,6.0,15.0,18.0,21.0
230440005140005,Urbana,1,Vila Velha,292,103.0,292.0,1080.74,1212.0,103.0,98.0,5.0,93.0,103.0
230440005140006,Urbana,1,Vila Velha,217,75.0,217.0,1461.93,1212.0,75.0,35.0,31.0,68.0,75.0
230440005140007,Urbana,1,Vila Velha,412,138.0,412.0,1465.3,1212.0,138.0,106.0,3.0,90.0,137.0
230440005140008,Urbana,1,Vila Velha,470,147.0,470.0,1218.46,1212.0,147.0,29.0,,129.0,147.0
230440005140009,Urbana,1,Vila Velha,531,167.0,531.0,1238.53,1212.0,167.0,39.0,0.0,107.0,167.0
230440005140010,Urbana,0,Vila Velha,373,119.0,373.0,1169.23,1212.0,119.0,114.0,4.0,107.0,119.0
230440005140011,Urbana,0,Vila Velha,750,251.0,750.0,1436.21,1300.0,251.0,250.0,0.0,133.0,251.0
230440005140012,Urbana,0,Jardim Guanabara,920,263.0,920.0,2702.9,1825.0,263.0,256.0,0.0,141.0,263.0
230440005140013,Urbana,0,Jardim Guanabara,428,131.0,428.0,1789.89,1212.0,131.0,127.0,3.0,50.0,131.0
230440005140014,Urbana,0,Jardim Guanabara,372,127.0,372.0,1807.59,1250.0,127.0,117.0,6.0,56.0,127.0
230440005140015,Urbana,0,Jardim Guanabara,745,286.0,745.0,1542.76,1242.5,286.0,286.0,0.0,198.0,285.0
230440005140016,Urbana,0,Jardim Guanabara,1005,297.0,1005.0,1956.79,1212.0,297.0,289.0,0.0,216.0,297.0
230440005140017,Urbana,0,Jardim Guanabara,606,220.0,606.0,1614.31,1212.0,220.0,212.0,5.0,146.0,220.0
230440005140018,Urbana,0,Jardim Guanabara,549,205.0,549.0,1506.5,1212.0,205.0,188.0,4.0,146.0,205.0
230440005140019,Urbana,0,Jardim Guanabara,520,167.0,520.0,2276.81,1500.0,167.0,160.0,,63.0,167.0
230440005140020,Urbana,0,Jardim Guanabara,536,164.0,536.0,2009.53,1212.0,164.0,154.0,0.0,61.0,164.0
230440005140021,Urbana,0,Jardim Guanabara,586,196.0,586.0,1827.74,1212.0,196.0,190.0,4.0,57.0,194.0
230440005140022,Urbana,0,Jardim Guanabara,595,206.0,595.0,2073.63,1212.0,206.0,202.0,3.0,94.0,206.0
230440005140023,Urbana,0,Jardim Guanabara,181,54.0,181.0,2056.38,2000.0,54.0,53.0,,37.0,54.0
230440005140024,Urbana,0,Jardim Guanabara,428,156.0,428.0,1853.18,1300.0,156.0,152.0,0.0,105.0,156.0
230440005140025,Urbana,0,Vila Velha,778,266.0,778.0,3000.58,2160.0,266.0,263.0,0.0,141.0,266.0
230440005140026,Urbana,0,Vila Velha,782,277.0,782.0,2432.0,1500.0,277.0,257.0,,147.0,277.0
230440005140027,Urbana,0,Vila Velha,868,280.0,868.0,2703.98,2000.0,280.0,279.0,0.0,243.0,280.0
230440005140028,Urbana,0,Vila Velha,541,177.0,541.0,3070.84,2000.0,177.0,174.0,,164.0,177.0
230440005140029,Urbana,0,Vila Velha,758,264.0,758.0,2258.67,1306.0,264.0,255.0,6.0,182.0,264.0
230440005140030,Urbana,0,Vila Velha,720,256.0,720.0,1825.08,1212.0,256.0,251.0,0.0,162.0,255.0
230440005140031,Urbana,0,Vila Velha,916,336.0,916.0,1702.63,1300.0,336.0,326.0,3.0,224.0,335.0
230440005140032,Urbana,0,Vila Velha,437,160.0,437.0,1259.53,1212.0,160.0,158.0,,132.0,160.0
230440005140033,Urbana,0,Vila Velha,662,227.0,662.0,2742.34,2000.0,227.0,222.0,,96.0,227.0
230440005140034,Urbana,0,Vila Velha,633,223.0,633.0,4078.48,3000.0,223.0,218.0,,125.0,223.0
230440005140035,Urbana,0,Vila Velha,809,253.0,809.0,3045.25,2000.5,253.0,249.0,,124.0,252.0
230440005140036,Urbana,0,Vila Velha,670,219.0,670.0,2859.99,2240.0,219.0,209.0,6.0,124.0,218.0
230440005140037,Urbana,0,Vila Velha,532,183.0,532.0,2718.72,2000.0,183.0,182.0,,121.0,183.0
230440005140038,Urbana,0,Vila Velha,620,205.0,620.0,1339.34,1200.0,205.0,201.0,3.0,95.0,205.0
230440005140039,Urbana,0,Vila Velha,384,136.0,384.0,1383.35,1212.0,136.0,135.0,,91.0,136.0
230440005140040,Urbana,1,Vila Velha,772,214.0,772.0,1576.73,1400.0,214.0,209.0,,184.0,214.0
230440005140041,Urbana,0,Vila Velha,1230,457.0,1230.0,2378.28,1800.0,457.0,456.0,,144.0,410.0
230440005140042,Urbana,0,Vila Velha,443,150.0,443.0,1333.57,1212.0,150.0,145.0,4.0,106.0,150.0
230440005140043,Urbana,0,Vila Velha,846,266.0,846.0,1297.75,1212.0,266.0,252.0,0.0,215.0,266.0
230440005140044,Urbana,0,Vila Velha,425,153.0,425.0,1371.17,1212.0,153.0,147.0,5.0,114.0,153.0
230440005140045,Urbana,4,Vila Velha,0,,,,,,,,,
230440005140046,Urbana,0,Vila Velha,908,289.0,908.0,3317.48,2500.0,289.0,289.0,0.0,271.0,289.0
230440005140047,Urbana,0,Vila Velha,565,180.0,565.0,4400.22,2500.0,180.0,179.0,,173.0,180.0
230440005140048,Urbana,0,Vila Velha,1049,353.0,1049.0,2437.39,1300.0,353.0,345.0,6.0,278.0,352.0
230440005140049,Urbana,0,Vila Velha,570,202.0,570.0,2845.02,1900.0,202.0,196.0,,128.0,202.0
230440005140050,Urbana,0,Vila Velha,761,251.0,761.0,2609.6,1881.5,251.0,248.0,3.0,164.0,251.0
230440005140051,Urbana,0,Vila Velha,373,126.0,373.0,1922.4,1212.0,126.0,99.0,17.0,69.0,126.0
230440005140052,Urbana,0,Vila Velha,637,231.0,637.0,1328.66,1220.0,231.0,229.0,0.0,178.0,231.0
230440005140053,Urbana,1,Vila Velha,207,67.0,207.0,1634.69,1212.0,67.0,62.0,0.0,55.0,65.0
230440005140054,Urbana,0,Vila Velha,493,168.0,493.0,2636.79,2000.0,168.0,158.0,,133.0,167.0
230440005140055,Urbana,0,Vila Velha,717,263.0,717.0,1787.24,1212.0,263.0,252.0,6.0,186.0,263.0
230440005140056,Urbana,0,Vila Velha,636,220.0,636.0,2258.01,2500.0,220.0,205.0,14.0,127.0,219.0
230440005140057,Urbana,0,Vila Velha,363,120.0,363.0,1461.22,1212.0,120.0,118.0,0.0,90.0,120.0
230440005140058,Urbana,0,Vila Velha,800,247.0,800.0,2387.52,1212.0,247.0,239.0,,133.0,247.0
230440005140059,Urbana,0,Vila Velha,216,107.0,216.0,1340.05,1200.0,107.0,105.0,0.0,58.0,107.0
230440005140060,Urbana,0,Vila Velha,482,186.0,480.0,2184.97,2000.0,186.0,178.0,6.0,147.0,186.0
230440005140061,Urbana,0,Vila Velha,769,269.0,769.0,1722.63,1212.0,269.0,244.0,0.0,150.0,269.0
230440005140062,Urbana,1,Vila Velha,716,234.0,638.0,1258.27,1212.0,234.0,211.0,7.0,191.0,233.0
230440005140063,Urbana,1,Vila Velha,507,188.0,507.0,1273.18,1212.0,188.0,172.0,13.0,106.0,187.0
230440005140064,Urbana,4,Vila Velha,0,,,,,,,,,
230440005140065,Urbana,0,Jardim Guanabara,697,240.0,697.0,1454.18,1212.0,240.0,239.0,0.0,167.0,240.0
230440005140066,Urbana,0,Jardim Guanabara,484,168.0,484.0,1842.23,1200.0,168.0,153.0,4.0,118.0,166.0
230440005140067,Urbana,0,Jardim Guanabara,559,191.0,559.0,2103.35,1212.0,191.0,181.0,,94.0,191.0
230440005140068,Urbana,0,Jardim Guanabara,647,168.0,647.0,2847.83,2000.0,168.0,163.0,4.0,89.0,168.0
230440005140069,Urbana,0,Jardim Guanabara,464,154.0,464.0,2084.5,2000.0,154.0,145.0,6.0,112.0,154.0
230440005140070,Urbana,0,Vila Velha,570,183.0,570.0,3311.02,3000.0,183.0,177.0,5.0,129.0,183.0
230440005140071,Urbana,0,Vila Velha,727,194.0,727.0,4060.29,3200.0,194.0,193.0,,180.0,194.0
230440005140072,Urbana,0,Vila Velha,674,236.0,674.0,1808.05,1212.0,236.0,233.0,3.0,155.0,235.0
230440005140073,Urbana,0,Vila Velha,901,263.0,901.0,1237.37,1212.0,263.0,255.0,7.0,150.0,263.0
230440005140074,Urbana,0,Vila Velha,821,256.0,821.0,1391.67,1212.0,256.0,254.0,0.0,166.0,256.0
230440005140075,Urbana,0,Vila Velha,868,269.0,868.0,1394.5,1212.0,269.0,267.0,,179.0,269.0
230440005140076,Urbana,1,Vila Velha,977,340.0,977.0,1247.62,1212.0,340.0,83.0,7.0,246.0,340.0
230440005140077,Urbana,1,Vila Velha,268,85.0,268.0,1101.57,1212.0,85.0,25.0,6.0,73.0,83.0
230440005140078,Urbana,1,Vila Velha,118,32.0,118.0,1890.4,1700.0,32.0,22.0,,24.0,25.0
230440005140079,Urbana,4,Vila Velha,0,,,,,,,,,
230440005140080,Urbana,0,Vila Velha,630,217.0,630.0,1336.75,1212.0,217.0,215.0,0.0,126.0,217.0
230440005140081,Urbana,0,Vila Velha,746,260.0,746.0,1509.96,1200.0,260.0,258.0,,213.0,260.0
230440005140082,Urbana,0,Vila Velha,809,276.0,801.0,1409.1,1212.0,276.0,268.0,0.0,205.0,276.0
230440005140083,Urbana,0,Vila Velha,577,182.0,577.0,1429.41,1212.0,182.0,182.0,0.0,133.0,182.0
230440005140084,Urbana,1,Vila Velha,1084,302.0,1084.0,1551.45,1300.0,302.0,117.0,61.0,176.0,300.0
230440005140085,Urbana,0,Vila Velha,762,279.0,762.0,4576.31,4500.0,279.0,279.0,0.0,276.0,278.0
230440005140086,Urbana,0,Vila Velha,780,289.0,780.0,2675.51,1400.0,289.0,215.0,74.0,211.0,289.0
230440005140087,Urbana,0,Vila Velha,1446,463.0,1446.0,1985.73,1500.0,463.0,440.0,4.0,299.0,463.0
230440005140088,Urbana,0,Vila Velha,432,152.0,432.0,1685.71,1300.0,152.0,145.0,0.0,129.0,152.0
230440005140089,Urbana,0,Vila Velha,395,153.0,395.0,1607.69,1212.0,153.0,146.0,3.0,117.0,153.0
230440005140090,Urbana,0,Vila Velha,703,252.0,700.0,1864.86,1212.0,252.0,246.0,0.0,141.0,252.0
230440005140091,Urbana,1,Vila Velha,440,166.0,440.0,1214.76,1212.0,166.0,161.0,3.0,130.0,166.0
230440005140092,Urbana,0,Vila Velha,884,269.0,884.0,1348.4,1300.0,269.0,238.0,,179.0,269.0
230440005140093,Urbana,0,Vila Velha,1129,361.0,1129.0,1297.58,1212.0,361.0,359.0,,260.0,361.0
230440005140094,Urbana,1,Vila Velha,1056,365.0,1036.0,1210.24,1212.0,365.0,305.0,54.0,307.0,365.0
230440005140095,Urbana,1,Vila Velha,790,266.0,790.0,1054.34,1216.0,266.0,198.0,0.0,215.0,266.0
230440005140096,Urbana,1,Vila Velha,541,208.0,541.0,969.11,800.0,208.0,127.0,4.0,199.0,208.0
230440005140097,Urbana,0,Vila Velha,534,199.0,534.0,1702.32,1224.0,199.0,159.0,5.0,90.0,199.0
230440005140098,Urbana,1,Vila Velha,102,35.0,102.0,1082.0,1212.0,35.0,20.0,0.0,32.0,35.0
230440005140099,Urbana,4,Vila Velha,0,,,,,,,,,
230440005140100,Urbana,0,Jardim Guanabara,850,251.0,850.0,1984.53,1200.0,251.0,238.0,10.0,113.0,251.0
230440005140101,Urbana,0,Jardim Guanabara,595,212.0,595.0,1482.97,1212.0,212.0,211.0,0.0,143.0,212.0
230440005140102,Urbana,0,Jardim Guanabara,532,199.0,532.0,1498.77,1212.0,199.0,192.0,0.0,130.0,199.0
230440005140103,Urbana,1,Vila Velha,506,175.0,506.0,1145.83,1212.0,175.0,48.0,,150.0,175.0
230440005140104,Urbana,4,Vila Velha,0,,,,,,,,,
230440005140105,Urbana,4,Vila Velha,0,,,,,,,,,
230440005140106,Urbana,0,Vila Velha,283,86.0,283.0,1353.61,1212.0,86.0,84.0,,61.0,86.0
230440005140107,Urbana,0,Vila Velha,166,57.0,166.0,1475.5,1227.5,57.0,56.0,,50.0,55.0
230440005140108,Urbana,1,Vila Velha,192,57.0,192.0,1599.14,1220.0,57.0,45.0,3.0,38.0,57.0
230440005140109,Urbana,1,Vila Velha,69,21.0,69.0,1668.0,1212.0,21.0,6.0,0.0,17.0,21.0
230440005140110,Urbana,0,Vila Velha,77,33.0,77.0,1152.27,1212.0,33.0,29.0,0.0,32.0,33.0
230440005140111,Urbana,1,Vila Velha,1119,375.0,1119.0,1226.3,1212.0,375.0,84.0,4.0,317.0,375.0
230440005140112,Urbana,1,Vila Velha,249,71.0,249.0,1120.07,1212.0,71.0,30.0,4.0,63.0,71.0
230440005140113,Urbana,1,Vila Velha,154,48.0,154.0,1099.71,1212.0,48.0,,4.0,38.0,48.0
230440005140114,Urbana,1,Vila Velha,806,255.0,806.0,1153.59,1212.0,255.0,67.0,,227.0,253.0
230440005140115,Urbana,0,Vila Velha,160,51.0,160.0,1153.88,1212.0,51.0,47.0,,38.0,51.0
230440005140116,Urbana,1,Vila Velha,98,32.0,98.0,1209.76,1300.0,32.0,26.0,,31.0,32.0
230440005140117,Urbana,1,Vila Velha,251,81.0,251.0,1076.84,1200.0,81.0,6.0,0.0,72.0,81.0
230440005140118,Urbana,4,Vila Velha,0,,,,,,,,,
230440005140119,Urbana,0,Vila Velha,667,222.0,667.0,1385.16,1212.0,222.0,218.0,,191.0,222.0
230440005140120,Urbana,1,Barra do Ceará,376,114.0,376.0,1745.72,1213.5,114.0,112.0,0.0,106.0,114.0
230440005140121,Urbana,0,Barra do Ceará,283,99.0,283.0,1685.66,1212.0,99.0,99.0,0.0,80.0,99.0
230440005140122,Urbana,1,Jacarecanga,212,88.0,212.0,1027.71,1000.0,88.0,63.0,6.0,67.0,88.0
230440005140123,Urbana,0,Jacarecanga,280,103.0,280.0,2637.77,1212.0,103.0,91.0,10.0,61.0,103.0
230440005140124,Urbana,1,Barra do Ceará,182,63.0,182.0,1258.65,1212.0,63.0,57.0,,40.0,63.0
230440005140125,Urbana,0,Barra do Ceará,609,198.0,609.0,1318.9,1212.0,198.0,193.0,0.0,176.0,198.0
230440005140126,Urbana,1,Barra do Ceará,185,73.0,185.0,1206.93,1212.0,73.0,65.0,0.0,44.0,72.0
230440005140127,Urbana,0,Barra do Ceará,718,248.0,718.0,1530.15,1212.0,248.0,245.0,0.0,188.0,248.0
230440005140128,Urbana,1,Floresta,254,71.0,197.0,1088.33,1200.0,71.0,,65.0,68.0,71.0
230440005140129,Urbana,0,Floresta,760,289.0,760.0,1092.32,1200.0,289.0,288.0,0.0,277.0,289.0
230440005140130,Urbana,1,Floresta,330,145.0,330.0,1415.11,1302.0,145.0,130.0,,138.0,143.0
230440005140131,Urbana,1,Floresta,274,103.0,274.0,1563.88,1212.0,103.0,95.0,4.0,67.0,103.0
230440005140132,Urbana,1,Floresta,467,167.0,467.0,1307.27,1212.0,167.0,162.0,0.0,107.0,167.0
230440005140133,Urbana,1,Floresta,122,39.0,122.0,1389.24,1212.0,39.0,39.0,0.0,19.0,37.0
230440005140134,Urbana,1,Pirambu,263,87.0,263.0,1995.59,1212.0,87.0,78.0,0.0,72.0,85.0
230440005140135,Urbana,1,Pirambu,585,203.0,585.0,1390.91,1212.0,203.0,193.0,,165.0,203.0
230440005140136,Urbana,1,Cristo Redentor,504,179.0,504.0,1210.61,1212.0,179.0,173.0,0.0,161.0,179.0
230440005140137,Urbana,1,Cristo Redentor,420,127.0,420.0,1049.16,1000.0,127.0,123.0,,123.0,127.0
230440005140138,Urbana,1,Cristo Redentor,332,111.0,332.0,1670.37,1212.0,111.0,110.0,0.0,66.0,109.0
230440005140139,Urbana,1,Cristo Redentor,635,211.0,635.0,1693.98,1212.0,211.0,200.0,,135.0,211.0
230440005140140,Urbana,1,Barra do Ceará,516,184.0,516.0,1297.26,1212.0,184.0,159.0,10.0,164.0,183.0
230440005140141,Urbana,1,Barra do Ceará,340,121.0,340.0,1435.44,1300.0,121.0,112.0,,109.0,121.0
230440005140142,Urbana,1,Cristo Redentor,618,207.0,618.0,1379.09,1212.0,207.0,207.0,0.0,165.0,207.0
230440005140143,Urbana,1,Cristo Redentor,337,112.0,337.0,1642.88,1212.0,112.0,105.0,,96.0,112.0
230440005140144,Urbana,0,Floresta,489,187.0,489.0,1875.25,1212.0,187.0,178.0,8.0,78.0,187.0
230440005140145,Urbana,0,Floresta,355,126.0,355.0,1664.71,1220.0,126.0,108.0,13.0,86.0,126.0
230440005140146,Urbana,0,Jacarecanga,1300,467.0,1296.0,3279.35,2424.0,467.0,452.0,7.0,394.0,420.0
230440005140147,Urbana,0,Jacarecanga,620,250.0,620.0,4854.55,3500.0,250.0,246.0,,215.0,250.0
230440005140148,Urbana,0,Jacarecanga,1279,463.0,1279.0,4930.29,3000.0,463.0,454.0,,389.0,444.0
230440005140149,Urbana,0,Jacarecanga,898,349.0,892.0,3274.58,2500.0,349.0,325.0,11.0,36.0,349.0
230440005140150,Urbana,0,Jacarecanga,483,178.0,483.0,1946.0,1600.0,178.0,178.0,0.0,164.0,178.0
230440005140151,Urbana,0,Jacarecanga,611,202.0,611.0,1798.43,1212.0,202.0,180.0,,168.0,200.0
230440005140152,Urbana,0,Jacarecanga,1843,674.0,1843.0,8892.74,3800.0,674.0,664.0,10.0,652.0,674.0
230440005140153,Urbana,0,Jacarecanga,558,196.0,536.0,5317.81,3800.0,196.0,174.0,,124.0,172.0
230440005140154,Urbana,1,Jacarecanga,300,116.0,300.0,1165.55,1212.0,116.0,115.0,0.0,105.0,116.0
230440005140155,Urbana,1,Jacarecanga,574,211.0,574.0,1086.08,1212.0,211.0,209.0,0.0,198.0,211.0
230440005140156,Urbana,0,Jacarecanga,792,280.0,792.0,2651.03,1857.5,280.0,218.0,,213.0,191.0
230440005140157,Urbana,0,Jacarecanga,885,330.0,885.0,2986.95,2000.0,330.0,322.0,3.0,245.0,307.0
230440005140158,Urbana,1,Jacarecanga,663,220.0,663.0,1337.34,1200.0,220.0,220.0,0.0,168.0,220.0
230440005140159,Urbana,1,Jacarecanga,429,143.0,429.0,1201.94,1212.0,143.0,115.0,,119.0,143.0
230440005140160,Urbana,1,Cristo Redentor,265,89.0,265.0,1280.29,1212.0,89.0,87.0,0.0,62.0,89.0
230440005140161,Urbana,1,Cristo Redentor,792,252.0,792.0,1482.54,1250.0,252.0,252.0,0.0,130.0,252.0
230440005140162,Urbana,0,Barra do Ceará,610,177.0,610.0,1886.58,1212.0,177.0,172.0,,166.0,176.0
230440005140163,Urbana,0,Barra do Ceará,682,230.0,682.0,2026.04,1212.0,230.0,229.0,0.0,194.0,230.0
230440005140164,Urbana,1,Barra do Ceará,494,170.0,494.0,1194.48,1212.0,170.0,164.0,0.0,162.0,170.0
230440005140165,Urbana,1,Barra do Ceará,597,209.0,597.0,1127.56,1212.0,209.0,198.0,,184.0,209.0
230440005140166,Urbana,1,Carlito Pamplona,423,143.0,423.0,1395.77,1212.0,143.0,140.0,,120.0,143.0
230440005140167,Urbana,0,Carlito Pamplona,413,140.0,413.0,1741.35,1212.0,140.0,140.0,0.0,115.0,139.0
230440005140168,Urbana,1,Carlito Pamplona,231,78.0,231.0,1369.06,1212.0,78.0,77.0,0.0,56.0,75.0
230440005140169,Urbana,0,Carlito Pamplona,387,132.0,387.0,1448.78,1212.0,132.0,127.0,0.0,112.0,132.0
230440005140170,Urbana,1,Carlito Pamplona,95,35.0,95.0,1764.23,1400.0,35.0,21.0,,29.0,35.0
230440005140171,Urbana,0,Carlito Pamplona,367,119.0,367.0,1977.25,1212.0,119.0,116.0,,109.0,119.0
230440005140172,Urbana,1,Jacarecanga,250,104.0,250.0,1637.17,1212.0,104.0,96.0,0.0,73.0,103.0
230440005140173,Urbana,0,Jacarecanga,234,16.0,53.0,1054.13,1212.0,16.0,15.0,0.0,16.0,16.0
230440005140174,Urbana,1,Floresta,322,118.0,322.0,1487.53,1212.0,118.0,98.0,,84.0,118.0
230440005140175,Urbana,0,Floresta,446,164.0,446.0,1444.97,1205.0,164.0,140.0,7.0,91.0,162.0
230440005140176,Urbana,1,Barra do Ceará,237,75.0,237.0,3197.16,2000.0,75.0,73.0,,71.0,75.0
230440005140177,Urbana,0,Barra do Ceará,389,135.0,389.0,1803.03,1200.0,135.0,122.0,8.0,101.0,135.0
230440005140178,Urbana,0,Floresta,385,138.0,385.0,2208.78,1212.0,138.0,126.0,5.0,72.0,138.0
230440005140179,Urbana,1,Floresta,277,93.0,277.0,1389.24,1200.0,93.0,92.0,,84.0,93.0
230440005140180,Urbana,1,Barra do Ceará,426,145.0,426.0,1863.72,1500.0,145.0,142.0,0.0,127.0,145.0
230440005140181,Urbana,0,Barra do Ceará,428,159.0,428.0,1913.88,1212.0,159.0,156.0,,125.0,159.0
230440005140182,Urbana,1,Floresta,74,20.0,74.0,988.15,763.5,20.0,19.0,0.0,16.0,20.0
230440005140183,Urbana,1,Floresta,382,135.0,382.0,1155.52,1212.0,135.0,133.0,,113.0,135.0
230440005140184,Urbana,1,Floresta,223,74.0,223.0,1648.24,1400.0,74.0,69.0,,42.0,74.0
230440005140185,Urbana,1,Floresta,396,143.0,396.0,1216.41,1212.0,143.0,136.0,3.0,111.0,143.0
230440005140186,Urbana,1,Floresta,252,89.0,252.0,1332.12,1212.0,89.0,79.0,3.0,54.0,89.0
230440005140187,Urbana,1,Barra do Ceará,421,141.0,421.0,1269.83,1212.0,141.0,135.0,,130.0,140.0
230440005140188,Urbana,0,Cristo Redentor,194,66.0,194.0,1879.1,1212.0,66.0,62.0,0.0,39.0,66.0
230440005140189,Urbana,0,Barra do Ceará,739,223.0,739.0,1128.54,1212.0,223.0,220.0,0.0,179.0,223.0
230440005140190,Urbana,1,Barra do Ceará,270,98.0,270.0,1863.56,1212.0,98.0,98.0,0.0,77.0,98.0
230440005140191,Urbana,0,Barra do Ceará,227,84.0,227.0,2665.0,2000.0,84.0,81.0,,63.0,84.0
230440005140192,Urbana,1,Cristo Redentor,474,177.0,474.0,1625.25,1212.0,177.0,170.0,,115.0,177.0
230440005140193,Urbana,1,Floresta,187,70.0,187.0,870.7,600.0,70.0,69.0,,49.0,70.0
230440005140194,Urbana,0,Floresta,73,33.0,73.0,1207.14,1200.0,33.0,30.0,,27.0,31.0
230440005140195,Urbana,1,Floresta,524,180.0,524.0,1141.91,1212.0,180.0,165.0,,59.0,177.0
230440005140196,Urbana,1,Floresta,342,106.0,342.0,1160.94,1212.0,106.0,104.0,0.0,45.0,106.0
230440005140197,Urbana,1,Carlito Pamplona,832,292.0,832.0,1371.42,1200.0,292.0,75.0,4.0,268.0,291.0
230440005140198,Urbana,0,Carlito Pamplona,715,258.0,715.0,2481.22,1212.0,258.0,253.0,,205.0,241.0
230440005140199,Urbana,0,Carlito Pamplona,491,190.0,491.0,3375.53,2500.0,190.0,189.0,,162.0,190.0
230440005140200,Urbana,0,Carlito Pamplona,289,113.0,289.0,3147.14,2470.0,113.0,113.0,0.0,10.0,113.0
230440005140201,Urbana,1,Carlito Pamplona,786,276.0,786.0,1194.96,1200.0,276.0,265.0,,225.0,275.0
230440005140202,Urbana,1,Carlito Pamplona,624,235.0,624.0,1220.48,1212.0,235.0,222.0,4.0,207.0,233.0
230440005140203,Urbana,0,Carlito Pamplona,373,133.0,373.0,3780.57,3000.0,133.0,128.0,4.0,119.0,133.0
230440005140204,Urbana,0,Carlito Pamplona,1207,450.0,1207.0,2298.72,2001.0,450.0,448.0,,380.0,450.0
230440005140205,Urbana,1,Carlito Pamplona,520,185.0,520.0,1395.59,1200.0,185.0,184.0,0.0,174.0,185.0
230440005140206,Urbana,0,Carlito Pamplona,533,203.0,533.0,1760.79,1200.0,203.0,200.0,3.0,131.0,203.0
230440005140208,Urbana,0,Carlito Pamplona,400,155.0,400.0,1875.27,1300.0,155.0,153.0,,108.0,154.0
230440005140210,Urbana,0,Carlito Pamplona,631,215.0,631.0,1589.13,1212.0,215.0,213.0,,170.0,215.0
230440005140211,Urbana,1,Carlito Pamplona,241,83.0,241.0,1953.33,1212.0,83.0,81.0,0.0,68.0,83.0
230440005140212,Urbana,0,Carlito Pamplona,866,289.0,866.0,1636.2,1212.0,289.0,286.0,,186.0,288.0
230440005140213,Urbana,1,Carlito Pamplona,265,95.0,264.0,1596.41,1212.0,95.0,82.0,10.0,82.0,95.0
230440005140214,Urbana,1,Carlito Pamplona,509,180.0,509.0,989.93,1212.0,180.0,155.0,3.0,160.0,180.0
230440005140215,Urbana,1,Carlito Pamplona,618,215.0,618.0,1273.17,1212.0,215.0,210.0,,180.0,214.0
230440005140216,Urbana,1,Carlito Pamplona,590,219.0,590.0,1409.25,1212.0,219.0,207.0,6.0,200.0,219.0
230440005140217,Urbana,1,Carlito Pamplona,652,217.0,652.0,1621.78,1212.0,217.0,216.0,,186.0,215.0
230440005140218,Urbana,1,Carlito Pamplona,446,172.0,446.0,1120.32,1000.0,172.0,168.0,0.0,162.0,172.0
230440005140219,Urbana,1,Carlito Pamplona,616,209.0,613.0,1707.81,1212.0,209.0,171.0,35.0,155.0,209.0
230440005140220,Urbana,1,Pirambu,349,119.0,349.0,1532.41,1212.0,119.0,117.0,,101.0,119.0
230440005140221,Urbana,1,Pirambu,775,270.0,775.0,1643.28,1212.0,270.0,252.0,5.0,165.0,270.0
230440005140222,Urbana,1,Pirambu,764,251.0,764.0,1346.92,1212.0,251.0,132.0,5.0,195.0,248.0
230440005140223,Urbana,1,Pirambu,552,182.0,552.0,1479.8,1212.0,182.0,165.0,,154.0,181.0
230440005140224,Urbana,1,Pirambu,564,155.0,560.0,1194.3,1212.0,155.0,155.0,0.0,148.0,155.0
230440005140225,Urbana,1,Pirambu,317,117.0,317.0,1618.64,1212.0,117.0,117.0,0.0,98.0,117.0
230440005140226,Urbana,1,Pirambu,559,187.0,559.0,1515.93,1212.0,187.0,181.0,0.0,111.0,183.0
230440005140227,Urbana,1,Pirambu,683,255.0,683.0,1517.09,1212.0,255.0,237.0,15.0,172.0,255.0
230440005140228,Urbana,1,Pirambu,548,206.0,548.0,1551.71,1212.0,206.0,198.0,4.0,184.0,206.0
230440005140229,Urbana,1,Pirambu,587,199.0,587.0,1413.79,1212.0,199.0,190.0,7.0,172.0,199.0
230440005140230,Urbana,1,Pirambu,715,235.0,715.0,1644.81,1212.0,235.0,223.0,6.0,193.0,235.0
230440005140231,Urbana,1,Pirambu,528,160.0,528.0,1156.64,1212.0,160.0,156.0,0.0,143.0,160.0
230440005140232,Urbana,1,Pirambu,876,285.0,875.0,1207.26,1212.0,285.0,281.0,0.0,247.0,285.0
230440005140233,Urbana,1,Pirambu,460,154.0,460.0,1089.01,1250.0,154.0,95.0,0.0,121.0,154.0
230440005140234,Urbana,1,Pirambu,46,14.0,46.0,1466.15,1212.0,14.0,12.0,,14.0,14.0
230440005140235,Urbana,1,Pirambu,719,229.0,714.0,1303.22,1212.0,229.0,220.0,0.0,174.0,229.0
230440005140236,Urbana,1,Pirambu,706,247.0,706.0,1513.13,1212.0,247.0,201.0,46.0,184.0,247.0
230440005140237,Urbana,1,Pirambu,631,206.0,631.0,1504.17,1212.0,206.0,193.0,,159.0,206.0
230440005140238,Urbana,1,Pirambu,596,214.0,593.0,1322.12,1212.0,214.0,211.0,,126.0,213.0
230440005140239,Urbana,1,Pirambu,1151,372.0,1151.0,1097.44,1212.0,372.0,241.0,3.0,327.0,372.0
230440005140240,Urbana,1,Pirambu,513,170.0,508.0,1055.43,1212.0,170.0,60.0,0.0,159.0,170.0
230440005140241,Urbana,1,Álvaro Weyne,938,322.0,938.0,1347.35,1212.0,322.0,318.0,0.0,228.0,322.0
230440005140242,Urbana,1,Álvaro Weyne,702,256.0,702.0,1417.83,1246.0,256.0,248.0,3.0,172.0,256.0
230440005140243,Urbana,0,Álvaro Weyne,702,234.0,702.0,2059.68,1500.0,234.0,234.0,0.0,153.0,234.0
230440005140244,Urbana,0,Álvaro Weyne,461,164.0,461.0,1324.89,1212.0,164.0,161.0,,135.0,163.0
230440005140245,Urbana,1,Álvaro Weyne,511,167.0,511.0,1372.3,1212.0,167.0,162.0,0.0,134.0,166.0
230440005140246,Urbana,0,Álvaro Weyne,607,206.0,607.0,2105.11,1212.0,206.0,176.0,29.0,167.0,206.0
230440005140247,Urbana,0,Álvaro Weyne,667,237.0,667.0,2373.47,1550.0,237.0,234.0,0.0,174.0,237.0
230440005140248,Urbana,0,Álvaro Weyne,714,277.0,714.0,2393.3,1400.0,277.0,269.0,0.0,201.0,275.0
230440005140249,Urbana,0,Álvaro Weyne,643,244.0,643.0,1405.67,1212.0,244.0,236.0,,193.0,244.0
230440005140250,Urbana,1,Álvaro Weyne,834,284.0,834.0,1394.13,1212.0,284.0,274.0,4.0,226.0,284.0
230440005140251,Urbana,0,Álvaro Weyne,801,277.0,801.0,2181.93,1400.0,277.0,243.0,7.0,184.0,277.0
230440005140252,Urbana,0,Álvaro Weyne,859,299.0,859.0,2005.01,1245.5,299.0,292.0,,174.0,296.0
230440005140253,Urbana,0,Álvaro Weyne,602,212.0,602.0,2402.97,1200.0,212.0,192.0,0.0,132.0,212.0
230440005140254,Urbana,0,Álvaro Weyne,622,229.0,622.0,3066.98,2400.0,229.0,215.0,10.0,155.0,229.0
230440005140255,Urbana,0,Álvaro Weyne,605,206.0,602.0,5460.87,4500.0,206.0,206.0,0.0,201.0,206.0
230440005140256,Urbana,0,Álvaro Weyne,890,311.0,890.0,2176.56,1350.0,311.0,303.0,,237.0,310.0
230440005140257,Urbana,0,Álvaro Weyne,489,176.0,489.0,1876.85,1212.0,176.0,176.0,0.0,120.0,176.0
230440005140258,Urbana,0,Álvaro Weyne,696,253.0,696.0,2379.66,1500.0,253.0,247.0,,217.0,253.0
230440005140259,Urbana,0,Álvaro Weyne,903,295.0,903.0,2271.12,1330.0,295.0,289.0,,207.0,294.0
230440005140260,Urbana,0,Álvaro Weyne,1075,329.0,1072.0,1831.61,1212.0,329.0,325.0,,286.0,329.0
230440005140261,Urbana,0,Álvaro Weyne,216,75.0,216.0,3339.31,2424.0,75.0,73.0,,61.0,75.0
230440005140262,Urbana,0,Álvaro Weyne,962,322.0,957.0,3098.42,1800.0,322.0,312.0,3.0,258.0,320.0
230440005140263,Urbana,0,Álvaro Weyne,778,270.0,778.0,2590.67,1300.0,270.0,267.0,0.0,231.0,270.0
230440005140264,Urbana,0,Álvaro Weyne,713,260.0,713.0,2046.55,2000.0,260.0,254.0,3.0,191.0,259.0
230440005140265,Urbana,0,Álvaro Weyne,823,276.0,823.0,2396.49,1302.0,276.0,268.0,3.0,180.0,276.0
230440005140266,Urbana,0,Álvaro Weyne,890,319.0,890.0,1970.25,1212.0,319.0,311.0,0.0,239.0,319.0
230440005140267,Urbana,1,Cristo Redentor,716,243.0,716.0,1862.52,1212.0,243.0,241.0,,170.0,243.0
230440005140268,Urbana,1,Cristo Redentor,684,239.0,684.0,1644.84,1212.0,239.0,237.0,,212.0,238.0
230440005140269,Urbana,1,Cristo Redentor,906,302.0,906.0,1441.11,1212.0,302.0,299.0,,243.0,300.0
230440005140270,Urbana,1,Cristo Redentor,449,142.0,449.0,1332.3,1212.0,142.0,139.0,,128.0,125.0
230440005140271,Urbana,1,Cristo Redentor,348,123.0,348.0,1429.0,1200.0,123.0,122.0,0.0,102.0,123.0
230440005140272,Urbana,1,Cristo Redentor,750,248.0,750.0,1414.4,1212.0,248.0,245.0,0.0,184.0,246.0
230440005140273,Urbana,1,Cristo Redentor,607,189.0,607.0,1720.91,1200.0,189.0,182.0,0.0,174.0,189.0
230440005140274,Urbana,1,Cristo Redentor,628,211.0,628.0,1602.33,1212.0,211.0,209.0,0.0,175.0,211.0
230440005140275,Urbana,1,Cristo Redentor,857,251.0,857.0,1429.06,1215.0,251.0,240.0,,236.0,251.0
230440005140276,Urbana,4,Cristo Redentor,0,,,,,,,,,
230440005140277,Urbana,1,Cristo Redentor,536,169.0,536.0,1162.8,1212.0,169.0,154.0,,137.0,169.0
230440005140278,Urbana,1,Cristo Redentor,926,317.0,926.0,1335.88,1212.0,317.0,303.0,3.0,208.0,317.0
230440005140279,Urbana,1,Cristo Redentor,925,304.0,925.0,1383.58,1212.0,304.0,278.0,,229.0,303.0
230440005140280,Urbana,1,Cristo Redentor,798,258.0,798.0,1608.78,1250.0,258.0,256.0,0.0,190.0,258.0
230440005140281,Urbana,1,Cristo Redentor,720,239.0,720.0,1502.94,1212.0,239.0,234.0,0.0,170.0,239.0
230440005140282,Urbana,1,Cristo Redentor,449,178.0,449.0,1678.37,1220.0,178.0,177.0,0.0,174.0,178.0
230440005140283,Urbana,1,Cristo Redentor,195,70.0,195.0,1536.36,1212.0,70.0,70.0,0.0,57.0,70.0
230440005140284,Urbana,0,Cristo Redentor,282,98.0,282.0,2292.91,1800.0,98.0,98.0,0.0,80.0,98.0
230440005140285,Urbana,0,Cristo Redentor,723,255.0,723.0,1814.34,1212.0,255.0,238.0,5.0,230.0,255.0
230440005140286,Urbana,1,Cristo Redentor,670,225.0,670.0,1659.61,1200.0,225.0,219.0,0.0,209.0,225.0
230440005140287,Urbana,1,Cristo Redentor,507,153.0,507.0,1422.34,1250.0,153.0,153.0,0.0,141.0,153.0
230440005140288,Urbana,1,Cristo Redentor,754,260.0,754.0,1551.52,1250.0,260.0,260.0,0.0,199.0,260.0
230440005140289,Urbana,1,Cristo Redentor,572,178.0,572.0,1408.62,1300.0,178.0,176.0,0.0,145.0,178.0
230440005140290,Urbana,1,Cristo Redentor,813,278.0,813.0,1766.82,1212.0,278.0,278.0,0.0,177.0,278.0
230440005140291,Urbana,0,Cristo Redentor,1443,527.0,1443.0,3562.5,2500.0,527.0,518.0,,457.0,525.0
230440005140292,Urbana,1,Floresta,394,126.0,394.0,1499.22,1212.0,126.0,117.0,7.0,98.0,126.0
230440005140293,Urbana,0,Floresta,675,236.0,675.0,1606.86,1212.0,236.0,214.0,,166.0,236.0
230440005140294,Urbana,0,Floresta,603,222.0,603.0,1696.81,1210.0,222.0,221.0,,188.0,222.0
230440005140295,Urbana,0,Floresta,773,287.0,773.0,1799.65,1200.0,287.0,287.0,0.0,242.0,287.0
230440005140296,Urbana,0,Floresta,390,122.0,390.0,2104.67,1212.0,122.0,120.0,0.0,104.0,122.0
230440005140297,Urbana,0,Floresta,480,150.0,479.0,2191.08,1356.0,150.0,144.0,6.0,75.0,150.0
230440005140298,Urbana,1,Floresta,292,102.0,292.0,1146.32,1200.0,102.0,66.0,,74.0,102.0
230440005140299,Urbana,1,Floresta,1099,407.0,1098.0,1394.54,1200.0,407.0,356.0,43.0,314.0,407.0
230440005140300,Urbana,1,Floresta,496,166.0,496.0,1272.52,1212.0,166.0,156.0,3.0,79.0,166.0
230440005140301,Urbana,1,Floresta,701,223.0,701.0,1027.74,1212.0,223.0,201.0,3.0,78.0,223.0
230440005140302,Urbana,1,Floresta,657,228.0,657.0,1126.41,1212.0,228.0,227.0,,117.0,228.0
230440005140303,Urbana,1,Floresta,271,89.0,271.0,1271.49,1212.0,89.0,82.0,4.0,61.0,89.0
230440005140304,Urbana,0,Floresta,516,181.0,516.0,1723.46,1212.0,181.0,180.0,0.0,117.0,181.0
230440005140305,Urbana,0,Floresta,223,77.0,223.0,1626.43,1212.0,77.0,77.0,0.0,72.0,77.0
230440005140306,Urbana,1,Floresta,681,224.0,681.0,1934.64,1221.0,224.0,184.0,12.0,194.0,224.0
230440005140307,Urbana,0,Floresta,1548,509.0,1548.0,1932.16,1220.0,509.0,490.0,7.0,472.0,508.0
230440005140308,Urbana,1,Floresta,571,190.0,571.0,1237.05,1212.0,190.0,141.0,39.0,84.0,190.0
230440005140309,Urbana,0,Floresta,951,357.0,951.0,1523.9,1212.0,357.0,340.0,6.0,259.0,354.0
230440005140310,Urbana,0,Jardim Iracema,241,85.0,241.0,1307.29,1212.0,85.0,80.0,,63.0,85.0
230440005140311,Urbana,0,Jardim Iracema,391,126.0,391.0,1744.72,1212.0,126.0,112.0,0.0,69.0,126.0
230440005140312,Urbana,0,Jardim Iracema,978,342.0,978.0,1729.05,1212.0,342.0,334.0,4.0,259.0,340.0
230440005140313,Urbana,0,Jardim Iracema,777,271.0,777.0,1863.51,1212.0,271.0,259.0,5.0,202.0,271.0
230440005140314,Urbana,0,Jardim Iracema,321,106.0,321.0,1682.01,1230.0,106.0,95.0,6.0,84.0,105.0
230440005140315,Urbana,0,Jardim Iracema,310,110.0,310.0,1628.21,1212.0,110.0,109.0,,75.0,110.0
230440005140316,Urbana,0,Jardim Iracema,859,290.0,859.0,1761.06,1212.0,290.0,289.0,0.0,187.0,289.0
230440005140317,Urbana,0,Jardim Iracema,295,146.0,295.0,1671.56,1200.0,146.0,141.0,3.0,125.0,146.0
230440005140318,Urbana,0,Jardim Iracema,427,147.0,427.0,1317.26,1200.0,147.0,146.0,0.0,86.0,147.0
230440005140319,Urbana,0,Jardim Iracema,807,260.0,807.0,1858.26,1212.0,260.0,232.0,0.0,94.0,259.0
230440005140320,Urbana,0,Jardim Iracema,302,110.0,302.0,2063.18,1212.0,110.0,101.0,,67.0,110.0
230440005140321,Urbana,0,Jardim Iracema,670,243.0,670.0,1898.02,1300.0,243.0,231.0,4.0,88.0,243.0
230440005140322,Urbana,0,Jardim Iracema,905,320.0,905.0,1755.36,1212.0,320.0,297.0,,197.0,320.0
230440005140323,Urbana,0,Jardim Iracema,463,166.0,463.0,1559.04,1200.0,166.0,161.0,,113.0,166.0
230440005140324,Urbana,0,Jardim Iracema,688,242.0,688.0,1781.85,1212.0,242.0,240.0,0.0,198.0,241.0
230440005140325,Urbana,0,Jardim Iracema,545,188.0,545.0,1464.34,1212.0,188.0,187.0,0.0,115.0,188.0
230440005140326,Urbana,0,Jardim Iracema,662,212.0,662.0,1580.81,1212.0,212.0,205.0,0.0,177.0,210.0
230440005140327,Urbana,0,Jardim Iracema,753,254.0,753.0,1682.7,1212.0,254.0,227.0,3.0,199.0,253.0
230440005140328,Urbana,1,Jardim Iracema,152,56.0,152.0,1122.36,1212.0,56.0,56.0,0.0,55.0,56.0
230440005140329,Urbana,1,Jardim Iracema,182,66.0,182.0,1541.51,1212.0,66.0,63.0,0.0,64.0,66.0
230440005140330,Urbana,0,Jardim Iracema,643,233.0,643.0,1398.88,1212.0,233.0,223.0,,159.0,233.0
230440005140331,Urbana,0,Jardim Iracema,611,213.0,611.0,1772.69,1212.0,213.0,209.0,,155.0,213.0
230440005140332,Urbana,0,Jardim Iracema,496,174.0,496.0,1574.73,1212.0,174.0,161.0,0.0,135.0,174.0
230440005140333,Urbana,0,Jardim Iracema,974,339.0,974.0,1772.48,1212.0,339.0,316.0,6.0,268.0,339.0
230440005140334,Urbana,0,Jardim Iracema,745,254.0,742.0,1142.45,1212.0,254.0,253.0,0.0,148.0,254.0
230440005140335,Urbana,0,Barra do Ceará,511,188.0,511.0,2011.14,1212.0,188.0,186.0,,124.0,186.0
230440005140336,Urbana,0,Barra do Ceará,621,214.0,621.0,1510.87,1212.0,214.0,208.0,,120.0,214.0
230440005140337,Urbana,0,Barra do Ceará,198,70.0,194.0,1745.9,1200.0,70.0,64.0,,38.0,70.0
230440005140338,Urbana,1,Barra do Ceará,478,182.0,478.0,1198.39,1212.0,182.0,182.0,0.0,136.0,181.0
230440005140339,Urbana,1,Barra do Ceará,466,170.0,466.0,1195.14,1200.0,170.0,168.0,,106.0,147.0
230440005140340,Urbana,0,Barra do Ceará,479,182.0,479.0,1574.61,1212.0,182.0,181.0,,111.0,182.0
230440005140341,Urbana,1,Barra do Ceará,384,138.0,384.0,1145.06,1212.0,138.0,138.0,0.0,114.0,138.0
230440005140342,Urbana,0,Barra do Ceará,764,266.0,764.0,1579.92,1212.0,266.0,265.0,0.0,246.0,266.0
230440005140343,Urbana,0,Barra do Ceará,243,86.0,243.0,1332.46,1212.0,86.0,85.0,,53.0,86.0
230440005140344,Urbana,0,Barra do Ceará,645,249.0,645.0,1694.4,1212.0,249.0,228.0,4.0,147.0,248.0
230440005140345,Urbana,0,Barra do Ceará,831,310.0,831.0,1743.24,1212.0,310.0,279.0,12.0,177.0,308.0
230440005140346,Urbana,1,Barra do Ceará,168,66.0,159.0,1650.63,1200.0,66.0,66.0,0.0,63.0,66.0
230440005140347,Urbana,0,Barra do Ceará,931,315.0,931.0,1694.26,1212.0,315.0,287.0,23.0,257.0,314.0
230440005140348,Urbana,0,Barra do Ceará,657,219.0,657.0,1519.01,1212.0,219.0,216.0,0.0,180.0,219.0
230440005140349,Urbana,1,Barra do Ceará,173,64.0,173.0,1798.66,1250.0,64.0,62.0,0.0,5.0,63.0
230440005140350,Urbana,0,Barra do Ceará,456,178.0,456.0,1423.38,1212.0,178.0,162.0,,135.0,178.0
230440005140351,Urbana,1,Barra do Ceará,368,140.0,368.0,1430.76,1220.0,140.0,136.0,0.0,95.0,140.0
230440005140352,Urbana,0,Barra do Ceará,457,165.0,457.0,1596.56,1200.0,165.0,148.0,7.0,112.0,165.0
230440005140353,Urbana,0,Barra do Ceará,970,315.0,970.0,1150.48,1200.0,315.0,305.0,7.0,176.0,314.0
230440005140354,Urbana,0,Barra do Ceará,301,102.0,301.0,1655.68,1200.0,102.0,73.0,0.0,91.0,102.0
230440005140355,Urbana,1,Barra do Ceará,955,298.0,955.0,1357.14,1200.0,298.0,278.0,4.0,238.0,298.0
230440005140356,Urbana,1,Barra do Ceará,816,276.0,816.0,1317.39,1212.0,276.0,260.0,13.0,232.0,276.0
230440005140357,Urbana,1,Barra do Ceará,702,226.0,702.0,1748.98,1212.0,226.0,224.0,0.0,209.0,226.0
230440005140358,Urbana,0,Barra do Ceará,823,281.0,823.0,2082.88,1500.0,281.0,281.0,0.0,248.0,281.0
230440005140359,Urbana,0,Barra do Ceará,1103,355.0,1102.0,1898.9,1500.0,355.0,351.0,,336.0,355.0
230440005140360,Urbana,1,Barra do Ceará,646,225.0,646.0,1232.59,1212.0,225.0,186.0,,194.0,225.0
230440005140361,Urbana,1,Barra do Ceará,585,185.0,585.0,946.11,1212.0,185.0,154.0,0.0,165.0,185.0
230440005140362,Urbana,1,Barra do Ceará,622,201.0,619.0,1476.92,1205.5,201.0,200.0,0.0,175.0,201.0
230440005140363,Urbana,0,Barra do Ceará,635,232.0,635.0,1753.78,1212.0,232.0,224.0,,110.0,232.0
230440005140364,Urbana,0,Barra do Ceará,760,263.0,760.0,1584.02,1212.0,263.0,257.0,0.0,209.0,263.0
230440005140365,Urbana,0,Barra do Ceará,557,184.0,557.0,2344.11,1500.0,184.0,181.0,0.0,133.0,184.0
230440005140366,Urbana,1,Barra do Ceará,797,273.0,797.0,1461.44,1200.0,273.0,269.0,,224.0,273.0
230440005140367,Urbana,1,Barra do Ceará,242,83.0,242.0,1175.46,1200.0,83.0,80.0,,77.0,83.0
230440005140368,Urbana,1,Barra do Ceará,458,150.0,458.0,1517.67,1220.0,150.0,150.0,0.0,145.0,149.0
230440005140369,Urbana,1,Barra do Ceará,549,184.0,549.0,1485.28,1220.0,184.0,184.0,0.0,181.0,184.0
230440005140370,Urbana,1,Barra do Ceará,743,253.0,743.0,1310.62,1212.0,253.0,225.0,6.0,217.0,253.0
230440005140371,Urbana,1,Barra do Ceará,442,156.0,442.0,1513.96,1200.0,156.0,153.0,,152.0,156.0
230440005140372,Urbana,0,Barra do Ceará,140,44.0,140.0,2134.93,1212.0,44.0,30.0,,30.0,43.0
230440005140373,Urbana,1,Barra do Ceará,706,246.0,706.0,2047.74,1212.0,246.0,246.0,0.0,190.0,246.0
230440005140374,Urbana,1,Barra do Ceará,770,261.0,770.0,1138.97,1212.0,261.0,243.0,,239.0,261.0
230440005140375,Urbana,1,Barra do Ceará,578,191.0,578.0,1376.77,1212.0,191.0,178.0,9.0,160.0,190.0
230440005140376,Urbana,1,Barra do Ceará,638,218.0,638.0,1320.28,1212.0,218.0,99.0,,180.0,217.0
230440005140377,Urbana,1,Barra do Ceará,275,96.0,275.0,1016.65,1200.0,96.0,45.0,0.0,62.0,96.0
230440005140378,Urbana,1,Barra do Ceará,828,257.0,828.0,1065.45,1200.0,257.0,244.0,11.0,214.0,257.0
230440005140379,Urbana,1,Barra do Ceará,1193,390.0,1193.0,1108.38,1212.0,390.0,384.0,3.0,333.0,390.0
230440005140380,Urbana,1,Barra do Ceará,609,195.0,609.0,1097.55,1200.0,195.0,184.0,,159.0,195.0
230440005140381,Urbana,0,Barra do Ceará,696,250.0,696.0,3288.21,2424.0,250.0,248.0,0.0,236.0,249.0
230440005140382,Urbana,0,Barra do Ceará,730,250.0,730.0,2482.66,1500.0,250.0,243.0,3.0,211.0,250.0
230440005140383,Urbana,1,Barra do Ceará,493,157.0,493.0,1544.04,1250.0,157.0,156.0,0.0,120.0,157.0
230440005140384,Urbana,1,Barra do Ceará,224,89.0,224.0,1468.62,1200.0,89.0,89.0,0.0,70.0,88.0
230440005140385,Urbana,0,Barra do Ceará,430,145.0,430.0,2144.83,1212.0,145.0,139.0,,119.0,144.0
230440005140386,Urbana,0,Barra do Ceará,652,229.0,652.0,1703.37,1212.0,229.0,229.0,0.0,189.0,229.0
230440005140387,Urbana,0,Barra do Ceará,466,161.0,466.0,1918.21,1212.0,161.0,152.0,3.0,130.0,161.0
230440005140388,Urbana,0,Barra do Ceará,428,141.0,428.0,1791.64,1212.0,141.0,139.0,0.0,110.0,141.0
230440005140389,Urbana,0,Barra do Ceará,970,344.0,970.0,2424.35,1500.0,344.0,263.0,78.0,245.0,344.0
230440005140390,Urbana,0,Jacarecanga,409,138.0,409.0,4988.32,4500.0,138.0,138.0,0.0,138.0,138.0
230440005140391,Urbana,0,Jacarecanga,391,149.0,391.0,5341.34,5000.0,149.0,130.0,18.0,145.0,149.0
230440005140392,Urbana,0,Carlito Pamplona,779,251.0,722.0,3556.68,2000.0,251.0,248.0,0.0,200.0,251.0
230440005140393,Urbana,0,Carlito Pamplona,646,236.0,646.0,1627.18,1212.0,236.0,226.0,0.0,195.0,236.0
230440005140394,Urbana,0,Carlito Pamplona,405,157.0,405.0,2637.29,2000.0,157.0,157.0,0.0,157.0,155.0
230440005140395,Urbana,0,Carlito Pamplona,514,195.0,514.0,2775.15,2000.0,195.0,195.0,0.0,193.0,195.0
230440005140396,Urbana,0,Carlito Pamplona,165,59.0,165.0,2145.63,2000.0,59.0,54.0,,42.0,58.0
230440005140397,Urbana,1,Carlito Pamplona,290,100.0,290.0,1158.05,1200.0,100.0,99.0,0.0,94.0,100.0
230440005140398,Urbana,0,Carlito Pamplona,689,237.0,689.0,1796.16,1212.0,237.0,236.0,0.0,188.0,235.0
230440005140399,Urbana,0,Carlito Pamplona,237,90.0,237.0,2135.37,1220.0,90.0,85.0,,75.0,90.0
230440005140400,Urbana,0,Carlito Pamplona,813,272.0,805.0,2119.22,1300.0,272.0,265.0,0.0,216.0,272.0
230440005140401,Urbana,0,Carlito Pamplona,186,63.0,186.0,2042.29,1215.0,63.0,59.0,0.0,54.0,63.0
230440005140402,Urbana,1,Pirambu,689,242.0,689.0,1550.02,1212.0,242.0,236.0,0.0,200.0,242.0
230440005140403,Urbana,0,Álvaro Weyne,487,171.0,487.0,1283.13,1212.0,171.0,169.0,0.0,148.0,170.0
230440005140404,Urbana,0,Álvaro Weyne,274,86.0,274.0,1921.5,1212.0,86.0,79.0,5.0,52.0,84.0
230440005140405,Urbana,0,Álvaro Weyne,834,290.0,834.0,1845.88,1200.0,290.0,254.0,13.0,191.0,289.0
230440005140406,Urbana,0,Álvaro Weyne,664,218.0,664.0,2628.6,2000.0,218.0,208.0,3.0,167.0,217.0
230440005140407,Urbana,0,Álvaro Weyne,293,111.0,293.0,2868.49,2000.0,111.0,106.0,,36.0,111.0
230440005140408,Urbana,1,Cristo Redentor,541,185.0,541.0,1395.88,1212.0,185.0,185.0,0.0,174.0,185.0
230440005140409,Urbana,1,Cristo Redentor,566,189.0,566.0,1429.44,1250.0,189.0,188.0,0.0,144.0,189.0
230440005140410,Urbana,0,Cristo Redentor,881,302.0,881.0,1127.07,1212.0,302.0,280.0,,267.0,302.0
230440005140411,Urbana,0,Floresta,541,179.0,541.0,1639.78,1212.0,179.0,169.0,,149.0,179.0
230440005140412,Urbana,4,Floresta,5,,,,,,,,,
230440005140413,Urbana,0,Floresta,618,201.0,618.0,1642.86,1212.0,201.0,201.0,0.0,162.0,201.0
230440005140414,Urbana,0,Floresta,577,240.0,577.0,1744.74,1212.0,240.0,230.0,,203.0,240.0
230440005140415,Urbana,0,Floresta,647,230.0,647.0,1715.82,1212.0,230.0,228.0,,135.0,230.0
230440005140416,Urbana,0,Floresta,635,214.0,635.0,1421.15,1212.0,214.0,209.0,0.0,156.0,212.0
230440005140417,Urbana,1,Floresta,449,163.0,449.0,1124.67,1212.0,163.0,156.0,4.0,88.0,163.0
230440005140418,Urbana,1,Floresta,648,222.0,648.0,1090.96,1212.0,222.0,177.0,26.0,107.0,222.0
230440005140419,Urbana,0,Jardim Iracema,700,248.0,700.0,1624.35,1212.0,248.0,244.0,,178.0,248.0
230440005140420,Urbana,0,Jardim Iracema,592,187.0,587.0,1647.73,1212.0,187.0,174.0,11.0,128.0,187.0
230440005140421,Urbana,0,Jardim Iracema,779,260.0,779.0,1814.2,1200.0,260.0,238.0,,210.0,260.0
230440005140422,Urbana,1,Jardim Iracema,325,112.0,325.0,1156.8,1212.0,112.0,94.0,,108.0,112.0
230440005140423,Urbana,0,Jardim Iracema,616,217.0,616.0,1382.38,1212.0,217.0,209.0,,178.0,216.0
230440005140424,Urbana,0,Barra do Ceará,377,154.0,377.0,1899.16,1300.0,154.0,141.0,,46.0,154.0
230440005140425,Urbana,0,Barra do Ceará,629,219.0,629.0,1530.02,1300.0,219.0,183.0,26.0,136.0,219.0
230440005140426,Urbana,0,Barra do Ceará,960,324.0,960.0,1038.88,1212.0,324.0,324.0,0.0,210.0,324.0
230440005140427,Urbana,0,Barra do Ceará,672,227.0,672.0,1782.57,1375.0,227.0,225.0,0.0,207.0,227.0
230440005140428,Urbana,1,Barra do Ceará,353,109.0,353.0,1118.51,1212.0,109.0,92.0,0.0,78.0,106.0
230440005140429,Urbana,0,Barra do Ceará,263,86.0,263.0,3379.92,2400.0,86.0,84.0,0.0,71.0,86.0
230440005140430,Urbana,0,Barra do Ceará,1097,392.0,1093.0,2942.5,2000.0,392.0,367.0,,353.0,391.0
230440005140431,Urbana,1,Barra do Ceará,493,163.0,493.0,1182.28,1212.0,163.0,137.0,0.0,137.0,161.0
230440005140432,Urbana,1,Barra do Ceará,559,190.0,559.0,1124.52,1212.0,190.0,145.0,3.0,154.0,163.0
230440005140433,Urbana,1,Barra do Ceará,269,85.0,269.0,1136.31,1210.0,85.0,64.0,10.0,74.0,83.0
230440005140434,Urbana,1,Barra do Ceará,565,195.0,565.0,1716.98,1212.0,195.0,187.0,,171.0,195.0
230440005140435,Urbana,1,Barra do Ceará,540,182.0,540.0,1468.13,1212.0,182.0,182.0,0.0,164.0,182.0
230440005140436,Urbana,1,Barra do Ceará,703,238.0,703.0,1330.88,1212.0,238.0,230.0,,190.0,238.0
230440005140437,Urbana,1,Barra do Ceará,912,276.0,911.0,1779.1,1200.0,276.0,273.0,,256.0,276.0
230440005140438,Urbana,0,Barra do Ceará,764,259.0,764.0,3549.6,1951.0,259.0,228.0,14.0,220.0,258.0
230440005140439,Urbana,1,Barra do Ceará,713,250.0,711.0,1631.45,1212.0,250.0,242.0,0.0,226.0,250.0
230440005140440,Urbana,1,Barra do Ceará,695,234.0,695.0,1228.07,1212.0,234.0,229.0,,165.0,234.0
230440005140441,Urbana,1,Barra do Ceará,986,341.0,986.0,1358.63,1212.0,341.0,319.0,3.0,285.0,340.0
230440005140442,Urbana,0,Barra do Ceará,833,258.0,833.0,1519.67,1212.0,258.0,255.0,0.0,189.0,257.0
230440005140443,Urbana,1,Cristo Redentor,679,217.0,679.0,1142.79,1024.0,217.0,207.0,3.0,201.0,217.0
230440005140444,Urbana,0,Carlito Pamplona,625,250.0,625.0,1343.59,1212.0,250.0,238.0,9.0,220.0,250.0
230440005140445,Urbana,0,Carlito Pamplona,524,166.0,524.0,1351.57,1200.0,166.0,156.0,0.0,163.0,164.0
230440005140446,Urbana,1,Barra do Ceará,798,283.0,789.0,1166.03,1212.0,283.0,209.0,3.0,219.0,283.0
230440005140447,Urbana,1,Barra do Ceará,120,43.0,120.0,1224.63,1200.0,43.0,42.0,0.0,30.0,43.0
230440005140448,Urbana,1,Barra do Ceará,318,112.0,318.0,1245.35,1212.0,112.0,112.0,0.0,72.0,112.0
230440005140449,Urbana,1,Barra do Ceará,339,118.0,339.0,1587.95,1212.0,118.0,118.0,0.0,105.0,118.0
230440005140450,Urbana,1,Jardim Iracema,145,60.0,145.0,1565.32,1212.0,60.0,57.0,0.0,49.0,60.0
230440005140451,Urbana,1,Jardim Iracema,131,47.0,131.0,1273.26,1212.0,47.0,38.0,0.0,42.0,47.0
230440005140454,Urbana,1,Álvaro Weyne,41,14.0,41.0,1830.86,1500.0,14.0,14.0,0.0,12.0,14.0
230440005140455,Urbana,0,Barra do Ceará,68,19.0,68.0,2585.33,1200.0,19.0,11.0,0.0,9.0,19.0
230440005140456,Urbana,1,Floresta,143,51.0,143.0,1441.78,1212.0,51.0,51.0,0.0,43.0,51.0
230440005140457,Urbana,1,Floresta,374,130.0,370.0,1157.76,1212.0,130.0,72.0,0.0,106.0,126.0
230440005140458,Urbana,1,Floresta,104,38.0,104.0,1308.84,1200.0,38.0,37.0,0.0,36.0,38.0
230440005140459,Urbana,0,Floresta,193,73.0,193.0,1954.38,1400.0,73.0,72.0,0.0,48.0,73.0
230440005140460,Urbana,1,Floresta,116,48.0,116.0,1348.42,1212.0,48.0,48.0,0.0,43.0,48.0
230440005140461,Urbana,0,Jardim Iracema,313,112.0,313.0,1836.43,1212.0,112.0,87.0,12.0,67.0,112.0
230440005140462,Urbana,0,Carlito Pamplona,662,241.0,662.0,1144.13,1200.0,241.0,230.0,,237.0,241.0
230440005140463,Urbana,4,Barra do Ceará,0,,,,,,,,,
230440005140464,Urbana,0,Barra do Ceará,273,101.0,273.0,1849.85,1215.0,101.0,99.0,0.0,47.0,101.0
230440005140465,Urbana,0,Barra do Ceará,691,237.0,691.0,1539.02,1212.0,237.0,237.0,0.0,225.0,237.0
230440005140466,Urbana,0,Barra do Ceará,546,191.0,546.0,1317.45,1212.0,191.0,191.0,0.0,128.0,191.0
230440005140467,Urbana,0,Carlito Pamplona,427,185.0,427.0,1118.64,1212.0,185.0,177.0,7.0,185.0,185.0
230440005140468,Urbana,1,Barra do Ceará,378,137.0,378.0,1298.67,1212.0,137.0,136.0,0.0,120.0,137.0
230440005140469,Urbana,4,Barra do Ceará,0,,,,,,,,,
230440005140470,Urbana,1,Barra do Ceará,154,44.0,154.0,1434.32,1212.0,44.0,33.0,0.0,37.0,44.0
230440005140471,Urbana,0,Floresta,274,146.0,274.0,1753.72,1200.0,146.0,144.0,0.0,131.0,146.0
230440005140472,Urbana,4,Floresta,8,,,,,,,,,
230440005140473,Urbana,4,Barra do Ceará,0,,,,,,,,,
230440005140474,Urbana,1,Barra do Ceará,205,76.0,205.0,1227.89,1212.0,76.0,76.0,0.0,69.0,76.0
230440005140475,Urbana,1,Barra do Ceará,221,87.0,221.0,1470.54,1212.0,87.0,87.0,0.0,79.0,86.0
230440005140476,Urbana,1,Floresta,281,100.0,281.0,1518.45,1200.0,100.0,68.0,,86.0,100.0
230440005140477,Urbana,1,Barra do Ceará,399,147.0,399.0,1230.96,1200.0,147.0,143.0,,129.0,90.0
230440005140478,Urbana,0,Jacarecanga,52,16.0,52.0,1201.43,1212.0,16.0,16.0,0.0,13.0,14.0
230440005140479,Urbana,0,Álvaro Weyne,46,17.0,46.0,2364.93,1212.0,17.0,17.0,0.0,5.0,17.0
230440005140480,Urbana,1,Cristo Redentor,157,57.0,157.0,1347.41,1220.0,57.0,53.0,0.0,51.0,56.0
230440005140481,Urbana,0,Cristo Redentor,618,200.0,618.0,2342.04,1600.0,200.0,200.0,0.0,185.0,200.0
230440005140482,Urbana,1,Barra do Ceará,431,157.0,431.0,1364.82,1212.0,157.0,108.0,7.0,108.0,157.0
230440005140483,Urbana,1,Barra do Ceará,159,57.0,159.0,1416.12,1212.0,57.0,48.0,,46.0,56.0
230440005140484,Urbana,4,Barra do Ceará,17,,,,,,,,,
230440005140485,Urbana,4,Barra do Ceará,0,,,,,,,,,
230440005140486,Urbana,0,Álvaro Weyne,211,74.0,211.0,1821.12,1221.0,74.0,49.0,0.0,45.0,74.0
230440005140487,Urbana,4,Carlito Pamplona,0,,,,,,,,,
230440005140488,Urbana,1,Cristo Redentor,199,66.0,199.0,833.08,800.0,66.0,65.0,0.0,6.0,66.0
230440005140489,Urbana,1,Cristo Redentor,110,39.0,110.0,1328.21,1250.0,39.0,39.0,0.0,28.0,39.0
230440005140490,Urbana,0,Floresta,424,140.0,424.0,1214.96,1212.0,140.0,140.0,0.0,119.0,140.0
230440005140491,Urbana,1,Barra do Ceará,93,33.0,93.0,1236.48,1000.0,33.0,29.0,3.0,18.0,33.0
230440005140492,Urbana,1,Barra do Ceará,416,134.0,416.0,1175.14,1212.0,134.0,131.0,,93.0,134.0
230440005140493,Urbana,1,Floresta,71,23.0,71.0,1035.83,1200.0,23.0,19.0,0.0,18.0,23.0
230440005140494,Urbana,4,Pirambu,0,,,,,,,,,
230440005140495,Urbana,0,Barra do Ceará,433,156.0,433.0,1916.98,1500.0,156.0,3.0,0.0,,154.0
230440005140496,Urbana,0,Barra do Ceará,126,43.0,126.0,2121.35,1250.0,43.0,13.0,18.0,30.0,43.0
230440005140497,Urbana,1,Barra do Ceará,484,174.0,484.0,1291.01,1212.0,174.0,139.0,,155.0,174.0
230440005140498,Urbana,0,Barra do Ceará,746,237.0,746.0,1425.29,1212.0,237.0,231.0,0.0,197.0,237.0
230440005140499,Urbana,4,Barra do Ceará,0,,,,,,,,,
230440005140500,Urbana,1,Carlito Pamplona,459,165.0,459.0,1675.14,1212.0,165.0,152.0,0.0,126.0,141.0
230440005140501,Urbana,0,Carlito Pamplona,372,124.0,372.0,1218.29,1200.0,124.0,122.0,0.0,99.0,124.0
230440005140502,Urbana,0,Carlito Pamplona,155,63.0,155.0,1791.64,1212.0,63.0,61.0,0.0,50.0,63.0
230440005140503,Urbana,0,Barra do Ceará,163,56.0,163.0,1719.57,1200.0,56.0,55.0,0.0,32.0,56.0
230440005140504,Urbana,4,Barra do Ceará,14,,,,,,,,,
230440005140505,Urbana,4,Barra do Ceará,0,,,,,,,,,
230440005140506,Urbana,1,Barra do Ceará,305,104.0,305.0,1261.15,1212.0,104.0,102.0,,98.0,104.0
230440005140507,Urbana,1,Barra do Ceará,133,48.0,133.0,1460.09,1212.0,48.0,48.0,0.0,46.0,48.0
230440005140508,Urbana,0,Barra do Ceará,505,163.0,505.0,1566.87,1212.0,163.0,163.0,0.0,156.0,163.0
230440005140509,Urbana,1,Barra do Ceará,245,70.0,245.0,1452.66,1212.0,70.0,68.0,0.0,62.0,70.0
230440005140510,Urbana,0,Carlito Pamplona,25,9.0,25.0,2471.5,1462.0,9.0,6.0,,8.0,9.0
230440005140511,Urbana,1,Carlito Pamplona,144,53.0,144.0,1618.08,1212.0,53.0,52.0,0.0,46.0,52.0
230440005140512,Urbana,0,Barra do Ceará,292,86.0,292.0,1348.2,1200.0,86.0,85.0,0.0,85.0,86.0
230440005140513,Urbana,1,Carlito Pamplona,143,56.0,143.0,1390.27,1212.0,56.0,50.0,,43.0,56.0
230440005140514,Urbana,1,Carlito Pamplona,138,52.0,138.0,1454.96,1200.0,52.0,49.0,,45.0,50.0
230440005140515,Urbana,1,Barra do Ceará,222,84.0,221.0,1315.24,1112.0,84.0,82.0,,74.0,84.0
230440005140516,Urbana,1,Carlito Pamplona,161,54.0,161.0,1592.37,1212.0,54.0,53.0,0.0,43.0,54.0
230440005140517,Urbana,0,Carlito Pamplona,190,69.0,190.0,2590.24,2000.0,69.0,69.0,0.0,37.0,67.0
230440005140518,Urbana,1,Carlito Pamplona,380,138.0,378.0,1428.31,1212.0,138.0,137.0,0.0,110.0,136.0
230440005140519,Urbana,0,Jardim Iracema,174,62.0,174.0,1607.91,1212.0,62.0,52.0,0.0,50.0,62.0
230440005140520,Urbana,0,Jardim Iracema,550,198.0,550.0,1474.21,1212.0,198.0,169.0,4.0,167.0,198.0
230440005140521,Urbana,0,Jardim Iracema,250,82.0,250.0,1531.37,1212.0,82.0,67.0,,59.0,82.0
230440005140522,Urbana,1,Carlito Pamplona,84,33.0,84.0,2331.25,1150.0,33.0,32.0,0.0,28.0,33.0
230440005140523,Urbana,0,Jardim Iracema,233,114.0,233.0,1347.98,1200.0,114.0,111.0,0.0,105.0,113.0
230440005140524,Urbana,1,Barra do Ceará,274,112.0,274.0,1066.9,1200.0,112.0,111.0,0.0,107.0,109.0
230440005140525,Urbana,1,Barra do Ceará,435,154.0,435.0,775.72,600.0,154.0,154.0,0.0,149.0,154.0
230440005140526,Urbana,1,Álvaro Weyne,256,90.0,256.0,1876.12,1212.0,90.0,87.0,0.0,74.0,90.0
230440005140527,Urbana,1,Carlito Pamplona,340,112.0,340.0,1334.32,1200.0,112.0,105.0,,89.0,112.0
230440005150001,Urbana,0,Papicu,422,170.0,421.0,6057.32,4500.0,170.0,168.0,,159.0,170.0
230440005150002,Urbana,1,Papicu,180,66.0,180.0,1481.52,1200.0,66.0,60.0,,60.0,65.0
230440005150003,Urbana,0,Vicente Pinzón,431,159.0,431.0,2148.53,1300.0,159.0,78.0,37.0,66.0,159.0
230440005150004,Urbana,1,Vicente Pinzón,300,88.0,261.0,1500.43,1212.0,88.0,46.0,8.0,88.0,88.0
230440005150005,Urbana,0,Vicente Pinzón,687,237.0,687.0,1870.82,1212.0,237.0,205.0,3.0,127.0,234.0
230440005150006,Urbana,1,Vicente Pinzón,401,143.0,401.0,1440.97,1212.0,143.0,110.0,23.0,124.0,143.0
230440005150007,Urbana,0,Vicente Pinzón,918,271.0,918.0,2658.02,1500.0,271.0,246.0,0.0,153.0,271.0
230440005150008,Urbana,1,Vicente Pinzón,75,26.0,75.0,1350.85,1200.0,26.0,16.0,0.0,21.0,26.0
230440005150009,Urbana,1,Papicu,403,147.0,402.0,999.77,1000.0,147.0,22.0,6.0,144.0,147.0
230440005150010,Urbana,1,Papicu,788,268.0,749.0,1166.35,1212.0,268.0,125.0,4.0,257.0,267.0
230440005150011,Urbana,1,Vicente Pinzón,469,164.0,469.0,1255.92,1212.0,164.0,154.0,7.0,161.0,164.0
230440005150012,Urbana,1,Vicente Pinzón,921,270.0,921.0,1604.36,1212.0,270.0,229.0,11.0,265.0,270.0
230440005150013,Urbana,1,Vicente Pinzón,542,168.0,542.0,1398.15,1212.0,168.0,168.0,0.0,157.0,166.0
230440005150014,Urbana,1,Vicente Pinzón,664,228.0,664.0,1455.71,1212.0,228.0,224.0,,225.0,228.0
230440005150015,Urbana,1,Cais do Porto,572,229.0,572.0,1437.71,1200.0,229.0,226.0,0.0,225.0,227.0
230440005150016,Urbana,1,Cais do Porto,296,116.0,296.0,1287.43,1212.0,116.0,71.0,,115.0,115.0
230440005150017,Urbana,1,Vicente Pinzón,558,179.0,546.0,1302.27,1212.0,179.0,141.0,3.0,177.0,179.0
230440005150018,Urbana,1,Vicente Pinzón,412,138.0,412.0,1324.85,1200.0,138.0,127.0,0.0,128.0,138.0
230440005150019,Urbana,1,Cais do Porto,592,197.0,592.0,1313.23,1212.0,197.0,191.0,,192.0,197.0
230440005150020,Urbana,1,Vicente Pinzón,213,71.0,213.0,1391.22,1212.0,71.0,70.0,0.0,71.0,71.0
230440005150021,Urbana,1,Vicente Pinzón,580,201.0,580.0,1485.79,1212.0,201.0,156.0,10.0,200.0,201.0
230440005150022,Urbana,1,Vicente Pinzón,545,177.0,545.0,1192.09,1212.0,177.0,139.0,,175.0,177.0
230440005150023,Urbana,4,Cais do Porto,12,5.0,12.0,967.2,1212.0,5.0,,0.0,5.0,4.0
230440005150024,Urbana,0,Cais do Porto,934,306.0,934.0,1326.76,1212.0,306.0,306.0,0.0,306.0,305.0
230440005150025,Urbana,0,Cais do Porto,1030,341.0,1030.0,1360.99,1212.0,341.0,341.0,0.0,341.0,341.0
230440005150026,Urbana,0,Cais do Porto,1008,353.0,1008.0,984.16,1200.0,353.0,353.0,0.0,353.0,353.0
230440005150027,Urbana,4,Cais do Porto,0,,,,,,,,,
230440005150028,Urbana,1,Vicente Pinzón,104,32.0,104.0,2346.17,1212.0,32.0,21.0,,31.0,32.0
230440005150029,Urbana,0,Vicente Pinzón,33,12.0,33.0,1733.6,1212.0,12.0,12.0,0.0,12.0,12.0
230440005150030,Urbana,0,Vicente Pinzón,470,185.0,470.0,7047.1,5150.0,185.0,185.0,0.0,185.0,185.0
230440005150031,Urbana,0,Vicente Pinzón,234,85.0,234.0,1551.06,1200.0,85.0,71.0,0.0,66.0,84.0
230440005150032,Urbana,0,Vicente Pinzón,402,141.0,402.0,1635.05,1250.0,141.0,137.0,3.0,132.0,140.0
230440005150033,Urbana,1,Vicente Pinzón,260,84.0,260.0,1455.45,1212.0,84.0,79.0,,75.0,84.0
230440005150034,Urbana,1,Vicente Pinzón,422,135.0,422.0,1312.35,1212.0,135.0,90.0,4.0,132.0,133.0
230440005150035,Urbana,1,Vicente Pinzón,156,51.0,156.0,1298.84,1200.0,51.0,48.0,0.0,50.0,49.0
230440005150036,Urbana,1,Vicente Pinzón,1058,351.0,1058.0,1275.71,1212.0,351.0,178.0,6.0,344.0,350.0
230440005150037,Urbana,1,Vicente Pinzón,127,44.0,127.0,1146.86,1200.0,44.0,43.0,0.0,43.0,43.0
230440005150038,Urbana,1,Vicente Pinzón,470,144.0,470.0,1173.26,1212.0,144.0,83.0,,126.0,143.0
230440005150039,Urbana,1,Cais do Porto,81,28.0,81.0,1750.89,1212.0,28.0,3.0,0.0,27.0,28.0
230440005150040,Urbana,0,Cais do Porto,361,105.0,361.0,1711.28,1200.0,105.0,98.0,,94.0,105.0
230440005150041,Urbana,1,Mucuripe,75,26.0,75.0,1868.17,1212.0,26.0,25.0,0.0,26.0,26.0
230440005150042,Urbana,1,Cais do Porto,347,112.0,347.0,1494.8,1212.0,112.0,94.0,0.0,109.0,112.0
230440005150043,Urbana,0,Mucuripe,334,133.0,334.0,5062.6,2200.0,133.0,128.0,3.0,121.0,133.0
230440005150044,Urbana,1,Vicente Pinzón,195,72.0,195.0,1164.96,1200.0,72.0,71.0,0.0,72.0,72.0
230440005150045,Urbana,1,Vicente Pinzón,497,161.0,497.0,982.19,1200.0,161.0,117.0,0.0,145.0,161.0
230440005150046,Urbana,1,Vicente Pinzón,386,120.0,386.0,1522.9,1200.0,120.0,120.0,0.0,119.0,120.0
230440005150047,Urbana,1,Vicente Pinzón,762,251.0,762.0,1641.59,1212.0,251.0,211.0,10.0,245.0,251.0
230440005150049,Urbana,1,Vicente Pinzón,304,103.0,304.0,1337.37,1212.0,103.0,98.0,0.0,98.0,103.0
230440005150050,Urbana,1,Vicente Pinzón,576,192.0,576.0,1257.51,1212.0,192.0,70.0,3.0,188.0,191.0
230440005150051,Urbana,0,Aldeota,865,295.0,865.0,12263.65,10000.0,295.0,289.0,,279.0,295.0
230440005150052,Urbana,0,Aldeota,678,279.0,678.0,8973.92,6000.0,279.0,266.0,0.0,258.0,279.0
230440005150053,Urbana,0,Aldeota,310,129.0,310.0,10320.16,7000.0,129.0,125.0,0.0,128.0,129.0
230440005150054,Urbana,0,Aldeota,635,225.0,631.0,12516.25,10000.0,225.0,220.0,,221.0,225.0
230440005150055,Urbana,0,Aldeota,374,142.0,374.0,8665.52,6000.0,142.0,125.0,0.0,140.0,142.0
230440005150056,Urbana,0,Aldeota,567,206.0,567.0,13534.48,10000.0,206.0,202.0,3.0,193.0,206.0
230440005150057,Urbana,0,Aldeota,592,221.0,592.0,11269.75,10000.0,221.0,220.0,,214.0,221.0
230440005150058,Urbana,0,Aldeota,593,211.0,593.0,11478.74,9000.0,211.0,209.0,,195.0,211.0
230440005150059,Urbana,0,Aldeota,568,207.0,558.0,10829.21,8000.0,207.0,205.0,,204.0,206.0
230440005150060,Urbana,0,Aldeota,657,261.0,657.0,9037.96,7500.0,261.0,256.0,3.0,247.0,259.0
230440005150061,Urbana,0,Aldeota,712,295.0,704.0,9848.27,8000.0,295.0,295.0,0.0,287.0,295.0
230440005150062,Urbana,0,Aldeota,814,337.0,814.0,10083.31,8000.0,337.0,334.0,,316.0,337.0
230440005150063,Urbana,0,Aldeota,746,298.0,746.0,11439.93,10000.0,298.0,295.0,3.0,287.0,297.0
230440005150064,Urbana,0,Aldeota,745,302.0,745.0,13353.21,10000.0,302.0,301.0,,299.0,302.0
230440005150065,Urbana,0,Aldeota,606,257.0,606.0,9179.81,6950.0,257.0,255.0,,233.0,257.0
230440005150066,Urbana,0,Aldeota,714,289.0,714.0,10284.79,8000.0,289.0,287.0,,288.0,289.0
230440005150067,Urbana,0,Aldeota,949,373.0,949.0,13265.66,10000.0,373.0,372.0,0.0,367.0,373.0
230440005150068,Urbana,0,Aldeota,881,328.0,881.0,14385.65,12000.0,328.0,326.0,,322.0,328.0
230440005150069,Urbana,0,Aldeota,639,238.0,639.0,11657.33,8500.0,238.0,238.0,0.0,228.0,237.0
230440005150070,Urbana,0,Aldeota,979,373.0,979.0,11017.52,8500.0,373.0,370.0,3.0,334.0,373.0
230440005150071,Urbana,0,Aldeota,543,237.0,543.0,10486.53,8000.0,237.0,236.0,,223.0,235.0
230440005150072,Urbana,0,Aldeota,696,284.0,696.0,7420.56,5850.0,284.0,281.0,,241.0,284.0
230440005150073,Urbana,0,Aldeota,525,204.0,525.0,8806.69,6000.0,204.0,200.0,,131.0,204.0
230440005150074,Urbana,0,Aldeota,780,311.0,780.0,7045.76,4500.0,311.0,308.0,,306.0,311.0
230440005150075,Urbana,0,Aldeota,996,386.0,996.0,8284.92,5001.0,386.0,385.0,0.0,353.0,384.0
230440005150076,Urbana,0,Aldeota,1102,394.0,1102.0,8641.9,6000.0,394.0,394.0,0.0,381.0,394.0
230440005150077,Urbana,0,Aldeota,581,272.0,581.0,6699.58,4500.0,272.0,272.0,0.0,217.0,272.0
230440005150078,Urbana,0,Aldeota,856,324.0,856.0,11301.93,10000.0,324.0,322.0,,311.0,322.0
230440005150079,Urbana,0,Aldeota,572,247.0,572.0,10729.6,7800.0,247.0,247.0,0.0,231.0,246.0
230440005150080,Urbana,0,Aldeota,771,325.0,771.0,10242.34,9000.0,325.0,325.0,0.0,325.0,325.0
230440005150081,Urbana,0,Aldeota,907,348.0,907.0,14356.51,12000.0,348.0,348.0,0.0,340.0,347.0
230440005150082,Urbana,0,Aldeota,703,260.0,703.0,13217.65,10000.0,260.0,258.0,,242.0,260.0
230440005150083,Urbana,0,Aldeota,383,141.0,383.0,12944.02,10000.0,141.0,139.0,,137.0,140.0
230440005150084,Urbana,0,Aldeota,776,270.0,776.0,11277.86,9000.0,270.0,267.0,,257.0,269.0
230440005150085,Urbana,0,Aldeota,777,248.0,777.0,1642.88,1212.0,248.0,247.0,0.0,241.0,246.0
230440005150086,Urbana,0,Aldeota,903,299.0,903.0,1351.67,1212.0,299.0,298.0,0.0,292.0,299.0
230440005150087,Urbana,0,Aldeota,641,296.0,641.0,7694.19,5000.0,296.0,295.0,0.0,167.0,296.0
230440005150088,Urbana,0,Aldeota,241,102.0,241.0,8967.32,6000.0,102.0,100.0,0.0,81.0,102.0
230440005150089,Urbana,0,Aldeota,252,100.0,252.0,9154.81,7000.0,100.0,98.0,,63.0,100.0
230440005150090,Urbana,0,Aldeota,404,149.0,404.0,10543.85,7250.0,149.0,147.0,,114.0,148.0
230440005150091,Urbana,1,Meireles,272,105.0,272.0,1962.52,1800.0,105.0,48.0,57.0,104.0,104.0
230440005150092,Urbana,0,Meireles,545,200.0,545.0,23231.53,14000.0,200.0,186.0,13.0,190.0,198.0
230440005150093,Urbana,0,Meireles,1146,468.0,1146.0,6394.43,5580.0,468.0,,463.0,467.0,468.0
230440005150094,Urbana,0,Meireles,943,455.0,943.0,22532.47,19150.0,455.0,452.0,3.0,442.0,455.0
230440005150095,Urbana,0,Meireles,751,382.0,751.0,15804.01,12000.0,382.0,381.0,,377.0,382.0
230440005150096,Urbana,0,Meireles,733,313.0,733.0,15933.74,13000.0,313.0,312.0,,310.0,313.0
230440005150097,Urbana,0,Meireles,699,258.0,699.0,16821.9,12000.0,258.0,258.0,0.0,257.0,258.0
230440005150098,Urbana,0,Meireles,965,332.0,964.0,15839.26,12000.0,332.0,331.0,,304.0,332.0
230440005150099,Urbana,0,Meireles,464,193.0,464.0,15004.04,11000.0,193.0,191.0,,165.0,191.0
230440005150100,Urbana,0,Meireles,705,275.0,702.0,12281.93,10000.0,275.0,257.0,17.0,219.0,273.0
230440005150101,Urbana,0,Meireles,387,147.0,387.0,7500.0,7500.0,147.0,,145.0,147.0,146.0
230440005150102,Urbana,0,Meireles,978,414.0,978.0,14200.0,3850.0,414.0,12.0,391.0,413.0,414.0
230440005150103,Urbana,0,Meireles,353,156.0,353.0,11238.19,8000.0,156.0,154.0,,143.0,156.0
230440005150104,Urbana,0,Meireles,754,296.0,754.0,13867.19,10150.5,296.0,273.0,22.0,134.0,296.0
230440005150105,Urbana,0,Meireles,415,158.0,415.0,12089.79,9000.0,158.0,140.0,16.0,143.0,156.0
230440005150106,Urbana,0,Meireles,417,159.0,417.0,11885.61,8000.0,159.0,149.0,8.0,126.0,159.0
230440005150107,Urbana,0,Meireles,606,258.0,606.0,8573.24,6000.0,258.0,258.0,0.0,203.0,258.0
230440005150108,Urbana,0,Meireles,275,128.0,273.0,10529.34,8000.0,128.0,124.0,3.0,115.0,127.0
230440005150109,Urbana,0,Meireles,312,149.0,312.0,8361.69,6000.0,149.0,146.0,,145.0,149.0
230440005150110,Urbana,0,Meireles,336,133.0,336.0,11425.8,9500.0,133.0,132.0,,131.0,133.0
230440005150111,Urbana,0,Meireles,622,253.0,622.0,14010.61,10300.0,253.0,251.0,,249.0,251.0
230440005150112,Urbana,0,Meireles,559,230.0,559.0,11794.08,10000.0,230.0,187.0,42.0,162.0,228.0
230440005150113,Urbana,0,Meireles,637,278.0,637.0,12124.22,10000.0,278.0,277.0,,272.0,277.0
230440005150114,Urbana,0,Meireles,740,299.0,740.0,13289.12,8000.0,299.0,137.0,158.0,284.0,298.0
230440005150115,Urbana,0,Meireles,797,315.0,797.0,5614.24,3500.0,315.0,312.0,,307.0,315.0
230440005150116,Urbana,0,Meireles,598,262.0,598.0,8825.67,6000.0,262.0,258.0,0.0,229.0,260.0
230440005150117,Urbana,0,Meireles,559,248.0,558.0,10163.43,6000.0,248.0,243.0,4.0,245.0,247.0
230440005150118,Urbana,0,Meireles,224,108.0,224.0,12904.02,10000.0,108.0,107.0,,108.0,108.0
230440005150119,Urbana,0,Meireles,641,288.0,641.0,12094.84,10000.0,288.0,286.0,0.0,282.0,288.0
230440005150120,Urbana,0,Meireles,484,220.0,484.0,10752.53,8000.0,220.0,220.0,0.0,219.0,220.0
230440005150121,Urbana,0,Meireles,798,321.0,798.0,12151.46,10000.0,321.0,320.0,0.0,310.0,320.0
230440005150122,Urbana,0,Meireles,743,324.0,743.0,9866.62,9000.0,324.0,324.0,0.0,312.0,324.0
230440005150123,Urbana,0,Varjota,421,178.0,421.0,5314.86,3000.0,178.0,178.0,0.0,178.0,177.0
230440005150124,Urbana,0,Varjota,263,101.0,263.0,8926.51,6510.0,101.0,101.0,0.0,85.0,101.0
230440005150125,Urbana,0,Varjota,725,284.0,725.0,7829.65,5000.0,284.0,284.0,0.0,284.0,283.0
230440005150126,Urbana,0,Varjota,285,105.0,285.0,4369.64,2000.0,105.0,105.0,0.0,100.0,105.0
230440005150127,Urbana,0,Varjota,426,173.0,426.0,8034.65,5500.0,173.0,172.0,0.0,165.0,173.0
230440005150128,Urbana,0,Varjota,811,335.0,811.0,9059.45,5000.0,335.0,335.0,0.0,333.0,334.0
230440005150129,Urbana,0,Varjota,506,166.0,506.0,12316.82,7000.0,166.0,165.0,0.0,165.0,165.0
230440005150130,Urbana,0,Varjota,478,202.0,478.0,5057.99,3000.0,202.0,198.0,3.0,198.0,201.0
230440005150131,Urbana,0,Varjota,383,148.0,383.0,3807.24,2000.0,148.0,145.0,,138.0,148.0
230440005150132,Urbana,0,Papicu,608,215.0,608.0,6698.76,4000.0,215.0,215.0,0.0,208.0,215.0
230440005150133,Urbana,1,Papicu,561,209.0,561.0,1211.52,1212.0,209.0,198.0,,204.0,206.0
230440005150134,Urbana,1,Papicu,289,107.0,289.0,1211.51,1200.0,107.0,106.0,0.0,106.0,107.0
230440005150135,Urbana,0,Papicu,607,233.0,607.0,7926.05,5950.0,233.0,233.0,0.0,170.0,233.0
230440005150136,Urbana,1,Papicu,785,271.0,785.0,1295.16,1250.0,271.0,248.0,,266.0,271.0
230440005150137,Urbana,0,Papicu,571,209.0,571.0,9875.34,8000.0,209.0,207.0,0.0,203.0,208.0
230440005150138,Urbana,0,Papicu,246,87.0,246.0,5945.41,5000.0,87.0,83.0,4.0,64.0,87.0
230440005150139,Urbana,0,Papicu,322,133.0,322.0,6319.05,5000.0,133.0,133.0,0.0,133.0,133.0
230440005150140,Urbana,0,Papicu,554,212.0,554.0,8664.99,6000.0,212.0,212.0,0.0,212.0,211.0
230440005150141,Urbana,1,Papicu,358,129.0,358.0,1238.32,1212.0,129.0,95.0,0.0,116.0,128.0
230440005150142,Urbana,0,Papicu,542,236.0,542.0,8361.17,7000.0,236.0,236.0,0.0,236.0,236.0
230440005150143,Urbana,0,Papicu,605,226.0,605.0,7356.96,6000.0,226.0,226.0,0.0,206.0,226.0
230440005150144,Urbana,0,Papicu,1471,621.0,1471.0,11207.85,10000.0,621.0,620.0,,585.0,621.0
230440005150145,Urbana,1,Papicu,424,158.0,424.0,1546.6,1200.0,158.0,148.0,0.0,147.0,157.0
230440005150146,Urbana,0,Papicu,367,147.0,367.0,32466.4,5500.0,147.0,146.0,,139.0,146.0
230440005150147,Urbana,1,Papicu,876,314.0,876.0,1220.58,1212.0,314.0,266.0,4.0,300.0,314.0
230440005150148,Urbana,0,Papicu,155,65.0,155.0,4153.29,2700.0,65.0,63.0,,64.0,65.0
230440005150149,Urbana,0,Papicu,394,133.0,394.0,8814.71,7000.0,133.0,124.0,4.0,125.0,133.0
230440005150150,Urbana,0,Papicu,227,88.0,227.0,9022.92,6000.0,88.0,87.0,0.0,66.0,87.0
230440005150151,Urbana,1,Papicu,200,64.0,184.0,1255.15,1212.0,64.0,58.0,,57.0,63.0
230440005150152,Urbana,0,Papicu,619,252.0,619.0,5397.3,4000.0,252.0,252.0,0.0,236.0,252.0
230440005150153,Urbana,0,Mucuripe,685,289.0,685.0,9133.47,6750.0,289.0,287.0,,273.0,288.0
230440005150154,Urbana,0,Mucuripe,724,286.0,724.0,20698.11,17000.0,286.0,285.0,,283.0,286.0
230440005150155,Urbana,0,Mucuripe,562,220.0,562.0,18557.63,15000.0,220.0,219.0,,219.0,220.0
230440005150156,Urbana,0,Mucuripe,651,287.0,651.0,8721.3,7000.0,287.0,284.0,,286.0,287.0
230440005150157,Urbana,0,Mucuripe,148,53.0,148.0,3112.36,1212.0,53.0,48.0,0.0,45.0,53.0
230440005150158,Urbana,1,Mucuripe,209,79.0,209.0,1677.83,1200.0,79.0,49.0,0.0,78.0,79.0
230440005150159,Urbana,1,Mucuripe,946,345.0,944.0,1705.16,1212.0,345.0,331.0,8.0,334.0,345.0
230440005150160,Urbana,0,Mucuripe,973,403.0,973.0,10481.7,10000.0,403.0,400.0,,399.0,402.0
230440005150161,Urbana,0,Mucuripe,586,206.0,586.0,7170.44,5000.0,206.0,180.0,23.0,91.0,206.0
230440005150162,Urbana,0,Mucuripe,678,263.0,678.0,13211.57,8000.0,263.0,263.0,0.0,262.0,262.0
230440005150163,Urbana,1,Mucuripe,821,279.0,821.0,1850.49,1302.0,279.0,101.0,8.0,268.0,277.0
230440005150164,Urbana,0,Mucuripe,783,294.0,783.0,6438.74,4500.0,294.0,225.0,10.0,79.0,294.0
230440005150165,Urbana,0,Mucuripe,428,150.0,428.0,2767.01,1400.0,150.0,146.0,3.0,129.0,150.0
230440005150166,Urbana,1,Cais do Porto,279,89.0,279.0,1462.0,1200.0,89.0,54.0,34.0,88.0,89.0
230440005150167,Urbana,1,Cais do Porto,437,158.0,437.0,1389.37,1200.0,158.0,150.0,,153.0,157.0
230440005150168,Urbana,4,Cais do Porto,0,,,,,,,,,
230440005150169,Urbana,1,Cais do Porto,234,88.0,234.0,1257.29,1212.0,88.0,17.0,0.0,88.0,87.0
230440005150170,Urbana,1,Cais do Porto,738,258.0,738.0,1436.6,1212.0,258.0,249.0,0.0,248.0,257.0
230440005150171,Urbana,1,Cais do Porto,741,225.0,741.0,1285.93,1212.0,225.0,210.0,9.0,215.0,224.0
230440005150172,Urbana,0,Cais do Porto,267,161.0,267.0,3370.55,2000.0,161.0,139.0,0.0,148.0,159.0
230440005150173,Urbana,1,Cais do Porto,424,133.0,424.0,1457.95,1212.0,133.0,128.0,3.0,112.0,133.0
230440005150174,Urbana,1,Cais do Porto,374,141.0,374.0,1193.46,1200.0,141.0,139.0,,129.0,140.0
230440005150175,Urbana,1,Cais do Porto,337,110.0,337.0,1399.9,1212.0,110.0,27.0,,105.0,110.0
230440005150176,Urbana,0,Cais do Porto,899,268.0,899.0,1403.13,1212.0,268.0,255.0,6.0,251.0,268.0
230440005150177,Urbana,0,Cais do Porto,243,85.0,243.0,1538.57,1212.0,85.0,83.0,0.0,83.0,85.0
230440005150178,Urbana,4,Cais do Porto,0,,,,,,,,,
230440005150179,Urbana,4,Cais do Porto,0,,,,,,,,,
230440005150181,Urbana,1,Cais do Porto,1194,385.0,1194.0,1649.51,1200.0,385.0,364.0,0.0,371.0,383.0
230440005150182,Urbana,1,Cais do Porto,903,291.0,903.0,1349.89,1212.0,291.0,280.0,,276.0,289.0
230440005150183,Urbana,1,Cais do Porto,652,223.0,652.0,1363.59,1200.0,223.0,207.0,0.0,214.0,223.0
230440005150184,Urbana,1,Cais do Porto,666,222.0,666.0,1314.15,1212.0,222.0,213.0,,211.0,222.0
230440005150185,Urbana,1,Cais do Porto,705,247.0,705.0,1705.72,1200.0,247.0,234.0,0.0,230.0,247.0
230440005150186,Urbana,0,Cais do Porto,1042,379.0,1042.0,1436.35,1212.0,379.0,361.0,7.0,374.0,379.0
230440005150188,Urbana,1,Vicente Pinzón,163,58.0,163.0,1504.79,1212.0,58.0,39.0,11.0,55.0,58.0
230440005150189,Urbana,0,Vicente Pinzón,378,129.0,378.0,1344.38,1212.0,129.0,129.0,0.0,127.0,129.0
230440005150191,Urbana,1,Vicente Pinzón,739,235.0,739.0,1256.79,1200.0,235.0,75.0,12.0,232.0,228.0
230440005150192,Urbana,1,Vicente Pinzón,100,39.0,100.0,1553.85,1200.0,39.0,10.0,4.0,39.0,39.0
230440005150193,Urbana,1,Vicente Pinzón,72,28.0,72.0,1175.64,1212.0,28.0,3.0,0.0,27.0,26.0
230440005150194,Urbana,1,Vicente Pinzón,623,208.0,623.0,1486.44,1212.0,208.0,164.0,,200.0,208.0
230440005150195,Urbana,0,Vicente Pinzón,333,119.0,333.0,1944.34,1212.0,119.0,118.0,0.0,92.0,119.0
230440005150196,Urbana,0,Vicente Pinzón,551,185.0,551.0,1770.99,1212.0,185.0,177.0,4.0,175.0,184.0
230440005150197,Urbana,0,Vicente Pinzón,850,265.0,850.0,1279.16,1200.0,265.0,264.0,0.0,261.0,265.0
230440005150198,Urbana,0,Vicente Pinzón,232,78.0,232.0,1839.47,1375.0,78.0,78.0,0.0,60.0,78.0
230440005150199,Urbana,0,Vicente Pinzón,679,241.0,679.0,2576.43,1200.0,241.0,168.0,36.0,190.0,239.0
230440005150200,Urbana,0,Vicente Pinzón,162,67.0,162.0,6738.12,3000.0,67.0,54.0,8.0,35.0,67.0
230440005150201,Urbana,0,Vicente Pinzón,583,202.0,583.0,7652.55,5000.0,202.0,198.0,0.0,196.0,202.0
230440005150202,Urbana,0,Vicente Pinzón,505,162.0,505.0,3731.63,2500.0,162.0,160.0,0.0,152.0,162.0
230440005150203,Urbana,0,Vicente Pinzón,438,168.0,438.0,9663.27,7500.0,168.0,158.0,8.0,139.0,167.0
230440005150204,Urbana,0,Vicente Pinzón,526,194.0,526.0,6094.59,4000.0,194.0,192.0,,147.0,192.0
230440005150205,Urbana,0,Vicente Pinzón,279,97.0,279.0,5833.41,3000.0,97.0,96.0,0.0,95.0,97.0
230440005150206,Urbana,1,Vicente Pinzón,440,149.0,440.0,1250.54,1212.0,149.0,80.0,,144.0,147.0
230440005150207,Urbana,1,Vicente Pinzón,526,167.0,526.0,1707.96,1212.0,167.0,148.0,,152.0,167.0
230440005150208,Urbana,1,Vicente Pinzón,795,278.0,795.0,1431.31,1212.0,278.0,243.0,,254.0,275.0
230440005150209,Urbana,1,Vicente Pinzón,209,68.0,209.0,1289.96,1212.0,68.0,55.0,0.0,64.0,68.0
230440005150210,Urbana,0,Vicente Pinzón,547,213.0,547.0,3968.49,2100.0,213.0,162.0,27.0,132.0,213.0
230440005150211,Urbana,0,Vicente Pinzón,837,318.0,837.0,2505.86,1350.0,318.0,196.0,98.0,190.0,318.0
230440005150212,Urbana,0,Vicente Pinzón,203,83.0,203.0,2918.84,2000.0,83.0,75.0,6.0,25.0,83.0
230440005150213,Urbana,0,Vicente Pinzón,206,90.0,206.0,9621.46,7950.0,90.0,88.0,0.0,45.0,89.0
230440005150214,Urbana,0,De Lourdes,737,223.0,737.0,11063.63,5000.0,223.0,221.0,,156.0,222.0
230440005150215,Urbana,0,De Lourdes,1072,380.0,1072.0,13989.57,10000.0,380.0,359.0,13.0,332.0,378.0
230440005150216,Urbana,0,De Lourdes,501,150.0,501.0,9685.91,4900.0,150.0,142.0,3.0,123.0,150.0
230440005150217,Urbana,0,Aldeota,858,321.0,846.0,11496.09,9000.0,321.0,306.0,15.0,251.0,316.0
230440005150218,Urbana,0,Aldeota,591,230.0,591.0,14761.02,12000.0,230.0,230.0,0.0,222.0,229.0
230440005150219,Urbana,0,Aldeota,552,228.0,552.0,8074.55,6000.0,228.0,228.0,0.0,228.0,228.0
230440005150220,Urbana,0,Aldeota,997,376.0,997.0,14061.11,12000.0,376.0,370.0,3.0,366.0,376.0
230440005150221,Urbana,0,Aldeota,453,185.0,453.0,11450.34,10000.0,185.0,183.0,,159.0,184.0
230440005150222,Urbana,0,Aldeota,371,140.0,371.0,7809.47,6000.0,140.0,139.0,0.0,134.0,139.0
230440005150223,Urbana,0,Aldeota,688,248.0,688.0,15186.5,12116.0,248.0,247.0,,222.0,247.0
230440005150224,Urbana,0,Aldeota,613,278.0,613.0,11907.82,10000.0,278.0,274.0,4.0,270.0,277.0
230440005150225,Urbana,0,Aldeota,770,325.0,770.0,12154.8,10000.0,325.0,324.0,0.0,325.0,325.0
230440005150226,Urbana,0,Aldeota,529,194.0,529.0,11047.31,10000.0,194.0,194.0,0.0,194.0,194.0
230440005150227,Urbana,0,Aldeota,962,328.0,962.0,13559.81,10000.0,328.0,326.0,,308.0,327.0
230440005150228,Urbana,0,Aldeota,487,184.0,487.0,8691.13,5500.0,184.0,175.0,6.0,177.0,183.0
230440005150229,Urbana,0,Aldeota,658,249.0,658.0,9482.85,7000.0,249.0,247.0,,243.0,249.0
230440005150230,Urbana,0,Aldeota,887,384.0,887.0,10751.55,8000.0,384.0,379.0,4.0,379.0,383.0
230440005150231,Urbana,0,Aldeota,804,310.0,804.0,14842.01,10000.0,310.0,308.0,,251.0,309.0
230440005150232,Urbana,0,Aldeota,799,275.0,799.0,13865.53,10600.0,275.0,273.0,,262.0,275.0
230440005150233,Urbana,0,Aldeota,803,291.0,803.0,12916.31,10000.0,291.0,289.0,,288.0,290.0
230440005150234,Urbana,0,Aldeota,548,184.0,548.0,15997.81,13000.0,184.0,179.0,5.0,154.0,183.0
230440005150235,Urbana,0,Aldeota,713,253.0,713.0,15219.18,12000.0,253.0,252.0,,237.0,250.0
230440005150236,Urbana,0,Meireles,418,210.0,418.0,8976.45,7250.0,210.0,69.0,139.0,209.0,210.0
230440005150237,Urbana,0,Meireles,619,243.0,619.0,13318.96,11400.0,243.0,241.0,,240.0,241.0
230440005150238,Urbana,0,Meireles,433,187.0,433.0,12682.98,9500.0,187.0,175.0,11.0,184.0,185.0
230440005150239,Urbana,0,Meireles,487,251.0,487.0,13532.28,10000.0,251.0,250.0,,171.0,249.0
230440005150240,Urbana,0,Meireles,866,291.0,866.0,15066.21,10000.0,291.0,290.0,,281.0,291.0
230440005150241,Urbana,1,Meireles,296,111.0,296.0,2808.72,2500.0,111.0,,110.0,110.0,111.0
230440005150242,Urbana,0,Meireles,888,323.0,888.0,16057.58,12000.0,323.0,322.0,,306.0,323.0
230440005150243,Urbana,0,Meireles,660,317.0,660.0,7034.29,5600.0,317.0,4.0,309.0,316.0,317.0
230440005150244,Urbana,0,Meireles,613,271.0,613.0,17875.0,9000.0,271.0,5.0,264.0,270.0,271.0
230440005150245,Urbana,0,Meireles,687,290.0,687.0,15737.71,12000.0,290.0,289.0,,278.0,290.0
230440005150246,Urbana,0,Meireles,383,162.0,383.0,14339.84,12000.0,162.0,161.0,0.0,159.0,162.0
230440005150247,Urbana,1,Meireles,249,115.0,249.0,2028.84,1800.0,115.0,31.0,84.0,114.0,115.0
230440005150248,Urbana,0,Meireles,544,222.0,544.0,11291.94,8000.0,222.0,222.0,0.0,220.0,222.0
230440005150249,Urbana,0,Meireles,551,224.0,546.0,13472.35,10000.0,224.0,220.0,3.0,212.0,223.0
230440005150250,Urbana,0,Meireles,588,249.0,588.0,14412.86,10000.0,249.0,248.0,,239.0,247.0
230440005150251,Urbana,0,Meireles,512,187.0,512.0,13276.37,10500.0,187.0,185.0,,185.0,185.0
230440005150252,Urbana,0,Meireles,459,236.0,459.0,10105.65,6000.0,236.0,143.0,92.0,228.0,236.0
230440005150253,Urbana,0,Meireles,1018,451.0,1018.0,7144.62,4880.0,451.0,5.0,431.0,451.0,451.0
230440005150254,Urbana,0,Meireles,420,157.0,420.0,7255.22,4500.0,157.0,155.0,,137.0,156.0
230440005150255,Urbana,0,Meireles,276,130.0,276.0,7755.25,6000.0,130.0,128.0,,130.0,129.0
230440005150256,Urbana,0,Meireles,180,89.0,180.0,10969.52,8000.0,89.0,89.0,0.0,89.0,89.0
230440005150257,Urbana,0,Meireles,460,210.0,460.0,11781.96,10000.0,210.0,209.0,,210.0,210.0
230440005150258,Urbana,0,Meireles,714,342.0,714.0,13636.01,10000.0,342.0,324.0,15.0,332.0,342.0
230440005150259,Urbana,0,Meireles,608,257.0,608.0,12062.21,10000.0,257.0,256.0,,257.0,257.0
230440005150260,Urbana,0,Meireles,584,240.0,584.0,12685.81,10000.0,240.0,240.0,0.0,240.0,239.0
230440005150261,Urbana,0,Meireles,658,286.0,658.0,11920.9,10000.0,286.0,286.0,0.0,272.0,284.0
230440005150262,Urbana,0,Meireles,496,217.0,496.0,11438.44,10000.0,217.0,213.0,4.0,203.0,217.0
230440005150263,Urbana,0,Meireles,595,238.0,595.0,4042.57,2400.0,238.0,233.0,3.0,197.0,238.0
230440005150264,Urbana,0,Meireles,503,207.0,503.0,6060.47,3500.0,207.0,199.0,5.0,196.0,207.0
230440005150265,Urbana,0,Meireles,285,118.0,285.0,9943.57,6000.0,118.0,113.0,5.0,113.0,118.0
230440005150266,Urbana,0,Meireles,605,297.0,605.0,6162.63,3500.0,297.0,96.0,193.0,296.0,295.0
230440005150267,Urbana,0,Meireles,556,227.0,556.0,10557.62,8000.0,227.0,213.0,,224.0,227.0
230440005150268,Urbana,0,Varjota,540,188.0,540.0,10745.21,7300.0,188.0,172.0,3.0,185.0,187.0
230440005150269,Urbana,0,Varjota,567,213.0,567.0,6899.88,3650.0,213.0,213.0,0.0,213.0,213.0
230440005150270,Urbana,0,Varjota,576,218.0,576.0,13120.27,10000.0,218.0,209.0,9.0,162.0,218.0
230440005150271,Urbana,0,Varjota,722,281.0,722.0,7119.77,4000.0,281.0,275.0,5.0,274.0,279.0
230440005150272,Urbana,0,Meireles,54,31.0,54.0,6804.77,4848.0,31.0,31.0,0.0,31.0,29.0
230440005150273,Urbana,0,Papicu,573,214.0,573.0,7349.53,5000.0,214.0,212.0,,196.0,214.0
230440005150274,Urbana,0,Papicu,563,208.0,563.0,7824.37,5000.0,208.0,208.0,0.0,173.0,207.0
230440005150275,Urbana,1,Papicu,713,255.0,713.0,1423.05,1250.0,255.0,252.0,0.0,244.0,255.0
230440005150276,Urbana,0,Papicu,687,253.0,687.0,8630.27,6500.0,253.0,250.0,3.0,239.0,251.0
230440005150277,Urbana,0,Papicu,609,248.0,609.0,6901.02,4500.0,248.0,248.0,0.0,219.0,248.0
230440005150278,Urbana,4,Papicu,0,,,,,,,,,
230440005150279,Urbana,1,Papicu,376,135.0,376.0,1361.01,1212.0,135.0,134.0,0.0,135.0,135.0
230440005150280,Urbana,0,Papicu,589,209.0,589.0,9785.44,7000.0,209.0,206.0,,200.0,208.0
230440005150281,Urbana,0,Mucuripe,211,91.0,211.0,14538.23,11000.0,91.0,75.0,0.0,90.0,91.0
230440005150282,Urbana,0,Mucuripe,376,172.0,376.0,10062.64,7000.0,172.0,172.0,0.0,172.0,172.0
230440005150283,Urbana,0,Mucuripe,169,100.0,169.0,9328.4,7000.0,100.0,80.0,0.0,100.0,99.0
230440005150284,Urbana,0,Mucuripe,378,148.0,378.0,9003.87,8000.0,148.0,131.0,,113.0,148.0
230440005150285,Urbana,0,Mucuripe,398,157.0,396.0,9820.42,6800.0,157.0,145.0,,157.0,157.0
230440005150286,Urbana,0,Mucuripe,358,150.0,358.0,6997.04,4000.0,150.0,144.0,0.0,86.0,150.0
230440005150287,Urbana,1,Cais do Porto,597,209.0,597.0,1355.68,1200.0,209.0,206.0,,200.0,209.0
230440005150288,Urbana,1,Cais do Porto,676,209.0,676.0,1463.9,1212.0,209.0,203.0,0.0,203.0,209.0
230440005150289,Urbana,1,Cais do Porto,520,166.0,520.0,1055.03,1212.0,166.0,163.0,0.0,156.0,166.0
230440005150290,Urbana,1,Cais do Porto,722,248.0,722.0,1465.6,1200.0,248.0,247.0,0.0,237.0,248.0
230440005150291,Urbana,1,Vicente Pinzón,648,215.0,648.0,1473.92,1212.0,215.0,201.0,,212.0,215.0
230440005150292,Urbana,1,Vicente Pinzón,925,293.0,925.0,1055.23,1100.0,293.0,29.0,4.0,288.0,292.0
230440005150293,Urbana,1,Vicente Pinzón,946,318.0,946.0,1242.53,1212.0,318.0,50.0,0.0,313.0,315.0
230440005150294,Urbana,1,Vicente Pinzón,961,328.0,961.0,1098.63,1212.0,328.0,34.0,,320.0,328.0
230440005150295,Urbana,0,Vicente Pinzón,655,213.0,655.0,1492.3,1212.0,213.0,212.0,0.0,185.0,211.0
230440005150296,Urbana,0,Vicente Pinzón,776,245.0,776.0,1797.33,1212.0,245.0,240.0,4.0,240.0,244.0
230440005150297,Urbana,1,Vicente Pinzón,646,192.0,646.0,1094.62,1212.0,192.0,166.0,9.0,186.0,192.0
230440005150298,Urbana,1,Vicente Pinzón,844,258.0,844.0,1337.84,1212.0,258.0,231.0,0.0,247.0,257.0
230440005150299,Urbana,1,Vicente Pinzón,1189,377.0,1189.0,1374.48,1212.0,377.0,327.0,26.0,373.0,377.0
230440005150300,Urbana,1,Vicente Pinzón,456,149.0,456.0,1466.44,1200.0,149.0,148.0,0.0,146.0,149.0
230440005150301,Urbana,1,Vicente Pinzón,1042,329.0,1042.0,1455.8,1212.0,329.0,312.0,4.0,329.0,328.0
230440005150302,Urbana,0,Vicente Pinzón,449,158.0,449.0,2000.06,1350.0,158.0,158.0,0.0,119.0,157.0
230440005150304,Urbana,1,Vicente Pinzón,103,31.0,103.0,1198.59,1200.0,31.0,28.0,0.0,31.0,31.0
230440005150305,Urbana,0,Vicente Pinzón,394,167.0,394.0,8291.45,6250.0,167.0,128.0,4.0,164.0,167.0
230440005150306,Urbana,0,Vicente Pinzón,296,108.0,296.0,6415.46,5000.0,108.0,89.0,,105.0,106.0
230440005150307,Urbana,0,Vicente Pinzón,416,161.0,416.0,7660.97,5900.0,161.0,154.0,0.0,152.0,161.0
230440005150308,Urbana,0,Vicente Pinzón,307,111.0,304.0,7795.09,5000.0,111.0,62.0,13.0,55.0,110.0
230440005150309,Urbana,0,Vicente Pinzón,673,215.0,673.0,1565.16,1212.0,215.0,214.0,,201.0,215.0
230440005150310,Urbana,1,Papicu,195,65.0,195.0,1144.75,1200.0,65.0,7.0,6.0,65.0,65.0
230440005150311,Urbana,1,Papicu,84,33.0,84.0,1276.72,1200.0,33.0,17.0,5.0,30.0,33.0
230440005150312,Urbana,0,Papicu,35,14.0,35.0,983.38,1212.0,14.0,0.0,0.0,14.0,14.0
230440005150313,Urbana,1,Papicu,1011,324.0,1011.0,1325.11,1212.0,324.0,264.0,9.0,316.0,324.0
230440005150314,Urbana,1,Mucuripe,121,43.0,121.0,2525.93,1212.0,43.0,16.0,0.0,42.0,43.0
230440005150315,Urbana,1,Mucuripe,113,41.0,113.0,1975.9,1500.0,41.0,8.0,0.0,40.0,41.0
230440005150316,Urbana,1,Mucuripe,504,160.0,497.0,1680.0,1250.0,160.0,155.0,,155.0,159.0
230440005150317,Urbana,0,Mucuripe,708,254.0,708.0,11536.64,10000.0,254.0,245.0,,252.0,254.0
230440005150318,Urbana,1,Vicente Pinzón,406,137.0,406.0,1476.12,1200.0,137.0,126.0,0.0,128.0,137.0
230440005150319,Urbana,1,Vicente Pinzón,227,83.0,227.0,2080.49,1300.0,83.0,83.0,0.0,83.0,83.0
230440005150320,Urbana,1,Vicente Pinzón,206,72.0,206.0,1237.69,1200.0,72.0,55.0,0.0,72.0,72.0
230440005150321,Urbana,1,Vicente Pinzón,643,224.0,643.0,1522.33,1212.0,224.0,200.0,17.0,219.0,223.0
230440005150322,Urbana,1,Vicente Pinzón,192,68.0,192.0,1293.59,1212.0,68.0,68.0,0.0,66.0,68.0
230440005150323,Urbana,1,Vicente Pinzón,266,87.0,266.0,1808.23,1212.0,87.0,84.0,,87.0,87.0
230440005150324,Urbana,1,Vicente Pinzón,433,133.0,433.0,1437.73,1212.0,133.0,128.0,,128.0,133.0
230440005150325,Urbana,0,Meireles,567,207.0,564.0,13613.53,11000.0,207.0,202.0,,181.0,206.0
230440005150326,Urbana,1,Vicente Pinzón,871,306.0,869.0,1201.8,1212.0,306.0,269.0,0.0,303.0,304.0
230440005150327,Urbana,0,Meireles,434,165.0,434.0,14753.39,12500.0,165.0,157.0,,164.0,165.0
230440005150328,Urbana,1,Vicente Pinzón,703,252.0,703.0,1954.57,1212.0,252.0,238.0,,223.0,252.0
230440005150329,Urbana,0,Aldeota,312,111.0,312.0,7627.36,5500.0,111.0,111.0,0.0,109.0,111.0
230440005150330,Urbana,0,Aldeota,659,214.0,659.0,12103.43,10000.0,214.0,214.0,0.0,199.0,214.0
230440005150331,Urbana,0,Meireles,650,294.0,650.0,4970.94,5000.0,294.0,8.0,286.0,292.0,294.0
230440005150332,Urbana,1,Vicente Pinzón,164,65.0,164.0,1786.7,1300.0,65.0,41.0,0.0,53.0,64.0
230440005150333,Urbana,0,Vicente Pinzón,148,46.0,137.0,3637.75,1212.0,46.0,39.0,3.0,38.0,43.0
230440005150334,Urbana,0,Papicu,42,19.0,42.0,1692.22,1212.0,19.0,14.0,,14.0,19.0
230440005150335,Urbana,1,Cais do Porto,544,236.0,544.0,1415.17,1200.0,236.0,218.0,0.0,220.0,234.0
230440005150336,Urbana,1,Mucuripe,241,88.0,241.0,2001.44,1212.0,88.0,87.0,,88.0,88.0
230440005150337,Urbana,1,Aldeota,358,130.0,358.0,1279.02,1212.0,130.0,100.0,,120.0,121.0
230440005150338,Urbana,1,Aldeota,185,72.0,184.0,1918.74,1500.0,72.0,71.0,0.0,72.0,72.0
230440005150339,Urbana,1,Papicu,338,109.0,338.0,1124.73,1212.0,109.0,70.0,17.0,93.0,109.0
230440005150340,Urbana,1,Aldeota,186,54.0,186.0,1383.3,1212.0,54.0,49.0,5.0,54.0,54.0
230440005150341,Urbana,1,Aldeota,50,18.0,50.0,1318.47,1212.0,18.0,3.0,,18.0,18.0
230440005150342,Urbana,0,Cais do Porto,102,37.0,102.0,1186.31,1200.0,37.0,15.0,22.0,31.0,37.0
230440005150343,Urbana,1,Cais do Porto,659,238.0,659.0,1355.41,1200.0,238.0,137.0,7.0,232.0,237.0
230440005150344,Urbana,1,Cais do Porto,693,248.0,693.0,1434.55,1212.0,248.0,12.0,,247.0,245.0
230440005150345,Urbana,0,Cais do Porto,98,34.0,98.0,1482.14,1200.0,34.0,26.0,0.0,28.0,23.0
230440005150346,Urbana,0,Papicu,612,326.0,612.0,8716.56,6250.0,326.0,323.0,0.0,325.0,324.0
230440005150347,Urbana,0,Papicu,890,306.0,890.0,15719.46,12000.0,306.0,306.0,0.0,306.0,306.0
230440005150348,Urbana,0,Vicente Pinzón,59,26.0,59.0,3420.96,2500.0,26.0,24.0,0.0,,24.0
230440005150350,Urbana,0,Vicente Pinzón,112,41.0,112.0,3227.08,2000.0,41.0,15.0,22.0,12.0,41.0
230440005150351,Urbana,1,Vicente Pinzón,193,65.0,193.0,1198.1,1212.0,65.0,43.0,0.0,59.0,65.0
230440005150352,Urbana,0,Papicu,283,108.0,283.0,6934.59,4500.0,108.0,108.0,0.0,102.0,108.0
230440005150353,Urbana,1,Cais do Porto,556,189.0,556.0,1469.82,1212.0,189.0,112.0,0.0,187.0,187.0
230440005150354,Urbana,4,Cais do Porto,9,,,,,,,,,
230440005150355,Urbana,4,Cais do Porto,0,,,,,,,,,
230440005150356,Urbana,1,Cais do Porto,41,13.0,41.0,1566.67,1200.0,13.0,0.0,13.0,12.0,13.0
230440005150357,Urbana,0,Vicente Pinzón,383,134.0,383.0,1553.59,1212.0,134.0,134.0,0.0,134.0,134.0
230440005150358,Urbana,0,Vicente Pinzón,675,204.0,675.0,1915.71,1212.0,204.0,189.0,6.0,197.0,204.0
230440005150359,Urbana,1,Vicente Pinzón,298,100.0,298.0,1020.2,1200.0,100.0,27.0,0.0,77.0,57.0
230440005150360,Urbana,1,Papicu,388,155.0,388.0,1628.17,1200.0,155.0,123.0,0.0,148.0,153.0
230440005150361,Urbana,0,Cais do Porto,367,123.0,367.0,1518.32,1212.0,123.0,114.0,,119.0,123.0
230440005150362,Urbana,1,Papicu,166,58.0,166.0,1251.31,1200.0,58.0,52.0,0.0,55.0,58.0
230440005150363,Urbana,0,Mucuripe,55,20.0,55.0,1233.6,1200.0,20.0,5.0,,17.0,19.0
230440005150364,Urbana,1,Mucuripe,467,167.0,467.0,1647.21,1212.0,167.0,83.0,25.0,124.0,167.0
230440005150365,Urbana,1,Mucuripe,66,28.0,66.0,1457.33,1200.0,28.0,19.0,,22.0,28.0
230440005150366,Urbana,4,Mucuripe,18,6.0,18.0,2016.67,1750.0,6.0,3.0,0.0,6.0,6.0
230440005150367,Urbana,4,Cais do Porto,10,,,,,,,,,
230440005150368,Urbana,4,Cais do Porto,0,,,,,,,,,
230440005150369,Urbana,1,Mucuripe,229,74.0,229.0,2449.85,1300.0,74.0,20.0,6.0,67.0,74.0
230440005150370,Urbana,1,Mucuripe,224,76.0,224.0,1873.31,1212.0,76.0,71.0,,66.0,76.0
230440005150371,Urbana,1,Cais do Porto,225,75.0,225.0,1287.63,1220.0,75.0,48.0,6.0,66.0,75.0
230440005150372,Urbana,0,Cais do Porto,163,57.0,163.0,2497.65,1500.0,57.0,44.0,,47.0,57.0
230440005150373,Urbana,1,Cais do Porto,243,89.0,243.0,1455.22,1200.0,89.0,14.0,23.0,82.0,89.0
230440005150374,Urbana,0,Vicente Pinzón,703,227.0,679.0,1612.01,1300.0,227.0,158.0,3.0,161.0,227.0
230440005150375,Urbana,1,Aldeota,714,243.0,714.0,1850.07,1212.0,243.0,229.0,11.0,239.0,243.0
230440005150376,Urbana,0,Mucuripe,273,124.0,273.0,8410.0,5500.0,124.0,94.0,27.0,122.0,124.0
230440005150377,Urbana,0,Mucuripe,263,117.0,263.0,11334.87,9400.0,117.0,115.0,,116.0,117.0
230440005150378,Urbana,1,Cais do Porto,684,224.0,684.0,1317.33,1212.0,224.0,154.0,0.0,213.0,224.0
230440005150379,Urbana,1,Cais do Porto,472,140.0,472.0,1240.98,1200.0,140.0,138.0,0.0,140.0,140.0
230440005150380,Urbana,1,Vicente Pinzón,308,119.0,308.0,2952.48,1600.0,119.0,113.0,5.0,116.0,119.0
230440005150381,Urbana,1,Vicente Pinzón,704,227.0,704.0,1061.26,1200.0,227.0,227.0,0.0,226.0,227.0
230440005150382,Urbana,0,Joaquim Távora,662,240.0,662.0,4070.8,2000.0,240.0,235.0,,237.0,240.0
230440005150383,Urbana,0,Joaquim Távora,636,237.0,634.0,2816.0,1500.0,237.0,236.0,,226.0,237.0
230440005150384,Urbana,0,Joaquim Távora,759,302.0,754.0,4401.53,3000.0,302.0,301.0,0.0,191.0,302.0
230440005150385,Urbana,0,Joaquim Távora,648,254.0,647.0,8775.81,6000.0,254.0,254.0,0.0,251.0,254.0
230440005150386,Urbana,0,Joaquim Távora,636,243.0,636.0,7402.74,5300.0,243.0,238.0,5.0,183.0,243.0
230440005150387,Urbana,0,Joaquim Távora,351,133.0,351.0,7149.82,5000.0,133.0,130.0,,127.0,133.0
230440005150388,Urbana,0,Joaquim Távora,228,83.0,228.0,4871.21,3001.0,83.0,81.0,,80.0,83.0
230440005150389,Urbana,0,Joaquim Távora,568,219.0,568.0,7385.22,5000.0,219.0,219.0,0.0,216.0,218.0
230440005150390,Urbana,0,Joaquim Távora,688,247.0,688.0,5304.96,3500.0,247.0,240.0,3.0,228.0,245.0
230440005150391,Urbana,1,Joaquim Távora,433,140.0,433.0,1570.27,1212.0,140.0,130.0,0.0,120.0,138.0
230440005150392,Urbana,0,Joaquim Távora,412,146.0,412.0,3839.94,2300.0,146.0,145.0,,138.0,146.0
230440005150393,Urbana,0,Joaquim Távora,436,150.0,436.0,3391.15,2000.5,150.0,143.0,6.0,140.0,149.0
230440005150394,Urbana,0,Joaquim Távora,664,234.0,664.0,2296.06,1341.0,234.0,230.0,0.0,224.0,234.0
230440005150395,Urbana,0,Joaquim Távora,478,180.0,478.0,2736.63,1500.0,180.0,180.0,0.0,175.0,179.0
230440005150396,Urbana,0,Joaquim Távora,515,193.0,485.0,2542.01,1500.0,193.0,185.0,3.0,184.0,192.0
230440005150397,Urbana,0,Joaquim Távora,321,132.0,321.0,5420.82,4550.0,132.0,132.0,0.0,46.0,132.0
230440005150398,Urbana,0,Joaquim Távora,751,302.0,751.0,3570.92,2000.0,302.0,301.0,0.0,291.0,302.0
230440005150399,Urbana,0,Joaquim Távora,506,180.0,506.0,8006.51,5000.0,180.0,180.0,0.0,149.0,180.0
230440005150400,Urbana,0,Joaquim Távora,317,116.0,307.0,11116.48,8000.0,116.0,25.0,87.0,95.0,116.0
230440005150401,Urbana,0,Joaquim Távora,486,191.0,474.0,7264.22,5000.0,191.0,190.0,,177.0,191.0
230440005150402,Urbana,0,Joaquim Távora,600,220.0,600.0,6914.58,5000.0,220.0,219.0,,201.0,220.0
230440005150403,Urbana,0,Joaquim Távora,288,109.0,288.0,5274.45,3500.0,109.0,104.0,4.0,87.0,109.0
230440005150404,Urbana,0,Joaquim Távora,574,213.0,574.0,4722.74,3400.0,213.0,213.0,0.0,173.0,213.0
230440005150405,Urbana,0,Joaquim Távora,956,419.0,956.0,3260.57,2400.0,419.0,344.0,40.0,407.0,419.0
230440005150406,Urbana,0,Joaquim Távora,608,286.0,608.0,2116.45,1300.0,286.0,269.0,4.0,275.0,284.0
230440005150407,Urbana,0,Joaquim Távora,597,229.0,597.0,2794.88,1500.0,229.0,215.0,12.0,174.0,229.0
230440005150408,Urbana,0,Joaquim Távora,1005,392.0,1005.0,7933.1,5000.0,392.0,375.0,14.0,385.0,391.0
230440005150409,Urbana,0,Joaquim Távora,689,294.0,689.0,3080.06,2000.0,294.0,269.0,16.0,220.0,292.0
230440005150410,Urbana,0,Joaquim Távora,1139,484.0,1139.0,6787.51,5000.0,484.0,470.0,14.0,484.0,483.0
230440005150411,Urbana,0,Joaquim Távora,521,197.0,521.0,3153.61,2000.0,197.0,182.0,12.0,186.0,196.0
230440005150412,Urbana,0,Joaquim Távora,317,142.0,317.0,4158.59,3000.0,142.0,131.0,6.0,134.0,141.0
230440005150413,Urbana,0,Joaquim Távora,618,243.0,618.0,3037.01,1600.0,243.0,237.0,4.0,216.0,196.0
230440005150414,Urbana,0,Dionísio Torres,248,83.0,248.0,8497.48,6050.0,83.0,83.0,0.0,70.0,83.0
230440005150415,Urbana,0,Dionísio Torres,621,227.0,621.0,10221.29,9000.0,227.0,226.0,,227.0,227.0
230440005150416,Urbana,0,Dionísio Torres,258,99.0,258.0,8274.51,7000.0,99.0,98.0,,96.0,97.0
230440005150417,Urbana,0,Dionísio Torres,532,196.0,532.0,11123.89,9650.0,196.0,196.0,0.0,195.0,195.0
230440005150418,Urbana,0,Dionísio Torres,546,199.0,546.0,10409.22,7000.0,199.0,193.0,3.0,191.0,199.0
230440005150419,Urbana,0,Dionísio Torres,241,102.0,241.0,4129.57,3300.0,102.0,102.0,0.0,101.0,102.0
230440005150420,Urbana,1,Dionísio Torres,252,94.0,252.0,1358.23,1213.0,94.0,90.0,,89.0,94.0
230440005150421,Urbana,0,Dionísio Torres,402,148.0,402.0,7165.28,5000.0,148.0,144.0,,108.0,147.0
230440005150422,Urbana,0,Dionísio Torres,496,178.0,496.0,30432.13,7000.0,178.0,177.0,,172.0,178.0
230440005150423,Urbana,0,Dionísio Torres,553,200.0,553.0,7860.43,5001.0,200.0,198.0,,196.0,200.0
230440005150424,Urbana,0,Dionísio Torres,1103,420.0,1103.0,9964.23,7200.0,420.0,413.0,7.0,384.0,420.0
230440005150425,Urbana,0,Dionísio Torres,428,153.0,421.0,10592.77,8000.0,153.0,153.0,0.0,151.0,153.0
230440005150426,Urbana,0,Dionísio Torres,930,334.0,930.0,11666.85,10000.0,334.0,334.0,0.0,330.0,334.0
230440005150427,Urbana,0,Dionísio Torres,642,229.0,642.0,10423.36,8600.0,229.0,229.0,0.0,221.0,229.0
230440005150428,Urbana,4,Dionísio Torres,12,5.0,12.0,1177.6,1200.0,5.0,5.0,0.0,4.0,3.0
230440005150429,Urbana,0,Dionísio Torres,537,208.0,537.0,9087.09,7000.0,208.0,201.0,5.0,151.0,208.0
230440005150430,Urbana,0,Dionísio Torres,204,71.0,194.0,8272.82,6250.0,71.0,71.0,0.0,70.0,71.0
230440005150431,Urbana,0,Dionísio Torres,363,128.0,363.0,12395.86,10000.0,128.0,124.0,,113.0,128.0
230440005150432,Urbana,0,Dionísio Torres,522,184.0,485.0,7683.8,5000.0,184.0,183.0,,177.0,183.0
230440005150433,Urbana,0,Dionísio Torres,446,172.0,446.0,4797.72,3300.0,172.0,166.0,5.0,165.0,172.0
230440005150434,Urbana,0,Dionísio Torres,903,350.0,903.0,8331.08,6000.0,350.0,343.0,5.0,321.0,350.0
230440005150435,Urbana,0,Dionísio Torres,628,258.0,628.0,9712.98,7000.0,258.0,257.0,0.0,244.0,257.0
230440005150436,Urbana,0,Dionísio Torres,546,199.0,530.0,12787.73,10000.0,199.0,193.0,6.0,181.0,198.0
230440005150437,Urbana,0,São João do Tauape,813,312.0,812.0,2890.6,1800.0,312.0,303.0,,295.0,312.0
230440005150438,Urbana,0,São João do Tauape,559,196.0,559.0,2914.32,1600.0,196.0,196.0,0.0,189.0,195.0
230440005150439,Urbana,0,São João do Tauape,449,169.0,449.0,2974.17,2000.0,169.0,169.0,0.0,169.0,169.0
230440005150440,Urbana,0,São João do Tauape,501,174.0,496.0,4141.44,2800.0,174.0,172.0,,172.0,173.0
230440005150441,Urbana,0,São João do Tauape,635,238.0,635.0,3108.61,2000.0,238.0,237.0,,216.0,238.0
230440005150442,Urbana,0,São João do Tauape,738,273.0,737.0,3882.53,2800.0,273.0,272.0,,256.0,272.0
230440005150443,Urbana,0,São João do Tauape,837,370.0,837.0,5367.51,3000.0,370.0,363.0,,337.0,370.0
230440005150444,Urbana,0,São João do Tauape,763,288.0,763.0,5291.69,3000.5,288.0,284.0,,253.0,287.0
230440005150445,Urbana,0,São João do Tauape,559,199.0,550.0,6838.45,5001.0,199.0,196.0,,190.0,198.0
230440005150446,Urbana,0,São João do Tauape,467,176.0,467.0,4633.25,3000.0,176.0,172.0,,162.0,175.0
230440005150447,Urbana,0,São João do Tauape,586,213.0,586.0,2572.39,1500.0,213.0,212.0,,200.0,213.0
230440005150448,Urbana,0,São João do Tauape,476,211.0,476.0,1923.67,1272.5,211.0,210.0,0.0,209.0,211.0
230440005150449,Urbana,0,São João do Tauape,590,206.0,590.0,2320.25,1212.0,206.0,206.0,0.0,199.0,205.0
230440005150450,Urbana,0,São João do Tauape,148,53.0,148.0,3445.73,2000.0,53.0,53.0,0.0,52.0,53.0
230440005150451,Urbana,0,São João do Tauape,692,287.0,692.0,3200.46,2000.0,287.0,285.0,,270.0,287.0
230440005150452,Urbana,1,São João do Tauape,428,158.0,428.0,1139.3,1200.0,158.0,51.0,4.0,143.0,151.0
230440005150453,Urbana,0,São João do Tauape,698,244.0,698.0,1439.58,1212.0,244.0,241.0,,231.0,244.0
230440005150454,Urbana,0,São João do Tauape,702,267.0,702.0,3304.99,2000.5,267.0,264.0,,261.0,265.0
230440005150455,Urbana,0,São João do Tauape,399,150.0,399.0,4934.78,3250.0,150.0,150.0,0.0,116.0,150.0
230440005150456,Urbana,0,São João do Tauape,653,263.0,650.0,3658.33,2400.0,263.0,262.0,0.0,239.0,261.0
230440005150457,Urbana,0,São João do Tauape,319,122.0,319.0,3192.48,2001.0,122.0,109.0,,106.0,122.0
230440005150458,Urbana,0,São João do Tauape,729,264.0,729.0,1299.53,1212.0,264.0,257.0,0.0,238.0,264.0
230440005150459,Urbana,0,São João do Tauape,352,135.0,352.0,2070.99,1212.0,135.0,125.0,,108.0,135.0
230440005150460,Urbana,0,São João do Tauape,487,163.0,487.0,2075.79,1212.0,163.0,153.0,3.0,146.0,163.0
230440005150461,Urbana,1,São João do Tauape,55,25.0,55.0,1583.44,1200.0,25.0,25.0,0.0,21.0,24.0
230440005150462,Urbana,1,São João do Tauape,858,331.0,858.0,1127.48,1212.0,331.0,329.0,,310.0,331.0
230440005150463,Urbana,1,São João do Tauape,565,207.0,565.0,1091.81,1212.0,207.0,207.0,0.0,202.0,207.0
230440005150464,Urbana,1,São João do Tauape,599,223.0,599.0,1080.98,1212.0,223.0,170.0,0.0,212.0,222.0
230440005150465,Urbana,1,São João do Tauape,405,149.0,405.0,1075.81,1212.0,149.0,144.0,,136.0,149.0
230440005150466,Urbana,1,São João do Tauape,432,143.0,431.0,1105.55,1212.0,143.0,129.0,13.0,132.0,143.0
230440005150467,Urbana,1,São João do Tauape,381,130.0,381.0,1203.69,1212.0,130.0,121.0,,120.0,129.0
230440005150468,Urbana,0,São João do Tauape,142,44.0,142.0,6934.13,2500.0,44.0,37.0,,29.0,44.0
230440005150469,Urbana,0,São João do Tauape,962,323.0,962.0,12067.57,8000.0,323.0,318.0,3.0,317.0,323.0
230440005150470,Urbana,0,Joaquim Távora,489,187.0,489.0,7011.14,5500.0,187.0,187.0,0.0,187.0,187.0
230440005150471,Urbana,0,Joaquim Távora,201,88.0,201.0,3344.15,2000.0,88.0,88.0,0.0,87.0,88.0
230440005150472,Urbana,0,Dionísio Torres,576,202.0,576.0,12474.79,10000.0,202.0,202.0,0.0,201.0,202.0
230440005150473,Urbana,0,São João do Tauape,428,183.0,428.0,5402.08,4000.0,183.0,182.0,0.0,27.0,183.0
230440005150474,Urbana,0,Dionísio Torres,767,264.0,765.0,11799.57,10000.0,264.0,257.0,6.0,232.0,263.0
230440005150475,Urbana,0,São João do Tauape,564,192.0,563.0,2934.89,1700.0,192.0,164.0,7.0,186.0,192.0
230440005150476,Urbana,0,São João do Tauape,529,199.0,529.0,4960.34,4000.0,199.0,196.0,,196.0,199.0
230440005150477,Urbana,0,São João do Tauape,377,139.0,377.0,4144.8,2500.0,139.0,138.0,0.0,134.0,139.0
230440005150478,Urbana,0,São João do Tauape,593,228.0,593.0,11136.93,8000.0,228.0,226.0,0.0,173.0,227.0
230440005150479,Urbana,1,São João do Tauape,347,147.0,347.0,1557.99,1200.0,147.0,145.0,0.0,96.0,144.0
230440005150480,Urbana,1,São João do Tauape,239,82.0,239.0,1553.0,1212.0,82.0,79.0,3.0,77.0,82.0
230440005150481,Urbana,1,São João do Tauape,133,47.0,133.0,1557.63,1212.0,47.0,47.0,0.0,40.0,47.0
230440005150482,Urbana,1,São João do Tauape,133,48.0,133.0,1564.25,1212.0,48.0,48.0,0.0,39.0,47.0
230440005150483,Urbana,1,São João do Tauape,37,13.0,37.0,2252.18,2000.0,13.0,13.0,0.0,13.0,13.0
230440005150484,Urbana,1,São João do Tauape,360,131.0,360.0,1385.14,1212.0,131.0,129.0,,124.0,131.0
230440005150485,Urbana,1,São João do Tauape,38,14.0,38.0,1700.86,1550.0,14.0,14.0,0.0,14.0,14.0
230440005150486,Urbana,0,Joaquim Távora,645,258.0,645.0,8282.48,7000.0,258.0,255.0,3.0,225.0,247.0
230440005150487,Urbana,0,Dionísio Torres,267,112.0,267.0,6100.92,5000.0,112.0,107.0,4.0,100.0,111.0
230440005150488,Urbana,1,São João do Tauape,520,199.0,519.0,986.59,1200.0,199.0,43.0,,170.0,198.0
230440005150489,Urbana,0,Joaquim Távora,46,11.0,46.0,1358.64,1200.0,11.0,11.0,0.0,11.0,11.0
230440005150490,Urbana,0,São João do Tauape,603,279.0,603.0,3619.32,2800.0,279.0,277.0,,275.0,279.0
230440005150491,Urbana,4,São João do Tauape,0,,,,,,,,,
230440005150492,Urbana,0,Joaquim Távora,824,319.0,823.0,3943.47,2200.0,319.0,318.0,0.0,308.0,317.0
230440005150493,Urbana,1,São João do Tauape,431,154.0,431.0,1753.66,1212.0,154.0,150.0,,141.0,153.0
230440005150494,Urbana,1,São João do Tauape,87,32.0,87.0,1953.03,1212.0,32.0,18.0,7.0,31.0,32.0
230440005150495,Urbana,1,Dionísio Torres,115,37.0,115.0,1327.0,1212.0,37.0,37.0,0.0,37.0,37.0
230440005150496,Urbana,4,São João do Tauape,28,8.0,28.0,1658.86,1200.0,8.0,0.0,0.0,8.0,8.0
230440005150497,Urbana,1,Joaquim Távora,137,50.0,137.0,1240.15,1001.0,50.0,50.0,0.0,50.0,50.0
230440005150498,Urbana,0,Dionísio Torres,737,241.0,737.0,15513.22,14000.0,241.0,239.0,,239.0,241.0
230440005150499,Urbana,1,Vicente Pinzón,664,232.0,664.0,1739.25,1212.0,232.0,111.0,7.0,210.0,232.0
230440005150500,Urbana,1,Vicente Pinzón,919,300.0,919.0,1511.77,1250.0,300.0,272.0,6.0,298.0,300.0
230440005150501,Urbana,4,Cais do Porto,0,,,,,,,,,
230440005160001,Urbana,1,Rodolfo Teófilo,484,166.0,484.0,2186.75,1350.0,166.0,164.0,0.0,153.0,165.0
230440005160002,Urbana,0,Rodolfo Teófilo,73,25.0,73.0,4162.4,3000.0,25.0,25.0,0.0,25.0,25.0
230440005160003,Urbana,1,Rodolfo Teófilo,173,67.0,173.0,2335.0,1212.0,67.0,67.0,0.0,55.0,67.0
230440005160004,Urbana,0,Rodolfo Teófilo,810,276.0,810.0,2792.74,1558.0,276.0,270.0,6.0,228.0,276.0
230440005160005,Urbana,4,Rodolfo Teófilo,0,,,,,,,,,
230440005160006,Urbana,0,Rodolfo Teófilo,512,174.0,512.0,2763.66,1500.0,174.0,169.0,0.0,168.0,174.0
230440005160007,Urbana,0,Rodolfo Teófilo,902,325.0,902.0,2029.24,1212.0,325.0,271.0,,308.0,325.0
230440005160008,Urbana,0,Rodolfo Teófilo,708,246.0,708.0,3666.07,2013.5,246.0,245.0,0.0,216.0,246.0
230440005160009,Urbana,0,Rodolfo Teófilo,183,70.0,183.0,2034.33,1212.0,70.0,67.0,0.0,60.0,70.0
230440005160010,Urbana,0,Rodolfo Teófilo,894,340.0,894.0,2954.49,1700.0,340.0,337.0,0.0,313.0,340.0
230440005160011,Urbana,0,Rodolfo Teófilo,207,77.0,207.0,2929.3,2000.0,77.0,77.0,0.0,63.0,77.0
230440005160012,Urbana,0,Rodolfo Teófilo,638,242.0,638.0,2472.67,1650.0,242.0,238.0,,181.0,242.0
230440005160013,Urbana,0,Rodolfo Teófilo,750,285.0,750.0,3035.0,2100.0,285.0,285.0,0.0,247.0,284.0
230440005160014,Urbana,0,Rodolfo Teófilo,896,346.0,896.0,2934.51,1650.0,346.0,342.0,3.0,293.0,344.0
230440005160015,Urbana,0,Rodolfo Teófilo,358,120.0,358.0,2422.85,1600.0,120.0,119.0,0.0,109.0,120.0
230440005160016,Urbana,0,Rodolfo Teófilo,279,98.0,279.0,2430.33,1330.0,98.0,97.0,,72.0,98.0
230440005160017,Urbana,0,Rodolfo Teófilo,737,243.0,730.0,2436.49,1212.0,243.0,241.0,0.0,208.0,243.0
230440005160018,Urbana,0,Rodolfo Teófilo,914,306.0,914.0,2634.02,1500.0,306.0,303.0,0.0,258.0,306.0
230440005160019,Urbana,0,Rodolfo Teófilo,600,189.0,600.0,2909.65,1600.0,189.0,187.0,,177.0,188.0
230440005160020,Urbana,0,Rodolfo Teófilo,613,203.0,613.0,3356.08,2300.0,203.0,200.0,0.0,166.0,203.0
230440005160021,Urbana,0,Rodolfo Teófilo,609,230.0,609.0,3417.07,2000.0,230.0,229.0,0.0,192.0,230.0
230440005160022,Urbana,0,Rodolfo Teófilo,760,287.0,760.0,4634.23,3000.0,287.0,286.0,,135.0,287.0
230440005160023,Urbana,0,Rodolfo Teófilo,776,281.0,775.0,3145.93,1800.0,281.0,281.0,0.0,195.0,281.0
230440005160024,Urbana,0,Rodolfo Teófilo,385,163.0,385.0,3089.64,2000.0,163.0,160.0,,160.0,163.0
230440005160025,Urbana,0,Parque Araxá,864,306.0,864.0,2860.91,1800.0,306.0,305.0,0.0,252.0,306.0
230440005160026,Urbana,0,Parque Araxá,772,277.0,770.0,2351.84,1500.0,277.0,277.0,0.0,264.0,277.0
230440005160027,Urbana,0,Parque Araxá,394,147.0,394.0,1751.61,1212.0,147.0,146.0,0.0,127.0,147.0
230440005160028,Urbana,0,Parque Araxá,866,301.0,866.0,2169.6,1220.0,301.0,292.0,4.0,249.0,299.0
230440005160029,Urbana,0,Parque Araxá,914,312.0,911.0,3081.19,2000.0,312.0,309.0,,267.0,312.0
230440005160030,Urbana,0,Parque Araxá,779,292.0,774.0,4336.37,3000.0,292.0,281.0,9.0,269.0,291.0
230440005160031,Urbana,0,Parque Araxá,772,276.0,772.0,3135.72,2000.0,276.0,273.0,,236.0,275.0
230440005160032,Urbana,0,Parque Araxá,739,256.0,739.0,4742.56,2500.0,256.0,253.0,,244.0,256.0
230440005160033,Urbana,0,Parquelândia,546,195.0,546.0,4599.37,2500.0,195.0,195.0,0.0,173.0,195.0
230440005160034,Urbana,0,Parquelândia,901,311.0,901.0,3920.96,2500.0,311.0,311.0,0.0,301.0,310.0
230440005160035,Urbana,0,Parquelândia,674,255.0,674.0,3824.75,2400.0,255.0,254.0,,199.0,255.0
230440005160036,Urbana,0,Parquelândia,575,221.0,573.0,3927.41,3000.0,221.0,219.0,,181.0,221.0
230440005160037,Urbana,0,Parquelândia,676,254.0,666.0,3939.39,2500.0,254.0,254.0,0.0,178.0,254.0
230440005160038,Urbana,0,Parquelândia,808,309.0,808.0,4964.12,3500.0,309.0,301.0,,264.0,309.0
230440005160039,Urbana,0,Parquelândia,485,186.0,485.0,4263.45,3000.0,186.0,181.0,3.0,164.0,186.0
230440005160040,Urbana,0,Parquelândia,659,239.0,655.0,4078.57,2450.0,239.0,233.0,,229.0,238.0
230440005160041,Urbana,0,Parquelândia,682,276.0,682.0,6289.0,4500.0,276.0,276.0,0.0,263.0,275.0
230440005160042,Urbana,0,Parquelândia,618,261.0,615.0,3367.68,2000.0,261.0,240.0,3.0,168.0,260.0
230440005160043,Urbana,0,Parquelândia,509,181.0,509.0,2897.33,1558.0,181.0,178.0,0.0,162.0,181.0
230440005160044,Urbana,0,Parquelândia,564,207.0,564.0,3891.35,2500.0,207.0,204.0,,178.0,206.0
230440005160045,Urbana,0,Parquelândia,608,216.0,608.0,3263.04,2000.0,216.0,212.0,0.0,194.0,216.0
230440005160046,Urbana,0,Parquelândia,850,339.0,850.0,2319.69,1800.0,339.0,329.0,,230.0,334.0
230440005160047,Urbana,0,Parquelândia,819,302.0,819.0,4311.78,3000.0,302.0,301.0,,239.0,302.0
230440005160048,Urbana,0,Amadeu Furtado,589,206.0,589.0,2347.54,1212.0,206.0,204.0,,171.0,205.0
230440005160049,Urbana,0,Amadeu Furtado,576,204.0,576.0,3843.85,2424.0,204.0,204.0,0.0,188.0,202.0
230440005160050,Urbana,0,Amadeu Furtado,494,185.0,494.0,2265.6,2000.0,185.0,178.0,4.0,167.0,185.0
230440005160051,Urbana,0,Amadeu Furtado,898,333.0,898.0,2590.67,1500.0,333.0,333.0,0.0,281.0,333.0
230440005160052,Urbana,0,Amadeu Furtado,890,301.0,851.0,3029.06,1550.0,301.0,290.0,8.0,276.0,299.0
230440005160053,Urbana,0,Amadeu Furtado,913,327.0,913.0,6950.93,4000.0,327.0,323.0,3.0,276.0,323.0
230440005160054,Urbana,0,Amadeu Furtado,869,297.0,856.0,6380.06,4152.5,297.0,294.0,0.0,232.0,297.0
230440005160055,Urbana,0,Amadeu Furtado,692,234.0,692.0,4317.56,2500.0,234.0,228.0,,199.0,234.0
230440005160056,Urbana,1,Amadeu Furtado,198,63.0,198.0,1437.05,1212.0,63.0,63.0,0.0,50.0,63.0
230440005160057,Urbana,0,Amadeu Furtado,194,64.0,194.0,2203.16,1212.0,64.0,63.0,0.0,62.0,64.0
230440005160058,Urbana,0,Amadeu Furtado,783,266.0,783.0,3056.55,1600.0,266.0,258.0,0.0,160.0,266.0
230440005160059,Urbana,1,Amadeu Furtado,139,53.0,139.0,1930.64,1212.0,53.0,53.0,0.0,32.0,53.0
230440005160060,Urbana,1,Amadeu Furtado,175,61.0,175.0,2048.88,1500.0,61.0,61.0,0.0,61.0,61.0
230440005160061,Urbana,0,Amadeu Furtado,882,331.0,882.0,3092.13,2000.0,331.0,325.0,,224.0,329.0
230440005160062,Urbana,1,Amadeu Furtado,219,75.0,219.0,2082.19,1206.0,75.0,73.0,,66.0,73.0
230440005160063,Urbana,0,Rodolfo Teófilo,605,233.0,605.0,2188.54,1212.0,233.0,214.0,0.0,201.0,233.0
230440005160064,Urbana,0,Rodolfo Teófilo,499,204.0,496.0,2242.15,1310.0,204.0,203.0,0.0,156.0,204.0
230440005160065,Urbana,0,Rodolfo Teófilo,598,214.0,598.0,2889.13,1620.0,214.0,210.0,,136.0,214.0
230440005160066,Urbana,0,Parquelândia,712,274.0,712.0,4093.72,3500.0,274.0,274.0,0.0,266.0,273.0
230440005160067,Urbana,0,Parquelândia,947,367.0,947.0,4272.91,2000.0,367.0,365.0,0.0,294.0,367.0
230440005160068,Urbana,1,Amadeu Furtado,230,79.0,230.0,1900.04,1212.0,79.0,79.0,0.0,69.0,79.0
230440005160069,Urbana,0,Parquelândia,1209,471.0,1207.0,5860.26,4000.0,471.0,418.0,9.0,388.0,470.0
230440005160070,Urbana,0,Amadeu Furtado,575,192.0,575.0,3954.46,2000.0,192.0,188.0,0.0,168.0,191.0
230440005160071,Urbana,0,Amadeu Furtado,253,86.0,250.0,2601.76,1212.0,86.0,86.0,0.0,84.0,86.0
230440005160072,Urbana,0,Rodolfo Teófilo,268,108.0,268.0,4443.22,3640.0,108.0,108.0,0.0,101.0,107.0
230440005160073,Urbana,1,Rodolfo Teófilo,238,79.0,238.0,1143.52,1212.0,79.0,78.0,,78.0,78.0
230440005160074,Urbana,0,Rodolfo Teófilo,598,207.0,598.0,3914.36,2400.0,207.0,199.0,0.0,170.0,207.0
230440005160075,Urbana,0,Amadeu Furtado,112,35.0,112.0,4150.86,2000.0,35.0,35.0,0.0,22.0,35.0
230440005160076,Urbana,0,Antônio Bezerra,1367,461.0,1367.0,1756.23,1212.0,461.0,452.0,,344.0,461.0
230440005160077,Urbana,0,Antônio Bezerra,677,243.0,677.0,3225.38,2001.0,243.0,239.0,,160.0,241.0
230440005160078,Urbana,0,Antônio Bezerra,1170,315.0,1170.0,2350.79,1500.0,315.0,217.0,0.0,314.0,315.0
230440005160079,Urbana,0,Antônio Bezerra,867,306.0,867.0,3016.59,2200.0,306.0,305.0,,261.0,306.0
230440005160080,Urbana,1,Antônio Bezerra,576,197.0,576.0,1303.37,1212.0,197.0,182.0,0.0,189.0,197.0
230440005160081,Urbana,1,Antônio Bezerra,711,244.0,711.0,1423.54,1212.0,244.0,221.0,5.0,232.0,244.0
230440005160082,Urbana,0,Antônio Bezerra,710,220.0,710.0,2102.59,1400.0,220.0,210.0,4.0,185.0,220.0
230440005160083,Urbana,1,Antônio Bezerra,740,246.0,740.0,1090.42,1200.0,246.0,232.0,,239.0,245.0
230440005160084,Urbana,0,Antônio Bezerra,1048,371.0,1048.0,2159.59,1375.0,371.0,339.0,20.0,301.0,371.0
230440005160085,Urbana,0,Antônio Bezerra,324,116.0,324.0,2359.12,1425.0,116.0,99.0,,109.0,116.0
230440005160086,Urbana,0,Antônio Bezerra,501,175.0,498.0,1965.37,1212.0,175.0,159.0,,162.0,174.0
230440005160087,Urbana,0,Antônio Bezerra,398,133.0,398.0,2208.57,1212.0,133.0,123.0,4.0,124.0,133.0
230440005160088,Urbana,0,Antônio Bezerra,637,235.0,637.0,2285.76,1212.0,235.0,230.0,0.0,203.0,235.0
230440005160089,Urbana,0,Antônio Bezerra,306,100.0,297.0,2147.8,1300.0,100.0,95.0,0.0,99.0,100.0
230440005160090,Urbana,0,Antônio Bezerra,711,238.0,711.0,3270.58,2600.0,238.0,236.0,0.0,187.0,237.0
230440005160091,Urbana,0,Antônio Bezerra,636,226.0,636.0,2125.14,1212.0,226.0,216.0,0.0,187.0,225.0
230440005160092,Urbana,0,Antônio Bezerra,613,211.0,607.0,2532.49,1400.0,211.0,167.0,8.0,164.0,211.0
230440005160093,Urbana,0,Antônio Bezerra,499,163.0,499.0,1923.92,1212.0,163.0,153.0,7.0,144.0,163.0
230440005160094,Urbana,0,Antônio Bezerra,1188,432.0,1188.0,2541.4,1500.0,432.0,379.0,0.0,344.0,431.0
230440005160095,Urbana,0,Antônio Bezerra,1321,439.0,1321.0,2411.9,1300.0,439.0,430.0,,349.0,439.0
230440005160096,Urbana,0,Antônio Bezerra,605,211.0,605.0,2578.9,2000.0,211.0,208.0,,175.0,211.0
230440005160097,Urbana,0,Quintino Cunha,598,186.0,598.0,1577.6,1212.0,186.0,180.0,4.0,144.0,186.0
230440005160098,Urbana,0,Quintino Cunha,960,315.0,960.0,1645.72,1212.0,315.0,310.0,3.0,301.0,315.0
230440005160099,Urbana,0,Quintino Cunha,751,258.0,751.0,2131.48,1500.0,258.0,249.0,0.0,125.0,258.0
230440005160100,Urbana,0,Quintino Cunha,249,86.0,249.0,1662.05,1212.0,86.0,62.0,,57.0,86.0
230440005160101,Urbana,1,Quintino Cunha,767,285.0,767.0,1099.91,1200.0,285.0,254.0,0.0,236.0,283.0
230440005160102,Urbana,1,Quintino Cunha,689,244.0,689.0,1173.47,1212.0,244.0,241.0,0.0,244.0,244.0
230440005160103,Urbana,1,Quintino Cunha,491,167.0,491.0,1278.53,1200.0,167.0,126.0,0.0,151.0,167.0
230440005160104,Urbana,1,Quintino Cunha,855,291.0,855.0,1251.25,1212.0,291.0,285.0,0.0,291.0,291.0
230440005160105,Urbana,0,Quintino Cunha,854,292.0,854.0,2720.5,1500.0,292.0,273.0,3.0,222.0,292.0
230440005160106,Urbana,0,Quintino Cunha,518,192.0,518.0,2566.97,2000.0,192.0,189.0,0.0,156.0,192.0
230440005160107,Urbana,1,Quintino Cunha,844,274.0,844.0,1289.49,1212.0,274.0,137.0,13.0,238.0,274.0
230440005160108,Urbana,1,Quintino Cunha,503,157.0,503.0,1111.78,1212.0,157.0,137.0,3.0,141.0,156.0
230440005160109,Urbana,4,Quintino Cunha,0,,,,,,,,,
230440005160110,Urbana,1,Quintino Cunha,484,163.0,484.0,1218.57,1200.0,163.0,131.0,,157.0,162.0
230440005160111,Urbana,1,Quintino Cunha,170,63.0,170.0,1177.14,1212.0,63.0,22.0,0.0,61.0,58.0
230440005160112,Urbana,1,Quintino Cunha,554,191.0,554.0,1296.86,1200.0,191.0,59.0,0.0,186.0,191.0
230440005160113,Urbana,0,Quintino Cunha,658,217.0,658.0,1216.92,1200.0,217.0,201.0,10.0,189.0,216.0
230440005160114,Urbana,0,Quintino Cunha,491,157.0,491.0,1298.18,1212.0,157.0,151.0,0.0,142.0,157.0
230440005160115,Urbana,0,Quintino Cunha,825,280.0,825.0,1481.24,1212.0,280.0,280.0,0.0,264.0,280.0
230440005160116,Urbana,0,Quintino Cunha,874,317.0,874.0,1420.4,1212.0,317.0,316.0,0.0,267.0,317.0
230440005160117,Urbana,0,Quintino Cunha,466,173.0,466.0,1252.74,1212.0,173.0,173.0,0.0,161.0,173.0
230440005160118,Urbana,0,Quintino Cunha,951,325.0,951.0,2749.12,1500.0,325.0,321.0,,244.0,324.0
230440005160119,Urbana,0,Quintino Cunha,1032,373.0,1032.0,2114.2,1500.0,373.0,366.0,,224.0,373.0
230440005160120,Urbana,0,Olavo Oliveira,770,271.0,770.0,1436.34,1212.0,271.0,267.0,,213.0,269.0
230440005160121,Urbana,0,Olavo Oliveira,846,307.0,846.0,1751.12,1212.0,307.0,294.0,0.0,193.0,307.0
230440005160122,Urbana,0,Olavo Oliveira,810,274.0,810.0,1954.03,1212.0,274.0,274.0,0.0,228.0,274.0
230440005160123,Urbana,0,Olavo Oliveira,642,227.0,642.0,1996.98,1300.0,227.0,226.0,0.0,108.0,226.0
230440005160124,Urbana,0,Olavo Oliveira,863,307.0,863.0,1793.69,1212.0,307.0,307.0,0.0,268.0,307.0
230440005160125,Urbana,0,Olavo Oliveira,1091,386.0,1091.0,1379.15,1220.0,386.0,378.0,0.0,240.0,386.0
230440005160126,Urbana,0,Olavo Oliveira,845,282.0,845.0,1590.16,1212.0,282.0,282.0,0.0,278.0,282.0
230440005160127,Urbana,1,Olavo Oliveira,954,298.0,954.0,1191.16,1212.0,298.0,292.0,0.0,270.0,298.0
230440005160128,Urbana,0,Olavo Oliveira,914,311.0,914.0,1464.62,1212.0,311.0,289.0,4.0,280.0,310.0
230440005160129,Urbana,1,Quintino Cunha,380,127.0,380.0,1087.98,1212.0,127.0,83.0,0.0,111.0,127.0
230440005160130,Urbana,1,Quintino Cunha,197,62.0,197.0,890.45,600.0,62.0,38.0,0.0,55.0,62.0
230440005160131,Urbana,0,Padre Andrade,874,297.0,874.0,2061.38,1212.0,297.0,292.0,,222.0,297.0
230440005160132,Urbana,0,Padre Andrade,918,305.0,918.0,3297.44,1600.0,305.0,298.0,,238.0,305.0
230440005160133,Urbana,0,Padre Andrade,754,254.0,754.0,2836.59,2000.0,254.0,247.0,5.0,244.0,254.0
230440005160134,Urbana,0,Padre Andrade,848,259.0,848.0,2295.42,1500.0,259.0,240.0,11.0,207.0,258.0
230440005160135,Urbana,0,Padre Andrade,879,304.0,879.0,1780.35,1212.0,304.0,298.0,3.0,264.0,304.0
230440005160136,Urbana,0,Padre Andrade,462,171.0,462.0,1824.23,1350.0,171.0,156.0,,129.0,171.0
230440005160137,Urbana,0,Padre Andrade,687,240.0,687.0,1611.72,1212.0,240.0,232.0,,172.0,240.0
230440005160138,Urbana,0,Padre Andrade,617,212.0,617.0,1395.45,1212.0,212.0,206.0,4.0,170.0,212.0
230440005160139,Urbana,0,Padre Andrade,668,246.0,668.0,1982.94,1200.0,246.0,208.0,16.0,198.0,246.0
230440005160140,Urbana,0,Padre Andrade,1164,410.0,1164.0,3854.59,2500.0,410.0,404.0,,304.0,410.0
230440005160141,Urbana,0,Padre Andrade,127,44.0,127.0,1903.05,1212.0,44.0,42.0,0.0,38.0,44.0
230440005160142,Urbana,0,Padre Andrade,133,53.0,133.0,1549.14,1212.0,53.0,50.0,0.0,50.0,53.0
230440005160143,Urbana,0,Antônio Bezerra,1057,345.0,1056.0,1375.29,1300.0,345.0,317.0,4.0,303.0,343.0
230440005160144,Urbana,1,Antônio Bezerra,88,32.0,88.0,1064.29,1250.0,32.0,22.0,0.0,31.0,32.0
230440005160145,Urbana,0,Antônio Bezerra,260,83.0,260.0,1073.73,1000.0,83.0,82.0,0.0,76.0,83.0
230440005160146,Urbana,1,Antônio Bezerra,356,124.0,356.0,1274.79,1200.0,124.0,120.0,,120.0,124.0
230440005160147,Urbana,1,Antônio Bezerra,331,87.0,331.0,1324.54,1300.0,87.0,82.0,,83.0,87.0
230440005160148,Urbana,0,Antônio Bezerra,378,119.0,378.0,1814.31,1212.0,119.0,116.0,0.0,101.0,119.0
230440005160149,Urbana,1,Antônio Bezerra,626,191.0,626.0,1570.63,1200.0,191.0,171.0,,173.0,190.0
230440005160150,Urbana,0,Antônio Bezerra,81,26.0,81.0,1084.2,1212.0,26.0,26.0,0.0,25.0,26.0
230440005160151,Urbana,0,Quintino Cunha,372,115.0,350.0,1965.33,1212.0,115.0,115.0,0.0,95.0,115.0
230440005160152,Urbana,1,Quintino Cunha,290,94.0,290.0,1284.71,1200.0,94.0,90.0,0.0,94.0,94.0
230440005160153,Urbana,0,Quintino Cunha,694,219.0,694.0,1708.71,1200.0,219.0,216.0,,211.0,219.0
230440005160154,Urbana,1,Quintino Cunha,515,185.0,515.0,1331.81,1250.0,185.0,180.0,0.0,147.0,185.0
230440005160155,Urbana,0,Quintino Cunha,77,25.0,77.0,2267.6,1250.0,25.0,25.0,0.0,18.0,25.0
230440005160156,Urbana,1,Quintino Cunha,412,133.0,412.0,1041.85,1250.0,133.0,132.0,0.0,117.0,133.0
230440005160157,Urbana,1,Padre Andrade,369,141.0,369.0,1229.83,1212.0,141.0,136.0,0.0,141.0,141.0
230440005160158,Urbana,1,Padre Andrade,431,161.0,431.0,1430.43,1212.0,161.0,150.0,,156.0,161.0
230440005160159,Urbana,1,Quintino Cunha,590,206.0,590.0,942.48,1000.0,206.0,11.0,0.0,201.0,206.0
230440005160160,Urbana,1,Quintino Cunha,637,220.0,637.0,1267.38,1212.0,220.0,47.0,7.0,214.0,218.0
230440005160161,Urbana,0,Quintino Cunha,530,179.0,530.0,1673.7,1200.0,179.0,172.0,3.0,124.0,179.0
230440005160162,Urbana,0,Quintino Cunha,645,211.0,645.0,2294.67,1500.0,211.0,211.0,0.0,179.0,211.0
230440005160163,Urbana,0,Quintino Cunha,639,185.0,639.0,1448.73,1212.0,185.0,174.0,4.0,161.0,185.0
230440005160164,Urbana,0,Quintino Cunha,629,217.0,629.0,1279.02,1212.0,217.0,214.0,0.0,180.0,215.0
230440005160165,Urbana,0,Quintino Cunha,434,153.0,434.0,1821.77,1212.0,153.0,150.0,0.0,112.0,153.0
230440005160166,Urbana,0,Quintino Cunha,771,246.0,771.0,1278.37,1200.0,246.0,233.0,0.0,168.0,245.0
230440005160167,Urbana,0,Antônio Bezerra,646,229.0,645.0,2129.87,1200.0,229.0,199.0,,177.0,229.0
230440005160168,Urbana,0,Antônio Bezerra,703,233.0,703.0,1485.79,1300.0,233.0,215.0,0.0,220.0,233.0
230440005160169,Urbana,0,Antônio Bezerra,722,272.0,722.0,2132.45,1200.0,272.0,232.0,6.0,223.0,272.0
230440005160170,Urbana,0,Antônio Bezerra,704,250.0,704.0,2080.32,1212.0,250.0,223.0,8.0,238.0,250.0
230440005160171,Urbana,0,Quintino Cunha,786,296.0,786.0,2047.83,1250.0,296.0,221.0,54.0,160.0,296.0
230440005160172,Urbana,0,Quintino Cunha,545,167.0,545.0,2439.76,1400.0,167.0,159.0,6.0,133.0,167.0
230440005160173,Urbana,0,Quintino Cunha,800,271.0,800.0,2283.06,1500.0,271.0,263.0,0.0,148.0,271.0
230440005160174,Urbana,0,Quintino Cunha,553,195.0,553.0,1283.73,1200.0,195.0,188.0,3.0,191.0,193.0
230440005160175,Urbana,0,Quintino Cunha,928,314.0,928.0,2786.74,2000.0,314.0,303.0,0.0,162.0,314.0
230440005160176,Urbana,0,Olavo Oliveira,969,311.0,969.0,1671.28,1250.0,311.0,302.0,6.0,215.0,310.0
230440005160177,Urbana,0,Olavo Oliveira,1005,357.0,1004.0,1430.25,1200.0,357.0,352.0,0.0,355.0,357.0
230440005160178,Urbana,0,Olavo Oliveira,899,305.0,899.0,1382.26,1200.0,305.0,285.0,4.0,202.0,305.0
230440005160179,Urbana,1,Quintino Cunha,474,179.0,474.0,1059.52,1212.0,179.0,178.0,0.0,152.0,178.0
230440005160180,Urbana,0,Padre Andrade,533,183.0,533.0,1803.4,1212.0,183.0,133.0,,164.0,183.0
230440005160181,Urbana,0,Antônio Bezerra,455,196.0,455.0,2303.27,1500.0,196.0,112.0,11.0,84.0,196.0
230440005160182,Urbana,0,Antônio Bezerra,330,118.0,330.0,3743.23,3000.0,118.0,109.0,5.0,77.0,118.0
230440005160183,Urbana,1,Quintino Cunha,374,112.0,374.0,1157.59,1250.0,112.0,14.0,0.0,112.0,110.0
230440005160184,Urbana,4,Quintino Cunha,0,,,,,,,,,
230440005160185,Urbana,1,Quintino Cunha,154,50.0,154.0,1054.73,1200.0,50.0,35.0,0.0,38.0,50.0
230440005160186,Urbana,1,Quintino Cunha,345,115.0,345.0,1583.94,1212.0,115.0,37.0,,93.0,115.0
230440005160187,Urbana,1,Quintino Cunha,226,76.0,226.0,1075.0,1000.0,76.0,75.0,0.0,67.0,76.0
230440005160188,Urbana,1,Quintino Cunha,53,19.0,53.0,1859.79,1250.0,19.0,18.0,0.0,15.0,19.0
230440005160189,Urbana,1,Quintino Cunha,137,58.0,137.0,1493.87,1212.0,58.0,13.0,0.0,58.0,54.0
230440005160190,Urbana,1,Quintino Cunha,476,162.0,476.0,1008.78,1200.0,162.0,108.0,0.0,135.0,161.0
230440005160191,Urbana,0,Padre Andrade,668,234.0,668.0,1550.61,1212.0,234.0,190.0,25.0,155.0,234.0
230440005160192,Urbana,0,Olavo Oliveira,545,184.0,545.0,1804.08,1214.0,184.0,178.0,,113.0,183.0
230440005160193,Urbana,0,Antônio Bezerra,64,20.0,64.0,1505.4,1212.0,20.0,0.0,0.0,19.0,19.0
230440005160194,Urbana,0,Quintino Cunha,131,40.0,131.0,2070.05,1300.0,40.0,33.0,0.0,23.0,40.0
230440005160195,Urbana,0,Quintino Cunha,122,34.0,122.0,1361.64,1212.0,34.0,31.0,0.0,26.0,34.0
230440005160196,Urbana,1,Quintino Cunha,450,151.0,450.0,1335.78,1212.0,151.0,22.0,4.0,139.0,151.0
230440005160197,Urbana,0,Antônio Bezerra,343,126.0,343.0,2594.96,1500.0,126.0,122.0,0.0,105.0,126.0
230440005160198,Urbana,0,Antônio Bezerra,437,148.0,437.0,3038.96,1950.0,148.0,139.0,,117.0,148.0
230440005160199,Urbana,1,Quintino Cunha,29,10.0,29.0,1089.14,1212.0,10.0,,0.0,10.0,10.0
230440005160200,Urbana,1,Padre Andrade,262,92.0,262.0,1525.54,1212.0,92.0,83.0,,76.0,92.0
230440005160201,Urbana,0,Quintino Cunha,743,257.0,743.0,1633.78,1200.0,257.0,251.0,0.0,227.0,257.0
230440005160202,Urbana,4,Quintino Cunha,0,,,,,,,,,
230440005160203,Urbana,1,Padre Andrade,451,162.0,451.0,1188.42,1212.0,162.0,150.0,,126.0,162.0
230440005160204,Urbana,4,Padre Andrade,15,,,,,,,,,
230440005160205,Urbana,0,Quintino Cunha,296,101.0,296.0,1874.29,1250.0,101.0,95.0,4.0,62.0,101.0
230440005160206,Urbana,1,Quintino Cunha,306,95.0,304.0,1307.11,1212.0,95.0,10.0,,86.0,94.0
230440005160207,Urbana,1,Presidente Kennedy,321,112.0,321.0,1348.23,1212.0,112.0,109.0,0.0,104.0,110.0
230440005160208,Urbana,0,Presidente Kennedy,157,53.0,157.0,2428.5,1212.0,53.0,52.0,0.0,44.0,53.0
230440005160209,Urbana,1,Presidente Kennedy,652,237.0,652.0,1285.31,1212.0,237.0,234.0,,210.0,237.0
230440005160210,Urbana,0,Farias Brito,713,254.0,713.0,2854.04,1800.0,254.0,251.0,,237.0,254.0
230440005160211,Urbana,0,Farias Brito,552,178.0,552.0,2860.86,2400.0,178.0,176.0,0.0,156.0,178.0
230440005160212,Urbana,1,Farias Brito,811,308.0,811.0,1958.85,1212.0,308.0,307.0,0.0,218.0,307.0
230440005160213,Urbana,1,Farias Brito,371,130.0,369.0,1581.75,1212.0,130.0,130.0,0.0,122.0,130.0
230440005160214,Urbana,1,Farias Brito,643,224.0,642.0,2362.71,1400.0,224.0,224.0,0.0,208.0,224.0
230440005160215,Urbana,0,Farias Brito,905,329.0,905.0,3724.82,2400.0,329.0,299.0,0.0,283.0,328.0
230440005160216,Urbana,0,Farias Brito,587,201.0,587.0,4683.05,3000.0,201.0,199.0,0.0,122.0,201.0
230440005160217,Urbana,0,Farias Brito,521,194.0,521.0,2254.38,1212.0,194.0,194.0,0.0,186.0,194.0
230440005160218,Urbana,0,Farias Brito,526,189.0,525.0,3706.49,2500.0,189.0,184.0,3.0,145.0,189.0
230440005160219,Urbana,0,Farias Brito,561,224.0,561.0,3061.41,2300.0,224.0,218.0,,184.0,223.0
230440005160220,Urbana,0,Farias Brito,802,292.0,802.0,2242.65,1212.0,292.0,256.0,10.0,204.0,292.0
230440005160221,Urbana,1,Farias Brito,330,116.0,330.0,1349.44,1212.0,116.0,115.0,0.0,90.0,116.0
230440005160222,Urbana,0,Farias Brito,638,234.0,638.0,2764.63,1500.0,234.0,233.0,0.0,100.0,234.0
230440005160223,Urbana,0,Farias Brito,532,196.0,532.0,4090.4,2606.0,196.0,186.0,,179.0,196.0
230440005160224,Urbana,0,Farias Brito,502,176.0,502.0,5835.62,4000.0,176.0,173.0,0.0,172.0,176.0
230440005160225,Urbana,0,Farias Brito,172,48.0,171.0,1728.68,1212.0,48.0,48.0,0.0,40.0,48.0
230440005160226,Urbana,0,Farias Brito,627,244.0,627.0,2600.3,1500.0,244.0,236.0,,230.0,242.0
230440005160227,Urbana,1,Presidente Kennedy,428,154.0,428.0,1247.99,1212.0,154.0,151.0,0.0,139.0,154.0
230440005160228,Urbana,1,Presidente Kennedy,349,127.0,349.0,1411.66,1200.0,127.0,99.0,,82.0,126.0
230440005160229,Urbana,1,Presidente Kennedy,416,137.0,416.0,1531.34,1212.0,137.0,135.0,0.0,122.0,137.0
230440005160230,Urbana,1,Presidente Kennedy,254,104.0,254.0,1381.77,1200.0,104.0,63.0,14.0,76.0,103.0
230440005160231,Urbana,1,Presidente Kennedy,385,146.0,385.0,1642.39,1212.0,146.0,142.0,4.0,123.0,146.0
230440005160232,Urbana,1,Monte Castelo,213,75.0,213.0,1856.8,1200.0,75.0,72.0,0.0,49.0,75.0
230440005160233,Urbana,0,Monte Castelo,762,274.0,762.0,2429.31,1500.0,274.0,266.0,6.0,214.0,272.0
230440005160234,Urbana,0,São Gerardo,466,155.0,466.0,2219.3,1320.0,155.0,151.0,,146.0,154.0
230440005160235,Urbana,0,São Gerardo,1216,410.0,1215.0,7733.63,6000.0,410.0,408.0,,379.0,408.0
230440005160236,Urbana,0,São Gerardo,886,330.0,886.0,3642.92,2500.0,330.0,322.0,5.0,186.0,329.0
230440005160237,Urbana,0,São Gerardo,694,242.0,694.0,3319.73,2200.0,242.0,242.0,0.0,234.0,241.0
230440005160238,Urbana,0,São Gerardo,886,322.0,886.0,4687.26,3000.0,322.0,318.0,,306.0,322.0
230440005160239,Urbana,0,São Gerardo,563,199.0,563.0,4723.31,3000.0,199.0,198.0,0.0,180.0,199.0
230440005160240,Urbana,0,São Gerardo,758,279.0,758.0,7495.32,5100.0,279.0,228.0,,180.0,278.0
230440005160241,Urbana,0,São Gerardo,468,154.0,468.0,3463.12,2500.0,154.0,154.0,0.0,142.0,154.0
230440005160242,Urbana,0,São Gerardo,590,212.0,590.0,5526.93,4000.0,212.0,205.0,,192.0,211.0
230440005160243,Urbana,0,São Gerardo,514,184.0,514.0,4602.34,3050.0,184.0,183.0,0.0,152.0,184.0
230440005160244,Urbana,0,São Gerardo,1334,471.0,1334.0,6633.89,5000.0,471.0,462.0,,358.0,469.0
230440005160245,Urbana,0,São Gerardo,918,333.0,918.0,4424.79,3200.0,333.0,320.0,6.0,257.0,328.0
230440005160246,Urbana,0,São Gerardo,538,174.0,538.0,5663.88,4000.0,174.0,174.0,0.0,130.0,172.0
230440005160247,Urbana,1,Monte Castelo,411,140.0,411.0,1453.15,1200.0,140.0,139.0,,113.0,140.0
230440005160248,Urbana,0,Monte Castelo,503,189.0,503.0,1813.36,1212.0,189.0,186.0,0.0,138.0,189.0
230440005160249,Urbana,0,Monte Castelo,1013,319.0,1013.0,2190.63,1212.0,319.0,316.0,,264.0,318.0
230440005160250,Urbana,0,Monte Castelo,495,165.0,495.0,1921.61,1200.0,165.0,164.0,0.0,132.0,165.0
230440005160251,Urbana,0,Monte Castelo,683,234.0,683.0,1559.48,1212.0,234.0,218.0,,165.0,233.0
230440005160252,Urbana,0,Monte Castelo,701,241.0,701.0,3283.32,2200.0,241.0,241.0,0.0,217.0,239.0
230440005160253,Urbana,0,Monte Castelo,548,190.0,548.0,2735.18,1500.0,190.0,188.0,0.0,158.0,189.0
230440005160254,Urbana,0,Monte Castelo,755,274.0,755.0,3756.29,2500.0,274.0,269.0,,251.0,274.0
230440005160255,Urbana,0,Monte Castelo,744,277.0,744.0,5409.61,3000.0,277.0,274.0,0.0,211.0,277.0
230440005160256,Urbana,0,Monte Castelo,759,271.0,759.0,3609.41,2500.0,271.0,270.0,,234.0,271.0
230440005160257,Urbana,0,Monte Castelo,969,360.0,969.0,2734.66,1600.0,360.0,359.0,0.0,305.0,360.0
230440005160258,Urbana,0,Monte Castelo,639,206.0,639.0,4654.26,3000.0,206.0,201.0,5.0,196.0,206.0
230440005160259,Urbana,0,Presidente Kennedy,699,254.0,699.0,2814.5,2000.0,254.0,240.0,13.0,217.0,254.0
230440005160260,Urbana,1,Presidente Kennedy,870,310.0,870.0,1356.25,1212.0,310.0,308.0,,263.0,309.0
230440005160261,Urbana,1,Presidente Kennedy,443,155.0,443.0,1539.93,1212.0,155.0,150.0,3.0,115.0,154.0
230440005160262,Urbana,0,Presidente Kennedy,473,170.0,473.0,1352.81,1212.0,170.0,168.0,,140.0,170.0
230440005160263,Urbana,0,Presidente Kennedy,265,86.0,265.0,2597.09,1200.0,86.0,86.0,0.0,73.0,85.0
230440005160264,Urbana,1,Presidente Kennedy,213,82.0,213.0,2031.5,1440.0,82.0,77.0,3.0,73.0,82.0
230440005160265,Urbana,0,Presidente Kennedy,751,273.0,751.0,2620.28,1750.0,273.0,272.0,0.0,236.0,272.0
230440005160266,Urbana,0,Presidente Kennedy,861,288.0,857.0,3919.4,1500.0,288.0,259.0,6.0,230.0,287.0
230440005160267,Urbana,0,Presidente Kennedy,678,232.0,678.0,1829.49,1212.0,232.0,230.0,0.0,180.0,232.0
230440005160268,Urbana,1,Presidente Kennedy,612,211.0,612.0,1166.72,1212.0,211.0,202.0,3.0,179.0,209.0
230440005160269,Urbana,1,Presidente Kennedy,716,213.0,716.0,1394.07,1212.0,213.0,210.0,0.0,196.0,213.0
230440005160270,Urbana,0,Presidente Kennedy,576,205.0,575.0,1577.7,1212.0,205.0,195.0,0.0,168.0,204.0
230440005160271,Urbana,0,Presidente Kennedy,2920,1092.0,2920.0,6895.93,5001.0,1092.0,1077.0,11.0,1038.0,1092.0
230440005160272,Urbana,0,Presidente Kennedy,749,246.0,673.0,3446.98,2000.0,246.0,205.0,,239.0,246.0
230440005160273,Urbana,0,Presidente Kennedy,391,170.0,391.0,4448.29,3600.0,170.0,169.0,,165.0,169.0
230440005160274,Urbana,1,Presidente Kennedy,245,83.0,245.0,2213.01,1400.0,83.0,82.0,,68.0,83.0
230440005160275,Urbana,0,Presidente Kennedy,579,200.0,579.0,6849.65,5001.0,200.0,197.0,,154.0,200.0
230440005160276,Urbana,0,Presidente Kennedy,503,184.0,503.0,4034.48,3000.0,184.0,177.0,,176.0,184.0
230440005160277,Urbana,0,Presidente Kennedy,826,297.0,826.0,2833.0,1585.0,297.0,268.0,22.0,250.0,296.0
230440005160278,Urbana,0,Presidente Kennedy,482,181.0,482.0,2126.7,1212.0,181.0,176.0,0.0,135.0,181.0
230440005160279,Urbana,0,Presidente Kennedy,238,78.0,238.0,3299.14,2750.0,78.0,74.0,4.0,74.0,78.0
230440005160280,Urbana,0,Ellery,355,112.0,355.0,3274.19,1800.0,112.0,108.0,0.0,95.0,112.0
230440005160281,Urbana,0,Ellery,1324,462.0,1324.0,3635.41,2424.0,462.0,459.0,,401.0,461.0
230440005160282,Urbana,0,Ellery,733,242.0,733.0,1669.73,1200.0,242.0,232.0,,206.0,242.0
230440005160283,Urbana,0,Ellery,1255,429.0,1255.0,2371.04,1500.0,429.0,424.0,0.0,374.0,428.0
230440005160284,Urbana,0,Ellery,913,312.0,913.0,2850.31,2200.0,312.0,310.0,0.0,254.0,312.0
230440005160285,Urbana,0,Ellery,493,163.0,493.0,2625.78,1230.0,163.0,161.0,0.0,139.0,163.0
230440005160286,Urbana,0,Ellery,710,273.0,710.0,2452.48,1500.0,273.0,271.0,0.0,216.0,271.0
230440005160287,Urbana,0,Farias Brito,591,215.0,591.0,2668.22,1300.0,215.0,167.0,0.0,139.0,215.0
230440005160288,Urbana,0,São Gerardo,830,322.0,830.0,5644.92,4700.0,322.0,319.0,3.0,309.0,322.0
230440005160289,Urbana,0,São Gerardo,421,150.0,421.0,4121.77,2000.0,150.0,123.0,7.0,108.0,148.0
230440005160290,Urbana,0,São Gerardo,466,159.0,466.0,7820.33,6250.0,159.0,157.0,,77.0,159.0
230440005160291,Urbana,0,São Gerardo,331,132.0,331.0,6407.57,5000.0,132.0,129.0,3.0,120.0,131.0
230440005160292,Urbana,0,São Gerardo,332,126.0,331.0,5515.51,5000.0,126.0,120.0,4.0,119.0,126.0
230440005160293,Urbana,0,São Gerardo,1462,501.0,1462.0,5575.7,3000.0,501.0,496.0,3.0,479.0,501.0
230440005160294,Urbana,0,São Gerardo,425,159.0,425.0,3807.2,3000.0,159.0,158.0,0.0,129.0,158.0
230440005160295,Urbana,0,Monte Castelo,156,57.0,156.0,1377.04,1212.0,57.0,57.0,0.0,36.0,57.0
230440005160296,Urbana,0,Monte Castelo,451,167.0,451.0,2967.14,2400.0,167.0,163.0,,147.0,166.0
230440005160297,Urbana,0,Monte Castelo,613,227.0,613.0,2485.73,1688.5,227.0,224.0,,211.0,227.0
230440005160298,Urbana,0,Presidente Kennedy,577,188.0,572.0,1593.16,1212.0,188.0,183.0,,173.0,188.0
230440005160299,Urbana,0,Presidente Kennedy,470,193.0,470.0,4314.33,3001.0,193.0,186.0,7.0,148.0,193.0
230440005160300,Urbana,0,Presidente Kennedy,390,136.0,390.0,5863.4,4800.0,136.0,118.0,18.0,110.0,135.0
230440005160301,Urbana,0,Presidente Kennedy,529,205.0,529.0,6004.21,4600.0,205.0,180.0,23.0,137.0,205.0
230440005160302,Urbana,0,Presidente Kennedy,801,288.0,801.0,5608.04,4000.0,288.0,287.0,,27.0,286.0
230440005160303,Urbana,0,Presidente Kennedy,518,188.0,505.0,4334.7,3000.0,188.0,169.0,4.0,179.0,188.0
230440005160304,Urbana,0,Presidente Kennedy,574,211.0,574.0,4668.43,4000.0,211.0,211.0,0.0,210.0,211.0
230440005160305,Urbana,0,Presidente Kennedy,833,278.0,833.0,1805.25,1212.0,278.0,274.0,,194.0,277.0
230440005160306,Urbana,0,Ellery,484,177.0,484.0,2611.5,1800.0,177.0,175.0,,153.0,176.0
230440005160307,Urbana,0,Ellery,517,181.0,517.0,2872.25,1600.0,181.0,178.0,,153.0,181.0
230440005160308,Urbana,1,Presidente Kennedy,297,103.0,297.0,1439.7,1200.0,103.0,96.0,6.0,84.0,102.0
230440005160309,Urbana,0,Monte Castelo,385,134.0,385.0,1714.07,1212.0,134.0,133.0,0.0,110.0,134.0
230440005160310,Urbana,1,Presidente Kennedy,493,182.0,493.0,1431.2,1212.0,182.0,177.0,5.0,154.0,182.0
230440005160311,Urbana,0,Presidente Kennedy,151,56.0,151.0,1538.27,1212.0,56.0,53.0,,35.0,56.0
230440005160312,Urbana,1,Monte Castelo,185,66.0,185.0,1570.42,1212.0,66.0,66.0,0.0,55.0,66.0
230440005160313,Urbana,1,Monte Castelo,282,101.0,282.0,1699.88,1212.0,101.0,100.0,0.0,84.0,101.0
230440005160314,Urbana,0,São Gerardo,542,201.0,542.0,4794.33,3800.0,201.0,7.0,194.0,193.0,201.0
230440005160315,Urbana,0,São Gerardo,36,16.0,36.0,2028.53,1212.0,16.0,,14.0,5.0,16.0
230440005160316,Urbana,0,São Gerardo,1085,391.0,1085.0,5252.59,4000.0,391.0,48.0,343.0,389.0,391.0
230440005170001,Urbana,0,Itaoca,896,327.0,896.0,2502.99,1800.0,327.0,71.0,7.0,315.0,327.0
230440005170002,Urbana,0,Itaoca,1048,383.0,1048.0,1659.36,1212.0,383.0,36.0,3.0,342.0,380.0
230440005170003,Urbana,0,Itaoca,229,94.0,229.0,1591.48,1212.0,94.0,27.0,,89.0,94.0
230440005170004,Urbana,0,Itaoca,473,176.0,473.0,2039.39,1212.0,176.0,119.0,7.0,152.0,176.0
230440005170005,Urbana,0,Itaoca,646,236.0,646.0,2505.78,1800.0,236.0,211.0,5.0,226.0,235.0
230440005170006,Urbana,0,Itaoca,1010,362.0,1010.0,1799.45,1200.0,362.0,211.0,8.0,337.0,362.0
230440005170007,Urbana,0,Itaoca,715,267.0,715.0,1735.41,1212.0,267.0,182.0,8.0,251.0,267.0
230440005170008,Urbana,0,Itaoca,437,152.0,437.0,2147.19,1500.0,152.0,43.0,4.0,131.0,151.0
230440005170009,Urbana,0,Itaoca,664,252.0,663.0,2108.24,1212.0,252.0,22.0,5.0,158.0,251.0
230440005170010,Urbana,0,Itaoca,537,195.0,537.0,1545.98,1212.0,195.0,53.0,3.0,187.0,195.0
230440005170011,Urbana,0,Itaoca,660,231.0,660.0,2056.59,1212.0,231.0,23.0,,231.0,231.0
230440005170012,Urbana,0,Itaoca,906,330.0,906.0,1974.38,1312.0,330.0,38.0,11.0,305.0,330.0
230440005170013,Urbana,0,Itaoca,665,251.0,665.0,2068.11,1600.0,251.0,5.0,0.0,217.0,251.0
230440005170014,Urbana,1,Aeroporto,672,225.0,670.0,1723.13,1212.0,225.0,209.0,0.0,223.0,225.0
230440005170015,Urbana,1,Aeroporto,859,282.0,859.0,1296.98,1212.0,282.0,23.0,6.0,266.0,281.0
230440005170016,Urbana,1,Aeroporto,871,317.0,871.0,1220.23,1200.0,317.0,64.0,,313.0,317.0
230440005170017,Urbana,4,Aeroporto,0,,,,,,,,,
230440005170018,Urbana,1,Aeroporto,243,90.0,243.0,1285.42,1220.0,90.0,90.0,0.0,90.0,90.0
230440005170019,Urbana,0,Aeroporto,250,97.0,250.0,1289.23,1212.0,97.0,97.0,0.0,94.0,97.0
230440005170020,Urbana,0,Parangaba,1133,471.0,1133.0,4510.93,4000.0,471.0,391.0,0.0,444.0,471.0
230440005170021,Urbana,0,Parangaba,574,213.0,574.0,1808.89,1250.0,213.0,152.0,50.0,157.0,213.0
230440005170022,Urbana,0,Parangaba,594,209.0,593.0,1961.41,1212.0,209.0,199.0,0.0,195.0,209.0
230440005170023,Urbana,0,Parangaba,567,204.0,567.0,2663.08,1700.0,204.0,170.0,9.0,170.0,204.0
230440005170024,Urbana,0,Parangaba,316,124.0,316.0,2343.04,1407.0,124.0,61.0,4.0,118.0,124.0
230440005170025,Urbana,0,Parangaba,932,343.0,932.0,2869.84,2001.0,343.0,50.0,7.0,297.0,341.0
230440005170026,Urbana,0,Parangaba,795,296.0,790.0,4138.26,3500.0,296.0,22.0,,207.0,296.0
230440005170027,Urbana,0,Parangaba,675,256.0,628.0,2464.63,2001.0,256.0,126.0,3.0,206.0,256.0
230440005170028,Urbana,1,Parangaba,422,155.0,422.0,1140.94,1212.0,155.0,5.0,0.0,155.0,155.0
230440005170029,Urbana,0,Parangaba,434,151.0,434.0,3579.02,2500.0,151.0,3.0,0.0,148.0,151.0
230440005170030,Urbana,0,Parangaba,711,257.0,711.0,3327.59,2500.0,257.0,22.0,0.0,236.0,257.0
230440005170031,Urbana,0,Parangaba,938,349.0,938.0,2187.21,1300.0,349.0,114.0,,332.0,349.0
230440005170032,Urbana,0,Parangaba,866,333.0,866.0,2942.11,2000.0,333.0,40.0,3.0,311.0,332.0
230440005170033,Urbana,1,Parangaba,867,293.0,867.0,1864.09,1212.0,293.0,159.0,0.0,278.0,293.0
230440005170034,Urbana,0,Parangaba,657,240.0,657.0,2665.19,1790.0,240.0,135.0,,199.0,240.0
230440005170035,Urbana,0,Parangaba,495,195.0,495.0,2637.67,2000.0,195.0,187.0,3.0,117.0,193.0
230440005170036,Urbana,0,Parangaba,628,218.0,599.0,1567.88,1212.0,218.0,212.0,,159.0,218.0
230440005170037,Urbana,0,Parangaba,535,204.0,535.0,1834.65,1212.0,204.0,201.0,3.0,183.0,204.0
230440005170038,Urbana,0,Parangaba,390,143.0,390.0,1586.83,1212.0,143.0,8.0,130.0,125.0,143.0
230440005170039,Urbana,0,Parangaba,698,266.0,698.0,2063.8,1212.0,266.0,245.0,0.0,201.0,265.0
230440005170040,Urbana,0,Parangaba,276,95.0,276.0,4539.51,4000.0,95.0,93.0,,94.0,93.0
230440005170041,Urbana,7,Parangaba,27,8.0,22.0,1925.0,1750.0,8.0,8.0,0.0,8.0,8.0
230440005170042,Urbana,0,Parangaba,730,272.0,727.0,1935.49,1250.0,272.0,241.0,15.0,260.0,272.0
230440005170043,Urbana,0,Parangaba,331,113.0,331.0,1238.6,1001.0,113.0,8.0,,112.0,113.0
230440005170044,Urbana,1,Parangaba,393,134.0,393.0,1474.19,1212.0,134.0,5.0,0.0,129.0,134.0
230440005170045,Urbana,0,Parangaba,541,204.0,541.0,2026.82,1212.0,204.0,8.0,0.0,165.0,203.0
230440005170046,Urbana,0,Parangaba,846,304.0,846.0,2401.97,1300.0,304.0,25.0,0.0,236.0,304.0
230440005170047,Urbana,0,Parangaba,443,171.0,443.0,2704.06,2400.0,171.0,117.0,,5.0,171.0
230440005170048,Urbana,0,Parangaba,942,323.0,942.0,2414.94,1212.0,323.0,37.0,,310.0,323.0
230440005170049,Urbana,0,Parangaba,704,260.0,704.0,1428.05,1212.0,260.0,53.0,0.0,235.0,260.0
230440005170050,Urbana,0,Parangaba,1327,474.0,1327.0,4365.35,2673.0,474.0,42.0,,373.0,474.0
230440005170051,Urbana,0,Parangaba,72,28.0,72.0,1137.91,906.0,28.0,6.0,0.0,28.0,28.0
230440005170052,Urbana,0,Parangaba,529,193.0,529.0,1693.71,1202.0,193.0,11.0,0.0,170.0,193.0
230440005170053,Urbana,0,Parangaba,755,289.0,755.0,2200.54,1212.0,289.0,30.0,4.0,270.0,288.0
230440005170054,Urbana,0,Parangaba,438,167.0,438.0,1682.27,1200.0,167.0,45.0,12.0,141.0,167.0
230440005170055,Urbana,0,Parangaba,402,154.0,402.0,2731.58,2000.0,154.0,56.0,7.0,144.0,152.0
230440005170056,Urbana,0,Vila Peri,766,272.0,766.0,2012.88,1212.0,272.0,11.0,16.0,263.0,272.0
230440005170057,Urbana,0,Vila Peri,923,346.0,923.0,1838.74,1212.0,346.0,108.0,7.0,299.0,346.0
230440005170058,Urbana,0,Vila Peri,910,311.0,910.0,2458.04,1400.0,311.0,236.0,12.0,288.0,298.0
230440005170059,Urbana,0,Vila Peri,697,249.0,697.0,1746.78,1200.0,249.0,90.0,4.0,228.0,247.0
230440005170060,Urbana,0,Vila Peri,597,233.0,597.0,2195.68,1215.0,233.0,4.0,0.0,223.0,233.0
230440005170061,Urbana,0,Vila Peri,457,151.0,457.0,2014.68,1400.0,151.0,5.0,0.0,144.0,151.0
230440005170062,Urbana,0,Vila Peri,529,188.0,529.0,2292.23,1500.0,188.0,34.0,0.0,182.0,188.0
230440005170063,Urbana,0,Vila Peri,474,178.0,474.0,1868.52,1212.0,178.0,18.0,0.0,148.0,176.0
230440005170064,Urbana,0,Vila Peri,667,234.0,667.0,1643.99,1200.0,234.0,182.0,7.0,230.0,234.0
230440005170065,Urbana,0,Vila Peri,452,160.0,452.0,1576.03,1200.0,160.0,123.0,,144.0,160.0
230440005170066,Urbana,0,Vila Peri,539,192.0,539.0,1786.4,1212.0,192.0,172.0,,188.0,192.0
230440005170067,Urbana,0,Vila Peri,678,240.0,678.0,2030.44,1200.0,240.0,221.0,,235.0,240.0
230440005170068,Urbana,0,Vila Peri,744,252.0,744.0,1694.92,1212.0,252.0,189.0,11.0,234.0,252.0
230440005170069,Urbana,0,Vila Peri,701,240.0,701.0,1705.2,1212.0,240.0,174.0,5.0,221.0,240.0
230440005170070,Urbana,0,Vila Peri,603,235.0,603.0,1848.62,1212.0,235.0,197.0,,195.0,235.0
230440005170071,Urbana,0,Vila Peri,708,224.0,708.0,1495.63,1212.0,224.0,215.0,,213.0,224.0
230440005170072,Urbana,0,Vila Peri,593,226.0,593.0,1611.31,1200.0,226.0,61.0,33.0,200.0,225.0
230440005170073,Urbana,0,Vila Peri,675,246.0,675.0,1609.31,1200.0,246.0,21.0,0.0,225.0,246.0
230440005170074,Urbana,0,Vila Peri,552,213.0,552.0,2449.19,1500.0,213.0,66.0,17.0,208.0,213.0
230440005170075,Urbana,0,Vila Peri,600,239.0,600.0,1612.92,1213.5,239.0,231.0,0.0,236.0,239.0
230440005170076,Urbana,0,Vila Peri,650,216.0,650.0,2313.85,1200.0,216.0,184.0,,203.0,216.0
230440005170077,Urbana,0,Vila Peri,545,247.0,545.0,2030.14,1775.0,247.0,226.0,0.0,121.0,247.0
230440005170078,Urbana,0,Montese,647,252.0,647.0,2799.41,2000.0,252.0,251.0,0.0,185.0,252.0
230440005170079,Urbana,0,Montese,944,369.0,944.0,1905.29,1212.0,369.0,366.0,,332.0,368.0
230440005170080,Urbana,0,Montese,839,282.0,839.0,2336.63,1212.0,282.0,272.0,,224.0,282.0
230440005170081,Urbana,0,Montese,227,88.0,226.0,2724.92,2000.0,88.0,88.0,0.0,74.0,88.0
230440005170082,Urbana,0,Montese,663,255.0,662.0,2831.3,1650.0,255.0,245.0,3.0,226.0,254.0
230440005170083,Urbana,0,Montese,464,173.0,457.0,2997.13,1500.0,173.0,148.0,18.0,102.0,171.0
230440005170084,Urbana,0,Montese,884,342.0,884.0,2965.26,2400.0,342.0,168.0,169.0,247.0,340.0
230440005170085,Urbana,0,Montese,756,300.0,756.0,2040.58,1300.0,300.0,184.0,31.0,296.0,299.0
230440005170086,Urbana,0,Montese,771,263.0,770.0,2034.25,1212.0,263.0,256.0,,186.0,261.0
230440005170087,Urbana,0,Montese,886,359.0,886.0,3013.72,2200.0,359.0,356.0,,186.0,359.0
230440005170088,Urbana,0,Montese,564,225.0,564.0,4218.12,3500.0,225.0,216.0,,224.0,225.0
230440005170089,Urbana,0,Montese,761,288.0,761.0,3332.64,2500.0,288.0,181.0,101.0,171.0,288.0
230440005170090,Urbana,0,Montese,728,268.0,728.0,2807.69,2000.0,268.0,188.0,72.0,229.0,268.0
230440005170091,Urbana,0,Montese,579,231.0,579.0,3364.58,2424.0,231.0,226.0,3.0,217.0,231.0
230440005170092,Urbana,0,Montese,442,167.0,442.0,4116.64,3000.0,167.0,163.0,,164.0,167.0
230440005170093,Urbana,0,Montese,553,182.0,525.0,3524.28,2500.0,182.0,167.0,4.0,138.0,182.0
230440005170094,Urbana,0,Montese,543,237.0,543.0,4810.29,4000.0,237.0,233.0,,236.0,237.0
230440005170095,Urbana,0,Montese,517,189.0,517.0,2155.26,1300.0,189.0,172.0,14.0,175.0,187.0
230440005170096,Urbana,1,Aeroporto,486,160.0,483.0,1438.47,1212.0,160.0,157.0,,142.0,158.0
230440005170098,Urbana,0,Aeroporto,370,135.0,370.0,1687.48,1227.0,135.0,131.0,0.0,121.0,135.0
230440005170099,Urbana,0,Montese,534,202.0,533.0,2196.35,1300.0,202.0,70.0,15.0,155.0,202.0
230440005170100,Urbana,0,Montese,402,150.0,401.0,1879.31,1212.0,150.0,48.0,6.0,119.0,150.0
230440005170101,Urbana,0,Montese,667,264.0,666.0,2507.86,1763.0,264.0,262.0,,187.0,263.0
230440005170102,Urbana,0,Montese,664,244.0,664.0,2726.05,1630.0,244.0,191.0,4.0,178.0,241.0
230440005170103,Urbana,0,Montese,539,202.0,539.0,4397.51,3000.0,202.0,196.0,,174.0,199.0
230440005170104,Urbana,0,Vila União,738,263.0,738.0,2782.73,1377.0,263.0,260.0,,245.0,261.0
230440005170105,Urbana,0,Vila União,849,314.0,849.0,2150.62,1300.0,314.0,310.0,,300.0,314.0
230440005170106,Urbana,0,Vila União,335,117.0,335.0,2013.52,1220.0,117.0,117.0,0.0,113.0,116.0
230440005170107,Urbana,0,Vila União,684,255.0,684.0,4121.71,3000.0,255.0,255.0,0.0,255.0,255.0
230440005170108,Urbana,0,Vila União,601,195.0,601.0,2784.24,1800.0,195.0,190.0,,174.0,195.0
230440005170109,Urbana,0,Vila União,471,174.0,471.0,4918.54,3500.0,174.0,174.0,0.0,149.0,174.0
230440005170110,Urbana,0,Vila União,548,207.0,548.0,1922.23,1212.0,207.0,197.0,0.0,203.0,207.0
230440005170112,Urbana,0,Vila União,613,216.0,613.0,4970.72,3000.0,216.0,213.0,,163.0,216.0
230440005170113,Urbana,0,Vila União,643,220.0,624.0,3254.93,2100.0,220.0,187.0,,176.0,219.0
230440005170114,Urbana,0,Vila União,1134,412.0,1096.0,7277.04,5000.0,412.0,407.0,0.0,280.0,411.0
230440005170115,Urbana,0,Vila União,716,252.0,716.0,5875.03,4700.0,252.0,250.0,,232.0,251.0
230440005170116,Urbana,0,Vila União,279,90.0,279.0,4478.48,3000.0,90.0,89.0,,88.0,89.0
230440005170117,Urbana,0,Vila União,243,79.0,243.0,5359.44,2650.0,79.0,78.0,0.0,77.0,79.0
230440005170118,Urbana,0,Itaoca,702,255.0,702.0,4166.7,3500.0,255.0,254.0,,251.0,255.0
230440005170119,Urbana,0,Itaoca,501,179.0,501.0,3132.4,2000.0,179.0,71.0,10.0,175.0,179.0
230440005170120,Urbana,0,Itaoca,455,170.0,455.0,2062.79,1212.0,170.0,76.0,,154.0,169.0
230440005170121,Urbana,0,Aeroporto,683,235.0,683.0,1135.17,1212.0,235.0,232.0,0.0,230.0,235.0
230440005170122,Urbana,0,Parangaba,667,269.0,667.0,4169.55,3500.0,269.0,266.0,,262.0,269.0
230440005170123,Urbana,0,Parangaba,371,120.0,364.0,4523.88,3500.0,120.0,15.0,5.0,82.0,120.0
230440005170124,Urbana,0,Parangaba,893,311.0,893.0,1891.77,1212.0,311.0,3.0,0.0,262.0,311.0
230440005170125,Urbana,0,Parangaba,648,236.0,648.0,1701.38,1212.0,236.0,5.0,0.0,224.0,236.0
230440005170126,Urbana,0,Parangaba,477,161.0,477.0,3766.23,3000.0,161.0,65.0,87.0,26.0,161.0
230440005170127,Urbana,0,Vila Peri,635,239.0,635.0,1420.54,1212.0,239.0,208.0,6.0,203.0,239.0
230440005170128,Urbana,0,Vila Peri,482,196.0,482.0,2120.39,1500.0,196.0,183.0,3.0,99.0,195.0
230440005170129,Urbana,0,Montese,779,289.0,779.0,1336.55,1200.0,289.0,273.0,8.0,272.0,289.0
230440005170130,Urbana,0,Montese,727,269.0,727.0,3209.09,2000.0,269.0,193.0,21.0,200.0,268.0
230440005170131,Urbana,0,Montese,658,232.0,656.0,2771.69,2000.0,232.0,210.0,6.0,180.0,232.0
230440005170132,Urbana,0,Montese,435,136.0,435.0,4818.33,3600.0,136.0,136.0,0.0,136.0,136.0
230440005170133,Urbana,0,Montese,726,284.0,726.0,2728.29,2000.0,284.0,225.0,,173.0,282.0
230440005170134,Urbana,0,Vila União,725,259.0,725.0,2078.91,1300.0,259.0,257.0,0.0,251.0,259.0
230440005170135,Urbana,0,Vila União,496,169.0,496.0,1718.0,1212.0,169.0,166.0,,164.0,169.0
230440005170136,Urbana,0,Vila União,859,315.0,859.0,1707.05,1212.0,315.0,308.0,0.0,269.0,315.0
230440005170137,Urbana,0,Vila União,418,143.0,418.0,6748.21,5000.0,143.0,143.0,0.0,55.0,143.0
230440005170138,Urbana,1,Vila União,67,28.0,67.0,2063.36,1206.0,28.0,28.0,0.0,28.0,28.0
230440005170139,Urbana,4,Vila União,9,,,,,,,,,
230440005170141,Urbana,1,Aeroporto,64,22.0,64.0,1248.55,1212.0,22.0,22.0,0.0,20.0,22.0
230440005170142,Urbana,0,Vila Peri,462,177.0,462.0,2816.87,2000.0,177.0,86.0,6.0,176.0,177.0
230440005170143,Urbana,0,Parangaba,884,298.0,884.0,2389.42,1001.0,298.0,34.0,6.0,282.0,298.0
230440005170144,Urbana,0,Parangaba,343,129.0,343.0,2019.94,1500.0,129.0,120.0,,121.0,128.0
230440005170145,Urbana,4,Aeroporto,0,,,,,,,,,
230440005170146,Urbana,0,Montese,598,205.0,598.0,3400.01,2000.0,205.0,184.0,0.0,193.0,205.0
230440005170147,Urbana,1,Vila União,62,22.0,62.0,1486.29,1200.0,22.0,22.0,0.0,22.0,22.0
230440005170148,Urbana,1,Vila União,143,54.0,143.0,1243.37,1212.0,54.0,54.0,0.0,54.0,54.0
230440005170149,Urbana,1,Aeroporto,465,155.0,465.0,1556.24,1212.0,155.0,148.0,,135.0,155.0
230440005170150,Urbana,1,Aeroporto,553,197.0,553.0,1439.71,1212.0,197.0,0.0,0.0,181.0,197.0
230440005170151,Urbana,1,Aeroporto,719,238.0,719.0,1656.18,1212.0,238.0,238.0,0.0,237.0,238.0
230440005170152,Urbana,1,Parangaba,267,89.0,267.0,1667.03,1212.0,89.0,7.0,0.0,88.0,89.0
230440005170153,Urbana,1,Aeroporto,531,177.0,530.0,1720.03,1224.0,177.0,154.0,0.0,166.0,176.0
230440005170154,Urbana,0,Aeroporto,461,147.0,461.0,1103.73,1212.0,147.0,146.0,0.0,145.0,147.0
230440005170155,Urbana,1,Vila União,362,133.0,362.0,1535.57,1212.0,133.0,131.0,0.0,120.0,132.0
230440005170156,Urbana,1,Vila União,157,56.0,157.0,1156.11,1212.0,56.0,56.0,0.0,56.0,56.0
230440005170157,Urbana,1,Parangaba,243,82.0,243.0,1017.95,1000.0,82.0,21.0,5.0,79.0,82.0
230440005170158,Urbana,0,Aeroporto,633,217.0,633.0,1356.19,1212.0,217.0,118.0,99.0,216.0,217.0
230440005170159,Urbana,0,Parangaba,725,259.0,715.0,1595.65,1212.0,259.0,60.0,,238.0,258.0
230440005170162,Urbana,1,Aeroporto,295,108.0,295.0,1099.21,1212.0,108.0,103.0,0.0,106.0,108.0
230440005170163,Urbana,1,Montese,571,213.0,571.0,1555.16,1212.0,213.0,189.0,0.0,186.0,213.0
230440005170164,Urbana,0,Montese,136,52.0,136.0,3419.96,2450.0,52.0,49.0,,50.0,52.0
230440005170165,Urbana,1,Montese,486,191.0,486.0,1612.2,1212.0,191.0,158.0,3.0,159.0,191.0
230440005170166,Urbana,0,Montese,257,88.0,254.0,2677.24,1600.0,88.0,88.0,0.0,83.0,88.0
230440005170167,Urbana,1,Montese,337,108.0,337.0,1418.45,1212.0,108.0,90.0,3.0,92.0,106.0
230440005170168,Urbana,0,Montese,559,216.0,559.0,2134.77,1400.0,216.0,207.0,,203.0,216.0
230440005170169,Urbana,1,Vila Peri,259,85.0,259.0,1192.58,1212.0,85.0,79.0,0.0,85.0,85.0
230440005170170,Urbana,0,Vila Peri,208,82.0,208.0,1772.73,1212.0,82.0,81.0,0.0,82.0,82.0
230440005170171,Urbana,0,Vila Peri,209,69.0,209.0,1490.23,1212.0,69.0,18.0,37.0,64.0,68.0
230440005170172,Urbana,0,Vila Peri,175,58.0,175.0,2086.3,1212.0,58.0,56.0,,54.0,58.0
230440005170173,Urbana,1,Vila Peri,160,57.0,160.0,1061.57,1212.0,57.0,54.0,,57.0,57.0
230440005170174,Urbana,0,Vila Peri,306,108.0,306.0,1896.84,1212.0,108.0,88.0,0.0,98.0,108.0
230440005170175,Urbana,1,Vila Peri,335,121.0,335.0,1354.67,1200.0,121.0,94.0,0.0,121.0,112.0
230440005170176,Urbana,0,Vila Peri,259,97.0,259.0,1583.65,1212.0,97.0,70.0,,95.0,97.0
230440005170177,Urbana,0,Montese,707,267.0,707.0,2388.25,2000.0,267.0,260.0,0.0,234.0,265.0
230440005170178,Urbana,0,Montese,244,93.0,244.0,2823.91,2000.0,93.0,42.0,9.0,30.0,93.0
230440005170179,Urbana,0,Aeroporto,81,27.0,81.0,4055.54,5000.0,27.0,26.0,,27.0,27.0
230440005170180,Urbana,0,Vila União,458,154.0,458.0,1506.68,1212.0,154.0,151.0,,153.0,154.0
230440005170181,Urbana,1,Vila União,265,94.0,265.0,1247.59,1212.0,94.0,86.0,0.0,93.0,94.0
230440005170182,Urbana,1,Vila União,342,121.0,342.0,1306.11,1212.0,121.0,121.0,0.0,114.0,121.0
230440005170183,Urbana,0,Vila União,718,258.0,718.0,2347.16,1212.0,258.0,257.0,0.0,228.0,258.0
230440005170184,Urbana,0,José Bonifácio,459,179.0,459.0,2622.64,1650.0,179.0,178.0,,142.0,179.0
230440005170185,Urbana,0,José Bonifácio,759,319.0,759.0,2460.26,1600.0,319.0,311.0,5.0,304.0,319.0
230440005170186,Urbana,0,José Bonifácio,376,158.0,376.0,3340.64,2500.0,158.0,157.0,,128.0,158.0
230440005170187,Urbana,0,José Bonifácio,354,142.0,354.0,2766.32,1800.0,142.0,127.0,,127.0,142.0
230440005170188,Urbana,0,José Bonifácio,511,175.0,511.0,6357.46,4000.0,175.0,174.0,,168.0,175.0
230440005170189,Urbana,0,José Bonifácio,1287,474.0,1287.0,7153.14,5000.0,474.0,473.0,0.0,462.0,471.0
230440005170190,Urbana,0,José Bonifácio,869,337.0,869.0,4233.34,3000.0,337.0,330.0,3.0,316.0,336.0
230440005170191,Urbana,0,José Bonifácio,467,189.0,467.0,2501.23,1500.0,189.0,187.0,,150.0,188.0
230440005170192,Urbana,0,José Bonifácio,637,255.0,637.0,5162.37,3500.0,255.0,254.0,,131.0,255.0
230440005170193,Urbana,0,José Bonifácio,523,201.0,523.0,4122.32,2950.0,201.0,201.0,0.0,182.0,201.0
230440005170194,Urbana,0,José Bonifácio,755,338.0,755.0,4586.11,3000.0,338.0,331.0,7.0,248.0,338.0
230440005170195,Urbana,0,José Bonifácio,666,261.0,666.0,6096.27,4461.5,261.0,249.0,10.0,249.0,261.0
230440005170196,Urbana,0,José Bonifácio,876,314.0,876.0,5186.43,3000.0,314.0,303.0,8.0,298.0,313.0
230440005170197,Urbana,0,Benfica,822,313.0,822.0,3353.06,2001.0,313.0,295.0,14.0,229.0,313.0
230440005170198,Urbana,0,Benfica,372,149.0,372.0,6785.26,2400.0,149.0,133.0,7.0,141.0,148.0
230440005170199,Urbana,0,Benfica,300,110.0,300.0,3549.53,2400.0,110.0,108.0,,108.0,110.0
230440005170200,Urbana,0,Benfica,1658,700.0,1658.0,7756.75,5000.0,700.0,697.0,0.0,676.0,700.0
230440005170201,Urbana,0,Benfica,584,240.0,582.0,4643.76,3000.0,240.0,239.0,,219.0,239.0
230440005170202,Urbana,4,Benfica,3,,,,,,,,,
230440005170203,Urbana,0,Benfica,330,114.0,330.0,4081.61,2800.0,114.0,109.0,,113.0,114.0
230440005170204,Urbana,0,Benfica,586,216.0,585.0,3138.44,2212.0,216.0,208.0,0.0,199.0,216.0
230440005170205,Urbana,0,Benfica,565,256.0,561.0,5890.92,2000.0,256.0,252.0,3.0,222.0,256.0
230440005170206,Urbana,0,Benfica,321,134.0,311.0,2571.74,2000.0,134.0,134.0,0.0,110.0,133.0
230440005170207,Urbana,0,Benfica,606,221.0,606.0,3152.97,1500.0,221.0,217.0,,206.0,219.0
230440005170208,Urbana,0,Benfica,621,253.0,621.0,3872.39,2001.0,253.0,251.0,0.0,237.0,253.0
230440005170209,Urbana,0,Benfica,837,323.0,837.0,6431.72,5000.0,323.0,323.0,0.0,322.0,323.0
230440005170210,Urbana,0,Benfica,275,113.0,274.0,3169.45,2000.0,113.0,113.0,0.0,112.0,113.0
230440005170211,Urbana,0,Benfica,513,221.0,513.0,6782.21,5000.0,221.0,221.0,0.0,219.0,220.0
230440005170212,Urbana,1,Benfica,105,43.0,105.0,1188.67,1200.0,43.0,42.0,0.0,43.0,43.0
230440005170213,Urbana,1,Jardim América,125,56.0,125.0,2781.09,2000.0,56.0,54.0,0.0,56.0,56.0
230440005170214,Urbana,0,Jardim América,138,56.0,138.0,2384.59,1306.0,56.0,56.0,0.0,54.0,56.0
230440005170215,Urbana,1,Jardim América,285,107.0,285.0,1625.59,1212.0,107.0,96.0,3.0,91.0,107.0
230440005170216,Urbana,0,Jardim América,129,53.0,129.0,1911.63,1241.0,53.0,47.0,4.0,41.0,53.0
230440005170217,Urbana,0,Damas,489,192.0,489.0,7691.66,6000.0,192.0,192.0,0.0,192.0,192.0
230440005170218,Urbana,0,Damas,458,182.0,458.0,6774.4,5102.5,182.0,181.0,0.0,181.0,182.0
230440005170219,Urbana,0,Fátima,777,274.0,777.0,11114.09,10000.0,274.0,270.0,4.0,243.0,274.0
230440005170220,Urbana,0,Damas,363,145.0,363.0,3917.72,2500.0,145.0,143.0,0.0,143.0,145.0
230440005170221,Urbana,0,Fátima,391,141.0,375.0,9437.83,8000.0,141.0,140.0,0.0,140.0,140.0
230440005170222,Urbana,0,Fátima,1247,413.0,1247.0,11409.88,8000.0,413.0,409.0,,384.0,412.0
230440005170223,Urbana,0,Fátima,399,149.0,399.0,6303.6,4350.0,149.0,148.0,,133.0,147.0
230440005170224,Urbana,0,Fátima,354,135.0,354.0,7130.03,5000.0,135.0,133.0,0.0,108.0,135.0
230440005170225,Urbana,0,Fátima,613,226.0,613.0,4833.03,2750.0,226.0,223.0,0.0,218.0,224.0
230440005170226,Urbana,0,Fátima,585,230.0,585.0,5775.22,4000.0,230.0,217.0,4.0,224.0,230.0
230440005170227,Urbana,0,Fátima,516,233.0,499.0,4021.81,2500.0,233.0,232.0,0.0,223.0,228.0
230440005170228,Urbana,0,Fátima,485,174.0,485.0,7077.4,5650.0,174.0,172.0,0.0,173.0,174.0
230440005170229,Urbana,0,Fátima,375,170.0,375.0,5367.3,4000.0,170.0,166.0,,158.0,166.0
230440005170230,Urbana,0,Fátima,804,273.0,804.0,9423.69,7000.0,273.0,271.0,,270.0,271.0
230440005170231,Urbana,0,Fátima,768,282.0,768.0,7430.59,5000.0,282.0,278.0,3.0,262.0,281.0
230440005170232,Urbana,0,Fátima,659,241.0,659.0,3805.33,2400.0,241.0,230.0,4.0,226.0,241.0
230440005170233,Urbana,0,Fátima,1100,397.0,1100.0,7241.48,5000.0,397.0,388.0,4.0,374.0,395.0
230440005170234,Urbana,0,Fátima,526,214.0,526.0,4908.82,3500.0,214.0,211.0,3.0,189.0,214.0
230440005170235,Urbana,0,Fátima,451,176.0,451.0,10267.13,8000.0,176.0,176.0,0.0,176.0,175.0
230440005170236,Urbana,0,Fátima,496,181.0,496.0,7672.43,6000.0,181.0,179.0,,180.0,181.0
230440005170237,Urbana,0,Fátima,315,127.0,306.0,5465.35,3500.0,127.0,126.0,0.0,71.0,127.0
230440005170238,Urbana,0,Fátima,783,282.0,783.0,9199.92,7500.0,282.0,281.0,0.0,281.0,282.0
230440005170239,Urbana,1,Fátima,556,202.0,556.0,1299.14,1212.0,202.0,201.0,0.0,200.0,202.0
230440005170240,Urbana,0,Fátima,631,234.0,631.0,8538.49,7000.0,234.0,232.0,,230.0,233.0
230440005170241,Urbana,0,Fátima,599,233.0,592.0,8965.78,7000.0,233.0,233.0,0.0,231.0,233.0
230440005170242,Urbana,0,Fátima,781,261.0,781.0,10014.29,8000.0,261.0,259.0,,254.0,261.0
230440005170243,Urbana,0,Fátima,597,208.0,597.0,3190.16,2000.0,208.0,203.0,3.0,204.0,208.0
230440005170244,Urbana,0,Fátima,370,130.0,370.0,7022.52,4100.0,130.0,130.0,0.0,127.0,130.0
230440005170245,Urbana,0,Fátima,510,191.0,510.0,6805.15,5000.0,191.0,186.0,,181.0,190.0
230440005170246,Urbana,0,Fátima,935,365.0,934.0,4959.31,3000.0,365.0,356.0,0.0,339.0,365.0
230440005170247,Urbana,0,Jardim América,702,251.0,702.0,3017.99,1600.0,251.0,251.0,0.0,243.0,251.0
230440005170248,Urbana,0,Jardim América,693,239.0,693.0,2333.96,1300.0,239.0,238.0,0.0,221.0,239.0
230440005170249,Urbana,0,Jardim América,508,194.0,508.0,3974.39,3000.0,194.0,194.0,0.0,147.0,194.0
230440005170250,Urbana,0,Jardim América,741,259.0,741.0,2675.7,1450.0,259.0,246.0,8.0,238.0,259.0
230440005170251,Urbana,0,Jardim América,387,154.0,387.0,2490.49,1356.0,154.0,154.0,0.0,154.0,154.0
230440005170252,Urbana,0,Jardim América,694,267.0,694.0,17752.99,2000.0,267.0,263.0,,255.0,267.0
230440005170253,Urbana,0,Jardim América,799,282.0,799.0,2757.49,1500.0,282.0,282.0,0.0,275.0,282.0
230440005170254,Urbana,0,Jardim América,622,243.0,622.0,2921.18,2000.0,243.0,241.0,,242.0,243.0
230440005170255,Urbana,0,Jardim América,749,278.0,749.0,2411.48,1500.0,278.0,276.0,0.0,252.0,278.0
230440005170256,Urbana,0,Jardim América,611,220.0,611.0,3203.52,1800.0,220.0,219.0,,208.0,220.0
230440005170257,Urbana,0,Jardim América,207,90.0,207.0,4042.65,3000.0,90.0,89.0,0.0,90.0,90.0
230440005170258,Urbana,1,Jardim América,577,191.0,576.0,1390.8,1212.0,191.0,188.0,,190.0,191.0
230440005170259,Urbana,0,Jardim América,26,10.0,26.0,2949.44,1833.0,10.0,8.0,0.0,6.0,9.0
230440005170260,Urbana,0,Damas,407,164.0,407.0,3064.76,2100.0,164.0,163.0,0.0,160.0,164.0
230440005170261,Urbana,0,Damas,427,150.0,427.0,3478.73,1800.0,150.0,147.0,0.0,146.0,150.0
230440005170262,Urbana,0,Damas,627,239.0,627.0,2933.71,1800.0,239.0,235.0,,227.0,238.0
230440005170263,Urbana,0,Damas,731,281.0,731.0,3880.63,2400.0,281.0,281.0,0.0,280.0,281.0
230440005170264,Urbana,0,Damas,613,245.0,613.0,3492.23,2400.0,245.0,245.0,0.0,189.0,245.0
230440005170265,Urbana,0,Damas,519,199.0,519.0,3731.58,2000.0,199.0,198.0,0.0,176.0,199.0
230440005170266,Urbana,1,Damas,103,33.0,103.0,1266.17,1212.0,33.0,,0.0,33.0,33.0
230440005170267,Urbana,0,Damas,672,251.0,672.0,3322.48,2200.0,251.0,250.0,0.0,240.0,251.0
230440005170268,Urbana,0,Damas,766,291.0,766.0,6099.87,5000.0,291.0,279.0,,229.0,291.0
230440005170269,Urbana,1,Damas,310,112.0,310.0,1597.66,2000.0,112.0,36.0,,107.0,111.0
230440005170270,Urbana,0,Damas,726,296.0,726.0,5604.18,4000.0,296.0,294.0,,277.0,296.0
230440005170271,Urbana,0,Damas,495,189.0,485.0,3706.86,3000.0,189.0,189.0,0.0,156.0,189.0
230440005170272,Urbana,0,Parreão,614,182.0,613.0,3971.65,2900.0,182.0,108.0,0.0,180.0,182.0
230440005170273,Urbana,0,Parreão,1438,496.0,1433.0,6513.21,5000.5,496.0,486.0,3.0,480.0,495.0
230440005170274,Urbana,4,Parreão,0,,,,,,,,,
230440005170275,Urbana,0,Parreão,1085,394.0,1085.0,7334.2,5001.0,394.0,381.0,4.0,383.0,394.0
230440005170276,Urbana,0,Parreão,720,248.0,720.0,2383.92,1300.0,248.0,236.0,4.0,229.0,248.0
230440005170277,Urbana,0,Parreão,980,340.0,980.0,5954.05,3250.0,340.0,336.0,,326.0,339.0
230440005170278,Urbana,0,Parreão,1080,352.0,1001.0,3389.01,2000.0,352.0,342.0,,332.0,351.0
230440005170279,Urbana,0,Parreão,1047,377.0,1047.0,2558.88,1500.0,377.0,375.0,0.0,346.0,377.0
230440005170280,Urbana,0,Parreão,752,253.0,737.0,2946.42,2000.0,253.0,248.0,,236.0,253.0
230440005170281,Urbana,0,Bom Futuro,813,295.0,811.0,2846.69,1800.0,295.0,295.0,0.0,279.0,294.0
230440005170282,Urbana,0,Bom Futuro,742,263.0,742.0,2837.73,1700.0,263.0,244.0,16.0,238.0,262.0
230440005170283,Urbana,0,Bom Futuro,627,234.0,627.0,3758.64,2200.0,234.0,233.0,0.0,200.0,233.0
230440005170284,Urbana,0,Bom Futuro,589,202.0,588.0,3211.85,1500.0,202.0,202.0,0.0,182.0,202.0
230440005170285,Urbana,0,Bom Futuro,605,231.0,605.0,2875.34,1500.0,231.0,229.0,,224.0,231.0
230440005170286,Urbana,0,Bom Futuro,398,155.0,398.0,2641.33,1800.0,155.0,155.0,0.0,150.0,155.0
230440005170287,Urbana,0,Bom Futuro,428,170.0,428.0,4559.62,2600.0,170.0,170.0,0.0,164.0,170.0
230440005170288,Urbana,0,Bom Futuro,727,274.0,727.0,4825.46,3000.0,274.0,248.0,6.0,213.0,274.0
230440005170289,Urbana,0,Bom Futuro,331,119.0,331.0,2866.44,2000.0,119.0,112.0,0.0,115.0,119.0
230440005170290,Urbana,0,Benfica,453,175.0,453.0,5240.56,4000.0,175.0,175.0,0.0,171.0,175.0
230440005170291,Urbana,0,Benfica,607,232.0,607.0,6738.0,5000.0,232.0,230.0,,231.0,232.0
230440005170292,Urbana,0,Benfica,442,169.0,442.0,3751.63,2424.0,169.0,166.0,,166.0,169.0
230440005170293,Urbana,0,Benfica,555,205.0,505.0,5844.65,5000.0,205.0,205.0,0.0,201.0,205.0
230440005170294,Urbana,0,Benfica,410,148.0,396.0,6039.62,5000.0,148.0,148.0,0.0,146.0,148.0
230440005170295,Urbana,0,Benfica,592,240.0,592.0,5908.37,4500.0,240.0,238.0,,237.0,240.0
230440005170296,Urbana,0,Fátima,406,178.0,406.0,8025.78,7000.0,178.0,178.0,0.0,177.0,177.0
230440005170297,Urbana,0,Fátima,499,169.0,493.0,10101.13,8000.0,169.0,167.0,,137.0,169.0
230440005170298,Urbana,0,Fátima,671,229.0,666.0,2853.72,1212.0,229.0,228.0,0.0,227.0,229.0
230440005170299,Urbana,0,Fátima,467,185.0,467.0,7814.72,5001.0,185.0,178.0,5.0,137.0,184.0
230440005170300,Urbana,0,Fátima,763,305.0,763.0,8678.41,8000.0,305.0,290.0,14.0,272.0,304.0
230440005170301,Urbana,0,Fátima,451,169.0,451.0,6535.12,5000.0,169.0,165.0,,155.0,168.0
230440005170302,Urbana,0,Damas,761,295.0,761.0,3039.65,1700.0,295.0,261.0,,149.0,295.0
230440005170303,Urbana,0,Damas,477,188.0,477.0,4456.02,3900.0,188.0,90.0,,184.0,188.0
230440005170304,Urbana,0,Parreão,843,328.0,843.0,5832.41,5000.0,328.0,325.0,,259.0,328.0
230440005170305,Urbana,0,Parreão,573,202.0,573.0,2517.5,1500.0,202.0,195.0,3.0,188.0,202.0
230440005170306,Urbana,0,Benfica,159,61.0,159.0,5317.73,5000.0,61.0,60.0,,61.0,61.0
230440005170307,Urbana,1,Jardim América,325,113.0,325.0,1837.95,1212.0,113.0,110.0,3.0,111.0,112.0
230440005170308,Urbana,1,Jardim América,143,64.0,143.0,1737.66,1212.0,64.0,63.0,0.0,58.0,63.0
230440005170309,Urbana,1,Jardim América,204,72.0,204.0,1840.48,1212.0,72.0,67.0,,69.0,71.0
230440005170310,Urbana,0,Fátima,519,199.0,519.0,7359.71,6000.0,199.0,199.0,0.0,199.0,199.0
230440005170311,Urbana,0,Damas,531,225.0,531.0,4694.09,3600.0,225.0,225.0,0.0,216.0,225.0
230440005170312,Urbana,0,Jardim América,545,199.0,545.0,2449.89,1500.0,199.0,194.0,,176.0,199.0
230440005170313,Urbana,0,Fátima,548,195.0,548.0,6184.49,5000.0,195.0,193.0,,182.0,194.0
230440005170314,Urbana,0,Fátima,370,134.0,370.0,5370.87,4300.0,134.0,134.0,0.0,99.0,134.0
230440005170315,Urbana,4,Benfica,2,,,,,,,,,
230440005170316,Urbana,1,Damas,100,37.0,100.0,1550.0,1000.0,37.0,4.0,0.0,37.0,37.0
230440005170317,Urbana,1,Damas,140,54.0,140.0,1477.36,1000.0,54.0,,0.0,53.0,54.0
230440005170318,Urbana,1,Jardim América,432,157.0,432.0,1587.03,1212.0,157.0,156.0,0.0,156.0,157.0
230440005170319,Urbana,0,Damas,433,160.0,433.0,5923.72,4000.0,160.0,136.0,12.0,151.0,159.0
230440005170320,Urbana,0,Benfica,793,302.0,793.0,10317.35,10000.0,302.0,302.0,0.0,300.0,300.0
230440005170321,Urbana,1,Jardim América,512,190.0,511.0,1392.17,1212.0,190.0,100.0,11.0,184.0,189.0
230440005170322,Urbana,1,Jardim América,132,51.0,132.0,1227.02,1212.0,51.0,47.0,0.0,49.0,49.0
230440005170323,Urbana,0,Fátima,532,188.0,532.0,14251.69,13500.0,188.0,188.0,0.0,100.0,188.0
230440005170324,Urbana,0,Fátima,545,198.0,545.0,10443.91,8000.0,198.0,197.0,,198.0,198.0
230440005170325,Urbana,0,Fátima,720,321.0,720.0,7772.38,7000.0,321.0,321.0,0.0,318.0,320.0
230440005170326,Urbana,4,Fátima,0,,,,,,,,,
230440005170327,Urbana,0,Aeroporto,467,189.0,467.0,2642.81,2000.0,189.0,33.0,5.0,169.0,189.0
230440005170328,Urbana,0,Parangaba,103,39.0,103.0,3070.3,1800.0,39.0,35.0,,39.0,39.0
230440005170329,Urbana,4,Parangaba,1,,,,,,,,,
230440005170330,Urbana,0,Parangaba,455,180.0,455.0,5414.38,5000.0,180.0,171.0,0.0,179.0,180.0
230440005170331,Urbana,0,Aeroporto,292,101.0,292.0,2770.02,1372.5,101.0,69.0,0.0,69.0,101.0
230440005170332,Urbana,1,Vila União,340,112.0,340.0,1673.71,1212.0,112.0,80.0,28.0,107.0,112.0
230440005180001,Urbana,0,Planalto Ayrton Senna,431,144.0,431.0,2478.04,2000.0,144.0,,0.0,133.0,144.0
230440005180002,Urbana,0,Planalto Ayrton Senna,490,171.0,490.0,1882.42,1212.0,171.0,,0.0,149.0,171.0
230440005180003,Urbana,0,Planalto Ayrton Senna,183,68.0,183.0,1864.73,1600.0,68.0,7.0,0.0,67.0,68.0
230440005180004,Urbana,0,Prefeito José Walter,381,138.0,381.0,1487.2,1212.0,138.0,23.0,3.0,137.0,138.0
230440005180005,Urbana,1,Planalto Ayrton Senna,284,101.0,284.0,1513.65,1200.0,101.0,3.0,0.0,101.0,101.0
230440005180006,Urbana,0,Planalto Ayrton Senna,335,110.0,335.0,1637.47,1212.0,110.0,,0.0,105.0,110.0
230440005180007,Urbana,1,Planalto Ayrton Senna,248,89.0,248.0,1181.3,1200.0,89.0,,0.0,89.0,89.0
230440005180008,Urbana,1,Planalto Ayrton Senna,684,230.0,684.0,1116.16,1212.0,230.0,13.0,0.0,213.0,230.0
230440005180009,Urbana,0,Planalto Ayrton Senna,707,222.0,707.0,1700.14,1212.0,222.0,0.0,0.0,214.0,222.0
230440005180010,Urbana,0,Passaré,791,301.0,791.0,1614.51,1212.0,301.0,300.0,0.0,301.0,301.0
230440005180011,Urbana,1,Parque Dois Irmãos,201,76.0,201.0,1555.94,1212.0,76.0,8.0,8.0,74.0,75.0
230440005180012,Urbana,0,Parque Dois Irmãos,768,261.0,768.0,2089.34,1300.0,261.0,17.0,,256.0,261.0
230440005180013,Urbana,1,Passaré,444,147.0,443.0,1093.13,1212.0,147.0,76.0,0.0,133.0,144.0
230440005180014,Urbana,0,Passaré,131,47.0,131.0,1628.82,1212.0,47.0,28.0,5.0,46.0,47.0
230440005180015,Urbana,1,Passaré,475,166.0,475.0,1069.57,1212.0,166.0,,0.0,165.0,166.0
230440005180016,Urbana,0,Passaré,90,31.0,90.0,1987.94,2001.0,31.0,,0.0,31.0,31.0
230440005180017,Urbana,1,Passaré,219,76.0,219.0,1173.45,1212.0,76.0,7.0,15.0,71.0,76.0
230440005180018,Urbana,0,Passaré,681,242.0,681.0,1299.4,1212.0,242.0,241.0,,241.0,242.0
230440005180019,Urbana,1,Passaré,471,163.0,471.0,1086.91,1200.0,163.0,6.0,,157.0,162.0
230440005180020,Urbana,1,Passaré,219,75.0,219.0,1524.03,1212.0,75.0,10.0,8.0,67.0,74.0
230440005180021,Urbana,1,Planalto Ayrton Senna,447,148.0,447.0,1230.85,1200.0,148.0,,0.0,138.0,148.0
230440005180022,Urbana,1,Planalto Ayrton Senna,609,206.0,609.0,985.26,1212.0,206.0,13.0,0.0,193.0,204.0
230440005180023,Urbana,0,Passaré,657,250.0,657.0,6939.29,6000.0,250.0,197.0,7.0,246.0,250.0
230440005180024,Urbana,0,Passaré,737,246.0,737.0,2885.84,2000.0,246.0,88.0,20.0,245.0,245.0
230440005180025,Urbana,1,Passaré,408,131.0,408.0,1317.98,1212.0,131.0,126.0,0.0,122.0,131.0
230440005180026,Urbana,1,Passaré,779,253.0,779.0,1077.17,1200.0,253.0,239.0,5.0,251.0,251.0
230440005180027,Urbana,0,Parque Dois Irmãos,762,270.0,762.0,2876.85,2000.0,270.0,142.0,4.0,268.0,267.0
230440005180028,Urbana,0,Parque Dois Irmãos,446,139.0,446.0,2002.15,1212.0,139.0,5.0,,130.0,139.0
230440005180029,Urbana,0,Prefeito José Walter,428,150.0,428.0,2598.58,2000.0,150.0,150.0,0.0,149.0,150.0
230440005180030,Urbana,0,Prefeito José Walter,750,280.0,750.0,1799.71,1200.0,280.0,279.0,0.0,278.0,280.0
230440005180031,Urbana,1,Planalto Ayrton Senna,130,48.0,130.0,1502.64,1200.0,48.0,46.0,,48.0,48.0
230440005180032,Urbana,1,Planalto Ayrton Senna,224,67.0,224.0,1701.67,1200.0,67.0,4.0,0.0,66.0,67.0
230440005180033,Urbana,1,Planalto Ayrton Senna,371,115.0,371.0,1250.5,1200.0,115.0,40.0,9.0,114.0,115.0
230440005180034,Urbana,1,Planalto Ayrton Senna,247,71.0,247.0,1215.24,1212.0,71.0,,0.0,69.0,71.0
230440005180035,Urbana,1,Prefeito José Walter,296,101.0,296.0,1007.63,1200.0,101.0,0.0,0.0,98.0,84.0
230440005180036,Urbana,1,Prefeito José Walter,837,276.0,837.0,1202.65,1212.0,276.0,,,261.0,262.0
230440005180037,Urbana,1,Dendê,594,196.0,594.0,1199.55,1200.0,196.0,11.0,,35.0,196.0
230440005180038,Urbana,1,Dendê,567,203.0,567.0,1575.64,1200.0,203.0,4.0,,55.0,201.0
230440005180039,Urbana,0,Prefeito José Walter,445,192.0,445.0,1319.48,1213.0,192.0,191.0,,192.0,192.0
230440005180040,Urbana,0,Prefeito José Walter,478,169.0,478.0,1204.04,1212.0,169.0,167.0,0.0,169.0,169.0
230440005180041,Urbana,0,Prefeito José Walter,765,291.0,763.0,1223.19,1212.0,291.0,235.0,48.0,290.0,289.0
230440005180042,Urbana,0,Prefeito José Walter,558,212.0,558.0,1382.65,1200.0,212.0,211.0,0.0,212.0,212.0
230440005180043,Urbana,0,Prefeito José Walter,546,211.0,546.0,1191.12,1212.0,211.0,211.0,0.0,211.0,211.0
230440005180044,Urbana,0,Prefeito José Walter,662,256.0,662.0,1175.3,1212.0,256.0,256.0,0.0,256.0,256.0
230440005180045,Urbana,0,Prefeito José Walter,877,352.0,877.0,1216.57,1212.0,352.0,309.0,41.0,352.0,352.0
230440005180046,Urbana,0,Prefeito José Walter,1017,392.0,1017.0,1236.1,1200.0,392.0,390.0,,392.0,392.0
230440005180047,Urbana,0,Prefeito José Walter,576,217.0,576.0,1170.59,1212.0,217.0,217.0,0.0,217.0,217.0
230440005180048,Urbana,0,Prefeito José Walter,439,167.0,439.0,1119.2,1200.0,167.0,56.0,,133.0,167.0
230440005180049,Urbana,0,Planalto Ayrton Senna,454,143.0,454.0,1247.52,1200.0,143.0,7.0,,142.0,143.0
230440005180050,Urbana,1,Planalto Ayrton Senna,834,257.0,834.0,978.27,1000.0,257.0,12.0,0.0,239.0,257.0
230440005180051,Urbana,1,Parque Dois Irmãos,550,176.0,550.0,1244.78,1200.0,176.0,6.0,,171.0,176.0
230440005180052,Urbana,0,Parque Dois Irmãos,310,106.0,310.0,2533.92,1500.0,106.0,8.0,95.0,104.0,105.0
230440005180053,Urbana,1,Passaré,563,198.0,563.0,1452.9,1212.0,198.0,195.0,,198.0,198.0
230440005180054,Urbana,1,Parque Dois Irmãos,177,61.0,177.0,1096.43,1212.0,61.0,3.0,0.0,60.0,58.0
230440005180055,Urbana,0,Passaré,141,58.0,141.0,1598.98,1212.0,58.0,4.0,,57.0,58.0
230440005180056,Urbana,0,Passaré,263,89.0,263.0,1205.95,1212.0,89.0,83.0,0.0,80.0,89.0
230440005180057,Urbana,1,Passaré,542,155.0,542.0,1059.75,1200.0,155.0,142.0,0.0,152.0,155.0
230440005180058,Urbana,1,Passaré,206,61.0,206.0,1055.5,1200.0,61.0,56.0,,59.0,60.0
230440005180060,Urbana,1,Passaré,199,57.0,197.0,1024.71,1000.0,57.0,45.0,7.0,55.0,54.0
230440005180061,Urbana,1,Passaré,122,36.0,122.0,982.12,1100.0,36.0,35.0,0.0,35.0,35.0
230440005180062,Urbana,1,Passaré,39,18.0,39.0,1132.44,1212.0,18.0,12.0,,17.0,18.0
230440005180063,Urbana,1,Passaré,28,11.0,28.0,729.45,600.0,11.0,3.0,0.0,10.0,11.0
230440005180064,Urbana,0,Passaré,107,36.0,107.0,813.89,600.0,36.0,5.0,0.0,26.0,33.0
230440005180065,Urbana,1,Parque Dois Irmãos,291,97.0,291.0,1003.78,925.0,97.0,,,93.0,65.0
230440005180066,Urbana,1,Parque Dois Irmãos,353,132.0,353.0,1230.92,1200.0,132.0,6.0,3.0,123.0,132.0
230440005180067,Urbana,4,Parque Dois Irmãos,12,,,,,,,,,
230440005180068,Urbana,0,Parque Dois Irmãos,206,71.0,206.0,3306.76,2200.0,71.0,3.0,27.0,63.0,71.0
230440005180069,Urbana,0,Parque Dois Irmãos,552,183.0,552.0,1658.79,1200.0,183.0,16.0,7.0,180.0,183.0
230440005180070,Urbana,0,Parque Dois Irmãos,424,149.0,424.0,1835.83,1212.0,149.0,9.0,14.0,141.0,149.0
230440005180071,Urbana,1,Planalto Ayrton Senna,609,184.0,609.0,1209.65,1212.0,184.0,13.0,0.0,163.0,184.0
230440005180072,Urbana,0,Planalto Ayrton Senna,331,109.0,331.0,1764.81,1200.0,109.0,,0.0,89.0,109.0
230440005180073,Urbana,1,Prefeito José Walter,111,36.0,111.0,1586.81,1212.0,36.0,,0.0,36.0,28.0
230440005180074,Urbana,1,Passaré,192,52.0,191.0,1382.4,1212.0,52.0,10.0,39.0,50.0,52.0
230440005180075,Urbana,0,Passaré,357,121.0,357.0,1610.39,1200.0,121.0,,9.0,121.0,120.0
230440005180076,Urbana,0,Passaré,362,69.0,210.0,2626.33,2000.0,69.0,69.0,0.0,69.0,69.0
230440005180077,Urbana,1,Passaré,84,28.0,84.0,1396.0,1200.0,28.0,24.0,3.0,28.0,28.0
230440005180078,Urbana,1,Passaré,138,42.0,138.0,1429.41,1200.0,42.0,37.0,0.0,42.0,42.0
230440005180079,Urbana,1,Passaré,270,83.0,270.0,1397.71,1212.0,83.0,14.0,9.0,82.0,82.0
230440005180080,Urbana,0,Passaré,1170,437.0,1170.0,5557.55,4000.0,437.0,60.0,,431.0,435.0
230440005180081,Urbana,1,Dendê,295,97.0,295.0,1796.6,1300.0,97.0,25.0,0.0,95.0,96.0
230440005180082,Urbana,0,Dendê,1105,388.0,1105.0,1855.4,1212.0,388.0,19.0,8.0,376.0,386.0
230440005180083,Urbana,0,Dendê,498,177.0,498.0,1867.23,1200.0,177.0,21.0,0.0,172.0,177.0
230440005180084,Urbana,1,Dendê,463,168.0,463.0,1748.53,1212.0,168.0,50.0,0.0,156.0,164.0
230440005180085,Urbana,0,Dendê,3956,1631.0,3956.0,4302.08,3500.0,1631.0,1429.0,7.0,1596.0,1631.0
230440005180086,Urbana,4,Dendê,0,,,,,,,,,
230440005180087,Urbana,1,Parque Dois Irmãos,335,123.0,335.0,870.79,1000.0,123.0,9.0,0.0,123.0,119.0
230440005180088,Urbana,1,Parque Dois Irmãos,379,142.0,379.0,885.91,1000.0,142.0,9.0,0.0,140.0,134.0
230440005180089,Urbana,1,Parque Dois Irmãos,391,134.0,391.0,879.59,600.0,134.0,11.0,,133.0,131.0
230440005180090,Urbana,1,Parque Dois Irmãos,397,140.0,397.0,903.91,800.0,140.0,11.0,0.0,139.0,138.0
230440005180091,Urbana,0,Parque Dois Irmãos,1190,415.0,1190.0,2061.49,1500.0,415.0,51.0,6.0,413.0,415.0
230440005180092,Urbana,1,Parque Dois Irmãos,236,84.0,236.0,1096.04,1200.0,84.0,,0.0,81.0,84.0
230440005180093,Urbana,0,Parque Dois Irmãos,808,271.0,808.0,1475.55,1212.0,271.0,12.0,4.0,271.0,270.0
230440005180094,Urbana,0,Parque Dois Irmãos,771,245.0,771.0,2987.29,2000.0,245.0,112.0,57.0,241.0,245.0
230440005180095,Urbana,0,Parque Dois Irmãos,793,263.0,793.0,2820.42,2000.0,263.0,53.0,4.0,262.0,261.0
230440005180096,Urbana,0,Parque Dois Irmãos,825,284.0,825.0,3079.0,2005.0,284.0,265.0,12.0,284.0,284.0
230440005180097,Urbana,0,Parque Dois Irmãos,693,223.0,693.0,2704.72,2000.0,223.0,79.0,144.0,222.0,223.0
230440005180098,Urbana,0,Parque Dois Irmãos,658,221.0,658.0,2913.14,2000.0,221.0,193.0,5.0,217.0,221.0
230440005180099,Urbana,0,Parque Dois Irmãos,680,224.0,680.0,2991.52,2000.0,224.0,186.0,17.0,223.0,224.0
230440005180100,Urbana,1,Parque Dois Irmãos,406,123.0,406.0,1239.81,1212.0,123.0,37.0,26.0,117.0,120.0
230440005180101,Urbana,1,Parque Dois Irmãos,320,116.0,320.0,1013.07,1200.0,116.0,11.0,4.0,115.0,57.0
230440005180102,Urbana,1,Parque Dois Irmãos,347,132.0,347.0,1027.72,1200.0,132.0,11.0,3.0,132.0,125.0
230440005180103,Urbana,1,Parque Dois Irmãos,645,216.0,645.0,940.1,800.0,216.0,20.0,3.0,215.0,193.0
230440005180104,Urbana,1,Parque Dois Irmãos,375,118.0,375.0,1156.75,1200.0,118.0,0.0,,,117.0
230440005180105,Urbana,0,Parque Dois Irmãos,700,218.0,700.0,1012.85,1200.0,218.0,0.0,5.0,3.0,218.0
230440005180106,Urbana,4,Parque Dois Irmãos,0,,,,,,,,,
230440005180107,Urbana,1,Parque Dois Irmãos,439,151.0,439.0,847.84,900.0,151.0,15.0,,151.0,147.0
230440005180108,Urbana,0,Parque Dois Irmãos,1255,424.0,1255.0,1119.97,1200.0,424.0,361.0,24.0,405.0,423.0
230440005180109,Urbana,0,Parque Dois Irmãos,880,304.0,880.0,3429.29,2300.0,304.0,91.0,40.0,295.0,302.0
230440005180110,Urbana,0,Parque Dois Irmãos,852,297.0,852.0,2611.77,1800.0,297.0,7.0,,297.0,270.0
230440005180111,Urbana,0,Passaré,577,215.0,577.0,1266.7,1212.0,215.0,215.0,0.0,215.0,215.0
230440005180112,Urbana,0,Passaré,781,282.0,781.0,1272.14,1200.0,282.0,265.0,,282.0,281.0
230440005180113,Urbana,0,Passaré,480,181.0,480.0,4157.57,3000.0,181.0,80.0,24.0,179.0,181.0
230440005180114,Urbana,0,Passaré,818,316.0,818.0,1941.32,1200.0,316.0,141.0,33.0,264.0,314.0
230440005180115,Urbana,0,Passaré,1143,417.0,1143.0,2437.37,1445.0,417.0,33.0,,409.0,416.0
230440005180116,Urbana,0,Passaré,831,300.0,831.0,3907.98,3000.0,300.0,87.0,24.0,262.0,300.0
230440005180117,Urbana,0,Passaré,1003,346.0,1003.0,1189.9,1212.0,346.0,346.0,0.0,342.0,346.0
230440005180118,Urbana,0,Passaré,554,180.0,554.0,2757.88,1248.0,180.0,20.0,,178.0,179.0
230440005180119,Urbana,0,Passaré,1131,459.0,1131.0,6569.22,5000.0,459.0,26.0,93.0,413.0,459.0
230440005180120,Urbana,0,Passaré,481,165.0,481.0,2387.54,1809.0,165.0,10.0,37.0,164.0,165.0
230440005180121,Urbana,1,Passaré,341,116.0,341.0,900.54,1000.0,116.0,3.0,,116.0,48.0
230440005180122,Urbana,0,Passaré,622,228.0,622.0,1723.05,1212.0,228.0,216.0,9.0,227.0,228.0
230440005180123,Urbana,0,Passaré,753,237.0,753.0,3826.35,3000.0,237.0,9.0,0.0,235.0,237.0
230440005180124,Urbana,0,Passaré,886,341.0,886.0,3762.23,3000.0,341.0,271.0,56.0,332.0,341.0
230440005180125,Urbana,0,Passaré,767,251.0,760.0,4769.47,3550.0,251.0,116.0,22.0,251.0,251.0
230440005180126,Urbana,0,Passaré,429,163.0,429.0,3164.11,2300.0,163.0,20.0,7.0,108.0,163.0
230440005180127,Urbana,0,Passaré,1406,522.0,1406.0,3921.8,2500.0,522.0,113.0,,490.0,521.0
230440005180128,Urbana,1,Passaré,1077,431.0,1075.0,1980.74,1500.0,431.0,81.0,19.0,430.0,430.0
230440005180129,Urbana,0,Passaré,901,314.0,901.0,2661.46,1212.0,314.0,118.0,34.0,298.0,314.0
230440005180130,Urbana,0,Passaré,606,219.0,606.0,1448.67,1212.0,219.0,202.0,,217.0,219.0
230440005180131,Urbana,0,Passaré,693,226.0,682.0,1496.77,1212.0,226.0,106.0,3.0,202.0,225.0
230440005180132,Urbana,0,Passaré,703,282.0,702.0,1300.99,1212.0,282.0,276.0,5.0,282.0,282.0
230440005180133,Urbana,0,Passaré,470,187.0,470.0,1380.74,1212.0,187.0,183.0,,186.0,187.0
230440005180134,Urbana,4,Passaré,0,,,,,,,,,
230440005180135,Urbana,1,Passaré,784,250.0,784.0,1107.01,1212.0,250.0,243.0,0.0,242.0,250.0
230440005180136,Urbana,1,Passaré,582,191.0,582.0,1213.15,1212.0,191.0,186.0,,187.0,190.0
230440005180137,Urbana,0,Prefeito José Walter,574,198.0,574.0,2775.02,2500.0,198.0,197.0,0.0,198.0,198.0
230440005180138,Urbana,0,Prefeito José Walter,841,303.0,841.0,2294.54,1500.0,303.0,295.0,,303.0,303.0
230440005180139,Urbana,0,Prefeito José Walter,789,285.0,789.0,1830.19,1212.0,285.0,285.0,0.0,283.0,285.0
230440005180140,Urbana,0,Prefeito José Walter,686,241.0,686.0,2924.49,2500.0,241.0,239.0,0.0,241.0,241.0
230440005180141,Urbana,0,Prefeito José Walter,748,267.0,748.0,1709.83,1212.0,267.0,267.0,0.0,265.0,267.0
230440005180142,Urbana,0,Prefeito José Walter,551,185.0,551.0,2912.14,2000.0,185.0,184.0,,184.0,185.0
230440005180143,Urbana,0,Prefeito José Walter,655,247.0,655.0,1868.19,1212.0,247.0,243.0,,244.0,247.0
230440005180144,Urbana,0,Prefeito José Walter,785,284.0,785.0,1905.62,1212.0,284.0,264.0,0.0,284.0,283.0
230440005180145,Urbana,0,Prefeito José Walter,747,274.0,747.0,1803.61,1212.0,274.0,274.0,0.0,271.0,274.0
230440005180146,Urbana,0,Prefeito José Walter,697,265.0,697.0,1778.54,1212.0,265.0,261.0,0.0,256.0,264.0
230440005180147,Urbana,0,Prefeito José Walter,731,275.0,731.0,2016.81,1242.0,275.0,99.0,0.0,274.0,275.0
230440005180148,Urbana,0,Prefeito José Walter,746,272.0,746.0,1792.33,1212.0,272.0,272.0,0.0,269.0,272.0
230440005180149,Urbana,0,Prefeito José Walter,726,273.0,726.0,1707.38,1212.0,273.0,53.0,4.0,256.0,272.0
230440005180150,Urbana,0,Prefeito José Walter,603,223.0,603.0,2000.38,1212.0,223.0,216.0,0.0,217.0,223.0
230440005180151,Urbana,0,Prefeito José Walter,553,206.0,553.0,2169.85,1212.0,206.0,206.0,0.0,206.0,206.0
230440005180152,Urbana,0,Prefeito José Walter,1035,371.0,1035.0,2531.52,2000.0,371.0,371.0,0.0,366.0,371.0
230440005180153,Urbana,0,Prefeito José Walter,848,279.0,848.0,2511.64,1800.0,279.0,264.0,10.0,269.0,279.0
230440005180154,Urbana,0,Prefeito José Walter,620,188.0,620.0,2648.99,1400.0,188.0,188.0,0.0,186.0,188.0
230440005180155,Urbana,0,Planalto Ayrton Senna,392,131.0,392.0,1636.72,1250.0,131.0,0.0,0.0,124.0,131.0
230440005180156,Urbana,0,Prefeito José Walter,1004,362.0,1004.0,1648.38,1339.5,362.0,359.0,,360.0,362.0
230440005180157,Urbana,0,Prefeito José Walter,991,361.0,991.0,2500.66,1600.0,361.0,359.0,,358.0,361.0
230440005180158,Urbana,0,Prefeito José Walter,739,249.0,724.0,1421.66,1212.0,249.0,7.0,9.0,237.0,247.0
230440005180159,Urbana,1,Planalto Ayrton Senna,960,300.0,960.0,1579.33,1200.0,300.0,36.0,,299.0,300.0
230440005180160,Urbana,1,Planalto Ayrton Senna,872,309.0,872.0,1789.48,1250.0,309.0,4.0,3.0,297.0,308.0
230440005180161,Urbana,1,Planalto Ayrton Senna,668,242.0,668.0,1212.68,1212.0,242.0,3.0,0.0,205.0,242.0
230440005180162,Urbana,1,Planalto Ayrton Senna,491,170.0,491.0,1434.38,1250.0,170.0,8.0,0.0,168.0,169.0
230440005180163,Urbana,1,Planalto Ayrton Senna,706,222.0,706.0,1289.03,1250.0,222.0,5.0,0.0,222.0,222.0
230440005180164,Urbana,0,Planalto Ayrton Senna,917,310.0,917.0,1878.33,1212.0,310.0,3.0,,298.0,309.0
230440005180165,Urbana,1,Planalto Ayrton Senna,336,117.0,336.0,1558.14,1200.0,117.0,3.0,,116.0,117.0
230440005180166,Urbana,0,Planalto Ayrton Senna,640,214.0,636.0,2174.23,1300.0,214.0,106.0,0.0,211.0,214.0
230440005180167,Urbana,0,Planalto Ayrton Senna,542,182.0,542.0,1877.82,1212.0,182.0,89.0,0.0,178.0,182.0
230440005180168,Urbana,0,Planalto Ayrton Senna,304,95.0,304.0,2350.0,1500.0,95.0,,0.0,95.0,95.0
230440005180169,Urbana,1,Planalto Ayrton Senna,418,145.0,418.0,1192.99,1212.0,145.0,52.0,0.0,126.0,145.0
230440005180170,Urbana,1,Planalto Ayrton Senna,492,171.0,492.0,1254.57,1212.0,171.0,3.0,,160.0,171.0
230440005180171,Urbana,1,Planalto Ayrton Senna,837,298.0,837.0,1187.44,1200.0,298.0,4.0,,261.0,298.0
230440005180172,Urbana,1,Planalto Ayrton Senna,695,234.0,695.0,1311.61,1212.0,234.0,19.0,,226.0,232.0
230440005180173,Urbana,1,Planalto Ayrton Senna,523,177.0,523.0,1298.64,1200.0,177.0,21.0,,171.0,175.0
230440005180174,Urbana,1,Planalto Ayrton Senna,787,262.0,787.0,1636.39,1213.5,262.0,,,250.0,262.0
230440005180175,Urbana,0,Planalto Ayrton Senna,1034,363.0,1034.0,1865.8,1212.0,363.0,13.0,15.0,310.0,363.0
230440005180176,Urbana,1,Planalto Ayrton Senna,806,268.0,806.0,1145.91,1212.0,268.0,,0.0,245.0,268.0
230440005180177,Urbana,1,Dendê,962,303.0,962.0,1078.87,1212.0,303.0,0.0,0.0,43.0,298.0
230440005180178,Urbana,0,Dendê,1285,436.0,1285.0,2576.09,1464.0,436.0,284.0,,433.0,431.0
230440005180179,Urbana,0,Dendê,645,269.0,645.0,4139.45,3000.0,269.0,208.0,36.0,245.0,269.0
230440005180180,Urbana,0,Dendê,515,210.0,513.0,1723.51,1212.0,210.0,133.0,18.0,200.0,210.0
230440005180181,Urbana,0,Parque Dois Irmãos,1198,406.0,1198.0,2066.74,1212.0,406.0,24.0,23.0,388.0,406.0
230440005180182,Urbana,0,Parque Dois Irmãos,1125,377.0,1118.0,1751.51,1300.0,377.0,7.0,0.0,372.0,376.0
230440005180183,Urbana,0,Passaré,479,185.0,479.0,1374.62,1212.0,185.0,178.0,,181.0,185.0
230440005180184,Urbana,0,Passaré,772,253.0,772.0,4852.78,3001.0,253.0,40.0,6.0,241.0,251.0
230440005180185,Urbana,0,Passaré,479,182.0,479.0,6326.32,5000.0,182.0,170.0,3.0,174.0,182.0
230440005180186,Urbana,0,Passaré,596,234.0,596.0,2858.78,1900.0,234.0,233.0,,234.0,234.0
230440005180187,Urbana,0,Passaré,702,260.0,702.0,2604.51,1300.0,260.0,174.0,10.0,239.0,260.0
230440005180188,Urbana,0,Passaré,961,341.0,961.0,1321.98,1200.0,341.0,296.0,3.0,323.0,339.0
230440005180189,Urbana,0,Passaré,462,150.0,462.0,2764.56,2000.0,150.0,25.0,6.0,148.0,150.0
230440005180190,Urbana,0,Passaré,611,186.0,611.0,987.07,1212.0,186.0,178.0,0.0,183.0,186.0
230440005180191,Urbana,0,Passaré,351,121.0,351.0,1187.85,1212.0,121.0,103.0,,118.0,121.0
230440005180192,Urbana,0,Passaré,768,243.0,768.0,2509.88,1400.0,243.0,49.0,,231.0,242.0
230440005180193,Urbana,0,Passaré,817,293.0,817.0,6114.51,5000.0,293.0,78.0,123.0,275.0,293.0
230440005180194,Urbana,0,Passaré,491,166.0,491.0,4818.91,4000.0,166.0,73.0,,161.0,166.0
230440005180195,Urbana,0,Passaré,502,206.0,502.0,3107.34,2500.0,206.0,197.0,5.0,118.0,206.0
230440005180196,Urbana,1,Passaré,429,163.0,429.0,3673.12,2462.0,163.0,11.0,47.0,162.0,162.0
230440005180197,Urbana,0,Passaré,589,230.0,589.0,5849.76,4500.0,230.0,64.0,100.0,230.0,226.0
230440005180198,Urbana,0,Passaré,339,125.0,339.0,4046.25,2500.0,125.0,89.0,6.0,125.0,125.0
230440005180199,Urbana,0,Passaré,362,139.0,362.0,5191.39,5000.0,139.0,13.0,0.0,22.0,139.0
230440005180200,Urbana,0,Passaré,440,170.0,440.0,1293.76,1212.0,170.0,93.0,,166.0,169.0
230440005180201,Urbana,0,Passaré,567,207.0,567.0,1422.81,1212.0,207.0,204.0,0.0,206.0,206.0
230440005180202,Urbana,1,Passaré,248,86.0,248.0,1481.28,1212.0,86.0,35.0,,86.0,85.0
230440005180203,Urbana,1,Passaré,666,231.0,666.0,1106.42,1200.0,231.0,211.0,3.0,211.0,230.0
230440005180204,Urbana,0,Passaré,640,206.0,640.0,2101.5,1248.0,206.0,31.0,5.0,205.0,206.0
230440005180206,Urbana,0,Passaré,456,154.0,456.0,1247.36,1212.0,154.0,147.0,3.0,151.0,154.0
230440005180207,Urbana,1,Passaré,446,142.0,446.0,977.63,1200.0,142.0,69.0,3.0,141.0,142.0
230440005180208,Urbana,0,Passaré,559,201.0,559.0,1275.03,1212.0,201.0,178.0,17.0,194.0,201.0
230440005180209,Urbana,0,Prefeito José Walter,738,261.0,738.0,1943.24,1300.0,261.0,256.0,3.0,260.0,261.0
230440005180210,Urbana,0,Prefeito José Walter,547,197.0,547.0,2166.93,1212.0,197.0,197.0,0.0,195.0,195.0
230440005180211,Urbana,0,Prefeito José Walter,506,181.0,506.0,2268.02,1400.0,181.0,178.0,,180.0,181.0
230440005180212,Urbana,0,Prefeito José Walter,434,146.0,432.0,2195.67,1300.0,146.0,145.0,,143.0,146.0
230440005180213,Urbana,0,Prefeito José Walter,547,186.0,547.0,2705.13,1750.0,186.0,186.0,0.0,183.0,186.0
230440005180214,Urbana,1,Planalto Ayrton Senna,664,233.0,664.0,1255.78,1212.0,233.0,18.0,,220.0,233.0
230440005180215,Urbana,0,Planalto Ayrton Senna,506,172.0,506.0,1245.87,1200.0,172.0,51.0,0.0,153.0,170.0
230440005180216,Urbana,1,Planalto Ayrton Senna,1112,400.0,1110.0,1884.88,1600.0,400.0,276.0,0.0,399.0,400.0
230440005180217,Urbana,1,Planalto Ayrton Senna,369,108.0,369.0,1794.19,1200.0,108.0,21.0,,98.0,108.0
230440005180218,Urbana,1,Planalto Ayrton Senna,669,226.0,669.0,1407.43,1200.0,226.0,17.0,8.0,211.0,226.0
230440005180219,Urbana,1,Planalto Ayrton Senna,694,237.0,694.0,1302.86,1200.0,237.0,8.0,0.0,219.0,237.0
230440005180220,Urbana,1,Planalto Ayrton Senna,962,332.0,962.0,1094.23,1212.0,332.0,15.0,0.0,316.0,332.0
230440005180221,Urbana,1,Planalto Ayrton Senna,149,45.0,149.0,1808.89,1200.0,45.0,0.0,,45.0,45.0
230440005180222,Urbana,0,Planalto Ayrton Senna,468,164.0,468.0,2039.08,1800.0,164.0,4.0,0.0,160.0,164.0
230440005180223,Urbana,0,Planalto Ayrton Senna,955,351.0,955.0,1215.59,1206.0,351.0,9.0,0.0,332.0,351.0
230440005180224,Urbana,1,Planalto Ayrton Senna,86,24.0,86.0,1100.0,1100.0,24.0,6.0,0.0,23.0,24.0
230440005180225,Urbana,0,Planalto Ayrton Senna,382,130.0,382.0,1757.94,1212.0,130.0,7.0,,117.0,130.0
230440005180226,Urbana,1,Planalto Ayrton Senna,508,174.0,508.0,1115.42,1212.0,174.0,10.0,0.0,161.0,174.0
230440005180227,Urbana,1,Planalto Ayrton Senna,765,263.0,765.0,1454.79,1212.0,263.0,4.0,0.0,230.0,263.0
230440005180228,Urbana,1,Planalto Ayrton Senna,638,223.0,638.0,1475.78,1200.0,223.0,15.0,,210.0,223.0
230440005180229,Urbana,1,Planalto Ayrton Senna,643,234.0,643.0,1589.68,1200.0,234.0,8.0,0.0,223.0,234.0
230440005180230,Urbana,1,Planalto Ayrton Senna,596,189.0,596.0,1553.47,1414.0,189.0,137.0,,177.0,189.0
230440005180231,Urbana,0,Planalto Ayrton Senna,959,305.0,942.0,1608.61,1200.0,305.0,0.0,0.0,283.0,305.0
230440005180232,Urbana,0,Planalto Ayrton Senna,752,235.0,752.0,1374.46,1200.0,235.0,8.0,0.0,221.0,235.0
230440005180233,Urbana,1,Planalto Ayrton Senna,562,186.0,562.0,1038.06,1212.0,186.0,9.0,0.0,172.0,186.0
230440005180234,Urbana,0,Prefeito José Walter,447,179.0,447.0,2481.92,2000.0,179.0,176.0,,178.0,179.0
230440005180235,Urbana,0,Prefeito José Walter,644,267.0,644.0,2693.49,2200.0,267.0,257.0,3.0,260.0,267.0
230440005180236,Urbana,0,Prefeito José Walter,438,180.0,438.0,2754.27,2000.5,180.0,179.0,0.0,180.0,180.0
230440005180237,Urbana,0,Prefeito José Walter,1597,550.0,1597.0,3382.55,2000.0,550.0,29.0,3.0,545.0,548.0
230440005180238,Urbana,0,Parque Dois Irmãos,734,280.0,734.0,1772.94,1212.0,280.0,15.0,12.0,264.0,276.0
230440005180239,Urbana,0,Parque Dois Irmãos,956,329.0,956.0,3664.03,2985.0,329.0,89.0,29.0,315.0,329.0
230440005180240,Urbana,1,Prefeito José Walter,362,140.0,362.0,933.03,600.0,140.0,3.0,0.0,136.0,132.0
230440005180241,Urbana,1,Passaré,50,15.0,50.0,932.27,1212.0,15.0,12.0,0.0,15.0,15.0
230440005180242,Urbana,1,Passaré,564,193.0,564.0,992.06,1000.0,193.0,44.0,3.0,175.0,189.0
230440005180243,Urbana,1,Passaré,99,29.0,99.0,1324.74,1212.0,29.0,17.0,0.0,27.0,29.0
230440005180244,Urbana,0,Passaré,236,85.0,236.0,1486.37,1210.0,85.0,50.0,0.0,83.0,81.0
230440005180245,Urbana,0,Passaré,86,24.0,86.0,1576.29,1212.0,24.0,16.0,0.0,23.0,24.0
230440005180246,Urbana,1,Passaré,229,83.0,229.0,1466.86,1212.0,83.0,45.0,,82.0,82.0
230440005180247,Urbana,1,Parque Dois Irmãos,321,106.0,321.0,1128.81,1200.0,106.0,,,86.0,105.0
230440005180248,Urbana,1,Parque Dois Irmãos,137,44.0,137.0,1111.77,1200.0,44.0,,,44.0,44.0
230440005180249,Urbana,1,Parque Dois Irmãos,430,136.0,430.0,1209.85,1212.0,136.0,,,135.0,136.0
230440005180250,Urbana,1,Parque Dois Irmãos,414,159.0,414.0,1301.78,1200.0,159.0,,9.0,147.0,156.0
230440005180251,Urbana,1,Parque Dois Irmãos,628,236.0,628.0,1155.71,1212.0,236.0,20.0,4.0,233.0,236.0
230440005180252,Urbana,0,Parque Dois Irmãos,624,214.0,624.0,1642.41,1212.0,214.0,11.0,20.0,200.0,212.0
230440005180253,Urbana,0,Passaré,592,216.0,592.0,1843.1,1212.0,216.0,216.0,0.0,216.0,216.0
230440005180254,Urbana,0,Passaré,655,218.0,655.0,4143.39,3000.0,218.0,27.0,17.0,193.0,217.0
230440005180255,Urbana,0,Passaré,690,217.0,690.0,4397.39,3000.0,217.0,33.0,3.0,212.0,217.0
230440005180256,Urbana,0,Passaré,586,185.0,586.0,3117.78,2000.0,185.0,130.0,13.0,176.0,185.0
230440005180257,Urbana,0,Passaré,857,312.0,857.0,3885.7,3500.0,312.0,47.0,49.0,308.0,311.0
230440005180258,Urbana,0,Passaré,620,218.0,620.0,1381.1,1212.0,218.0,89.0,,217.0,216.0
230440005180259,Urbana,0,Parque Dois Irmãos,439,149.0,439.0,2202.89,1212.0,149.0,17.0,6.0,139.0,147.0
230440005180260,Urbana,1,Passaré,355,109.0,355.0,1697.64,1200.0,109.0,23.0,0.0,103.0,107.0
230440005180261,Urbana,0,Planalto Ayrton Senna,96,33.0,96.0,2400.65,1980.0,33.0,13.0,8.0,28.0,33.0
230440005180262,Urbana,0,Planalto Ayrton Senna,365,119.0,365.0,2697.9,2000.0,119.0,19.0,0.0,117.0,119.0
230440005180263,Urbana,0,Planalto Ayrton Senna,165,53.0,165.0,2152.72,1212.0,53.0,0.0,0.0,51.0,53.0
230440005180264,Urbana,1,Planalto Ayrton Senna,76,32.0,76.0,738.94,400.0,32.0,22.0,0.0,32.0,32.0
230440005180265,Urbana,1,Planalto Ayrton Senna,90,30.0,90.0,1305.38,1212.0,30.0,8.0,0.0,30.0,30.0
230440005180266,Urbana,1,Planalto Ayrton Senna,88,39.0,88.0,1172.3,1212.0,39.0,0.0,0.0,39.0,39.0
230440005180267,Urbana,1,Planalto Ayrton Senna,111,34.0,111.0,1285.29,1200.0,34.0,,0.0,30.0,34.0
230440005180268,Urbana,0,Planalto Ayrton Senna,153,44.0,147.0,1225.84,1120.0,44.0,0.0,0.0,31.0,44.0
230440005180269,Urbana,1,Planalto Ayrton Senna,123,41.0,123.0,1406.39,1200.0,41.0,6.0,0.0,41.0,39.0
230440005180270,Urbana,0,Planalto Ayrton Senna,786,271.0,786.0,1456.05,1212.0,271.0,3.0,,265.0,271.0
230440005180271,Urbana,0,Planalto Ayrton Senna,206,72.0,206.0,1830.06,1212.0,72.0,9.0,21.0,40.0,72.0
230440005180272,Urbana,1,Planalto Ayrton Senna,91,29.0,91.0,1201.21,1200.0,29.0,0.0,0.0,29.0,29.0
230440005180273,Urbana,1,Planalto Ayrton Senna,201,67.0,201.0,1620.36,1450.0,67.0,0.0,,64.0,67.0
230440005180274,Urbana,0,Passaré,92,39.0,92.0,3239.68,2600.0,39.0,24.0,4.0,38.0,39.0
230440005180275,Urbana,0,Dendê,738,301.0,738.0,3227.51,1800.0,301.0,98.0,11.0,287.0,300.0
230440005180276,Urbana,1,Dendê,714,250.0,714.0,1391.89,1200.0,250.0,20.0,4.0,63.0,250.0
230440005180277,Urbana,0,Dendê,694,199.0,694.0,9265.98,6000.0,199.0,27.0,3.0,193.0,199.0
230440005180278,Urbana,1,Passaré,465,162.0,465.0,1100.04,1212.0,162.0,6.0,4.0,159.0,162.0
230440005180279,Urbana,1,Passaré,219,75.0,219.0,1151.48,1200.0,75.0,13.0,12.0,66.0,74.0
230440005180280,Urbana,4,Passaré,0,,,,,,,,,
230440005180281,Urbana,1,Passaré,258,81.0,258.0,1330.3,1200.0,81.0,32.0,0.0,80.0,81.0
230440005180282,Urbana,1,Parque Dois Irmãos,315,100.0,315.0,731.13,400.0,100.0,7.0,0.0,91.0,100.0
230440005180283,Urbana,4,Planalto Ayrton Senna,0,,,,,,,,,
230440005180284,Urbana,1,Passaré,30,12.0,30.0,1134.33,1200.0,12.0,3.0,0.0,11.0,5.0
230440005180285,Urbana,1,Passaré,80,22.0,80.0,1306.0,1212.0,22.0,17.0,0.0,18.0,22.0
230440005180286,Urbana,1,Passaré,814,273.0,814.0,1210.22,1212.0,273.0,37.0,,264.0,270.0
230440005180287,Urbana,0,Parque Dois Irmãos,160,49.0,160.0,2487.47,1200.0,49.0,3.0,0.0,49.0,48.0
230440005180288,Urbana,1,Parque Dois Irmãos,436,172.0,436.0,1101.23,1200.0,172.0,5.0,,171.0,172.0
230440005180289,Urbana,0,Passaré,605,183.0,605.0,1165.11,1212.0,183.0,169.0,,179.0,183.0
230440005180290,Urbana,0,Prefeito José Walter,522,175.0,521.0,2562.5,2001.0,175.0,54.0,3.0,174.0,175.0
230440005180291,Urbana,0,Prefeito José Walter,580,199.0,580.0,2722.79,2000.0,199.0,76.0,8.0,196.0,199.0
230440005180292,Urbana,1,Dendê,407,137.0,407.0,1178.21,1200.0,137.0,12.0,0.0,134.0,137.0
230440005180293,Urbana,1,Prefeito José Walter,682,228.0,682.0,1323.74,1212.0,228.0,,0.0,202.0,228.0
230440005180294,Urbana,4,Prefeito José Walter,8,,,,,,,,,
230440005180295,Urbana,0,Parque Dois Irmãos,877,380.0,877.0,3398.29,3000.0,380.0,338.0,7.0,365.0,380.0
230440005180296,Urbana,0,Prefeito José Walter,478,184.0,478.0,5480.97,5000.0,184.0,154.0,29.0,184.0,184.0
230440005180297,Urbana,4,Parque Dois Irmãos,12,5.0,12.0,1440.0,1300.0,5.0,,0.0,5.0,5.0
230440005180298,Urbana,0,Prefeito José Walter,527,208.0,527.0,6026.27,5000.0,208.0,149.0,58.0,206.0,208.0
230440005180299,Urbana,0,Prefeito José Walter,556,214.0,556.0,1225.85,1212.0,214.0,204.0,0.0,213.0,214.0
230440005180300,Urbana,0,Prefeito José Walter,681,236.0,681.0,1128.54,1200.0,236.0,193.0,,232.0,236.0
230440005180301,Urbana,0,Prefeito José Walter,691,249.0,691.0,1227.54,1210.0,249.0,245.0,0.0,247.0,249.0
230440005180302,Urbana,0,Prefeito José Walter,689,274.0,689.0,1257.89,1200.0,274.0,267.0,0.0,274.0,274.0
230440005180303,Urbana,0,Prefeito José Walter,610,227.0,610.0,1309.76,1212.0,227.0,208.0,0.0,226.0,227.0
230440005180304,Urbana,0,Prefeito José Walter,656,243.0,656.0,1195.18,1200.0,243.0,241.0,0.0,238.0,243.0
230440005180305,Urbana,0,Prefeito José Walter,462,179.0,462.0,1305.4,1212.0,179.0,179.0,0.0,175.0,179.0
230440005180306,Urbana,0,Prefeito José Walter,722,271.0,722.0,1442.8,1200.0,271.0,264.0,0.0,265.0,271.0
230440005180307,Urbana,0,Prefeito José Walter,971,353.0,971.0,1165.0,1212.0,353.0,353.0,0.0,353.0,353.0
230440005180308,Urbana,0,Prefeito José Walter,686,260.0,686.0,1186.49,1200.0,260.0,253.0,0.0,247.0,260.0
230440005180309,Urbana,4,Prefeito José Walter,0,,,,,,,,,
230440005180310,Urbana,4,Prefeito José Walter,0,,,,,,,,,
230440005180311,Urbana,4,Prefeito José Walter,0,,,,,,,,,
230440005180312,Urbana,4,Prefeito José Walter,0,,,,,,,,,
230440005180313,Urbana,4,Prefeito José Walter,0,,,,,,,,,
230440005180314,Urbana,4,Prefeito José Walter,0,,,,,,,,,
230440005180315,Urbana,4,Prefeito José Walter,0,,,,,,,,,
230440005180316,Urbana,1,Prefeito José Walter,724,264.0,724.0,1145.09,1212.0,264.0,,0.0,67.0,260.0
230440005180317,Urbana,0,Prefeito José Walter,444,168.0,444.0,1659.69,1212.0,168.0,160.0,0.0,165.0,167.0
230440005180318,Urbana,1,Prefeito José Walter,476,156.0,476.0,819.45,1000.0,156.0,0.0,0.0,,154.0
230440005180319,Urbana,0,Prefeito José Walter,729,249.0,729.0,2299.12,1500.0,249.0,246.0,,249.0,249.0
230440005180320,Urbana,0,Prefeito José Walter,548,194.0,548.0,2558.61,1800.0,194.0,194.0,0.0,194.0,194.0
230440005180321,Urbana,0,Parque Dois Irmãos,584,195.0,584.0,1956.31,1200.0,195.0,13.0,0.0,120.0,195.0
230440005180322,Urbana,0,Parque Dois Irmãos,712,252.0,712.0,1859.59,1212.0,252.0,0.0,,245.0,251.0
230440005180323,Urbana,0,Prefeito José Walter,543,196.0,543.0,1338.69,1212.0,196.0,187.0,0.0,190.0,196.0
230440005180324,Urbana,0,Prefeito José Walter,520,207.0,520.0,1439.35,1200.0,207.0,207.0,0.0,207.0,207.0
230440005180325,Urbana,0,Prefeito José Walter,539,196.0,539.0,1528.7,1212.0,196.0,187.0,0.0,193.0,196.0
230440005180326,Urbana,0,Prefeito José Walter,537,180.0,537.0,918.43,1200.0,180.0,178.0,0.0,178.0,180.0
230440005180327,Urbana,0,Planalto Ayrton Senna,834,290.0,834.0,1546.56,1212.0,290.0,17.0,4.0,279.0,289.0
230440005180328,Urbana,0,Planalto Ayrton Senna,682,231.0,677.0,1806.05,1300.0,231.0,21.0,3.0,229.0,231.0
230440005180329,Urbana,0,Planalto Ayrton Senna,840,352.0,840.0,3034.92,2000.0,352.0,55.0,9.0,345.0,352.0
230440005180330,Urbana,1,Planalto Ayrton Senna,506,171.0,506.0,1981.24,1212.0,171.0,16.0,8.0,165.0,171.0
230440005180331,Urbana,0,Passaré,794,280.0,794.0,967.71,1212.0,280.0,267.0,0.0,12.0,280.0
230440005180332,Urbana,0,Passaré,206,61.0,206.0,1311.02,1212.0,61.0,55.0,0.0,60.0,60.0
230440005180333,Urbana,0,Passaré,266,93.0,266.0,5491.12,5000.0,93.0,19.0,3.0,91.0,93.0
230440005180334,Urbana,0,Passaré,420,136.0,420.0,8687.77,7000.0,136.0,47.0,,132.0,136.0
230440005180335,Urbana,0,Passaré,1274,497.0,1274.0,8024.82,6500.0,497.0,77.0,20.0,478.0,497.0
230440005180336,Urbana,0,Prefeito José Walter,437,178.0,437.0,1339.65,1212.0,178.0,177.0,,178.0,178.0
230440005180337,Urbana,0,Prefeito José Walter,641,255.0,641.0,1323.93,1212.0,255.0,254.0,,255.0,255.0
230440005180338,Urbana,0,Prefeito José Walter,676,261.0,676.0,1307.27,1212.0,261.0,252.0,0.0,251.0,261.0
230440005180339,Urbana,0,Prefeito José Walter,394,163.0,394.0,1402.04,1212.0,163.0,160.0,,153.0,163.0
230440005180340,Urbana,0,Prefeito José Walter,324,121.0,324.0,1030.21,1200.0,121.0,120.0,,121.0,121.0
230440005180341,Urbana,0,Prefeito José Walter,697,287.0,697.0,4703.27,4000.0,287.0,279.0,7.0,287.0,287.0
230440005180342,Urbana,0,Prefeito José Walter,818,356.0,818.0,4622.34,4000.0,356.0,352.0,,351.0,354.0
230440005180343,Urbana,0,Prefeito José Walter,604,222.0,604.0,1308.68,1212.0,222.0,191.0,24.0,219.0,222.0
230440005180344,Urbana,0,Prefeito José Walter,110,49.0,110.0,1411.7,1200.0,49.0,49.0,0.0,49.0,48.0
230440005180345,Urbana,0,Prefeito José Walter,901,293.0,901.0,3098.14,2000.0,293.0,11.0,,285.0,293.0
230440005180346,Urbana,0,Prefeito José Walter,904,304.0,904.0,2710.19,2000.0,304.0,18.0,0.0,298.0,304.0
230440005180347,Urbana,0,Prefeito José Walter,411,157.0,411.0,1145.04,1212.0,157.0,156.0,,156.0,157.0
230440005180348,Urbana,4,Prefeito José Walter,0,,,,,,,,,
230440005180349,Urbana,4,Prefeito José Walter,0,,,,,,,,,
230440005180350,Urbana,0,Parque Dois Irmãos,611,192.0,611.0,3918.67,3000.0,192.0,3.0,,190.0,192.0
230440005180351,Urbana,0,Prefeito José Walter,537,214.0,537.0,2035.1,2100.0,214.0,81.0,132.0,207.0,214.0
230440005180352,Urbana,0,Parque Dois Irmãos,1925,744.0,1925.0,4998.58,4500.0,744.0,145.0,373.0,736.0,744.0
230440005180353,Urbana,0,Prefeito José Walter,325,124.0,325.0,1199.53,1200.0,124.0,122.0,,118.0,124.0
230440005180354,Urbana,0,Serrinha,809,280.0,809.0,1399.32,1212.0,280.0,162.0,0.0,247.0,280.0
230440005180355,Urbana,0,Serrinha,746,287.0,746.0,1233.29,1212.0,287.0,246.0,,258.0,287.0
230440005180356,Urbana,0,Serrinha,218,66.0,218.0,1213.84,1212.0,66.0,60.0,,65.0,66.0
230440005180357,Urbana,0,Serrinha,464,160.0,464.0,1760.48,1212.0,160.0,116.0,11.0,147.0,160.0
230440005180358,Urbana,1,Serrinha,894,317.0,894.0,1365.73,1212.0,317.0,294.0,0.0,316.0,312.0
230440005180359,Urbana,0,Serrinha,288,92.0,287.0,1840.62,1212.0,92.0,77.0,3.0,86.0,92.0
230440005180360,Urbana,1,Serrinha,460,143.0,460.0,1308.9,1212.0,143.0,64.0,,135.0,143.0
230440005180361,Urbana,1,Serrinha,500,180.0,500.0,1095.9,1212.0,180.0,169.0,6.0,174.0,180.0
230440005180362,Urbana,1,Serrinha,620,209.0,620.0,1166.11,1200.0,209.0,112.0,,206.0,209.0
230440005180363,Urbana,0,Serrinha,585,196.0,585.0,1799.11,1212.0,196.0,106.0,15.0,187.0,196.0
230440005180364,Urbana,0,Serrinha,631,233.0,631.0,2392.02,1500.0,233.0,93.0,19.0,233.0,233.0
230440005180365,Urbana,0,Serrinha,204,60.0,169.0,1727.77,1212.0,60.0,27.0,0.0,33.0,60.0
230440005180366,Urbana,0,Serrinha,1109,400.0,1109.0,2287.7,1212.0,400.0,330.0,5.0,383.0,400.0
230440005180367,Urbana,0,Serrinha,764,252.0,763.0,1640.01,1212.0,252.0,215.0,4.0,225.0,251.0
230440005180368,Urbana,1,Serrinha,222,78.0,222.0,1138.05,1212.0,78.0,16.0,0.0,77.0,78.0
230440005180369,Urbana,0,Serrinha,546,195.0,537.0,3487.62,2400.0,195.0,67.0,122.0,183.0,194.0
230440005180370,Urbana,0,Serrinha,1013,366.0,1013.0,1842.16,1212.0,366.0,286.0,0.0,294.0,366.0
230440005180371,Urbana,0,Serrinha,861,272.0,841.0,2518.82,1212.0,272.0,88.0,0.0,256.0,272.0
230440005180372,Urbana,0,Serrinha,801,292.0,801.0,2184.12,2000.0,292.0,196.0,95.0,276.0,292.0
230440005180373,Urbana,0,Serrinha,563,229.0,563.0,2204.98,2000.0,229.0,224.0,0.0,227.0,228.0
230440005180374,Urbana,0,Serrinha,638,204.0,635.0,3119.65,2400.0,204.0,198.0,,200.0,203.0
230440005180375,Urbana,0,Serrinha,599,218.0,599.0,4383.62,3100.0,218.0,212.0,6.0,218.0,217.0
230440005180376,Urbana,0,Serrinha,343,120.0,343.0,1539.37,1212.0,120.0,113.0,4.0,112.0,118.0
230440005180377,Urbana,0,Serrinha,552,219.0,552.0,2446.0,1300.0,219.0,105.0,74.0,107.0,219.0
230440005180378,Urbana,0,Itaperi,825,301.0,825.0,1378.94,1300.0,301.0,9.0,,289.0,300.0
230440005180379,Urbana,0,Itaperi,818,295.0,818.0,1563.51,1200.0,295.0,54.0,132.0,288.0,295.0
230440005180380,Urbana,0,Itaperi,702,270.0,702.0,1313.28,1300.0,270.0,4.0,,261.0,270.0
230440005180381,Urbana,0,Itaperi,654,234.0,654.0,3409.51,1200.0,234.0,101.0,0.0,214.0,233.0
230440005180382,Urbana,0,Itaperi,664,256.0,664.0,2792.86,2000.0,256.0,59.0,187.0,250.0,256.0
230440005180383,Urbana,0,Itaperi,640,256.0,640.0,3151.39,2424.0,256.0,110.0,99.0,193.0,255.0
230440005180384,Urbana,0,Itaperi,132,62.0,132.0,2609.37,2212.0,62.0,30.0,23.0,61.0,62.0
230440005180385,Urbana,0,Itaperi,779,276.0,777.0,3792.68,2000.0,276.0,7.0,24.0,256.0,275.0
230440005180386,Urbana,0,Itaperi,989,334.0,989.0,1659.65,1200.0,334.0,5.0,15.0,332.0,334.0
230440005180387,Urbana,1,Itaperi,465,148.0,465.0,1381.56,1214.0,148.0,45.0,24.0,148.0,148.0
230440005180388,Urbana,0,Itaperi,1598,587.0,1598.0,4033.18,3150.0,587.0,84.0,32.0,466.0,587.0
230440005180389,Urbana,0,Itaperi,192,61.0,192.0,3006.91,2000.0,61.0,20.0,24.0,56.0,61.0
230440005180390,Urbana,1,Itaperi,120,50.0,120.0,1626.14,1250.0,50.0,9.0,5.0,50.0,50.0
230440005180391,Urbana,0,Itaperi,386,138.0,386.0,3990.89,3000.0,138.0,14.0,14.0,93.0,138.0
230440005180392,Urbana,0,Itaperi,1089,386.0,1089.0,6142.41,4000.0,386.0,139.0,3.0,363.0,386.0
230440005180393,Urbana,0,Itaperi,556,184.0,556.0,3234.41,2001.0,184.0,14.0,0.0,163.0,184.0
230440005180394,Urbana,0,Dias Macedo,986,363.0,986.0,1736.81,1212.0,363.0,208.0,0.0,363.0,363.0
230440005180395,Urbana,0,Dias Macedo,610,210.0,610.0,1171.07,1250.0,210.0,210.0,0.0,210.0,210.0
230440005180396,Urbana,0,Dias Macedo,810,266.0,810.0,2455.98,1300.0,266.0,262.0,,264.0,265.0
230440005180397,Urbana,0,Dias Macedo,536,170.0,536.0,1449.25,1200.0,170.0,165.0,0.0,167.0,170.0
230440005180398,Urbana,0,Dias Macedo,974,355.0,974.0,2100.16,1213.0,355.0,158.0,,351.0,353.0
230440005180399,Urbana,0,Dias Macedo,956,340.0,956.0,1855.66,1212.0,340.0,149.0,,338.0,340.0
230440005180400,Urbana,1,Dias Macedo,494,197.0,494.0,1044.72,1200.0,197.0,13.0,0.0,195.0,197.0
230440005180401,Urbana,0,Dias Macedo,222,79.0,222.0,1481.38,1212.0,79.0,0.0,0.0,79.0,79.0
230440005180402,Urbana,0,Dias Macedo,498,173.0,498.0,1345.16,1250.0,173.0,153.0,,173.0,173.0
230440005180403,Urbana,0,Boa Vista / Castelão,974,377.0,974.0,2701.72,2001.0,377.0,18.0,8.0,334.0,377.0
230440005180404,Urbana,0,Boa Vista / Castelão,944,261.0,729.0,1401.41,1212.0,261.0,4.0,10.0,248.0,261.0
230440005180405,Urbana,0,Boa Vista / Castelão,841,323.0,841.0,3101.37,2001.0,323.0,42.0,5.0,310.0,321.0
230440005180406,Urbana,0,Boa Vista / Castelão,1285,504.0,1285.0,2758.88,2000.0,504.0,165.0,5.0,482.0,503.0
230440005180407,Urbana,0,Boa Vista / Castelão,685,250.0,685.0,2437.04,1350.0,250.0,28.0,5.0,245.0,250.0
230440005180408,Urbana,0,Boa Vista / Castelão,657,250.0,657.0,2225.48,1500.0,250.0,7.0,,248.0,250.0
230440005180409,Urbana,0,Serrinha,466,176.0,466.0,1388.58,1212.0,176.0,122.0,0.0,175.0,175.0
230440005180410,Urbana,0,Serrinha,360,134.0,352.0,2118.66,1500.0,134.0,14.0,118.0,96.0,134.0
230440005180411,Urbana,1,Serrinha,199,69.0,199.0,1076.99,1100.0,69.0,69.0,0.0,69.0,68.0
230440005180412,Urbana,0,Serrinha,833,266.0,833.0,1546.45,1200.0,266.0,200.0,4.0,260.0,265.0
230440005180413,Urbana,0,Serrinha,276,105.0,276.0,2364.82,2000.0,105.0,90.0,,102.0,104.0
230440005180414,Urbana,0,Serrinha,222,75.0,222.0,2102.54,1212.0,75.0,67.0,6.0,59.0,75.0
230440005180415,Urbana,0,Serrinha,86,29.0,86.0,2688.08,2000.0,29.0,28.0,0.0,26.0,29.0
230440005180416,Urbana,0,Itaperi,427,164.0,427.0,2909.62,1580.0,164.0,6.0,0.0,93.0,164.0
230440005180417,Urbana,0,Itaperi,351,145.0,351.0,2701.14,2200.0,145.0,128.0,9.0,143.0,145.0
230440005180418,Urbana,0,Itaperi,449,185.0,449.0,2550.9,2000.0,185.0,180.0,3.0,180.0,185.0
230440005180419,Urbana,0,Itaperi,600,258.0,600.0,3011.98,2500.0,258.0,229.0,18.0,250.0,258.0
230440005180420,Urbana,0,Itaperi,200,88.0,200.0,2401.27,2000.0,88.0,44.0,26.0,84.0,88.0
230440005180421,Urbana,0,Itaperi,595,253.0,595.0,3251.28,2550.0,253.0,201.0,18.0,252.0,252.0
230440005180422,Urbana,0,Itaperi,855,314.0,855.0,2326.0,1212.0,314.0,16.0,,290.0,314.0
230440005180423,Urbana,0,Itaperi,813,281.0,813.0,2156.98,1214.0,281.0,26.0,0.0,259.0,281.0
230440005180424,Urbana,0,Itaperi,741,237.0,741.0,7826.55,5000.0,237.0,52.0,12.0,233.0,235.0
230440005180425,Urbana,0,Itaperi,465,178.0,465.0,3979.29,3000.0,178.0,18.0,18.0,173.0,178.0
230440005180426,Urbana,0,Boa Vista / Castelão,607,215.0,607.0,2456.73,1212.0,215.0,4.0,0.0,206.0,215.0
230440005180427,Urbana,1,Boa Vista / Castelão,154,52.0,154.0,1347.58,1212.0,52.0,3.0,0.0,50.0,52.0
230440005180428,Urbana,0,Boa Vista / Castelão,884,339.0,884.0,2510.72,2001.0,339.0,77.0,16.0,307.0,337.0
230440005180429,Urbana,1,Boa Vista / Castelão,651,234.0,651.0,1174.31,1212.0,234.0,29.0,0.0,232.0,234.0
230440005180430,Urbana,0,Boa Vista / Castelão,695,250.0,695.0,2574.85,2001.0,250.0,21.0,,246.0,249.0
230440005180431,Urbana,1,Dias Macedo,150,51.0,150.0,1397.94,1212.0,51.0,6.0,,50.0,51.0
230440005180432,Urbana,1,Dias Macedo,174,62.0,174.0,1461.39,1212.0,62.0,24.0,11.0,62.0,62.0
230440005180435,Urbana,1,Dias Macedo,112,44.0,112.0,1298.95,1200.0,44.0,25.0,7.0,43.0,43.0
230440005180436,Urbana,1,Boa Vista / Castelão,547,186.0,547.0,1444.53,1212.0,186.0,10.0,,176.0,180.0
230440005180437,Urbana,1,Boa Vista / Castelão,115,43.0,115.0,1482.63,1212.0,43.0,,0.0,41.0,43.0
230440005180438,Urbana,1,Boa Vista / Castelão,29,11.0,29.0,1569.33,1200.0,11.0,9.0,0.0,11.0,11.0
230440005180439,Urbana,1,Dias Macedo,192,67.0,192.0,1081.26,1212.0,67.0,,0.0,66.0,67.0
230440005180440,Urbana,0,Dias Macedo,45,17.0,45.0,1027.2,1212.0,17.0,15.0,0.0,17.0,17.0
230440005180441,Urbana,1,Dias Macedo,101,37.0,101.0,1225.39,1212.0,37.0,6.0,0.0,37.0,37.0
230440005180442,Urbana,4,Boa Vista / Castelão,1,,,,,,,,,
230440005180443,Urbana,4,Boa Vista / Castelão,0,,,,,,,,,
230440005180444,Urbana,1,Boa Vista / Castelão,113,34.0,113.0,1350.26,1212.0,34.0,8.0,0.0,32.0,34.0
230440005180445,Urbana,1,Serrinha,191,67.0,191.0,1614.19,1212.0,67.0,39.0,7.0,58.0,67.0
230440005180447,Urbana,1,Itaperi,439,159.0,439.0,1343.25,1212.0,159.0,3.0,0.0,153.0,159.0
230440005180449,Urbana,1,Itaperi,153,64.0,153.0,1515.87,1212.0,64.0,23.0,,64.0,64.0
230440005180450,Urbana,0,Itaperi,87,32.0,87.0,2573.71,1212.0,32.0,,,30.0,32.0
230440005180451,Urbana,1,Itaperi,69,22.0,67.0,1366.14,1234.0,22.0,0.0,,22.0,22.0
230440005180452,Urbana,4,Serrinha,9,,,,,,,,,
230440005180453,Urbana,0,Serrinha,153,49.0,153.0,1864.15,1212.0,49.0,10.0,,44.0,49.0
230440005180454,Urbana,1,Serrinha,1181,357.0,1181.0,1239.25,1212.0,357.0,309.0,7.0,334.0,357.0
230440005180455,Urbana,1,Boa Vista / Castelão,463,162.0,463.0,1462.26,1212.0,162.0,5.0,0.0,154.0,162.0
230440005180456,Urbana,1,Serrinha,116,40.0,116.0,1199.25,1212.0,40.0,35.0,0.0,40.0,40.0
230440005180457,Urbana,0,Boa Vista / Castelão,558,245.0,558.0,4049.87,3000.0,245.0,245.0,0.0,245.0,243.0
230440005180458,Urbana,0,Boa Vista / Castelão,524,233.0,524.0,3783.82,3000.0,233.0,233.0,0.0,233.0,233.0
230440005180459,Urbana,1,Serrinha,410,137.0,410.0,1103.85,1212.0,137.0,22.0,0.0,137.0,129.0
230440005180460,Urbana,4,Serrinha,20,8.0,20.0,1900.0,2400.0,8.0,,6.0,8.0,8.0
230440005180461,Urbana,1,Serrinha,307,103.0,307.0,1136.28,1212.0,103.0,26.0,0.0,102.0,71.0
230440005180462,Urbana,1,Serrinha,164,62.0,164.0,1407.61,1200.0,62.0,0.0,45.0,62.0,61.0
230440005180463,Urbana,1,Serrinha,143,53.0,143.0,1452.2,1200.0,53.0,11.0,23.0,52.0,53.0
230440005180464,Urbana,1,Serrinha,72,22.0,72.0,1321.0,1212.0,22.0,3.0,,21.0,22.0
230440005180465,Urbana,0,Serrinha,326,108.0,326.0,2237.45,1212.0,108.0,70.0,,107.0,108.0
230440005180466,Urbana,1,Serrinha,137,51.0,137.0,1795.24,1212.0,51.0,44.0,,50.0,50.0
230440005180467,Urbana,1,Serrinha,219,85.0,219.0,1531.94,1212.0,85.0,53.0,12.0,74.0,85.0
230440005180468,Urbana,1,Dias Macedo,353,125.0,353.0,1442.73,1212.0,125.0,13.0,,122.0,125.0
230440005180469,Urbana,1,Serrinha,381,138.0,381.0,1528.61,1400.0,138.0,130.0,3.0,136.0,138.0
230440005180470,Urbana,1,Serrinha,53,21.0,53.0,1242.1,1200.0,21.0,13.0,0.0,21.0,21.0
230440005180471,Urbana,1,Itaperi,277,93.0,277.0,1346.68,1200.0,93.0,27.0,,92.0,93.0
230440005180472,Urbana,1,Serrinha,758,272.0,758.0,1338.83,1212.0,272.0,217.0,17.0,245.0,270.0
230440005180473,Urbana,1,Serrinha,918,312.0,918.0,1276.75,1212.0,312.0,15.0,0.0,74.0,311.0
230440005180474,Urbana,0,Serrinha,469,151.0,469.0,1918.8,1200.0,151.0,117.0,6.0,146.0,151.0
230440005180475,Urbana,1,Serrinha,131,48.0,131.0,1766.83,1350.0,48.0,41.0,,46.0,48.0
230440005180476,Urbana,1,Itaperi,228,94.0,228.0,1428.93,1212.0,94.0,,3.0,93.0,94.0
230440005180477,Urbana,0,Serrinha,53,15.0,53.0,1359.71,1200.0,15.0,7.0,3.0,13.0,15.0
230440005180478,Urbana,1,Serrinha,307,123.0,307.0,1603.99,1212.0,123.0,93.0,20.0,86.0,123.0
230440005180479,Urbana,0,Serrinha,58,19.0,58.0,1817.47,1212.0,19.0,16.0,,19.0,19.0
230440005180480,Urbana,1,Serrinha,361,122.0,360.0,1418.01,1212.0,122.0,102.0,,102.0,122.0
230440005180481,Urbana,1,Serrinha,208,65.0,208.0,1336.09,1200.0,65.0,59.0,0.0,62.0,63.0
230440005180482,Urbana,1,Serrinha,100,39.0,100.0,1759.73,1300.0,39.0,32.0,,39.0,39.0
230440005180483,Urbana,1,Serrinha,213,78.0,213.0,1236.0,1212.0,78.0,67.0,0.0,73.0,78.0
230440005180484,Urbana,0,Serrinha,51,19.0,51.0,2491.56,1850.0,19.0,17.0,,18.0,18.0
230440005180485,Urbana,1,Serrinha,169,58.0,169.0,1318.73,1212.0,58.0,35.0,6.0,57.0,58.0
230440005180486,Urbana,1,Serrinha,665,235.0,665.0,1115.83,1212.0,235.0,171.0,,226.0,235.0
230440005180487,Urbana,1,Serrinha,329,106.0,329.0,1219.01,1212.0,106.0,12.0,0.0,43.0,106.0
230440005180488,Urbana,1,Itaperi,339,115.0,339.0,1184.13,1212.0,115.0,,,106.0,115.0
230440005180489,Urbana,1,Serrinha,478,169.0,478.0,1220.5,1212.0,169.0,123.0,0.0,154.0,169.0
230440005180490,Urbana,1,Serrinha,131,50.0,131.0,1067.3,1212.0,50.0,14.0,0.0,47.0,50.0
230440005180491,Urbana,0,Itaperi,639,241.0,639.0,3508.52,3000.0,241.0,156.0,81.0,201.0,241.0
230440005180492,Urbana,0,Itaperi,487,204.0,487.0,4848.5,4000.0,204.0,164.0,4.0,198.0,202.0
230440005180493,Urbana,1,Itaperi,339,114.0,339.0,1558.76,1212.0,114.0,21.0,4.0,113.0,114.0
230440005180494,Urbana,0,Itaperi,658,216.0,658.0,2456.1,1600.0,216.0,6.0,3.0,204.0,216.0
230440005180495,Urbana,0,Dias Macedo,287,106.0,287.0,2049.66,1212.0,106.0,33.0,0.0,105.0,105.0
230440005180496,Urbana,1,Dias Macedo,237,75.0,237.0,1453.11,1250.0,75.0,41.0,4.0,75.0,75.0
230440005180497,Urbana,1,Dias Macedo,291,105.0,291.0,1279.11,1212.0,105.0,5.0,0.0,101.0,104.0
230440005180498,Urbana,0,Dias Macedo,732,284.0,732.0,1778.98,1212.0,284.0,196.0,73.0,277.0,282.0
230440005180499,Urbana,0,Boa Vista / Castelão,557,219.0,556.0,1912.51,1212.0,219.0,,0.0,215.0,218.0
230440005180500,Urbana,1,Boa Vista / Castelão,173,60.0,173.0,1711.54,1212.0,60.0,6.0,3.0,58.0,60.0
230440005180501,Urbana,0,Boa Vista / Castelão,613,211.0,613.0,1917.02,1212.0,211.0,,0.0,210.0,211.0
230440005180502,Urbana,1,Boa Vista / Castelão,258,91.0,258.0,1185.41,1212.0,91.0,5.0,0.0,90.0,91.0
230440005180503,Urbana,1,Itaperi,125,45.0,125.0,1366.5,1212.0,45.0,,3.0,44.0,45.0
230440005180504,Urbana,0,Itaperi,1093,389.0,1093.0,4093.55,2600.0,389.0,80.0,0.0,387.0,388.0
230440005180505,Urbana,0,Itaperi,660,265.0,660.0,1680.76,1212.0,265.0,73.0,86.0,255.0,265.0
230440005180506,Urbana,1,Itaperi,151,44.0,151.0,1706.84,1212.0,44.0,,0.0,42.0,44.0
230440005180507,Urbana,0,Serrinha,598,228.0,598.0,2819.68,1500.0,228.0,108.0,12.0,203.0,228.0
230440005180508,Urbana,1,Serrinha,359,125.0,359.0,1374.07,1212.0,125.0,105.0,0.0,123.0,125.0
230440005180509,Urbana,0,Dias Macedo,24,8.0,24.0,3416.0,1400.0,8.0,0.0,0.0,7.0,8.0
230440005180510,Urbana,1,Dias Macedo,733,265.0,733.0,1310.07,1212.0,265.0,15.0,,260.0,259.0
230440005180511,Urbana,0,Dias Macedo,149,54.0,149.0,1914.94,1212.0,54.0,,,53.0,54.0
230440005180512,Urbana,0,Dias Macedo,1050,404.0,1034.0,1829.15,1212.0,404.0,286.0,,399.0,404.0
230440005180513,Urbana,1,Serrinha,222,88.0,222.0,1467.94,1212.0,88.0,70.0,0.0,86.0,88.0
230440005180514,Urbana,0,Serrinha,557,191.0,557.0,1807.47,1212.0,191.0,105.0,0.0,188.0,191.0
230440005180515,Urbana,1,Dias Macedo,292,111.0,292.0,1276.7,1212.0,111.0,7.0,0.0,106.0,111.0
230440005180516,Urbana,0,Dias Macedo,642,213.0,640.0,1492.16,1200.0,213.0,52.0,4.0,190.0,212.0
230440005180517,Urbana,0,Passaré,292,97.0,292.0,2170.4,1212.0,97.0,57.0,7.0,93.0,97.0
230440005180518,Urbana,1,Dias Macedo,205,77.0,205.0,1382.97,1212.0,77.0,61.0,10.0,74.0,77.0
230440005180519,Urbana,1,Itaperi,364,136.0,364.0,1186.69,1212.0,136.0,24.0,,135.0,135.0
230440005190001,Urbana,0,Sabiaguaba,199,64.0,196.0,1366.76,1206.0,64.0,,23.0,56.0,62.0
230440005190002,Urbana,0,Sabiaguaba,169,58.0,169.0,1370.68,1202.0,58.0,3.0,5.0,49.0,54.0
230440005190004,Urbana,0,Sabiaguaba,165,52.0,162.0,1388.6,1200.0,52.0,0.0,27.0,40.0,49.0
230440005190005,Urbana,1,Sabiaguaba,176,63.0,176.0,1285.68,1300.0,63.0,0.0,,62.0,61.0
230440005190006,Urbana,1,Sabiaguaba,566,203.0,565.0,1155.66,1200.0,203.0,0.0,,39.0,200.0
230440005190007,Urbana,0,Sabiaguaba,67,24.0,67.0,3145.0,3000.0,24.0,0.0,0.0,6.0,24.0
230440005190008,Urbana,1,Sabiaguaba,284,85.0,267.0,1263.55,1001.0,85.0,7.0,0.0,77.0,76.0
230440005190009,Urbana,0,Sabiaguaba,730,239.0,730.0,5748.7,2000.0,239.0,14.0,0.0,234.0,239.0
230440005190010,Urbana,4,Sabiaguaba,27,7.0,27.0,1551.43,1212.0,7.0,0.0,0.0,0.0,0.0
230440005190012,Urbana,1,Manuel Dias Branco,178,68.0,178.0,1532.39,1300.0,68.0,9.0,4.0,57.0,60.0
230440005190013,Urbana,1,Cocó,307,95.0,304.0,1152.23,1212.0,95.0,7.0,0.0,89.0,95.0
230440005190014,Urbana,0,Praia do Futuro II,245,94.0,245.0,3708.64,1850.0,94.0,31.0,,88.0,78.0
230440005190015,Urbana,1,Praia do Futuro II,828,306.0,828.0,1341.35,1212.0,306.0,11.0,3.0,292.0,279.0
230440005190016,Urbana,1,Praia do Futuro II,569,215.0,569.0,1305.36,1212.0,215.0,30.0,3.0,208.0,206.0
230440005190017,Urbana,0,Praia do Futuro II,282,99.0,282.0,2419.86,1212.0,99.0,28.0,,79.0,94.0
230440005190018,Urbana,1,Praia do Futuro II,45,14.0,45.0,1500.86,1300.0,14.0,3.0,0.0,13.0,13.0
230440005190021,Urbana,1,Praia do Futuro I,626,211.0,626.0,1138.25,1212.0,211.0,27.0,0.0,204.0,210.0
230440005190022,Urbana,0,Praia do Futuro I,459,189.0,459.0,2915.78,1800.0,189.0,103.0,0.0,115.0,185.0
230440005190023,Urbana,0,Cocó,608,232.0,608.0,13943.47,10350.5,232.0,225.0,5.0,155.0,231.0
230440005190024,Urbana,1,Cocó,153,57.0,153.0,1211.13,1212.0,57.0,54.0,3.0,57.0,57.0
230440005190025,Urbana,0,Cocó,631,240.0,631.0,13128.22,10000.0,240.0,237.0,,220.0,240.0
230440005190026,Urbana,1,Praia do Futuro II,344,126.0,344.0,1589.85,1214.0,126.0,35.0,0.0,121.0,126.0
230440005190027,Urbana,0,Praia do Futuro II,727,279.0,726.0,1924.47,1212.0,279.0,59.0,0.0,213.0,258.0
230440005190028,Urbana,0,Cocó,428,169.0,428.0,10514.16,8000.0,169.0,155.0,13.0,149.0,169.0
230440005190029,Urbana,0,Cocó,190,60.0,190.0,22387.95,20000.0,60.0,59.0,,53.0,60.0
230440005190030,Urbana,0,Cocó,852,318.0,852.0,13227.08,10000.0,318.0,318.0,0.0,301.0,318.0
230440005190031,Urbana,0,Cocó,1102,413.0,1100.0,11018.92,9000.0,413.0,412.0,0.0,375.0,412.0
230440005190032,Urbana,0,Cocó,968,345.0,968.0,11950.87,10001.0,345.0,344.0,,326.0,345.0
230440005190033,Urbana,0,Cocó,1452,519.0,1452.0,16658.6,15000.0,519.0,513.0,,511.0,516.0
230440005190034,Urbana,0,Cocó,493,177.0,493.0,6958.14,5001.0,177.0,175.0,0.0,174.0,177.0
230440005190035,Urbana,0,Cocó,654,245.0,654.0,10833.75,8000.0,245.0,245.0,0.0,245.0,245.0
230440005190036,Urbana,0,Cocó,1733,646.0,1733.0,12864.71,10000.0,646.0,628.0,15.0,642.0,646.0
230440005190037,Urbana,0,Praia do Futuro I,309,107.0,309.0,6269.37,2400.0,107.0,94.0,10.0,83.0,107.0
230440005190038,Urbana,0,Praia do Futuro I,592,212.0,592.0,8554.0,5550.0,212.0,203.0,8.0,189.0,210.0
230440005190040,Urbana,1,Praia do Futuro II,709,258.0,709.0,1330.51,1212.0,258.0,65.0,,216.0,255.0
230440005190042,Urbana,0,Praia do Futuro II,403,140.0,403.0,4789.75,2500.0,140.0,88.0,7.0,91.0,132.0
230440005190043,Urbana,1,Praia do Futuro II,983,352.0,983.0,1357.33,1200.0,352.0,67.0,,311.0,352.0
230440005190044,Urbana,1,Manuel Dias Branco,226,74.0,226.0,1387.45,1400.0,74.0,3.0,0.0,70.0,73.0
230440005190045,Urbana,0,Cidade 2000,871,354.0,871.0,5314.68,3000.0,354.0,353.0,0.0,331.0,354.0
230440005190046,Urbana,0,Cidade 2000,568,218.0,568.0,3024.24,2000.0,218.0,216.0,,215.0,217.0
230440005190047,Urbana,0,Cidade 2000,643,270.0,643.0,3560.27,2000.0,270.0,270.0,0.0,270.0,270.0
230440005190048,Urbana,0,Cidade 2000,658,251.0,658.0,3469.92,2500.0,251.0,248.0,,251.0,251.0
230440005190049,Urbana,0,Cidade 2000,740,302.0,740.0,3047.04,2000.0,302.0,301.0,,293.0,302.0
230440005190050,Urbana,0,Cidade 2000,544,199.0,544.0,3496.31,3000.0,199.0,195.0,3.0,199.0,199.0
230440005190051,Urbana,0,Cidade 2000,599,224.0,599.0,3072.13,2220.0,224.0,224.0,0.0,224.0,224.0
230440005190052,Urbana,0,Cidade 2000,834,330.0,834.0,2394.24,1500.0,330.0,330.0,0.0,330.0,330.0
230440005190053,Urbana,4,Cocó,0,,,,,,,,,
230440005190054,Urbana,0,Cidade 2000,455,174.0,455.0,2403.06,1500.0,174.0,174.0,0.0,174.0,174.0
230440005190055,Urbana,0,Cocó,539,200.0,539.0,12856.0,10000.0,200.0,198.0,,195.0,199.0
230440005190056,Urbana,0,Cocó,1197,445.0,1197.0,13242.85,10000.0,445.0,439.0,,435.0,444.0
230440005190057,Urbana,0,Cocó,618,273.0,618.0,9397.62,7000.0,273.0,269.0,,272.0,273.0
230440005190058,Urbana,0,Cocó,868,301.0,868.0,13979.26,10000.0,301.0,288.0,3.0,283.0,299.0
230440005190059,Urbana,0,Cocó,558,250.0,558.0,11048.36,8000.0,250.0,239.0,5.0,234.0,249.0
230440005190060,Urbana,0,Cocó,924,290.0,923.0,15160.07,14500.0,290.0,285.0,,273.0,290.0
230440005190061,Urbana,0,Cocó,641,225.0,641.0,14658.81,10060.5,225.0,196.0,24.0,221.0,225.0
230440005190062,Urbana,0,Cocó,733,285.0,733.0,13098.2,9500.0,285.0,285.0,0.0,42.0,285.0
230440005190063,Urbana,0,Cocó,773,284.0,772.0,12483.18,10000.0,284.0,277.0,4.0,273.0,284.0
230440005190064,Urbana,0,Cocó,427,151.0,427.0,11452.34,9000.0,151.0,148.0,,128.0,151.0
230440005190065,Urbana,0,Cocó,1194,438.0,1194.0,18094.43,15000.0,438.0,426.0,4.0,323.0,438.0
230440005190066,Urbana,0,Cocó,759,278.0,759.0,24872.49,20001.0,278.0,278.0,0.0,265.0,278.0
230440005190067,Urbana,0,Cocó,702,254.0,702.0,16967.14,15000.0,254.0,250.0,3.0,250.0,254.0
230440005190068,Urbana,0,Manuel Dias Branco,674,237.0,674.0,1652.29,1212.0,237.0,234.0,,233.0,237.0
230440005190069,Urbana,0,Praia do Futuro II,177,82.0,177.0,9800.45,7250.0,82.0,64.0,,81.0,81.0
230440005190070,Urbana,1,Praia do Futuro II,471,161.0,466.0,1316.69,1212.0,161.0,,,119.0,161.0
230440005190071,Urbana,0,Cidade 2000,786,306.0,786.0,3364.36,2400.0,306.0,299.0,0.0,297.0,306.0
230440005190072,Urbana,1,Praia do Futuro II,1088,363.0,1088.0,1237.68,1212.0,363.0,54.0,9.0,335.0,343.0
230440005190073,Urbana,1,Praia do Futuro II,1311,441.0,1311.0,1508.09,1212.0,441.0,62.0,3.0,423.0,394.0
230440005190074,Urbana,0,Manuel Dias Branco,900,294.0,900.0,1276.88,1200.0,294.0,294.0,0.0,276.0,294.0
230440005190075,Urbana,0,Manuel Dias Branco,1304,433.0,1304.0,1346.17,1200.0,433.0,408.0,23.0,389.0,433.0
230440005190076,Urbana,4,Praia do Futuro I,0,,,,,,,,,
230440005190077,Urbana,1,Praia do Futuro I,496,177.0,496.0,1147.01,1206.0,177.0,33.0,6.0,135.0,159.0
230440005190078,Urbana,0,Cidade 2000,491,198.0,491.0,4084.75,2050.0,198.0,183.0,0.0,196.0,198.0
230440005190079,Urbana,0,Cocó,534,199.0,534.0,20661.94,17000.0,199.0,199.0,0.0,182.0,199.0
230440005190080,Urbana,0,Cidade 2000,646,255.0,646.0,2705.59,2000.0,255.0,254.0,,255.0,254.0
230440005190081,Urbana,1,Praia do Futuro II,1063,381.0,1044.0,1442.52,1200.0,381.0,17.0,12.0,370.0,380.0
230440005190082,Urbana,0,Praia do Futuro II,390,129.0,390.0,1427.8,1400.0,129.0,5.0,0.0,15.0,127.0
230440005190083,Urbana,1,Praia do Futuro I,981,315.0,981.0,1136.74,1212.0,315.0,43.0,12.0,284.0,314.0
230440005190084,Urbana,4,Praia do Futuro II,0,,,,,,,,,
230440005190085,Urbana,1,Praia do Futuro I,205,73.0,205.0,1199.53,1212.0,73.0,57.0,3.0,46.0,73.0
230440005190086,Urbana,0,Praia do Futuro II,90,32.0,90.0,4861.73,5000.0,32.0,0.0,0.0,12.0,32.0
230440005190087,Urbana,0,Praia do Futuro II,102,39.0,101.0,3580.56,1800.0,39.0,3.0,,8.0,38.0
230440005190088,Urbana,1,Praia do Futuro II,134,47.0,134.0,1252.65,1212.0,47.0,4.0,,44.0,35.0
230440005190089,Urbana,1,Praia do Futuro II,990,341.0,990.0,1242.87,1212.0,341.0,60.0,,314.0,326.0
230440005190090,Urbana,4,Manuel Dias Branco,24,6.0,24.0,10633.33,11500.0,6.0,6.0,0.0,6.0,6.0
230440005190091,Urbana,0,Manuel Dias Branco,628,276.0,628.0,5998.07,5000.0,276.0,270.0,4.0,274.0,275.0
230440005190092,Urbana,0,Manuel Dias Branco,711,281.0,711.0,6673.75,5000.0,281.0,273.0,4.0,275.0,281.0
230440005190093,Urbana,1,Manuel Dias Branco,617,219.0,615.0,1090.61,1200.0,219.0,,0.0,218.0,218.0
230440005190094,Urbana,0,Manuel Dias Branco,575,208.0,575.0,13225.17,9000.0,208.0,114.0,3.0,100.0,208.0
230440005190095,Urbana,0,Manuel Dias Branco,654,230.0,653.0,1396.05,1200.0,230.0,224.0,3.0,226.0,230.0
230440005190096,Urbana,1,Manuel Dias Branco,354,126.0,354.0,882.61,1000.0,126.0,111.0,0.0,126.0,126.0
230440005190097,Urbana,1,Praia do Futuro II,714,252.0,714.0,1407.31,1212.0,252.0,154.0,5.0,241.0,244.0
230440005190098,Urbana,1,Praia do Futuro II,467,184.0,461.0,1712.34,1212.0,184.0,117.0,7.0,157.0,171.0
230440005190099,Urbana,0,Cocó,719,267.0,719.0,11777.73,10000.0,267.0,267.0,0.0,244.0,267.0
230440005190100,Urbana,0,Cocó,709,287.0,709.0,10381.47,9000.0,287.0,281.0,6.0,285.0,287.0
230440005190101,Urbana,0,Cocó,363,130.0,363.0,3285.83,1212.0,130.0,,24.0,42.0,122.0
230440005190102,Urbana,4,Cocó,0,,,,,,,,,
230440005190103,Urbana,0,Cocó,1176,448.0,1176.0,13428.52,10000.0,448.0,444.0,,442.0,447.0
230440005190104,Urbana,1,Sapiranga / Coité,307,97.0,307.0,1332.02,1212.0,97.0,5.0,0.0,95.0,97.0
230440005190105,Urbana,0,Sapiranga / Coité,1137,383.0,1137.0,7585.99,5000.0,383.0,61.0,185.0,350.0,382.0
230440005190106,Urbana,1,Sapiranga / Coité,112,30.0,112.0,1282.9,1200.0,30.0,0.0,4.0,30.0,29.0
230440005190107,Urbana,0,Sapiranga / Coité,101,31.0,101.0,1268.13,1200.0,31.0,0.0,0.0,23.0,31.0
230440005190108,Urbana,1,Sapiranga / Coité,224,71.0,224.0,1153.82,700.0,71.0,6.0,0.0,71.0,70.0
230440005190109,Urbana,0,Sapiranga / Coité,220,75.0,220.0,4525.32,2200.0,75.0,4.0,3.0,63.0,75.0
230440005190110,Urbana,0,Sapiranga / Coité,398,134.0,398.0,3211.36,1212.0,134.0,3.0,4.0,127.0,132.0
230440005190112,Urbana,1,Edson Queiroz,36,14.0,36.0,1064.17,1212.0,14.0,,0.0,12.0,14.0
230440005190114,Urbana,0,Edson Queiroz,294,112.0,294.0,2451.37,1212.0,112.0,5.0,0.0,108.0,107.0
230440005190115,Urbana,1,Engenheiro Luciano Cavalcante,512,177.0,512.0,1710.15,1212.0,177.0,139.0,0.0,176.0,176.0
230440005190116,Urbana,0,Engenheiro Luciano Cavalcante,51,18.0,51.0,4212.5,2000.0,18.0,7.0,,17.0,18.0
230440005190117,Urbana,0,Edson Queiroz,5,,,,,,,,,
230440005190118,Urbana,1,Edson Queiroz,686,224.0,686.0,1208.61,1212.0,224.0,187.0,0.0,223.0,223.0
230440005190119,Urbana,1,Edson Queiroz,495,169.0,495.0,1278.89,1216.0,169.0,6.0,28.0,164.0,169.0
230440005190120,Urbana,1,Edson Queiroz,502,162.0,502.0,1230.47,1200.0,162.0,120.0,0.0,160.0,162.0
230440005190121,Urbana,1,Edson Queiroz,729,243.0,729.0,1272.83,1212.0,243.0,187.0,,242.0,242.0
230440005190122,Urbana,1,Edson Queiroz,416,137.0,416.0,1138.05,1212.0,137.0,68.0,4.0,133.0,137.0
230440005190123,Urbana,0,Edson Queiroz,963,389.0,963.0,3052.98,2000.0,389.0,168.0,,293.0,389.0
230440005190124,Urbana,1,Edson Queiroz,719,218.0,719.0,1397.57,1300.0,218.0,16.0,15.0,217.0,218.0
230440005190125,Urbana,0,Edson Queiroz,158,54.0,158.0,5120.83,2900.0,54.0,3.0,,47.0,54.0
230440005190126,Urbana,1,Edson Queiroz,752,240.0,752.0,1205.39,1216.0,240.0,,27.0,239.0,240.0
230440005190127,Urbana,1,Edson Queiroz,1422,486.0,1422.0,1217.22,1300.0,486.0,18.0,54.0,482.0,486.0
230440005190128,Urbana,1,Edson Queiroz,224,76.0,224.0,1520.66,1240.0,76.0,16.0,,71.0,76.0
230440005190129,Urbana,0,Edson Queiroz,663,268.0,663.0,11025.64,7000.0,268.0,241.0,4.0,254.0,267.0
230440005190130,Urbana,1,Edson Queiroz,119,39.0,119.0,973.5,1000.0,39.0,20.0,0.0,28.0,37.0
230440005190131,Urbana,0,Edson Queiroz,492,202.0,492.0,9123.64,8000.0,202.0,114.0,0.0,201.0,202.0
230440005190132,Urbana,4,Edson Queiroz,0,,,,,,,,,
230440005190133,Urbana,0,Edson Queiroz,762,282.0,762.0,2122.75,1400.0,282.0,108.0,0.0,267.0,282.0
230440005190135,Urbana,4,Edson Queiroz,0,,,,,,,,,
230440005190136,Urbana,0,Edson Queiroz,1417,436.0,1417.0,7623.49,5000.0,436.0,41.0,3.0,398.0,436.0
230440005190137,Urbana,0,Edson Queiroz,1618,550.0,1598.0,7942.04,6453.0,550.0,110.0,411.0,533.0,550.0
230440005190138,Urbana,0,Edson Queiroz,425,133.0,425.0,9560.97,7864.0,133.0,13.0,115.0,114.0,132.0
230440005190139,Urbana,1,Sapiranga / Coité,900,303.0,900.0,1484.34,1212.0,303.0,27.0,,261.0,303.0
230440005190140,Urbana,0,Sapiranga / Coité,579,185.0,579.0,3963.44,2000.0,185.0,3.0,42.0,163.0,185.0
230440005190141,Urbana,0,Sapiranga / Coité,889,294.0,889.0,5964.58,5000.0,294.0,17.0,78.0,281.0,294.0
230440005190142,Urbana,0,Sapiranga / Coité,807,281.0,807.0,3325.71,1600.0,281.0,37.0,15.0,276.0,281.0
230440005190143,Urbana,1,Sapiranga / Coité,547,173.0,547.0,1306.33,1212.0,173.0,0.0,0.0,173.0,173.0
230440005190144,Urbana,1,Sapiranga / Coité,45,16.0,45.0,1104.29,1212.0,16.0,0.0,0.0,16.0,16.0
230440005190145,Urbana,1,Sapiranga / Coité,525,177.0,525.0,1356.88,1212.0,177.0,8.0,22.0,176.0,174.0
230440005190146,Urbana,1,Sapiranga / Coité,633,203.0,633.0,1566.29,1212.0,203.0,5.0,34.0,198.0,203.0
230440005190147,Urbana,1,Sapiranga / Coité,584,195.0,584.0,1304.05,1212.0,195.0,7.0,0.0,183.0,195.0
230440005190148,Urbana,1,Sapiranga / Coité,374,119.0,374.0,1088.58,1212.0,119.0,9.0,,116.0,119.0
230440005190149,Urbana,1,Sapiranga / Coité,422,144.0,422.0,1836.9,1300.0,144.0,9.0,0.0,142.0,144.0
230440005190150,Urbana,4,Sapiranga / Coité,0,,,,,,,,,
230440005190151,Urbana,0,Sapiranga / Coité,743,258.0,743.0,2717.78,1500.0,258.0,6.0,10.0,241.0,257.0
230440005190152,Urbana,0,Sapiranga / Coité,579,211.0,579.0,1355.01,1200.0,211.0,12.0,4.0,210.0,211.0
230440005190153,Urbana,0,Sapiranga / Coité,380,132.0,380.0,2150.71,1212.0,132.0,3.0,9.0,129.0,132.0
230440005190154,Urbana,0,Sapiranga / Coité,737,246.0,737.0,2201.6,1212.0,246.0,,41.0,239.0,246.0
230440005190155,Urbana,0,Sapiranga / Coité,560,178.0,560.0,6662.67,5000.0,178.0,19.0,,174.0,178.0
230440005190156,Urbana,0,Sapiranga / Coité,512,176.0,512.0,7649.25,5200.0,176.0,78.0,3.0,160.0,174.0
230440005190157,Urbana,0,Sapiranga / Coité,397,133.0,397.0,3232.14,2300.0,133.0,8.0,0.0,123.0,132.0
230440005190158,Urbana,0,Sapiranga / Coité,1017,342.0,1017.0,5124.73,1800.0,342.0,21.0,3.0,323.0,342.0
230440005190159,Urbana,0,Sapiranga / Coité,180,63.0,180.0,3128.47,2000.0,63.0,8.0,0.0,63.0,63.0
230440005190160,Urbana,0,Salinas,78,22.0,78.0,2259.88,1356.0,22.0,3.0,,22.0,22.0
230440005190161,Urbana,0,Salinas,817,279.0,817.0,12185.7,10000.0,279.0,109.0,,277.0,278.0
230440005190162,Urbana,0,Guararapes,1925,602.0,1925.0,17606.78,12000.0,602.0,578.0,13.0,572.0,602.0
230440005190163,Urbana,0,Guararapes,406,139.0,406.0,12338.87,6500.0,139.0,123.0,7.0,125.0,139.0
230440005190164,Urbana,0,Guararapes,952,369.0,952.0,13739.24,10000.0,369.0,311.0,54.0,359.0,368.0
230440005190165,Urbana,0,Engenheiro Luciano Cavalcante,548,172.0,548.0,3905.64,2425.0,172.0,130.0,13.0,164.0,169.0
230440005190166,Urbana,0,Engenheiro Luciano Cavalcante,578,189.0,578.0,11899.83,8000.0,189.0,182.0,4.0,184.0,189.0
230440005190167,Urbana,0,Engenheiro Luciano Cavalcante,434,141.0,412.0,3847.93,1900.0,141.0,134.0,,139.0,141.0
230440005190168,Urbana,0,Engenheiro Luciano Cavalcante,641,247.0,641.0,9512.23,9000.0,247.0,234.0,7.0,241.0,247.0
230440005190169,Urbana,0,Engenheiro Luciano Cavalcante,811,275.0,811.0,5667.37,3000.0,275.0,201.0,36.0,265.0,274.0
230440005190170,Urbana,0,Engenheiro Luciano Cavalcante,1330,466.0,1330.0,1771.46,1212.0,466.0,433.0,10.0,465.0,466.0
230440005190171,Urbana,0,Engenheiro Luciano Cavalcante,320,105.0,320.0,1683.78,1212.0,105.0,104.0,,104.0,104.0
230440005190172,Urbana,0,Engenheiro Luciano Cavalcante,497,176.0,497.0,2281.43,1450.0,176.0,175.0,0.0,176.0,176.0
230440005190173,Urbana,0,Engenheiro Luciano Cavalcante,2236,778.0,2236.0,9375.61,6000.0,778.0,740.0,28.0,777.0,778.0
230440005190174,Urbana,0,Engenheiro Luciano Cavalcante,757,314.0,757.0,12322.63,10000.0,314.0,305.0,7.0,308.0,314.0
230440005190175,Urbana,0,Edson Queiroz,228,81.0,228.0,1606.13,1212.0,81.0,3.0,6.0,75.0,81.0
230440005190176,Urbana,0,Edson Queiroz,229,105.0,229.0,3159.5,2200.0,105.0,4.0,0.0,103.0,105.0
230440005190177,Urbana,0,Edson Queiroz,310,104.0,310.0,4162.31,2500.0,104.0,88.0,,104.0,104.0
230440005190178,Urbana,0,Edson Queiroz,397,134.0,397.0,5119.41,3500.0,134.0,38.0,,133.0,134.0
230440005190179,Urbana,1,Sapiranga / Coité,807,277.0,807.0,1129.53,1212.0,277.0,154.0,0.0,271.0,277.0
230440005190180,Urbana,0,Sapiranga / Coité,903,310.0,895.0,3284.25,2050.0,310.0,170.0,10.0,278.0,310.0
230440005190181,Urbana,0,Sapiranga / Coité,480,166.0,480.0,2136.43,1212.0,166.0,6.0,,161.0,166.0
230440005190182,Urbana,0,Sapiranga / Coité,736,220.0,736.0,8248.17,7000.0,220.0,14.0,3.0,216.0,218.0
230440005190183,Urbana,0,Sapiranga / Coité,381,127.0,381.0,4751.74,3000.0,127.0,,0.0,122.0,125.0
230440005190184,Urbana,0,Sapiranga / Coité,358,121.0,358.0,4202.02,2000.0,121.0,5.0,,118.0,121.0
230440005190185,Urbana,0,Sapiranga / Coité,1098,350.0,1098.0,5548.56,5000.0,350.0,67.0,,337.0,350.0
230440005190186,Urbana,0,Sapiranga / Coité,732,250.0,732.0,1436.26,1300.0,250.0,24.0,15.0,223.0,250.0
230440005190187,Urbana,0,Sapiranga / Coité,1055,347.0,1055.0,1802.95,1212.0,347.0,13.0,,338.0,347.0
230440005190188,Urbana,0,Sapiranga / Coité,745,250.0,745.0,3885.42,1600.0,250.0,7.0,,239.0,250.0
230440005190189,Urbana,1,Sapiranga / Coité,446,153.0,446.0,1427.15,1212.0,153.0,46.0,0.0,152.0,153.0
230440005190190,Urbana,0,Sapiranga / Coité,227,74.0,227.0,4501.84,2450.0,74.0,23.0,16.0,73.0,74.0
230440005190191,Urbana,1,Sapiranga / Coité,596,201.0,596.0,1049.38,1212.0,201.0,6.0,0.0,196.0,201.0
230440005190192,Urbana,0,Salinas,864,267.0,864.0,2184.24,1212.0,267.0,209.0,0.0,258.0,267.0
230440005190193,Urbana,0,Sapiranga / Coité,713,233.0,713.0,6188.66,4824.0,233.0,43.0,6.0,224.0,233.0
230440005190194,Urbana,0,Salinas,947,366.0,947.0,11211.6,8000.0,366.0,206.0,6.0,360.0,363.0
230440005190195,Urbana,0,Salinas,1097,453.0,1097.0,4729.72,3775.0,453.0,408.0,,451.0,443.0
230440005190196,Urbana,0,Guararapes,604,220.0,604.0,16650.64,15000.0,220.0,220.0,0.0,220.0,220.0
230440005190197,Urbana,0,Guararapes,544,203.0,544.0,11622.61,10000.0,203.0,193.0,6.0,196.0,203.0
230440005190198,Urbana,0,Guararapes,524,191.0,524.0,14728.57,10000.0,191.0,166.0,11.0,155.0,190.0
230440005190199,Urbana,0,Guararapes,797,258.0,797.0,13913.25,10000.0,258.0,254.0,,253.0,256.0
230440005190200,Urbana,0,Engenheiro Luciano Cavalcante,1339,526.0,1321.0,7973.13,5000.0,526.0,508.0,3.0,503.0,526.0
230440005190201,Urbana,0,Engenheiro Luciano Cavalcante,1398,556.0,1384.0,7565.55,5000.0,556.0,335.0,194.0,544.0,556.0
230440005190202,Urbana,0,Engenheiro Luciano Cavalcante,1230,450.0,1230.0,6965.85,4900.0,450.0,135.0,25.0,414.0,450.0
230440005190203,Urbana,0,Engenheiro Luciano Cavalcante,552,192.0,552.0,2609.36,1300.0,192.0,170.0,,187.0,191.0
230440005190204,Urbana,0,Engenheiro Luciano Cavalcante,1415,544.0,1415.0,5006.49,3000.0,544.0,361.0,63.0,472.0,543.0
230440005190205,Urbana,0,Engenheiro Luciano Cavalcante,666,234.0,658.0,2379.43,1500.0,234.0,229.0,0.0,234.0,234.0
230440005190206,Urbana,1,Edson Queiroz,368,119.0,368.0,1027.44,900.0,119.0,13.0,14.0,116.0,118.0
230440005190207,Urbana,1,Sapiranga / Coité,257,73.0,251.0,1568.65,1500.0,73.0,5.0,0.0,72.0,73.0
230440005190208,Urbana,1,Sapiranga / Coité,780,239.0,780.0,1247.72,1200.0,239.0,17.0,,188.0,238.0
230440005190209,Urbana,1,Sapiranga / Coité,212,72.0,212.0,1192.41,1212.0,72.0,3.0,5.0,59.0,72.0
230440005190210,Urbana,1,Sapiranga / Coité,822,255.0,822.0,1209.37,1200.0,255.0,,0.0,230.0,255.0
230440005190211,Urbana,1,Sapiranga / Coité,218,68.0,216.0,1262.5,1200.0,68.0,,,67.0,68.0
230440005190212,Urbana,1,Sapiranga / Coité,243,63.0,243.0,879.15,550.0,63.0,,0.0,58.0,63.0
230440005190213,Urbana,1,Edson Queiroz,569,184.0,569.0,1479.72,1000.0,184.0,25.0,4.0,165.0,182.0
230440005190214,Urbana,1,Edson Queiroz,495,161.0,494.0,1288.53,1000.0,161.0,14.0,,126.0,159.0
230440005190215,Urbana,1,Sapiranga / Coité,198,61.0,198.0,1368.51,1200.0,61.0,,0.0,60.0,61.0
230440005190216,Urbana,1,Sapiranga / Coité,45,19.0,45.0,1179.33,1212.0,19.0,0.0,0.0,19.0,18.0
230440005190217,Urbana,1,Sapiranga / Coité,135,46.0,135.0,1429.64,1212.0,46.0,12.0,,41.0,46.0
230440005190218,Urbana,0,Engenheiro Luciano Cavalcante,799,336.0,799.0,6040.79,3000.0,336.0,253.0,15.0,287.0,334.0
230440005190219,Urbana,0,Engenheiro Luciano Cavalcante,132,45.0,132.0,16151.64,12000.0,45.0,43.0,,40.0,45.0
230440005190220,Urbana,0,Guararapes,652,239.0,652.0,13920.53,10000.0,239.0,229.0,,236.0,237.0
230440005190221,Urbana,0,Guararapes,488,153.0,488.0,18944.93,15000.0,153.0,125.0,3.0,130.0,153.0
230440005190222,Urbana,0,Guararapes,750,309.0,750.0,11844.82,10000.0,309.0,308.0,0.0,309.0,309.0
230440005190223,Urbana,0,Edson Queiroz,3629,1213.0,3629.0,1764.54,1212.0,1213.0,1037.0,,1159.0,1213.0
230440005190224,Urbana,0,Salinas,725,231.0,725.0,1463.93,1200.0,231.0,211.0,,225.0,231.0
230440005190225,Urbana,1,Sapiranga / Coité,476,166.0,476.0,1037.67,1212.0,166.0,,,150.0,166.0
230440005190226,Urbana,4,Sapiranga / Coité,0,,,,,,,,,
230440005190227,Urbana,0,Sapiranga / Coité,452,145.0,452.0,8794.24,7000.0,145.0,0.0,39.0,145.0,145.0
230440005190228,Urbana,0,Sapiranga / Coité,99,29.0,99.0,6280.36,2200.5,29.0,0.0,0.0,25.0,29.0
230440005190229,Urbana,0,Sapiranga / Coité,24,12.0,24.0,5230.0,2950.0,12.0,0.0,0.0,11.0,12.0
230440005190230,Urbana,0,Sapiranga / Coité,110,31.0,110.0,15387.74,10001.0,31.0,4.0,0.0,31.0,31.0
230440005190231,Urbana,1,Engenheiro Luciano Cavalcante,217,86.0,217.0,1358.23,1212.0,86.0,84.0,,86.0,86.0
230440005190232,Urbana,1,Edson Queiroz,691,231.0,691.0,1137.0,1220.0,231.0,0.0,20.0,225.0,147.0
230440005190233,Urbana,4,Edson Queiroz,0,,,,,,,,,
230440005190234,Urbana,1,Salinas,96,37.0,96.0,1412.8,1212.0,37.0,,0.0,37.0,35.0
230440005190235,Urbana,1,Salinas,213,80.0,213.0,971.84,1212.0,80.0,3.0,0.0,76.0,33.0
230440005190236,Urbana,0,Sapiranga / Coité,113,33.0,113.0,6612.5,5500.0,33.0,,0.0,31.0,33.0
230440005190237,Urbana,0,Sapiranga / Coité,226,66.0,226.0,2490.44,1550.0,66.0,,,66.0,66.0
230440005190239,Urbana,1,Sapiranga / Coité,388,125.0,388.0,830.15,500.0,125.0,34.0,0.0,112.0,125.0
230440005190240,Urbana,1,Edson Queiroz,242,80.0,242.0,1139.28,1001.0,80.0,41.0,,77.0,80.0
230440005190241,Urbana,1,Sapiranga / Coité,293,96.0,293.0,1246.67,1200.0,96.0,3.0,12.0,92.0,96.0
230440005190242,Urbana,4,Sapiranga / Coité,0,,,,,,,,,
230440005190243,Urbana,0,Sapiranga / Coité,62,21.0,62.0,14202.05,15000.0,21.0,4.0,,21.0,20.0
230440005190244,Urbana,0,Sapiranga / Coité,141,40.0,141.0,11889.0,9500.0,40.0,19.0,13.0,39.0,40.0
230440005190245,Urbana,1,Sapiranga / Coité,350,111.0,350.0,1284.04,1212.0,111.0,5.0,0.0,109.0,111.0
230440005190246,Urbana,1,Sapiranga / Coité,385,115.0,385.0,1062.52,1212.0,115.0,,21.0,111.0,111.0
230440005190247,Urbana,4,Edson Queiroz,0,,,,,,,,,
230440005190248,Urbana,0,Edson Queiroz,666,221.0,666.0,9966.99,8000.0,221.0,15.0,,207.0,219.0
230440005190249,Urbana,0,Edson Queiroz,868,271.0,868.0,9191.78,7486.0,271.0,18.0,236.0,248.0,270.0
230440005190250,Urbana,0,Engenheiro Luciano Cavalcante,450,145.0,450.0,6726.6,3800.0,145.0,109.0,28.0,142.0,145.0
230440005190251,Urbana,0,Engenheiro Luciano Cavalcante,483,142.0,483.0,11009.38,8000.0,142.0,94.0,16.0,131.0,142.0
230440005190253,Urbana,0,Edson Queiroz,22,10.0,22.0,950.2,600.0,10.0,0.0,0.0,10.0,10.0
230440005190254,Urbana,0,Engenheiro Luciano Cavalcante,271,81.0,264.0,12710.13,12000.0,81.0,40.0,10.0,71.0,81.0
230440005190255,Urbana,0,Engenheiro Luciano Cavalcante,1480,561.0,1480.0,11507.34,8000.0,561.0,542.0,10.0,554.0,561.0
230440005190256,Urbana,0,Edson Queiroz,930,295.0,930.0,1543.97,1212.0,295.0,66.0,,272.0,295.0
230440005190257,Urbana,0,Edson Queiroz,551,190.0,551.0,1588.7,1212.0,190.0,56.0,3.0,173.0,189.0
230440005190258,Urbana,0,Engenheiro Luciano Cavalcante,502,186.0,502.0,8616.0,4500.0,186.0,181.0,3.0,184.0,186.0
230440005190259,Urbana,0,Engenheiro Luciano Cavalcante,515,202.0,515.0,10271.59,8000.0,202.0,200.0,,201.0,202.0
230440005190260,Urbana,0,Engenheiro Luciano Cavalcante,1615,578.0,1615.0,4857.15,2650.0,578.0,405.0,119.0,576.0,578.0
230440005190261,Urbana,0,Manuel Dias Branco,421,155.0,421.0,1724.86,1200.0,155.0,36.0,,39.0,135.0
230440005190262,Urbana,0,Manuel Dias Branco,496,188.0,496.0,15349.96,11000.0,188.0,168.0,0.0,165.0,183.0
230440005190263,Urbana,4,Edson Queiroz,0,,,,,,,,,
230440005190264,Urbana,0,Edson Queiroz,161,48.0,161.0,2870.27,1000.0,48.0,0.0,0.0,10.0,47.0
230440005190265,Urbana,4,Edson Queiroz,0,,,,,,,,,
230440005190266,Urbana,0,Edson Queiroz,502,154.0,502.0,2265.8,1000.0,154.0,12.0,,111.0,149.0
230440005190267,Urbana,0,Sabiaguaba,603,201.0,603.0,2145.46,1300.0,201.0,3.0,29.0,128.0,196.0
230440005190268,Urbana,0,Sabiaguaba,480,151.0,480.0,1691.92,1300.0,151.0,15.0,49.0,94.0,126.0
230440005190269,Urbana,4,Edson Queiroz,0,,,,,,,,,
230440005190270,Urbana,0,Edson Queiroz,754,297.0,754.0,7861.09,6000.0,297.0,102.0,5.0,289.0,291.0
230440005190271,Urbana,0,Praia do Futuro I,661,267.0,661.0,5052.39,3000.0,267.0,229.0,6.0,179.0,267.0
230440005190272,Urbana,1,Edson Queiroz,360,114.0,358.0,1341.79,1212.0,114.0,11.0,0.0,113.0,113.0
230440005190273,Urbana,0,Praia do Futuro II,257,109.0,255.0,6493.07,5000.0,109.0,104.0,,98.0,108.0
230440005200001,Urbana,1,Messejana,394,119.0,394.0,2541.8,1306.0,119.0,5.0,0.0,118.0,119.0
230440005200002,Urbana,0,Messejana,361,152.0,361.0,3835.39,2550.0,152.0,39.0,3.0,149.0,151.0
230440005200003,Urbana,1,Messejana,457,172.0,457.0,1240.97,1200.0,172.0,61.0,,170.0,171.0
230440005200004,Urbana,0,Messejana,259,91.0,259.0,1628.59,1212.0,91.0,11.0,18.0,90.0,91.0
230440005200005,Urbana,0,Guajeru,626,229.0,626.0,2335.48,1241.0,229.0,50.0,7.0,212.0,229.0
230440005200006,Urbana,0,Guajeru,656,227.0,656.0,2257.5,1500.0,227.0,21.0,7.0,216.0,226.0
230440005200007,Urbana,1,Guajeru,302,105.0,302.0,1089.81,1200.0,105.0,5.0,0.0,104.0,105.0
230440005200008,Urbana,0,Guajeru,1195,418.0,1194.0,2894.14,2000.0,418.0,207.0,19.0,408.0,418.0
230440005200009,Urbana,0,Guajeru,687,231.0,687.0,2150.81,1200.0,231.0,,0.0,224.0,230.0
230440005200010,Urbana,0,Messejana,855,291.0,855.0,1770.17,1200.0,291.0,291.0,0.0,288.0,291.0
230440005200011,Urbana,0,Messejana,482,164.0,480.0,2693.41,1200.0,164.0,10.0,,154.0,164.0
230440005200012,Urbana,0,Messejana,677,230.0,677.0,1995.15,1200.0,230.0,95.0,,218.0,230.0
230440005200013,Urbana,0,Messejana,698,244.0,698.0,1600.65,1212.0,244.0,166.0,8.0,221.0,243.0
230440005200014,Urbana,0,Messejana,776,283.0,776.0,1774.98,1212.0,283.0,77.0,7.0,254.0,282.0
230440005200015,Urbana,0,Messejana,369,108.0,369.0,2347.15,1900.0,108.0,90.0,13.0,103.0,108.0
230440005200016,Urbana,0,Messejana,489,208.0,489.0,3503.37,3000.0,208.0,19.0,155.0,207.0,208.0
230440005200017,Urbana,0,Messejana,566,206.0,566.0,3423.91,2500.0,206.0,177.0,7.0,197.0,206.0
230440005200018,Urbana,0,Messejana,923,320.0,923.0,1807.33,1212.0,320.0,48.0,270.0,315.0,320.0
230440005200019,Urbana,0,Messejana,676,242.0,676.0,1653.26,1200.0,242.0,20.0,20.0,240.0,242.0
230440005200020,Urbana,0,Messejana,879,323.0,879.0,1971.32,1300.0,323.0,45.0,276.0,321.0,323.0
230440005200021,Urbana,0,Messejana,960,319.0,960.0,1799.39,1212.0,319.0,317.0,0.0,318.0,319.0
230440005200022,Urbana,0,Messejana,700,247.0,700.0,1935.85,1297.0,247.0,22.0,6.0,244.0,247.0
230440005200023,Urbana,0,Messejana,688,288.0,688.0,2351.36,2000.0,288.0,262.0,0.0,286.0,288.0
230440005200024,Urbana,0,Messejana,640,250.0,640.0,2078.01,1900.0,250.0,14.0,,246.0,250.0
230440005200025,Urbana,0,Messejana,504,172.0,504.0,2479.57,1400.0,172.0,10.0,3.0,169.0,172.0
230440005200026,Urbana,0,Messejana,267,101.0,267.0,2131.06,1500.0,101.0,71.0,6.0,97.0,99.0
230440005200027,Urbana,1,Messejana,92,35.0,92.0,1793.71,1800.0,35.0,3.0,0.0,35.0,35.0
230440005200028,Urbana,0,Messejana,582,213.0,582.0,1811.3,1212.0,213.0,19.0,3.0,209.0,213.0
230440005200029,Urbana,0,Messejana,808,289.0,798.0,3851.73,2001.0,289.0,29.0,,285.0,289.0
230440005200030,Urbana,0,Messejana,813,286.0,800.0,3077.72,2200.0,286.0,49.0,28.0,272.0,284.0
230440005200031,Urbana,0,Messejana,115,48.0,115.0,2541.67,1250.0,48.0,5.0,0.0,47.0,48.0
230440005200032,Urbana,0,Messejana,919,332.0,919.0,1814.55,1212.0,332.0,24.0,3.0,329.0,330.0
230440005200033,Urbana,1,Messejana,209,79.0,209.0,1281.97,1212.0,79.0,4.0,,78.0,79.0
230440005200034,Urbana,0,Messejana,262,83.0,262.0,5268.67,4000.0,83.0,,0.0,83.0,82.0
230440005200035,Urbana,0,Messejana,1064,372.0,1064.0,1658.21,1212.0,372.0,318.0,0.0,362.0,372.0
230440005200036,Urbana,0,Messejana,590,197.0,590.0,3532.35,2500.0,197.0,185.0,5.0,196.0,197.0
230440005200037,Urbana,0,Messejana,617,220.0,617.0,3143.11,2424.0,220.0,97.0,93.0,220.0,220.0
230440005200038,Urbana,0,Messejana,648,223.0,619.0,2811.44,2000.0,223.0,87.0,35.0,203.0,221.0
230440005200039,Urbana,0,Messejana,891,305.0,891.0,3649.53,2000.0,305.0,82.0,7.0,298.0,305.0
230440005200040,Urbana,0,Parque Iracema,1301,435.0,1301.0,9369.55,7000.0,435.0,372.0,6.0,433.0,435.0
230440005200041,Urbana,0,Messejana,910,346.0,910.0,2838.23,1700.0,346.0,346.0,0.0,346.0,346.0
230440005200042,Urbana,0,Parque Iracema,578,223.0,578.0,8539.19,6000.0,223.0,215.0,0.0,216.0,222.0
230440005200043,Urbana,0,Parque Iracema,614,204.0,614.0,5570.0,3600.0,204.0,16.0,,179.0,204.0
230440005200044,Urbana,1,Parque Iracema,288,97.0,288.0,1143.41,1200.0,97.0,67.0,,96.0,97.0
230440005200045,Urbana,0,Parque Iracema,576,239.0,576.0,6857.22,5000.0,239.0,207.0,30.0,239.0,239.0
230440005200046,Urbana,1,Paupina,114,44.0,114.0,1198.2,1212.0,44.0,17.0,3.0,43.0,43.0
230440005200047,Urbana,0,Paupina,1777,754.0,1777.0,2929.05,2000.0,754.0,554.0,,679.0,753.0
230440005200048,Urbana,1,Paupina,80,31.0,80.0,1397.37,1212.0,31.0,,0.0,26.0,31.0
230440005200049,Urbana,0,Paupina,1412,523.0,1412.0,3134.72,2500.0,523.0,250.0,30.0,499.0,523.0
230440005200050,Urbana,1,Lagoa Redonda,449,141.0,449.0,1211.76,1212.0,141.0,14.0,4.0,133.0,136.0
230440005200051,Urbana,0,Lagoa Redonda,755,254.0,755.0,1629.52,1212.0,254.0,0.0,14.0,239.0,253.0
230440005200052,Urbana,1,Paupina,413,141.0,413.0,1289.57,1200.0,141.0,6.0,0.0,133.0,138.0
230440005200053,Urbana,1,Paupina,268,95.0,268.0,1179.22,1212.0,95.0,8.0,0.0,92.0,93.0
230440005200054,Urbana,0,Paupina,746,291.0,746.0,2367.15,2000.0,291.0,226.0,3.0,287.0,288.0
230440005200055,Urbana,1,Paupina,484,163.0,484.0,1570.08,1212.0,163.0,156.0,0.0,163.0,163.0
230440005200056,Urbana,0,Paupina,360,121.0,360.0,1635.06,1212.0,121.0,3.0,4.0,118.0,121.0
230440005200057,Urbana,1,São Bento,643,228.0,643.0,1293.33,1212.0,228.0,11.0,0.0,227.0,228.0
230440005200058,Urbana,0,São Bento,217,72.0,217.0,3390.81,2500.0,72.0,25.0,21.0,72.0,72.0
230440005200059,Urbana,1,São Bento,816,284.0,816.0,1070.55,1001.0,284.0,18.0,,277.0,282.0
230440005200060,Urbana,0,São Bento,289,91.0,289.0,2071.17,1500.0,91.0,,,90.0,91.0
230440005200061,Urbana,1,Guajeru,86,24.0,86.0,1120.83,1200.0,24.0,0.0,0.0,24.0,24.0
230440005200062,Urbana,0,Guajeru,103,40.0,103.0,1387.5,1200.0,40.0,,0.0,39.0,40.0
230440005200063,Urbana,1,Paupina,519,169.0,519.0,1303.91,1200.0,169.0,160.0,,167.0,169.0
230440005200064,Urbana,0,Paupina,590,209.0,590.0,1620.52,1212.0,209.0,33.0,0.0,202.0,204.0
230440005200065,Urbana,1,Paupina,458,159.0,458.0,1136.86,1212.0,159.0,59.0,,157.0,159.0
230440005200066,Urbana,0,Paupina,199,67.0,199.0,1383.63,1001.0,67.0,,63.0,65.0,67.0
230440005200067,Urbana,1,Paupina,440,158.0,440.0,1331.74,1200.0,158.0,10.0,0.0,158.0,158.0
230440005200068,Urbana,0,Paupina,302,121.0,293.0,1974.92,1212.0,121.0,0.0,0.0,113.0,121.0
230440005200069,Urbana,1,Paupina,162,58.0,162.0,1482.54,1212.0,58.0,4.0,0.0,58.0,58.0
230440005200070,Urbana,0,Paupina,1082,403.0,1076.0,1950.71,1212.0,403.0,7.0,,387.0,402.0
230440005200071,Urbana,0,Lagoa Redonda,560,217.0,560.0,2152.18,1800.0,217.0,0.0,0.0,213.0,217.0
230440005200072,Urbana,0,Lagoa Redonda,956,328.0,956.0,1760.15,1212.0,328.0,101.0,14.0,317.0,328.0
230440005200073,Urbana,0,Lagoa Redonda,637,209.0,637.0,1387.88,1212.0,209.0,179.0,25.0,205.0,209.0
230440005200074,Urbana,0,Lagoa Redonda,756,253.0,756.0,1406.22,1212.0,253.0,253.0,0.0,253.0,253.0
230440005200075,Urbana,0,Lagoa Redonda,764,263.0,764.0,1516.37,1212.0,263.0,257.0,5.0,261.0,263.0
230440005200076,Urbana,0,Lagoa Redonda,615,204.0,615.0,1477.96,1212.0,204.0,203.0,,199.0,204.0
230440005200077,Urbana,0,Lagoa Redonda,901,280.0,901.0,1449.32,1212.0,280.0,256.0,24.0,265.0,280.0
230440005200078,Urbana,0,Lagoa Redonda,1039,328.0,996.0,1517.29,1212.0,328.0,280.0,36.0,314.0,328.0
230440005200079,Urbana,0,Lagoa Redonda,534,158.0,534.0,1311.58,1212.0,158.0,155.0,,147.0,157.0
230440005200080,Urbana,0,Lagoa Redonda,1552,515.0,1539.0,3382.11,1740.0,515.0,52.0,15.0,451.0,508.0
230440005200081,Urbana,1,Lagoa Redonda,520,176.0,520.0,1143.39,1212.0,176.0,6.0,8.0,176.0,176.0
230440005200082,Urbana,0,Lagoa Redonda,333,119.0,333.0,1532.26,1200.0,119.0,6.0,0.0,108.0,117.0
230440005200083,Urbana,1,Lagoa Redonda,174,70.0,174.0,1346.88,1212.0,70.0,4.0,0.0,69.0,70.0
230440005200084,Urbana,1,Lagoa Redonda,851,262.0,850.0,1511.09,1212.0,262.0,8.0,0.0,230.0,261.0
230440005200085,Urbana,1,Lagoa Redonda,429,142.0,429.0,1068.89,1200.0,142.0,7.0,,138.0,135.0
230440005200086,Urbana,0,Lagoa Redonda,843,370.0,843.0,1994.63,1200.0,370.0,28.0,0.0,363.0,368.0
230440005200087,Urbana,0,Lagoa Redonda,501,184.0,501.0,2434.41,1800.0,184.0,17.0,,181.0,184.0
230440005200088,Urbana,0,Lagoa Redonda,942,333.0,942.0,2597.37,1200.0,333.0,18.0,3.0,287.0,328.0
230440005200089,Urbana,0,Lagoa Redonda,754,306.0,754.0,1309.45,1200.0,306.0,6.0,0.0,280.0,293.0
230440005200090,Urbana,0,Lagoa Redonda,543,206.0,543.0,1297.16,1200.0,206.0,203.0,0.0,206.0,206.0
230440005200091,Urbana,0,Lagoa Redonda,813,266.0,800.0,1918.67,1300.0,266.0,54.0,207.0,261.0,266.0
230440005200092,Urbana,0,Lagoa Redonda,976,349.0,973.0,3534.4,2000.0,349.0,18.0,217.0,329.0,311.0
230440005200093,Urbana,0,Coaçu,922,341.0,922.0,1511.81,1212.0,341.0,29.0,216.0,337.0,341.0
230440005200094,Urbana,0,Coaçu,492,153.0,492.0,2952.31,1650.0,153.0,48.0,,146.0,148.0
230440005200095,Urbana,0,Coaçu,1145,390.0,1145.0,2569.5,1500.0,390.0,38.0,,353.0,390.0
230440005200096,Urbana,0,São Bento,835,285.0,835.0,1958.73,1300.0,285.0,239.0,,283.0,285.0
230440005200097,Urbana,0,São Bento,519,166.0,519.0,2113.59,1212.0,166.0,156.0,0.0,166.0,166.0
230440005200098,Urbana,0,Paupina,602,208.0,602.0,1831.96,1212.0,208.0,194.0,0.0,205.0,208.0
230440005200099,Urbana,0,Paupina,793,290.0,792.0,2807.18,1500.0,290.0,31.0,10.0,286.0,290.0
230440005200100,Urbana,0,São Bento,494,196.0,494.0,1552.94,1212.0,196.0,162.0,26.0,196.0,193.0
230440005200101,Urbana,0,São Bento,648,261.0,648.0,1438.94,1212.0,261.0,236.0,0.0,260.0,258.0
230440005200102,Urbana,0,São Bento,699,277.0,699.0,1608.86,1212.0,277.0,145.0,126.0,276.0,251.0
230440005200103,Urbana,1,São Bento,913,311.0,913.0,1314.98,1212.0,311.0,5.0,0.0,307.0,311.0
230440005200104,Urbana,0,São Bento,1596,552.0,1586.0,2867.69,1212.0,552.0,17.0,8.0,453.0,538.0
230440005200105,Urbana,0,Paupina,888,303.0,888.0,1419.89,1212.0,303.0,11.0,,297.0,294.0
230440005200106,Urbana,1,Paupina,469,173.0,469.0,967.11,1212.0,173.0,20.0,,171.0,172.0
230440005200107,Urbana,0,Paupina,1091,391.0,1091.0,1329.01,1212.0,391.0,76.0,3.0,369.0,378.0
230440005200108,Urbana,1,Paupina,299,104.0,299.0,1248.71,1212.0,104.0,9.0,3.0,104.0,103.0
230440005200109,Urbana,0,Paupina,458,153.0,443.0,1858.05,1212.0,153.0,5.0,0.0,143.0,153.0
230440005200110,Urbana,0,Lagoa Redonda,933,314.0,926.0,1988.24,1300.0,314.0,61.0,97.0,303.0,312.0
230440005200111,Urbana,1,Paupina,165,59.0,165.0,1187.26,1212.0,59.0,39.0,0.0,54.0,59.0
230440005200112,Urbana,0,Paupina,290,95.0,290.0,1541.26,1212.0,95.0,14.0,0.0,78.0,94.0
230440005200113,Urbana,1,Lagoa Redonda,385,127.0,385.0,1048.46,1212.0,127.0,10.0,,113.0,127.0
230440005200114,Urbana,1,Lagoa Redonda,143,42.0,143.0,1162.19,1200.0,42.0,,13.0,25.0,42.0
230440005200115,Urbana,0,Lagoa Redonda,754,258.0,754.0,3096.5,1550.0,258.0,28.0,21.0,161.0,253.0
230440005200116,Urbana,0,Paupina,760,267.0,760.0,1367.6,1212.0,267.0,258.0,0.0,267.0,267.0
230440005200117,Urbana,0,Paupina,671,228.0,671.0,1542.58,1212.0,228.0,228.0,0.0,228.0,228.0
230440005200118,Urbana,0,Paupina,329,115.0,329.0,1407.64,1212.0,115.0,100.0,8.0,115.0,115.0
230440005200119,Urbana,0,Paupina,389,133.0,389.0,1584.96,1212.0,133.0,118.0,0.0,133.0,133.0
230440005200120,Urbana,0,Paupina,425,154.0,425.0,1316.87,1200.0,154.0,148.0,0.0,154.0,153.0
230440005200121,Urbana,0,Paupina,569,188.0,569.0,1493.61,1212.0,188.0,168.0,0.0,188.0,188.0
230440005200122,Urbana,0,Paupina,915,304.0,915.0,1285.92,1212.0,304.0,303.0,0.0,304.0,303.0
230440005200123,Urbana,0,Paupina,402,131.0,402.0,1318.03,1212.0,131.0,121.0,0.0,130.0,131.0
230440005200124,Urbana,0,Messejana,404,142.0,404.0,2255.75,1212.0,142.0,8.0,0.0,142.0,142.0
230440005200125,Urbana,0,Messejana,499,191.0,499.0,1920.79,1212.0,191.0,51.0,0.0,189.0,191.0
230440005200126,Urbana,0,Messejana,1034,332.0,1027.0,2277.38,1212.0,332.0,9.0,11.0,322.0,331.0
230440005200127,Urbana,0,São Bento,455,156.0,455.0,1545.99,1212.0,156.0,14.0,18.0,154.0,156.0
230440005200128,Urbana,0,São Bento,1159,402.0,1159.0,1526.05,1300.0,402.0,25.0,0.0,401.0,401.0
230440005200129,Urbana,0,São Bento,1012,317.0,1012.0,1701.25,1212.0,317.0,41.0,5.0,317.0,317.0
230440005200130,Urbana,0,São Bento,1952,670.0,1949.0,4025.97,3000.0,670.0,10.0,0.0,606.0,667.0
230440005200131,Urbana,0,Parque Iracema,456,191.0,456.0,6745.56,5000.0,191.0,183.0,4.0,187.0,190.0
230440005200132,Urbana,0,Parque Iracema,261,108.0,261.0,8218.04,6000.0,108.0,105.0,3.0,104.0,108.0
230440005200133,Urbana,0,Lagoa Redonda,700,230.0,700.0,2292.64,1212.0,230.0,,0.0,228.0,230.0
230440005200134,Urbana,0,Lagoa Redonda,576,215.0,576.0,3310.03,1212.0,215.0,,0.0,197.0,215.0
230440005200135,Urbana,0,Paupina,790,248.0,790.0,1978.86,1212.0,248.0,,0.0,243.0,247.0
230440005200136,Urbana,0,Paupina,2549,887.0,2549.0,1203.67,1200.0,887.0,14.0,5.0,261.0,883.0
230440005200137,Urbana,1,Messejana,209,62.0,209.0,1255.24,1212.0,62.0,,7.0,59.0,60.0
230440005200138,Urbana,0,Messejana,699,249.0,699.0,1286.15,1212.0,249.0,210.0,9.0,245.0,248.0
230440005200139,Urbana,1,Messejana,47,21.0,47.0,1184.44,1212.0,21.0,0.0,0.0,21.0,21.0
230440005200140,Urbana,0,Messejana,275,91.0,275.0,2147.27,1280.0,91.0,35.0,0.0,91.0,91.0
230440005200141,Urbana,1,Guajeru,267,93.0,267.0,1066.08,1200.0,93.0,0.0,,93.0,93.0
230440005200142,Urbana,0,Guajeru,52,18.0,52.0,1241.18,1200.0,18.0,0.0,,18.0,18.0
230440005200143,Urbana,0,Guajeru,132,43.0,132.0,1432.3,1200.0,43.0,0.0,0.0,42.0,43.0
230440005200144,Urbana,0,Guajeru,52,18.0,52.0,4799.44,4350.0,18.0,,0.0,18.0,18.0
230440005200145,Urbana,0,Guajeru,65,19.0,65.0,6721.05,5000.0,19.0,0.0,0.0,19.0,19.0
230440005200146,Urbana,1,Guajeru,71,25.0,71.0,1133.56,1200.0,25.0,,0.0,25.0,25.0
230440005200147,Urbana,0,Guajeru,523,183.0,523.0,2315.05,1500.0,183.0,8.0,3.0,183.0,183.0
230440005200148,Urbana,0,Coaçu,960,348.0,960.0,1876.5,1212.0,348.0,71.0,33.0,337.0,348.0
230440005200149,Urbana,0,Coaçu,747,253.0,746.0,1665.37,1212.0,253.0,5.0,,232.0,253.0
230440005200150,Urbana,0,Parque Iracema,509,162.0,509.0,13034.38,11250.0,162.0,158.0,0.0,159.0,162.0
230440005200151,Urbana,0,Parque Iracema,607,201.0,607.0,11034.81,10000.0,201.0,186.0,4.0,200.0,197.0
230440005200152,Urbana,1,Messejana,199,64.0,199.0,1167.52,1212.0,64.0,46.0,7.0,63.0,64.0
230440005200153,Urbana,0,Guajeru,542,176.0,542.0,1431.33,1200.0,176.0,7.0,0.0,176.0,175.0
230440005200154,Urbana,0,Messejana,441,134.0,441.0,2603.47,2000.0,134.0,22.0,5.0,130.0,134.0
230440005200155,Urbana,0,Guajeru,556,198.0,556.0,2346.96,1500.0,198.0,6.0,,195.0,198.0
230440005200156,Urbana,0,Messejana,857,308.0,857.0,1388.44,1220.0,308.0,211.0,6.0,301.0,308.0
230440005200157,Urbana,0,Messejana,820,284.0,820.0,1560.11,1200.0,284.0,114.0,18.0,277.0,283.0
230440005200158,Urbana,0,Messejana,714,252.0,714.0,1587.85,1212.0,252.0,40.0,9.0,241.0,252.0
230440005200159,Urbana,0,Messejana,445,165.0,445.0,2931.57,2500.0,165.0,165.0,0.0,165.0,165.0
230440005200160,Urbana,0,Messejana,764,281.0,764.0,2386.41,1212.0,281.0,119.0,10.0,232.0,281.0
230440005200161,Urbana,0,Messejana,2167,837.0,2167.0,4839.24,3000.0,837.0,516.0,204.0,826.0,837.0
230440005200162,Urbana,0,Messejana,640,222.0,640.0,1993.69,1240.0,222.0,56.0,7.0,222.0,222.0
230440005200163,Urbana,0,Messejana,562,188.0,562.0,1800.98,1212.0,188.0,5.0,0.0,182.0,187.0
230440005200164,Urbana,0,Messejana,494,236.0,494.0,2470.34,2300.0,236.0,214.0,,236.0,236.0
230440005200165,Urbana,0,Messejana,994,371.0,994.0,1982.79,1300.0,371.0,123.0,59.0,351.0,371.0
230440005200166,Urbana,0,Messejana,495,197.0,495.0,3975.74,3000.0,197.0,80.0,6.0,196.0,197.0
230440005200167,Urbana,0,Messejana,699,285.0,697.0,3847.78,2400.0,285.0,77.0,4.0,282.0,285.0
230440005200168,Urbana,0,Parque Iracema,251,135.0,251.0,5688.81,5000.0,135.0,5.0,,134.0,134.0
230440005200169,Urbana,0,Messejana,730,247.0,730.0,1245.43,1200.0,247.0,233.0,,239.0,247.0
230440005200170,Urbana,0,Parque Iracema,1265,457.0,1265.0,8024.77,6000.0,457.0,440.0,0.0,455.0,457.0
230440005200171,Urbana,0,Parque Iracema,528,187.0,528.0,4751.15,3000.0,187.0,6.0,,177.0,187.0
230440005200172,Urbana,0,Parque Iracema,860,321.0,860.0,2616.87,1300.0,321.0,88.0,5.0,246.0,321.0
230440005200173,Urbana,0,Lagoa Redonda,712,230.0,712.0,1508.17,1212.0,230.0,20.0,21.0,225.0,229.0
230440005200174,Urbana,0,Lagoa Redonda,1190,395.0,1190.0,2165.01,1212.0,395.0,21.0,,373.0,393.0
230440005200175,Urbana,1,Lagoa Redonda,650,213.0,650.0,1325.07,1212.0,213.0,8.0,5.0,197.0,213.0
230440005200176,Urbana,0,Lagoa Redonda,968,326.0,968.0,2839.17,1600.0,326.0,22.0,10.0,282.0,323.0
230440005200177,Urbana,0,Lagoa Redonda,1066,392.0,1066.0,1823.42,1600.0,392.0,26.0,3.0,343.0,392.0
230440005200178,Urbana,0,Coaçu,974,306.0,974.0,2991.04,1600.0,306.0,82.0,0.0,281.0,306.0
230440005200179,Urbana,0,Paupina,728,259.0,728.0,1702.7,1212.0,259.0,,0.0,245.0,256.0
230440005200180,Urbana,0,Paupina,684,232.0,684.0,2788.93,1500.0,232.0,30.0,18.0,225.0,232.0
230440005200181,Urbana,0,Paupina,501,185.0,501.0,1338.37,1200.0,185.0,7.0,4.0,177.0,185.0
230440005200182,Urbana,1,Coaçu,743,250.0,743.0,1306.91,1212.0,250.0,0.0,0.0,250.0,250.0
230440005200183,Urbana,1,Paupina,191,68.0,191.0,1295.84,1212.0,68.0,13.0,0.0,68.0,68.0
230440005200184,Urbana,1,Messejana,52,17.0,52.0,1493.69,1212.0,17.0,6.0,10.0,17.0,17.0
230440005200185,Urbana,1,Messejana,102,35.0,102.0,1793.41,1450.0,35.0,6.0,8.0,34.0,35.0
230440005200186,Urbana,0,Lagoa Redonda,319,116.0,319.0,4369.55,2500.0,116.0,13.0,59.0,113.0,116.0
230440005200187,Urbana,0,Lagoa Redonda,16,8.0,16.0,1218.5,1212.0,8.0,,0.0,8.0,8.0
230440005200188,Urbana,1,Paupina,1053,351.0,1052.0,1275.23,1212.0,351.0,0.0,0.0,227.0,349.0
230440005200189,Urbana,0,Parque Iracema,529,232.0,529.0,5811.72,4800.0,232.0,215.0,,218.0,232.0
230440005200190,Urbana,0,Messejana,531,206.0,531.0,2440.98,2000.0,206.0,11.0,139.0,161.0,206.0
230440005200191,Urbana,0,Messejana,418,178.0,418.0,4367.9,3500.0,178.0,147.0,,164.0,178.0
230440005200192,Urbana,0,Messejana,938,345.0,938.0,3951.22,2000.0,345.0,28.0,43.0,327.0,336.0
230440005200193,Urbana,0,Messejana,667,278.0,667.0,6614.16,5001.0,278.0,247.0,13.0,249.0,278.0
230440005200194,Urbana,0,Messejana,763,270.0,763.0,7109.09,5500.0,270.0,270.0,0.0,270.0,270.0
230440005200195,Urbana,0,Coaçu,494,178.0,494.0,2134.21,1212.0,178.0,68.0,8.0,164.0,178.0
230440005200196,Urbana,1,Messejana,228,65.0,228.0,1216.52,1212.0,65.0,11.0,14.0,65.0,65.0
230440005200197,Urbana,0,Guajeru,280,116.0,280.0,3112.98,2850.0,116.0,0.0,0.0,115.0,116.0
230440005200198,Urbana,0,Messejana,894,369.0,894.0,5616.01,4700.0,369.0,367.0,,366.0,369.0
230440005200199,Urbana,0,Messejana,538,229.0,538.0,3709.73,2500.0,229.0,229.0,0.0,229.0,228.0
230440005200200,Urbana,0,Messejana,590,243.0,590.0,3749.62,3000.0,243.0,240.0,,243.0,243.0
230440005200201,Urbana,0,Messejana,627,263.0,627.0,3658.61,3000.0,263.0,263.0,0.0,262.0,263.0
230440005200202,Urbana,0,Coaçu,655,237.0,655.0,1188.77,1212.0,237.0,24.0,192.0,235.0,236.0
230440005200203,Urbana,0,Parque Iracema,134,57.0,134.0,3314.54,1800.0,57.0,35.0,5.0,57.0,57.0
230440005200204,Urbana,0,Messejana,477,200.0,477.0,4890.1,4000.0,200.0,8.0,,128.0,200.0
230440005200205,Urbana,7,Messejana,15,,,,,,,,,
230440005200206,Urbana,4,Lagoa Redonda,9,6.0,9.0,1122.4,1000.0,6.0,0.0,0.0,6.0,6.0
230440005200207,Urbana,4,Parque Iracema,28,8.0,28.0,1226.5,1200.0,8.0,8.0,0.0,8.0,8.0
230440005200208,Urbana,0,Guajeru,74,22.0,74.0,4600.0,3500.0,22.0,,0.0,22.0,22.0
230440005200209,Urbana,0,Guajeru,65,25.0,65.0,2810.0,2400.0,25.0,0.0,0.0,25.0,25.0
230440005200210,Urbana,0,Parque Iracema,934,319.0,934.0,11418.08,10000.0,319.0,317.0,0.0,314.0,318.0
230440005200211,Urbana,0,Lagoa Redonda,521,183.0,491.0,6016.01,4500.0,183.0,115.0,,173.0,182.0
230440005200212,Urbana,1,Messejana,404,139.0,404.0,2526.57,1675.0,139.0,31.0,17.0,100.0,136.0
230440005200213,Urbana,1,Guajeru,98,32.0,98.0,1139.48,1200.0,32.0,,0.0,32.0,32.0
230440005200214,Urbana,0,Lagoa Redonda,40,14.0,40.0,2769.43,1356.0,14.0,0.0,0.0,14.0,14.0
230440005200215,Urbana,0,Paupina,518,207.0,518.0,3579.89,3000.0,207.0,207.0,0.0,205.0,207.0
230440005200216,Urbana,0,Paupina,511,207.0,511.0,3544.63,3000.0,207.0,207.0,0.0,207.0,207.0
230440005200217,Urbana,0,Lagoa Redonda,660,246.0,660.0,1474.22,1000.0,246.0,9.0,0.0,234.0,246.0
230440005200218,Urbana,0,Parque Iracema,556,167.0,556.0,14400.0,15000.0,167.0,165.0,,165.0,166.0
230440005200219,Urbana,0,Parque Iracema,861,331.0,861.0,10413.03,9500.0,331.0,329.0,,329.0,331.0
230440005200220,Urbana,0,Parque Iracema,465,232.0,465.0,9097.87,8000.0,232.0,231.0,,232.0,232.0
230440005200221,Urbana,0,Parque Iracema,683,259.0,683.0,10056.24,8000.0,259.0,253.0,5.0,258.0,257.0
230440005200222,Urbana,0,Parque Iracema,313,154.0,313.0,9490.88,6000.0,154.0,136.0,8.0,151.0,131.0
230440005200223,Urbana,0,Parque Iracema,638,220.0,638.0,10099.68,9000.0,220.0,162.0,11.0,217.0,219.0
230440005200224,Urbana,0,Parque Iracema,434,215.0,434.0,5086.9,4000.0,215.0,211.0,3.0,212.0,215.0
230440005200225,Urbana,0,Lagoa Redonda,586,203.0,586.0,2190.44,1320.0,203.0,38.0,0.0,183.0,203.0
230440005200226,Urbana,1,Lagoa Redonda,338,114.0,338.0,1423.72,1212.0,114.0,16.0,0.0,113.0,114.0
230440005200227,Urbana,0,Lagoa Redonda,743,245.0,743.0,2448.93,1300.0,245.0,7.0,143.0,203.0,245.0
230440005200228,Urbana,0,Lagoa Redonda,611,234.0,611.0,1738.96,1212.0,234.0,11.0,,197.0,234.0
230440005200229,Urbana,0,Lagoa Redonda,1293,456.0,1287.0,2961.7,1212.0,456.0,89.0,14.0,419.0,445.0
230440005200230,Urbana,0,Messejana,394,135.0,394.0,2082.45,1250.0,135.0,,,131.0,135.0
230440005200231,Urbana,0,Messejana,239,77.0,234.0,3821.69,2400.0,77.0,,0.0,72.0,77.0
230440005200232,Urbana,0,Alto da Balança,462,196.0,462.0,2395.81,2000.0,196.0,194.0,,195.0,196.0
230440005200233,Urbana,0,Alto da Balança,542,200.0,541.0,2220.37,2000.0,200.0,200.0,0.0,200.0,199.0
230440005200234,Urbana,0,Alto da Balança,416,155.0,416.0,2238.2,1212.0,155.0,151.0,,151.0,146.0
230440005200235,Urbana,0,Alto da Balança,508,186.0,508.0,2583.6,2001.0,186.0,186.0,0.0,183.0,186.0
230440005200236,Urbana,1,Alto da Balança,191,66.0,191.0,1153.15,1000.0,66.0,65.0,0.0,65.0,66.0
230440005200237,Urbana,0,Alto da Balança,586,219.0,586.0,1986.88,1200.0,219.0,219.0,0.0,219.0,219.0
230440005200238,Urbana,0,Alto da Balança,685,253.0,685.0,2411.38,2001.0,253.0,253.0,0.0,253.0,253.0
230440005200239,Urbana,0,Alto da Balança,660,237.0,660.0,2099.29,1500.0,237.0,233.0,0.0,228.0,237.0
230440005200240,Urbana,0,Alto da Balança,492,188.0,492.0,1744.92,1212.0,188.0,186.0,0.0,176.0,188.0
230440005200241,Urbana,1,Alto da Balança,291,105.0,291.0,1210.59,1212.0,105.0,102.0,0.0,103.0,105.0
230440005200242,Urbana,1,Alto da Balança,635,241.0,635.0,1219.27,1212.0,241.0,235.0,0.0,241.0,241.0
230440005200243,Urbana,1,Alto da Balança,443,157.0,443.0,1527.73,1212.0,157.0,153.0,,143.0,157.0
230440005200244,Urbana,0,Alto da Balança,162,60.0,162.0,1278.89,1212.0,60.0,60.0,0.0,60.0,60.0
230440005200245,Urbana,4,Alto da Balança,0,,,,,,,,,
230440005200246,Urbana,0,Alto da Balança,528,183.0,518.0,1502.8,1200.0,183.0,183.0,0.0,181.0,183.0
230440005200247,Urbana,0,Aerolândia,857,321.0,857.0,1771.87,1200.0,321.0,317.0,,316.0,320.0
230440005200248,Urbana,0,Aerolândia,602,221.0,602.0,2527.62,1600.0,221.0,192.0,26.0,202.0,221.0
230440005200249,Urbana,0,Aerolândia,414,152.0,414.0,2563.05,2000.0,152.0,143.0,,149.0,151.0
230440005200250,Urbana,0,Aerolândia,413,162.0,413.0,1698.7,1200.0,162.0,160.0,,162.0,162.0
230440005200251,Urbana,1,Aerolândia,492,179.0,492.0,1456.87,1200.0,179.0,179.0,0.0,179.0,177.0
230440005200252,Urbana,1,Aerolândia,456,182.0,451.0,1224.57,1200.0,182.0,182.0,0.0,182.0,182.0
230440005200253,Urbana,1,Aerolândia,553,229.0,553.0,1232.36,1200.0,229.0,229.0,0.0,229.0,229.0
230440005200254,Urbana,0,Aerolândia,402,137.0,402.0,1896.67,1212.0,137.0,137.0,0.0,137.0,137.0
230440005200255,Urbana,4,Aerolândia,0,,,,,,,,,
230440005200256,Urbana,0,Aerolândia,705,262.0,705.0,1469.34,1200.0,262.0,262.0,0.0,262.0,262.0
230440005200257,Urbana,0,Aerolândia,983,364.0,983.0,1057.53,1200.0,364.0,364.0,0.0,362.0,364.0
230440005200258,Urbana,0,Aerolândia,737,264.0,737.0,1123.73,1200.0,264.0,264.0,0.0,264.0,264.0
230440005200259,Urbana,0,Aerolândia,800,319.0,800.0,1245.47,1200.0,319.0,319.0,0.0,319.0,319.0
230440005200260,Urbana,0,Aerolândia,243,91.0,243.0,2755.06,2000.0,91.0,8.0,,89.0,91.0
230440005200261,Urbana,0,Alto da Balança,355,121.0,355.0,2245.95,1212.0,121.0,116.0,5.0,115.0,120.0
230440005200262,Urbana,0,Alto da Balança,480,186.0,480.0,1416.67,1200.0,186.0,186.0,0.0,175.0,186.0
230440005200263,Urbana,1,Alto da Balança,410,166.0,407.0,1075.66,1200.0,166.0,165.0,0.0,165.0,166.0
230440005200264,Urbana,1,Alto da Balança,501,168.0,501.0,1228.76,1100.0,168.0,160.0,,163.0,168.0
230440005200265,Urbana,1,Alto da Balança,121,45.0,121.0,1171.79,1200.0,45.0,44.0,0.0,44.0,45.0
230440005200266,Urbana,0,Alto da Balança,351,135.0,349.0,1435.04,1212.0,135.0,132.0,,135.0,135.0
230440005200267,Urbana,0,Aerolândia,117,49.0,117.0,2412.2,1500.0,49.0,49.0,0.0,49.0,49.0
230440005200268,Urbana,1,Aerolândia,245,91.0,245.0,1703.29,1218.0,91.0,89.0,,89.0,91.0
230440005200269,Urbana,1,Alto da Balança,64,21.0,64.0,1254.67,1212.0,21.0,21.0,0.0,21.0,21.0
230440005200270,Urbana,0,Alto da Balança,182,64.0,182.0,2062.0,1234.0,64.0,62.0,,62.0,64.0
230440005200271,Urbana,1,Alto da Balança,155,63.0,154.0,1101.63,500.0,63.0,58.0,4.0,55.0,63.0
230440005200272,Urbana,1,Aerolândia,611,222.0,611.0,1394.95,1212.0,222.0,199.0,11.0,217.0,222.0
230440005200273,Urbana,1,Alto da Balança,270,93.0,270.0,1162.77,1200.0,93.0,83.0,4.0,85.0,93.0
230440005200274,Urbana,1,Alto da Balança,281,95.0,281.0,1354.39,1200.0,95.0,95.0,0.0,93.0,94.0
230440005200275,Urbana,1,Alto da Balança,70,31.0,70.0,1230.0,1200.0,31.0,18.0,6.0,25.0,31.0
230440005200276,Urbana,1,Alto da Balança,299,114.0,299.0,1323.29,1212.0,114.0,52.0,8.0,109.0,114.0
230440005200277,Urbana,1,Alto da Balança,219,83.0,219.0,1494.34,1200.0,83.0,81.0,0.0,80.0,83.0
230440005200278,Urbana,0,Alto da Balança,48,9.0,35.0,1935.43,1212.0,9.0,9.0,0.0,8.0,9.0
230440005200279,Urbana,1,Aerolândia,173,73.0,173.0,1301.36,1212.0,73.0,11.0,19.0,73.0,73.0
230440005200280,Urbana,0,Aerolândia,565,218.0,565.0,2027.44,1500.0,218.0,18.0,0.0,217.0,218.0
230440005200281,Urbana,0,Cambeba,483,171.0,483.0,7469.01,5000.0,171.0,13.0,16.0,166.0,171.0
230440005200282,Urbana,0,Cambeba,789,255.0,770.0,8107.69,5800.0,255.0,19.0,,231.0,255.0
230440005200283,Urbana,0,Cambeba,514,184.0,514.0,5531.99,3000.0,184.0,14.0,0.0,179.0,182.0
230440005200284,Urbana,0,Cambeba,184,61.0,184.0,6424.7,4750.0,61.0,,3.0,61.0,61.0
230440005200285,Urbana,1,Cambeba,312,109.0,312.0,1167.23,1212.0,109.0,6.0,0.0,106.0,109.0
230440005200286,Urbana,0,Cambeba,771,284.0,771.0,5024.87,3000.0,284.0,47.0,7.0,235.0,284.0
230440005200287,Urbana,0,José de Alencar,1019,315.0,1019.0,10484.8,6500.0,315.0,36.0,13.0,272.0,311.0
230440005200288,Urbana,0,José de Alencar,1110,331.0,1072.0,4975.52,2500.0,331.0,31.0,10.0,277.0,329.0
230440005200289,Urbana,0,José de Alencar,573,199.0,573.0,9542.72,6100.0,199.0,25.0,3.0,150.0,199.0
230440005200290,Urbana,0,José de Alencar,967,298.0,967.0,10519.74,9000.0,298.0,49.0,7.0,228.0,298.0
230440005200291,Urbana,0,José de Alencar,745,270.0,745.0,2928.23,1350.0,270.0,5.0,8.0,244.0,270.0
230440005200292,Urbana,0,José de Alencar,528,184.0,528.0,1221.81,1212.0,184.0,5.0,0.0,184.0,184.0
230440005200293,Urbana,0,José de Alencar,436,157.0,436.0,7054.94,4400.0,157.0,22.0,3.0,85.0,157.0
230440005200294,Urbana,1,Curió,707,249.0,707.0,1026.86,1200.0,249.0,,0.0,238.0,196.0
230440005200295,Urbana,1,Curió,482,162.0,482.0,1358.56,1212.0,162.0,32.0,5.0,161.0,162.0
230440005200296,Urbana,1,Curió,678,249.0,678.0,1204.92,1212.0,249.0,6.0,0.0,248.0,228.0
230440005200297,Urbana,0,Curió,163,61.0,163.0,10167.87,8500.0,61.0,6.0,,57.0,57.0
230440005200298,Urbana,1,Curió,610,208.0,610.0,983.39,1200.0,208.0,3.0,0.0,203.0,206.0
230440005200299,Urbana,1,Curió,414,141.0,414.0,1037.02,1212.0,141.0,,0.0,141.0,140.0
230440005200300,Urbana,0,Parque Manibura,742,266.0,742.0,4416.99,2424.0,266.0,40.0,3.0,249.0,264.0
230440005200301,Urbana,0,Parque Manibura,361,134.0,361.0,2232.0,1200.0,134.0,83.0,6.0,127.0,134.0
230440005200302,Urbana,1,Jardim das Oliveiras,124,37.0,124.0,1459.76,1200.0,37.0,35.0,0.0,36.0,37.0
230440005200303,Urbana,0,Jardim das Oliveiras,704,265.0,704.0,2972.02,1800.0,265.0,229.0,12.0,249.0,265.0
230440005200304,Urbana,0,Jardim das Oliveiras,123,42.0,123.0,4585.85,4000.0,42.0,35.0,3.0,40.0,42.0
230440005200305,Urbana,0,Jardim das Oliveiras,358,109.0,336.0,4739.63,3000.0,109.0,87.0,16.0,103.0,109.0
230440005200306,Urbana,0,Parque Manibura,200,63.0,200.0,8313.7,4700.0,63.0,12.0,,56.0,63.0
230440005200307,Urbana,0,Parque Manibura,60,21.0,60.0,7969.11,5500.0,21.0,,,17.0,21.0
230440005200308,Urbana,1,Parque Manibura,364,118.0,364.0,1305.82,1220.0,118.0,59.0,,117.0,118.0
230440005200309,Urbana,0,José de Alencar,109,36.0,109.0,3439.87,1400.0,36.0,4.0,0.0,36.0,36.0
230440005200310,Urbana,1,José de Alencar,214,69.0,214.0,1016.09,1212.0,69.0,8.0,0.0,68.0,69.0
230440005200311,Urbana,0,José de Alencar,367,119.0,367.0,1384.16,1212.0,119.0,90.0,25.0,119.0,116.0
230440005200312,Urbana,0,José de Alencar,286,86.0,286.0,10923.12,10000.0,86.0,31.0,5.0,59.0,86.0
230440005200313,Urbana,1,José de Alencar,165,56.0,165.0,1113.14,1212.0,56.0,6.0,0.0,54.0,56.0
230440005200314,Urbana,0,José de Alencar,372,135.0,372.0,4289.72,2000.0,135.0,111.0,5.0,124.0,135.0
230440005200315,Urbana,1,Jardim das Oliveiras,332,127.0,332.0,1224.62,1212.0,127.0,74.0,,122.0,127.0
230440005200316,Urbana,0,Jardim das Oliveiras,278,95.0,278.0,1850.55,1200.0,95.0,93.0,,86.0,95.0
230440005200317,Urbana,4,Cidade dos Funcionários,0,,,,,,,,,
230440005200318,Urbana,0,José de Alencar,839,279.0,839.0,2070.1,1212.0,279.0,29.0,0.0,272.0,277.0
230440005200319,Urbana,1,Jardim das Oliveiras,60,23.0,60.0,1577.45,1212.0,23.0,20.0,,22.0,23.0
230440005200320,Urbana,0,Cidade dos Funcionários,508,181.0,508.0,5491.97,3500.0,181.0,175.0,0.0,155.0,181.0
230440005200321,Urbana,0,Cidade dos Funcionários,752,278.0,752.0,6195.39,4500.0,278.0,270.0,0.0,179.0,278.0
230440005200322,Urbana,0,Cidade dos Funcionários,661,227.0,652.0,4260.57,2500.0,227.0,141.0,10.0,224.0,227.0
230440005200323,Urbana,4,Cidade dos Funcionários,26,7.0,26.0,1324.0,1216.0,7.0,7.0,0.0,7.0,7.0
230440005200324,Urbana,1,Cidade dos Funcionários,296,106.0,296.0,1290.92,1212.0,106.0,36.0,,101.0,105.0
230440005200325,Urbana,0,Cidade dos Funcionários,306,115.0,306.0,4780.18,4000.0,115.0,115.0,0.0,115.0,115.0
230440005200326,Urbana,0,Cidade dos Funcionários,436,168.0,436.0,6137.98,4000.0,168.0,151.0,15.0,122.0,168.0
230440005200327,Urbana,0,Cidade dos Funcionários,646,218.0,646.0,6168.51,5000.0,218.0,193.0,,207.0,218.0
230440005200328,Urbana,0,Cidade dos Funcionários,748,251.0,748.0,6150.89,4500.0,251.0,219.0,4.0,242.0,251.0
230440005200329,Urbana,0,Cidade dos Funcionários,635,207.0,635.0,8045.63,5000.0,207.0,200.0,,204.0,206.0
230440005200330,Urbana,0,Cidade dos Funcionários,741,305.0,720.0,5446.32,4000.0,305.0,132.0,9.0,303.0,304.0
230440005200331,Urbana,0,Cidade dos Funcionários,605,236.0,605.0,4023.82,2200.0,236.0,103.0,0.0,212.0,236.0
230440005200332,Urbana,0,Cidade dos Funcionários,681,219.0,681.0,8687.94,5000.0,219.0,12.0,,211.0,219.0
230440005200333,Urbana,0,Cidade dos Funcionários,596,222.0,596.0,5091.13,3500.0,222.0,13.0,0.0,216.0,222.0
230440005200334,Urbana,0,Cidade dos Funcionários,623,215.0,623.0,5711.6,4350.0,215.0,83.0,,197.0,215.0
230440005200335,Urbana,0,Cidade dos Funcionários,725,280.0,725.0,3873.04,3200.0,280.0,269.0,3.0,273.0,279.0
230440005200336,Urbana,0,Parque Manibura,645,211.0,645.0,4221.54,2500.0,211.0,96.0,7.0,210.0,211.0
230440005200337,Urbana,0,Parque Manibura,526,165.0,526.0,5031.17,3000.0,165.0,62.0,0.0,162.0,165.0
230440005200338,Urbana,0,Parque Manibura,504,178.0,504.0,5569.44,4000.0,178.0,53.0,,171.0,178.0
230440005200339,Urbana,0,Parque Manibura,861,307.0,861.0,6468.89,4500.0,307.0,25.0,7.0,256.0,307.0
230440005200340,Urbana,1,Jardim das Oliveiras,412,141.0,412.0,1473.86,1200.0,141.0,130.0,0.0,141.0,141.0
230440005200341,Urbana,1,Jardim das Oliveiras,359,118.0,359.0,1190.05,1212.0,118.0,107.0,0.0,115.0,118.0
230440005200342,Urbana,1,Jardim das Oliveiras,0,,,,,,,,,
230440005200343,Urbana,1,Jardim das Oliveiras,784,243.0,767.0,1434.97,1200.0,243.0,238.0,0.0,243.0,241.0
230440005200344,Urbana,1,Jardim das Oliveiras,649,214.0,649.0,1945.11,1212.0,214.0,198.0,0.0,211.0,214.0
230440005200345,Urbana,1,Jardim das Oliveiras,532,204.0,532.0,1930.72,1237.5,204.0,204.0,0.0,204.0,204.0
230440005200346,Urbana,1,Jardim das Oliveiras,1078,375.0,1078.0,1116.04,1200.0,375.0,374.0,0.0,370.0,375.0
230440005200347,Urbana,1,Jardim das Oliveiras,1032,351.0,1032.0,1376.03,1212.0,351.0,342.0,5.0,350.0,351.0
230440005200348,Urbana,1,Jardim das Oliveiras,369,158.0,369.0,1017.62,700.0,158.0,3.0,0.0,157.0,117.0
230440005200349,Urbana,0,Jardim das Oliveiras,526,188.0,526.0,2133.57,1212.0,188.0,180.0,0.0,184.0,187.0
230440005200350,Urbana,0,Jardim das Oliveiras,830,270.0,830.0,1459.67,1212.0,270.0,256.0,0.0,264.0,269.0
230440005200351,Urbana,0,Jardim das Oliveiras,1014,333.0,1014.0,1255.63,1200.0,333.0,321.0,,328.0,333.0
230440005200352,Urbana,0,Jardim das Oliveiras,769,273.0,769.0,1336.54,1212.0,273.0,251.0,0.0,273.0,273.0
230440005200353,Urbana,0,Jardim das Oliveiras,869,270.0,869.0,1564.55,1200.0,270.0,259.0,4.0,268.0,270.0
230440005200355,Urbana,0,Jardim das Oliveiras,722,256.0,722.0,1886.92,1212.0,256.0,236.0,0.0,251.0,256.0
230440005200356,Urbana,0,Jardim das Oliveiras,703,245.0,703.0,2021.5,1212.0,245.0,213.0,13.0,239.0,245.0
230440005200357,Urbana,0,Jardim das Oliveiras,596,218.0,585.0,2632.68,1700.0,218.0,203.0,3.0,211.0,218.0
230440005200358,Urbana,0,Jardim das Oliveiras,598,207.0,598.0,3110.78,2000.0,207.0,200.0,,204.0,207.0
230440005200359,Urbana,0,Jardim das Oliveiras,723,279.0,723.0,2453.18,1212.0,279.0,263.0,,269.0,279.0
230440005200360,Urbana,0,Jardim das Oliveiras,686,224.0,686.0,1653.66,1200.0,224.0,216.0,0.0,221.0,224.0
230440005200361,Urbana,1,Jardim das Oliveiras,707,243.0,707.0,1752.89,1200.0,243.0,240.0,0.0,243.0,241.0
230440005200362,Urbana,1,Jardim das Oliveiras,885,303.0,885.0,1473.14,1212.0,303.0,296.0,0.0,301.0,303.0
230440005200363,Urbana,0,Jardim das Oliveiras,631,209.0,631.0,1281.72,1212.0,209.0,208.0,0.0,209.0,209.0
230440005200365,Urbana,4,Jardim das Oliveiras,0,,,,,,,,,
230440005200368,Urbana,0,Cambeba,929,295.0,917.0,7058.93,5000.0,295.0,48.0,21.0,277.0,295.0
230440005200369,Urbana,0,José de Alencar,1007,324.0,1007.0,5793.09,1600.0,324.0,11.0,28.0,251.0,322.0
230440005200370,Urbana,0,José de Alencar,324,130.0,324.0,7454.39,3700.0,130.0,7.0,,16.0,130.0
230440005200371,Urbana,0,José de Alencar,739,225.0,739.0,9588.05,7000.0,225.0,4.0,5.0,216.0,225.0
230440005200372,Urbana,0,José de Alencar,738,250.0,738.0,3263.46,1256.0,250.0,3.0,,235.0,249.0
230440005200373,Urbana,0,José de Alencar,502,168.0,502.0,2010.71,1200.0,168.0,,,162.0,166.0
230440005200374,Urbana,0,José de Alencar,508,190.0,508.0,1440.7,1212.0,190.0,,,190.0,190.0
230440005200375,Urbana,0,José de Alencar,244,94.0,244.0,6487.12,5000.0,94.0,,22.0,56.0,94.0
230440005200376,Urbana,1,José de Alencar,757,252.0,757.0,1125.57,1212.0,252.0,5.0,0.0,250.0,203.0
230440005200377,Urbana,1,Curió,189,70.0,189.0,1030.59,1212.0,70.0,3.0,,60.0,70.0
230440005200378,Urbana,4,Cidade dos Funcionários,12,,,,,,,,,
230440005200379,Urbana,0,Cidade dos Funcionários,558,205.0,558.0,5028.12,3500.0,205.0,179.0,,200.0,204.0
230440005200380,Urbana,0,Cidade dos Funcionários,611,234.0,611.0,5362.91,4000.0,234.0,158.0,,231.0,234.0
230440005200381,Urbana,1,Cidade dos Funcionários,633,235.0,633.0,1449.39,1212.0,235.0,69.0,0.0,233.0,235.0
230440005200382,Urbana,0,Cidade dos Funcionários,342,153.0,342.0,3267.31,2500.0,153.0,147.0,0.0,151.0,153.0
230440005200383,Urbana,0,Cidade dos Funcionários,481,185.0,481.0,4986.85,4000.0,185.0,12.0,0.0,24.0,185.0
230440005200384,Urbana,0,Cidade dos Funcionários,406,133.0,406.0,6233.76,6000.0,133.0,127.0,,126.0,133.0
230440005200385,Urbana,0,Cidade dos Funcionários,498,179.0,498.0,4859.39,3000.0,179.0,4.0,8.0,136.0,178.0
230440005200386,Urbana,0,Cidade dos Funcionários,748,243.0,748.0,7118.37,6000.0,243.0,229.0,,239.0,242.0
230440005200387,Urbana,0,Parque Manibura,745,231.0,745.0,7887.18,6000.0,231.0,138.0,3.0,220.0,231.0
230440005200388,Urbana,0,Parque Manibura,930,322.0,930.0,5278.4,3000.0,322.0,49.0,,307.0,322.0
230440005200389,Urbana,1,Jardim das Oliveiras,0,,,,,,,,,
230440005200390,Urbana,0,Jardim das Oliveiras,750,280.0,750.0,1299.62,1212.0,280.0,242.0,,279.0,280.0
230440005200391,Urbana,1,Jardim das Oliveiras,769,248.0,769.0,1371.82,1212.0,248.0,245.0,0.0,244.0,248.0
230440005200392,Urbana,1,Jardim das Oliveiras,435,144.0,435.0,1525.58,1212.0,144.0,142.0,0.0,144.0,144.0
230440005200393,Urbana,0,Jardim das Oliveiras,450,165.0,450.0,1493.53,1300.0,165.0,163.0,,164.0,164.0
230440005200394,Urbana,0,Jardim das Oliveiras,818,311.0,818.0,1559.48,1212.0,311.0,295.0,0.0,298.0,311.0
230440005200395,Urbana,0,Jardim das Oliveiras,511,194.0,511.0,1946.6,1212.0,194.0,174.0,,188.0,194.0
230440005200396,Urbana,0,Jardim das Oliveiras,837,287.0,837.0,2019.24,1212.0,287.0,259.0,,282.0,287.0
230440005200397,Urbana,0,Jardim das Oliveiras,1066,356.0,1063.0,1338.63,1200.0,356.0,351.0,,355.0,356.0
230440005200398,Urbana,0,Jardim das Oliveiras,707,245.0,707.0,5518.39,4000.0,245.0,207.0,0.0,226.0,244.0
230440005200399,Urbana,0,Jardim das Oliveiras,888,308.0,888.0,1426.1,1220.0,308.0,300.0,5.0,308.0,308.0
230440005200400,Urbana,1,Jardim das Oliveiras,553,183.0,553.0,1394.72,1212.0,183.0,177.0,4.0,181.0,183.0
230440005200401,Urbana,4,Curió,2,,,,,,,,,
230440005200402,Urbana,1,José de Alencar,339,116.0,339.0,1240.24,950.0,116.0,0.0,0.0,112.0,113.0
230440005200403,Urbana,1,Cambeba,45,18.0,45.0,1572.89,1000.0,18.0,0.0,,18.0,11.0
230440005200404,Urbana,0,Cambeba,157,69.0,157.0,5091.94,2500.0,69.0,,,35.0,69.0
230440005200405,Urbana,1,Cambeba,220,73.0,220.0,1709.01,1212.0,73.0,,0.0,70.0,73.0
230440005200406,Urbana,1,Cambeba,81,30.0,81.0,1651.61,1350.0,30.0,0.0,0.0,28.0,30.0
230440005200408,Urbana,1,José de Alencar,43,16.0,43.0,1935.13,1212.0,16.0,0.0,,15.0,16.0
230440005200410,Urbana,1,José de Alencar,154,48.0,154.0,1355.96,1212.0,48.0,3.0,0.0,47.0,48.0
230440005200411,Urbana,1,José de Alencar,72,22.0,72.0,1116.45,1206.0,22.0,0.0,,21.0,20.0
230440005200412,Urbana,0,José de Alencar,65,26.0,65.0,4458.15,4100.0,26.0,,0.0,23.0,26.0
230440005200413,Urbana,1,José de Alencar,212,73.0,212.0,1060.41,1212.0,73.0,0.0,,73.0,73.0
230440005200414,Urbana,1,José de Alencar,30,8.0,30.0,1745.0,2000.0,8.0,0.0,0.0,8.0,7.0
230440005200415,Urbana,0,Curió,474,168.0,474.0,4089.8,2400.0,168.0,5.0,,144.0,168.0
230440005200416,Urbana,1,José de Alencar,150,50.0,150.0,1064.56,950.0,50.0,,0.0,48.0,50.0
230440005200417,Urbana,1,José de Alencar,73,27.0,73.0,1079.15,1212.0,27.0,0.0,0.0,27.0,27.0
230440005200419,Urbana,1,Cambeba,436,153.0,436.0,1518.34,1212.0,153.0,,9.0,144.0,153.0
230440005200420,Urbana,1,José de Alencar,553,194.0,553.0,1504.09,1212.0,194.0,7.0,6.0,184.0,192.0
230440005200421,Urbana,0,Cambeba,451,201.0,451.0,25482.18,7750.0,201.0,199.0,,201.0,199.0
230440005200422,Urbana,0,Cambeba,505,206.0,505.0,7516.59,5000.0,206.0,206.0,0.0,206.0,205.0
230440005200423,Urbana,0,Cambeba,452,160.0,452.0,9199.46,6000.0,160.0,160.0,0.0,160.0,160.0
230440005200424,Urbana,0,Cambeba,302,129.0,302.0,7962.12,7000.0,129.0,123.0,3.0,127.0,128.0
230440005200425,Urbana,0,Cambeba,433,152.0,433.0,4230.2,2000.0,152.0,12.0,0.0,131.0,152.0
230440005200426,Urbana,0,José de Alencar,291,81.0,291.0,4294.23,3350.0,81.0,,,70.0,81.0
230440005200427,Urbana,1,Jardim das Oliveiras,684,226.0,684.0,1380.47,1212.0,226.0,136.0,60.0,221.0,224.0
230440005200428,Urbana,0,Curió,91,29.0,91.0,4128.0,3300.0,29.0,4.0,0.0,22.0,29.0
230440005200429,Urbana,0,Cambeba,604,266.0,604.0,6920.8,6000.0,266.0,33.0,4.0,261.0,263.0
230440005200430,Urbana,0,Cambeba,325,106.0,325.0,13894.3,10200.0,106.0,13.0,8.0,105.0,106.0
230440005200431,Urbana,1,Cidade dos Funcionários,510,180.0,507.0,1410.38,1212.0,180.0,79.0,0.0,176.0,179.0
230440005200432,Urbana,0,Curió,169,47.0,169.0,2698.56,1212.0,47.0,4.0,0.0,44.0,47.0
230440005200433,Urbana,0,Curió,123,41.0,123.0,8102.74,6595.0,41.0,0.0,0.0,40.0,41.0
230440005200434,Urbana,1,Cidade dos Funcionários,213,79.0,213.0,1119.45,1212.0,79.0,17.0,0.0,78.0,79.0
230440005200435,Urbana,1,Curió,125,51.0,125.0,1418.98,1212.0,51.0,,0.0,50.0,51.0
230440005200436,Urbana,0,Curió,511,191.0,511.0,2881.27,1700.0,191.0,10.0,36.0,186.0,191.0
230440005200438,Urbana,1,Cidade dos Funcionários,844,298.0,844.0,1205.32,1212.0,298.0,121.0,,196.0,297.0
230440005200439,Urbana,4,Cidade dos Funcionários,0,,,,,,,,,
230440005200441,Urbana,1,Curió,1051,378.0,1051.0,1056.41,1212.0,378.0,4.0,6.0,334.0,331.0
230440005200442,Urbana,0,Curió,87,35.0,87.0,5509.03,5000.0,35.0,0.0,0.0,24.0,35.0
230440005200443,Urbana,4,Curió,0,,,,,,,,,
230440005200444,Urbana,0,Curió,41,16.0,41.0,3376.54,4000.0,16.0,,0.0,16.0,16.0
230440005200445,Urbana,1,Curió,212,82.0,212.0,1317.61,1212.0,82.0,0.0,,80.0,82.0
230440005200446,Urbana,0,Curió,388,151.0,388.0,2508.81,1320.0,151.0,58.0,39.0,130.0,151.0
230440005200447,Urbana,4,Cambeba,0,,,,,,,,,
230440005200448,Urbana,0,Cambeba,782,240.0,782.0,6882.11,5000.0,240.0,10.0,0.0,220.0,240.0
230440005200449,Urbana,0,Cidade dos Funcionários,645,227.0,645.0,2035.07,1212.0,227.0,216.0,,220.0,226.0
230440005200450,Urbana,1,José de Alencar,120,41.0,120.0,1169.19,1212.0,41.0,5.0,0.0,41.0,41.0
230440005200451,Urbana,0,Jardim das Oliveiras,430,143.0,430.0,1347.25,1212.0,143.0,111.0,13.0,135.0,143.0
230440005200452,Urbana,4,Jardim das Oliveiras,0,,,,,,,,,
230440005210001,Urbana,0,Pedras,772,273.0,772.0,1483.69,1212.0,273.0,11.0,,260.0,271.0
230440005210002,Urbana,0,Pedras,897,306.0,897.0,2777.42,2000.0,306.0,,,306.0,305.0
230440005210003,Urbana,0,Pedras,307,109.0,307.0,2573.04,2000.0,109.0,3.0,0.0,109.0,109.0
230440005210004,Urbana,0,Pedras,197,62.0,197.0,1768.97,1212.0,62.0,6.0,9.0,61.0,61.0
230440005210005,Urbana,0,Pedras,676,237.0,676.0,1264.45,1300.0,237.0,184.0,0.0,236.0,236.0
230440005210006,Urbana,0,Pedras,211,75.0,211.0,1611.79,1212.0,75.0,7.0,,63.0,75.0
230440005210007,Urbana,1,Barroso,459,155.0,459.0,1154.4,1200.0,155.0,79.0,32.0,145.0,155.0
230440005210008,Urbana,0,Barroso,618,196.0,618.0,1355.82,1200.0,196.0,144.0,44.0,194.0,196.0
230440005210009,Urbana,1,Barroso,197,72.0,197.0,1080.72,1200.0,72.0,15.0,0.0,72.0,72.0
230440005210010,Urbana,0,Barroso,599,193.0,599.0,2769.23,1800.0,193.0,37.0,7.0,180.0,188.0
230440005210011,Urbana,0,Barroso,732,239.0,732.0,1390.56,1200.0,239.0,231.0,,236.0,239.0
230440005210012,Urbana,0,Barroso,202,59.0,202.0,2314.53,1500.0,59.0,5.0,6.0,49.0,59.0
230440005210013,Urbana,1,Barroso,796,240.0,796.0,1231.21,1212.0,240.0,32.0,64.0,230.0,240.0
230440005210014,Urbana,0,Barroso,435,158.0,435.0,5590.32,4500.0,158.0,100.0,23.0,141.0,157.0
230440005210015,Urbana,1,Jangurussu,163,52.0,163.0,1989.83,1750.0,52.0,44.0,6.0,52.0,52.0
230440005210016,Urbana,0,Jangurussu,468,168.0,468.0,1890.43,1285.0,168.0,161.0,,167.0,168.0
230440005210017,Urbana,1,Jangurussu,283,96.0,283.0,1280.71,1212.0,96.0,54.0,4.0,95.0,95.0
230440005210018,Urbana,0,Jangurussu,497,167.0,495.0,1681.47,1222.0,167.0,118.0,6.0,165.0,167.0
230440005210019,Urbana,1,Jangurussu,162,57.0,162.0,945.96,1212.0,57.0,15.0,,54.0,57.0
230440005210020,Urbana,0,Jangurussu,562,205.0,562.0,2108.35,1212.0,205.0,27.0,27.0,191.0,204.0
230440005210021,Urbana,1,Jangurussu,72,29.0,72.0,1089.31,1245.0,29.0,,0.0,29.0,29.0
230440005210022,Urbana,0,Jangurussu,85,30.0,85.0,1463.2,1212.0,30.0,0.0,0.0,30.0,30.0
230440005210023,Urbana,0,Jangurussu,954,304.0,954.0,1354.63,1212.0,304.0,4.0,,294.0,304.0
230440005210024,Urbana,1,Jangurussu,92,30.0,92.0,1767.83,1245.0,30.0,0.0,0.0,29.0,30.0
230440005210025,Urbana,0,Jangurussu,464,155.0,464.0,1690.62,1212.0,155.0,0.0,10.0,150.0,155.0
230440005210026,Urbana,1,Conjunto Palmeiras,348,99.0,348.0,1034.75,1200.0,99.0,12.0,0.0,94.0,96.0
230440005210027,Urbana,0,Conjunto Palmeiras,264,77.0,264.0,1114.94,1200.0,77.0,77.0,0.0,77.0,77.0
230440005210028,Urbana,1,Jangurussu,480,164.0,480.0,1519.03,1212.0,164.0,33.0,0.0,164.0,164.0
230440005210029,Urbana,0,Jangurussu,282,93.0,272.0,1128.05,1200.0,93.0,17.0,0.0,93.0,93.0
230440005210030,Urbana,0,Jangurussu,1011,377.0,1011.0,1441.21,1212.0,377.0,376.0,0.0,377.0,377.0
230440005210031,Urbana,1,Parque Santa Maria,366,124.0,365.0,1405.42,1212.0,124.0,6.0,,122.0,124.0
230440005210032,Urbana,1,Parque Santa Maria,231,84.0,231.0,1282.61,1200.0,84.0,21.0,0.0,84.0,84.0
230440005210033,Urbana,0,Parque Santa Maria,517,185.0,517.0,1972.13,1212.0,185.0,13.0,4.0,180.0,184.0
230440005210034,Urbana,1,Ancuri,560,197.0,560.0,1439.74,1212.0,197.0,142.0,27.0,195.0,197.0
230440005210035,Urbana,0,Ancuri,340,112.0,340.0,1392.22,1200.0,112.0,95.0,0.0,110.0,112.0
230440005210037,Urbana,0,Ancuri,771,256.0,771.0,1559.11,1300.0,256.0,,0.0,252.0,255.0
230440005210039,Urbana,4,Ancuri,22,6.0,22.0,9804.0,1900.0,6.0,,0.0,6.0,6.0
230440005210040,Urbana,0,Ancuri,276,88.0,276.0,1374.97,1200.0,88.0,87.0,0.0,87.0,88.0
230440005210041,Urbana,0,Parque Santa Maria,163,60.0,163.0,1454.25,1202.0,60.0,17.0,0.0,59.0,59.0
230440005210042,Urbana,0,Parque Santa Maria,228,73.0,220.0,1466.69,1212.0,73.0,6.0,,73.0,72.0
230440005210043,Urbana,1,Parque Santa Maria,646,236.0,646.0,1172.77,1212.0,236.0,6.0,,235.0,236.0
230440005210044,Urbana,0,Parque Santa Maria,473,212.0,473.0,2745.08,2000.0,212.0,128.0,31.0,200.0,212.0
230440005210045,Urbana,0,Parque Santa Maria,951,390.0,951.0,2801.79,2000.0,390.0,338.0,3.0,387.0,334.0
230440005210046,Urbana,0,Parque Santa Maria,825,290.0,823.0,2220.38,1212.0,290.0,26.0,0.0,277.0,289.0
230440005210047,Urbana,1,Parque Santa Maria,400,136.0,400.0,1270.58,1212.0,136.0,39.0,15.0,135.0,133.0
230440005210048,Urbana,0,Parque Santa Maria,903,326.0,903.0,1580.47,1212.0,326.0,25.0,,323.0,326.0
230440005210049,Urbana,1,Parque Santa Maria,380,138.0,380.0,1226.71,1202.0,138.0,36.0,,136.0,137.0
230440005210050,Urbana,0,Parque Santa Maria,781,277.0,781.0,1458.61,1300.0,277.0,5.0,11.0,262.0,276.0
230440005210051,Urbana,1,Ancuri,203,66.0,203.0,1077.16,1200.0,66.0,63.0,0.0,65.0,66.0
230440005210052,Urbana,0,Ancuri,1208,427.0,1208.0,1501.35,1212.0,427.0,57.0,8.0,418.0,427.0
230440005210053,Urbana,4,Ancuri,0,,,,,,,,,
230440005210054,Urbana,0,Ancuri,1577,528.0,1577.0,1276.86,1200.0,528.0,443.0,0.0,513.0,513.0
230440005210055,Urbana,0,Jangurussu,857,296.0,857.0,1686.24,1212.0,296.0,230.0,,295.0,296.0
230440005210056,Urbana,0,Jangurussu,64,22.0,64.0,3181.13,2000.0,22.0,22.0,0.0,21.0,22.0
230440005210057,Urbana,0,Jangurussu,819,282.0,819.0,2751.8,2000.0,282.0,276.0,0.0,280.0,282.0
230440005210058,Urbana,0,Jangurussu,848,280.0,848.0,2568.29,1300.0,280.0,146.0,7.0,267.0,278.0
230440005210059,Urbana,0,Conjunto Palmeiras,361,117.0,361.0,1620.86,1200.0,117.0,98.0,0.0,115.0,101.0
230440005210060,Urbana,0,Conjunto Palmeiras,663,208.0,663.0,1964.08,1500.0,208.0,178.0,,204.0,206.0
230440005210061,Urbana,0,Conjunto Palmeiras,1009,320.0,1009.0,1725.73,1500.0,320.0,308.0,3.0,318.0,320.0
230440005210062,Urbana,0,Conjunto Palmeiras,904,302.0,904.0,1652.87,1300.0,302.0,298.0,0.0,300.0,301.0
230440005210063,Urbana,0,Conjunto Palmeiras,558,183.0,558.0,1482.63,1212.0,183.0,169.0,,181.0,182.0
230440005210064,Urbana,0,Conjunto Palmeiras,523,173.0,523.0,1184.93,1200.0,173.0,134.0,21.0,167.0,173.0
230440005210065,Urbana,1,Conjunto Palmeiras,1386,463.0,1386.0,1270.32,1212.0,463.0,43.0,,458.0,463.0
230440005210066,Urbana,0,Jangurussu,1041,344.0,1040.0,1562.66,1212.0,344.0,293.0,38.0,342.0,344.0
230440005210067,Urbana,0,Jangurussu,1150,374.0,1150.0,1552.83,1212.0,374.0,361.0,6.0,371.0,374.0
230440005210068,Urbana,0,Jangurussu,1026,340.0,1026.0,2148.21,1300.0,340.0,330.0,,338.0,340.0
230440005210069,Urbana,0,Jangurussu,941,307.0,941.0,1968.99,1212.0,307.0,286.0,20.0,307.0,307.0
230440005210070,Urbana,0,Jangurussu,771,267.0,771.0,1920.99,1212.0,267.0,242.0,8.0,266.0,267.0
230440005210071,Urbana,0,Jangurussu,1020,346.0,1020.0,1724.38,1212.0,346.0,330.0,,340.0,344.0
230440005210072,Urbana,0,Jangurussu,1050,359.0,1050.0,1908.97,1212.0,359.0,322.0,9.0,358.0,359.0
230440005210073,Urbana,1,Jangurussu,681,233.0,681.0,1082.01,1200.0,233.0,7.0,6.0,227.0,233.0
230440005210074,Urbana,0,Jangurussu,919,319.0,919.0,2480.71,1500.0,319.0,265.0,22.0,308.0,319.0
230440005210075,Urbana,0,Jangurussu,428,149.0,428.0,2741.57,1800.0,149.0,,0.0,135.0,149.0
230440005210076,Urbana,0,Jangurussu,896,342.0,896.0,1674.9,1212.0,342.0,72.0,11.0,337.0,342.0
230440005210077,Urbana,0,Jangurussu,1019,359.0,1019.0,1829.71,1320.0,359.0,334.0,,358.0,359.0
230440005210078,Urbana,0,Jangurussu,1250,410.0,1250.0,2124.81,1300.0,410.0,354.0,15.0,408.0,408.0
230440005210079,Urbana,0,Jangurussu,1134,380.0,1134.0,1963.16,1300.0,380.0,346.0,6.0,374.0,380.0
230440005210080,Urbana,0,Jangurussu,1093,382.0,1093.0,1844.35,1300.0,382.0,351.0,6.0,375.0,381.0
230440005210081,Urbana,0,Conjunto Palmeiras,839,239.0,833.0,1372.91,1212.0,239.0,238.0,,238.0,239.0
230440005210082,Urbana,0,Conjunto Palmeiras,1172,384.0,1172.0,1629.38,1212.0,384.0,346.0,31.0,375.0,384.0
230440005210083,Urbana,0,Conjunto Palmeiras,844,278.0,844.0,1395.16,1212.0,278.0,180.0,36.0,273.0,278.0
230440005210084,Urbana,0,Conjunto Palmeiras,802,263.0,802.0,1718.42,1212.0,263.0,195.0,21.0,259.0,262.0
230440005210085,Urbana,0,Conjunto Palmeiras,1159,388.0,1159.0,1760.99,1221.0,388.0,368.0,10.0,388.0,388.0
230440005210086,Urbana,0,Conjunto Palmeiras,816,269.0,816.0,1626.12,1212.0,269.0,229.0,0.0,263.0,269.0
230440005210087,Urbana,1,Conjunto Palmeiras,1321,405.0,1321.0,1232.3,1212.0,405.0,337.0,3.0,376.0,403.0
230440005210088,Urbana,1,Conjunto Palmeiras,665,225.0,665.0,1061.72,1212.0,225.0,89.0,78.0,219.0,225.0
230440005210089,Urbana,1,Conjunto Palmeiras,1147,393.0,1147.0,1173.3,1200.0,393.0,367.0,5.0,388.0,393.0
230440005210090,Urbana,1,Conjunto Palmeiras,1153,398.0,1153.0,1188.92,1212.0,398.0,232.0,,394.0,398.0
230440005210091,Urbana,1,Conjunto Palmeiras,880,298.0,880.0,1211.21,1212.0,298.0,227.0,20.0,295.0,297.0
230440005210092,Urbana,1,Conjunto Palmeiras,344,125.0,344.0,1055.2,1212.0,125.0,80.0,0.0,122.0,123.0
230440005210093,Urbana,0,Jangurussu,289,89.0,289.0,2341.33,1800.0,89.0,74.0,0.0,88.0,88.0
230440005210094,Urbana,1,Jangurussu,1443,470.0,1443.0,1016.63,600.0,470.0,321.0,8.0,461.0,466.0
230440005210095,Urbana,1,Jangurussu,866,292.0,866.0,1303.91,1000.0,292.0,92.0,3.0,267.0,289.0
230440005210096,Urbana,0,Jangurussu,846,290.0,846.0,2501.99,2000.0,290.0,268.0,7.0,286.0,289.0
230440005210097,Urbana,0,Jangurussu,1024,369.0,1024.0,1689.62,1212.0,369.0,303.0,17.0,364.0,369.0
230440005210098,Urbana,1,Jangurussu,534,171.0,534.0,1434.19,1200.0,171.0,158.0,,170.0,169.0
230440005210099,Urbana,0,Jangurussu,685,235.0,685.0,1920.68,1200.0,235.0,230.0,,221.0,235.0
230440005210100,Urbana,0,Jangurussu,716,211.0,716.0,1499.68,1212.0,211.0,28.0,0.0,199.0,210.0
230440005210101,Urbana,1,Jangurussu,137,41.0,137.0,1052.59,1212.0,41.0,6.0,,40.0,41.0
230440005210102,Urbana,0,Jangurussu,185,65.0,185.0,2076.32,1245.0,65.0,,0.0,65.0,65.0
230440005210103,Urbana,0,Jangurussu,395,131.0,395.0,1453.74,1200.0,131.0,5.0,0.0,126.0,131.0
230440005210104,Urbana,0,Jangurussu,1338,474.0,1338.0,1873.04,1212.0,474.0,279.0,41.0,428.0,474.0
230440005210105,Urbana,0,Conjunto Palmeiras,762,194.0,761.0,1178.39,1200.0,194.0,191.0,,188.0,193.0
230440005210106,Urbana,0,Conjunto Palmeiras,726,244.0,721.0,1466.73,1212.0,244.0,237.0,0.0,239.0,244.0
230440005210107,Urbana,0,Conjunto Palmeiras,938,334.0,938.0,1102.06,1200.0,334.0,292.0,6.0,330.0,334.0
230440005210108,Urbana,0,Conjunto Palmeiras,953,348.0,953.0,1192.65,1200.0,348.0,273.0,16.0,346.0,348.0
230440005210109,Urbana,0,Conjunto Palmeiras,929,301.0,929.0,1010.88,800.0,301.0,120.0,11.0,266.0,263.0
230440005210110,Urbana,0,Barroso,773,283.0,773.0,1671.82,1212.0,283.0,145.0,,283.0,283.0
230440005210111,Urbana,0,Barroso,856,280.0,856.0,1607.58,1200.0,280.0,15.0,,272.0,280.0
230440005210112,Urbana,4,Barroso,0,,,,,,,,,
230440005210113,Urbana,0,Barroso,1452,495.0,1452.0,1823.2,1212.0,495.0,158.0,7.0,483.0,494.0
230440005210114,Urbana,0,Barroso,362,114.0,357.0,1396.36,1212.0,114.0,0.0,0.0,113.0,114.0
230440005210115,Urbana,1,Barroso,603,215.0,603.0,892.27,600.0,215.0,16.0,4.0,215.0,215.0
230440005210116,Urbana,0,Barroso,758,257.0,758.0,2511.4,1800.0,257.0,7.0,,251.0,257.0
230440005210117,Urbana,0,Barroso,1133,421.0,1133.0,2041.32,1500.0,421.0,69.0,,405.0,421.0
230440005210118,Urbana,0,Barroso,251,93.0,251.0,2231.47,2200.0,93.0,88.0,0.0,93.0,93.0
230440005210119,Urbana,0,Barroso,859,294.0,859.0,1911.59,1200.0,294.0,290.0,,290.0,293.0
230440005210120,Urbana,1,Barroso,797,281.0,797.0,1112.99,1212.0,281.0,30.0,13.0,273.0,281.0
230440005210121,Urbana,1,Barroso,202,68.0,202.0,923.35,900.0,68.0,24.0,7.0,67.0,68.0
230440005210122,Urbana,0,Barroso,766,260.0,766.0,1407.27,1212.0,260.0,147.0,10.0,255.0,260.0
230440005210123,Urbana,0,Barroso,582,191.0,582.0,1173.51,1200.0,191.0,190.0,,189.0,191.0
230440005210124,Urbana,0,Barroso,580,229.0,580.0,1288.86,1202.0,229.0,228.0,0.0,228.0,229.0
230440005210125,Urbana,0,Cajazeiras,529,219.0,529.0,3272.58,2111.0,219.0,218.0,,219.0,219.0
230440005210126,Urbana,0,Cajazeiras,555,246.0,555.0,2110.39,1212.0,246.0,245.0,0.0,246.0,246.0
230440005210127,Urbana,0,Cajazeiras,1082,355.0,1076.0,6198.22,4000.0,355.0,117.0,13.0,332.0,355.0
230440005210128,Urbana,0,Cajazeiras,1110,403.0,1110.0,2762.77,1600.0,403.0,170.0,,402.0,392.0
230440005210129,Urbana,0,Cajazeiras,766,276.0,766.0,3490.78,2500.0,276.0,33.0,,276.0,276.0
230440005210130,Urbana,0,Cajazeiras,581,217.0,581.0,3319.66,2000.0,217.0,150.0,6.0,213.0,217.0
230440005210131,Urbana,0,Cajazeiras,778,298.0,778.0,1750.59,1212.0,298.0,33.0,6.0,298.0,298.0
230440005210132,Urbana,0,Cajazeiras,577,215.0,577.0,2556.67,2000.0,215.0,13.0,50.0,212.0,214.0
230440005210133,Urbana,0,Cajazeiras,642,279.0,642.0,3043.69,2400.0,279.0,268.0,0.0,279.0,279.0
230440005210134,Urbana,1,Pedras,309,104.0,309.0,1423.08,1212.0,104.0,11.0,3.0,102.0,104.0
230440005210135,Urbana,0,Jangurussu,532,208.0,532.0,1724.72,1500.0,208.0,200.0,,206.0,207.0
230440005210136,Urbana,0,Jangurussu,943,307.0,943.0,1495.82,1212.0,307.0,35.0,52.0,304.0,307.0
230440005210137,Urbana,0,Jangurussu,965,312.0,965.0,2458.16,1200.0,312.0,60.0,0.0,302.0,308.0
230440005210138,Urbana,0,Jangurussu,855,306.0,855.0,1575.81,1212.0,306.0,129.0,14.0,277.0,305.0
230440005210139,Urbana,0,Jangurussu,265,98.0,265.0,1561.81,1212.0,98.0,98.0,0.0,98.0,98.0
230440005210140,Urbana,0,Jangurussu,520,202.0,520.0,4100.46,3100.0,202.0,23.0,165.0,193.0,202.0
230440005210141,Urbana,0,Conjunto Palmeiras,474,149.0,474.0,1803.8,1200.0,149.0,127.0,16.0,146.0,149.0
230440005210142,Urbana,0,Conjunto Palmeiras,429,154.0,429.0,1205.59,1200.0,154.0,138.0,0.0,153.0,154.0
230440005210143,Urbana,0,Jangurussu,728,268.0,727.0,2095.49,1212.0,268.0,224.0,0.0,261.0,268.0
230440005210144,Urbana,0,Jangurussu,590,190.0,590.0,808.67,600.0,190.0,183.0,4.0,188.0,190.0
230440005210145,Urbana,0,Jangurussu,643,212.0,643.0,876.82,800.0,212.0,194.0,4.0,210.0,212.0
230440005210146,Urbana,0,Jangurussu,798,263.0,798.0,1014.32,1212.0,263.0,256.0,,262.0,263.0
230440005210147,Urbana,0,Jangurussu,413,149.0,413.0,1140.56,1200.0,149.0,129.0,3.0,148.0,148.0
230440005210148,Urbana,0,Pedras,291,103.0,291.0,1034.08,1000.0,103.0,72.0,,103.0,102.0
230440005210149,Urbana,0,Pedras,630,238.0,630.0,1334.96,1212.0,238.0,235.0,0.0,238.0,238.0
230440005210150,Urbana,0,Pedras,643,250.0,643.0,1253.61,1212.0,250.0,244.0,0.0,250.0,250.0
230440005210151,Urbana,0,Pedras,728,308.0,728.0,1125.74,1212.0,308.0,302.0,,308.0,308.0
230440005210152,Urbana,0,Pedras,578,214.0,578.0,1185.49,1212.0,214.0,184.0,0.0,213.0,214.0
230440005210153,Urbana,0,Pedras,786,351.0,786.0,1297.1,1300.0,351.0,333.0,12.0,351.0,351.0
230440005210154,Urbana,0,Pedras,760,289.0,760.0,1230.41,1212.0,289.0,175.0,74.0,289.0,289.0
230440005210155,Urbana,0,Pedras,334,127.0,334.0,4364.03,3500.0,127.0,126.0,0.0,127.0,127.0
230440005210156,Urbana,0,Pedras,776,275.0,776.0,964.79,600.0,275.0,275.0,0.0,275.0,275.0
230440005210157,Urbana,0,Pedras,336,154.0,336.0,3509.29,2800.0,154.0,154.0,0.0,154.0,154.0
230440005210158,Urbana,0,Pedras,396,138.0,396.0,3911.92,3000.0,138.0,131.0,,137.0,138.0
230440005210159,Urbana,1,Barroso,653,207.0,653.0,1239.01,1212.0,207.0,6.0,12.0,118.0,207.0
230440005210160,Urbana,0,Barroso,654,211.0,654.0,1532.78,1200.0,211.0,194.0,14.0,209.0,210.0
230440005210161,Urbana,1,Barroso,807,256.0,807.0,983.49,900.0,256.0,117.0,,251.0,256.0
230440005210162,Urbana,0,Barroso,477,158.0,477.0,1523.47,1200.0,158.0,153.0,5.0,158.0,158.0
230440005210163,Urbana,1,Conjunto Palmeiras,125,32.0,125.0,1319.0,1200.0,32.0,,0.0,32.0,32.0
230440005210164,Urbana,1,Conjunto Palmeiras,76,27.0,76.0,1384.24,1212.0,27.0,12.0,5.0,27.0,27.0
230440005210165,Urbana,1,Jangurussu,402,131.0,402.0,1182.98,1212.0,131.0,,0.0,129.0,130.0
230440005210167,Urbana,1,Jangurussu,195,63.0,195.0,1039.74,1200.0,63.0,9.0,7.0,61.0,62.0
230440005210168,Urbana,1,Ancuri,438,141.0,438.0,1256.39,1200.0,141.0,3.0,,141.0,138.0
230440005210169,Urbana,0,Ancuri,703,245.0,703.0,1450.98,1212.0,245.0,88.0,3.0,243.0,245.0
230440005210170,Urbana,1,Parque Santa Maria,204,67.0,204.0,1386.94,1212.0,67.0,6.0,0.0,66.0,66.0
230440005210171,Urbana,1,Barroso,254,98.0,254.0,949.56,957.0,98.0,50.0,3.0,97.0,98.0
230440005210172,Urbana,0,Barroso,487,163.0,487.0,1543.49,1200.0,163.0,117.0,44.0,163.0,161.0
230440005210173,Urbana,1,Cajazeiras,731,244.0,731.0,1147.25,1212.0,244.0,65.0,42.0,244.0,244.0
230440005210174,Urbana,1,Cajazeiras,964,326.0,956.0,1448.39,1212.0,326.0,121.0,0.0,325.0,325.0
230440005210175,Urbana,0,Pedras,916,285.0,916.0,1256.23,1212.0,285.0,17.0,3.0,271.0,280.0
230440005210176,Urbana,0,Conjunto Palmeiras,167,59.0,167.0,1061.46,1200.0,59.0,56.0,0.0,59.0,59.0
230440005210177,Urbana,0,Parque Santa Maria,635,213.0,635.0,1752.99,1212.0,213.0,31.0,0.0,212.0,213.0
230440005210178,Urbana,0,Parque Santa Maria,922,322.0,922.0,1605.75,1200.0,322.0,89.0,,319.0,322.0
230440005210179,Urbana,0,Parque Santa Maria,95,34.0,95.0,1474.73,1200.0,34.0,30.0,0.0,32.0,34.0
230440005210180,Urbana,0,Parque Santa Maria,329,114.0,329.0,1592.77,1200.0,114.0,20.0,,112.0,114.0
230440005210181,Urbana,0,Parque Santa Maria,576,208.0,576.0,1534.84,1212.0,208.0,28.0,0.0,205.0,208.0
230440005210182,Urbana,0,Jangurussu,1000,311.0,1000.0,1745.0,1212.0,311.0,66.0,40.0,280.0,311.0
230440005210183,Urbana,0,Jangurussu,397,143.0,397.0,1781.99,1212.0,143.0,119.0,6.0,143.0,143.0
230440005210184,Urbana,1,Jangurussu,280,94.0,280.0,1222.17,1212.0,94.0,38.0,3.0,88.0,94.0
230440005210185,Urbana,1,Jangurussu,970,314.0,970.0,1274.16,1212.0,314.0,208.0,8.0,306.0,314.0
230440005210186,Urbana,0,Jangurussu,1016,356.0,1016.0,1876.76,1275.0,356.0,59.0,0.0,351.0,356.0
230440005210187,Urbana,0,Jangurussu,1478,546.0,1478.0,2326.43,1500.0,546.0,64.0,14.0,502.0,546.0
230440005210188,Urbana,0,Jangurussu,819,279.0,819.0,1840.28,1212.0,279.0,241.0,24.0,279.0,278.0
230440005210189,Urbana,0,Jangurussu,718,249.0,718.0,2534.13,1500.0,249.0,227.0,10.0,245.0,249.0
230440005210190,Urbana,1,Jangurussu,916,310.0,916.0,1290.52,1212.0,310.0,252.0,6.0,309.0,271.0
230440005210191,Urbana,0,Jangurussu,802,316.0,802.0,2457.49,1400.0,316.0,309.0,,312.0,314.0
230440005210194,Urbana,0,Jangurussu,1182,415.0,1182.0,2717.01,1600.0,415.0,372.0,3.0,411.0,415.0
230440005210195,Urbana,0,Barroso,551,212.0,551.0,2485.84,2000.0,212.0,195.0,6.0,207.0,212.0
230440005210196,Urbana,0,Barroso,539,172.0,539.0,1639.14,1212.0,172.0,45.0,,169.0,172.0
230440005210197,Urbana,1,Barroso,867,293.0,867.0,892.44,600.0,293.0,46.0,0.0,293.0,293.0
230440005210198,Urbana,0,Barroso,1269,429.0,1269.0,1311.06,1200.0,429.0,398.0,3.0,404.0,429.0
230440005210199,Urbana,1,Barroso,544,196.0,544.0,1160.24,1212.0,196.0,196.0,0.0,196.0,196.0
230440005210200,Urbana,1,Barroso,315,112.0,315.0,1302.98,1200.0,112.0,109.0,0.0,111.0,112.0
230440005210201,Urbana,0,Barroso,576,200.0,576.0,1333.46,1200.0,200.0,105.0,20.0,199.0,200.0
230440005210202,Urbana,0,Barroso,664,225.0,664.0,1627.14,1212.0,225.0,204.0,7.0,220.0,225.0
230440005210203,Urbana,1,Barroso,649,236.0,649.0,1301.13,1212.0,236.0,60.0,4.0,235.0,236.0
230440005210204,Urbana,0,Barroso,682,255.0,682.0,1402.69,1212.0,255.0,49.0,117.0,254.0,255.0
230440005210205,Urbana,1,Barroso,362,115.0,362.0,915.73,1000.0,115.0,7.0,,113.0,115.0
230440005210206,Urbana,0,Barroso,712,246.0,712.0,3418.49,2000.0,246.0,33.0,3.0,228.0,246.0
230440005210207,Urbana,0,Barroso,505,208.0,505.0,2179.88,1500.0,208.0,20.0,,202.0,208.0
230440005210208,Urbana,0,Barroso,424,145.0,424.0,1297.53,1200.0,145.0,91.0,26.0,127.0,145.0
230440005210209,Urbana,0,Barroso,662,203.0,662.0,1205.23,1200.0,203.0,203.0,0.0,203.0,203.0
230440005210210,Urbana,0,Barroso,695,235.0,695.0,1237.63,1200.0,235.0,220.0,0.0,216.0,235.0
230440005210211,Urbana,0,Cajazeiras,868,299.0,868.0,1972.53,1300.0,299.0,179.0,14.0,296.0,297.0
230440005210212,Urbana,0,Cajazeiras,355,132.0,355.0,4360.2,3500.0,132.0,4.0,0.0,127.0,132.0
230440005210213,Urbana,0,Conjunto Palmeiras,169,56.0,169.0,3104.61,1200.0,56.0,47.0,0.0,56.0,56.0
230440005210214,Urbana,4,Jangurussu,0,,,,,,,,,
230440005210215,Urbana,1,Conjunto Palmeiras,450,167.0,450.0,1247.06,1212.0,167.0,124.0,0.0,167.0,165.0
230440005210216,Urbana,0,Conjunto Palmeiras,795,264.0,795.0,1394.37,1212.0,264.0,233.0,0.0,258.0,262.0
230440005210217,Urbana,1,Conjunto Palmeiras,688,221.0,688.0,1197.84,1212.0,221.0,132.0,44.0,216.0,219.0
230440005210218,Urbana,1,Conjunto Palmeiras,388,133.0,388.0,1155.09,1212.0,133.0,113.0,3.0,130.0,133.0
230440005210219,Urbana,0,Jangurussu,894,283.0,894.0,1337.35,1212.0,283.0,281.0,,280.0,283.0
230440005210220,Urbana,0,Jangurussu,783,259.0,783.0,1229.4,1212.0,259.0,256.0,0.0,258.0,259.0
230440005210221,Urbana,1,Conjunto Palmeiras,820,268.0,820.0,1056.75,1212.0,268.0,172.0,69.0,265.0,268.0
230440005210222,Urbana,1,Ancuri,410,138.0,410.0,1280.09,1212.0,138.0,8.0,0.0,137.0,138.0
230440005210223,Urbana,1,Parque Santa Maria,253,96.0,253.0,1209.96,1212.0,96.0,10.0,5.0,96.0,96.0
230440005210224,Urbana,1,Barroso,147,48.0,147.0,1080.55,1100.0,48.0,15.0,0.0,48.0,48.0
230440005210225,Urbana,0,Barroso,32,17.0,32.0,1024.71,1212.0,17.0,3.0,0.0,16.0,17.0
230440005210226,Urbana,1,Barroso,1202,371.0,1202.0,748.41,600.0,371.0,21.0,,369.0,371.0
230440005210227,Urbana,1,Barroso,138,48.0,138.0,1102.2,1212.0,48.0,0.0,0.0,48.0,48.0
230440005210228,Urbana,1,Barroso,282,90.0,282.0,1583.22,1212.0,90.0,5.0,0.0,89.0,90.0
230440005210229,Urbana,0,Barroso,82,27.0,82.0,1158.3,1200.0,27.0,18.0,0.0,27.0,27.0
230440005210230,Urbana,1,Barroso,167,57.0,166.0,979.83,1200.0,57.0,41.0,0.0,57.0,57.0
230440005210231,Urbana,1,Cajazeiras,151,59.0,151.0,1197.89,1200.0,59.0,7.0,,59.0,59.0
230440005210232,Urbana,1,Cajazeiras,432,150.0,432.0,910.92,650.0,150.0,57.0,88.0,149.0,150.0
230440005210233,Urbana,1,Jangurussu,171,61.0,171.0,1070.0,1212.0,61.0,5.0,39.0,60.0,61.0
230440005210234,Urbana,1,Barroso,90,28.0,90.0,1217.0,1212.0,28.0,0.0,12.0,28.0,28.0
230440005210235,Urbana,1,Barroso,36,13.0,36.0,984.46,1200.0,13.0,,,13.0,12.0
230440005210236,Urbana,1,Jangurussu,148,53.0,148.0,1009.75,1001.0,53.0,,0.0,52.0,53.0
230440005210237,Urbana,0,Barroso,89,26.0,89.0,1541.74,1212.0,26.0,10.0,,24.0,26.0
230440005210238,Urbana,1,Barroso,534,170.0,534.0,1232.35,1200.0,170.0,,0.0,168.0,170.0
230440005210239,Urbana,1,Barroso,269,87.0,269.0,1344.83,1200.0,87.0,68.0,,81.0,86.0
230440005210240,Urbana,0,Cajazeiras,0,,,,,,,,,
230440005210241,Urbana,1,Jangurussu,767,236.0,767.0,1220.28,1212.0,236.0,4.0,,234.0,235.0
230440005210242,Urbana,1,Conjunto Palmeiras,642,222.0,642.0,1349.13,1212.0,222.0,75.0,123.0,221.0,219.0
230440005210243,Urbana,1,Parque Santa Maria,316,117.0,316.0,1080.11,1200.0,117.0,110.0,0.0,117.0,117.0
230440005210244,Urbana,1,Barroso,84,31.0,84.0,1122.68,1212.0,31.0,18.0,0.0,31.0,31.0
230440005210245,Urbana,0,Jangurussu,720,299.0,720.0,2477.9,2000.0,299.0,280.0,0.0,293.0,299.0
230440005210246,Urbana,0,Jangurussu,643,215.0,643.0,1249.41,1212.0,215.0,173.0,5.0,215.0,215.0
230440005210247,Urbana,0,Jangurussu,645,203.0,645.0,1100.87,1212.0,203.0,189.0,,202.0,203.0
230440005210248,Urbana,0,Cajazeiras,329,130.0,329.0,3301.42,2400.0,130.0,127.0,,126.0,128.0
230440005210249,Urbana,1,Jangurussu,553,191.0,553.0,1031.96,1212.0,191.0,29.0,,186.0,190.0
230440005210250,Urbana,1,Parque Santa Maria,528,179.0,528.0,1219.93,1212.0,179.0,8.0,0.0,173.0,177.0
230440005210251,Urbana,1,Conjunto Palmeiras,621,212.0,621.0,1245.19,1200.0,212.0,178.0,,203.0,212.0
230440005210252,Urbana,4,Conjunto Palmeiras,2,,,,,,,,,
230440005210253,Urbana,1,Jangurussu,839,266.0,839.0,1265.29,1212.0,266.0,47.0,3.0,253.0,266.0
230440005210254,Urbana,0,Jangurussu,264,89.0,264.0,1048.73,1212.0,89.0,89.0,0.0,88.0,88.0
230440005210255,Urbana,1,Conjunto Palmeiras,297,97.0,297.0,959.26,1200.0,97.0,51.0,3.0,77.0,94.0
230440005210256,Urbana,1,Jangurussu,311,108.0,311.0,1242.0,1212.0,108.0,4.0,,94.0,108.0
230440005210257,Urbana,1,Cajazeiras,762,249.0,762.0,1351.39,1212.0,249.0,98.0,0.0,244.0,248.0
230440005210258,Urbana,0,Jangurussu,43,13.0,43.0,1434.17,1212.0,13.0,0.0,0.0,10.0,13.0
230440005210259,Urbana,0,Jangurussu,92,27.0,92.0,1805.56,1500.0,27.0,,0.0,27.0,27.0
230440005210260,Urbana,1,Jangurussu,781,252.0,781.0,1033.84,1212.0,252.0,206.0,,245.0,250.0
230440005210261,,0,Jangurussu,0,,,,,,,,,
230440005210262,Urbana,1,Jangurussu,834,268.0,834.0,1428.88,1222.0,268.0,100.0,,259.0,268.0
230440005210263,Urbana,1,Jangurussu,274,88.0,274.0,1374.91,1200.0,88.0,63.0,,83.0,87.0
230440005210264,Urbana,1,Jangurussu,158,47.0,158.0,1285.68,1212.0,47.0,8.0,,41.0,47.0
230440005210265,Urbana,1,Parque Santa Maria,193,64.0,193.0,1260.24,1200.0,64.0,3.0,3.0,63.0,64.0
230440005210266,Urbana,1,Parque Santa Maria,235,93.0,235.0,1976.2,1212.0,93.0,7.0,6.0,92.0,88.0
230440005210267,Urbana,0,Parque Santa Maria,372,123.0,372.0,2315.06,1500.0,123.0,14.0,6.0,121.0,123.0
230440005210268,Urbana,1,Ancuri,438,148.0,438.0,1229.9,1200.0,148.0,141.0,0.0,148.0,148.0
230440005210269,Urbana,0,Jangurussu,1065,359.0,1065.0,2364.16,1350.0,359.0,39.0,0.0,355.0,359.0
230440005210270,Urbana,4,Ancuri,0,,,,,,,,,
230440005210271,Urbana,0,Parque Santa Maria,150,52.0,140.0,1400.86,1212.0,52.0,0.0,,52.0,52.0
230440005210272,Urbana,4,Barroso,16,5.0,16.0,620.0,600.0,5.0,,0.0,5.0,5.0
230440005210273,Urbana,1,Conjunto Palmeiras,510,171.0,510.0,1309.48,1212.0,171.0,21.0,,168.0,171.0
230440005210274,Urbana,1,Barroso,295,97.0,295.0,1109.3,1200.0,97.0,88.0,,97.0,97.0
230440005210275,Urbana,1,Barroso,438,144.0,438.0,1108.25,1212.0,144.0,0.0,0.0,144.0,143.0
230440005210276,Urbana,0,Barroso,206,79.0,206.0,1763.09,1500.0,79.0,16.0,,72.0,78.0
230440005210277,Urbana,0,Jangurussu,850,279.0,850.0,1511.08,1212.0,279.0,241.0,,273.0,278.0
230440005210278,Urbana,0,Jangurussu,470,167.0,470.0,1335.9,1212.0,167.0,153.0,,162.0,167.0
230440005210279,Urbana,0,Jangurussu,1436,556.0,1436.0,1402.0,1212.0,556.0,553.0,0.0,556.0,556.0
230440005210280,Urbana,0,Jangurussu,1318,516.0,1318.0,1164.76,1212.0,516.0,516.0,0.0,516.0,516.0
230440005210281,Urbana,0,Jangurussu,1190,461.0,1190.0,1426.68,1212.0,461.0,461.0,0.0,461.0,461.0
230440005210282,Urbana,4,Jangurussu,0,,,,,,,,,
230440005210283,Urbana,0,Pedras,598,213.0,598.0,1305.94,1212.0,213.0,206.0,4.0,213.0,211.0
230440005210284,Urbana,0,Pedras,532,213.0,532.0,1138.02,1000.0,213.0,202.0,0.0,213.0,213.0
230440005210285,Urbana,0,Jangurussu,598,223.0,598.0,1153.9,1212.0,223.0,206.0,5.0,223.0,223.0
230440005210286,Urbana,0,Jangurussu,548,196.0,548.0,1028.17,1212.0,196.0,196.0,0.0,196.0,196.0
230440005210287,Urbana,0,Jangurussu,586,210.0,586.0,1310.02,1212.0,210.0,210.0,0.0,210.0,210.0
230440005210288,Urbana,0,Jangurussu,652,245.0,652.0,1090.59,1212.0,245.0,245.0,0.0,245.0,245.0
230440005210289,Urbana,0,Jangurussu,625,221.0,625.0,1021.05,1212.0,221.0,219.0,,221.0,221.0
230440005210290,Urbana,0,Jangurussu,560,204.0,560.0,1016.16,1212.0,204.0,203.0,,204.0,204.0
230440005210291,Urbana,0,Jangurussu,554,188.0,554.0,970.39,700.0,188.0,188.0,0.0,188.0,186.0
230440005210292,Urbana,0,Jangurussu,725,257.0,725.0,1155.25,1200.0,257.0,257.0,0.0,257.0,255.0
230440005210293,Urbana,0,Parque Santa Maria,633,220.0,633.0,1290.77,1250.0,220.0,8.0,,218.0,218.0
230440005210294,Urbana,0,Parque Santa Maria,650,234.0,650.0,2617.35,1350.0,234.0,4.0,97.0,225.0,234.0
230440005210295,Urbana,0,Parque Santa Maria,713,250.0,713.0,1897.75,1325.0,250.0,54.0,0.0,250.0,250.0
230440005210296,Urbana,0,Parque Santa Maria,752,249.0,752.0,1696.52,1300.0,249.0,31.0,217.0,249.0,249.0
230440005210297,Urbana,0,Pedras,1027,374.0,1027.0,1100.15,1200.0,374.0,,0.0,374.0,374.0
230440005210298,Urbana,0,Pedras,369,131.0,369.0,1096.83,1212.0,131.0,100.0,4.0,131.0,131.0
230440005210299,Urbana,0,Pedras,537,200.0,537.0,1180.44,1212.0,200.0,171.0,6.0,199.0,200.0
230440005210300,Urbana,0,Pedras,755,272.0,755.0,1675.79,1212.0,272.0,261.0,0.0,272.0,272.0
230440005210301,Urbana,0,Pedras,946,363.0,946.0,1233.6,1200.0,363.0,360.0,0.0,363.0,363.0
230440005210302,Urbana,0,Pedras,561,201.0,561.0,1253.43,1212.0,201.0,166.0,3.0,177.0,201.0
230440005210303,Urbana,0,Cajazeiras,1053,324.0,1053.0,1224.05,1212.0,324.0,287.0,0.0,318.0,323.0
230440005210306,Urbana,0,Cajazeiras,1346,474.0,1338.0,4229.76,3000.0,474.0,303.0,35.0,465.0,474.0
230440005210307,Urbana,0,Pedras,742,268.0,742.0,1367.53,1200.0,268.0,10.0,,254.0,243.0
230440005210308,Urbana,0,Pedras,491,171.0,491.0,2153.48,1300.0,171.0,148.0,0.0,170.0,170.0
230440005210309,Urbana,0,Jangurussu,447,169.0,447.0,2294.97,1500.0,169.0,147.0,3.0,159.0,169.0
230440005210310,Urbana,0,Jangurussu,618,225.0,618.0,1992.32,1212.0,225.0,224.0,0.0,224.0,224.0
230440005210311,Urbana,4,Conjunto Palmeiras,0,,,,,,,,,
230440005210312,Urbana,0,Conjunto Palmeiras,104,37.0,104.0,1079.0,1212.0,37.0,0.0,4.0,37.0,37.0
230440005210313,Urbana,1,Ancuri,613,210.0,613.0,1335.21,1212.0,210.0,21.0,,202.0,210.0
230440005210314,Urbana,1,Cajazeiras,241,54.0,147.0,1113.58,1212.0,54.0,0.0,0.0,49.0,7.0
230440005210315,Urbana,0,Jangurussu,1022,389.0,1022.0,1694.15,1212.0,389.0,159.0,0.0,382.0,389.0
230440005220001,Urbana,4,Canindezinho,1,,,,,,,,,
230440005220002,Urbana,0,Canindezinho,680,231.0,680.0,962.35,600.0,231.0,165.0,11.0,231.0,230.0
230440005220003,Urbana,1,Canindezinho,399,132.0,396.0,1322.78,1200.0,132.0,47.0,0.0,129.0,132.0
230440005220004,Urbana,1,Canindezinho,299,103.0,299.0,1269.4,1212.0,103.0,44.0,,103.0,103.0
230440005220005,Urbana,0,Canindezinho,1021,345.0,1021.0,1573.36,1212.0,345.0,132.0,25.0,345.0,345.0
230440005220006,Urbana,0,Canindezinho,949,333.0,949.0,1523.2,1200.0,333.0,60.0,47.0,328.0,333.0
230440005220007,Urbana,1,Canindezinho,150,57.0,150.0,1295.66,1212.0,57.0,25.0,0.0,54.0,56.0
230440005220008,Urbana,0,Canindezinho,329,112.0,326.0,1301.21,1212.0,112.0,55.0,16.0,112.0,112.0
230440005220009,Urbana,1,Canindezinho,720,253.0,720.0,1213.32,1212.0,253.0,85.0,,251.0,253.0
230440005220010,Urbana,1,Canindezinho,969,325.0,965.0,1192.62,1200.0,325.0,244.0,10.0,318.0,322.0
230440005220011,Urbana,1,Canindezinho,196,62.0,196.0,1046.25,1200.0,62.0,,,57.0,61.0
230440005220012,Urbana,0,Canindezinho,435,139.0,435.0,836.87,600.0,139.0,6.0,,139.0,126.0
230440005220013,Urbana,0,Canindezinho,573,206.0,573.0,1350.12,1200.0,206.0,31.0,16.0,203.0,204.0
230440005220014,Urbana,4,Canindezinho,6,,,,,,,,,
230440005220015,Urbana,0,Canindezinho,339,113.0,339.0,1202.3,1212.0,113.0,39.0,20.0,107.0,113.0
230440005220016,Urbana,1,Canindezinho,539,203.0,539.0,1144.48,1212.0,203.0,12.0,0.0,202.0,202.0
230440005220017,Urbana,4,Canindezinho,11,6.0,11.0,1102.0,1200.0,6.0,,0.0,6.0,6.0
230440005220018,Urbana,1,Canindezinho,689,247.0,689.0,1305.82,1212.0,247.0,12.0,,205.0,242.0
230440005220019,Urbana,1,Canindezinho,94,26.0,94.0,1257.69,1200.0,26.0,0.0,0.0,25.0,26.0
230440005220020,Urbana,0,Canindezinho,574,177.0,574.0,1516.43,1212.0,177.0,100.0,67.0,176.0,177.0
230440005220021,Urbana,0,Canindezinho,816,269.0,816.0,1342.82,1200.0,269.0,105.0,8.0,262.0,267.0
230440005220022,Urbana,0,Canindezinho,599,222.0,599.0,1887.95,1212.0,222.0,49.0,148.0,217.0,222.0
230440005220023,Urbana,0,Canindezinho,1063,385.0,1063.0,1723.11,1212.0,385.0,15.0,12.0,381.0,384.0
230440005220024,Urbana,0,Canindezinho,849,301.0,849.0,1446.77,1212.0,301.0,21.0,3.0,296.0,301.0
230440005220025,Urbana,0,Canindezinho,644,231.0,644.0,1853.94,1212.0,231.0,89.0,,209.0,231.0
230440005220026,Urbana,0,Canindezinho,758,265.0,758.0,1606.57,1212.0,265.0,134.0,0.0,265.0,265.0
230440005220027,Urbana,0,Canindezinho,1085,370.0,1085.0,1597.54,1212.0,370.0,340.0,,364.0,370.0
230440005220028,Urbana,0,Parque São José,479,176.0,479.0,1470.4,1200.0,176.0,10.0,155.0,152.0,176.0
230440005220029,Urbana,0,Parque São José,832,288.0,832.0,1367.59,1200.0,288.0,21.0,214.0,280.0,288.0
230440005220030,Urbana,0,Parque São José,569,198.0,569.0,1479.98,1212.0,198.0,164.0,4.0,192.0,198.0
230440005220031,Urbana,0,Parque São José,618,210.0,618.0,1256.12,1200.0,210.0,45.0,53.0,203.0,210.0
230440005220032,Urbana,0,Parque São José,525,177.0,525.0,1565.44,1212.0,177.0,141.0,0.0,164.0,177.0
230440005220033,Urbana,0,Parque São José,559,190.0,559.0,1612.87,1212.0,190.0,164.0,,187.0,190.0
230440005220034,Urbana,0,Parque São José,530,203.0,528.0,1509.24,1212.0,203.0,157.0,,177.0,202.0
230440005220035,Urbana,0,Parque São José,796,286.0,794.0,1635.05,1212.0,286.0,262.0,9.0,280.0,286.0
230440005220036,Urbana,0,Parque São José,386,142.0,386.0,1700.2,1212.0,142.0,106.0,0.0,132.0,142.0
230440005220037,Urbana,1,Canindezinho,647,204.0,647.0,1132.36,1212.0,204.0,11.0,14.0,201.0,204.0
230440005220038,Urbana,1,Canindezinho,400,154.0,400.0,1145.64,1200.0,154.0,104.0,14.0,153.0,153.0
230440005220039,Urbana,1,Canindezinho,489,170.0,489.0,1167.29,1200.0,170.0,10.0,0.0,168.0,170.0
230440005220040,Urbana,1,Canindezinho,365,140.0,365.0,879.72,1200.0,140.0,0.0,18.0,139.0,140.0
230440005220041,Urbana,0,Canindezinho,725,265.0,724.0,1299.16,1212.0,265.0,216.0,0.0,264.0,264.0
230440005220042,Urbana,0,Canindezinho,540,187.0,540.0,2339.2,1212.0,187.0,134.0,0.0,181.0,185.0
230440005220043,Urbana,0,Parque São José,232,85.0,232.0,1529.96,1212.0,85.0,75.0,0.0,80.0,85.0
230440005220044,Urbana,0,Parque São José,709,259.0,709.0,1439.68,1212.0,259.0,229.0,0.0,255.0,259.0
230440005220045,Urbana,0,Parque São José,606,210.0,606.0,1593.33,1212.0,210.0,188.0,0.0,198.0,209.0
230440005220046,Urbana,0,Parque São José,633,223.0,633.0,1586.86,1212.0,223.0,180.0,,169.0,223.0
230440005220047,Urbana,1,Canindezinho,635,216.0,629.0,1289.17,1212.0,216.0,54.0,,215.0,216.0
230440005220048,Urbana,0,Canindezinho,620,233.0,620.0,1133.82,1200.0,233.0,120.0,10.0,233.0,231.0
230440005220049,Urbana,1,Canindezinho,280,98.0,280.0,1123.91,1212.0,98.0,6.0,10.0,94.0,98.0
230440005220050,Urbana,0,Canindezinho,798,295.0,798.0,1758.63,1200.0,295.0,282.0,4.0,295.0,295.0
230440005220051,Urbana,0,Canindezinho,789,283.0,789.0,1004.97,1212.0,283.0,190.0,16.0,275.0,283.0
230440005220052,Urbana,0,Canindezinho,813,254.0,813.0,1330.38,1212.0,254.0,182.0,43.0,252.0,252.0
230440005220053,Urbana,1,Canindezinho,1122,371.0,1122.0,1244.42,1212.0,371.0,26.0,0.0,361.0,369.0
230440005220054,Urbana,1,Canindezinho,791,259.0,791.0,1264.31,1212.0,259.0,105.0,43.0,254.0,254.0
230440005220055,Urbana,0,Canindezinho,329,115.0,324.0,1143.66,1212.0,115.0,23.0,17.0,111.0,110.0
230440005220056,Urbana,0,Canindezinho,30,11.0,30.0,1263.6,1212.0,11.0,,,11.0,11.0
230440005220057,Urbana,0,Canindezinho,515,162.0,515.0,1120.08,1212.0,162.0,12.0,,162.0,162.0
230440005220058,Urbana,0,Canindezinho,543,197.0,543.0,1319.0,1212.0,197.0,112.0,10.0,196.0,197.0
230440005220059,Urbana,1,Canindezinho,1202,389.0,1202.0,1154.64,1200.0,389.0,90.0,0.0,380.0,388.0
230440005220060,Urbana,0,Canindezinho,557,189.0,557.0,2271.97,1500.0,189.0,88.0,97.0,181.0,187.0
230440005220061,Urbana,0,Canindezinho,661,226.0,661.0,1283.72,1212.0,226.0,7.0,5.0,226.0,226.0
230440005220062,Urbana,1,Canindezinho,1284,394.0,1284.0,1457.21,1200.0,394.0,60.0,3.0,373.0,394.0
230440005220063,Urbana,1,Canindezinho,1222,399.0,1222.0,1322.34,1212.0,399.0,55.0,10.0,394.0,397.0
230440005220064,Urbana,1,Canindezinho,633,208.0,633.0,1203.4,1200.0,208.0,10.0,0.0,206.0,207.0
230440005220065,Urbana,4,Canindezinho,0,,,,,,,,,
230440005220066,Urbana,1,Canindezinho,668,253.0,668.0,973.44,1000.0,253.0,6.0,,245.0,252.0
230440005220067,Urbana,1,Canindezinho,65,24.0,65.0,1436.73,1212.0,24.0,,0.0,24.0,22.0
230440005220068,Urbana,1,Canindezinho,284,81.0,284.0,1132.14,1200.0,81.0,0.0,,81.0,80.0
230440005220069,Urbana,1,Canindezinho,179,55.0,179.0,827.33,600.0,55.0,0.0,,55.0,55.0
230440005220070,Urbana,1,Canindezinho,294,97.0,294.0,1294.53,1212.0,97.0,30.0,0.0,94.0,95.0
230440005220071,Urbana,1,Canindezinho,325,115.0,325.0,1198.93,1212.0,115.0,8.0,9.0,115.0,102.0
230440005220072,Urbana,0,Parque São José,19,6.0,19.0,2633.33,1500.0,6.0,6.0,0.0,6.0,6.0
230440005220073,Urbana,1,Canindezinho,408,134.0,408.0,1466.69,1212.0,134.0,90.0,0.0,134.0,133.0
230440005220074,Urbana,0,Canindezinho,636,214.0,632.0,1476.35,1212.0,214.0,145.0,39.0,212.0,213.0
230440005220075,Urbana,1,Parque São José,152,53.0,152.0,1154.24,1200.0,53.0,,7.0,50.0,53.0
230440005220076,Urbana,4,Canindezinho,0,,,,,,,,,
230440005220077,Urbana,0,Canindezinho,483,167.0,483.0,1436.16,1212.0,167.0,90.0,57.0,162.0,167.0
230440005220078,Urbana,1,Canindezinho,164,53.0,164.0,1072.5,1200.0,53.0,0.0,0.0,53.0,53.0
230440005220079,Urbana,4,Canindezinho,7,,,,,,,,,
230440005220080,Urbana,0,Canindezinho,973,301.0,973.0,1000.39,1000.0,301.0,297.0,0.0,298.0,291.0
230440005220081,Urbana,1,Canindezinho,174,55.0,174.0,1087.07,1212.0,55.0,,0.0,55.0,55.0
230440005220082,Urbana,1,Canindezinho,816,270.0,816.0,1005.92,1212.0,270.0,5.0,0.0,270.0,270.0
230440005220083,Urbana,1,Canindezinho,860,293.0,860.0,1103.17,1200.0,293.0,106.0,3.0,291.0,292.0
230440005220084,Urbana,0,Conjunto Esperança,569,207.0,569.0,2036.65,1212.0,207.0,201.0,0.0,193.0,207.0
230440005220085,Urbana,1,Conjunto Esperança,590,199.0,590.0,1185.04,1212.0,199.0,78.0,0.0,199.0,199.0
230440005220086,Urbana,0,Conjunto Esperança,673,246.0,673.0,1997.98,1500.0,246.0,228.0,,242.0,246.0
230440005220087,Urbana,0,Conjunto Esperança,778,264.0,778.0,1978.15,1300.0,264.0,264.0,0.0,262.0,264.0
230440005220088,Urbana,0,Conjunto Esperança,883,313.0,883.0,1770.82,1200.0,313.0,312.0,0.0,304.0,313.0
230440005220089,Urbana,0,Conjunto Esperança,195,67.0,195.0,2242.15,1246.0,67.0,67.0,0.0,66.0,67.0
230440005220090,Urbana,0,Conjunto Esperança,510,170.0,510.0,2500.04,1812.0,170.0,168.0,0.0,170.0,170.0
230440005220091,Urbana,0,Conjunto Esperança,486,178.0,486.0,2426.31,1775.0,178.0,177.0,0.0,178.0,178.0
230440005220092,Urbana,0,Conjunto Esperança,538,181.0,538.0,2192.41,1500.0,181.0,177.0,,180.0,181.0
230440005220093,Urbana,0,Conjunto Esperança,563,192.0,563.0,3022.7,2000.0,192.0,192.0,0.0,192.0,192.0
230440005220094,Urbana,0,Conjunto Esperança,475,185.0,472.0,2330.03,1212.0,185.0,168.0,0.0,182.0,185.0
230440005220095,Urbana,0,Conjunto Esperança,291,101.0,291.0,1542.5,1212.0,101.0,11.0,0.0,96.0,101.0
230440005220096,Urbana,0,Conjunto Esperança,394,136.0,394.0,1162.26,1212.0,136.0,12.0,0.0,128.0,136.0
230440005220097,Urbana,0,Conjunto Esperança,772,280.0,772.0,1418.63,1212.0,280.0,39.0,0.0,278.0,280.0
230440005220098,Urbana,0,Conjunto Esperança,1079,398.0,1079.0,1515.4,1212.0,398.0,153.0,,376.0,398.0
230440005220099,Urbana,0,Parque Santa Rosa,651,230.0,651.0,1751.99,1200.0,230.0,20.0,,197.0,230.0
230440005220100,Urbana,0,Parque Santa Rosa,656,222.0,656.0,1586.25,1212.0,222.0,84.0,109.0,219.0,222.0
230440005220101,Urbana,0,Parque Santa Rosa,624,222.0,624.0,1497.25,1212.0,222.0,29.0,0.0,202.0,222.0
230440005220102,Urbana,0,Parque Santa Rosa,997,363.0,997.0,1509.36,1212.0,363.0,21.0,0.0,311.0,363.0
230440005220103,Urbana,0,Parque Santa Rosa,878,327.0,878.0,1726.33,1212.0,327.0,46.0,0.0,281.0,327.0
230440005220104,Urbana,0,Parque Santa Rosa,1415,488.0,1415.0,1683.6,1212.0,488.0,17.0,3.0,450.0,488.0
230440005220105,Urbana,0,Parque Santa Rosa,954,348.0,954.0,1498.78,1212.0,348.0,4.0,0.0,317.0,348.0
230440005220106,Urbana,0,Parque Presidente Vargas,961,332.0,960.0,1410.16,1220.0,332.0,9.0,,324.0,319.0
230440005220107,Urbana,0,Aracapé,1005,340.0,1005.0,1642.36,1212.0,340.0,11.0,0.0,320.0,340.0
230440005220108,Urbana,0,Manoel Sátiro,637,205.0,637.0,1669.94,1212.0,205.0,19.0,4.0,192.0,205.0
230440005220109,Urbana,1,Mondubim,400,129.0,400.0,1460.65,1200.0,129.0,6.0,0.0,126.0,129.0
230440005220110,Urbana,0,Mondubim,323,105.0,323.0,2361.06,1200.0,105.0,7.0,4.0,103.0,105.0
230440005220111,Urbana,1,Manoel Sátiro,139,51.0,139.0,1215.63,1212.0,51.0,3.0,,51.0,51.0
230440005220112,Urbana,0,Manoel Sátiro,425,145.0,425.0,1872.48,1212.0,145.0,3.0,14.0,143.0,145.0
230440005220113,Urbana,1,Jardim Cearense,398,146.0,398.0,1321.9,1230.0,146.0,,,142.0,146.0
230440005220114,Urbana,0,Jardim Cearense,624,228.0,624.0,1611.97,1230.0,228.0,6.0,32.0,205.0,228.0
230440005220115,Urbana,1,Mondubim,568,191.0,568.0,1238.55,1212.0,191.0,9.0,,187.0,191.0
230440005220116,Urbana,0,Mondubim,955,354.0,870.0,2709.9,2000.0,354.0,168.0,9.0,221.0,354.0
230440005220117,Urbana,1,Parque Presidente Vargas,690,221.0,690.0,1179.52,1212.0,221.0,12.0,0.0,219.0,221.0
230440005220118,Urbana,0,Parque Presidente Vargas,1473,482.0,1473.0,1000.04,600.0,482.0,35.0,0.0,479.0,482.0
230440005220119,Urbana,1,Parque Presidente Vargas,1406,434.0,1406.0,1432.51,1200.0,434.0,15.0,10.0,430.0,431.0
230440005220120,Urbana,0,Parque Presidente Vargas,475,154.0,475.0,951.5,600.0,154.0,3.0,0.0,141.0,153.0
230440005220121,Urbana,1,Parque Presidente Vargas,117,43.0,117.0,1131.03,1000.0,43.0,3.0,0.0,43.0,38.0
230440005220122,Urbana,0,Parque Presidente Vargas,1469,500.0,1468.0,1518.47,1212.0,500.0,76.0,110.0,483.0,495.0
230440005220123,Urbana,1,Parque Presidente Vargas,174,50.0,174.0,1398.51,1200.0,50.0,0.0,0.0,50.0,50.0
230440005220124,Urbana,1,Parque Presidente Vargas,339,117.0,339.0,1032.42,600.0,117.0,9.0,18.0,116.0,115.0
230440005220125,Urbana,1,Parque Presidente Vargas,195,60.0,195.0,1446.73,1300.0,60.0,,4.0,60.0,59.0
230440005220126,Urbana,0,Parque Presidente Vargas,1004,331.0,1004.0,1530.08,1212.0,331.0,45.0,6.0,312.0,331.0
230440005220127,Urbana,1,Parque Presidente Vargas,487,140.0,487.0,1349.94,1200.0,140.0,4.0,0.0,140.0,140.0
230440005220128,Urbana,0,Parque Presidente Vargas,352,127.0,352.0,1419.97,1201.0,127.0,29.0,0.0,117.0,127.0
230440005220129,Urbana,0,Parque Presidente Vargas,82,32.0,82.0,1021.15,1212.0,32.0,0.0,,32.0,32.0
230440005220130,Urbana,1,Conjunto Esperança,413,150.0,413.0,1350.63,1212.0,150.0,128.0,,150.0,150.0
230440005220131,Urbana,0,Conjunto Esperança,216,76.0,216.0,1953.14,1212.0,76.0,75.0,0.0,72.0,76.0
230440005220132,Urbana,1,Parque Santa Rosa,447,169.0,447.0,1305.11,1212.0,169.0,73.0,3.0,168.0,168.0
230440005220133,Urbana,0,Parque Santa Rosa,212,75.0,212.0,1457.54,1212.0,75.0,29.0,3.0,75.0,75.0
230440005220134,Urbana,1,Parque Santa Rosa,341,109.0,341.0,1563.63,1212.0,109.0,25.0,0.0,105.0,109.0
230440005220135,Urbana,0,Parque Santa Rosa,738,265.0,738.0,1548.97,1212.0,265.0,44.0,4.0,224.0,263.0
230440005220136,Urbana,0,Parque Santa Rosa,458,153.0,458.0,1678.71,1212.0,153.0,6.0,7.0,133.0,150.0
230440005220137,Urbana,0,Parque Santa Rosa,827,273.0,827.0,1679.87,1212.0,273.0,4.0,9.0,225.0,271.0
230440005220138,Urbana,0,Parque Santa Rosa,544,185.0,544.0,1995.93,1212.0,185.0,5.0,,171.0,185.0
230440005220139,Urbana,0,Parque Santa Rosa,618,211.0,618.0,2276.35,1256.0,211.0,87.0,19.0,188.0,211.0
230440005220140,Urbana,0,Maraponga,780,259.0,780.0,3938.25,2500.0,259.0,15.0,3.0,240.0,259.0
230440005220141,Urbana,0,Maraponga,572,203.0,572.0,5391.01,4000.0,203.0,45.0,9.0,169.0,202.0
230440005220142,Urbana,1,Maraponga,103,36.0,103.0,1128.48,1212.0,36.0,3.0,0.0,34.0,36.0
230440005220143,Urbana,0,Mondubim,614,211.0,614.0,1327.68,1212.0,211.0,3.0,0.0,206.0,211.0
230440005220144,Urbana,1,Mondubim,533,198.0,533.0,956.43,1212.0,198.0,17.0,0.0,197.0,198.0
230440005220145,Urbana,1,Mondubim,538,186.0,538.0,1003.62,1200.0,186.0,9.0,0.0,143.0,185.0
230440005220146,Urbana,1,Mondubim,288,86.0,288.0,1034.42,1200.0,86.0,,,86.0,86.0
230440005220147,Urbana,0,Mondubim,617,216.0,617.0,1566.28,1212.0,216.0,9.0,,196.0,216.0
230440005220148,Urbana,0,Mondubim,750,263.0,750.0,2033.14,1300.0,263.0,41.0,,263.0,263.0
230440005220149,Urbana,0,Mondubim,618,213.0,618.0,2054.83,1212.0,213.0,4.0,,192.0,213.0
230440005220150,Urbana,0,Mondubim,548,186.0,548.0,3751.23,2500.0,186.0,119.0,14.0,183.0,186.0
230440005220151,Urbana,0,Mondubim,409,152.0,409.0,3598.36,2500.0,152.0,54.0,13.0,88.0,152.0
230440005220152,Urbana,0,Jardim Cearense,546,199.0,534.0,1754.69,1230.0,199.0,4.0,,172.0,199.0
230440005220153,Urbana,0,Jardim Cearense,657,241.0,657.0,2047.08,1212.0,241.0,40.0,,203.0,241.0
230440005220154,Urbana,0,Aracapé,590,217.0,590.0,1286.15,1212.0,217.0,190.0,3.0,213.0,216.0
230440005220155,Urbana,0,Aracapé,436,171.0,436.0,1595.09,1212.0,171.0,163.0,0.0,171.0,171.0
230440005220156,Urbana,0,Mondubim,640,230.0,640.0,1066.31,1200.0,230.0,194.0,11.0,230.0,230.0
230440005220157,Urbana,0,Mondubim,847,344.0,847.0,2830.92,2500.0,344.0,342.0,0.0,343.0,344.0
230440005220158,Urbana,0,Aracapé,445,161.0,445.0,1322.06,1212.0,161.0,156.0,,161.0,161.0
230440005220159,Urbana,0,Aracapé,495,186.0,495.0,1531.01,1212.0,186.0,182.0,4.0,186.0,186.0
230440005220160,Urbana,1,Conjunto Esperança,756,286.0,756.0,1256.23,1212.0,286.0,69.0,0.0,276.0,286.0
230440005220161,Urbana,1,Mondubim,162,58.0,162.0,1536.82,1212.0,58.0,29.0,8.0,58.0,58.0
230440005220162,Urbana,0,Conjunto Esperança,269,97.0,269.0,1214.76,1212.0,97.0,29.0,7.0,81.0,97.0
230440005220163,Urbana,1,Mondubim,895,300.0,895.0,1204.17,1212.0,300.0,12.0,3.0,292.0,275.0
230440005220164,Urbana,0,Mondubim,158,49.0,150.0,2154.38,1450.0,49.0,3.0,0.0,47.0,49.0
230440005220165,Urbana,1,Mondubim,113,44.0,113.0,1180.53,1212.0,44.0,,,44.0,44.0
230440005220166,Urbana,0,Mondubim,786,284.0,786.0,1400.88,1200.0,284.0,18.0,4.0,259.0,284.0
230440005220167,Urbana,0,Mondubim,37,11.0,37.0,4524.44,3000.0,11.0,,0.0,11.0,11.0
230440005220168,Urbana,1,Mondubim,136,45.0,136.0,1096.31,600.0,45.0,9.0,,45.0,45.0
230440005220169,Urbana,0,Mondubim,668,231.0,668.0,2270.09,1212.0,231.0,24.0,0.0,200.0,231.0
230440005220170,Urbana,1,Mondubim,243,79.0,243.0,1348.7,1212.0,79.0,,0.0,77.0,79.0
230440005220171,Urbana,0,Mondubim,43,18.0,43.0,1193.56,1212.0,18.0,0.0,0.0,17.0,18.0
230440005220172,Urbana,0,Mondubim,631,225.0,631.0,1345.75,1212.0,225.0,6.0,,199.0,225.0
230440005220173,Urbana,1,Mondubim,178,67.0,178.0,1122.11,1100.0,67.0,4.0,0.0,67.0,67.0
230440005220174,Urbana,0,Mondubim,358,145.0,358.0,2981.51,2400.0,145.0,40.0,93.0,144.0,145.0
230440005220175,Urbana,0,Mondubim,293,97.0,293.0,1744.01,1212.0,97.0,4.0,13.0,95.0,95.0
230440005220176,Urbana,0,Jardim Cearense,518,187.0,518.0,2598.2,2000.0,187.0,8.0,0.0,172.0,187.0
230440005220177,Urbana,0,Jardim Cearense,329,104.0,329.0,2858.9,2000.0,104.0,104.0,0.0,104.0,104.0
230440005220178,Urbana,0,Jardim Cearense,598,211.0,598.0,2939.6,2400.0,211.0,69.0,102.0,197.0,211.0
230440005220179,Urbana,0,Jardim Cearense,578,192.0,578.0,2790.3,2000.0,192.0,60.0,4.0,178.0,192.0
230440005220180,Urbana,0,Aracapé,403,141.0,403.0,1120.53,1212.0,141.0,141.0,0.0,141.0,140.0
230440005220181,Urbana,0,Aracapé,431,166.0,431.0,1236.43,1200.0,166.0,166.0,0.0,166.0,166.0
230440005220182,Urbana,0,Novo Mondubim,228,82.0,228.0,2080.36,1256.0,82.0,47.0,3.0,71.0,82.0
230440005220183,Urbana,0,Novo Mondubim,375,152.0,375.0,2487.17,2300.0,152.0,8.0,36.0,9.0,152.0
230440005220184,Urbana,0,Manoel Sátiro,609,223.0,609.0,1926.21,1212.0,223.0,12.0,0.0,212.0,223.0
230440005220185,Urbana,0,Manoel Sátiro,992,345.0,992.0,1655.16,1212.0,345.0,207.0,7.0,329.0,345.0
230440005220186,Urbana,0,Manoel Sátiro,938,305.0,938.0,1614.8,1300.0,305.0,59.0,0.0,301.0,305.0
230440005220187,Urbana,0,Manoel Sátiro,625,219.0,625.0,1791.73,1200.0,219.0,9.0,0.0,213.0,219.0
230440005220188,Urbana,4,Manoel Sátiro,4,,,,,,,,,
230440005220189,Urbana,0,Manoel Sátiro,771,260.0,764.0,2141.65,1600.0,260.0,9.0,,229.0,260.0
230440005220190,Urbana,0,Manoel Sátiro,975,331.0,975.0,2156.0,1212.0,331.0,12.0,,331.0,331.0
230440005220191,Urbana,0,Manoel Sátiro,547,183.0,547.0,1625.52,1200.0,183.0,13.0,6.0,182.0,183.0
230440005220192,Urbana,0,Manoel Sátiro,659,203.0,659.0,1564.1,1212.0,203.0,19.0,17.0,200.0,202.0
230440005220193,Urbana,0,Novo Mondubim,705,247.0,705.0,1925.22,1212.0,247.0,8.0,23.0,246.0,247.0
230440005220194,Urbana,0,Novo Mondubim,700,232.0,700.0,1837.92,1200.0,232.0,35.0,16.0,204.0,232.0
230440005220195,Urbana,1,Novo Mondubim,333,114.0,333.0,1222.04,1200.0,114.0,18.0,49.0,112.0,114.0
230440005220196,Urbana,0,Novo Mondubim,690,227.0,690.0,1967.93,1400.0,227.0,34.0,0.0,223.0,223.0
230440005220197,Urbana,0,Novo Mondubim,562,223.0,562.0,1648.07,1200.0,223.0,209.0,4.0,222.0,223.0
230440005220198,Urbana,0,Novo Mondubim,607,238.0,607.0,1421.79,1212.0,238.0,233.0,0.0,238.0,238.0
230440005220199,Urbana,0,Novo Mondubim,547,188.0,547.0,1859.71,1212.0,188.0,5.0,11.0,177.0,188.0
230440005220200,Urbana,0,Manoel Sátiro,601,202.0,601.0,1335.96,1200.0,202.0,196.0,4.0,197.0,202.0
230440005220201,Urbana,1,Manoel Sátiro,247,94.0,247.0,1030.27,1212.0,94.0,92.0,0.0,94.0,94.0
230440005220202,Urbana,0,Manoel Sátiro,445,160.0,445.0,1621.05,1212.0,160.0,100.0,8.0,151.0,158.0
230440005220203,Urbana,0,Manoel Sátiro,758,274.0,758.0,1540.64,1212.0,274.0,266.0,,270.0,274.0
230440005220204,Urbana,0,Manoel Sátiro,666,234.0,666.0,1597.1,1212.0,234.0,179.0,0.0,214.0,234.0
230440005220205,Urbana,0,Manoel Sátiro,531,182.0,531.0,1486.03,1212.0,182.0,46.0,4.0,179.0,182.0
230440005220206,Urbana,0,Manoel Sátiro,687,232.0,687.0,1703.85,1212.0,232.0,57.0,0.0,230.0,232.0
230440005220207,Urbana,0,Manoel Sátiro,642,215.0,642.0,1988.75,1212.0,215.0,32.0,,182.0,215.0
230440005220208,Urbana,0,Manoel Sátiro,1024,335.0,1024.0,2169.09,1300.0,335.0,50.0,5.0,294.0,333.0
230440005220209,Urbana,0,Manoel Sátiro,755,265.0,755.0,1679.87,1212.0,265.0,20.0,0.0,265.0,265.0
230440005220210,Urbana,0,Manoel Sátiro,839,283.0,839.0,1896.43,1212.0,283.0,37.0,0.0,279.0,282.0
230440005220211,Urbana,0,Novo Mondubim,822,285.0,822.0,1584.07,1212.0,285.0,110.0,8.0,266.0,285.0
230440005220212,Urbana,0,Novo Mondubim,787,268.0,787.0,2139.33,1500.0,268.0,180.0,0.0,212.0,268.0
230440005220213,Urbana,0,Novo Mondubim,411,140.0,411.0,1540.85,1212.0,140.0,14.0,3.0,139.0,140.0
230440005220214,Urbana,0,Novo Mondubim,638,212.0,638.0,2136.94,1400.0,212.0,138.0,17.0,200.0,212.0
230440005220215,Urbana,0,Maraponga,669,276.0,669.0,2882.68,2400.0,276.0,246.0,4.0,273.0,276.0
230440005220216,Urbana,1,Maraponga,498,178.0,492.0,1338.28,1212.0,178.0,18.0,3.0,152.0,149.0
230440005220217,Urbana,0,Maraponga,504,194.0,504.0,3339.35,2500.0,194.0,115.0,66.0,194.0,194.0
230440005220218,Urbana,0,Maraponga,379,126.0,379.0,1606.23,1200.0,126.0,9.0,,125.0,122.0
230440005220219,Urbana,0,Maraponga,751,259.0,751.0,4591.47,4000.0,259.0,14.0,80.0,258.0,259.0
230440005220220,Urbana,1,Maraponga,309,120.0,309.0,1209.79,1212.0,120.0,41.0,4.0,118.0,120.0
230440005220221,Urbana,1,Maraponga,66,23.0,66.0,1007.05,1000.0,23.0,10.0,0.0,22.0,23.0
230440005220222,Urbana,0,Maraponga,591,202.0,591.0,4220.74,2500.0,202.0,90.0,52.0,201.0,202.0
230440005220223,Urbana,1,Maraponga,479,168.0,479.0,1574.62,1206.0,168.0,19.0,10.0,162.0,167.0
230440005220224,Urbana,0,Jardim Cearense,1075,381.0,1075.0,2163.38,1213.5,381.0,129.0,5.0,355.0,381.0
230440005220225,Urbana,1,Jardim Cearense,244,83.0,244.0,1098.16,1200.0,83.0,5.0,0.0,77.0,83.0
230440005220226,Urbana,0,Jardim Cearense,1195,433.0,1195.0,6605.04,5000.0,433.0,73.0,54.0,430.0,430.0
230440005220227,Urbana,1,Jardim Cearense,394,132.0,394.0,1327.56,1212.0,132.0,57.0,,128.0,132.0
230440005220228,Urbana,0,Jardim Cearense,1381,490.0,1380.0,2932.87,1800.0,490.0,6.0,17.0,483.0,488.0
230440005220229,Urbana,0,Mondubim,827,291.0,823.0,1830.65,1212.0,291.0,9.0,24.0,284.0,273.0
230440005220230,Urbana,0,Mondubim,935,311.0,935.0,2327.33,1500.0,311.0,190.0,82.0,295.0,311.0
230440005220231,Urbana,0,Mondubim,1020,346.0,1017.0,2036.33,1300.0,346.0,28.0,17.0,318.0,346.0
230440005220232,Urbana,0,Mondubim,560,234.0,560.0,2491.11,2000.0,234.0,225.0,0.0,234.0,234.0
230440005220233,Urbana,0,Mondubim,831,298.0,831.0,2963.73,2212.0,298.0,8.0,26.0,292.0,297.0
230440005220234,Urbana,0,Mondubim,711,267.0,711.0,2758.84,1500.0,267.0,252.0,0.0,265.0,266.0
230440005220235,Urbana,0,Mondubim,395,167.0,395.0,2212.56,1500.0,167.0,158.0,0.0,166.0,167.0
230440005220236,Urbana,0,Mondubim,755,288.0,755.0,2217.2,1500.0,288.0,264.0,4.0,286.0,288.0
230440005220237,Urbana,0,Mondubim,651,228.0,651.0,1588.37,1212.0,228.0,13.0,5.0,222.0,228.0
230440005220238,Urbana,0,Mondubim,882,300.0,882.0,1285.94,1212.0,300.0,185.0,73.0,298.0,300.0
230440005220239,Urbana,0,Aracapé,1006,353.0,1006.0,1950.68,1212.0,353.0,3.0,0.0,330.0,353.0
230440005220240,Urbana,0,Aracapé,805,273.0,805.0,1576.18,1200.0,273.0,5.0,,267.0,273.0
230440005220241,Urbana,0,Aracapé,598,220.0,598.0,1634.38,1212.0,220.0,157.0,0.0,220.0,220.0
230440005220242,Urbana,0,Aracapé,580,214.0,580.0,1366.36,1212.0,214.0,213.0,,214.0,214.0
230440005220243,Urbana,0,Aracapé,977,336.0,977.0,2280.63,1275.0,336.0,20.0,80.0,320.0,335.0
230440005220244,Urbana,0,Mondubim,768,260.0,768.0,1617.93,1300.0,260.0,13.0,29.0,254.0,259.0
230440005220245,Urbana,0,Mondubim,1127,369.0,1127.0,1656.04,1212.0,369.0,45.0,,357.0,369.0
230440005220246,Urbana,1,Mondubim,774,261.0,774.0,1252.85,1212.0,261.0,13.0,16.0,258.0,261.0
230440005220247,Urbana,0,Mondubim,624,215.0,624.0,3123.04,2000.0,215.0,144.0,16.0,201.0,215.0
230440005220248,Urbana,0,Mondubim,764,267.0,764.0,1730.43,1212.0,267.0,10.0,108.0,261.0,264.0
230440005220249,Urbana,1,Mondubim,805,270.0,805.0,1358.32,1212.0,270.0,21.0,0.0,263.0,270.0
230440005220250,Urbana,1,Mondubim,99,37.0,99.0,1664.84,1200.0,37.0,3.0,,36.0,35.0
230440005220251,Urbana,1,Mondubim,72,26.0,72.0,1201.77,1212.0,26.0,,0.0,26.0,26.0
230440005220252,Urbana,0,Mondubim,516,172.0,516.0,2708.38,1800.0,172.0,169.0,,171.0,171.0
230440005220253,Urbana,1,Mondubim,308,113.0,308.0,1144.75,1200.0,113.0,,0.0,112.0,113.0
230440005220254,Urbana,0,Mondubim,110,43.0,110.0,5593.95,2150.0,43.0,10.0,8.0,41.0,41.0
230440005220255,Urbana,1,Mondubim,122,46.0,122.0,1261.66,1200.0,46.0,35.0,4.0,46.0,46.0
230440005220256,Urbana,0,Mondubim,901,306.0,901.0,2482.3,1212.0,306.0,17.0,0.0,305.0,304.0
230440005220257,Urbana,0,Mondubim,366,111.0,358.0,4145.54,2000.0,111.0,11.0,39.0,101.0,111.0
230440005220258,Urbana,0,Mondubim,1421,485.0,1421.0,4899.97,3500.0,485.0,108.0,33.0,442.0,485.0
230440005220259,Urbana,0,Mondubim,962,300.0,962.0,2904.34,1450.0,300.0,27.0,0.0,273.0,300.0
230440005220260,Urbana,0,Mondubim,1024,337.0,1024.0,2147.98,1212.0,337.0,6.0,0.0,312.0,336.0
230440005220261,Urbana,0,Conjunto Esperança,834,314.0,834.0,1754.21,1212.0,314.0,124.0,0.0,291.0,314.0
230440005220262,Urbana,0,Parque Santa Rosa,660,231.0,660.0,1553.74,1212.0,231.0,3.0,,214.0,231.0
230440005220263,Urbana,0,Parque Santa Rosa,772,283.0,772.0,1358.24,1212.0,283.0,28.0,0.0,263.0,282.0
230440005220264,Urbana,0,Manoel Sátiro,480,158.0,480.0,2102.8,1500.0,158.0,18.0,6.0,150.0,158.0
230440005220265,Urbana,0,Novo Mondubim,939,323.0,939.0,1431.64,1212.0,323.0,209.0,3.0,323.0,322.0
230440005220266,Urbana,0,Novo Mondubim,999,345.0,999.0,1455.58,1300.0,345.0,106.0,,344.0,345.0
230440005220267,Urbana,0,Novo Mondubim,809,291.0,809.0,2237.61,2000.0,291.0,38.0,111.0,172.0,290.0
230440005220268,Urbana,0,Novo Mondubim,822,295.0,822.0,1696.12,1212.0,295.0,42.0,46.0,291.0,295.0
230440005220269,Urbana,0,Novo Mondubim,857,304.0,857.0,1757.6,1212.0,304.0,173.0,9.0,295.0,304.0
230440005220270,Urbana,0,Novo Mondubim,850,281.0,850.0,1682.83,1212.0,281.0,39.0,4.0,273.0,277.0
230440005220271,Urbana,0,Novo Mondubim,979,357.0,979.0,2910.48,2200.0,357.0,63.0,0.0,351.0,357.0
230440005220272,Urbana,0,Novo Mondubim,518,175.0,518.0,1667.69,1212.0,175.0,9.0,0.0,157.0,175.0
230440005220273,Urbana,0,Novo Mondubim,140,50.0,140.0,2661.92,2400.0,50.0,12.0,7.0,47.0,50.0
230440005220274,Urbana,0,Novo Mondubim,375,141.0,375.0,2327.85,2000.0,141.0,138.0,,139.0,141.0
230440005220275,Urbana,0,Novo Mondubim,61,21.0,61.0,2893.8,2712.0,21.0,0.0,0.0,19.0,21.0
230440005220276,Urbana,0,Maraponga,443,161.0,443.0,3604.8,3000.0,161.0,120.0,4.0,157.0,159.0
230440005220277,Urbana,0,Maraponga,875,301.0,875.0,3070.95,1800.0,301.0,153.0,69.0,288.0,301.0
230440005220278,Urbana,0,Maraponga,439,151.0,439.0,3800.36,2000.0,151.0,21.0,11.0,137.0,149.0
230440005220279,Urbana,0,Jardim Cearense,958,313.0,949.0,4186.85,3000.0,313.0,7.0,16.0,287.0,313.0
230440005220280,Urbana,0,Jardim Cearense,823,284.0,823.0,2576.75,1800.0,284.0,277.0,5.0,283.0,284.0
230440005220281,Urbana,0,Mondubim,1375,470.0,1375.0,2443.25,1500.0,470.0,44.0,8.0,445.0,470.0
230440005220282,Urbana,0,Mondubim,703,247.0,703.0,2055.2,1500.0,247.0,46.0,5.0,238.0,246.0
230440005220283,Urbana,0,Mondubim,1747,593.0,1747.0,2051.28,1300.0,593.0,44.0,3.0,562.0,593.0
230440005220284,Urbana,0,Mondubim,708,229.0,708.0,1217.18,1212.0,229.0,27.0,7.0,211.0,227.0
230440005220285,Urbana,0,Mondubim,436,172.0,436.0,2716.51,2000.0,172.0,166.0,3.0,169.0,170.0
230440005220286,Urbana,0,Mondubim,217,77.0,217.0,2735.2,2300.0,77.0,77.0,0.0,77.0,77.0
230440005220287,Urbana,0,Aracapé,760,260.0,760.0,1509.06,1212.0,260.0,63.0,3.0,249.0,259.0
230440005220288,Urbana,0,Aracapé,765,271.0,765.0,1860.56,1212.0,271.0,10.0,0.0,243.0,270.0
230440005220289,Urbana,0,Mondubim,361,123.0,361.0,2258.38,1212.0,123.0,8.0,0.0,117.0,123.0
230440005220290,Urbana,0,Mondubim,581,211.0,581.0,1798.47,1212.0,211.0,0.0,0.0,210.0,211.0
230440005220291,Urbana,0,Mondubim,808,272.0,804.0,1476.93,1212.0,272.0,3.0,0.0,247.0,270.0
230440005220292,Urbana,0,Mondubim,625,204.0,625.0,2456.96,1800.0,204.0,198.0,4.0,200.0,204.0
230440005220293,Urbana,0,Mondubim,931,332.0,915.0,2076.82,1300.0,332.0,82.0,27.0,320.0,332.0
230440005220294,Urbana,0,Mondubim,487,167.0,487.0,1509.31,1212.0,167.0,162.0,0.0,163.0,167.0
230440005220295,Urbana,0,Mondubim,778,261.0,778.0,1757.97,1301.0,261.0,170.0,9.0,257.0,261.0
230440005220296,Urbana,0,Aracapé,703,250.0,703.0,2020.74,1212.0,250.0,0.0,122.0,216.0,212.0
230440005220297,Urbana,0,Aracapé,941,314.0,941.0,1629.33,1212.0,314.0,23.0,283.0,274.0,310.0
230440005220298,Urbana,0,Aracapé,968,318.0,968.0,2077.51,1212.0,318.0,7.0,,282.0,317.0
230440005220299,Urbana,0,Mondubim,808,281.0,808.0,1761.45,1212.0,281.0,0.0,0.0,277.0,281.0
230440005220300,Urbana,0,Mondubim,758,233.0,758.0,1021.13,1030.0,233.0,57.0,11.0,233.0,233.0
230440005220301,Urbana,0,Mondubim,928,325.0,928.0,1097.0,1212.0,325.0,12.0,3.0,320.0,325.0
230440005220302,Urbana,0,Mondubim,826,266.0,820.0,5145.96,4000.0,266.0,12.0,0.0,244.0,264.0
230440005220303,Urbana,0,Mondubim,884,296.0,884.0,4551.22,3001.0,296.0,71.0,23.0,281.0,296.0
230440005220304,Urbana,0,Mondubim,323,139.0,323.0,3217.54,2500.0,139.0,138.0,0.0,132.0,139.0
230440005220305,Urbana,0,Mondubim,429,196.0,429.0,3600.97,3000.0,196.0,90.0,4.0,93.0,195.0
230440005220306,Urbana,0,Mondubim,1045,371.0,1045.0,2352.58,1300.0,371.0,37.0,5.0,334.0,371.0
230440005220307,Urbana,0,Mondubim,714,261.0,714.0,2730.61,1600.0,261.0,10.0,5.0,256.0,259.0
230440005220308,Urbana,1,Mondubim,484,178.0,484.0,1172.34,1212.0,178.0,15.0,0.0,166.0,178.0
230440005220309,Urbana,0,Conjunto Esperança,699,238.0,699.0,2035.4,1212.0,238.0,226.0,8.0,235.0,238.0
230440005220310,Urbana,0,Novo Mondubim,374,150.0,374.0,2442.59,2000.0,150.0,,111.0,,150.0
230440005220311,Urbana,0,Aracapé,603,218.0,603.0,1817.56,1212.0,218.0,13.0,,200.0,218.0
230440005220312,Urbana,0,Aracapé,939,345.0,939.0,1648.78,1200.0,345.0,61.0,24.0,338.0,345.0
230440005220313,Urbana,0,Aracapé,740,283.0,738.0,1330.3,1200.0,283.0,266.0,8.0,280.0,283.0
230440005220314,Urbana,0,Aracapé,708,259.0,708.0,1420.09,1200.0,259.0,227.0,0.0,259.0,259.0
230440005220315,Urbana,1,Mondubim,604,191.0,604.0,1081.25,1200.0,191.0,,0.0,184.0,188.0
230440005220316,Urbana,0,Jardim Cearense,435,166.0,435.0,3195.83,1230.0,166.0,,7.0,149.0,165.0
230440005220317,Urbana,1,Jardim Cearense,145,53.0,145.0,1177.92,1230.0,53.0,4.0,0.0,52.0,53.0
230440005220318,Urbana,1,Maraponga,179,66.0,179.0,1175.66,1200.0,66.0,17.0,3.0,64.0,66.0
230440005220319,Urbana,0,Maraponga,92,32.0,92.0,6786.48,5000.0,32.0,27.0,,32.0,32.0
230440005220320,Urbana,0,Maraponga,41,14.0,41.0,1550.92,1300.0,14.0,,4.0,3.0,14.0
230440005220321,Urbana,1,Maraponga,57,17.0,57.0,1313.65,1200.0,17.0,4.0,,17.0,17.0
230440005220322,Urbana,1,Conjunto Esperança,454,165.0,454.0,1231.01,1212.0,165.0,55.0,0.0,162.0,165.0
230440005220323,Urbana,1,Conjunto Esperança,292,113.0,292.0,1095.3,1212.0,113.0,44.0,0.0,112.0,113.0
230440005220324,Urbana,0,Manoel Sátiro,461,204.0,461.0,2268.92,1800.0,204.0,48.0,14.0,183.0,202.0
230440005220325,Urbana,0,Novo Mondubim,683,232.0,683.0,1732.34,1200.0,232.0,42.0,35.0,219.0,232.0
230440005220326,Urbana,0,Novo Mondubim,99,35.0,99.0,1469.7,1200.0,35.0,31.0,,32.0,35.0
230440005220327,Urbana,0,Novo Mondubim,769,295.0,767.0,2089.64,1212.0,295.0,93.0,0.0,212.0,294.0
230440005220328,Urbana,0,Aracapé,802,279.0,802.0,2134.84,1212.0,279.0,5.0,5.0,242.0,279.0
230440005220329,Urbana,0,Mondubim,711,239.0,711.0,2193.36,1200.0,239.0,5.0,0.0,223.0,239.0
230440005220330,Urbana,0,Novo Mondubim,598,233.0,598.0,2510.37,2000.0,233.0,223.0,,231.0,232.0
230440005220331,Urbana,0,Mondubim,615,199.0,615.0,3402.27,2500.0,199.0,195.0,,197.0,199.0
230440005220332,Urbana,0,Mondubim,971,342.0,971.0,2050.03,1212.0,342.0,7.0,,310.0,342.0
230440005220333,Urbana,0,Mondubim,538,192.0,538.0,1601.36,1200.0,192.0,12.0,4.0,180.0,192.0
230440005220334,Urbana,4,Conjunto Esperança,0,,,,,,,,,
230440005220335,Urbana,0,Mondubim,722,243.0,722.0,2871.31,2000.0,243.0,240.0,,243.0,243.0
230440005220336,Urbana,1,Mondubim,196,79.0,196.0,1521.97,1200.0,79.0,75.0,0.0,79.0,77.0
230440005220337,Urbana,0,Mondubim,259,92.0,259.0,1978.78,1212.0,92.0,11.0,4.0,91.0,92.0
230440005220338,Urbana,0,Mondubim,246,75.0,246.0,3120.59,2500.0,75.0,22.0,4.0,69.0,75.0
230440005220339,Urbana,0,Maraponga,142,55.0,142.0,3457.96,2500.0,55.0,0.0,0.0,55.0,55.0
230440005220340,Urbana,0,Manoel Sátiro,616,228.0,616.0,1435.44,1212.0,228.0,17.0,0.0,223.0,227.0
230440005220341,Urbana,0,Mondubim,445,156.0,445.0,1360.93,1212.0,156.0,17.0,7.0,152.0,156.0
230440005220342,Urbana,0,Mondubim,352,119.0,352.0,1594.25,1200.0,119.0,,18.0,111.0,118.0
230440005220343,Urbana,0,Novo Mondubim,757,258.0,757.0,2138.54,1212.0,258.0,203.0,36.0,253.0,257.0
230440005220344,Urbana,0,Novo Mondubim,503,166.0,503.0,1329.46,1200.0,166.0,102.0,10.0,151.0,166.0
230440005220345,Urbana,0,Parque Presidente Vargas,737,250.0,737.0,1716.93,1222.0,250.0,235.0,5.0,243.0,250.0
230440005220346,Urbana,0,Parque Presidente Vargas,945,335.0,945.0,1622.22,1214.0,335.0,41.0,7.0,325.0,335.0
230440005220347,Urbana,0,Aracapé,758,252.0,758.0,1617.58,1212.0,252.0,23.0,0.0,235.0,252.0
230440005220348,Urbana,0,Aracapé,926,315.0,926.0,1971.76,1212.0,315.0,17.0,,311.0,315.0
230440005220349,Urbana,0,Mondubim,1277,453.0,1277.0,4412.43,3000.0,453.0,44.0,27.0,437.0,451.0
230440005220350,Urbana,0,Mondubim,147,31.0,86.0,1529.04,1212.0,31.0,3.0,0.0,31.0,31.0
230440005220351,Urbana,0,Mondubim,1030,343.0,1030.0,2221.56,1200.0,343.0,30.0,5.0,341.0,343.0
230440005220352,Urbana,0,Mondubim,1121,359.0,1121.0,6619.29,5000.0,359.0,18.0,4.0,355.0,358.0
230440005220353,Urbana,0,Maraponga,893,348.0,893.0,5153.29,4000.0,348.0,297.0,17.0,343.0,348.0
230440005220354,Urbana,0,Maraponga,1413,593.0,1413.0,3749.69,3000.0,593.0,151.0,,577.0,592.0
230440005220355,Urbana,0,Mondubim,1003,389.0,1003.0,4453.79,3500.0,389.0,98.0,192.0,376.0,388.0
230440005220356,Urbana,0,Mondubim,565,223.0,565.0,4653.92,3000.0,223.0,51.0,0.0,181.0,221.0
230440005220357,Urbana,0,Aracapé,311,117.0,311.0,1465.64,1212.0,117.0,12.0,0.0,103.0,116.0
230440005220358,Urbana,0,Aracapé,1248,416.0,1248.0,1303.29,1200.0,416.0,21.0,,381.0,415.0
230440005220359,Urbana,0,Mondubim,965,350.0,963.0,1931.84,1500.0,350.0,11.0,293.0,343.0,348.0
230440005220360,Urbana,0,Mondubim,594,223.0,594.0,2325.51,1500.0,223.0,19.0,,201.0,223.0
230440005220361,Urbana,0,Mondubim,780,261.0,765.0,1748.96,1212.0,261.0,14.0,0.0,250.0,258.0
230440005220362,Urbana,0,Mondubim,664,254.0,664.0,2427.3,1700.0,254.0,61.0,32.0,221.0,254.0
230440005220363,Urbana,0,Maraponga,848,303.0,848.0,4796.35,3000.5,303.0,29.0,87.0,287.0,303.0
230440005220364,Urbana,0,Maraponga,639,267.0,639.0,3373.79,2500.0,267.0,58.0,13.0,267.0,267.0
230440005220365,Urbana,0,Maraponga,648,279.0,648.0,3686.35,3000.0,279.0,263.0,3.0,278.0,279.0
230440005230001,Urbana,0,Conjunto Ceará II,1088,396.0,1086.0,3297.95,2500.0,396.0,396.0,0.0,376.0,396.0
230440005230002,Urbana,0,Conjunto Ceará II,953,336.0,953.0,1758.04,1212.0,336.0,311.0,20.0,331.0,335.0
230440005230003,Urbana,0,Conjunto Ceará II,726,248.0,726.0,2393.73,1500.0,248.0,238.0,10.0,240.0,247.0
230440005230004,Urbana,0,Conjunto Ceará II,919,316.0,919.0,1851.64,1400.0,316.0,304.0,12.0,306.0,316.0
230440005230005,Urbana,0,Conjunto Ceará II,818,272.0,818.0,1535.81,1212.0,272.0,271.0,0.0,264.0,272.0
230440005230006,Urbana,0,Conjunto Ceará II,1012,347.0,1012.0,2577.14,1500.0,347.0,346.0,,336.0,347.0
230440005230007,Urbana,0,Conjunto Ceará II,984,327.0,984.0,2077.14,1212.0,327.0,327.0,0.0,319.0,327.0
230440005230008,Urbana,0,Conjunto Ceará II,749,245.0,749.0,1975.58,1212.0,245.0,244.0,,244.0,245.0
230440005230009,Urbana,0,Conjunto Ceará II,885,309.0,885.0,2126.79,1250.0,309.0,303.0,3.0,304.0,307.0
230440005230010,Urbana,0,Conjunto Ceará II,663,224.0,663.0,2113.78,1300.0,224.0,222.0,0.0,223.0,224.0
230440005230011,Urbana,0,Conjunto Ceará II,685,235.0,685.0,2711.3,1475.0,235.0,225.0,0.0,235.0,235.0
230440005230012,Urbana,0,Conjunto Ceará II,624,213.0,624.0,2307.61,1212.0,213.0,200.0,,212.0,212.0
230440005230013,Urbana,0,Conjunto Ceará II,669,227.0,669.0,1755.05,1212.0,227.0,226.0,0.0,226.0,227.0
230440005230014,Urbana,0,Conjunto Ceará II,631,213.0,631.0,2156.03,2000.0,213.0,212.0,0.0,210.0,213.0
230440005230015,Urbana,0,Conjunto Ceará II,957,333.0,957.0,2403.69,1400.0,333.0,293.0,24.0,332.0,332.0
230440005230016,Urbana,0,Conjunto Ceará II,490,173.0,489.0,2024.36,1226.0,173.0,168.0,,173.0,173.0
230440005230017,Urbana,0,Conjunto Ceará II,730,250.0,729.0,2207.77,1400.0,250.0,234.0,7.0,248.0,250.0
230440005230018,Urbana,0,Conjunto Ceará II,908,321.0,908.0,2146.23,1300.0,321.0,302.0,14.0,321.0,320.0
230440005230019,Urbana,0,Conjunto Ceará II,877,297.0,877.0,2098.69,1212.0,297.0,272.0,20.0,296.0,297.0
230440005230020,Urbana,0,Conjunto Ceará II,772,255.0,772.0,2403.28,1212.0,255.0,247.0,7.0,254.0,255.0
230440005230021,Urbana,0,Conjunto Ceará II,398,140.0,398.0,2228.61,1600.0,140.0,132.0,0.0,140.0,139.0
230440005230022,Urbana,0,Conjunto Ceará II,761,264.0,761.0,2219.42,1500.0,264.0,247.0,,257.0,264.0
230440005230023,Urbana,0,Conjunto Ceará II,451,156.0,451.0,2664.27,2000.0,156.0,156.0,0.0,153.0,156.0
230440005230024,Urbana,0,Conjunto Ceará II,735,262.0,735.0,2224.37,1506.0,262.0,261.0,0.0,262.0,262.0
230440005230025,Urbana,0,Conjunto Ceará II,734,235.0,734.0,1558.6,1212.0,235.0,233.0,,231.0,235.0
230440005230026,Urbana,0,Conjunto Ceará II,718,245.0,718.0,2297.83,1500.0,245.0,241.0,,244.0,245.0
230440005230027,Urbana,0,Conjunto Ceará II,533,183.0,533.0,1993.65,1200.0,183.0,180.0,0.0,183.0,183.0
230440005230028,Urbana,0,Conjunto Ceará II,600,202.0,600.0,2025.2,1200.0,202.0,201.0,0.0,202.0,202.0
230440005230029,Urbana,0,Conjunto Ceará II,512,172.0,512.0,1871.63,1212.0,172.0,169.0,,172.0,172.0
230440005230030,Urbana,1,Autran Nunes,795,249.0,788.0,1421.64,1212.0,249.0,242.0,,246.0,248.0
230440005230031,Urbana,0,Autran Nunes,315,133.0,315.0,1378.71,1001.0,133.0,133.0,0.0,131.0,133.0
230440005230032,Urbana,1,Autran Nunes,162,54.0,162.0,1298.57,1212.0,54.0,40.0,0.0,52.0,54.0
230440005230033,Urbana,1,Autran Nunes,194,55.0,194.0,1246.55,1200.0,55.0,48.0,4.0,55.0,55.0
230440005230034,Urbana,1,Autran Nunes,568,196.0,568.0,1182.58,1200.0,196.0,110.0,,184.0,194.0
230440005230035,Urbana,1,Autran Nunes,856,283.0,856.0,1336.89,1212.0,283.0,278.0,0.0,253.0,283.0
230440005230036,Urbana,1,Autran Nunes,1045,326.0,1045.0,1376.66,1200.0,326.0,302.0,7.0,292.0,323.0
230440005230037,Urbana,1,Autran Nunes,411,144.0,411.0,1410.46,1212.0,144.0,139.0,0.0,111.0,139.0
230440005230038,Urbana,0,Autran Nunes,783,239.0,781.0,1415.03,1212.0,239.0,233.0,5.0,228.0,239.0
230440005230039,Urbana,0,Autran Nunes,507,169.0,507.0,1825.87,1212.0,169.0,168.0,,159.0,168.0
230440005230040,Urbana,1,Autran Nunes,980,319.0,980.0,1719.77,1450.0,319.0,317.0,,319.0,319.0
230440005230041,Urbana,1,Autran Nunes,578,191.0,578.0,2005.91,1600.0,191.0,191.0,0.0,191.0,191.0
230440005230042,Urbana,4,Autran Nunes,0,,,,,,,,,
230440005230043,Urbana,1,Autran Nunes,365,116.0,365.0,1458.12,1200.0,116.0,106.0,0.0,114.0,114.0
230440005230044,Urbana,1,Autran Nunes,98,30.0,98.0,1082.76,1200.0,30.0,13.0,0.0,23.0,30.0
230440005230045,Urbana,1,Autran Nunes,588,204.0,588.0,1289.18,1200.0,204.0,152.0,3.0,197.0,202.0
230440005230046,Urbana,1,Autran Nunes,148,50.0,148.0,1924.71,1212.0,50.0,44.0,,42.0,50.0
230440005230047,Urbana,0,Autran Nunes,885,302.0,885.0,1965.22,1212.0,302.0,292.0,,252.0,302.0
230440005230048,Urbana,0,Autran Nunes,92,30.0,92.0,1060.0,1200.0,30.0,24.0,6.0,29.0,29.0
230440005230049,Urbana,0,Dom Lustosa,925,324.0,925.0,1640.98,1212.0,324.0,317.0,0.0,317.0,324.0
230440005230050,Urbana,1,Dom Lustosa,806,273.0,806.0,1130.48,1200.0,273.0,252.0,3.0,271.0,273.0
230440005230051,Urbana,0,Dom Lustosa,772,274.0,772.0,1688.0,1200.0,274.0,221.0,,227.0,272.0
230440005230052,Urbana,0,Dom Lustosa,853,305.0,853.0,1710.0,1212.0,305.0,275.0,,290.0,304.0
230440005230053,Urbana,0,Dom Lustosa,1134,392.0,1134.0,2382.21,1300.0,392.0,361.0,0.0,362.0,391.0
230440005230054,Urbana,0,Dom Lustosa,774,276.0,774.0,2097.25,1277.0,276.0,274.0,,270.0,276.0
230440005230055,Urbana,0,Dom Lustosa,504,180.0,504.0,2275.94,1400.0,180.0,179.0,,180.0,180.0
230440005230056,Urbana,0,Dom Lustosa,857,298.0,857.0,2556.19,1500.0,298.0,254.0,,223.0,298.0
230440005230057,Urbana,0,Dom Lustosa,771,261.0,771.0,1675.79,1212.0,261.0,259.0,,259.0,261.0
230440005230058,Urbana,0,Henrique Jorge,1117,392.0,1117.0,2036.92,1212.0,392.0,370.0,6.0,355.0,392.0
230440005230059,Urbana,0,Henrique Jorge,851,309.0,848.0,1979.96,1212.0,309.0,299.0,6.0,259.0,309.0
230440005230060,Urbana,0,Henrique Jorge,591,216.0,591.0,2518.79,1800.0,216.0,180.0,14.0,181.0,215.0
230440005230061,Urbana,0,Henrique Jorge,656,222.0,656.0,3183.18,1700.0,222.0,211.0,,207.0,222.0
230440005230062,Urbana,0,Henrique Jorge,934,316.0,934.0,2843.77,1500.0,316.0,297.0,5.0,300.0,315.0
230440005230063,Urbana,0,Henrique Jorge,537,191.0,537.0,2527.21,2424.0,191.0,190.0,0.0,191.0,191.0
230440005230064,Urbana,0,Henrique Jorge,461,150.0,461.0,1763.15,1212.0,150.0,149.0,0.0,147.0,150.0
230440005230065,Urbana,0,Henrique Jorge,291,114.0,291.0,1572.3,1212.0,114.0,90.0,14.0,93.0,114.0
230440005230066,Urbana,0,Henrique Jorge,887,308.0,887.0,2571.5,2000.0,308.0,300.0,5.0,300.0,308.0
230440005230067,Urbana,0,Henrique Jorge,715,257.0,715.0,2256.0,1212.0,257.0,240.0,3.0,210.0,257.0
230440005230068,Urbana,0,Henrique Jorge,607,195.0,607.0,2822.75,2424.0,195.0,195.0,0.0,195.0,195.0
230440005230069,Urbana,0,Henrique Jorge,725,240.0,725.0,3186.78,1625.0,240.0,224.0,5.0,206.0,240.0
230440005230070,Urbana,0,Henrique Jorge,651,213.0,651.0,3739.41,3000.0,213.0,191.0,,213.0,213.0
230440005230071,Urbana,0,Henrique Jorge,958,315.0,957.0,2946.5,1500.0,315.0,284.0,9.0,294.0,315.0
230440005230072,Urbana,0,Henrique Jorge,794,286.0,792.0,2375.36,1212.0,286.0,263.0,0.0,269.0,286.0
230440005230073,Urbana,0,Henrique Jorge,620,210.0,620.0,2359.31,1200.0,210.0,184.0,21.0,200.0,210.0
230440005230074,Urbana,0,Henrique Jorge,574,203.0,574.0,2119.97,1200.0,203.0,199.0,3.0,200.0,202.0
230440005230075,Urbana,0,Henrique Jorge,703,235.0,703.0,1916.24,1212.0,235.0,209.0,0.0,193.0,235.0
230440005230076,Urbana,0,Henrique Jorge,854,343.0,854.0,1280.18,1212.0,343.0,343.0,0.0,339.0,343.0
230440005230077,Urbana,0,Henrique Jorge,888,304.0,888.0,1647.25,1212.0,304.0,290.0,8.0,293.0,304.0
230440005230078,Urbana,1,Henrique Jorge,212,62.0,212.0,1169.85,1212.0,62.0,42.0,0.0,47.0,52.0
230440005230079,Urbana,0,Henrique Jorge,710,234.0,710.0,1267.03,1200.0,234.0,223.0,7.0,213.0,233.0
230440005230080,Urbana,0,João XXIII,689,259.0,689.0,1757.79,1200.0,259.0,249.0,0.0,225.0,259.0
230440005230081,Urbana,4,Henrique Jorge,0,,,,,,,,,
230440005230082,Urbana,0,Henrique Jorge,1188,409.0,1188.0,1507.25,1212.0,409.0,390.0,,381.0,409.0
230440005230083,Urbana,0,Henrique Jorge,819,251.0,790.0,1518.56,1212.0,251.0,247.0,,214.0,251.0
230440005230084,Urbana,0,João XXIII,1119,386.0,1119.0,2522.62,1300.0,386.0,376.0,0.0,322.0,386.0
230440005230085,Urbana,0,João XXIII,567,202.0,567.0,3637.52,2400.0,202.0,186.0,14.0,201.0,202.0
230440005230086,Urbana,0,João XXIII,684,237.0,684.0,1675.93,1212.0,237.0,204.0,6.0,219.0,237.0
230440005230087,Urbana,0,João XXIII,671,238.0,671.0,1470.39,1212.0,238.0,238.0,0.0,225.0,238.0
230440005230088,Urbana,0,João XXIII,768,283.0,768.0,2261.74,1500.0,283.0,271.0,,273.0,283.0
230440005230089,Urbana,0,João XXIII,493,175.0,493.0,1980.87,1500.0,175.0,174.0,0.0,174.0,175.0
230440005230090,Urbana,0,João XXIII,917,329.0,917.0,1641.38,1200.0,329.0,329.0,0.0,329.0,329.0
230440005230091,Urbana,0,João XXIII,528,193.0,528.0,1853.03,1212.0,193.0,192.0,0.0,175.0,191.0
230440005230092,Urbana,0,João XXIII,722,242.0,722.0,2379.33,1500.0,242.0,232.0,,216.0,242.0
230440005230093,Urbana,0,João XXIII,900,313.0,900.0,1961.58,1212.0,313.0,301.0,,287.0,313.0
230440005230094,Urbana,0,João XXIII,792,254.0,792.0,2648.83,2424.0,254.0,252.0,,249.0,254.0
230440005230095,Urbana,0,João XXIII,352,135.0,352.0,1555.79,1212.0,135.0,113.0,,125.0,133.0
230440005230096,Urbana,0,João XXIII,946,338.0,946.0,2059.55,1427.5,338.0,327.0,,314.0,338.0
230440005230097,Urbana,1,Autran Nunes,349,122.0,349.0,936.07,900.0,122.0,117.0,0.0,121.0,122.0
230440005230098,Urbana,0,João XXIII,736,254.0,736.0,1621.07,1212.0,254.0,235.0,12.0,237.0,254.0
230440005230099,Urbana,0,João XXIII,473,172.0,473.0,1322.51,1212.0,172.0,125.0,8.0,157.0,170.0
230440005230100,Urbana,1,Autran Nunes,264,77.0,264.0,1084.46,1206.0,77.0,68.0,,73.0,77.0
230440005230101,Urbana,1,Autran Nunes,210,70.0,210.0,1455.64,1212.0,70.0,68.0,0.0,68.0,70.0
230440005230102,Urbana,0,Autran Nunes,682,234.0,682.0,1110.53,1200.0,234.0,223.0,0.0,210.0,233.0
230440005230103,Urbana,1,Dom Lustosa,500,181.0,500.0,1455.77,1300.0,181.0,112.0,10.0,159.0,179.0
230440005230104,Urbana,0,Dom Lustosa,621,205.0,621.0,1366.26,1200.0,205.0,188.0,0.0,179.0,204.0
230440005230105,Urbana,1,Dom Lustosa,457,158.0,457.0,1439.55,1200.0,158.0,88.0,4.0,142.0,158.0
230440005230106,Urbana,0,Dom Lustosa,633,237.0,633.0,2831.64,1850.0,237.0,164.0,,227.0,237.0
230440005230107,Urbana,1,Autran Nunes,509,149.0,509.0,1117.97,1212.0,149.0,140.0,,147.0,149.0
230440005230108,Urbana,1,Autran Nunes,510,179.0,510.0,1349.5,1212.0,179.0,175.0,0.0,179.0,179.0
230440005230109,Urbana,1,Autran Nunes,363,120.0,363.0,1278.98,1212.0,120.0,101.0,,117.0,119.0
230440005230110,Urbana,1,Autran Nunes,173,61.0,173.0,1422.1,1200.0,61.0,56.0,0.0,53.0,61.0
230440005230111,Urbana,1,Autran Nunes,770,228.0,770.0,1263.33,1212.0,228.0,181.0,34.0,227.0,227.0
230440005230112,Urbana,1,Autran Nunes,477,160.0,477.0,1215.48,1212.0,160.0,159.0,,160.0,159.0
230440005230113,Urbana,0,Dom Lustosa,741,248.0,741.0,1494.8,1200.0,248.0,221.0,4.0,221.0,248.0
230440005230114,Urbana,0,Dom Lustosa,550,224.0,550.0,2999.19,2400.0,224.0,213.0,8.0,224.0,224.0
230440005230115,Urbana,0,Dom Lustosa,836,262.0,836.0,3215.47,1700.0,262.0,259.0,,244.0,261.0
230440005230116,Urbana,0,Henrique Jorge,774,265.0,760.0,2336.75,1212.0,265.0,250.0,,233.0,265.0
230440005230117,Urbana,0,Henrique Jorge,536,185.0,536.0,2542.25,1212.0,185.0,158.0,,183.0,185.0
230440005230118,Urbana,0,Henrique Jorge,483,165.0,483.0,1478.84,1212.0,165.0,148.0,9.0,153.0,164.0
230440005230119,Urbana,0,Henrique Jorge,615,210.0,615.0,2539.67,1212.0,210.0,198.0,3.0,194.0,210.0
230440005230120,Urbana,0,Henrique Jorge,514,174.0,514.0,3020.13,1300.0,174.0,141.0,,157.0,174.0
230440005230121,Urbana,0,João XXIII,804,295.0,804.0,1658.97,1212.0,295.0,292.0,0.0,251.0,295.0
230440005230122,Urbana,0,João XXIII,484,176.0,484.0,1765.41,1212.0,176.0,175.0,0.0,171.0,176.0
230440005230123,Urbana,0,João XXIII,561,195.0,559.0,2463.07,1900.0,195.0,190.0,,195.0,195.0
230440005230124,Urbana,0,João XXIII,566,195.0,557.0,1633.7,1212.0,195.0,192.0,,183.0,195.0
230440005230125,Urbana,0,João XXIII,611,210.0,611.0,2023.89,1350.0,210.0,207.0,,177.0,210.0
230440005230126,Urbana,1,João XXIII,122,39.0,122.0,1386.61,1212.0,39.0,30.0,0.0,38.0,38.0
230440005230127,Urbana,1,João XXIII,202,68.0,202.0,1122.31,1212.0,68.0,54.0,0.0,62.0,68.0
230440005230128,Urbana,1,Henrique Jorge,694,245.0,694.0,1170.86,1212.0,245.0,245.0,0.0,245.0,245.0
230440005230129,Urbana,1,Henrique Jorge,456,153.0,456.0,1381.18,1212.0,153.0,151.0,,151.0,152.0
230440005230130,Urbana,0,Autran Nunes,740,246.0,740.0,1430.8,1212.0,246.0,233.0,6.0,194.0,246.0
230440005230131,Urbana,4,Autran Nunes,0,,,,,,,,,
230440005230132,Urbana,1,Autran Nunes,126,39.0,126.0,1005.53,1200.0,39.0,16.0,0.0,38.0,39.0
230440005230133,Urbana,0,Autran Nunes,351,123.0,351.0,1307.54,1212.0,123.0,105.0,6.0,99.0,123.0
230440005230134,Urbana,0,Autran Nunes,641,224.0,641.0,1352.15,1212.0,224.0,223.0,0.0,220.0,224.0
230440005230135,Urbana,0,Autran Nunes,119,42.0,119.0,1649.6,1500.0,42.0,37.0,,42.0,42.0
230440005230136,Urbana,1,Autran Nunes,65,22.0,65.0,2102.73,1500.0,22.0,21.0,0.0,22.0,22.0
230440005230137,Urbana,0,Autran Nunes,571,195.0,571.0,1308.9,1212.0,195.0,191.0,,175.0,195.0
230440005230138,Urbana,1,Autran Nunes,491,150.0,491.0,1179.12,1200.0,150.0,123.0,9.0,149.0,149.0
230440005230139,Urbana,0,Autran Nunes,360,113.0,360.0,2547.7,1500.0,113.0,111.0,0.0,104.0,113.0
230440005230140,Urbana,1,Autran Nunes,451,154.0,449.0,1237.25,1200.0,154.0,147.0,7.0,154.0,154.0
230440005230141,Urbana,0,Autran Nunes,225,77.0,225.0,1846.24,1212.0,77.0,76.0,0.0,50.0,77.0
230440005230142,Urbana,0,João XXIII,810,283.0,810.0,1376.03,1200.0,283.0,259.0,17.0,245.0,282.0
230440005230143,Urbana,0,João XXIII,274,99.0,274.0,1369.02,1212.0,99.0,98.0,0.0,86.0,99.0
230440005230144,Urbana,0,Henrique Jorge,614,210.0,614.0,2294.1,2000.0,210.0,208.0,,209.0,210.0
230440005230145,Urbana,1,João XXIII,684,233.0,684.0,1166.34,1200.0,233.0,103.0,16.0,219.0,228.0
230440005230146,Urbana,1,Autran Nunes,382,119.0,382.0,1393.47,1212.0,119.0,116.0,0.0,117.0,119.0
230440005230147,Urbana,4,Autran Nunes,0,,,,,,,,,
230440005230148,Urbana,0,Autran Nunes,167,50.0,167.0,1252.0,1200.0,50.0,50.0,0.0,49.0,50.0
230440005230149,Urbana,4,Autran Nunes,0,,,,,,,,,
230440005230150,Urbana,1,Autran Nunes,344,108.0,344.0,1082.42,1212.0,108.0,103.0,0.0,102.0,108.0
230440005230151,Urbana,1,Henrique Jorge,332,115.0,332.0,1469.81,1212.0,115.0,104.0,0.0,102.0,115.0
230440005230152,Urbana,1,Henrique Jorge,369,121.0,369.0,1169.87,1212.0,121.0,89.0,,109.0,120.0
230440005230153,Urbana,0,Dom Lustosa,636,221.0,636.0,1597.42,1212.0,221.0,221.0,0.0,216.0,221.0
230440005230154,Urbana,0,Henrique Jorge,855,308.0,855.0,3010.35,2424.0,308.0,305.0,,308.0,308.0
230440005230155,Urbana,0,Henrique Jorge,849,352.0,849.0,2902.3,2000.0,352.0,273.0,78.0,278.0,350.0
230440005230156,Urbana,1,Genibaú,476,159.0,476.0,1164.85,1212.0,159.0,101.0,5.0,154.0,158.0
230440005230157,Urbana,1,Genibaú,576,202.0,576.0,1127.56,1212.0,202.0,195.0,0.0,199.0,201.0
230440005230158,Urbana,0,Conjunto Ceará I,573,195.0,573.0,2073.11,1400.0,195.0,195.0,0.0,194.0,195.0
230440005230159,Urbana,0,Conjunto Ceará I,504,171.0,504.0,3289.68,2000.0,171.0,171.0,0.0,165.0,170.0
230440005230160,Urbana,0,Conjunto Ceará I,444,157.0,444.0,2496.11,1300.0,157.0,157.0,0.0,134.0,157.0
230440005230161,Urbana,0,Conjunto Ceará I,773,254.0,772.0,2548.9,1500.0,254.0,254.0,0.0,235.0,252.0
230440005230162,Urbana,1,Genibaú,362,140.0,362.0,942.45,1200.0,140.0,6.0,0.0,139.0,140.0
230440005230163,Urbana,1,Genibaú,483,158.0,483.0,1008.96,1200.0,158.0,5.0,0.0,155.0,158.0
230440005230164,Urbana,1,Genibaú,354,104.0,354.0,1222.21,1212.0,104.0,8.0,,3.0,102.0
230440005230165,Urbana,0,Genibaú,360,132.0,360.0,1190.87,1212.0,132.0,130.0,0.0,132.0,131.0
230440005230166,Urbana,0,Genibaú,123,46.0,123.0,1021.85,1212.0,46.0,24.0,12.0,45.0,46.0
230440005230167,Urbana,1,Genibaú,272,96.0,272.0,1302.0,1212.0,96.0,65.0,17.0,96.0,96.0
230440005230168,Urbana,1,Genibaú,247,88.0,243.0,1470.35,1212.0,88.0,88.0,0.0,88.0,88.0
230440005230169,Urbana,1,Genibaú,110,37.0,110.0,1027.31,1212.0,37.0,28.0,0.0,37.0,37.0
230440005230170,Urbana,1,Genibaú,716,251.0,716.0,1154.9,1212.0,251.0,166.0,0.0,248.0,251.0
230440005230171,Urbana,1,Genibaú,634,200.0,634.0,1615.94,1212.0,200.0,199.0,0.0,200.0,200.0
230440005230172,Urbana,1,Genibaú,370,120.0,370.0,957.19,850.0,120.0,76.0,,117.0,120.0
230440005230173,Urbana,1,Genibaú,280,99.0,280.0,1281.06,1200.0,99.0,99.0,0.0,98.0,99.0
230440005230174,Urbana,0,Genibaú,285,99.0,285.0,1301.81,1200.0,99.0,99.0,0.0,99.0,99.0
230440005230175,Urbana,1,Genibaú,584,188.0,584.0,1123.74,1212.0,188.0,162.0,6.0,187.0,187.0
230440005230176,Urbana,0,Genibaú,243,77.0,243.0,1352.61,1212.0,77.0,77.0,0.0,77.0,77.0
230440005230177,Urbana,1,Genibaú,659,251.0,659.0,1237.16,1212.0,251.0,229.0,0.0,248.0,251.0
230440005230178,Urbana,1,Genibaú,1090,380.0,1090.0,1109.35,1200.0,380.0,378.0,0.0,380.0,380.0
230440005230179,Urbana,0,Genibaú,776,293.0,776.0,1527.46,1212.0,293.0,285.0,4.0,286.0,292.0
230440005230180,Urbana,1,Genibaú,969,349.0,969.0,1404.15,1212.0,349.0,305.0,,349.0,349.0
230440005230181,Urbana,1,Genibaú,566,197.0,566.0,1173.24,1215.0,197.0,124.0,0.0,197.0,196.0
230440005230182,Urbana,1,Genibaú,942,329.0,942.0,1184.72,1215.0,329.0,194.0,0.0,298.0,327.0
230440005230183,Urbana,1,Genibaú,259,89.0,259.0,1127.9,1212.0,89.0,59.0,0.0,86.0,89.0
230440005230184,Urbana,1,Genibaú,1412,497.0,1412.0,1063.9,1200.0,497.0,5.0,0.0,249.0,464.0
230440005230185,Urbana,4,Genibaú,0,,,,,,,,,
230440005230186,Urbana,1,Genibaú,712,240.0,712.0,1256.01,1212.0,240.0,238.0,,240.0,240.0
230440005230187,Urbana,1,Genibaú,670,243.0,670.0,1301.65,1212.0,243.0,83.0,152.0,243.0,243.0
230440005230188,Urbana,1,Genibaú,1029,339.0,1029.0,1094.6,1212.0,339.0,173.0,161.0,338.0,339.0
230440005230189,Urbana,1,Genibaú,84,24.0,84.0,1173.17,1212.0,24.0,19.0,3.0,24.0,24.0
230440005230190,Urbana,1,Genibaú,380,134.0,380.0,1090.63,1212.0,134.0,8.0,112.0,124.0,134.0
230440005230191,Urbana,1,Genibaú,476,170.0,476.0,1113.58,1200.0,170.0,138.0,,170.0,170.0
230440005230192,Urbana,1,Genibaú,754,233.0,754.0,1327.96,1212.0,233.0,135.0,6.0,233.0,233.0
230440005230193,Urbana,1,Genibaú,266,92.0,266.0,1276.91,1212.0,92.0,81.0,10.0,82.0,92.0
230440005230194,Urbana,1,Genibaú,668,221.0,668.0,990.0,1200.0,221.0,74.0,0.0,219.0,221.0
230440005230195,Urbana,1,Genibaú,166,52.0,166.0,1303.54,1212.0,52.0,,,52.0,52.0
230440005230196,Urbana,1,Genibaú,369,133.0,369.0,1230.39,1212.0,133.0,133.0,0.0,133.0,133.0
230440005230197,Urbana,1,Genibaú,485,162.0,485.0,1102.46,1212.0,162.0,8.0,0.0,157.0,145.0
230440005230198,Urbana,1,Genibaú,106,34.0,106.0,1168.88,1212.0,34.0,,0.0,31.0,34.0
230440005230199,Urbana,1,Genibaú,17,6.0,17.0,1358.0,1212.0,6.0,0.0,0.0,6.0,6.0
230440005230200,Urbana,0,Genibaú,432,146.0,432.0,1885.13,1212.0,146.0,144.0,,129.0,146.0
230440005230201,Urbana,0,Genibaú,742,262.0,742.0,1496.23,1212.0,262.0,262.0,0.0,262.0,262.0
230440005230202,Urbana,0,Genibaú,701,241.0,701.0,1354.73,1212.0,241.0,241.0,0.0,238.0,241.0
230440005230203,Urbana,0,Genibaú,690,234.0,690.0,1294.16,1212.0,234.0,225.0,,223.0,234.0
230440005230204,Urbana,0,Conjunto Ceará I,810,269.0,810.0,2621.21,1600.0,269.0,268.0,0.0,265.0,269.0
230440005230205,Urbana,0,Conjunto Ceará I,969,354.0,969.0,2702.81,2000.0,354.0,353.0,0.0,350.0,354.0
230440005230206,Urbana,0,Conjunto Ceará I,445,155.0,445.0,1984.86,1217.0,155.0,155.0,0.0,155.0,155.0
230440005230207,Urbana,0,Conjunto Ceará I,827,294.0,827.0,2104.11,1212.0,294.0,283.0,3.0,283.0,294.0
230440005230208,Urbana,0,Conjunto Ceará I,829,307.0,829.0,1788.04,1212.0,307.0,299.0,5.0,291.0,305.0
230440005230209,Urbana,0,Conjunto Ceará I,678,239.0,678.0,1804.85,1200.0,239.0,227.0,10.0,215.0,239.0
230440005230210,Urbana,0,Conjunto Ceará I,822,280.0,822.0,4305.1,2000.0,280.0,273.0,,273.0,280.0
230440005230211,Urbana,0,Conjunto Ceará I,663,215.0,663.0,2294.73,1500.0,215.0,215.0,0.0,214.0,215.0
230440005230212,Urbana,0,Conjunto Ceará I,684,232.0,684.0,2481.5,1800.0,232.0,230.0,,225.0,232.0
230440005230213,Urbana,0,Conjunto Ceará I,953,303.0,953.0,2379.83,1500.0,303.0,296.0,,301.0,301.0
230440005230214,Urbana,0,Conjunto Ceará I,589,199.0,588.0,2596.95,2300.0,199.0,199.0,0.0,199.0,199.0
230440005230215,Urbana,1,Genibaú,792,266.0,792.0,1554.98,1212.0,266.0,252.0,,256.0,266.0
230440005230216,Urbana,0,Conjunto Ceará I,436,152.0,436.0,2545.26,1500.0,152.0,149.0,,152.0,152.0
230440005230217,Urbana,1,Genibaú,689,245.0,689.0,1918.68,1500.0,245.0,128.0,0.0,245.0,245.0
230440005230218,Urbana,1,Genibaú,866,289.0,866.0,1279.45,1212.0,289.0,19.0,125.0,285.0,289.0
230440005230219,Urbana,1,Genibaú,569,210.0,569.0,1135.58,1212.0,210.0,208.0,,209.0,210.0
230440005230220,Urbana,1,Genibaú,999,330.0,999.0,982.28,1212.0,330.0,275.0,10.0,325.0,330.0
230440005230221,Urbana,1,Genibaú,574,201.0,574.0,1287.56,1212.0,201.0,178.0,23.0,201.0,201.0
230440005230222,Urbana,1,Genibaú,409,123.0,407.0,1212.05,1212.0,123.0,9.0,,120.0,123.0
230440005230223,Urbana,0,Genibaú,598,210.0,598.0,1395.31,1212.0,210.0,210.0,0.0,209.0,210.0
230440005230224,Urbana,0,Genibaú,582,199.0,582.0,1766.91,1212.0,199.0,197.0,,199.0,199.0
230440005230225,Urbana,0,Genibaú,589,203.0,584.0,1865.88,1212.0,203.0,202.0,,202.0,203.0
230440005230226,Urbana,0,Conjunto Ceará I,829,287.0,829.0,2844.27,1700.0,287.0,278.0,5.0,262.0,285.0
230440005230227,Urbana,0,Conjunto Ceará I,873,314.0,873.0,2351.01,1212.0,314.0,307.0,4.0,310.0,312.0
230440005230228,Urbana,0,Conjunto Ceará I,885,305.0,885.0,2736.29,1500.0,305.0,305.0,0.0,276.0,303.0
230440005230229,Urbana,0,Conjunto Ceará I,678,245.0,678.0,2554.45,1300.0,245.0,242.0,0.0,244.0,245.0
230440005230230,Urbana,0,Conjunto Ceará I,887,300.0,887.0,2400.35,1212.0,300.0,295.0,0.0,292.0,300.0
230440005230231,Urbana,0,Conjunto Ceará I,842,300.0,842.0,2047.42,1212.0,300.0,300.0,0.0,298.0,299.0
230440005230232,Urbana,0,Conjunto Ceará I,804,281.0,804.0,2599.23,1800.0,281.0,277.0,3.0,268.0,279.0
230440005230233,Urbana,1,Genibaú,413,136.0,413.0,1099.53,1212.0,136.0,119.0,3.0,132.0,136.0
230440005230234,Urbana,1,Genibaú,295,102.0,295.0,1152.36,1200.0,102.0,70.0,13.0,100.0,102.0
230440005230235,Urbana,0,Genibaú,24,11.0,24.0,661.27,600.0,11.0,0.0,0.0,11.0,11.0
230440005230236,Urbana,1,Genibaú,669,219.0,663.0,1410.17,1212.0,219.0,10.0,0.0,217.0,219.0
230440005230237,Urbana,0,Genibaú,839,309.0,839.0,1493.34,1212.0,309.0,55.0,0.0,302.0,309.0
230440005230238,Urbana,0,Conjunto Ceará I,797,274.0,797.0,2364.39,1212.0,274.0,257.0,17.0,274.0,274.0
230440005230239,Urbana,1,Genibaú,251,92.0,250.0,1094.7,1212.0,92.0,16.0,0.0,91.0,92.0
230440005230240,Urbana,1,Genibaú,569,193.0,569.0,1118.94,1212.0,193.0,164.0,29.0,192.0,192.0
230440005230241,Urbana,4,Genibaú,0,,,,,,,,,
230440005230242,Urbana,1,Genibaú,596,198.0,596.0,1044.21,1212.0,198.0,8.0,0.0,197.0,198.0
230440005230243,Urbana,1,Genibaú,1037,363.0,1037.0,1185.71,1212.0,363.0,174.0,5.0,363.0,362.0
230440005230244,Urbana,4,Genibaú,0,,,,,,,,,
230440005230245,Urbana,1,Genibaú,229,81.0,229.0,1180.16,1212.0,81.0,12.0,55.0,79.0,81.0
230440005230246,Urbana,1,Genibaú,295,108.0,295.0,1236.62,1212.0,108.0,108.0,0.0,107.0,108.0
230440005230247,Urbana,1,Genibaú,313,99.0,313.0,1108.62,1212.0,99.0,67.0,,98.0,99.0
230440005230248,Urbana,4,Genibaú,0,,,,,,,,,
230440005230249,Urbana,1,Genibaú,769,260.0,769.0,1116.63,1212.0,260.0,32.0,0.0,254.0,260.0
230440005230250,Urbana,0,Genibaú,574,205.0,574.0,1630.07,1212.0,205.0,203.0,,200.0,205.0
230440005230251,Urbana,0,Jóquei Clube,1129,398.0,1129.0,2882.21,2000.0,398.0,385.0,0.0,364.0,397.0
230440005230252,Urbana,0,Jóquei Clube,482,190.0,482.0,2244.08,1300.0,190.0,189.0,0.0,187.0,189.0
230440005230253,Urbana,0,Jóquei Clube,549,219.0,549.0,3250.86,2950.0,219.0,197.0,,83.0,218.0
230440005230254,Urbana,0,Jóquei Clube,536,182.0,536.0,2472.6,1300.0,182.0,182.0,0.0,159.0,181.0
230440005230255,Urbana,0,Jóquei Clube,478,179.0,478.0,2744.78,2000.0,179.0,178.0,0.0,149.0,179.0
230440005230256,Urbana,0,Jóquei Clube,454,168.0,454.0,1871.37,1200.0,168.0,160.0,,124.0,167.0
230440005230257,Urbana,0,Jóquei Clube,578,204.0,578.0,1452.51,1001.0,204.0,199.0,,193.0,202.0
230440005230258,Urbana,0,Jóquei Clube,515,183.0,515.0,2660.66,1800.0,183.0,171.0,,164.0,182.0
230440005230259,Urbana,0,Jóquei Clube,998,330.0,998.0,2060.04,1212.0,330.0,322.0,,326.0,328.0
230440005230260,Urbana,0,Jóquei Clube,1067,391.0,1067.0,2205.64,1212.0,391.0,384.0,0.0,368.0,391.0
230440005230261,Urbana,0,Jóquei Clube,886,293.0,886.0,2796.47,2000.0,293.0,282.0,4.0,278.0,293.0
230440005230262,Urbana,0,Jóquei Clube,1079,418.0,1071.0,2909.28,1700.0,418.0,406.0,4.0,355.0,416.0
230440005230263,Urbana,0,Jóquei Clube,1122,438.0,1121.0,3611.52,2424.0,438.0,414.0,0.0,358.0,438.0
230440005230264,Urbana,0,Jóquei Clube,1002,359.0,1002.0,2244.39,1212.0,359.0,359.0,0.0,290.0,359.0
230440005230265,Urbana,0,Jóquei Clube,1587,550.0,1587.0,3190.88,1806.0,550.0,535.0,4.0,439.0,549.0
230440005230266,Urbana,0,Jóquei Clube,735,272.0,735.0,2685.57,2000.0,272.0,243.0,,216.0,271.0
230440005230267,Urbana,0,Jóquei Clube,949,324.0,949.0,2346.05,1231.0,324.0,290.0,6.0,254.0,323.0
230440005230268,Urbana,0,Demócrito Rocha,571,201.0,571.0,2456.96,1700.0,201.0,191.0,,189.0,201.0
230440005230269,Urbana,0,Demócrito Rocha,659,248.0,659.0,2131.53,1351.0,248.0,237.0,6.0,200.0,248.0
230440005230270,Urbana,0,Demócrito Rocha,667,260.0,667.0,2292.2,1500.0,260.0,246.0,5.0,217.0,260.0
230440005230271,Urbana,0,Demócrito Rocha,853,321.0,853.0,2026.75,1212.0,321.0,174.0,138.0,300.0,320.0
230440005230272,Urbana,0,Demócrito Rocha,740,258.0,740.0,2028.04,1212.0,258.0,237.0,0.0,237.0,254.0
230440005230273,Urbana,1,Demócrito Rocha,225,83.0,225.0,1436.65,1206.0,83.0,81.0,0.0,80.0,83.0
230440005230274,Urbana,0,Demócrito Rocha,651,235.0,651.0,1854.2,1212.0,235.0,231.0,0.0,223.0,234.0
230440005230275,Urbana,0,Demócrito Rocha,573,202.0,573.0,2220.86,1236.0,202.0,194.0,4.0,183.0,202.0
230440005230276,Urbana,0,Demócrito Rocha,614,221.0,607.0,2961.89,1626.0,221.0,215.0,0.0,220.0,219.0
230440005230277,Urbana,1,Demócrito Rocha,662,236.0,662.0,1355.71,1212.0,236.0,229.0,7.0,227.0,236.0
230440005230278,Urbana,0,Demócrito Rocha,986,365.0,986.0,2729.39,1800.0,365.0,358.0,,351.0,365.0
230440005230279,Urbana,1,Demócrito Rocha,199,56.0,199.0,1541.52,1200.0,56.0,8.0,47.0,55.0,56.0
230440005230280,Urbana,1,Couto Fernandes,423,158.0,423.0,1448.7,1212.0,158.0,129.0,,139.0,158.0
230440005230281,Urbana,1,Couto Fernandes,1405,540.0,1405.0,1592.7,1300.0,540.0,363.0,176.0,488.0,540.0
230440005230282,Urbana,1,Pici,498,170.0,498.0,1287.88,1212.0,170.0,168.0,,168.0,170.0
230440005230283,Urbana,1,Pici,637,229.0,637.0,1250.94,1212.0,229.0,228.0,0.0,222.0,229.0
230440005230284,Urbana,1,Pici,719,256.0,719.0,1223.29,1212.0,256.0,254.0,0.0,245.0,255.0
230440005230285,Urbana,1,Pici,482,176.0,480.0,1250.01,1212.0,176.0,175.0,0.0,174.0,176.0
230440005230286,Urbana,1,Pici,629,211.0,629.0,1315.86,1212.0,211.0,208.0,,203.0,211.0
230440005230287,Urbana,1,Pici,761,263.0,761.0,1203.24,1210.0,263.0,240.0,11.0,241.0,263.0
230440005230288,Urbana,0,Pici,191,64.0,191.0,1810.2,1212.0,64.0,38.0,,55.0,61.0
230440005230289,Urbana,1,Pici,779,239.0,779.0,1201.91,1212.0,239.0,192.0,,216.0,239.0
230440005230290,Urbana,1,Pici,876,283.0,876.0,1388.16,1212.0,283.0,227.0,44.0,246.0,281.0
230440005230291,Urbana,0,Pici,226,82.0,226.0,2955.97,2000.0,82.0,78.0,0.0,79.0,82.0
230440005230292,Urbana,1,Pici,845,292.0,845.0,1115.9,1212.0,292.0,270.0,,231.0,203.0
230440005230293,Urbana,0,Pici,338,120.0,338.0,1374.62,1212.0,120.0,113.0,0.0,118.0,120.0
230440005230294,Urbana,1,Pici,614,226.0,614.0,1191.45,1212.0,226.0,225.0,0.0,225.0,225.0
230440005230295,Urbana,0,Pici,190,62.0,190.0,1133.02,1212.0,62.0,46.0,4.0,59.0,62.0
230440005230296,Urbana,1,Pici,430,149.0,430.0,1166.3,1200.0,149.0,149.0,0.0,149.0,149.0
230440005230297,Urbana,1,Pici,446,157.0,446.0,1258.26,1212.0,157.0,152.0,0.0,149.0,157.0
230440005230298,Urbana,1,Pici,530,212.0,525.0,1490.86,1200.0,212.0,212.0,0.0,211.0,212.0
230440005230299,Urbana,1,Pici,892,326.0,892.0,1212.66,1212.0,326.0,308.0,8.0,305.0,326.0
230440005230300,Urbana,0,Pici,387,118.0,371.0,5534.57,3800.0,118.0,116.0,0.0,108.0,118.0
230440005230301,Urbana,0,Pici,899,300.0,899.0,1454.62,1212.0,300.0,293.0,,243.0,300.0
230440005230302,Urbana,0,Pici,378,146.0,378.0,2635.08,2000.0,146.0,144.0,,138.0,146.0
230440005230303,Urbana,1,Pici,453,160.0,453.0,815.87,400.0,160.0,155.0,0.0,155.0,160.0
230440005230304,Urbana,4,Pici,0,,,,,,,,,
230440005230305,Urbana,1,Pici,604,185.0,604.0,1348.7,1212.0,185.0,184.0,0.0,170.0,185.0
230440005230306,Urbana,1,Pici,562,207.0,562.0,1033.81,1212.0,207.0,187.0,12.0,200.0,205.0
230440005230307,Urbana,0,Panamericano,679,246.0,679.0,1653.99,1212.0,246.0,245.0,0.0,242.0,246.0
230440005230308,Urbana,0,Panamericano,855,289.0,855.0,1792.03,1212.0,289.0,246.0,,229.0,287.0
230440005230309,Urbana,0,Panamericano,1076,394.0,1076.0,1660.07,1212.0,394.0,378.0,,257.0,393.0
230440005230310,Urbana,0,Panamericano,1000,352.0,1000.0,1691.31,1212.0,352.0,347.0,,309.0,352.0
230440005230311,Urbana,0,Panamericano,1156,419.0,1156.0,2093.24,1260.0,419.0,407.0,4.0,372.0,417.0
230440005230312,Urbana,0,Panamericano,446,152.0,446.0,2401.08,1950.0,152.0,145.0,,151.0,152.0
230440005230313,Urbana,0,Panamericano,646,236.0,646.0,3510.1,2500.0,236.0,170.0,24.0,216.0,236.0
230440005230314,Urbana,0,Panamericano,548,197.0,548.0,2050.61,1260.0,197.0,186.0,3.0,185.0,196.0
230440005230315,Urbana,0,Panamericano,915,335.0,915.0,2536.82,1400.0,335.0,323.0,7.0,298.0,334.0
230440005230316,Urbana,0,Bela Vista,336,114.0,336.0,1650.97,1212.0,114.0,112.0,,112.0,114.0
230440005230317,Urbana,0,Bela Vista,762,256.0,762.0,1976.65,1300.0,256.0,247.0,,234.0,256.0
230440005230318,Urbana,0,Bela Vista,568,216.0,568.0,3107.62,2500.0,216.0,215.0,0.0,214.0,216.0
230440005230319,Urbana,0,Bela Vista,259,82.0,259.0,537.54,501.0,82.0,79.0,0.0,75.0,82.0
230440005230320,Urbana,0,Bela Vista,381,145.0,381.0,2043.29,1212.0,145.0,127.0,12.0,108.0,145.0
230440005230321,Urbana,0,Bela Vista,487,188.0,487.0,2735.43,1500.0,188.0,187.0,,166.0,187.0
230440005230323,Urbana,0,Bela Vista,891,312.0,891.0,1498.33,1001.0,312.0,299.0,0.0,295.0,311.0
230440005230324,Urbana,0,Bela Vista,730,331.0,726.0,3171.94,2600.0,331.0,322.0,9.0,249.0,331.0
230440005230325,Urbana,0,Bela Vista,817,299.0,817.0,2254.19,1350.0,299.0,289.0,5.0,279.0,299.0
230440005230326,Urbana,0,Bela Vista,848,320.0,848.0,2283.39,1600.0,320.0,271.0,49.0,270.0,320.0
230440005230327,Urbana,0,Bela Vista,1004,358.0,1004.0,1881.39,1212.0,358.0,347.0,5.0,318.0,356.0
230440005230328,Urbana,0,Bela Vista,993,293.0,993.0,1786.59,1212.0,293.0,265.0,0.0,264.0,293.0
230440005230329,Urbana,0,Bela Vista,573,225.0,573.0,2081.54,1600.0,225.0,221.0,0.0,222.0,225.0
230440005230330,Urbana,0,Jóquei Clube,336,146.0,336.0,4413.96,3800.0,146.0,146.0,0.0,145.0,145.0
230440005230331,Urbana,0,Jóquei Clube,869,303.0,869.0,3347.99,2500.0,303.0,298.0,,254.0,302.0
230440005230332,Urbana,0,Jóquei Clube,875,383.0,875.0,5205.75,4000.0,383.0,383.0,0.0,373.0,382.0
230440005230333,Urbana,0,Demócrito Rocha,524,182.0,524.0,2076.67,1212.0,182.0,166.0,7.0,142.0,182.0
230440005230334,Urbana,0,Demócrito Rocha,616,205.0,616.0,1962.82,1200.0,205.0,200.0,,199.0,205.0
230440005230335,Urbana,0,Demócrito Rocha,621,225.0,621.0,2886.4,1800.0,225.0,218.0,5.0,170.0,225.0
230440005230336,Urbana,1,Couto Fernandes,357,128.0,357.0,1247.52,1212.0,128.0,100.0,4.0,114.0,128.0
230440005230337,Urbana,0,Couto Fernandes,483,184.0,483.0,3227.41,2350.0,184.0,182.0,,126.0,183.0
230440005230338,Urbana,0,Couto Fernandes,295,115.0,295.0,4130.64,3500.0,115.0,113.0,0.0,112.0,115.0
230440005230339,Urbana,1,Pici,483,180.0,483.0,1384.37,1212.0,180.0,180.0,0.0,180.0,180.0
230440005230340,Urbana,1,Pici,639,242.0,639.0,1283.3,1212.0,242.0,228.0,13.0,238.0,242.0
230440005230341,Urbana,1,Pici,513,185.0,513.0,1184.21,1212.0,185.0,181.0,,183.0,185.0
230440005230342,Urbana,1,Pici,606,225.0,606.0,1145.97,1212.0,225.0,223.0,,223.0,224.0
230440005230343,Urbana,1,Pici,516,172.0,516.0,1426.03,1212.0,172.0,73.0,8.0,163.0,163.0
230440005230344,Urbana,1,Pici,1354,446.0,1354.0,1147.89,1212.0,446.0,320.0,6.0,406.0,435.0
230440005230345,Urbana,1,Pici,773,269.0,773.0,1444.66,1212.0,269.0,220.0,,250.0,269.0
230440005230346,Urbana,1,Pici,963,326.0,963.0,1590.73,1212.0,326.0,232.0,72.0,244.0,259.0
230440005230347,Urbana,1,Pici,579,198.0,579.0,1349.81,1212.0,198.0,198.0,0.0,197.0,198.0
230440005230348,Urbana,1,Pici,775,225.0,775.0,1604.71,1212.0,225.0,225.0,0.0,223.0,225.0
230440005230349,Urbana,1,Pici,596,211.0,596.0,1478.82,1212.0,211.0,211.0,0.0,207.0,211.0
230440005230350,Urbana,0,Pici,274,114.0,274.0,1687.01,1220.0,114.0,103.0,,98.0,114.0
230440005230351,Urbana,1,Pici,144,58.0,144.0,1317.62,1212.0,58.0,41.0,4.0,52.0,56.0
230440005230352,Urbana,0,Pici,832,340.0,832.0,1467.72,1212.0,340.0,328.0,12.0,297.0,340.0
230440005230353,Urbana,0,Pici,394,154.0,394.0,1530.1,1212.0,154.0,154.0,0.0,88.0,154.0
230440005230354,Urbana,0,Bela Vista,499,210.0,499.0,3248.54,2001.0,210.0,210.0,0.0,151.0,210.0
230440005230355,Urbana,0,Bela Vista,339,124.0,339.0,1507.11,1300.0,124.0,122.0,,122.0,124.0
230440005230356,Urbana,0,Bela Vista,422,177.0,422.0,3363.02,2800.0,177.0,177.0,0.0,174.0,175.0
230440005230357,Urbana,4,Bela Vista,0,,,,,,,,,
230440005230358,Urbana,0,Bela Vista,545,189.0,545.0,1648.36,1001.0,189.0,187.0,0.0,163.0,189.0
230440005230359,Urbana,0,Bela Vista,597,217.0,597.0,3731.4,3000.0,217.0,184.0,9.0,196.0,214.0
230440005230360,Urbana,1,Bela Vista,765,257.0,765.0,1612.93,1212.0,257.0,158.0,3.0,227.0,257.0
230440005230362,Urbana,1,Bela Vista,239,86.0,236.0,1432.0,1200.0,86.0,70.0,7.0,73.0,86.0
230440005230363,Urbana,0,Pici,595,200.0,595.0,9410.03,8000.0,200.0,197.0,3.0,200.0,200.0
230440005230364,Urbana,0,Pici,820,272.0,820.0,11257.34,10000.0,272.0,272.0,0.0,271.0,272.0
230440005230365,Urbana,0,Panamericano,582,201.0,582.0,1895.03,1212.0,201.0,183.0,15.0,170.0,201.0
230440005230366,Urbana,0,Panamericano,677,257.0,677.0,1773.55,1212.0,257.0,256.0,0.0,232.0,257.0
230440005230367,Urbana,0,Couto Fernandes,65,32.0,65.0,1513.33,1300.0,32.0,32.0,0.0,31.0,30.0
230440005230368,Urbana,1,Pici,272,101.0,272.0,1000.95,1212.0,101.0,100.0,0.0,97.0,100.0
230440005230369,Urbana,1,Pici,347,107.0,347.0,1088.08,1212.0,107.0,100.0,,103.0,106.0
230440005230370,Urbana,1,Pici,189,67.0,189.0,1620.11,1212.0,67.0,65.0,0.0,67.0,67.0
230440005230371,Urbana,1,Pici,604,226.0,604.0,1293.29,1212.0,226.0,225.0,0.0,226.0,226.0
230440005230372,Urbana,1,Pici,284,89.0,284.0,1278.48,1212.0,89.0,89.0,0.0,88.0,89.0
230440005230373,Urbana,1,Pici,158,63.0,158.0,1618.83,1200.0,63.0,63.0,0.0,61.0,63.0
230440005230374,Urbana,1,Pici,269,89.0,269.0,1188.95,1212.0,89.0,84.0,0.0,85.0,88.0
230440005230375,Urbana,0,Demócrito Rocha,101,32.0,101.0,3184.16,2400.0,32.0,32.0,0.0,25.0,32.0
230440005230376,Urbana,1,Bela Vista,437,150.0,437.0,1592.67,1212.0,150.0,114.0,8.0,119.0,149.0
230440005230377,Urbana,1,Pici,257,97.0,257.0,1522.12,1212.0,97.0,97.0,0.0,97.0,97.0
230440005230378,Urbana,4,Demócrito Rocha,0,,,,,,,,,
230440005230379,Urbana,1,Demócrito Rocha,355,129.0,355.0,1535.26,1212.0,129.0,73.0,6.0,109.0,129.0
230440005230380,Urbana,4,Pici,3,,,,,,,,,
230440005230381,Urbana,4,Pici,0,,,,,,,,,
230440005230382,Urbana,1,Pici,518,174.0,518.0,1174.92,1212.0,174.0,168.0,,160.0,173.0
230440005230383,Urbana,1,Pici,112,40.0,112.0,1080.0,1200.0,40.0,40.0,0.0,39.0,40.0
230440005230384,Urbana,1,Pici,99,32.0,99.0,930.79,1206.0,32.0,32.0,0.0,29.0,32.0
230440005230385,Urbana,0,Pici,235,77.0,235.0,1015.61,1212.0,77.0,74.0,,71.0,77.0
230440005230386,Urbana,1,Pici,644,200.0,644.0,1301.58,1212.0,200.0,181.0,0.0,181.0,199.0
230440005230387,Urbana,1,Pici,695,207.0,695.0,1388.43,1212.0,207.0,194.0,0.0,193.0,207.0
230440005230388,Urbana,1,Pici,264,94.0,264.0,1948.0,1200.0,94.0,93.0,0.0,93.0,94.0
230440005230389,Urbana,1,Pici,703,238.0,703.0,1332.73,1212.0,238.0,230.0,,213.0,237.0
230440005230390,Urbana,1,Couto Fernandes,413,155.0,413.0,1259.76,1212.0,155.0,97.0,28.0,141.0,119.0
230440005230391,Urbana,1,Couto Fernandes,531,190.0,531.0,1321.38,1212.0,190.0,109.0,17.0,158.0,180.0
230440005230392,Urbana,1,Pici,414,143.0,414.0,1214.36,1212.0,143.0,141.0,0.0,138.0,143.0
230440005230393,Urbana,1,Pici,563,193.0,563.0,1193.14,1212.0,193.0,186.0,0.0,191.0,193.0
230440005230394,Urbana,1,Pici,419,141.0,419.0,1187.97,1200.0,141.0,122.0,12.0,120.0,141.0
230440005230395,Urbana,1,Pici,711,229.0,711.0,1439.28,1212.0,229.0,212.0,,192.0,229.0
230440005230397,Urbana,0,Pici,309,104.0,309.0,1658.0,1212.0,104.0,98.0,0.0,100.0,103.0
230440005230398,Urbana,0,Pici,80,25.0,80.0,2788.4,2000.0,25.0,20.0,,18.0,25.0
230440005230399,Urbana,0,Pici,309,107.0,309.0,1429.67,1250.0,107.0,106.0,0.0,106.0,107.0
230440005230400,Urbana,1,Bela Vista,386,132.0,386.0,1018.81,1212.0,132.0,37.0,4.0,125.0,132.0
230440005230401,Urbana,0,Bela Vista,88,34.0,88.0,1666.18,1220.0,34.0,34.0,0.0,34.0,34.0
230440005230402,Urbana,1,Bela Vista,276,95.0,276.0,1199.84,1212.0,95.0,48.0,0.0,80.0,95.0
230440005230403,Urbana,0,Bela Vista,749,274.0,749.0,1826.29,1212.0,274.0,255.0,,263.0,274.0
230440005230404,Urbana,1,Pici,776,274.0,776.0,1205.72,1200.0,274.0,265.0,0.0,236.0,274.0
230440005230405,Urbana,0,Pici,186,67.0,186.0,2162.89,1400.0,67.0,64.0,0.0,56.0,65.0
230440005230406,Urbana,0,Jóquei Clube,1197,480.0,1197.0,3707.2,3000.0,480.0,461.0,17.0,352.0,480.0
230440005230407,Urbana,1,Jóquei Clube,398,138.0,398.0,1330.36,1212.0,138.0,138.0,0.0,138.0,138.0
230440005230408,Urbana,1,Jóquei Clube,121,47.0,121.0,1335.02,1212.0,47.0,47.0,0.0,46.0,47.0
230440005230409,Urbana,0,Jóquei Clube,391,149.0,391.0,1700.65,1212.0,149.0,147.0,,106.0,148.0
230440005230410,Urbana,1,Pici,441,155.0,441.0,1207.61,1212.0,155.0,154.0,0.0,151.0,155.0
230440005230411,Urbana,0,Couto Fernandes,673,288.0,673.0,2353.49,2001.0,288.0,285.0,,283.0,288.0
230440005230412,Urbana,0,Demócrito Rocha,843,313.0,840.0,1950.85,1212.0,313.0,300.0,0.0,301.0,313.0
230440005230413,Urbana,1,Pici,750,289.0,750.0,1633.39,1212.0,289.0,286.0,0.0,261.0,253.0
230440005230414,Urbana,0,Pici,271,126.0,270.0,1545.28,1212.0,126.0,119.0,,101.0,125.0
230440005230415,Urbana,1,Pici,212,84.0,212.0,1301.45,1200.0,84.0,83.0,,82.0,84.0
230440005230416,Urbana,1,Pici,423,144.0,423.0,937.69,1100.0,144.0,140.0,0.0,132.0,144.0
230440005230417,Urbana,1,Pici,183,66.0,183.0,1492.87,1212.0,66.0,66.0,0.0,63.0,66.0
230440005230418,Urbana,1,Pici,599,183.0,599.0,1050.67,1200.0,183.0,183.0,0.0,172.0,183.0
230440005230419,Urbana,1,Pici,356,118.0,356.0,1024.52,1200.0,118.0,113.0,0.0,113.0,118.0
230440005230420,Urbana,0,Jóquei Clube,1179,495.0,1179.0,5753.04,5000.0,495.0,492.0,3.0,491.0,495.0
230440005230421,Urbana,0,Jóquei Clube,737,277.0,737.0,2338.16,1300.0,277.0,271.0,0.0,261.0,277.0
230440005230422,Urbana,0,Pici,702,256.0,702.0,1846.07,1212.0,256.0,221.0,11.0,240.0,253.0
230440005230423,Urbana,0,Pici,207,71.0,207.0,2034.72,1212.0,71.0,14.0,25.0,69.0,65.0
230440005230424,Urbana,0,Pici,591,204.0,591.0,8160.6,6000.0,204.0,204.0,0.0,204.0,204.0
230440005230425,Urbana,0,Bela Vista,657,227.0,657.0,2099.62,1300.0,227.0,221.0,5.0,197.0,227.0
230440005240001,Urbana,0,Granja Lisboa,112,38.0,112.0,947.16,1190.0,38.0,6.0,,38.0,38.0
230440005240002,Urbana,0,Granja Lisboa,1414,453.0,1414.0,1148.5,1200.0,453.0,432.0,0.0,445.0,453.0
230440005240003,Urbana,0,Granja Lisboa,892,306.0,892.0,1323.16,1212.0,306.0,210.0,74.0,303.0,306.0
230440005240004,Urbana,0,Granja Lisboa,447,149.0,447.0,1381.83,1200.0,149.0,11.0,26.0,148.0,149.0
230440005240005,Urbana,0,Granja Lisboa,435,140.0,435.0,1578.26,1212.0,140.0,13.0,,140.0,140.0
230440005240006,Urbana,0,Granja Lisboa,532,164.0,532.0,1471.47,1212.0,164.0,20.0,3.0,163.0,164.0
230440005240007,Urbana,0,Granja Lisboa,540,178.0,539.0,1376.01,1200.0,178.0,20.0,3.0,175.0,178.0
230440005240008,Urbana,0,Granja Lisboa,549,172.0,549.0,1653.49,1212.0,172.0,6.0,0.0,172.0,172.0
230440005240009,Urbana,0,Granja Lisboa,466,149.0,466.0,1321.39,1225.0,149.0,12.0,0.0,148.0,149.0
230440005240010,Urbana,0,Granja Lisboa,527,172.0,523.0,1313.59,1200.0,172.0,23.0,,167.0,172.0
230440005240011,Urbana,0,Granja Lisboa,618,200.0,618.0,1669.84,1216.0,200.0,25.0,18.0,199.0,200.0
230440005240012,Urbana,0,Granja Lisboa,471,154.0,471.0,1195.72,1212.0,154.0,53.0,14.0,151.0,153.0
230440005240013,Urbana,0,Granja Lisboa,634,202.0,634.0,1069.39,1212.0,202.0,20.0,,197.0,197.0
230440005240014,Urbana,0,Siqueira,98,30.0,98.0,920.0,600.0,30.0,0.0,0.0,30.0,30.0
230440005240015,Urbana,0,Siqueira,147,54.0,147.0,1491.63,1212.0,54.0,5.0,,52.0,54.0
230440005240016,Urbana,0,Siqueira,899,298.0,899.0,1632.73,1212.0,298.0,,156.0,291.0,298.0
230440005240017,Urbana,0,Siqueira,367,128.0,367.0,1541.65,1212.0,128.0,3.0,,123.0,122.0
230440005240018,Urbana,0,Siqueira,372,127.0,372.0,1692.94,1212.0,127.0,30.0,3.0,120.0,125.0
230440005240019,Urbana,0,Siqueira,501,160.0,495.0,1383.27,1200.0,160.0,29.0,0.0,157.0,160.0
230440005240020,Urbana,0,Siqueira,140,51.0,140.0,1360.57,1212.0,51.0,0.0,0.0,51.0,51.0
230440005240021,Urbana,0,Siqueira,580,211.0,580.0,1065.4,1212.0,211.0,5.0,,209.0,211.0
230440005240022,Urbana,0,Siqueira,878,290.0,851.0,1205.45,1200.0,290.0,137.0,147.0,281.0,290.0
230440005240023,Urbana,1,Siqueira,683,243.0,683.0,1129.44,1206.0,243.0,204.0,,242.0,242.0
230440005240024,Urbana,1,Siqueira,1053,329.0,1053.0,1538.28,1212.0,329.0,147.0,,329.0,328.0
230440005240025,Urbana,1,Siqueira,762,250.0,749.0,1127.19,1212.0,250.0,9.0,,230.0,248.0
230440005240026,Urbana,0,Siqueira,456,133.0,456.0,1266.05,1212.0,133.0,5.0,3.0,121.0,132.0
230440005240027,Urbana,0,Siqueira,1028,344.0,1028.0,1658.69,1212.0,344.0,,7.0,335.0,343.0
230440005240028,Urbana,0,Siqueira,583,183.0,583.0,1217.52,1212.0,183.0,15.0,5.0,176.0,177.0
230440005240029,Urbana,0,Siqueira,892,300.0,892.0,1478.29,1212.0,300.0,77.0,3.0,297.0,300.0
230440005240030,Urbana,1,Siqueira,857,276.0,857.0,1057.1,1200.0,276.0,21.0,0.0,272.0,276.0
230440005240031,Urbana,1,Siqueira,295,88.0,295.0,1038.21,1200.0,88.0,19.0,69.0,88.0,88.0
230440005240032,Urbana,0,Siqueira,526,202.0,526.0,1981.42,1212.0,202.0,101.0,17.0,202.0,202.0
230440005240033,Urbana,1,Siqueira,506,185.0,506.0,927.52,1000.0,185.0,170.0,0.0,185.0,185.0
230440005240034,Urbana,1,Siqueira,646,213.0,646.0,1012.95,1000.0,213.0,6.0,,212.0,213.0
230440005240035,Urbana,0,Bom Jardim,920,329.0,920.0,1265.67,1212.0,329.0,21.0,268.0,321.0,329.0
230440005240036,Urbana,0,Bom Jardim,510,174.0,510.0,1295.91,1212.0,174.0,22.0,4.0,170.0,174.0
230440005240037,Urbana,0,Bom Jardim,453,150.0,453.0,1141.76,1200.0,150.0,61.0,0.0,148.0,149.0
230440005240038,Urbana,0,Bom Jardim,67,15.0,67.0,817.87,400.0,15.0,,4.0,14.0,15.0
230440005240039,Urbana,1,Bom Jardim,478,136.0,478.0,1071.95,1200.0,136.0,124.0,0.0,136.0,136.0
230440005240040,Urbana,0,Bom Jardim,370,155.0,370.0,1078.08,1200.0,155.0,149.0,3.0,155.0,153.0
230440005240041,Urbana,0,Bom Jardim,890,308.0,890.0,1479.15,1200.0,308.0,262.0,,301.0,307.0
230440005240042,Urbana,0,Bom Jardim,1039,358.0,1039.0,1486.44,1212.0,358.0,323.0,15.0,343.0,358.0
230440005240043,Urbana,0,Bom Jardim,942,299.0,942.0,1522.77,1212.0,299.0,277.0,0.0,293.0,299.0
230440005240044,Urbana,0,Bom Jardim,604,220.0,604.0,1189.66,1212.0,220.0,216.0,3.0,219.0,220.0
230440005240045,Urbana,0,Bom Jardim,613,207.0,613.0,1246.08,1212.0,207.0,207.0,0.0,207.0,207.0
230440005240046,Urbana,0,Bom Jardim,623,228.0,623.0,1491.98,1212.0,228.0,197.0,23.0,222.0,227.0
230440005240047,Urbana,0,Bom Jardim,478,187.0,478.0,1457.5,1212.0,187.0,182.0,0.0,186.0,187.0
230440005240048,Urbana,1,Bom Jardim,372,137.0,372.0,1569.99,1500.0,137.0,137.0,0.0,137.0,137.0
230440005240049,Urbana,0,Bom Jardim,278,104.0,278.0,1247.65,1200.0,104.0,87.0,11.0,101.0,104.0
230440005240050,Urbana,0,Bom Jardim,844,309.0,844.0,1705.43,1212.0,309.0,85.0,9.0,303.0,309.0
230440005240051,Urbana,0,Bom Jardim,931,326.0,931.0,1422.85,1212.0,326.0,82.0,27.0,323.0,326.0
230440005240052,Urbana,0,Bom Jardim,893,302.0,893.0,1449.2,1212.0,302.0,31.0,0.0,299.0,302.0
230440005240053,Urbana,0,Bom Jardim,483,151.0,483.0,1129.56,1212.0,151.0,18.0,7.0,149.0,151.0
230440005240054,Urbana,1,Bom Jardim,610,219.0,609.0,981.65,1000.0,219.0,33.0,181.0,217.0,218.0
230440005240055,Urbana,0,Bom Jardim,462,175.0,462.0,1071.12,1212.0,175.0,9.0,11.0,166.0,175.0
230440005240056,Urbana,0,Bom Jardim,942,304.0,942.0,1152.41,1200.0,304.0,256.0,23.0,290.0,303.0
230440005240057,Urbana,0,Bom Jardim,689,248.0,689.0,1233.12,1212.0,248.0,22.0,146.0,220.0,247.0
230440005240058,Urbana,0,Bom Jardim,759,254.0,759.0,1353.06,1200.0,254.0,142.0,48.0,246.0,254.0
230440005240059,Urbana,0,Bom Jardim,610,201.0,610.0,1723.64,1212.0,201.0,175.0,0.0,195.0,201.0
230440005240060,Urbana,0,Bom Jardim,945,313.0,945.0,1335.35,1212.0,313.0,213.0,25.0,304.0,313.0
230440005240061,Urbana,0,Bom Jardim,627,194.0,627.0,1269.9,1212.0,194.0,185.0,6.0,191.0,194.0
230440005240062,Urbana,0,Bom Jardim,1001,300.0,1001.0,1333.76,1212.0,300.0,291.0,6.0,297.0,300.0
230440005240063,Urbana,0,Bom Jardim,941,315.0,941.0,1674.04,1212.0,315.0,294.0,8.0,296.0,315.0
230440005240064,Urbana,0,Bom Jardim,968,332.0,968.0,1249.9,1212.0,332.0,284.0,7.0,319.0,332.0
230440005240065,Urbana,0,Bom Jardim,560,195.0,560.0,1306.01,1212.0,195.0,187.0,4.0,195.0,195.0
230440005240066,Urbana,0,Bom Jardim,511,178.0,511.0,1300.82,1200.0,178.0,161.0,0.0,178.0,178.0
230440005240067,Urbana,0,Granja Lisboa,1089,369.0,1089.0,1177.65,1212.0,369.0,161.0,14.0,356.0,369.0
230440005240068,Urbana,0,Granja Lisboa,1316,439.0,1316.0,1198.87,1212.0,439.0,18.0,0.0,431.0,438.0
230440005240069,Urbana,0,Granja Lisboa,574,194.0,574.0,1398.24,1212.0,194.0,67.0,0.0,192.0,194.0
230440005240070,Urbana,1,Granja Lisboa,741,259.0,741.0,771.97,600.0,259.0,236.0,0.0,259.0,259.0
230440005240071,Urbana,0,Granja Lisboa,502,178.0,497.0,1497.08,1212.0,178.0,29.0,3.0,165.0,178.0
230440005240072,Urbana,0,Granja Lisboa,968,315.0,968.0,1314.93,1212.0,315.0,,,315.0,315.0
230440005240073,Urbana,0,Granja Lisboa,1277,433.0,1277.0,1486.5,1200.0,433.0,6.0,,424.0,433.0
230440005240074,Urbana,1,Granja Lisboa,780,282.0,780.0,1136.32,1212.0,282.0,10.0,,280.0,282.0
230440005240075,Urbana,0,Bom Jardim,725,263.0,725.0,1847.24,1500.0,263.0,254.0,9.0,262.0,262.0
230440005240076,Urbana,0,Bom Jardim,489,175.0,489.0,1395.26,1212.0,175.0,36.0,0.0,173.0,175.0
230440005240077,Urbana,0,Granja Lisboa,1004,320.0,1004.0,2096.08,1300.0,320.0,211.0,21.0,309.0,317.0
230440005240078,Urbana,0,Granja Lisboa,1161,386.0,1161.0,1132.16,1220.0,386.0,31.0,7.0,383.0,385.0
230440005240079,Urbana,0,Granja Lisboa,1161,389.0,1161.0,1356.48,1212.0,389.0,25.0,3.0,386.0,388.0
230440005240080,Urbana,0,Granja Lisboa,787,254.0,787.0,1402.15,1300.0,254.0,75.0,,250.0,254.0
230440005240081,Urbana,0,Granja Lisboa,851,274.0,851.0,1260.73,1212.0,274.0,143.0,39.0,273.0,274.0
230440005240082,Urbana,0,Granja Lisboa,658,246.0,658.0,1243.85,1200.0,246.0,45.0,0.0,240.0,246.0
230440005240084,Urbana,0,Granja Lisboa,694,234.0,694.0,1192.56,1200.0,234.0,9.0,4.0,226.0,234.0
230440005240085,Urbana,0,Granja Lisboa,1371,469.0,1371.0,1269.15,1212.0,469.0,31.0,,443.0,469.0
230440005240086,Urbana,0,Granja Lisboa,658,213.0,658.0,1534.46,1212.0,213.0,8.0,0.0,211.0,212.0
230440005240087,Urbana,0,Granja Lisboa,239,83.0,239.0,1394.42,1200.0,83.0,,0.0,83.0,83.0
230440005240088,Urbana,1,Granja Lisboa,304,125.0,304.0,1290.4,1200.0,125.0,106.0,,123.0,124.0
230440005240089,Urbana,0,Granja Lisboa,691,223.0,691.0,1635.19,1212.0,223.0,20.0,4.0,219.0,222.0
230440005240090,Urbana,0,Granja Lisboa,642,206.0,642.0,1710.12,1212.0,206.0,165.0,27.0,202.0,206.0
230440005240091,Urbana,0,Granja Lisboa,726,233.0,726.0,1069.5,1200.0,233.0,15.0,3.0,230.0,233.0
230440005240092,Urbana,0,Granja Lisboa,1165,386.0,1165.0,1227.97,1212.0,386.0,16.0,8.0,381.0,386.0
230440005240093,Urbana,0,Granja Lisboa,825,294.0,824.0,1653.5,1212.0,294.0,96.0,4.0,271.0,294.0
230440005240094,Urbana,0,Granja Lisboa,1059,365.0,1059.0,1193.42,1212.0,365.0,79.0,,353.0,364.0
230440005240095,Urbana,0,Granja Lisboa,588,193.0,588.0,1778.63,1212.0,193.0,109.0,,188.0,193.0
230440005240096,Urbana,0,Granja Lisboa,812,279.0,812.0,1502.98,1200.0,279.0,201.0,0.0,272.0,279.0
230440005240097,Urbana,0,Granja Lisboa,912,291.0,912.0,1453.64,1212.0,291.0,221.0,26.0,283.0,290.0
230440005240098,Urbana,0,Granja Lisboa,1072,337.0,1072.0,1339.41,1200.0,337.0,262.0,,336.0,336.0
230440005240099,Urbana,0,Granja Lisboa,349,107.0,348.0,1238.32,1200.0,107.0,25.0,,106.0,107.0
230440005240100,Urbana,0,Granja Lisboa,1115,378.0,1115.0,1331.4,1200.0,378.0,330.0,18.0,375.0,378.0
230440005240101,Urbana,0,Granja Lisboa,426,146.0,426.0,1718.9,1500.0,146.0,5.0,0.0,146.0,146.0
230440005240102,Urbana,0,Granja Lisboa,1402,457.0,1402.0,1534.59,1212.0,457.0,4.0,0.0,437.0,455.0
230440005240103,Urbana,0,Granja Portugal,600,214.0,600.0,1400.74,1200.0,214.0,207.0,0.0,201.0,214.0
230440005240104,Urbana,0,Granja Portugal,1066,385.0,1066.0,1807.27,1212.0,385.0,290.0,3.0,371.0,385.0
230440005240105,Urbana,0,Granja Portugal,1127,403.0,1127.0,2259.65,1300.0,403.0,236.0,0.0,376.0,403.0
230440005240106,Urbana,0,Granja Portugal,1097,369.0,1097.0,1519.54,1212.0,369.0,353.0,,352.0,369.0
230440005240107,Urbana,0,Granja Portugal,628,222.0,628.0,1348.93,1200.0,222.0,215.0,7.0,215.0,222.0
230440005240108,Urbana,0,Granja Portugal,631,212.0,631.0,1394.36,1212.0,212.0,195.0,0.0,208.0,212.0
230440005240109,Urbana,0,Granja Portugal,860,278.0,860.0,1495.51,1212.0,278.0,235.0,,274.0,278.0
230440005240110,Urbana,0,Granja Portugal,477,155.0,477.0,1507.31,1200.0,155.0,140.0,0.0,152.0,155.0
230440005240111,Urbana,0,Granja Portugal,466,152.0,466.0,1644.83,1200.0,152.0,150.0,0.0,149.0,151.0
230440005240112,Urbana,0,Granja Portugal,599,203.0,599.0,1909.95,1200.0,203.0,196.0,4.0,200.0,203.0
230440005240113,Urbana,1,Granja Portugal,170,53.0,170.0,1384.77,1212.0,53.0,49.0,0.0,52.0,53.0
230440005240114,Urbana,1,Granja Portugal,572,197.0,572.0,1357.12,1200.0,197.0,183.0,0.0,197.0,197.0
230440005240115,Urbana,1,Granja Portugal,728,229.0,728.0,1065.76,1200.0,229.0,116.0,0.0,227.0,223.0
230440005240116,Urbana,1,Granja Portugal,384,119.0,384.0,1131.44,1212.0,119.0,14.0,0.0,119.0,119.0
230440005240117,Urbana,0,Granja Portugal,927,311.0,927.0,1297.84,1212.0,311.0,57.0,0.0,309.0,309.0
230440005240118,Urbana,0,Granja Portugal,885,313.0,884.0,1360.03,1212.0,313.0,209.0,0.0,308.0,313.0
230440005240119,Urbana,0,Granja Portugal,1026,350.0,1026.0,1323.49,1212.0,350.0,167.0,,346.0,350.0
230440005240120,Urbana,0,Granja Portugal,919,328.0,919.0,1907.27,1212.0,328.0,21.0,0.0,324.0,328.0
230440005240121,Urbana,0,Granja Portugal,865,282.0,865.0,1321.55,1212.0,282.0,17.0,0.0,273.0,281.0
230440005240122,Urbana,0,Granja Portugal,408,137.0,408.0,1411.19,1200.0,137.0,42.0,0.0,137.0,137.0
230440005240123,Urbana,0,Granja Portugal,813,273.0,813.0,1874.53,1212.0,273.0,107.0,59.0,261.0,273.0
230440005240124,Urbana,0,Granja Portugal,995,336.0,995.0,1524.06,1212.0,336.0,252.0,,322.0,336.0
230440005240125,Urbana,0,Granja Portugal,794,269.0,794.0,1750.13,1212.0,269.0,195.0,,266.0,269.0
230440005240126,Urbana,0,Granja Portugal,74,35.0,74.0,1913.26,1600.0,35.0,28.0,,27.0,35.0
230440005240127,Urbana,0,Granja Portugal,702,221.0,702.0,1623.0,1212.0,221.0,116.0,9.0,219.0,221.0
230440005240128,Urbana,0,Granja Portugal,850,270.0,850.0,1470.35,1212.0,270.0,145.0,4.0,268.0,270.0
230440005240129,Urbana,0,Granja Portugal,739,256.0,739.0,1702.1,1212.0,256.0,223.0,11.0,250.0,255.0
230440005240130,Urbana,0,Granja Portugal,710,246.0,710.0,1617.4,1200.0,246.0,222.0,12.0,244.0,245.0
230440005240131,Urbana,1,Granja Portugal,180,59.0,180.0,1537.84,1212.0,59.0,24.0,,58.0,59.0
230440005240132,Urbana,1,Granja Portugal,107,35.0,107.0,1080.18,1212.0,35.0,11.0,5.0,32.0,35.0
230440005240133,Urbana,0,Granja Portugal,1029,342.0,1029.0,1398.63,1212.0,342.0,242.0,,334.0,342.0
230440005240134,Urbana,1,Granja Portugal,599,175.0,599.0,1147.89,1200.0,175.0,23.0,,168.0,175.0
230440005240135,Urbana,0,Granja Portugal,699,225.0,699.0,1510.77,1212.0,225.0,175.0,0.0,209.0,225.0
230440005240136,Urbana,1,Granja Portugal,165,56.0,165.0,913.48,800.0,56.0,8.0,0.0,50.0,54.0
230440005240137,Urbana,0,Granja Portugal,1093,357.0,1093.0,1036.1,1200.0,357.0,244.0,4.0,338.0,356.0
230440005240138,Urbana,0,Granja Portugal,1192,398.0,1192.0,1339.81,1212.0,398.0,362.0,,381.0,398.0
230440005240139,Urbana,0,Granja Portugal,1100,382.0,1100.0,1491.74,1271.0,382.0,351.0,0.0,366.0,382.0
230440005240140,Urbana,0,Granja Portugal,487,172.0,487.0,1463.57,1212.0,172.0,143.0,0.0,172.0,171.0
230440005240141,Urbana,0,Granja Portugal,840,303.0,840.0,1194.87,1212.0,303.0,,5.0,300.0,303.0
230440005240142,Urbana,0,Bonsucesso,623,202.0,623.0,1753.61,1212.0,202.0,161.0,11.0,190.0,202.0
230440005240143,Urbana,0,Bonsucesso,444,147.0,443.0,2064.46,1212.0,147.0,124.0,,130.0,147.0
230440005240144,Urbana,0,Bonsucesso,672,225.0,672.0,2124.04,1212.0,225.0,204.0,11.0,223.0,225.0
230440005240145,Urbana,0,Bonsucesso,983,330.0,982.0,1651.71,1212.0,330.0,303.0,0.0,318.0,330.0
230440005240146,Urbana,0,Granja Portugal,795,240.0,795.0,1262.82,1200.0,240.0,217.0,4.0,232.0,240.0
230440005240147,Urbana,0,Bonsucesso,703,292.0,703.0,2468.4,2000.0,292.0,292.0,0.0,292.0,292.0
230440005240148,Urbana,0,Bonsucesso,686,242.0,686.0,1488.03,1212.0,242.0,212.0,3.0,230.0,241.0
230440005240149,Urbana,0,Bonsucesso,879,298.0,879.0,1622.7,1212.0,298.0,279.0,0.0,282.0,298.0
230440005240150,Urbana,0,Bonsucesso,589,209.0,589.0,1756.56,1212.0,209.0,192.0,8.0,196.0,209.0
230440005240151,Urbana,0,Bonsucesso,792,281.0,792.0,1419.59,1212.0,281.0,279.0,0.0,281.0,281.0
230440005240152,Urbana,0,Bonsucesso,483,196.0,483.0,1597.24,1212.0,196.0,188.0,,194.0,196.0
230440005240153,Urbana,0,Bonsucesso,674,238.0,674.0,1451.05,1212.0,238.0,228.0,0.0,232.0,238.0
230440005240154,Urbana,0,Bonsucesso,240,84.0,240.0,1514.24,1212.0,84.0,74.0,0.0,80.0,84.0
230440005240155,Urbana,0,Bonsucesso,690,262.0,690.0,1604.19,1212.0,262.0,240.0,0.0,260.0,262.0
230440005240156,Urbana,0,Bonsucesso,966,326.0,966.0,1718.97,1212.0,326.0,304.0,0.0,279.0,325.0
230440005240157,Urbana,0,Bonsucesso,593,213.0,593.0,1767.89,1212.0,213.0,206.0,0.0,196.0,213.0
230440005240158,Urbana,0,Bonsucesso,646,226.0,646.0,1770.14,1212.0,226.0,224.0,0.0,221.0,226.0
230440005240159,Urbana,0,Bonsucesso,390,120.0,381.0,2171.33,1500.0,120.0,116.0,,104.0,120.0
230440005240160,Urbana,0,Bonsucesso,811,300.0,811.0,1430.97,1212.0,300.0,295.0,0.0,297.0,300.0
230440005240161,Urbana,0,Bonsucesso,906,320.0,904.0,1357.69,1200.0,320.0,282.0,0.0,294.0,320.0
230440005240162,Urbana,0,Bonsucesso,506,189.0,506.0,1763.72,1212.0,189.0,156.0,0.0,170.0,189.0
230440005240163,Urbana,0,Bonsucesso,624,207.0,624.0,1487.29,1212.0,207.0,197.0,,206.0,207.0
230440005240164,Urbana,0,Bonsucesso,641,230.0,641.0,1647.42,1212.0,230.0,202.0,6.0,224.0,230.0
230440005240165,Urbana,0,Bonsucesso,598,209.0,598.0,1418.47,1200.0,209.0,144.0,,205.0,209.0
230440005240166,Urbana,4,Bonsucesso,0,,,,,,,,,
230440005240167,Urbana,4,Bonsucesso,0,,,,,,,,,
230440005240168,Urbana,0,Bonsucesso,796,270.0,796.0,2071.43,1500.0,270.0,258.0,0.0,228.0,270.0
230440005240169,Urbana,0,Bonsucesso,905,323.0,905.0,1693.4,1212.0,323.0,310.0,,276.0,323.0
230440005240170,Urbana,0,Bonsucesso,740,251.0,740.0,2104.06,1212.0,251.0,239.0,0.0,210.0,251.0
230440005240171,Urbana,0,Bonsucesso,688,241.0,688.0,1846.34,1240.0,241.0,232.0,,210.0,241.0
230440005240172,Urbana,0,Bonsucesso,560,207.0,560.0,1838.32,1212.0,207.0,178.0,4.0,175.0,207.0
230440005240173,Urbana,0,Bonsucesso,867,303.0,867.0,1827.2,1212.0,303.0,260.0,,258.0,303.0
230440005240174,Urbana,1,Siqueira,170,49.0,170.0,1439.0,1212.0,49.0,35.0,0.0,49.0,49.0
230440005240175,Urbana,0,Siqueira,526,181.0,526.0,1482.4,1212.0,181.0,100.0,0.0,178.0,181.0
230440005240176,Urbana,1,Siqueira,168,59.0,168.0,1298.53,1212.0,59.0,0.0,0.0,58.0,59.0
230440005240177,Urbana,1,Siqueira,563,183.0,563.0,1314.19,1212.0,183.0,112.0,4.0,179.0,183.0
230440005240178,Urbana,0,Siqueira,159,62.0,159.0,1551.63,1212.0,62.0,5.0,0.0,61.0,62.0
230440005240179,Urbana,0,Siqueira,234,80.0,234.0,1303.45,1200.0,80.0,68.0,,78.0,80.0
230440005240180,Urbana,1,Siqueira,377,130.0,377.0,1294.62,1212.0,130.0,14.0,0.0,127.0,130.0
230440005240181,Urbana,1,Siqueira,112,44.0,112.0,1121.44,1200.0,44.0,,5.0,44.0,43.0
230440005240182,Urbana,0,Siqueira,130,42.0,130.0,1171.43,1200.0,42.0,6.0,,28.0,42.0
230440005240183,Urbana,0,Siqueira,818,279.0,818.0,1511.74,1200.0,279.0,0.0,9.0,270.0,279.0
230440005240184,Urbana,1,Siqueira,211,69.0,211.0,1225.59,1112.0,69.0,68.0,0.0,69.0,69.0
230440005240185,Urbana,1,Siqueira,275,92.0,275.0,1286.67,1212.0,92.0,,,89.0,92.0
230440005240186,Urbana,0,Granja Lisboa,1104,373.0,1104.0,1186.44,1200.0,373.0,141.0,,364.0,373.0
230440005240187,Urbana,1,Siqueira,224,75.0,224.0,1145.43,1212.0,75.0,74.0,0.0,73.0,75.0
230440005240188,Urbana,0,Siqueira,633,213.0,633.0,1327.54,1212.0,213.0,3.0,0.0,186.0,210.0
230440005240189,Urbana,1,Granja Lisboa,131,42.0,131.0,1222.54,1000.0,42.0,31.0,4.0,42.0,42.0
230440005240190,Urbana,1,Granja Lisboa,141,42.0,141.0,953.03,1050.0,42.0,32.0,6.0,40.0,42.0
230440005240191,Urbana,0,Granja Lisboa,164,74.0,164.0,1147.3,1200.0,74.0,6.0,,74.0,74.0
230440005240192,Urbana,1,Granja Lisboa,487,189.0,487.0,1231.38,1200.0,189.0,14.0,9.0,186.0,189.0
230440005240193,Urbana,1,Granja Lisboa,273,90.0,273.0,1065.65,1200.0,90.0,14.0,0.0,89.0,90.0
230440005240194,Urbana,1,Granja Lisboa,627,214.0,627.0,1005.02,980.0,214.0,18.0,3.0,212.0,214.0
230440005240195,Urbana,0,Granja Lisboa,203,67.0,203.0,1428.98,1212.0,67.0,3.0,0.0,67.0,67.0
230440005240196,Urbana,1,Granja Lisboa,322,104.0,322.0,1171.42,1206.0,104.0,13.0,0.0,104.0,104.0
230440005240197,Urbana,1,Granja Portugal,27,13.0,27.0,2500.46,1800.0,13.0,,0.0,11.0,13.0
230440005240198,Urbana,0,Granja Portugal,665,204.0,665.0,1415.41,1212.0,204.0,156.0,,191.0,204.0
230440005240199,Urbana,1,Bom Jardim,104,30.0,102.0,1088.29,850.0,30.0,26.0,0.0,30.0,30.0
230440005240200,Urbana,0,Bom Jardim,726,240.0,726.0,1239.53,1212.0,240.0,232.0,0.0,238.0,238.0
230440005240201,Urbana,0,Bonsucesso,310,112.0,310.0,1541.14,1200.0,112.0,99.0,,111.0,112.0
230440005240202,Urbana,0,Bonsucesso,538,188.0,538.0,1808.51,1212.0,188.0,147.0,4.0,157.0,188.0
230440005240203,Urbana,1,Bonsucesso,445,153.0,445.0,1179.96,1212.0,153.0,147.0,,149.0,153.0
230440005240204,Urbana,1,Bonsucesso,116,39.0,116.0,1469.76,1200.0,39.0,39.0,0.0,39.0,39.0
230440005240205,Urbana,0,Bonsucesso,557,195.0,557.0,1604.0,1212.0,195.0,177.0,3.0,184.0,194.0
230440005240206,Urbana,1,Bonsucesso,325,99.0,325.0,1234.13,1200.0,99.0,72.0,6.0,98.0,98.0
230440005240207,Urbana,0,Bonsucesso,462,155.0,462.0,1697.62,1212.0,155.0,130.0,0.0,153.0,155.0
230440005240208,Urbana,0,Bonsucesso,270,99.0,270.0,1440.8,1212.0,99.0,73.0,,92.0,99.0
230440005240209,Urbana,1,Bonsucesso,531,175.0,531.0,1057.99,1212.0,175.0,135.0,0.0,175.0,175.0
230440005240212,Urbana,0,Bonsucesso,948,321.0,946.0,2052.26,1212.0,321.0,294.0,,301.0,321.0
230440005240213,Urbana,0,Siqueira,1192,396.0,1192.0,1520.0,1212.0,396.0,,0.0,389.0,396.0
230440005240214,Urbana,0,Siqueira,1187,389.0,1187.0,1332.4,1212.0,389.0,,0.0,369.0,389.0
230440005240215,Urbana,0,Siqueira,707,228.0,707.0,1632.03,1212.0,228.0,,4.0,225.0,228.0
230440005240216,Urbana,0,Siqueira,297,113.0,297.0,2213.01,1400.0,113.0,9.0,4.0,104.0,108.0
230440005240217,Urbana,0,Siqueira,790,258.0,790.0,1790.19,1312.0,258.0,6.0,32.0,250.0,255.0
230440005240218,Urbana,0,Siqueira,898,289.0,898.0,1314.65,1212.0,289.0,274.0,13.0,289.0,289.0
230440005240219,Urbana,0,Siqueira,729,247.0,729.0,1257.09,600.0,247.0,225.0,8.0,238.0,247.0
230440005240220,Urbana,0,Siqueira,402,149.0,402.0,1170.31,1212.0,149.0,145.0,0.0,149.0,149.0
230440005240221,Urbana,0,Siqueira,561,194.0,561.0,1025.47,1001.0,194.0,193.0,0.0,194.0,194.0
230440005240222,Urbana,0,Siqueira,764,246.0,764.0,998.77,600.0,246.0,236.0,0.0,246.0,246.0
230440005240223,Urbana,0,Siqueira,695,245.0,695.0,1073.77,1212.0,245.0,238.0,0.0,245.0,245.0
230440005240224,Urbana,1,Siqueira,60,18.0,60.0,1014.0,450.0,18.0,,0.0,13.0,14.0
230440005240225,Urbana,1,Siqueira,220,76.0,220.0,1310.53,1212.0,76.0,,8.0,72.0,76.0
230440005240226,Urbana,0,Siqueira,716,225.0,716.0,1821.52,1212.0,225.0,0.0,,210.0,225.0
230440005240227,Urbana,0,Granja Lisboa,631,211.0,631.0,1454.65,1212.0,211.0,73.0,31.0,211.0,211.0
230440005240228,Urbana,0,Granja Lisboa,584,206.0,584.0,1437.15,1212.0,206.0,109.0,,204.0,205.0
230440005240229,Urbana,0,Bonsucesso,593,211.0,593.0,1935.16,1212.0,211.0,197.0,0.0,198.0,211.0
230440005240230,Urbana,0,Bonsucesso,687,233.0,687.0,1738.71,1212.0,233.0,191.0,26.0,224.0,233.0
230440005240231,Urbana,0,Bonsucesso,824,284.0,824.0,1246.06,1212.0,284.0,275.0,,258.0,284.0
230440005240232,Urbana,0,Bonsucesso,770,292.0,770.0,2405.23,1212.0,292.0,229.0,,225.0,292.0
230440005240233,Urbana,1,Siqueira,435,135.0,435.0,1274.37,1212.0,135.0,,0.0,133.0,134.0
230440005240234,Urbana,0,Siqueira,1087,355.0,1083.0,1532.23,1212.0,355.0,13.0,,345.0,349.0
230440005240235,Urbana,1,Siqueira,400,137.0,400.0,1271.31,1212.0,137.0,,9.0,133.0,137.0
230440005240236,Urbana,1,Siqueira,995,329.0,989.0,746.29,600.0,329.0,9.0,0.0,313.0,329.0
230440005240237,Urbana,0,Siqueira,328,118.0,328.0,1514.62,1212.0,118.0,113.0,0.0,118.0,118.0
230440005240238,Urbana,0,Siqueira,449,164.0,449.0,1806.29,1300.0,164.0,143.0,5.0,159.0,163.0
230440005240239,Urbana,0,Siqueira,778,266.0,778.0,1067.37,1200.0,266.0,,4.0,262.0,266.0
230440005240240,Urbana,0,Siqueira,180,64.0,180.0,1515.14,1212.0,64.0,6.0,4.0,64.0,63.0
230440005240241,Urbana,0,Siqueira,310,108.0,310.0,1559.56,1200.0,108.0,107.0,0.0,108.0,107.0
230440005240242,Urbana,0,Siqueira,348,128.0,348.0,1756.19,1500.0,128.0,127.0,0.0,128.0,128.0
230440005240243,Urbana,0,Granja Lisboa,1344,448.0,1344.0,2110.0,1500.0,448.0,343.0,6.0,434.0,440.0
230440005240244,Urbana,0,Siqueira,1341,475.0,1341.0,1765.65,1212.0,475.0,28.0,,359.0,465.0
230440005240245,Urbana,0,Granja Lisboa,616,215.0,616.0,1086.36,1000.0,215.0,215.0,0.0,215.0,215.0
230440005240246,Urbana,0,Granja Lisboa,446,162.0,446.0,2326.9,1212.0,162.0,138.0,,147.0,160.0
230440005240247,Urbana,0,Granja Lisboa,507,182.0,507.0,1573.09,1212.0,182.0,159.0,0.0,169.0,180.0
230440005240248,Urbana,0,Granja Lisboa,1019,319.0,1019.0,1307.42,1212.0,319.0,94.0,5.0,310.0,317.0
230440005240249,Urbana,1,Granja Lisboa,350,114.0,350.0,1110.12,1100.0,114.0,6.0,,40.0,113.0
230440005240250,Urbana,0,Granja Lisboa,483,140.0,483.0,2045.24,1212.0,140.0,32.0,,131.0,131.0
230440005240251,Urbana,0,Granja Lisboa,556,220.0,556.0,1212.44,1200.0,220.0,195.0,5.0,219.0,220.0
230440005240252,Urbana,0,Siqueira,588,219.0,588.0,1666.47,1212.0,219.0,94.0,21.0,197.0,208.0
230440005240253,Urbana,0,Granja Lisboa,624,204.0,624.0,1539.96,1212.0,204.0,18.0,4.0,204.0,202.0
230440005240254,Urbana,1,Granja Lisboa,292,92.0,289.0,986.2,1212.0,92.0,7.0,0.0,91.0,92.0
230440005240255,Urbana,0,Granja Lisboa,136,44.0,136.0,1361.36,1200.0,44.0,0.0,0.0,44.0,44.0
230440005240256,Urbana,0,Granja Lisboa,547,183.0,547.0,1432.73,1212.0,183.0,6.0,,181.0,182.0
230440005240257,Urbana,1,Granja Lisboa,38,12.0,38.0,1222.22,1200.0,12.0,0.0,0.0,12.0,12.0
230440005240258,Urbana,1,Granja Lisboa,79,28.0,79.0,1019.33,1200.0,28.0,4.0,0.0,28.0,28.0
230440005240259,Urbana,0,Siqueira,840,283.0,835.0,1337.94,1212.0,283.0,180.0,13.0,280.0,282.0
230440005240260,Urbana,0,Siqueira,910,308.0,910.0,2058.94,1212.0,308.0,152.0,10.0,305.0,308.0
230440005240261,Urbana,1,Siqueira,1113,385.0,1113.0,1406.02,1212.0,385.0,127.0,5.0,378.0,384.0
230440005240262,Urbana,0,Bonsucesso,620,214.0,620.0,1813.32,1200.0,214.0,197.0,3.0,194.0,214.0
230440005240263,Urbana,1,Bonsucesso,1039,356.0,1039.0,1285.51,1212.0,356.0,241.0,8.0,349.0,356.0
230440005240264,Urbana,0,Bonsucesso,985,334.0,985.0,1102.86,1200.0,334.0,313.0,,331.0,334.0
230440005240265,Urbana,0,Siqueira,825,279.0,825.0,1207.19,1212.0,279.0,0.0,5.0,259.0,276.0
230440005240266,Urbana,0,Siqueira,745,210.0,745.0,1364.03,1212.0,210.0,88.0,,207.0,210.0
230440005240267,Urbana,0,Bom Jardim,676,232.0,676.0,1545.74,1212.0,232.0,148.0,0.0,227.0,232.0
230440005240268,Urbana,0,Bom Jardim,140,51.0,140.0,1059.46,1200.0,51.0,3.0,4.0,50.0,51.0
230440005240269,Urbana,0,Bom Jardim,502,168.0,502.0,1066.71,1200.0,168.0,12.0,17.0,166.0,168.0
230440005240270,Urbana,0,Bom Jardim,724,247.0,724.0,1446.08,1212.0,247.0,247.0,0.0,247.0,247.0
230440005240271,Urbana,0,Bom Jardim,821,296.0,821.0,2140.91,1300.0,296.0,208.0,0.0,234.0,296.0
230440005240272,Urbana,0,Bom Jardim,849,294.0,849.0,1353.24,1200.0,294.0,34.0,10.0,287.0,294.0
230440005240273,Urbana,1,Bom Jardim,812,347.0,812.0,1016.23,1200.0,347.0,266.0,80.0,346.0,347.0
230440005240274,Urbana,0,Bom Jardim,730,245.0,730.0,1130.39,1200.0,245.0,12.0,14.0,243.0,243.0
230440005240275,Urbana,0,Granja Lisboa,615,229.0,615.0,1659.45,1212.0,229.0,28.0,16.0,225.0,229.0
230440005240276,Urbana,0,Granja Lisboa,491,140.0,491.0,1437.43,1250.0,140.0,79.0,,137.0,140.0
230440005240277,Urbana,0,Granja Lisboa,844,292.0,842.0,1319.19,1200.0,292.0,151.0,0.0,286.0,292.0
230440005240278,Urbana,0,Granja Lisboa,762,249.0,762.0,1151.42,1212.0,249.0,36.0,13.0,249.0,246.0
230440005240279,Urbana,0,Granja Lisboa,752,253.0,752.0,1561.91,1212.0,253.0,33.0,0.0,241.0,253.0
230440005240280,Urbana,0,Bonsucesso,1122,407.0,1122.0,1346.03,1212.0,407.0,339.0,19.0,387.0,407.0
230440005240281,Urbana,0,Granja Lisboa,800,290.0,800.0,1719.88,1212.0,290.0,147.0,14.0,286.0,290.0
230440005240282,Urbana,0,Granja Lisboa,462,151.0,462.0,1547.93,1212.0,151.0,21.0,35.0,148.0,149.0
230440005240283,Urbana,1,Granja Lisboa,732,250.0,732.0,1457.78,1500.0,250.0,12.0,186.0,218.0,249.0
230440005240284,Urbana,0,Granja Lisboa,594,201.0,594.0,1437.24,1200.0,201.0,61.0,,199.0,199.0
230440005240285,Urbana,0,Granja Lisboa,755,240.0,755.0,1140.45,1212.0,240.0,181.0,20.0,235.0,240.0
230440005240286,Urbana,0,Granja Lisboa,637,218.0,637.0,1317.58,1200.0,218.0,20.0,19.0,213.0,218.0
230440005240287,Urbana,1,Granja Lisboa,292,88.0,292.0,1042.39,1212.0,88.0,0.0,57.0,86.0,88.0
230440005240288,Urbana,0,Granja Lisboa,731,248.0,731.0,1416.55,1212.0,248.0,47.0,12.0,243.0,246.0
230440005240289,Urbana,0,Granja Lisboa,793,254.0,793.0,2137.6,1900.0,254.0,13.0,0.0,254.0,254.0
230440005240290,Urbana,0,Granja Lisboa,234,76.0,234.0,1764.57,1500.0,76.0,,,74.0,76.0
230440005240291,Urbana,0,Granja Portugal,940,337.0,940.0,1408.2,1212.0,337.0,332.0,0.0,326.0,337.0
230440005240292,Urbana,0,Granja Portugal,702,236.0,702.0,1572.52,1212.0,236.0,218.0,8.0,233.0,236.0
230440005240293,Urbana,0,Granja Portugal,646,222.0,646.0,1304.55,1212.0,222.0,193.0,,220.0,222.0
230440005240294,Urbana,0,Granja Portugal,878,306.0,878.0,1755.11,1212.0,306.0,289.0,4.0,285.0,306.0
230440005240295,Urbana,0,Granja Portugal,155,50.0,155.0,1330.04,1212.0,50.0,39.0,,47.0,50.0
230440005240296,Urbana,0,Granja Portugal,457,165.0,457.0,1592.41,1200.0,165.0,32.0,40.0,163.0,165.0
230440005240297,Urbana,1,Bonsucesso,1063,373.0,1063.0,946.36,600.0,373.0,147.0,,349.0,373.0
230440005240298,Urbana,0,Bonsucesso,1047,363.0,1047.0,1441.41,1212.0,363.0,354.0,3.0,324.0,363.0
230440005240299,Urbana,0,Bonsucesso,464,162.0,464.0,1543.99,1212.0,162.0,158.0,,146.0,162.0
230440005240300,Urbana,0,Siqueira,433,159.0,433.0,1235.04,1212.0,159.0,159.0,0.0,159.0,159.0
230440005240301,Urbana,0,Siqueira,847,302.0,847.0,1172.1,1212.0,302.0,302.0,0.0,302.0,302.0
230440005240302,Urbana,1,Siqueira,659,222.0,659.0,1036.35,1000.0,222.0,12.0,0.0,214.0,222.0
230440005240303,Urbana,1,Granja Lisboa,447,155.0,447.0,1145.48,1200.0,155.0,95.0,5.0,154.0,155.0
230440005240304,Urbana,0,Granja Lisboa,247,86.0,247.0,1313.33,1212.0,86.0,3.0,44.0,86.0,86.0
230440005240306,Urbana,0,Granja Portugal,441,139.0,440.0,1273.01,1212.0,139.0,7.0,5.0,133.0,139.0
230440005240307,Urbana,0,Granja Lisboa,294,92.0,294.0,1877.13,1220.0,92.0,28.0,5.0,86.0,92.0
230440005240308,Urbana,1,Granja Lisboa,214,65.0,214.0,1063.46,1200.0,65.0,3.0,0.0,65.0,65.0
230440005240311,Urbana,1,Bom Jardim,439,157.0,439.0,1208.34,1212.0,157.0,36.0,3.0,157.0,157.0
230440005240312,Urbana,0,Bom Jardim,397,131.0,369.0,1253.98,1212.0,131.0,124.0,0.0,130.0,131.0
230440005240313,Urbana,1,Bom Jardim,574,173.0,574.0,1141.71,1212.0,173.0,31.0,,172.0,173.0
230440005240314,Urbana,1,Bom Jardim,521,126.0,519.0,1189.68,1200.0,126.0,79.0,34.0,124.0,126.0
230440005240315,Urbana,1,Bom Jardim,302,99.0,302.0,1131.79,1200.0,99.0,15.0,33.0,98.0,98.0
230440005240318,Urbana,0,Granja Portugal,0,,,,,,,,,
230440005240319,Urbana,0,Granja Portugal,742,249.0,742.0,1356.62,1212.0,249.0,210.0,10.0,242.0,249.0
230440005240320,Urbana,0,Granja Portugal,168,51.0,168.0,1546.67,1212.0,51.0,46.0,,51.0,51.0
230440005240321,Urbana,1,Granja Portugal,20,6.0,20.0,1127.33,1218.0,6.0,,0.0,6.0,6.0
230440005240322,Urbana,1,Granja Portugal,625,216.0,623.0,1117.73,1212.0,216.0,94.0,6.0,209.0,216.0
230440005240323,Urbana,1,Bonsucesso,692,229.0,692.0,1492.9,1212.0,229.0,196.0,7.0,223.0,229.0
230440005240324,Urbana,0,Granja Lisboa,546,184.0,546.0,1764.35,1300.0,184.0,171.0,,181.0,184.0
230440005240325,Urbana,1,Granja Lisboa,340,102.0,340.0,931.18,1000.0,102.0,7.0,0.0,101.0,102.0
230440005240326,Urbana,0,Granja Lisboa,768,247.0,768.0,1759.43,1212.0,247.0,28.0,0.0,222.0,247.0
230440005240327,Urbana,0,Bonsucesso,435,148.0,434.0,1683.93,1212.0,148.0,140.0,0.0,145.0,148.0
230440005240328,Urbana,1,Bom Jardim,248,74.0,248.0,1307.37,1212.0,74.0,,,74.0,73.0
230440005240329,Urbana,1,Bom Jardim,125,42.0,125.0,1018.68,1200.0,42.0,7.0,0.0,42.0,42.0
230440005240330,Urbana,1,Granja Lisboa,218,74.0,218.0,1021.23,1000.0,74.0,3.0,0.0,73.0,73.0
230440005240331,Urbana,1,Granja Lisboa,209,62.0,209.0,871.9,600.0,62.0,3.0,,62.0,61.0
230440005240332,Urbana,4,Bonsucesso,0,,,,,,,,,
230440005240333,Urbana,1,Granja Lisboa,117,39.0,117.0,1038.69,1200.0,39.0,,0.0,38.0,39.0
230440005240334,Urbana,1,Granja Lisboa,183,62.0,183.0,1351.73,1206.0,62.0,,0.0,60.0,62.0
230440005240335,Urbana,1,Siqueira,263,87.0,263.0,966.51,1000.0,87.0,85.0,0.0,87.0,87.0
230440005240336,Urbana,1,Bom Jardim,538,177.0,538.0,1220.52,1212.0,177.0,91.0,21.0,173.0,177.0
230440005240337,Urbana,1,Bom Jardim,375,132.0,375.0,1447.16,1212.0,132.0,123.0,0.0,131.0,132.0
230440005240338,Urbana,1,Granja Portugal,230,80.0,230.0,1399.8,1200.0,80.0,16.0,64.0,80.0,80.0
230440005240339,Urbana,0,Granja Portugal,143,52.0,143.0,1665.5,1330.0,52.0,46.0,,52.0,52.0
230440005240340,Urbana,0,Siqueira,342,114.0,342.0,1241.86,1200.0,114.0,66.0,16.0,113.0,111.0
230440005240341,Urbana,1,Bom Jardim,134,79.0,134.0,937.82,1200.0,79.0,36.0,30.0,79.0,79.0
230440005240342,Urbana,1,Bom Jardim,440,144.0,440.0,1131.8,1200.0,144.0,89.0,55.0,142.0,144.0
230440005240343,Urbana,1,Bom Jardim,240,70.0,240.0,1051.71,1200.0,70.0,5.0,17.0,69.0,70.0
230440005240344,Urbana,1,Bom Jardim,58,25.0,58.0,1168.0,1200.0,25.0,24.0,,25.0,25.0
230440005240345,Urbana,1,Bom Jardim,309,108.0,309.0,1146.7,1200.0,108.0,12.0,17.0,106.0,107.0
230440005240346,Urbana,1,Granja Portugal,307,107.0,307.0,1083.73,1212.0,107.0,42.0,0.0,107.0,107.0
230440005240347,Urbana,1,Bom Jardim,81,30.0,81.0,1167.6,1212.0,30.0,0.0,4.0,30.0,30.0
230440005240348,Urbana,1,Bom Jardim,228,90.0,228.0,1003.93,1212.0,90.0,6.0,,90.0,90.0
230440005240349,Urbana,1,Siqueira,658,221.0,658.0,1620.56,1212.0,221.0,57.0,0.0,215.0,221.0
230440005240350,Urbana,1,Granja Portugal,351,124.0,351.0,1142.6,1212.0,124.0,100.0,0.0,123.0,124.0
230440005240351,Urbana,1,Granja Portugal,657,221.0,657.0,1293.38,1212.0,221.0,197.0,0.0,218.0,221.0
230440005240352,Urbana,1,Granja Lisboa,237,90.0,237.0,954.42,1212.0,90.0,42.0,0.0,89.0,89.0
230440005240353,Urbana,0,Siqueira,121,43.0,121.0,1572.0,1212.0,43.0,14.0,,43.0,43.0
230440005240354,Urbana,1,Siqueira,275,94.0,275.0,1274.12,1000.0,94.0,6.0,0.0,86.0,87.0
230440005240355,Urbana,0,Bonsucesso,872,314.0,872.0,1605.76,1212.0,314.0,296.0,3.0,289.0,313.0
230440005240356,Urbana,0,Bonsucesso,127,42.0,127.0,1926.93,1212.0,42.0,34.0,,40.0,41.0
230440005240357,Urbana,0,Granja Lisboa,907,305.0,907.0,1548.26,1212.0,305.0,9.0,3.0,301.0,304.0
230440005240358,Urbana,0,Granja Lisboa,917,316.0,917.0,1641.27,1212.0,316.0,47.0,0.0,308.0,316.0
230440005240359,Urbana,0,Siqueira,1076,375.0,1076.0,2484.63,1212.0,375.0,289.0,,374.0,374.0
230440005240360,Urbana,0,Siqueira,756,280.0,756.0,3443.68,3000.0,280.0,266.0,,278.0,279.0
230440005240361,Urbana,0,Siqueira,1013,335.0,1013.0,1851.52,1500.0,335.0,29.0,5.0,314.0,335.0
230440005240362,Urbana,0,Siqueira,492,165.0,492.0,1720.35,1212.0,165.0,60.0,0.0,165.0,165.0
230440005240363,Urbana,1,Siqueira,178,57.0,178.0,1251.05,1212.0,57.0,47.0,5.0,57.0,57.0
230440005240364,Urbana,1,Siqueira,225,78.0,225.0,1235.28,1212.0,78.0,56.0,0.0,78.0,78.0
230440005240365,Urbana,1,Siqueira,397,153.0,397.0,1322.0,1212.0,153.0,116.0,6.0,152.0,153.0
230440005240366,Urbana,1,Bonsucesso,229,82.0,229.0,1426.73,1212.0,82.0,63.0,0.0,78.0,82.0
230440005240367,Urbana,0,Granja Lisboa,515,178.0,515.0,1784.2,1400.0,178.0,19.0,20.0,168.0,177.0
230440005240368,Urbana,0,Granja Portugal,67,20.0,67.0,1157.8,1212.0,20.0,,0.0,20.0,20.0
230440005240369,Urbana,1,Granja Lisboa,507,137.0,507.0,1149.15,900.0,137.0,3.0,0.0,134.0,135.0
