{"type":"FeatureCollection","features":[{"type":"Feature","id":"vw_PracasFortaleza.fid--266d38e4_18dcc52846e_-555a","geometry":{"type":"MultiPolygon","coordinates":[[[[-38.51495115,-3.7267881],[-38.51481749,-3.7268316],[-38.51479292,-3.72684988],[-38.51479033,-3.72687828],[-38.51483422,-3.72700461],[-38.51485318,-3.72702606],[-38.51488119,-3.72702471],[-38.51501988,-3.72697807],[-38.51503533,-3.72695473],[-38.51503676,-3.72693426],[-38.51500105,-3.72682047],[-38.51498201,-3.72679476],[-38.51495115,-3.7267881]]]]},"geometry_name":"the_geom","properties":{"id":120,"nome":"Pra\u00e7a Visconde de Pelotas","nome_pop":"Pra\u00e7a do Mercado dos Pinh\u00f5es","fonte":"URBIFOR","anoref":2019,"epsg_codif":"EPSG: 31984 (SIRGAS 2000 - UTM 24S); Codifica\u00e7\u00e3o: UTF-8","bairro":"Centro","cod_bairro":10,"area m2":518.21}},{"type":"Feature","id":"vw_PracasFortaleza.fid--266d38e4_18dcc52846e_-5559","geometry":{"type":"MultiPolygon","coordinates":[[[[-38.52637582,-3.72518009],[-38.52600675,-3.72530192],[-38.52606921,-3.72550966],[-38.52644415,-3.7253892],[-38.52637582,-3.72518009]]]]},"geometry_name":"the_geom","properties":{"id":124,"nome":"Largo do Mercado","nome_pop":"Pra\u00e7a dos Correios","fonte":"URBIFOR","anoref":2019,"epsg_codif":"EPSG: 31984 (SIRGAS 2000 - UTM 24S); Codifica\u00e7\u00e3o: UTF-8","bairro":"Centro","cod_bairro":10,"area m2":1049.77}},{"type":"Feature","id":"vw_PracasFortaleza.fid--266d38e4_18dcc52846e_-5558","geometry":{"type":"MultiPolygon","coordinates":[[[[-38.57265813,-3.72281921],[-38.57267247,-3.72278334],[-38.57239265,-3.72239817],[-38.57187911,-3.72342461],[-38.57188184,-3.72348171],[-38.57239775,-3.72434488],[-38.57269238,-3.72481106],[-38.57288856,-3.72505971],[-38.57316074,-3.72451729],[-38.57318999,-3.72448134],[-38.57315859,-3.72437714],[-38.57313737,-3.72424714],[-38.57305806,-3.72415682],[-38.57294954,-3.72409174],[-38.57284437,-3.72405916],[-38.57277542,-3.72405916],[-38.57259751,-3.72412069],[-38.57252133,-3.72410983],[-38.57244889,-3.7239759],[-38.5724127,-3.72385273],[-38.57240188,-3.72377299],[-38.57241285,-3.72367146],[-38.57242005,-3.7235954],[-38.57242726,-3.7235447],[-38.57249205,-3.72302049],[-38.57251718,-3.72293059],[-38.57258218,-3.72286596],[-38.57265813,-3.72281921]]]]},"geometry_name":"the_geom","properties":{"id":162,"nome":"Cal\u00e7ad\u00e3o da Rua Frei Odilon","nome_pop":"Pra\u00e7a da Lagoa do Urubu","fonte":"URBIFOR","anoref":2019,"epsg_codif":"EPSG: 31984 (SIRGAS 2000 - UTM 24S); Codifica\u00e7\u00e3o: UTF-8","bairro":"Floresta","cod_bairro":17,"area m2":14102.47}},{"type":"Feature","id":"vw_PracasFortaleza.fid--266d38e4_18dcc52846e_-5557","geometry":{"type":"MultiPolygon","coordinates":[[[[-38.56061998,-3.71620862],[-38.56066798,-3.7162314],[-38.56071999,-3.71621509],[-38.56073874,-3.71617416],[-38.56100156,-3.71608775],[-38.56092799,-3.71598419],[-38.56091641,-3.71594604],[-38.56090998,-3.71589885],[-38.56076161,-3.71582697],[-38.56073761,-3.7158696],[-38.56068319,-3.71588604],[-38.56060131,-3.71588446],[-38.56051561,-3.71587712],[-38.56061998,-3.71620862]]],[[[-38.56077248,-3.71666718],[-38.56081119,-3.71669102],[-38.56087303,-3.71665567],[-38.56095864,-3.71658859],[-38.56101925,-3.71658899],[-38.56108838,-3.71643313],[-38.56106389,-3.71640309],[-38.561062,-3.71626482],[-38.56104162,-3.71625048],[-38.56080271,-3.71633373],[-38.56075782,-3.7163194],[-38.56069003,-3.716339],[-38.56067884,-3.71637716],[-38.56077248,-3.71666718]]]]},"geometry_name":"the_geom","properties":{"id":184,"nome":"Pra\u00e7a Ant\u00f4nio Alves Linhares","nome_pop":"Pra\u00e7a do Mercado do Carlito Pamplona","fonte":"URBIFOR","anoref":2019,"epsg_codif":"EPSG: 31984 (SIRGAS 2000 - UTM 24S); Codifica\u00e7\u00e3o: UTF-8","bairro":"\u00c1lvaro Weyne","cod_bairro":3,"area m2":2793.57}},{"type":"Feature","id":"vw_PracasFortaleza.fid--266d38e4_18dcc52846e_-5556","geometry":{"type":"MultiPolygon","coordinates":[[[[-38.52633712,-3.72648379],[-38.5259611,-3.72659181],[-38.52593677,-3.72663056],[-38.5259652,-3.72687507],[-38.52599162,-3.72730036],[-38.52652174,-3.72712047],[-38.52633712,-3.72648379]]]]},"geometry_name":"the_geom","properties":{"id":100,"nome":"Pra\u00e7a General Tiburcio","nome_pop":"Pra\u00e7a dos Le\u00f5es","fonte":"URBIFOR","anoref":2019,"epsg_codif":"EPSG: 31984 (SIRGAS 2000 - UTM 24S); Codifica\u00e7\u00e3o: UTF-8","bairro":"Centro","cod_bairro":10,"area m2":4012.15}},{"type":"Feature","id":"vw_PracasFortaleza.fid--266d38e4_18dcc52846e_-5555","geometry":{"type":"MultiPolygon","coordinates":[[[[-38.52500954,-3.72365861],[-38.52496125,-3.72364215],[-38.52476138,-3.72375389],[-38.52474407,-3.72378485],[-38.52474818,-3.72381558],[-38.52493711,-3.72415465],[-38.52508183,-3.72451453],[-38.52513136,-3.72453985],[-38.52525421,-3.72449466],[-38.52540586,-3.72444232],[-38.52542465,-3.72440478],[-38.52518952,-3.72399223],[-38.52500954,-3.72365861]]]]},"geometry_name":"the_geom","properties":{"id":102,"nome":"Pra\u00e7a da S\u00e9","nome_pop":"Pra\u00e7a Pedro II","fonte":"URBIFOR","anoref":2019,"epsg_codif":"EPSG: 31984 (SIRGAS 2000 - UTM 24S); Codifica\u00e7\u00e3o: UTF-8","bairro":"Centro","cod_bairro":10,"area m2":3432.43}},{"type":"Feature","id":"vw_PracasFortaleza.fid--266d38e4_18dcc52846e_-5554","geometry":{"type":"MultiPolygon","coordinates":[[[[-38.52702389,-3.72276257],[-38.52681719,-3.72214981],[-38.52560938,-3.72255764],[-38.52581195,-3.72319058],[-38.52702389,-3.72276257]]]]},"geometry_name":"the_geom","properties":{"id":103,"nome":"Pra\u00e7a dos M\u00e1rtires","nome_pop":"Passeio P\u00fablico","fonte":"URBIFOR","anoref":2019,"epsg_codif":"EPSG: 31984 (SIRGAS 2000 - UTM 24S); Codifica\u00e7\u00e3o: UTF-8","bairro":"Centro","cod_bairro":10,"area m2":10307.13}},{"type":"Feature","id":"vw_PracasFortaleza.fid--266d38e4_18dcc52846e_-5553","geometry":{"type":"MultiPolygon","coordinates":[[[[-38.5337308,-3.72514019],[-38.53279228,-3.72544847],[-38.53277503,-3.72547353],[-38.53277149,-3.72550116],[-38.53289622,-3.7259123],[-38.53292074,-3.72593007],[-38.53294701,-3.72593065],[-38.53388742,-3.72560766],[-38.53390424,-3.72557945],[-38.53377151,-3.72514976],[-38.5337308,-3.72514019]]]]},"geometry_name":"the_geom","properties":{"id":105,"nome":"Pra\u00e7a Capistrano de Abreu","nome_pop":"Pra\u00e7a da Lagoinha","fonte":"URBIFOR","anoref":2019,"epsg_codif":"EPSG: 31984 (SIRGAS 2000 - UTM 24S); Codifica\u00e7\u00e3o: UTF-8","bairro":"Centro","cod_bairro":10,"area m2":6489.17}},{"type":"Feature","id":"vw_PracasFortaleza.fid--266d38e4_18dcc52846e_-5552","geometry":{"type":"MultiPolygon","coordinates":[[[[-38.53059363,-3.72273364],[-38.53029557,-3.72186246],[-38.53025466,-3.72181695],[-38.53019015,-3.72180281],[-38.52947523,-3.72203373],[-38.52943133,-3.72207522],[-38.52942699,-3.72213857],[-38.52943755,-3.72221159],[-38.52963808,-3.72293007],[-38.52966397,-3.72298225],[-38.5297087,-3.72300957],[-38.52977001,-3.72300218],[-38.53059363,-3.72273364]]]]},"geometry_name":"the_geom","properties":{"id":106,"nome":"Pra\u00e7a Castro Carreira","nome_pop":"Pra\u00e7a da Esta\u00e7\u00e3o","fonte":"URBIFOR","anoref":2019,"epsg_codif":"EPSG: 31984 (SIRGAS 2000 - UTM 24S); Codifica\u00e7\u00e3o: UTF-8","bairro":"Centro","cod_bairro":10,"area m2":11641.06}},{"type":"Feature","id":"vw_PracasFortaleza.fid--266d38e4_18dcc52846e_-5551","geometry":{"type":"MultiPolygon","coordinates":[[[[-38.52653588,-3.72888649],[-38.52633243,-3.7288645],[-38.52624223,-3.72963879],[-38.52644336,-3.72965904],[-38.52653588,-3.72888649]]]]},"geometry_name":"the_geom","properties":{"id":108,"nome":"Pra\u00e7a dos Volunt\u00e1rios","nome_pop":"Pra\u00e7a da Pol\u00edcia","fonte":"URBIFOR","anoref":2019,"epsg_codif":"EPSG: 31984 (SIRGAS 2000 - UTM 24S); Codifica\u00e7\u00e3o: UTF-8","bairro":"Centro","cod_bairro":10,"area m2":1945.58}},{"type":"Feature","id":"vw_PracasFortaleza.fid--266d38e4_18dcc52846e_-5550","geometry":{"type":"MultiPolygon","coordinates":[[[[-38.5176567,-3.73013972],[-38.51712369,-3.73021844],[-38.51708229,-3.73025548],[-38.51706998,-3.73032046],[-38.51724777,-3.73064592],[-38.51728165,-3.73067803],[-38.51732137,-3.73067938],[-38.51768622,-3.73057552],[-38.51773059,-3.73051604],[-38.5177298,-3.73021802],[-38.51771183,-3.73016478],[-38.5176567,-3.73013972]]],[[[-38.51767914,-3.73061657],[-38.5172992,-3.73073133],[-38.51728525,-3.73076079],[-38.5172992,-3.73079026],[-38.51733177,-3.73079956],[-38.51769309,-3.73068326],[-38.51772256,-3.73066155],[-38.51771015,-3.73062123],[-38.51767914,-3.73061657]]],[[[-38.5178156,-3.73075769],[-38.51775823,-3.73073598],[-38.51735193,-3.73085849],[-38.51731471,-3.73091277],[-38.51732246,-3.73110196],[-38.51735348,-3.73115159],[-38.51740931,-3.73117175],[-38.5179071,-3.73102287],[-38.51795052,-3.73098255],[-38.51794897,-3.73090502],[-38.5178156,-3.73075769]]]]},"geometry_name":"the_geom","properties":{"id":112,"nome":"Pra\u00e7a da Bandeira","nome_pop":"Pra\u00e7a do Col\u00e9gio Militar","fonte":"URBIFOR","anoref":2019,"epsg_codif":"EPSG: 31984 (SIRGAS 2000 - UTM 24S); Codifica\u00e7\u00e3o: UTF-8","bairro":"Centro","cod_bairro":10,"area m2":5940.57}},{"type":"Feature","id":"vw_PracasFortaleza.fid--266d38e4_18dcc52846e_-554f","geometry":{"type":"MultiPolygon","coordinates":[[[[-38.53230359,-3.73214193],[-38.53225782,-3.7320915],[-38.53219405,-3.73208848],[-38.53136369,-3.73236461],[-38.53133873,-3.73239188],[-38.53134017,-3.73243012],[-38.53159057,-3.73328116],[-38.53163048,-3.73331184],[-38.53169068,-3.733321],[-38.53179543,-3.7332874],[-38.53188249,-3.73331336],[-38.53236511,-3.73315605],[-38.53242751,-3.73308617],[-38.5324842,-3.73306373],[-38.53252395,-3.73302471],[-38.53253936,-3.7329662],[-38.53230359,-3.73214193]]]]},"geometry_name":"the_geom","properties":{"id":114,"nome":"Pra\u00e7a Cl\u00f3vis Bevil\u00e1qua","nome_pop":"Pra\u00e7a da Bandeira","fonte":"URBIFOR","anoref":2019,"epsg_codif":"EPSG: 31984 (SIRGAS 2000 - UTM 24S); Codifica\u00e7\u00e3o: UTF-8","bairro":"Centro","cod_bairro":10,"area m2":12775.41}},{"type":"Feature","id":"vw_PracasFortaleza.fid--266d38e4_18dcc52846e_-554e","geometry":{"type":"MultiPolygon","coordinates":[[[[-38.52530501,-3.72504328],[-38.52532855,-3.72509992],[-38.52576722,-3.72493189],[-38.52573803,-3.72486807],[-38.52530501,-3.72504328]]]]},"geometry_name":"the_geom","properties":{"id":115,"nome":"Pra\u00e7a Caio Prado","nome_pop":"Travessa Crato","fonte":"URBIFOR","anoref":2019,"epsg_codif":"EPSG: 31984 (SIRGAS 2000 - UTM 24S); Codifica\u00e7\u00e3o: UTF-8","bairro":"Centro","cod_bairro":10,"area m2":377.99}},{"type":"Feature","id":"vw_PracasFortaleza.fid--266d38e4_18dcc52846e_-554d","geometry":{"type":"MultiPolygon","coordinates":[[[[-38.52967668,-3.73521654],[-38.52965413,-3.73517116],[-38.52961357,-3.73515157],[-38.52956755,-3.73515962],[-38.52954146,-3.73518496],[-38.52952605,-3.7352175],[-38.52910957,-3.73534999],[-38.52906753,-3.73532031],[-38.52901868,-3.73533883],[-38.52899328,-3.7353849],[-38.52921007,-3.73605036],[-38.52926084,-3.73603439],[-38.52925807,-3.73600332],[-38.52986943,-3.73579504],[-38.52967668,-3.73521654]]]]},"geometry_name":"the_geom","properties":{"id":117,"nome":"Pra\u00e7a Jos\u00e9 Bonif\u00e1cio","nome_pop":"Pra\u00e7a do 5\u00ba Batalh\u00e3o","fonte":"URBIFOR","anoref":2019,"epsg_codif":"EPSG: 31984 (SIRGAS 2000 - UTM 24S); Codifica\u00e7\u00e3o: UTF-8","bairro":"Jos\u00e9 Bonif\u00e1cio","cod_bairro":23,"area m2":5830.73}},{"type":"Feature","id":"vw_PracasFortaleza.fid--266d38e4_18dcc52846e_-554c","geometry":{"type":"MultiPolygon","coordinates":[[[[-38.52652204,-3.72561103],[-38.52614271,-3.72573104],[-38.52623313,-3.72601586],[-38.52661085,-3.72588935],[-38.52652204,-3.72561103]]]]},"geometry_name":"the_geom","properties":{"id":118,"nome":"Pra\u00e7a Waldemar Alc\u00e2ntara Falc\u00e3o","nome_pop":"Pra\u00e7a do Banco do Brasil","fonte":"URBIFOR","anoref":2019,"epsg_codif":"EPSG: 31984 (SIRGAS 2000 - UTM 24S); Codifica\u00e7\u00e3o: UTF-8","bairro":"Centro","cod_bairro":10,"area m2":1444.88}},{"type":"Feature","id":"vw_PracasFortaleza.fid--266d38e4_18dcc52846e_-554b","geometry":{"type":"MultiPolygon","coordinates":[[[[-38.53846918,-3.73033177],[-38.53839747,-3.73035621],[-38.53834073,-3.73040006],[-38.53830741,-3.73046984],[-38.53830237,-3.73051272],[-38.53830929,-3.73056183],[-38.53833227,-3.73061246],[-38.53836636,-3.73066592],[-38.53842317,-3.73070291],[-38.53849005,-3.73070566],[-38.53855515,-3.73069494],[-38.53863617,-3.73067213],[-38.53852425,-3.73031864],[-38.53846918,-3.73033177]]]]},"geometry_name":"the_geom","properties":{"id":122,"nome":"Pra\u00e7a Paula Pessoa","nome_pop":"Pra\u00e7a do Mercado S\u00e3o Sebasti\u00e3o","fonte":"URBIFOR","anoref":2019,"epsg_codif":"EPSG: 31984 (SIRGAS 2000 - UTM 24S); Codifica\u00e7\u00e3o: UTF-8","bairro":"Centro","cod_bairro":10,"area m2":1099.51}},{"type":"Feature","id":"vw_PracasFortaleza.fid--266d38e4_18dcc52846e_-554a","geometry":{"type":"MultiPolygon","coordinates":[[[[-38.52830076,-3.73097599],[-38.52759885,-3.73121355],[-38.52766507,-3.73142911],[-38.52767443,-3.73144996],[-38.52768742,-3.73147217],[-38.52771404,-3.73148398],[-38.52774199,-3.73148187],[-38.52835829,-3.73128065],[-38.52837449,-3.73126757],[-38.52838561,-3.73124202],[-38.52838347,-3.73121481],[-38.52830076,-3.73097599]]]]},"geometry_name":"the_geom","properties":{"id":123,"nome":"Pra\u00e7a Murilo Borges","nome_pop":"Antiga Pra\u00e7a do BNB","fonte":"URBIFOR","anoref":2019,"epsg_codif":"EPSG: 31984 (SIRGAS 2000 - UTM 24S); Codifica\u00e7\u00e3o: UTF-8","bairro":"Centro","cod_bairro":10,"area m2":2763.24}},{"type":"Feature","id":"vw_PracasFortaleza.fid--266d38e4_18dcc52846e_-5549","geometry":{"type":"MultiPolygon","coordinates":[[[[-38.52647448,-3.73196048],[-38.5256025,-3.73223849],[-38.52558531,-3.73224815],[-38.52558568,-3.73226841],[-38.52582658,-3.73299295],[-38.52584458,-3.73300693],[-38.52586789,-3.73300737],[-38.52671952,-3.73273111],[-38.52672675,-3.73269331],[-38.52651243,-3.73197015],[-38.52647448,-3.73196048]]]]},"geometry_name":"the_geom","properties":{"id":126,"nome":"Pra\u00e7a Jos\u00e9 J\u00falio","nome_pop":"Pra\u00e7a da Igreja do Sagrado Cora\u00e7\u00e3o de Jesus","fonte":"URBIFOR","anoref":2019,"epsg_codif":"EPSG: 31984 (SIRGAS 2000 - UTM 24S); Codifica\u00e7\u00e3o: UTF-8","bairro":"Centro","cod_bairro":10,"area m2":9559.24}},{"type":"Feature","id":"vw_PracasFortaleza.fid--266d38e4_18dcc52846e_-5548","geometry":{"type":"MultiPolygon","coordinates":[[[[-38.56891721,-3.70535003],[-38.5690273,-3.70535788],[-38.56909808,-3.70455743],[-38.56880711,-3.70455743],[-38.56891721,-3.70535003]]]]},"geometry_name":"the_geom","properties":{"id":153,"nome":"Pra\u00e7a Odete Saraiva","nome_pop":"Pra\u00e7a do Chico dos Ovos","fonte":"URBIFOR","anoref":2019,"epsg_codif":"EPSG: 31984 (SIRGAS 2000 - UTM 24S); Codifica\u00e7\u00e3o: UTF-8","bairro":"Cristo Redentor","cod_bairro":12,"area m2":1961.16}},{"type":"Feature","id":"vw_PracasFortaleza.fid--266d38e4_18dcc52846e_-5547","geometry":{"type":"MultiPolygon","coordinates":[[[[-38.57951131,-3.69862515],[-38.57934542,-3.69851759],[-38.57914244,-3.69843843],[-38.57911232,-3.69844954],[-38.57905593,-3.6984961],[-38.57880608,-3.69910104],[-38.57922567,-3.69929053],[-38.57929984,-3.6992882],[-38.57930971,-3.69922049],[-38.57934597,-3.69916175],[-38.57950369,-3.69909765],[-38.5796387,-3.69894609],[-38.57954696,-3.69873188],[-38.57951131,-3.69862515]]]]},"geometry_name":"the_geom","properties":{"id":157,"nome":"Areninha da Barra do Cear\u00e1","nome_pop":"Campo do Gr\u00eamio\/ Pra\u00e7a das Goiabeiras","fonte":"URBIFOR","anoref":2019,"epsg_codif":"EPSG: 31984 (SIRGAS 2000 - UTM 24S); Codifica\u00e7\u00e3o: UTF-8","bairro":"Barra do Cear\u00e1","cod_bairro":6,"area m2":5362.68}},{"type":"Feature","id":"vw_PracasFortaleza.fid--266d38e4_18dcc52846e_-5546","geometry":{"type":"MultiPolygon","coordinates":[[[[-38.57043277,-3.71619162],[-38.57019019,-3.71681883],[-38.57037246,-3.71682753],[-38.57066993,-3.71593547],[-38.57056308,-3.71589113],[-38.57043277,-3.71619162]]],[[[-38.57034171,-3.71691709],[-38.57026599,-3.71689617],[-38.57019426,-3.71689238],[-38.56989519,-3.71766828],[-38.5698982,-3.71767893],[-38.56991032,-3.71767805],[-38.56998539,-3.71759091],[-38.57027908,-3.71709684],[-38.57032078,-3.71697591],[-38.57034171,-3.71691709]]]]},"geometry_name":"the_geom","properties":{"id":188,"nome":"Pra\u00e7a Dr. Hugo Rocha","nome_pop":"Pra\u00e7a Juraci Magalh\u00e3es","fonte":"URBIFOR","anoref":2019,"epsg_codif":"EPSG: 31984 (SIRGAS 2000 - UTM 24S); Codifica\u00e7\u00e3o: UTF-8","bairro":"\u00c1lvaro Weyne","cod_bairro":3,"area m2":2885.78}},{"type":"Feature","id":"vw_PracasFortaleza.fid--266d38e4_18dcc52846e_-5545","geometry":{"type":"MultiPolygon","coordinates":[[[[-38.58786073,-3.69936052],[-38.58778139,-3.69942385],[-38.58807737,-3.6996562],[-38.58813378,-3.69962376],[-38.5881221,-3.69958269],[-38.58814486,-3.69953656],[-38.58817734,-3.69947598],[-38.58818918,-3.69942821],[-38.58819599,-3.69937936],[-38.58816578,-3.69934403],[-38.58811802,-3.69932846],[-38.58809458,-3.6993079],[-38.58805945,-3.69929209],[-38.58801092,-3.69929054],[-38.58797146,-3.69932534],[-38.58791247,-3.69935087],[-38.58786073,-3.69936052]]]]},"geometry_name":"the_geom","properties":{"id":190,"nome":"Pra\u00e7a Jos\u00e9 Lima Verde","nome_pop":"P\u00eder da Barra 2","fonte":"URBIFOR","anoref":2019,"epsg_codif":"EPSG: 31984 (SIRGAS 2000 - UTM 24S); Codifica\u00e7\u00e3o: UTF-8","bairro":"Barra do Cear\u00e1","cod_bairro":6,"area m2":1049.57}},{"type":"Feature","id":"vw_PracasFortaleza.fid--266d38e4_18dcc52846e_-5544","geometry":{"type":"MultiPolygon","coordinates":[[[[-38.58994474,-3.70886739],[-38.59004401,-3.708808],[-38.59006571,-3.70877486],[-38.59010412,-3.70863203],[-38.59010875,-3.70859142],[-38.59008685,-3.70855151],[-38.5900527,-3.70850492],[-38.59001477,-3.70845054],[-38.58998096,-3.70841497],[-38.58996764,-3.70841244],[-38.58994973,-3.70841516],[-38.58971397,-3.70865369],[-38.58971063,-3.70867696],[-38.58971813,-3.70869834],[-38.58991018,-3.70888059],[-38.58994474,-3.70886739]]]]},"geometry_name":"the_geom","properties":{"id":196,"nome":"Pra\u00e7a Percide Benicio Rodrigues","nome_pop":"Pra\u00e7a dos Ferrovi\u00e1rios","fonte":"URBIFOR","anoref":2019,"epsg_codif":"EPSG: 31984 (SIRGAS 2000 - UTM 24S); Codifica\u00e7\u00e3o: UTF-8","bairro":"Barra do Cear\u00e1","cod_bairro":6,"area m2":1384.63}},{"type":"Feature","id":"vw_PracasFortaleza.fid--266d38e4_18dcc52846e_-5543","geometry":{"type":"MultiPolygon","coordinates":[[[[-38.58911408,-3.70945879],[-38.58903306,-3.70950136],[-38.58905084,-3.70952839],[-38.58971266,-3.70963398],[-38.5897493,-3.70961748],[-38.58977251,-3.70952686],[-38.58974456,-3.70946971],[-38.589811,-3.70921474],[-38.58986637,-3.70918259],[-38.58989906,-3.7090495],[-38.58988367,-3.70902762],[-38.58975434,-3.70909935],[-38.58973696,-3.70914988],[-38.58917088,-3.70947274],[-38.58911408,-3.70945879]]]]},"geometry_name":"the_geom","properties":{"id":209,"nome":"Pra\u00e7a Marcilio Prestes de Queiroz","nome_pop":"Pra\u00e7a do Ferrovi\u00e1rio","fonte":"URBIFOR","anoref":2019,"epsg_codif":"EPSG: 31984 (SIRGAS 2000 - UTM 24S); Codifica\u00e7\u00e3o: UTF-8","bairro":"Barra do Cear\u00e1","cod_bairro":6,"area m2":2469.86}},{"type":"Feature","id":"vw_PracasFortaleza.fid--266d38e4_18dcc52846e_-5542","geometry":{"type":"MultiPolygon","coordinates":[[[[-38.50273905,-3.73011428],[-38.50271179,-3.73010984],[-38.50226532,-3.73027499],[-38.50253852,-3.73110618],[-38.50305466,-3.73101561],[-38.50273905,-3.73011428]]]]},"geometry_name":"the_geom","properties":{"id":212,"nome":"Areninha do Campo do Am\u00e9rica","nome_pop":"Campo do Am\u00e9rica","fonte":"URBIFOR","anoref":2019,"epsg_codif":"EPSG: 31984 (SIRGAS 2000 - UTM 24S); Codifica\u00e7\u00e3o: UTF-8","bairro":"Meireles","cod_bairro":24,"area m2":5760.73}},{"type":"Feature","id":"vw_PracasFortaleza.fid--266d38e4_18dcc52846e_-5541","geometry":{"type":"MultiPolygon","coordinates":[[[[-38.5108551,-3.74809664],[-38.51067642,-3.74756009],[-38.51059811,-3.74757651],[-38.51054301,-3.74818888],[-38.51057376,-3.748222],[-38.51083547,-3.74814678],[-38.5108551,-3.74809664]]]]},"geometry_name":"the_geom","properties":{"id":223,"nome":"Pra\u00e7a Bar\u00e3o de Aquiraz","nome_pop":"Eletricit\u00e1rio","fonte":"URBIFOR","anoref":2019,"epsg_codif":"EPSG: 31984 (SIRGAS 2000 - UTM 24S); Codifica\u00e7\u00e3o: UTF-8","bairro":"Dion\u00edsio Torres","cod_bairro":14,"area m2":1571.09}},{"type":"Feature","id":"vw_PracasFortaleza.fid--266d38e4_18dcc52846e_-5540","geometry":{"type":"MultiPolygon","coordinates":[[[[-38.47017958,-3.7265837],[-38.47020154,-3.72657516],[-38.47030479,-3.72637704],[-38.47029346,-3.72635706],[-38.46941351,-3.72592659],[-38.46939467,-3.72593151],[-38.4692901,-3.72612205],[-38.46929334,-3.72614267],[-38.47017958,-3.7265837]]]]},"geometry_name":"the_geom","properties":{"id":232,"nome":"Pra\u00e7a da Conquista","nome_pop":"Pra\u00e7a do Conjunto S\u00e3o Pedro","fonte":"URBIFOR","anoref":2019,"epsg_codif":"EPSG: 31984 (SIRGAS 2000 - UTM 24S); Codifica\u00e7\u00e3o: UTF-8","bairro":"Vicente Pinzon","cod_bairro":37,"area m2":3117.08}},{"type":"Feature","id":"vw_PracasFortaleza.fid--266d38e4_18dcc52846e_-553f","geometry":{"type":"MultiPolygon","coordinates":[[[[-38.45077728,-3.74593834],[-38.45070364,-3.74595899],[-38.45011301,-3.74568503],[-38.45008139,-3.74560956],[-38.45000972,-3.74557396],[-38.44990092,-3.74578844],[-38.44992517,-3.7458403],[-38.44975644,-3.74615805],[-38.44968866,-3.74616079],[-38.44963307,-3.74626575],[-38.44965287,-3.74635352],[-38.44944716,-3.74673803],[-38.44937464,-3.74676697],[-38.44924621,-3.74699687],[-38.44925004,-3.74717197],[-38.44917432,-3.74717868],[-38.4491675,-3.74731369],[-38.44907382,-3.7473155],[-38.44892892,-3.74761218],[-38.44898234,-3.74763736],[-38.44903492,-3.74760518],[-38.44965592,-3.74793124],[-38.44967369,-3.74799627],[-38.44974607,-3.74802164],[-38.44978933,-3.7480019],[-38.45058978,-3.74652494],[-38.45058974,-3.74647348],[-38.45071026,-3.74624934],[-38.45074864,-3.74623946],[-38.45087276,-3.74602584],[-38.45085993,-3.74597471],[-38.45077728,-3.74593834]]]]},"geometry_name":"the_geom","properties":{"id":234,"nome":"Pra\u00e7a da Paz Dom Helder C\u00e2mara","nome_pop":"Pra\u00e7a 31 de Mar\u00e7o","fonte":"URBIFOR","anoref":2019,"epsg_codif":"EPSG: 31984 (SIRGAS 2000 - UTM 24S); Codifica\u00e7\u00e3o: UTF-8","bairro":"Praia do futuro I","cod_bairro":113,"area m2":25501.83}},{"type":"Feature","id":"vw_PracasFortaleza.fid--266d38e4_18dcc52846e_-553e","geometry":{"type":"MultiPolygon","coordinates":[[[[-38.4925699,-3.74857349],[-38.49225447,-3.74868377],[-38.49253083,-3.74960408],[-38.49285165,-3.74949149],[-38.49287063,-3.74944795],[-38.4925699,-3.74857349]]]]},"geometry_name":"the_geom","properties":{"id":235,"nome":"Pra\u00e7a Deputado Marcelo Linhares","nome_pop":"Pra\u00e7a S\u00e3o Gabriel","fonte":"URBIFOR","anoref":2019,"epsg_codif":"EPSG: 31984 (SIRGAS 2000 - UTM 24S); Codifica\u00e7\u00e3o: UTF-8","bairro":"Coc\u00f3","cod_bairro":11,"area m2":4156.1}},{"type":"Feature","id":"vw_PracasFortaleza.fid--266d38e4_18dcc52846e_-553d","geometry":{"type":"MultiPolygon","coordinates":[[[[-38.49891485,-3.73832825],[-38.49884891,-3.738288],[-38.49808476,-3.73853699],[-38.49804946,-3.73860738],[-38.49860705,-3.7403922],[-38.49864098,-3.74041178],[-38.49942326,-3.74014272],[-38.49944524,-3.740118],[-38.49891485,-3.73832825]]]]},"geometry_name":"the_geom","properties":{"id":241,"nome":"Pra\u00e7a Dr. Carlos Alberto Studart Gomes","nome_pop":"Pra\u00e7a das Flores","fonte":"URBIFOR","anoref":2019,"epsg_codif":"EPSG: 31984 (SIRGAS 2000 - UTM 24S); Codifica\u00e7\u00e3o: UTF-8","bairro":"Aldeota","cod_bairro":2,"area m2":21392.7}},{"type":"Feature","id":"vw_PracasFortaleza.fid--266d38e4_18dcc52846e_-553c","geometry":{"type":"MultiPolygon","coordinates":[[[[-38.51776379,-3.74579358],[-38.51780327,-3.74581171],[-38.51819949,-3.74572426],[-38.51817748,-3.74559341],[-38.51778071,-3.74560588],[-38.51774223,-3.74563282],[-38.51776379,-3.74579358]]]]},"geometry_name":"the_geom","properties":{"id":256,"nome":"Pra\u00e7a S\u00e3o Lucas","nome_pop":"Pra\u00e7a do Chafariz","fonte":"URBIFOR","anoref":2019,"epsg_codif":"EPSG: 31984 (SIRGAS 2000 - UTM 24S); Codifica\u00e7\u00e3o: UTF-8","bairro":"Joaquim T\u00e1vora","cod_bairro":22,"area m2":922.5}},{"type":"Feature","id":"vw_PracasFortaleza.fid--266d38e4_18dcc52846e_-553b","geometry":{"type":"MultiPolygon","coordinates":[[[[-38.47653341,-3.73731222],[-38.4765055,-3.73729818],[-38.475704,-3.73750948],[-38.47570258,-3.73755155],[-38.47659603,-3.7376713],[-38.47667848,-3.7375353],[-38.47653341,-3.73731222]]]]},"geometry_name":"the_geom","properties":{"id":308,"nome":"Pra\u00e7a Irm\u00e3 Cleide","nome_pop":"Pra\u00e7a S\u00e3o Jos\u00e9","fonte":"URBIFOR","anoref":2019,"epsg_codif":"EPSG: 31984 (SIRGAS 2000 - UTM 24S); Codifica\u00e7\u00e3o: UTF-8","bairro":"Papicu","cod_bairro":27,"area m2":2476.42}},{"type":"Feature","id":"vw_PracasFortaleza.fid--266d38e4_18dcc52846e_-553a","geometry":{"type":"MultiPolygon","coordinates":[[[[-38.58391037,-3.75837184],[-38.58326522,-3.75870374],[-38.58338311,-3.75893806],[-38.5840424,-3.75859281],[-38.58404532,-3.75855119],[-38.58395069,-3.75837971],[-38.58391037,-3.75837184]]]]},"geometry_name":"the_geom","properties":{"id":319,"nome":"Pra\u00e7a Santo Expedito","nome_pop":"Pra\u00e7a Matriz do Henrique Jorge","fonte":"URBIFOR","anoref":2019,"epsg_codif":"EPSG: 31984 (SIRGAS 2000 - UTM 24S); Codifica\u00e7\u00e3o: UTF-8","bairro":"Henrique Jorge","cod_bairro":45,"area m2":2419.01}},{"type":"Feature","id":"vw_PracasFortaleza.fid--266d38e4_18dcc52846e_-5539","geometry":{"type":"MultiPolygon","coordinates":[[[[-38.56921308,-3.76565276],[-38.5691849,-3.76564043],[-38.56877319,-3.76575479],[-38.56875803,-3.76576663],[-38.5687535,-3.76578827],[-38.56920503,-3.76658206],[-38.56923404,-3.76659313],[-38.56943202,-3.76654006],[-38.56944615,-3.76652484],[-38.56944257,-3.76650091],[-38.56921308,-3.76565276]]]]},"geometry_name":"the_geom","properties":{"id":322,"nome":"Pra\u00e7a Artur da Costa e Silva","nome_pop":"Feira dos P\u00e1ssaros","fonte":"URBIFOR","anoref":2019,"epsg_codif":"EPSG: 31984 (SIRGAS 2000 - UTM 24S); Codifica\u00e7\u00e3o: UTF-8","bairro":"Joquei Clube","cod_bairro":101,"area m2":4175.96}},{"type":"Feature","id":"vw_PracasFortaleza.fid--266d38e4_18dcc52846e_-5538","geometry":{"type":"MultiPolygon","coordinates":[[[[-38.57943327,-3.77302453],[-38.57940074,-3.77302576],[-38.57873926,-3.77336913],[-38.57871986,-3.77338841],[-38.57872515,-3.77341615],[-38.57875135,-3.77346417],[-38.57881258,-3.77348195],[-38.57911849,-3.77408004],[-38.57910157,-3.77414101],[-38.57912638,-3.77419661],[-38.5791487,-3.77420841],[-38.57917677,-3.77420307],[-38.57984215,-3.77385943],[-38.57985852,-3.77383877],[-38.57985444,-3.77380841],[-38.57983184,-3.77376657],[-38.57976946,-3.77374218],[-38.57946045,-3.77314052],[-38.57947475,-3.77308936],[-38.57945184,-3.77304493],[-38.57943327,-3.77302453]]]]},"geometry_name":"the_geom","properties":{"id":333,"nome":"Pra\u00e7a Dr. C\u00e9sar Cals","nome_pop":"Pra\u00e7a do Jo\u00e3o XXIII","fonte":"URBIFOR","anoref":2019,"epsg_codif":"EPSG: 31984 (SIRGAS 2000 - UTM 24S); Codifica\u00e7\u00e3o: UTF-8","bairro":"Joquei Clube","cod_bairro":101,"area m2":8703.75}},{"type":"Feature","id":"vw_PracasFortaleza.fid--266d38e4_18dcc52846e_-5537","geometry":{"type":"MultiPolygon","coordinates":[[[[-38.5082825,-3.761432],[-38.50816743,-3.76147969],[-38.50814716,-3.76153393],[-38.50794804,-3.76156973],[-38.50791508,-3.76154716],[-38.50788348,-3.76155591],[-38.50788894,-3.76158773],[-38.5079645,-3.76164187],[-38.50813722,-3.76179084],[-38.50834731,-3.76175471],[-38.50840372,-3.76172312],[-38.50831122,-3.76159901],[-38.5082825,-3.761432]]]]},"geometry_name":"the_geom","properties":{"id":294,"nome":"Pra\u00e7a Pio XII","nome_pop":"Pra\u00e7a da Igreja","fonte":"URBIFOR","anoref":2019,"epsg_codif":"EPSG: 31984 (SIRGAS 2000 - UTM 24S); Codifica\u00e7\u00e3o: UTF-8","bairro":"S\u00e3o Jo\u00e3o do Tauape","cod_bairro":35,"area m2":1141.65}},{"type":"Feature","id":"vw_PracasFortaleza.fid--266d38e4_18dcc52846e_-5536","geometry":{"type":"MultiPolygon","coordinates":[[[[-38.58681652,-3.77899995],[-38.58665058,-3.77903794],[-38.5867245,-3.77929609],[-38.58673442,-3.77930142],[-38.58674537,-3.77929627],[-38.58683381,-3.77901403],[-38.58681652,-3.77899995]]]]},"geometry_name":"the_geom","properties":{"id":344,"nome":"Pra\u00e7a Sem Denomina\u00e7\u00e3o Oficial","nome_pop":"Pra\u00e7a da Rua Anselmo Nogueira","fonte":"URBIFOR","anoref":2019,"epsg_codif":"EPSG: 31984 (SIRGAS 2000 - UTM 24S); Codifica\u00e7\u00e3o: UTF-8","bairro":"Bonsucesso","cod_bairro":73,"area m2":356.69}},{"type":"Feature","id":"vw_PracasFortaleza.fid--266d38e4_18dcc52846e_-5535","geometry":{"type":"MultiPolygon","coordinates":[[[[-38.59041735,-3.72733906],[-38.59043249,-3.72733568],[-38.59044259,-3.72732776],[-38.59044767,-3.72731544],[-38.59053249,-3.72712223],[-38.59052914,-3.72711811],[-38.59020181,-3.72720926],[-38.59019169,-3.72721968],[-38.59019353,-3.72723288],[-38.59041735,-3.72733906]]]]},"geometry_name":"the_geom","properties":{"id":345,"nome":"Pra\u00e7a Sem Denomina\u00e7\u00e3o Oficial","nome_pop":"Pra\u00e7a da Rua Jos\u00e9 Goiania","fonte":"URBIFOR","anoref":2019,"epsg_codif":"EPSG: 31984 (SIRGAS 2000 - UTM 24S); Codifica\u00e7\u00e3o: UTF-8","bairro":"Olavo Oliveira","cod_bairro":122,"area m2":453.55}},{"type":"Feature","id":"vw_PracasFortaleza.fid--266d38e4_18dcc52846e_-5534","geometry":{"type":"MultiPolygon","coordinates":[[[[-38.58373617,-3.78133585],[-38.58364356,-3.78135542],[-38.58377757,-3.78191298],[-38.58379782,-3.78192745],[-38.58385143,-3.7819167],[-38.58386871,-3.78189687],[-38.58373617,-3.78133585]]]]},"geometry_name":"the_geom","properties":{"id":349,"nome":"Pra\u00e7a Recamonde Campelo","nome_pop":"Pra\u00e7a da UBS Bonsucesso","fonte":"URBIFOR","anoref":2019,"epsg_codif":"EPSG: 31984 (SIRGAS 2000 - UTM 24S); Codifica\u00e7\u00e3o: UTF-8","bairro":"Bonsucesso","cod_bairro":73,"area m2":675.88}},{"type":"Feature","id":"vw_PracasFortaleza.fid--266d38e4_18dcc52846e_-5533","geometry":{"type":"MultiPolygon","coordinates":[[[[-38.52848841,-3.74661933],[-38.52836957,-3.74628136],[-38.52833392,-3.74626358],[-38.52828044,-3.74667862],[-38.52848841,-3.74661933]]]]},"geometry_name":"the_geom","properties":{"id":357,"nome":"Pra\u00e7a Euz\u00e9bio de Souza","nome_pop":"Pra\u00e7a Major Assis Nepomuceno","fonte":"URBIFOR","anoref":2019,"epsg_codif":"EPSG: 31984 (SIRGAS 2000 - UTM 24S); Codifica\u00e7\u00e3o: UTF-8","bairro":"F\u00e1tima","cod_bairro":16,"area m2":571.7}},{"type":"Feature","id":"vw_PracasFortaleza.fid--266d38e4_18dcc52846e_-5532","geometry":{"type":"MultiPolygon","coordinates":[[[[-38.57817284,-3.79077636],[-38.57869573,-3.79077457],[-38.57819169,-3.79023494],[-38.57816138,-3.79024899],[-38.57817284,-3.79077636]]]]},"geometry_name":"the_geom","properties":{"id":366,"nome":"Sem Denomina\u00e7\u00e3o Oficial","nome_pop":"Bifurca\u00e7\u00e3o Tiago Lanches","fonte":"URBIFOR","anoref":2019,"epsg_codif":"EPSG: 31984 (SIRGAS 2000 - UTM 24S); Codifica\u00e7\u00e3o: UTF-8","bairro":"Vila Manuel S\u00e1tiro","cod_bairro":81,"area m2":1837.61}},{"type":"Feature","id":"vw_PracasFortaleza.fid--266d38e4_18dcc52846e_-5531","geometry":{"type":"MultiPolygon","coordinates":[[[[-38.55011238,-3.78634067],[-38.54981951,-3.78564833],[-38.54947693,-3.78573008],[-38.5496652,-3.78658024],[-38.54982572,-3.78649668],[-38.54982938,-3.78646049],[-38.5500396,-3.78635175],[-38.55006439,-3.78637039],[-38.55011238,-3.78634067]]]]},"geometry_name":"the_geom","properties":{"id":370,"nome":"Pra\u00e7a Aprigio Coelho","nome_pop":"Pra\u00e7a da Cruz Grande","fonte":"URBIFOR","anoref":2019,"epsg_codif":"EPSG: 31984 (SIRGAS 2000 - UTM 24S); Codifica\u00e7\u00e3o: UTF-8","bairro":"Serrinha","cod_bairro":107,"area m2":4137.78}},{"type":"Feature","id":"vw_PracasFortaleza.fid--266d38e4_18dcc52846e_-5530","geometry":{"type":"MultiPolygon","coordinates":[[[[-38.52487339,-3.7401714],[-38.52479073,-3.73984388],[-38.52475649,-3.73981795],[-38.52454418,-3.73982142],[-38.52450263,-3.73984884],[-38.52444782,-3.74010526],[-38.52444594,-3.74013173],[-38.52446262,-3.74014956],[-38.52483353,-3.74023437],[-38.52486212,-3.74021036],[-38.52487339,-3.7401714]]]]},"geometry_name":"the_geom","properties":{"id":377,"nome":"Pra\u00e7a da Professora","nome_pop":"Pra\u00e7a do Jornal O Povo","fonte":"URBIFOR","anoref":2019,"epsg_codif":"EPSG: 31984 (SIRGAS 2000 - UTM 24S); Codifica\u00e7\u00e3o: UTF-8","bairro":"Jos\u00e9 Bonif\u00e1cio","cod_bairro":23,"area m2":1638.43}},{"type":"Feature","id":"vw_PracasFortaleza.fid--266d38e4_18dcc52846e_-552f","geometry":{"type":"MultiPolygon","coordinates":[[[[-38.56284602,-3.79411647],[-38.56099819,-3.79490957],[-38.56165075,-3.7956036],[-38.561729,-3.79561405],[-38.56306815,-3.79481174],[-38.56309249,-3.79475405],[-38.56284602,-3.79411647]]]]},"geometry_name":"the_geom","properties":{"id":380,"nome":"Pra\u00e7a das Artes Leonilson","nome_pop":"Pra\u00e7a da MRV","fonte":"URBIFOR","anoref":2019,"epsg_codif":"EPSG: 31984 (SIRGAS 2000 - UTM 24S); Codifica\u00e7\u00e3o: UTF-8","bairro":"Dend\u00ea","cod_bairro":77,"area m2":18841.05}},{"type":"Feature","id":"vw_PracasFortaleza.fid--266d38e4_18dcc52846e_-552e","geometry":{"type":"MultiPolygon","coordinates":[[[[-38.53309182,-3.77028367],[-38.53283631,-3.77032683],[-38.53286266,-3.77054645],[-38.53247447,-3.77060777],[-38.53244841,-3.77037086],[-38.53229578,-3.77039098],[-38.5324986,-3.7715886],[-38.53289205,-3.77154252],[-38.53286106,-3.77146618],[-38.53288916,-3.77111788],[-38.53293659,-3.77091408],[-38.5330804,-3.77059086],[-38.53311761,-3.77053677],[-38.53315451,-3.77050511],[-38.53311485,-3.77030336],[-38.53309182,-3.77028367]]]]},"geometry_name":"the_geom","properties":{"id":384,"nome":"Pra\u00e7a do Avi\u00e3o","nome_pop":"Pra\u00e7a da Lagoa do Opaia","fonte":"URBIFOR","anoref":2019,"epsg_codif":"EPSG: 31984 (SIRGAS 2000 - UTM 24S); Codifica\u00e7\u00e3o: UTF-8","bairro":"vila Uni\u00e3o","cod_bairro":109,"area m2":7600.95}},{"type":"Feature","id":"vw_PracasFortaleza.fid--266d38e4_18dcc52846e_-552d","geometry":{"type":"MultiPolygon","coordinates":[[[[-38.55380197,-3.76881893],[-38.55374303,-3.76869345],[-38.55354814,-3.76875837],[-38.55354891,-3.76876496],[-38.55378996,-3.76883377],[-38.55380197,-3.76881893]]]]},"geometry_name":"the_geom","properties":{"id":404,"nome":"Pra\u00e7a Luiz Amora","nome_pop":"Pra\u00e7a M\u00e3e Rainha","fonte":"URBIFOR","anoref":2019,"epsg_codif":"EPSG: 31984 (SIRGAS 2000 - UTM 24S); Codifica\u00e7\u00e3o: UTF-8","bairro":"Montese","cod_bairro":103,"area m2":210.7}},{"type":"Feature","id":"vw_PracasFortaleza.fid--266d38e4_18dcc52846e_-552c","geometry":{"type":"MultiPolygon","coordinates":[[[[-38.52674492,-3.74171907],[-38.52676864,-3.74168679],[-38.52671539,-3.74154174],[-38.52669333,-3.74153266],[-38.52643227,-3.74164049],[-38.52643482,-3.74167014],[-38.52674492,-3.74171907]]]]},"geometry_name":"the_geom","properties":{"id":414,"nome":"Pra\u00e7a da Rua Carlos Gomes","nome_pop":"Pra\u00e7a da Rua Mestra Rosa","fonte":"URBIFOR","anoref":2019,"epsg_codif":"EPSG: 31984 (SIRGAS 2000 - UTM 24S); Codifica\u00e7\u00e3o: UTF-8","bairro":"Jos\u00e9 Bonif\u00e1cio","cod_bairro":23,"area m2":442.83}},{"type":"Feature","id":"vw_PracasFortaleza.fid--266d38e4_18dcc52846e_-552b","geometry":{"type":"MultiPolygon","coordinates":[[[[-38.61719257,-3.77224483],[-38.6172487,-3.77222397],[-38.61699737,-3.77154616],[-38.61676123,-3.77171433],[-38.61719257,-3.77224483]]]]},"geometry_name":"the_geom","properties":{"id":443,"nome":"Sem Denomina\u00e7\u00e3o Oficial","nome_pop":"Pra\u00e7a da 4\u00aa Etapa","fonte":"URBIFOR","anoref":2019,"epsg_codif":"EPSG: 31984 (SIRGAS 2000 - UTM 24S); Codifica\u00e7\u00e3o: UTF-8","bairro":"Conjunto Cear\u00e1 II","cod_bairro":75,"area m2":1480.71}},{"type":"Feature","id":"vw_PracasFortaleza.fid--266d38e4_18dcc52846e_-552a","geometry":{"type":"MultiPolygon","coordinates":[[[[-38.61005426,-3.76723239],[-38.61005047,-3.7672514],[-38.6100541,-3.76727518],[-38.61031351,-3.76756313],[-38.61073452,-3.76807419],[-38.61092586,-3.76792526],[-38.6109184,-3.76789584],[-38.61082718,-3.76788259],[-38.6105469,-3.76752813],[-38.61055568,-3.7674952],[-38.61022109,-3.76710641],[-38.6100717,-3.76721503],[-38.61005426,-3.76723239]]]]},"geometry_name":"the_geom","properties":{"id":426,"nome":"Sem Denomina\u00e7\u00e3o Oficial","nome_pop":"Pra\u00e7a da Avenida C","fonte":"URBIFOR","anoref":2019,"epsg_codif":"EPSG: 31984 (SIRGAS 2000 - UTM 24S); Codifica\u00e7\u00e3o: UTF-8","bairro":"Conjunto Cear\u00e1 II","cod_bairro":75,"area m2":2887.23}},{"type":"Feature","id":"vw_PracasFortaleza.fid--266d38e4_18dcc52846e_-5529","geometry":{"type":"MultiPolygon","coordinates":[[[[-38.60400237,-3.76247247],[-38.60380779,-3.76239531],[-38.60375411,-3.76307633],[-38.60400237,-3.76247247]]]]},"geometry_name":"the_geom","properties":{"id":430,"nome":"Sem Denomina\u00e7\u00e3o Oficial","nome_pop":"Pra\u00e7a da Rua 440","fonte":"URBIFOR","anoref":2019,"epsg_codif":"EPSG: 31984 (SIRGAS 2000 - UTM 24S); Codifica\u00e7\u00e3o: UTF-8","bairro":"Conjunto Cear\u00e1 I","cod_bairro":42,"area m2":839.3}},{"type":"Feature","id":"vw_PracasFortaleza.fid--266d38e4_18dcc52846e_-5528","geometry":{"type":"MultiPolygon","coordinates":[[[[-38.58622901,-3.81787786],[-38.58624627,-3.81786968],[-38.58620993,-3.81778246],[-38.58620539,-3.81770615],[-38.58622992,-3.81763256],[-38.58626444,-3.81756442],[-38.5863353,-3.81750628],[-38.58637164,-3.81746994],[-38.58637573,-3.81743587],[-38.58634621,-3.81738727],[-38.58628625,-3.81732004],[-38.58622174,-3.81725372],[-38.58606094,-3.81708383],[-38.58603686,-3.81706248],[-38.58598508,-3.81704022],[-38.58567937,-3.81671134],[-38.58569209,-3.81669772],[-38.58567028,-3.81666774],[-38.58559034,-3.81658597],[-38.58554309,-3.81661232],[-38.58558943,-3.81675859],[-38.58570662,-3.81693574],[-38.58573206,-3.81692302],[-38.58588832,-3.81715742],[-38.58589741,-3.81719194],[-38.58588832,-3.81724009],[-38.58580928,-3.81730459],[-38.58622901,-3.81787786]]]]},"geometry_name":"the_geom","properties":{"id":431,"nome":"Sem Denomina\u00e7\u00e3o Oficial","nome_pop":"Pra\u00e7a da Avenida da Penetra\u00e7\u00e3o Leste","fonte":"URBIFOR","anoref":2019,"epsg_codif":"EPSG: 31984 (SIRGAS 2000 - UTM 24S); Codifica\u00e7\u00e3o: UTF-8","bairro":"Conjunto Esperan\u00e7a","cod_bairro":76,"area m2":3451.7}},{"type":"Feature","id":"vw_PracasFortaleza.fid--266d38e4_18dcc52846e_-5527","geometry":{"type":"MultiPolygon","coordinates":[[[[-38.57136055,-3.82825862],[-38.57131977,-3.82825511],[-38.57075318,-3.82872455],[-38.57104125,-3.82913633],[-38.57128817,-3.82904678],[-38.57170153,-3.8287518],[-38.5717121,-3.82871577],[-38.57136055,-3.82825862]]]]},"geometry_name":"the_geom","properties":{"id":437,"nome":"Areninha do Planalto Ayrton Senna","nome_pop":"Areninha do Pantanal","fonte":"URBIFOR","anoref":2019,"epsg_codif":"EPSG: 31984 (SIRGAS 2000 - UTM 24S); Codifica\u00e7\u00e3o: UTF-8","bairro":"Planalto Ayrton Senna","cod_bairro":116,"area m2":5622.43}},{"type":"Feature","id":"vw_PracasFortaleza.fid--266d38e4_18dcc52846e_-5526","geometry":{"type":"MultiPolygon","coordinates":[[[[-38.6023552,-3.76920646],[-38.60201854,-3.76904994],[-38.60199344,-3.76899088],[-38.60166417,-3.7688388],[-38.60158148,-3.76886685],[-38.60144416,-3.7691784],[-38.60146779,-3.76918579],[-38.60149879,-3.76913411],[-38.60154457,-3.76912082],[-38.60225332,-3.76944861],[-38.6023552,-3.76920646]]]]},"geometry_name":"the_geom","properties":{"id":466,"nome":"Sem Denomina\u00e7\u00e3o Oficial","nome_pop":"Pra\u00e7a da Rua 850","fonte":"URBIFOR","anoref":2019,"epsg_codif":"EPSG: 31984 (SIRGAS 2000 - UTM 24S); Codifica\u00e7\u00e3o: UTF-8","bairro":"Conjunto Cear\u00e1 I","cod_bairro":42,"area m2":2993.26}},{"type":"Feature","id":"vw_PracasFortaleza.fid--266d38e4_18dcc52846e_-5525","geometry":{"type":"MultiPolygon","coordinates":[[[[-38.58851636,-3.81741131],[-38.58978383,-3.81619203],[-38.58973622,-3.81614158],[-38.58846875,-3.81736161],[-38.58851636,-3.81741131]]]]},"geometry_name":"the_geom","properties":{"id":479,"nome":"Sem Denomina\u00e7\u00e3o Oficial","nome_pop":"Pra\u00e7a da Avenida B","fonte":"URBIFOR","anoref":2019,"epsg_codif":"EPSG: 31984 (SIRGAS 2000 - UTM 24S); Codifica\u00e7\u00e3o: UTF-8","bairro":"Conjunto Esperan\u00e7a","cod_bairro":76,"area m2":1492.76}},{"type":"Feature","id":"vw_PracasFortaleza.fid--266d38e4_18dcc52846e_-5524","geometry":{"type":"MultiPolygon","coordinates":[[[[-38.60478322,-3.76360055],[-38.60479813,-3.7636097],[-38.60523773,-3.76327933],[-38.60512855,-3.76317557],[-38.60478322,-3.76360055]]]]},"geometry_name":"the_geom","properties":{"id":481,"nome":"Sem Denomina\u00e7\u00e3o Oficial","nome_pop":"Pra\u00e7a da Rua 444","fonte":"URBIFOR","anoref":2019,"epsg_codif":"EPSG: 31984 (SIRGAS 2000 - UTM 24S); Codifica\u00e7\u00e3o: UTF-8","bairro":"Conjunto Cear\u00e1 I","cod_bairro":42,"area m2":559.99}},{"type":"Feature","id":"vw_PracasFortaleza.fid--266d38e4_18dcc52846e_-5523","geometry":{"type":"MultiPolygon","coordinates":[[[[-38.49950054,-3.83837686],[-38.49920959,-3.83838807],[-38.49921888,-3.83858399],[-38.49923498,-3.83859318],[-38.49950054,-3.83837686]]]]},"geometry_name":"the_geom","properties":{"id":37,"nome":"Sem Denomina\u00e7\u00e3o Oficial","nome_pop":"Pra\u00e7a da Rua Ang\u00e9lica Gurgel","fonte":"URBIFOR","anoref":2019,"epsg_codif":"EPSG: 31984 (SIRGAS 2000 - UTM 24S); Codifica\u00e7\u00e3o: UTF-8","bairro":"Messejana","cod_bairro":65,"area m2":387.09}},{"type":"Feature","id":"vw_PracasFortaleza.fid--266d38e4_18dcc52846e_-5522","geometry":{"type":"MultiPolygon","coordinates":[[[[-38.49646483,-3.79517355],[-38.49603105,-3.79523879],[-38.49600159,-3.79526768],[-38.4960005,-3.79533842],[-38.49601748,-3.79536744],[-38.49633557,-3.79546217],[-38.49646483,-3.79517355]]]]},"geometry_name":"the_geom","properties":{"id":61,"nome":"Pra\u00e7a do Mercado","nome_pop":"Pra\u00e7a da Cidade dos Funcion\u00e1rios","fonte":"URBIFOR","anoref":2019,"epsg_codif":"EPSG: 31984 (SIRGAS 2000 - UTM 24S); Codifica\u00e7\u00e3o: UTF-8","bairro":"Cidade dos funcion\u00e1rios","cod_bairro":54,"area m2":1004.8}},{"type":"Feature","id":"vw_PracasFortaleza.fid--266d38e4_18dcc52846e_-5521","geometry":{"type":"MultiPolygon","coordinates":[[[[-38.47961842,-3.81653569],[-38.47962,-3.81648972],[-38.47913424,-3.81589152],[-38.47907038,-3.81589481],[-38.47883103,-3.81609032],[-38.47882576,-3.81614526],[-38.47927822,-3.81675386],[-38.47932735,-3.816777],[-38.47961842,-3.81653569]]]]},"geometry_name":"the_geom","properties":{"id":73,"nome":"Pra\u00e7a Juventude","nome_pop":"Pra\u00e7a Jos\u00e9 de Alencar","fonte":"URBIFOR","anoref":2019,"epsg_codif":"EPSG: 31984 (SIRGAS 2000 - UTM 24S); Codifica\u00e7\u00e3o: UTF-8","bairro":"Jos\u00e9 de Alencar","cod_bairro":49,"area m2":4277.35}},{"type":"Feature","id":"vw_PracasFortaleza.fid--266d38e4_18dcc52846e_-5520","geometry":{"type":"MultiPolygon","coordinates":[[[[-38.48223621,-3.83762449],[-38.48166551,-3.83655462],[-38.48161102,-3.8365549],[-38.48115139,-3.83729658],[-38.48160901,-3.83794634],[-38.48223621,-3.83762449]]]]},"geometry_name":"the_geom","properties":{"id":81,"nome":"Pra\u00e7a Raimundo de Ara\u00fajo Cabral Pinheiro","nome_pop":"Pra\u00e7a da ACAL","fonte":"URBIFOR","anoref":2019,"epsg_codif":"EPSG: 31984 (SIRGAS 2000 - UTM 24S); Codifica\u00e7\u00e3o: UTF-8","bairro":"Guajeru","cod_bairro":59,"area m2":9632.84}},{"type":"Feature","id":"vw_PracasFortaleza.fid--266d38e4_18dcc52846e_-551f","geometry":{"type":"MultiPolygon","coordinates":[[[[-38.46790828,-3.79666882],[-38.46792016,-3.79652653],[-38.46717147,-3.79646131],[-38.46715959,-3.79661546],[-38.46790828,-3.79666882]]]]},"geometry_name":"the_geom","properties":{"id":85,"nome":"Sem Denomina\u00e7\u00e3o Oficial","nome_pop":"Pra\u00e7a da Avenida Evil\u00e1sio Almeida","fonte":"URBIFOR","anoref":2019,"epsg_codif":"EPSG: 31984 (SIRGAS 2000 - UTM 24S); Codifica\u00e7\u00e3o: UTF-8","bairro":"Sapiranga","cod_bairro":64,"area m2":1371.66}},{"type":"Feature","id":"vw_PracasFortaleza.fid--266d38e4_18dcc52846e_-551e","geometry":{"type":"MultiPolygon","coordinates":[[[[-38.49872386,-3.83237254],[-38.49978989,-3.83235571],[-38.49974429,-3.8318197],[-38.50015806,-3.83178065],[-38.50013537,-3.83128646],[-38.49906555,-3.83134574],[-38.49873088,-3.83186955],[-38.49872386,-3.83237254]]]]},"geometry_name":"the_geom","properties":{"id":86,"nome":"Sem Denomina\u00e7\u00e3o Oficial","nome_pop":"Pra\u00e7a da Av. Jornalista Thomaz Coelho","fonte":"URBIFOR","anoref":2019,"epsg_codif":"EPSG: 31984 (SIRGAS 2000 - UTM 24S); Codifica\u00e7\u00e3o: UTF-8","bairro":"Messejana","cod_bairro":65,"area m2":14421.71}},{"type":"Feature","id":"vw_PracasFortaleza.fid--266d38e4_18dcc52846e_-551d","geometry":{"type":"MultiPolygon","coordinates":[[[[-38.54256348,-3.79989484],[-38.54277737,-3.79924153],[-38.54273733,-3.79862744],[-38.54269174,-3.79861101],[-38.54199987,-3.79917806],[-38.54199543,-3.79921418],[-38.54251497,-3.79988733],[-38.54256348,-3.79989484]]]]},"geometry_name":"the_geom","properties":{"id":87,"nome":"Sem Denomina\u00e7\u00e3o Oficial","nome_pop":"Pra\u00e7a do Conjunto Tupamirim","fonte":"URBIFOR","anoref":2019,"epsg_codif":"EPSG: 31984 (SIRGAS 2000 - UTM 24S); Codifica\u00e7\u00e3o: UTF-8","bairro":"Parque Dois irm\u00e3os","cod_bairro":84,"area m2":6669.22}},{"type":"Feature","id":"vw_PracasFortaleza.fid--266d38e4_18dcc52846e_-551c","geometry":{"type":"MultiPolygon","coordinates":[[[[-38.54828187,-3.80026935],[-38.54828745,-3.80023095],[-38.54770252,-3.7997069],[-38.54768638,-3.79971465],[-38.54784312,-3.8003398],[-38.54788244,-3.80036422],[-38.54828187,-3.80026935]]]]},"geometry_name":"the_geom","properties":{"id":88,"nome":"Sem Denomina\u00e7\u00e3o Oficial","nome_pop":"Pra\u00e7a da Rua 136","fonte":"URBIFOR","anoref":2019,"epsg_codif":"EPSG: 31984 (SIRGAS 2000 - UTM 24S); Codifica\u00e7\u00e3o: UTF-8","bairro":"Parque Dois irm\u00e3os","cod_bairro":84,"area m2":2074.35}},{"type":"Feature","id":"vw_PracasFortaleza.fid--266d38e4_18dcc52846e_-551b","geometry":{"type":"MultiPolygon","coordinates":[[[[-38.47564219,-3.79190795],[-38.47549122,-3.79189308],[-38.47545141,-3.79225911],[-38.47561008,-3.79227424],[-38.47564219,-3.79190795]]]]},"geometry_name":"the_geom","properties":{"id":89,"nome":"Sem Denomina\u00e7\u00e3o Oficial","nome_pop":"Rua Alpin\u00f3polis","fonte":"URBIFOR","anoref":2019,"epsg_codif":"EPSG: 31984 (SIRGAS 2000 - UTM 24S); Codifica\u00e7\u00e3o: UTF-8","bairro":"Sapiranga","cod_bairro":64,"area m2":702.93}},{"type":"Feature","id":"vw_PracasFortaleza.fid--266d38e4_18dcc52846e_-551a","geometry":{"type":"MultiPolygon","coordinates":[[[[-38.52364128,-3.82164292],[-38.52349595,-3.82113418],[-38.52324326,-3.82120591],[-38.52343035,-3.82173681],[-38.52346463,-3.82176071],[-38.52363466,-3.82168222],[-38.52364128,-3.82164292]]]]},"geometry_name":"the_geom","properties":{"id":90,"nome":"Sem Denomina\u00e7\u00e3o Oficial","nome_pop":"Pra\u00e7a da Rua Diamante","fonte":"URBIFOR","anoref":2019,"epsg_codif":"EPSG: 31984 (SIRGAS 2000 - UTM 24S); Codifica\u00e7\u00e3o: UTF-8","bairro":"Passar\u00e9","cod_bairro":88,"area m2":1737.64}},{"type":"Feature","id":"vw_PracasFortaleza.fid--266d38e4_18dcc52846e_-5519","geometry":{"type":"MultiPolygon","coordinates":[[[[-38.55388821,-3.81095784],[-38.55342181,-3.81031522],[-38.55335257,-3.81029537],[-38.55304743,-3.81043104],[-38.55178816,-3.81169913],[-38.55207339,-3.81207103],[-38.55285116,-3.81130452],[-38.55301754,-3.81151796],[-38.55388821,-3.81095784]]]]},"geometry_name":"the_geom","properties":{"id":91,"nome":"Sem Denomina\u00e7\u00e3o Oficial","nome_pop":"Pra\u00e7a da Rua Dois","fonte":"URBIFOR","anoref":2019,"epsg_codif":"EPSG: 31984 (SIRGAS 2000 - UTM 24S); Codifica\u00e7\u00e3o: UTF-8","bairro":"Parque Dois irm\u00e3os","cod_bairro":84,"area m2":17108.46}},{"type":"Feature","id":"vw_PracasFortaleza.fid--266d38e4_18dcc52846e_-5518","geometry":{"type":"MultiPolygon","coordinates":[[[[-38.50464157,-3.8612198],[-38.50457918,-3.86114569],[-38.50435635,-3.8613443],[-38.50442172,-3.86142137],[-38.50464157,-3.8612198]]]]},"geometry_name":"the_geom","properties":{"id":83,"nome":"Pra\u00e7a Santa F\u00e9","nome_pop":"sem informa\u00e7\u00e3o","fonte":"URBIFOR","anoref":2019,"epsg_codif":"EPSG: 31984 (SIRGAS 2000 - UTM 24S); Codifica\u00e7\u00e3o: UTF-8","bairro":"Ancuri","cod_bairro":50,"area m2":362.47}},{"type":"Feature","id":"vw_PracasFortaleza.fid--266d38e4_18dcc52846e_-5517","geometry":{"type":"MultiPolygon","coordinates":[[[[-38.49579853,-3.8309079],[-38.49531181,-3.83101763],[-38.49535147,-3.83134043],[-38.49539052,-3.83151634],[-38.49548867,-3.8316609],[-38.49567262,-3.83174286],[-38.49655266,-3.83199096],[-38.49655932,-3.83196585],[-38.49638444,-3.83174987],[-38.49608246,-3.83132254],[-38.49606396,-3.83123353],[-38.49585368,-3.83109418],[-38.49579853,-3.8309079]]]]},"geometry_name":"the_geom","properties":{"id":94,"nome":"Sem Denomina\u00e7\u00e3o Oficial","nome_pop":"Pra\u00e7a da Rua Jurandir Alencar","fonte":"URBIFOR","anoref":2019,"epsg_codif":"EPSG: 31984 (SIRGAS 2000 - UTM 24S); Codifica\u00e7\u00e3o: UTF-8","bairro":"Messejana","cod_bairro":65,"area m2":7942.58}},{"type":"Feature","id":"vw_PracasFortaleza.fid--266d38e4_18dcc52846e_-5516","geometry":{"type":"MultiPolygon","coordinates":[[[[-38.52739342,-3.81733354],[-38.52742086,-3.81734044],[-38.52808312,-3.8171071],[-38.52808956,-3.81707707],[-38.52787311,-3.8168671],[-38.52783854,-3.81685272],[-38.52733126,-3.81704992],[-38.52732028,-3.81708052],[-38.52739342,-3.81733354]]],[[[-38.52779793,-3.81681601],[-38.52780005,-3.81678191],[-38.52748829,-3.81635824],[-38.52744896,-3.8163505],[-38.52717861,-3.81644],[-38.5271466,-3.81647846],[-38.52729539,-3.81697811],[-38.52732796,-3.81699522],[-38.52779793,-3.81681601]]]]},"geometry_name":"the_geom","properties":{"id":95,"nome":"Sem Denomina\u00e7\u00e3o Oficial","nome_pop":"Pra\u00e7a da  Rua N","fonte":"URBIFOR","anoref":2019,"epsg_codif":"EPSG: 31984 (SIRGAS 2000 - UTM 24S); Codifica\u00e7\u00e3o: UTF-8","bairro":"Passar\u00e9","cod_bairro":88,"area m2":5682.21}},{"type":"Feature","id":"vw_PracasFortaleza.fid--266d38e4_18dcc52846e_-5515","geometry":{"type":"MultiPolygon","coordinates":[[[[-38.55358962,-3.8083312],[-38.55337008,-3.80764142],[-38.5533445,-3.80763301],[-38.5530649,-3.80779712],[-38.55306358,-3.80783234],[-38.55357741,-3.80834805],[-38.55358962,-3.8083312]]]]},"geometry_name":"the_geom","properties":{"id":96,"nome":"Sem Denomina\u00e7\u00e3o Oficial","nome_pop":"Pra\u00e7a da Rua Seis","fonte":"URBIFOR","anoref":2019,"epsg_codif":"EPSG: 31984 (SIRGAS 2000 - UTM 24S); Codifica\u00e7\u00e3o: UTF-8","bairro":"Parque Dois irm\u00e3os","cod_bairro":84,"area m2":1752.59}},{"type":"Feature","id":"vw_PracasFortaleza.fid--266d38e4_18dcc52846e_-5514","geometry":{"type":"MultiPolygon","coordinates":[[[[-38.47523672,-3.7743805],[-38.47561827,-3.77438744],[-38.47559431,-3.77472835],[-38.47592802,-3.7747525],[-38.47600839,-3.77381374],[-38.47594209,-3.77376865],[-38.47514599,-3.77370255],[-38.47506198,-3.77378535],[-38.4750729,-3.77388773],[-38.47523672,-3.7743805]]]]},"geometry_name":"the_geom","properties":{"id":97,"nome":"Sem Denomina\u00e7\u00e3o Oficial","nome_pop":"Pra\u00e7a da Rua Vereador Jos\u00e9 Batista","fonte":"URBIFOR","anoref":2019,"epsg_codif":"EPSG: 31984 (SIRGAS 2000 - UTM 24S); Codifica\u00e7\u00e3o: UTF-8","bairro":"Edson Queiroz","cod_bairro":57,"area m2":8217.46}},{"type":"Feature","id":"vw_PracasFortaleza.fid--266d38e4_18dcc52846e_-5513","geometry":{"type":"MultiPolygon","coordinates":[[[[-38.50002953,-3.79073072],[-38.50032206,-3.79086655],[-38.50035562,-3.79079174],[-38.50006236,-3.79065677],[-38.50002953,-3.79073072]]]]},"geometry_name":"the_geom","properties":{"id":98,"nome":"Sem Denomina\u00e7\u00e3o Oficial","nome_pop":"Pra\u00e7a da Travessa Alice","fonte":"URBIFOR","anoref":2019,"epsg_codif":"EPSG: 31984 (SIRGAS 2000 - UTM 24S); Codifica\u00e7\u00e3o: UTF-8","bairro":"Cidade dos funcion\u00e1rios","cod_bairro":54,"area m2":322.82}},{"type":"Feature","id":"vw_PracasFortaleza.fid--266d38e4_18dcc52846e_-5512","geometry":{"type":"MultiPolygon","coordinates":[[[[-38.50171921,-3.7913862],[-38.50174674,-3.79131807],[-38.50139736,-3.791166],[-38.50137095,-3.79122419],[-38.50171921,-3.7913862]]]]},"geometry_name":"the_geom","properties":{"id":99,"nome":"Sem Denomina\u00e7\u00e3o Oficial","nome_pop":"Pra\u00e7a da Travessa Servid\u00e3o","fonte":"URBIFOR","anoref":2019,"epsg_codif":"EPSG: 31984 (SIRGAS 2000 - UTM 24S); Codifica\u00e7\u00e3o: UTF-8","bairro":"Cidade dos funcion\u00e1rios","cod_bairro":54,"area m2":322.64}},{"type":"Feature","id":"vw_PracasFortaleza.fid--266d38e4_18dcc52846e_-5511","geometry":{"type":"MultiPolygon","coordinates":[[[[-38.55737846,-3.83439286],[-38.55678886,-3.83458301],[-38.55715811,-3.83574175],[-38.55815864,-3.83543275],[-38.55805003,-3.83507573],[-38.55763455,-3.83518912],[-38.55737846,-3.83439286]]]]},"geometry_name":"the_geom","properties":{"id":480,"nome":"Sem Denomina\u00e7\u00e3o Oficial","nome_pop":"Pra\u00e7a da Avenida F","fonte":"URBIFOR","anoref":2019,"epsg_codif":"EPSG: 31984 (SIRGAS 2000 - UTM 24S); Codifica\u00e7\u00e3o: UTF-8","bairro":"Prefeito Jos\u00e9 Walter","cod_bairro":89,"area m2":11303.59}},{"type":"Feature","id":"vw_PracasFortaleza.fid--266d38e4_18dcc52846e_-5510","geometry":{"type":"MultiPolygon","coordinates":[[[[-38.60491141,-3.75191419],[-38.60464643,-3.75164629],[-38.6046819,-3.75198385],[-38.60492255,-3.75193049],[-38.60491141,-3.75191419]]]]},"geometry_name":"the_geom","properties":{"id":452,"nome":"Pra\u00e7a da Paz","nome_pop":"sem informa\u00e7\u00e3o","fonte":"URBIFOR","anoref":2019,"epsg_codif":"EPSG: 31984 (SIRGAS 2000 - UTM 24S); Codifica\u00e7\u00e3o: UTF-8","bairro":"Geniba\u00fa","cod_bairro":44,"area m2":518.76}},{"type":"Feature","id":"vw_PracasFortaleza.fid--266d38e4_18dcc52846e_-550f","geometry":{"type":"MultiPolygon","coordinates":[[[[-38.54494174,-3.76411357],[-38.54494774,-3.76409842],[-38.54463699,-3.76378291],[-38.54475523,-3.76416323],[-38.54477216,-3.76417073],[-38.54494174,-3.76411357]]]]},"geometry_name":"the_geom","properties":{"id":403,"nome":"Pra\u00e7a Jos\u00e9 do Patroc\u00ednio","nome_pop":"sem informa\u00e7\u00e3o","fonte":"URBIFOR","anoref":2019,"epsg_codif":"EPSG: 31984 (SIRGAS 2000 - UTM 24S); Codifica\u00e7\u00e3o: UTF-8","bairro":"Montese","cod_bairro":103,"area m2":526.01}},{"type":"Feature","id":"vw_PracasFortaleza.fid--266d38e4_18dcc52846e_-550e","geometry":{"type":"MultiPolygon","coordinates":[[[[-38.58616066,-3.81515409],[-38.58547461,-3.8153246],[-38.5855278,-3.81551824],[-38.58563659,-3.81565838],[-38.58616066,-3.81515409]]]]},"geometry_name":"the_geom","properties":{"id":425,"nome":"Pra\u00e7a Contorno Norte","nome_pop":"sem informa\u00e7\u00e3o","fonte":"URBIFOR","anoref":2019,"epsg_codif":"EPSG: 31984 (SIRGAS 2000 - UTM 24S); Codifica\u00e7\u00e3o: UTF-8","bairro":"Conjunto Esperan\u00e7a","cod_bairro":76,"area m2":1659.48}},{"type":"Feature","id":"vw_PracasFortaleza.fid--266d38e4_18dcc52846e_-550d","geometry":{"type":"MultiPolygon","coordinates":[[[[-38.56404622,-3.7980318],[-38.56407449,-3.79803697],[-38.56409639,-3.7980285],[-38.5643152,-3.79770877],[-38.56430092,-3.79769394],[-38.56382904,-3.79784294],[-38.5638249,-3.79786172],[-38.56404622,-3.7980318]]]]},"geometry_name":"the_geom","properties":{"id":444,"nome":"Pra\u00e7a Augusto T.","nome_pop":"sem informa\u00e7\u00e3o","fonte":"URBIFOR","anoref":2019,"epsg_codif":"EPSG: 31984 (SIRGAS 2000 - UTM 24S); Codifica\u00e7\u00e3o: UTF-8","bairro":"Jardim Cearense","cod_bairro":80,"area m2":924.97}},{"type":"Feature","id":"vw_PracasFortaleza.fid--266d38e4_18dcc52846e_-550c","geometry":{"type":"MultiPolygon","coordinates":[[[[-38.6076032,-3.76518401],[-38.60754756,-3.7651779],[-38.60681224,-3.76545682],[-38.60679988,-3.765518],[-38.60803466,-3.76744201],[-38.60806963,-3.76745037],[-38.60838043,-3.76724752],[-38.60840519,-3.76720572],[-38.60814119,-3.76657868],[-38.6076032,-3.76518401]]]]},"geometry_name":"the_geom","properties":{"id":445,"nome":"Pra\u00e7a da Conquista","nome_pop":"sem informa\u00e7\u00e3o","fonte":"URBIFOR","anoref":2019,"epsg_codif":"EPSG: 31984 (SIRGAS 2000 - UTM 24S); Codifica\u00e7\u00e3o: UTF-8","bairro":"Conjunto Cear\u00e1 I","cod_bairro":42,"area m2":18118.46}},{"type":"Feature","id":"vw_PracasFortaleza.fid--266d38e4_18dcc52846e_-550b","geometry":{"type":"MultiPolygon","coordinates":[[[[-38.57879875,-3.79749342],[-38.57863012,-3.79750205],[-38.57879882,-3.79749571],[-38.57879875,-3.79749342]]],[[[-38.57845513,-3.797511],[-38.5784511,-3.79751121],[-38.57844999,-3.79751231],[-38.57845513,-3.797511]]],[[[-38.57844586,-3.79751644],[-38.57842753,-3.79753473],[-38.57844422,-3.79790742],[-38.57843125,-3.79754914],[-38.57843439,-3.79753],[-38.57844586,-3.79751644]]],[[[-38.578453,-3.79810337],[-38.57845336,-3.79811151],[-38.57845432,-3.79811267],[-38.578453,-3.79810337]]],[[[-38.57847003,-3.79813149],[-38.57847331,-3.79813542],[-38.57847861,-3.79813513],[-38.57847003,-3.79813149]]],[[[-38.57881842,-3.79811681],[-38.57882029,-3.79811671],[-38.57881388,-3.79793138],[-38.57881842,-3.79811681]]]]},"geometry_name":"the_geom","properties":{"id":447,"nome":"Pra\u00e7a da Igreja Nossa Senhora das Gra\u00e7as","nome_pop":"sem informa\u00e7\u00e3o","fonte":"URBIFOR","anoref":2019,"epsg_codif":"EPSG: 31984 (SIRGAS 2000 - UTM 24S); Codifica\u00e7\u00e3o: UTF-8","bairro":"Vila Manuel S\u00e1tiro","cod_bairro":81,"area m2":12.7}},{"type":"Feature","id":"vw_PracasFortaleza.fid--266d38e4_18dcc52846e_-550a","geometry":{"type":"MultiPolygon","coordinates":[[[[-38.60305919,-3.75429805],[-38.60278446,-3.75436729],[-38.60282963,-3.75465933],[-38.60314556,-3.75461074],[-38.60309954,-3.75431174],[-38.60305919,-3.75429805]]]]},"geometry_name":"the_geom","properties":{"id":467,"nome":"Pra\u00e7a Galba Ara\u00fajo","nome_pop":"sem informa\u00e7\u00e3o","fonte":"URBIFOR","anoref":2019,"epsg_codif":"EPSG: 31984 (SIRGAS 2000 - UTM 24S); Codifica\u00e7\u00e3o: UTF-8","bairro":"Geniba\u00fa","cod_bairro":44,"area m2":1214.76}},{"type":"Feature","id":"vw_PracasFortaleza.fid--266d38e4_18dcc52846e_-5509","geometry":{"type":"MultiPolygon","coordinates":[[[[-38.61042543,-3.7700886],[-38.61012991,-3.76974992],[-38.6100271,-3.76989832],[-38.61037523,-3.77015883],[-38.61042543,-3.7700886]]]]},"geometry_name":"the_geom","properties":{"id":468,"nome":"Pra\u00e7a Gr\u00eamio Esportivo Professor C.","nome_pop":"sem informa\u00e7\u00e3o","fonte":"URBIFOR","anoref":2019,"epsg_codif":"EPSG: 31984 (SIRGAS 2000 - UTM 24S); Codifica\u00e7\u00e3o: UTF-8","bairro":"Conjunto Cear\u00e1 II","cod_bairro":75,"area m2":713.67}},{"type":"Feature","id":"vw_PracasFortaleza.fid--266d38e4_18dcc52846e_-5508","geometry":{"type":"MultiPolygon","coordinates":[[[[-38.5669614,-3.83204746],[-38.56683117,-3.83209266],[-38.56689009,-3.83223125],[-38.5669614,-3.83204746]]]]},"geometry_name":"the_geom","properties":{"id":469,"nome":"Pra\u00e7a Ipaumirim","nome_pop":"sem informa\u00e7\u00e3o","fonte":"URBIFOR","anoref":2019,"epsg_codif":"EPSG: 31984 (SIRGAS 2000 - UTM 24S); Codifica\u00e7\u00e3o: UTF-8","bairro":"Planalto Ayrton Senna","cod_bairro":116,"area m2":127.19}},{"type":"Feature","id":"vw_PracasFortaleza.fid--266d38e4_18dcc52846e_-5507","geometry":{"type":"MultiPolygon","coordinates":[[[[-38.56599029,-3.79954925],[-38.56585722,-3.79915671],[-38.56583901,-3.79914016],[-38.56557533,-3.79923591],[-38.56599029,-3.79954925]]]]},"geometry_name":"the_geom","properties":{"id":470,"nome":"Pra\u00e7a Jardim Cearense","nome_pop":"sem informa\u00e7\u00e3o","fonte":"URBIFOR","anoref":2019,"epsg_codif":"EPSG: 31984 (SIRGAS 2000 - UTM 24S); Codifica\u00e7\u00e3o: UTF-8","bairro":"Jardim Cearense","cod_bairro":80,"area m2":781.81}},{"type":"Feature","id":"vw_PracasFortaleza.fid--266d38e4_18dcc52846e_-5506","geometry":{"type":"MultiPolygon","coordinates":[[[[-38.58499539,-3.81129256],[-38.58500872,-3.81126869],[-38.58478756,-3.81102672],[-38.5847606,-3.81128389],[-38.58499539,-3.81129256]]]]},"geometry_name":"the_geom","properties":{"id":472,"nome":"Pra\u00e7a Jos\u00e9 A","nome_pop":"sem informa\u00e7\u00e3o","fonte":"URBIFOR","anoref":2019,"epsg_codif":"EPSG: 31984 (SIRGAS 2000 - UTM 24S); Codifica\u00e7\u00e3o: UTF-8","bairro":"Novo Mondubim","cod_bairro":121,"area m2":424.48}},{"type":"Feature","id":"vw_PracasFortaleza.fid--266d38e4_18dcc52846e_-5505","geometry":{"type":"MultiPolygon","coordinates":[[[[-38.52006592,-3.7182421],[-38.52000568,-3.71828499],[-38.5200008,-3.71844928],[-38.52054182,-3.71843831],[-38.52049851,-3.71827279],[-38.5204531,-3.7180877],[-38.52024255,-3.7181297],[-38.52023868,-3.71820656],[-38.52013908,-3.71823325],[-38.52006592,-3.7182421]]]]},"geometry_name":"the_geom","properties":{"id":121,"nome":"Pra\u00e7a do Po\u00e7o da Draga","nome_pop":"sem informa\u00e7\u00e3o","fonte":"URBIFOR","anoref":2019,"epsg_codif":"EPSG: 31984 (SIRGAS 2000 - UTM 24S); Codifica\u00e7\u00e3o: UTF-8","bairro":"Centro","cod_bairro":10,"area m2":1670.86}},{"type":"Feature","id":"vw_PracasFortaleza.fid--266d38e4_18dcc52846e_-5504","geometry":{"type":"MultiPolygon","coordinates":[[[[-38.56770072,-3.70529817],[-38.56770426,-3.70528493],[-38.56769822,-3.70523518],[-38.56768684,-3.70515559],[-38.56769681,-3.70500373],[-38.56743174,-3.70488969],[-38.56747653,-3.70495852],[-38.56755018,-3.70507633],[-38.56760518,-3.70521528],[-38.56762646,-3.70524205],[-38.56768341,-3.70530067],[-38.56770072,-3.70529817]]]]},"geometry_name":"the_geom","properties":{"id":140,"nome":"Pra\u00e7a da Rua Alves de Lima (sem denomina\u00e7\u00e3o oficial)","nome_pop":"sem informa\u00e7\u00e3o","fonte":"URBIFOR","anoref":2019,"epsg_codif":"EPSG: 31984 (SIRGAS 2000 - UTM 24S); Codifica\u00e7\u00e3o: UTF-8","bairro":"Cristo Redentor","cod_bairro":12,"area m2":535.14}},{"type":"Feature","id":"vw_PracasFortaleza.fid--266d38e4_18dcc52846e_-5503","geometry":{"type":"MultiPolygon","coordinates":[[[[-38.56752202,-3.71027761],[-38.5672079,-3.71038527],[-38.56717811,-3.7104394],[-38.56725717,-3.71065232],[-38.56731286,-3.71067949],[-38.56761761,-3.71057006],[-38.56752202,-3.71027761]]]]},"geometry_name":"the_geom","properties":{"id":141,"nome":"Pra\u00e7a da Rua Doutor Victor Juliano Ribeiro (sem denomina\u00e7\u00e3o oficial)","nome_pop":"sem informa\u00e7\u00e3o","fonte":"URBIFOR","anoref":2019,"epsg_codif":"EPSG: 31984 (SIRGAS 2000 - UTM 24S); Codifica\u00e7\u00e3o: UTF-8","bairro":"Cristo Redentor","cod_bairro":12,"area m2":1397.1}},{"type":"Feature","id":"vw_PracasFortaleza.fid--266d38e4_18dcc52846e_-5502","geometry":{"type":"MultiPolygon","coordinates":[[[[-38.55938157,-3.73074654],[-38.55893018,-3.73066156],[-38.55899521,-3.73072175],[-38.55905629,-3.73078069],[-38.55912032,-3.73083782],[-38.55921285,-3.73094067],[-38.55925605,-3.73099435],[-38.5592663,-3.73098538],[-38.55938157,-3.73074654]]]]},"geometry_name":"the_geom","properties":{"id":142,"nome":"Pra\u00e7a da Rua Eritides Martins","nome_pop":"sem informa\u00e7\u00e3o","fonte":"URBIFOR","anoref":2019,"epsg_codif":"EPSG: 31984 (SIRGAS 2000 - UTM 24S); Codifica\u00e7\u00e3o: UTF-8","bairro":"S\u00e3o Gerardo","cod_bairro":1,"area m2":723.72}},{"type":"Feature","id":"vw_PracasFortaleza.fid--266d38e4_18dcc52846e_-5501","geometry":{"type":"MultiPolygon","coordinates":[[[[-38.55487401,-3.72896493],[-38.55474414,-3.72897473],[-38.55483603,-3.72997384],[-38.5548486,-3.73000508],[-38.55494327,-3.73000049],[-38.55495598,-3.72996563],[-38.55487401,-3.72896493]]]]},"geometry_name":"the_geom","properties":{"id":143,"nome":"Pra\u00e7a da Rua Leiria de Andrade (sem denominca\u00e7\u00e3o oficial)","nome_pop":"sem informa\u00e7\u00e3o","fonte":"URBIFOR","anoref":2019,"epsg_codif":"EPSG: 31984 (SIRGAS 2000 - UTM 24S); Codifica\u00e7\u00e3o: UTF-8","bairro":"S\u00e3o Gerardo","cod_bairro":1,"area m2":1587.46}},{"type":"Feature","id":"vw_PracasFortaleza.fid--266d38e4_18dcc52846e_-5500","geometry":{"type":"MultiPolygon","coordinates":[[[[-38.57191728,-3.72173161],[-38.57193996,-3.72169527],[-38.57192617,-3.72165141],[-38.57190182,-3.72163318],[-38.57185921,-3.72163926],[-38.5697955,-3.72278132],[-38.56988694,-3.72292568],[-38.57191728,-3.72173161]]]]},"geometry_name":"the_geom","properties":{"id":144,"nome":"Pra\u00e7a da Rua Luiz Guimar\u00e3es (sem denomina\u00e7\u00e3o oficial)","nome_pop":"sem informa\u00e7\u00e3o","fonte":"URBIFOR","anoref":2019,"epsg_codif":"EPSG: 31984 (SIRGAS 2000 - UTM 24S); Codifica\u00e7\u00e3o: UTF-8","bairro":"Floresta","cod_bairro":17,"area m2":4097.35}},{"type":"Feature","id":"vw_PracasFortaleza.fid--266d38e4_18dcc52846e_-54ff","geometry":{"type":"MultiPolygon","coordinates":[[[[-38.52040465,-3.72347005],[-38.51968955,-3.72359627],[-38.5196596,-3.72360577],[-38.51964971,-3.72363788],[-38.51975887,-3.7239828],[-38.51979199,-3.72402681],[-38.5198345,-3.72405808],[-38.51988798,-3.72406772],[-38.51991285,-3.724053],[-38.51993117,-3.72403005],[-38.52014764,-3.72399828],[-38.52052043,-3.72393013],[-38.52040465,-3.72347005]]]]},"geometry_name":"the_geom","properties":{"id":113,"nome":"Pra\u00e7a Cristo Redentor","nome_pop":"sem informa\u00e7\u00e3o","fonte":"URBIFOR","anoref":2019,"epsg_codif":"EPSG: 31984 (SIRGAS 2000 - UTM 24S); Codifica\u00e7\u00e3o: UTF-8","bairro":"Centro","cod_bairro":10,"area m2":4432.65}},{"type":"Feature","id":"vw_PracasFortaleza.fid--266d38e4_18dcc52846e_-54fe","geometry":{"type":"MultiPolygon","coordinates":[[[[-38.54433675,-3.72464301],[-38.54436799,-3.72452506],[-38.54418756,-3.7244782],[-38.5442438,-3.72461801],[-38.54433675,-3.72464301]]]]},"geometry_name":"the_geom","properties":{"id":185,"nome":"Pra\u00e7a do Morro do Ouro","nome_pop":"sem informa\u00e7\u00e3o","fonte":"URBIFOR","anoref":2019,"epsg_codif":"EPSG: 31984 (SIRGAS 2000 - UTM 24S); Codifica\u00e7\u00e3o: UTF-8","bairro":"Jacarecanga","cod_bairro":18,"area m2":210.87}},{"type":"Feature","id":"vw_PracasFortaleza.fid--266d38e4_18dcc52846e_-54fd","geometry":{"type":"MultiPolygon","coordinates":[[[[-38.56564344,-3.71089254],[-38.56560629,-3.71088445],[-38.56535853,-3.71095111],[-38.56533146,-3.71100307],[-38.56540872,-3.71127161],[-38.56543398,-3.71128744],[-38.56572506,-3.71119927],[-38.5657357,-3.71116815],[-38.56564344,-3.71089254]]]]},"geometry_name":"the_geom","properties":{"id":186,"nome":"Pra\u00e7a Dr. Amauri","nome_pop":"sem informa\u00e7\u00e3o","fonte":"URBIFOR","anoref":2019,"epsg_codif":"EPSG: 31984 (SIRGAS 2000 - UTM 24S); Codifica\u00e7\u00e3o: UTF-8","bairro":"Cristo Redentor","cod_bairro":12,"area m2":1385.6}},{"type":"Feature","id":"vw_PracasFortaleza.fid--266d38e4_18dcc52846e_-54fc","geometry":{"type":"MultiPolygon","coordinates":[[[[-38.56321053,-3.7268966],[-38.56315044,-3.72688629],[-38.563096,-3.72691536],[-38.56280408,-3.72789538],[-38.56291081,-3.72793261],[-38.56321053,-3.7268966]]]]},"geometry_name":"the_geom","properties":{"id":187,"nome":"Pra\u00e7a Dr. H\u00e9lio Viana","nome_pop":"sem informa\u00e7\u00e3o","fonte":"URBIFOR","anoref":2019,"epsg_codif":"EPSG: 31984 (SIRGAS 2000 - UTM 24S); Codifica\u00e7\u00e3o: UTF-8","bairro":"S\u00e3o Gerardo","cod_bairro":1,"area m2":1417.62}},{"type":"Feature","id":"vw_PracasFortaleza.fid--266d38e4_18dcc52846e_-54fb","geometry":{"type":"MultiPolygon","coordinates":[[[[-38.57932256,-3.71880989],[-38.57933952,-3.71882528],[-38.57955122,-3.71881941],[-38.57951165,-3.71837285],[-38.57930658,-3.71839097],[-38.57928408,-3.71842576],[-38.57932256,-3.71880989]]]]},"geometry_name":"the_geom","properties":{"id":208,"nome":"Pra\u00e7a Jos\u00e9 Carvalho de Melo","nome_pop":"sem informa\u00e7\u00e3o","fonte":"URBIFOR","anoref":2019,"epsg_codif":"EPSG: 31984 (SIRGAS 2000 - UTM 24S); Codifica\u00e7\u00e3o: UTF-8","bairro":"Floresta","cod_bairro":17,"area m2":1236.19}},{"type":"Feature","id":"vw_PracasFortaleza.fid--266d38e4_18dcc52846e_-54fa","geometry":{"type":"MultiPolygon","coordinates":[[[[-38.52766515,-3.72691176],[-38.52755945,-3.72693925],[-38.52742719,-3.72698527],[-38.52721167,-3.7270575],[-38.52718244,-3.7271037],[-38.52750401,-3.72811975],[-38.52754126,-3.72815054],[-38.52758858,-3.72815072],[-38.52794458,-3.72804321],[-38.52802571,-3.72801722],[-38.52766515,-3.72691176]]]]},"geometry_name":"the_geom","properties":{"id":101,"nome":"Pra\u00e7a do Ferreira","nome_pop":"sem informa\u00e7\u00e3o","fonte":"URBIFOR","anoref":2019,"epsg_codif":"EPSG: 31984 (SIRGAS 2000 - UTM 24S); Codifica\u00e7\u00e3o: UTF-8","bairro":"Centro","cod_bairro":10,"area m2":7443.57}},{"type":"Feature","id":"vw_PracasFortaleza.fid--266d38e4_18dcc52846e_-54f9","geometry":{"type":"MultiPolygon","coordinates":[[[[-38.53199692,-3.72674116],[-38.53184687,-3.72670852],[-38.53160241,-3.72589429],[-38.53066809,-3.72620652],[-38.53065503,-3.72621066],[-38.53064768,-3.7262373],[-38.53065917,-3.72626531],[-38.53068351,-3.72631078],[-38.53072601,-3.72637912],[-38.53101934,-3.72736581],[-38.53186696,-3.72710952],[-38.5318904,-3.72712246],[-38.53190159,-3.72712973],[-38.53191493,-3.72712729],[-38.53210258,-3.72706214],[-38.53199692,-3.72674116]]]]},"geometry_name":"the_geom","properties":{"id":104,"nome":"Pra\u00e7a Jos\u00e9 de Alencar","nome_pop":"sem informa\u00e7\u00e3o","fonte":"URBIFOR","anoref":2019,"epsg_codif":"EPSG: 31984 (SIRGAS 2000 - UTM 24S); Codifica\u00e7\u00e3o: UTF-8","bairro":"Centro","cod_bairro":10,"area m2":15472.74}},{"type":"Feature","id":"vw_PracasFortaleza.fid--266d38e4_18dcc52846e_-54f8","geometry":{"type":"MultiPolygon","coordinates":[[[[-38.52331615,-3.72823304],[-38.52325894,-3.72820475],[-38.52320105,-3.72819768],[-38.52239109,-3.7284739],[-38.52234504,-3.7284995],[-38.52234378,-3.72855938],[-38.5226328,-3.7296024],[-38.52266354,-3.72963174],[-38.52270795,-3.72963106],[-38.52356005,-3.72933315],[-38.52360779,-3.72929824],[-38.52360816,-3.72922318],[-38.52331615,-3.72823304]]]]},"geometry_name":"the_geom","properties":{"id":107,"nome":"Pra\u00e7a Filgueira de Melo","nome_pop":"sem informa\u00e7\u00e3o","fonte":"URBIFOR","anoref":2019,"epsg_codif":"EPSG: 31984 (SIRGAS 2000 - UTM 24S); Codifica\u00e7\u00e3o: UTF-8","bairro":"Centro","cod_bairro":10,"area m2":15095.29}},{"type":"Feature","id":"vw_PracasFortaleza.fid--266d38e4_18dcc52846e_-54f7","geometry":{"type":"MultiPolygon","coordinates":[[[[-38.54121832,-3.71806767],[-38.54090701,-3.7181502],[-38.54090588,-3.71819745],[-38.54070316,-3.71824439],[-38.54068049,-3.71821162],[-38.54035208,-3.71829355],[-38.54035059,-3.71834038],[-38.54125853,-3.71829471],[-38.54124233,-3.7180866],[-38.54121832,-3.71806767]]]]},"geometry_name":"the_geom","properties":{"id":109,"nome":"Pra\u00e7a dos Navegantes","nome_pop":"sem informa\u00e7\u00e3o","fonte":"URBIFOR","anoref":2019,"epsg_codif":"EPSG: 31984 (SIRGAS 2000 - UTM 24S); Codifica\u00e7\u00e3o: UTF-8","bairro":"Centro","cod_bairro":10,"area m2":1423.49}},{"type":"Feature","id":"vw_PracasFortaleza.fid--266d38e4_18dcc52846e_-54f6","geometry":{"type":"MultiPolygon","coordinates":[[[[-38.53574287,-3.71930015],[-38.53563073,-3.71932956],[-38.53566706,-3.71952684],[-38.53567449,-3.7195398],[-38.53568718,-3.71954224],[-38.53570533,-3.71953694],[-38.53580067,-3.71950916],[-38.53574287,-3.71930015]]]]},"geometry_name":"the_geom","properties":{"id":110,"nome":"Pra\u00e7a do Muri\u00e7oca","nome_pop":"sem informa\u00e7\u00e3o","fonte":"URBIFOR","anoref":2019,"epsg_codif":"EPSG: 31984 (SIRGAS 2000 - UTM 24S); Codifica\u00e7\u00e3o: UTF-8","bairro":"Moura Brasil","cod_bairro":5,"area m2":335.96}},{"type":"Feature","id":"vw_PracasFortaleza.fid--266d38e4_18dcc52846e_-54f5","geometry":{"type":"MultiPolygon","coordinates":[[[[-38.52982857,-3.73191153],[-38.52942157,-3.73205521],[-38.52939487,-3.73207769],[-38.52939862,-3.73212273],[-38.52960641,-3.73273261],[-38.52962364,-3.73277582],[-38.529647,-3.73278516],[-38.52967943,-3.7327781],[-38.52969722,-3.73273494],[-38.53002921,-3.73262903],[-38.53007097,-3.73265085],[-38.53010514,-3.73264374],[-38.53011658,-3.73260877],[-38.53010936,-3.73258376],[-38.52989168,-3.73195591],[-38.52987016,-3.73191701],[-38.52982857,-3.73191153]]]]},"geometry_name":"the_geom","properties":{"id":111,"nome":"Pra\u00e7a do Carmo","nome_pop":"sem informa\u00e7\u00e3o","fonte":"URBIFOR","anoref":2019,"epsg_codif":"EPSG: 31984 (SIRGAS 2000 - UTM 24S); Codifica\u00e7\u00e3o: UTF-8","bairro":"Centro","cod_bairro":10,"area m2":4773.17}},{"type":"Feature","id":"vw_PracasFortaleza.fid--266d38e4_18dcc52846e_-54f4","geometry":{"type":"MultiPolygon","coordinates":[[[[-38.56429832,-3.71020096],[-38.56406106,-3.71027139],[-38.56403108,-3.71032358],[-38.56410711,-3.71057795],[-38.56417139,-3.71060309],[-38.56440823,-3.71052218],[-38.56442752,-3.71048542],[-38.56435883,-3.7102248],[-38.56429832,-3.71020096]]]]},"geometry_name":"the_geom","properties":{"id":192,"nome":"Pra\u00e7a Major Wilson","nome_pop":"sem informa\u00e7\u00e3o","fonte":"URBIFOR","anoref":2019,"epsg_codif":"EPSG: 31984 (SIRGAS 2000 - UTM 24S); Codifica\u00e7\u00e3o: UTF-8","bairro":"Cristo Redentor","cod_bairro":12,"area m2":1387.82}},{"type":"Feature","id":"vw_PracasFortaleza.fid--266d38e4_18dcc52846e_-54f3","geometry":{"type":"MultiPolygon","coordinates":[[[[-38.47417255,-3.75081903],[-38.47423073,-3.75099548],[-38.47432647,-3.75096177],[-38.47426923,-3.75078619],[-38.47417255,-3.75081903]]]]},"geometry_name":"the_geom","properties":{"id":264,"nome":"Pra\u00e7a Quadra 37","nome_pop":"sem informa\u00e7\u00e3o","fonte":"URBIFOR","anoref":2019,"epsg_codif":"EPSG: 31984 (SIRGAS 2000 - UTM 24S); Codifica\u00e7\u00e3o: UTF-8","bairro":"Cidade 2000","cod_bairro":111,"area m2":231.61}},{"type":"Feature","id":"vw_PracasFortaleza.fid--266d38e4_18dcc52846e_-54f2","geometry":{"type":"MultiPolygon","coordinates":[[[[-38.51996262,-3.72092011],[-38.51944333,-3.7208727],[-38.51941823,-3.72089367],[-38.51940678,-3.72177773],[-38.51942698,-3.72179265],[-38.519931,-3.72179738],[-38.51996262,-3.72092011]]]]},"geometry_name":"the_geom","properties":{"id":116,"nome":"Pra\u00e7a Almirante Saldanha","nome_pop":"sem informa\u00e7\u00e3o","fonte":"URBIFOR","anoref":2019,"epsg_codif":"EPSG: 31984 (SIRGAS 2000 - UTM 24S); Codifica\u00e7\u00e3o: UTF-8","bairro":"Centro","cod_bairro":10,"area m2":5905.92}},{"type":"Feature","id":"vw_PracasFortaleza.fid--266d38e4_18dcc52846e_-54f1","geometry":{"type":"MultiPolygon","coordinates":[[[[-38.5637466,-3.72049818],[-38.56385842,-3.72053199],[-38.56394722,-3.72019655],[-38.56393431,-3.72017952],[-38.56386959,-3.72015961],[-38.56384466,-3.72016879],[-38.5637466,-3.72049818]]]]},"geometry_name":"the_geom","properties":{"id":148,"nome":"Pra\u00e7a Tenente Lisboa","nome_pop":"sem informa\u00e7\u00e3o","fonte":"URBIFOR","anoref":2019,"epsg_codif":"EPSG: 31984 (SIRGAS 2000 - UTM 24S); Codifica\u00e7\u00e3o: UTF-8","bairro":"Bairro Ellery","cod_bairro":38,"area m2":488.24}},{"type":"Feature","id":"vw_PracasFortaleza.fid--266d38e4_18dcc52846e_-54f0","geometry":{"type":"MultiPolygon","coordinates":[[[[-38.52588781,-3.72187876],[-38.52523405,-3.72200481],[-38.52519703,-3.72205694],[-38.52495702,-3.72211031],[-38.52489749,-3.72208253],[-38.52487711,-3.72208117],[-38.52439078,-3.72225777],[-38.52423971,-3.72233792],[-38.52428612,-3.72243384],[-38.52441252,-3.72240585],[-38.52474251,-3.72235468],[-38.52476434,-3.72233344],[-38.52499382,-3.72227992],[-38.5250972,-3.72224575],[-38.52515045,-3.72222359],[-38.525233,-3.72218628],[-38.52531987,-3.72214603],[-38.52538722,-3.72210646],[-38.52542041,-3.7220854],[-38.52544587,-3.72209311],[-38.52588781,-3.72187876]]]]},"geometry_name":"the_geom","properties":{"id":119,"nome":"Pra\u00e7a da Vit\u00f3ria","nome_pop":"sem informa\u00e7\u00e3o","fonte":"URBIFOR","anoref":2019,"epsg_codif":"EPSG: 31984 (SIRGAS 2000 - UTM 24S); Codifica\u00e7\u00e3o: UTF-8","bairro":"Centro","cod_bairro":10,"area m2":2888.25}},{"type":"Feature","id":"vw_PracasFortaleza.fid--266d38e4_18dcc52846e_-54ef","geometry":{"type":"MultiPolygon","coordinates":[[[[-38.47030686,-3.75153637],[-38.47025508,-3.75136405],[-38.47017017,-3.75139397],[-38.47022043,-3.75156358],[-38.47030686,-3.75153637]]]]},"geometry_name":"the_geom","properties":{"id":280,"nome":"Pra\u00e7a Quadra 11","nome_pop":"sem informa\u00e7\u00e3o","fonte":"URBIFOR","anoref":2019,"epsg_codif":"EPSG: 31984 (SIRGAS 2000 - UTM 24S); Codifica\u00e7\u00e3o: UTF-8","bairro":"Cidade 2000","cod_bairro":111,"area m2":197.81}},{"type":"Feature","id":"vw_PracasFortaleza.fid--266d38e4_18dcc52846e_-54ee","geometry":{"type":"MultiPolygon","coordinates":[[[[-38.52668846,-3.72612682],[-38.52631226,-3.72625181],[-38.52634301,-3.72635208],[-38.526371,-3.72636711],[-38.52670995,-3.72625237],[-38.52672031,-3.72624691],[-38.52672539,-3.72623767],[-38.52672177,-3.72622548],[-38.52668846,-3.72612682]]]]},"geometry_name":"the_geom","properties":{"id":125,"nome":"Largo da Assembleia","nome_pop":"sem informa\u00e7\u00e3o","fonte":"URBIFOR","anoref":2019,"epsg_codif":"EPSG: 31984 (SIRGAS 2000 - UTM 24S); Codifica\u00e7\u00e3o: UTF-8","bairro":"Centro","cod_bairro":10,"area m2":616.97}},{"type":"Feature","id":"vw_PracasFortaleza.fid--266d38e4_18dcc52846e_-54ed","geometry":{"type":"MultiPolygon","coordinates":[[[[-38.55018082,-3.71909722],[-38.55008347,-3.7188009],[-38.55007309,-3.7188009],[-38.55006581,-3.7188059],[-38.55005937,-3.71881816],[-38.54990724,-3.71917495],[-38.54991536,-3.71918233],[-38.55018082,-3.71909722]]]]},"geometry_name":"the_geom","properties":{"id":177,"nome":"Pra\u00e7a da Comunidade Frei Galv\u00e3o","nome_pop":"sem informa\u00e7\u00e3o","fonte":"URBIFOR","anoref":2019,"epsg_codif":"EPSG: 31984 (SIRGAS 2000 - UTM 24S); Codifica\u00e7\u00e3o: UTF-8","bairro":"Carlito Pamplona","cod_bairro":9,"area m2":598.78}},{"type":"Feature","id":"vw_PracasFortaleza.fid--266d38e4_18dcc52846e_-54ec","geometry":{"type":"MultiPolygon","coordinates":[[[[-38.5411294,-3.72284822],[-38.5410892,-3.72282732],[-38.54018544,-3.72310552],[-38.54015869,-3.72314572],[-38.54037377,-3.72385474],[-38.54044283,-3.72389823],[-38.54134107,-3.72362213],[-38.54135631,-3.72358404],[-38.5411294,-3.72284822]]]]},"geometry_name":"the_geom","properties":{"id":127,"nome":"Pra\u00e7a Gustavo Barroso","nome_pop":"sem informa\u00e7\u00e3o","fonte":"URBIFOR","anoref":2019,"epsg_codif":"EPSG: 31984 (SIRGAS 2000 - UTM 24S); Codifica\u00e7\u00e3o: UTF-8","bairro":"Centro","cod_bairro":10,"area m2":10374.93}},{"type":"Feature","id":"vw_PracasFortaleza.fid--266d38e4_18dcc52846e_-54eb","geometry":{"type":"MultiPolygon","coordinates":[[[[-38.52063951,-3.72341908],[-38.52041044,-3.72347019],[-38.52052379,-3.72392712],[-38.52078392,-3.72387533],[-38.52063951,-3.72341908]]]]},"geometry_name":"the_geom","properties":{"id":128,"nome":"Pra\u00e7a Guilherme Waessen","nome_pop":"sem informa\u00e7\u00e3o","fonte":"URBIFOR","anoref":2019,"epsg_codif":"EPSG: 31984 (SIRGAS 2000 - UTM 24S); Codifica\u00e7\u00e3o: UTF-8","bairro":"Centro","cod_bairro":10,"area m2":1453.29}},{"type":"Feature","id":"vw_PracasFortaleza.fid--266d38e4_18dcc52846e_-54ea","geometry":{"type":"MultiPolygon","coordinates":[[[[-38.57729134,-3.72643541],[-38.57745054,-3.72638477],[-38.57740789,-3.72622872],[-38.57737738,-3.72622918],[-38.57729134,-3.72643541]]]]},"geometry_name":"the_geom","properties":{"id":130,"nome":"Pra\u00e7a Nossa Senhora de F\u00e1tima","nome_pop":"sem informa\u00e7\u00e3o","fonte":"URBIFOR","anoref":2019,"epsg_codif":"EPSG: 31984 (SIRGAS 2000 - UTM 24S); Codifica\u00e7\u00e3o: UTF-8","bairro":"Floresta","cod_bairro":17,"area m2":204.24}},{"type":"Feature","id":"vw_PracasFortaleza.fid--266d38e4_18dcc52846e_-54e9","geometry":{"type":"MultiPolygon","coordinates":[[[[-38.58200824,-3.71410643],[-38.582204,-3.71409575],[-38.58218659,-3.71388409],[-38.5820005,-3.71389547],[-38.58200824,-3.71410643]]]]},"geometry_name":"the_geom","properties":{"id":131,"nome":"Rua Padre Santana","nome_pop":"sem informa\u00e7\u00e3o","fonte":"URBIFOR","anoref":2019,"epsg_codif":"EPSG: 31984 (SIRGAS 2000 - UTM 24S); Codifica\u00e7\u00e3o: UTF-8","bairro":"Barra do Cear\u00e1","cod_bairro":6,"area m2":497.29}},{"type":"Feature","id":"vw_PracasFortaleza.fid--266d38e4_18dcc52846e_-54e8","geometry":{"type":"MultiPolygon","coordinates":[[[[-38.56493129,-3.71835665],[-38.56494411,-3.71834854],[-38.56495134,-3.71816392],[-38.56484858,-3.71831468],[-38.56493129,-3.71835665]]]]},"geometry_name":"the_geom","properties":{"id":132,"nome":"Pra\u00e7a Rainha da Paz","nome_pop":"sem informa\u00e7\u00e3o","fonte":"URBIFOR","anoref":2019,"epsg_codif":"EPSG: 31984 (SIRGAS 2000 - UTM 24S); Codifica\u00e7\u00e3o: UTF-8","bairro":"\u00c1lvaro Weyne","cod_bairro":3,"area m2":117.25}},{"type":"Feature","id":"vw_PracasFortaleza.fid--266d38e4_18dcc52846e_-54e7","geometry":{"type":"MultiPolygon","coordinates":[[[[-38.58552783,-3.72686304],[-38.58554455,-3.7268751],[-38.58572783,-3.72686435],[-38.58574705,-3.72683648],[-38.5857065,-3.72628242],[-38.58569536,-3.72627793],[-38.58552783,-3.72686304]]]]},"geometry_name":"the_geom","properties":{"id":133,"nome":"Pra\u00e7a Rosinha Sampaio","nome_pop":"sem informa\u00e7\u00e3o","fonte":"URBIFOR","anoref":2019,"epsg_codif":"EPSG: 31984 (SIRGAS 2000 - UTM 24S); Codifica\u00e7\u00e3o: UTF-8","bairro":"Jardim Guanabara","cod_bairro":20,"area m2":846.38}},{"type":"Feature","id":"vw_PracasFortaleza.fid--266d38e4_18dcc52846e_-54e6","geometry":{"type":"MultiPolygon","coordinates":[[[[-38.54586993,-3.71997737],[-38.54632061,-3.71983634],[-38.54630961,-3.7198047],[-38.54580436,-3.7197373],[-38.5457792,-3.71976585],[-38.54584002,-3.71996361],[-38.54586993,-3.71997737]]]]},"geometry_name":"the_geom","properties":{"id":134,"nome":"Pra\u00e7a da Rua Monsenhor Dantas","nome_pop":"sem informa\u00e7\u00e3o","fonte":"URBIFOR","anoref":2019,"epsg_codif":"EPSG: 31984 (SIRGAS 2000 - UTM 24S); Codifica\u00e7\u00e3o: UTF-8","bairro":"Jacarecanga","cod_bairro":18,"area m2":894.72}},{"type":"Feature","id":"vw_PracasFortaleza.fid--266d38e4_18dcc52846e_-54e5","geometry":{"type":"MultiPolygon","coordinates":[[[[-38.55997568,-3.72249],[-38.55936879,-3.72234231],[-38.55928657,-3.72264991],[-38.55928481,-3.72267631],[-38.55929502,-3.72270482],[-38.55931604,-3.72271705],[-38.55983375,-3.72285795],[-38.55985521,-3.72286255],[-38.55987933,-3.7228503],[-38.55989269,-3.72282846],[-38.55997568,-3.72249]]]]},"geometry_name":"the_geom","properties":{"id":193,"nome":"Pra\u00e7a Manoel Dias Mac\u00eado","nome_pop":"sem informa\u00e7\u00e3o","fonte":"URBIFOR","anoref":2019,"epsg_codif":"EPSG: 31984 (SIRGAS 2000 - UTM 24S); Codifica\u00e7\u00e3o: UTF-8","bairro":"Monte Castelo","cod_bairro":25,"area m2":2950.76}},{"type":"Feature","id":"vw_PracasFortaleza.fid--266d38e4_18dcc52846e_-54e4","geometry":{"type":"MultiPolygon","coordinates":[[[[-38.53417717,-3.71804245],[-38.5337667,-3.71826601],[-38.53350525,-3.7183719],[-38.53335821,-3.71842434],[-38.53340979,-3.71864901],[-38.53342396,-3.7185963],[-38.53372154,-3.71849388],[-38.53375275,-3.71853453],[-38.5338,-3.71851848],[-38.53380964,-3.71846606],[-38.53387566,-3.71844249],[-38.53411873,-3.71835266],[-38.53415849,-3.71839549],[-38.53434204,-3.71832708],[-38.53458721,-3.71817702],[-38.53470092,-3.71805676],[-38.53476895,-3.71791613],[-38.53481275,-3.71782573],[-38.53479706,-3.71781242],[-38.53417717,-3.71804245]]]]},"geometry_name":"the_geom","properties":{"id":135,"nome":"Pra\u00e7a Santa Edwiges","nome_pop":"sem informa\u00e7\u00e3o","fonte":"URBIFOR","anoref":2019,"epsg_codif":"EPSG: 31984 (SIRGAS 2000 - UTM 24S); Codifica\u00e7\u00e3o: UTF-8","bairro":"Moura Brasil","cod_bairro":5,"area m2":4462.75}},{"type":"Feature","id":"vw_PracasFortaleza.fid--266d38e4_18dcc52846e_-54e3","geometry":{"type":"MultiPolygon","coordinates":[[[[-38.54220839,-3.73404557],[-38.54219872,-3.73403926],[-38.54189886,-3.73398589],[-38.5418855,-3.73398622],[-38.54187633,-3.7339954],[-38.54186089,-3.7340545],[-38.54220682,-3.73411552],[-38.54221572,-3.73405844],[-38.54221354,-3.73405157],[-38.54220839,-3.73404557]]]]},"geometry_name":"the_geom","properties":{"id":166,"nome":"Pra\u00e7a Bela Cruz","nome_pop":"sem informa\u00e7\u00e3o","fonte":"URBIFOR","anoref":2019,"epsg_codif":"EPSG: 31984 (SIRGAS 2000 - UTM 24S); Codifica\u00e7\u00e3o: UTF-8","bairro":"Farias Brito","cod_bairro":15,"area m2":313.47}},{"type":"Feature","id":"vw_PracasFortaleza.fid--266d38e4_18dcc52846e_-54e2","geometry":{"type":"MultiPolygon","coordinates":[[[[-38.47385147,-3.74965071],[-38.47379973,-3.74948865],[-38.47372181,-3.74951699],[-38.47377465,-3.74967567],[-38.47385147,-3.74965071]]]]},"geometry_name":"the_geom","properties":{"id":268,"nome":"Pra\u00e7a Quadra 31","nome_pop":"sem informa\u00e7\u00e3o","fonte":"URBIFOR","anoref":2019,"epsg_codif":"EPSG: 31984 (SIRGAS 2000 - UTM 24S); Codifica\u00e7\u00e3o: UTF-8","bairro":"Cidade 2000","cod_bairro":111,"area m2":169.53}},{"type":"Feature","id":"vw_PracasFortaleza.fid--266d38e4_18dcc52846e_-54e1","geometry":{"type":"MultiPolygon","coordinates":[[[[-38.58652318,-3.69433212],[-38.58658193,-3.69440846],[-38.58661568,-3.69387763],[-38.58661535,-3.69340873],[-38.58657464,-3.69335538],[-38.58653215,-3.69334033],[-38.58648651,-3.69335336],[-38.5862364,-3.6935444],[-38.58604569,-3.69368971],[-38.58573992,-3.69383868],[-38.58517655,-3.69393676],[-38.58447833,-3.69404113],[-38.58399356,-3.6941057],[-38.58345392,-3.69416455],[-38.58282237,-3.69427932],[-38.58238559,-3.69436129],[-38.58175001,-3.69455878],[-38.58162486,-3.69456314],[-38.58135931,-3.69449095],[-38.58117429,-3.69443561],[-38.58100287,-3.69442549],[-38.58086397,-3.69443188],[-38.58075331,-3.69447867],[-38.58062993,-3.69455009],[-38.580534,-3.69465805],[-38.58040354,-3.69482515],[-38.58020637,-3.69506485],[-38.57986777,-3.69544329],[-38.57958594,-3.69573448],[-38.57887192,-3.69616678],[-38.57823878,-3.6963751],[-38.57795486,-3.69646219],[-38.57758673,-3.69668315],[-38.57736677,-3.69687313],[-38.57694086,-3.69737854],[-38.57666253,-3.69772036],[-38.5763895,-3.69806428],[-38.57605992,-3.69836078],[-38.57574928,-3.69861176],[-38.5752529,-3.69894418],[-38.57524004,-3.69891003],[-38.57483377,-3.69906226],[-38.57474986,-3.6990994],[-38.57466356,-3.69905592],[-38.57454813,-3.69897415],[-38.57432462,-3.69891801],[-38.57415496,-3.69896836],[-38.57399416,-3.69908221],[-38.57390842,-3.69928815],[-38.57381811,-3.69943864],[-38.57368827,-3.69959314],[-38.57330939,-3.7000111],[-38.57279494,-3.70041575],[-38.57246787,-3.7006158],[-38.57219266,-3.70073577],[-38.5719005,-3.70087806],[-38.57174857,-3.7009419],[-38.57160592,-3.70101552],[-38.57140343,-3.70110872],[-38.5713064,-3.70115123],[-38.57127617,-3.7011048],[-38.57119728,-3.70107443],[-38.57113452,-3.70109053],[-38.57108545,-3.70113813],[-38.57108397,-3.7011982],[-38.57109623,-3.70124761],[-38.57103997,-3.7012743],[-38.5696973,-3.70188093],[-38.56889604,-3.70224477],[-38.56861339,-3.70239381],[-38.5686648,-3.70251222],[-38.56887355,-3.70237419],[-38.57062191,-3.70158867],[-38.57130724,-3.7012624],[-38.57338576,-3.70028643],[-38.57454218,-3.69954165],[-38.57559098,-3.69882622],[-38.5769045,-3.69791562],[-38.57712456,-3.69771647],[-38.57757752,-3.69721935],[-38.57796861,-3.69690022],[-38.57872779,-3.6966169],[-38.57878125,-3.69663271],[-38.57916728,-3.69641794],[-38.57960929,-3.69611312],[-38.58011824,-3.69572745],[-38.58034374,-3.69552474],[-38.58065511,-3.69528407],[-38.58141331,-3.69484578],[-38.58146843,-3.69487457],[-38.58184071,-3.69469195],[-38.58244198,-3.69450426],[-38.58301168,-3.69437684],[-38.58347728,-3.69435574],[-38.58354403,-3.69430447],[-38.58374246,-3.69434323],[-38.58388667,-3.69435108],[-38.58620038,-3.69447701],[-38.58623742,-3.69442069],[-38.5862765,-3.69433173],[-38.58632434,-3.69429093],[-38.58639832,-3.69427162],[-38.58645791,-3.69428224],[-38.58652318,-3.69433212]]]]},"geometry_name":"the_geom","properties":{"id":136,"nome":"Pra\u00e7a Santiago da Barra","nome_pop":"sem informa\u00e7\u00e3o","fonte":"URBIFOR","anoref":2019,"epsg_codif":"EPSG: 31984 (SIRGAS 2000 - UTM 24S); Codifica\u00e7\u00e3o: UTF-8","bairro":"Barra do Cear\u00e1","cod_bairro":6,"area m2":75475.18}},{"type":"Feature","id":"vw_PracasFortaleza.fid--266d38e4_18dcc52846e_-54e0","geometry":{"type":"MultiPolygon","coordinates":[[[[-38.55918634,-3.71981387],[-38.55921381,-3.71982166],[-38.55924688,-3.71974825],[-38.55937729,-3.71923992],[-38.55929012,-3.71921382],[-38.55918634,-3.71981387]]]]},"geometry_name":"the_geom","properties":{"id":146,"nome":"Pra\u00e7a da Rua Raquel Holanda (sem denomina\u00e7\u00e3o oficial)","nome_pop":"sem informa\u00e7\u00e3o","fonte":"URBIFOR","anoref":2019,"epsg_codif":"EPSG: 31984 (SIRGAS 2000 - UTM 24S); Codifica\u00e7\u00e3o: UTF-8","bairro":"Carlito Pamplona","cod_bairro":9,"area m2":488.3}},{"type":"Feature","id":"vw_PracasFortaleza.fid--266d38e4_18dcc52846e_-54df","geometry":{"type":"MultiPolygon","coordinates":[[[[-38.56905555,-3.71855558],[-38.56918771,-3.71854811],[-38.56921093,-3.71853445],[-38.56921095,-3.71846133],[-38.56905953,-3.7185341],[-38.56905555,-3.71855558]]]]},"geometry_name":"the_geom","properties":{"id":147,"nome":"Pra\u00e7a da Rua Trevo (sem denomina\u00e7\u00e3o oficial)","nome_pop":"sem informa\u00e7\u00e3o","fonte":"URBIFOR","anoref":2019,"epsg_codif":"EPSG: 31984 (SIRGAS 2000 - UTM 24S); Codifica\u00e7\u00e3o: UTF-8","bairro":"\u00c1lvaro Weyne","cod_bairro":3,"area m2":97.99}},{"type":"Feature","id":"vw_PracasFortaleza.fid--266d38e4_18dcc52846e_-54de","geometry":{"type":"MultiPolygon","coordinates":[[[[-38.58957054,-3.71065677],[-38.58959071,-3.71057915],[-38.58956837,-3.71054624],[-38.58851473,-3.71026647],[-38.58848762,-3.7102815],[-38.5884655,-3.71035957],[-38.58848123,-3.71038978],[-38.58953933,-3.71066981],[-38.58957054,-3.71065677]]]]},"geometry_name":"the_geom","properties":{"id":149,"nome":"Pra\u00e7a Treze da Rockdale","nome_pop":"sem informa\u00e7\u00e3o","fonte":"URBIFOR","anoref":2019,"epsg_codif":"EPSG: 31984 (SIRGAS 2000 - UTM 24S); Codifica\u00e7\u00e3o: UTF-8","bairro":"Barra do Cear\u00e1","cod_bairro":6,"area m2":1773.66}},{"type":"Feature","id":"vw_PracasFortaleza.fid--266d38e4_18dcc52846e_-54dd","geometry":{"type":"MultiPolygon","coordinates":[[[[-38.56062166,-3.71142423],[-38.56038215,-3.7115269],[-38.56040319,-3.71155698],[-38.5606384,-3.71158581],[-38.56062166,-3.71142423]]]]},"geometry_name":"the_geom","properties":{"id":150,"nome":"Pra\u00e7a Valentim Monteiro","nome_pop":"sem informa\u00e7\u00e3o","fonte":"URBIFOR","anoref":2019,"epsg_codif":"EPSG: 31984 (SIRGAS 2000 - UTM 24S); Codifica\u00e7\u00e3o: UTF-8","bairro":"\u00c1lvaro Weyne","cod_bairro":3,"area m2":287.98}},{"type":"Feature","id":"vw_PracasFortaleza.fid--266d38e4_18dcc52846e_-54dc","geometry":{"type":"MultiPolygon","coordinates":[[[[-38.57624266,-3.71774664],[-38.57677342,-3.71755799],[-38.5764425,-3.71703077],[-38.576028,-3.717189],[-38.57624266,-3.71774664]]]]},"geometry_name":"the_geom","properties":{"id":152,"nome":"Pra\u00e7a de Lazer do \u00c1lvaro Weyne","nome_pop":"sem informa\u00e7\u00e3o","fonte":"URBIFOR","anoref":2019,"epsg_codif":"EPSG: 31984 (SIRGAS 2000 - UTM 24S); Codifica\u00e7\u00e3o: UTF-8","bairro":"Floresta","cod_bairro":17,"area m2":3730.39}},{"type":"Feature","id":"vw_PracasFortaleza.fid--266d38e4_18dcc52846e_-54db","geometry":{"type":"MultiPolygon","coordinates":[[[[-38.58740563,-3.70568684],[-38.58735022,-3.70565735],[-38.58615804,-3.70636044],[-38.58615526,-3.70639659],[-38.58627092,-3.70657471],[-38.58638468,-3.70672185],[-38.58650721,-3.70681043],[-38.58665835,-3.70687661],[-38.58740359,-3.70579447],[-38.58740563,-3.70568684]]]]},"geometry_name":"the_geom","properties":{"id":156,"nome":"\u00c1rea Verde na Barra do Cear\u00e1","nome_pop":"sem informa\u00e7\u00e3o","fonte":"URBIFOR","anoref":2019,"epsg_codif":"EPSG: 31984 (SIRGAS 2000 - UTM 24S); Codifica\u00e7\u00e3o: UTF-8","bairro":"Barra do Cear\u00e1","cod_bairro":6,"area m2":7460.32}},{"type":"Feature","id":"vw_PracasFortaleza.fid--266d38e4_18dcc52846e_-54da","geometry":{"type":"MultiPolygon","coordinates":[[[[-38.5848189,-3.69858773],[-38.58391867,-3.69818853],[-38.5838723,-3.6985661],[-38.58389436,-3.69859234],[-38.58411506,-3.69873495],[-38.58424112,-3.6989866],[-38.58428625,-3.69901217],[-38.58468526,-3.69867091],[-38.58476559,-3.69863968],[-38.58483143,-3.69861514],[-38.5848189,-3.69858773]]]]},"geometry_name":"the_geom","properties":{"id":158,"nome":"Areninha Beira Rio 2","nome_pop":"sem informa\u00e7\u00e3o","fonte":"URBIFOR","anoref":2019,"epsg_codif":"EPSG: 31984 (SIRGAS 2000 - UTM 24S); Codifica\u00e7\u00e3o: UTF-8","bairro":"Barra do Cear\u00e1","cod_bairro":6,"area m2":4522.41}},{"type":"Feature","id":"vw_PracasFortaleza.fid--266d38e4_18dcc52846e_-54d9","geometry":{"type":"MultiPolygon","coordinates":[[[[-38.5456431,-3.7135831],[-38.54558092,-3.7135396],[-38.54487553,-3.71372313],[-38.54467023,-3.71379283],[-38.54430641,-3.71395962],[-38.54426716,-3.7140028],[-38.54426897,-3.71405194],[-38.54444515,-3.71441192],[-38.5445113,-3.71451157],[-38.54454728,-3.71458041],[-38.54457007,-3.71471814],[-38.54461055,-3.71478863],[-38.54477499,-3.7148376],[-38.5451221,-3.71481531],[-38.54537972,-3.71475682],[-38.54571925,-3.71467177],[-38.54591856,-3.71461623],[-38.54595096,-3.71459723],[-38.54596547,-3.71455809],[-38.5456431,-3.7135831]]]]},"geometry_name":"the_geom","properties":{"id":159,"nome":"Areninha Pirambu","nome_pop":"sem informa\u00e7\u00e3o","fonte":"URBIFOR","anoref":2019,"epsg_codif":"EPSG: 31984 (SIRGAS 2000 - UTM 24S); Codifica\u00e7\u00e3o: UTF-8","bairro":"Jacarecanga","cod_bairro":18,"area m2":18651.87}},{"type":"Feature","id":"vw_PracasFortaleza.fid--266d38e4_18dcc52846e_-54d8","geometry":{"type":"MultiPolygon","coordinates":[[[[-38.59289978,-3.72408955],[-38.59206462,-3.72432098],[-38.59225357,-3.72494509],[-38.59308752,-3.72469775],[-38.59309883,-3.72467525],[-38.59292697,-3.72409882],[-38.59289978,-3.72408955]]]]},"geometry_name":"the_geom","properties":{"id":160,"nome":"Arenina Thauzer Parente","nome_pop":"sem informa\u00e7\u00e3o","fonte":"URBIFOR","anoref":2019,"epsg_codif":"EPSG: 31984 (SIRGAS 2000 - UTM 24S); Codifica\u00e7\u00e3o: UTF-8","bairro":"jardim Guanabara","cod_bairro":20,"area m2":7024.92}},{"type":"Feature","id":"vw_PracasFortaleza.fid--266d38e4_18dcc52846e_-54d7","geometry":{"type":"MultiPolygon","coordinates":[[[[-38.54555665,-3.72680295],[-38.54474987,-3.73138266],[-38.54476924,-3.73141567],[-38.54489127,-3.73143758],[-38.54494208,-3.73132966],[-38.54573998,-3.7268195],[-38.54573746,-3.72679902],[-38.54572209,-3.72678849],[-38.54558863,-3.72677866],[-38.54556804,-3.72678289],[-38.54555665,-3.72680295]]]]},"geometry_name":"the_geom","properties":{"id":161,"nome":"Cal\u00e7ad\u00e3o Crasa","nome_pop":"sem informa\u00e7\u00e3o","fonte":"URBIFOR","anoref":2019,"epsg_codif":"EPSG: 31984 (SIRGAS 2000 - UTM 24S); Codifica\u00e7\u00e3o: UTF-8","bairro":"Farias Brito","cod_bairro":15,"area m2":10494.97}},{"type":"Feature","id":"vw_PracasFortaleza.fid--266d38e4_18dcc52846e_-54d6","geometry":{"type":"MultiPolygon","coordinates":[[[[-38.58215246,-3.71304139],[-38.5819282,-3.71305085],[-38.58190879,-3.71285504],[-38.58176117,-3.71286056],[-38.58176987,-3.71306393],[-38.58128791,-3.71309031],[-38.58131271,-3.71369093],[-38.58135223,-3.71373155],[-38.5815142,-3.71372051],[-38.5817911,-3.71370306],[-38.58197288,-3.71368753],[-38.58196625,-3.71353476],[-38.58217293,-3.71352448],[-38.58215246,-3.71304139]]]]},"geometry_name":"the_geom","properties":{"id":163,"nome":"Polo do Jardim Iracema","nome_pop":"sem informa\u00e7\u00e3o","fonte":"URBIFOR","anoref":2019,"epsg_codif":"EPSG: 31984 (SIRGAS 2000 - UTM 24S); Codifica\u00e7\u00e3o: UTF-8","bairro":"Barra do Cear\u00e1","cod_bairro":6,"area m2":6787.59}},{"type":"Feature","id":"vw_PracasFortaleza.fid--266d38e4_18dcc52846e_-54d5","geometry":{"type":"MultiPolygon","coordinates":[[[[-38.47364527,-3.7506846],[-38.47359423,-3.75051682],[-38.47348356,-3.75055524],[-38.47353404,-3.75072406],[-38.47364527,-3.7506846]]]]},"geometry_name":"the_geom","properties":{"id":265,"nome":"Pra\u00e7a Quadra 35","nome_pop":"sem informa\u00e7\u00e3o","fonte":"URBIFOR","anoref":2019,"epsg_codif":"EPSG: 31984 (SIRGAS 2000 - UTM 24S); Codifica\u00e7\u00e3o: UTF-8","bairro":"Cidade 2000","cod_bairro":111,"area m2":253.64}},{"type":"Feature","id":"vw_PracasFortaleza.fid--266d38e4_18dcc52846e_-54d4","geometry":{"type":"MultiPolygon","coordinates":[[[[-38.56426039,-3.71987009],[-38.56408089,-3.71941925],[-38.56382149,-3.71983914],[-38.56418465,-3.71994808],[-38.5642803,-3.71991747],[-38.56426039,-3.71987009]]]]},"geometry_name":"the_geom","properties":{"id":164,"nome":"Pra\u00e7a Assis Bezerra","nome_pop":"sem informa\u00e7\u00e3o","fonte":"URBIFOR","anoref":2019,"epsg_codif":"EPSG: 31984 (SIRGAS 2000 - UTM 24S); Codifica\u00e7\u00e3o: UTF-8","bairro":"\u00c1lvaro Weyne","cod_bairro":3,"area m2":1437.4}},{"type":"Feature","id":"vw_PracasFortaleza.fid--266d38e4_18dcc52846e_-54d3","geometry":{"type":"MultiPolygon","coordinates":[[[[-38.56860973,-3.70260938],[-38.56859022,-3.70261408],[-38.56856891,-3.70262311],[-38.56821845,-3.70286314],[-38.56821114,-3.70287818],[-38.56821598,-3.70289963],[-38.56823011,-3.70291256],[-38.56870044,-3.70287811],[-38.56871733,-3.70287059],[-38.56873071,-3.70285694],[-38.56873896,-3.70283361],[-38.56873938,-3.70280923],[-38.56867155,-3.70262508],[-38.56864557,-3.70261195],[-38.56862701,-3.70260832],[-38.56860973,-3.70260938]]]]},"geometry_name":"the_geom","properties":{"id":165,"nome":"Pra\u00e7a do Bairro Cristo Redentor","nome_pop":"sem informa\u00e7\u00e3o","fonte":"URBIFOR","anoref":2019,"epsg_codif":"EPSG: 31984 (SIRGAS 2000 - UTM 24S); Codifica\u00e7\u00e3o: UTF-8","bairro":"Cristo Redentor","cod_bairro":12,"area m2":1147.01}},{"type":"Feature","id":"vw_PracasFortaleza.fid--266d38e4_18dcc52846e_-54d2","geometry":{"type":"MultiPolygon","coordinates":[[[[-38.55655571,-3.7276242],[-38.55572957,-3.72742575],[-38.55567524,-3.72745354],[-38.55567431,-3.72798441],[-38.55570168,-3.7280051],[-38.55568756,-3.72817098],[-38.55564837,-3.72820866],[-38.55564903,-3.72823529],[-38.55567979,-3.72826314],[-38.55638957,-3.72836594],[-38.55642897,-3.72835157],[-38.55649457,-3.72798045],[-38.55655121,-3.72794704],[-38.55660292,-3.72767709],[-38.55659074,-3.72764206],[-38.55655571,-3.7276242]]]]},"geometry_name":"the_geom","properties":{"id":167,"nome":"Pra\u00e7a Capela M\u00e3e Rainha","nome_pop":"sem informa\u00e7\u00e3o","fonte":"URBIFOR","anoref":2019,"epsg_codif":"EPSG: 31984 (SIRGAS 2000 - UTM 24S); Codifica\u00e7\u00e3o: UTF-8","bairro":"S\u00e3o Gerardo","cod_bairro":1,"area m2":8299.27}},{"type":"Feature","id":"vw_PracasFortaleza.fid--266d38e4_18dcc52846e_-54d1","geometry":{"type":"MultiPolygon","coordinates":[[[[-38.5616021,-3.72242899],[-38.56156956,-3.72245413],[-38.56147432,-3.72282422],[-38.56149236,-3.72286267],[-38.56162625,-3.72289715],[-38.56166386,-3.72287512],[-38.56177509,-3.72249553],[-38.56175595,-3.72246732],[-38.5616021,-3.72242899]]]]},"geometry_name":"the_geom","properties":{"id":168,"nome":"Pra\u00e7a Capit\u00e3o Nestor Goes","nome_pop":"sem informa\u00e7\u00e3o","fonte":"URBIFOR","anoref":2019,"epsg_codif":"EPSG: 31984 (SIRGAS 2000 - UTM 24S); Codifica\u00e7\u00e3o: UTF-8","bairro":"Bairro Ellery","cod_bairro":38,"area m2":1095.43}},{"type":"Feature","id":"vw_PracasFortaleza.fid--266d38e4_18dcc52846e_-54d0","geometry":{"type":"MultiPolygon","coordinates":[[[[-38.5472064,-3.72246604],[-38.5469782,-3.72249534],[-38.54673817,-3.72251034],[-38.5467227,-3.72252536],[-38.54667625,-3.72278754],[-38.54669017,-3.72280703],[-38.54758158,-3.72271496],[-38.5476053,-3.72267642],[-38.5475275,-3.7224362],[-38.54747687,-3.72241567],[-38.5472064,-3.72246604]]]]},"geometry_name":"the_geom","properties":{"id":169,"nome":"Pra\u00e7a Carlos Jereissati","nome_pop":"sem informa\u00e7\u00e3o","fonte":"URBIFOR","anoref":2019,"epsg_codif":"EPSG: 31984 (SIRGAS 2000 - UTM 24S); Codifica\u00e7\u00e3o: UTF-8","bairro":"Jacarecanga","cod_bairro":18,"area m2":3107.57}},{"type":"Feature","id":"vw_PracasFortaleza.fid--266d38e4_18dcc52846e_-54cf","geometry":{"type":"MultiPolygon","coordinates":[[[[-38.57892264,-3.72300401],[-38.57836309,-3.72271945],[-38.57817351,-3.72297355],[-38.57864049,-3.72320075],[-38.57873239,-3.72324011],[-38.57891689,-3.72330517],[-38.57893165,-3.72330945],[-38.57894379,-3.72329668],[-38.57892264,-3.72300401]]]]},"geometry_name":"the_geom","properties":{"id":170,"nome":"Pra\u00e7a Carnaubal","nome_pop":"sem informa\u00e7\u00e3o","fonte":"URBIFOR","anoref":2019,"epsg_codif":"EPSG: 31984 (SIRGAS 2000 - UTM 24S); Codifica\u00e7\u00e3o: UTF-8","bairro":"Floresta","cod_bairro":17,"area m2":2736.37}},{"type":"Feature","id":"vw_PracasFortaleza.fid--266d38e4_18dcc52846e_-54ce","geometry":{"type":"MultiPolygon","coordinates":[[[[-38.55430815,-3.71734784],[-38.55432759,-3.71737394],[-38.55434985,-3.71739285],[-38.55454168,-3.71740727],[-38.55485222,-3.71744592],[-38.55515692,-3.71750482],[-38.55599257,-3.71773128],[-38.55605911,-3.71774918],[-38.55618694,-3.7177538],[-38.55636734,-3.71769174],[-38.5563792,-3.71767212],[-38.55626138,-3.71691473],[-38.55621747,-3.71687167],[-38.55434574,-3.71722897],[-38.55432955,-3.71723538],[-38.55431484,-3.71726249],[-38.55430779,-3.71729176],[-38.55430385,-3.7173174],[-38.55430815,-3.71734784]]]]},"geometry_name":"the_geom","properties":{"id":171,"nome":"Pra\u00e7a Conjunto Dom Helder C\u00e2mara Campos","nome_pop":"sem informa\u00e7\u00e3o","fonte":"URBIFOR","anoref":2019,"epsg_codif":"EPSG: 31984 (SIRGAS 2000 - UTM 24S); Codifica\u00e7\u00e3o: UTF-8","bairro":"Carlito Pamplona","cod_bairro":9,"area m2":12734.22}},{"type":"Feature","id":"vw_PracasFortaleza.fid--266d38e4_18dcc52846e_-54cd","geometry":{"type":"MultiPolygon","coordinates":[[[[-38.55011329,-3.72809893],[-38.55002698,-3.7281166],[-38.54994048,-3.72815472],[-38.54988376,-3.72820081],[-38.54984735,-3.72824489],[-38.54982026,-3.72829959],[-38.54980285,-3.72836281],[-38.54979585,-3.72842205],[-38.54980123,-3.72847646],[-38.54981253,-3.72851664],[-38.54983053,-3.72856334],[-38.54986343,-3.72862223],[-38.54990811,-3.72866128],[-38.54995501,-3.72869744],[-38.55001889,-3.72872819],[-38.55009182,-3.72874659],[-38.55017832,-3.72873833],[-38.55022446,-3.72873143],[-38.55026991,-3.7287107],[-38.55031031,-3.72868282],[-38.5503575,-3.72863866],[-38.55039321,-3.72859012],[-38.5504143,-3.72854751],[-38.55043181,-3.72849396],[-38.55044153,-3.72843559],[-38.55043739,-3.72837757],[-38.55042796,-3.72832497],[-38.5504082,-3.72827768],[-38.55037442,-3.72822076],[-38.55033582,-3.72818795],[-38.55029378,-3.72814965],[-38.55023728,-3.72812325],[-38.55018622,-3.72810742],[-38.55011329,-3.72809893]]]]},"geometry_name":"the_geom","properties":{"id":172,"nome":"Pra\u00e7a Coronel Jo\u00e3o Pontes","nome_pop":"sem informa\u00e7\u00e3o","fonte":"URBIFOR","anoref":2019,"epsg_codif":"EPSG: 31984 (SIRGAS 2000 - UTM 24S); Codifica\u00e7\u00e3o: UTF-8","bairro":"Monte Castelo","cod_bairro":25,"area m2":3983.71}},{"type":"Feature","id":"vw_PracasFortaleza.fid--266d38e4_18dcc52846e_-54cc","geometry":{"type":"MultiPolygon","coordinates":[[[[-38.56530244,-3.70989323],[-38.56505514,-3.70997321],[-38.56503088,-3.71001481],[-38.56512414,-3.71029728],[-38.5654324,-3.71019627],[-38.56534419,-3.70991886],[-38.56530244,-3.70989323]]]]},"geometry_name":"the_geom","properties":{"id":173,"nome":"Pra\u00e7a Coronel Melquiades","nome_pop":"sem informa\u00e7\u00e3o","fonte":"URBIFOR","anoref":2019,"epsg_codif":"EPSG: 31984 (SIRGAS 2000 - UTM 24S); Codifica\u00e7\u00e3o: UTF-8","bairro":"Cristo Redentor","cod_bairro":12,"area m2":1303.67}},{"type":"Feature","id":"vw_PracasFortaleza.fid--266d38e4_18dcc52846e_-54cb","geometry":{"type":"MultiPolygon","coordinates":[[[[-38.56884914,-3.72030721],[-38.56902343,-3.71971127],[-38.56849797,-3.72034617],[-38.56884914,-3.72030721]]]]},"geometry_name":"the_geom","properties":{"id":174,"nome":"Pra\u00e7a da Avenida Teodomiro de Castro","nome_pop":"sem informa\u00e7\u00e3o","fonte":"URBIFOR","anoref":2019,"epsg_codif":"EPSG: 31984 (SIRGAS 2000 - UTM 24S); Codifica\u00e7\u00e3o: UTF-8","bairro":"\u00c1lvaro Weyne","cod_bairro":3,"area m2":1243.62}},{"type":"Feature","id":"vw_PracasFortaleza.fid--266d38e4_18dcc52846e_-54ca","geometry":{"type":"MultiPolygon","coordinates":[[[[-38.57709355,-3.72789289],[-38.57724309,-3.72796855],[-38.57725247,-3.72794541],[-38.57725841,-3.72792139],[-38.57725981,-3.72789893],[-38.57726105,-3.72788081],[-38.57725882,-3.72786025],[-38.57724919,-3.72783611],[-38.57709355,-3.72789289]]]]},"geometry_name":"the_geom","properties":{"id":175,"nome":"Pra\u00e7a da Ben\u00e7\u00e3o","nome_pop":"sem informa\u00e7\u00e3o","fonte":"URBIFOR","anoref":2019,"epsg_codif":"EPSG: 31984 (SIRGAS 2000 - UTM 24S); Codifica\u00e7\u00e3o: UTF-8","bairro":"Floresta","cod_bairro":17,"area m2":140.25}},{"type":"Feature","id":"vw_PracasFortaleza.fid--266d38e4_18dcc52846e_-54c9","geometry":{"type":"MultiPolygon","coordinates":[[[[-38.57283497,-3.71048147],[-38.5728474,-3.71048067],[-38.57303084,-3.71019677],[-38.57302552,-3.71018432],[-38.5727668,-3.71029009],[-38.57283497,-3.71048147]]]]},"geometry_name":"the_geom","properties":{"id":176,"nome":"Pra\u00e7a da Col\u00f4nia","nome_pop":"sem informa\u00e7\u00e3o","fonte":"URBIFOR","anoref":2019,"epsg_codif":"EPSG: 31984 (SIRGAS 2000 - UTM 24S); Codifica\u00e7\u00e3o: UTF-8","bairro":"Barra do Cear\u00e1","cod_bairro":6,"area m2":393.43}},{"type":"Feature","id":"vw_PracasFortaleza.fid--266d38e4_18dcc52846e_-54c8","geometry":{"type":"MultiPolygon","coordinates":[[[[-38.5773394,-3.71812308],[-38.57758429,-3.71813217],[-38.57750588,-3.71769382],[-38.57745719,-3.71769364],[-38.5773394,-3.71812308]]]]},"geometry_name":"the_geom","properties":{"id":178,"nome":"Pra\u00e7a da Comunidade","nome_pop":"sem informa\u00e7\u00e3o","fonte":"URBIFOR","anoref":2019,"epsg_codif":"EPSG: 31984 (SIRGAS 2000 - UTM 24S); Codifica\u00e7\u00e3o: UTF-8","bairro":"Floresta","cod_bairro":17,"area m2":783.52}},{"type":"Feature","id":"vw_PracasFortaleza.fid--266d38e4_18dcc52846e_-54c7","geometry":{"type":"MultiPolygon","coordinates":[[[[-38.5457251,-3.71875659],[-38.54560956,-3.71869423],[-38.54540888,-3.71859065],[-38.54516668,-3.71850433],[-38.54503866,-3.7184698],[-38.5448622,-3.71842837],[-38.54472039,-3.71841232],[-38.54450928,-3.71841111],[-38.54431649,-3.71841232],[-38.54419556,-3.71841235],[-38.54431658,-3.71849059],[-38.54447477,-3.71858616],[-38.5457251,-3.71875659]]]]},"geometry_name":"the_geom","properties":{"id":179,"nome":"Pra\u00e7a da Vila S\u00e3o Jos\u00e9","nome_pop":"sem informa\u00e7\u00e3o","fonte":"URBIFOR","anoref":2019,"epsg_codif":"EPSG: 31984 (SIRGAS 2000 - UTM 24S); Codifica\u00e7\u00e3o: UTF-8","bairro":"Jacarecanga","cod_bairro":18,"area m2":2659.99}},{"type":"Feature","id":"vw_PracasFortaleza.fid--266d38e4_18dcc52846e_-54c6","geometry":{"type":"MultiPolygon","coordinates":[[[[-38.57322881,-3.70834959],[-38.57409394,-3.70770307],[-38.57400364,-3.70757981],[-38.57311893,-3.70789635],[-38.57309116,-3.70794375],[-38.57322881,-3.70834959]]]]},"geometry_name":"the_geom","properties":{"id":181,"nome":"Pra\u00e7a do Conjunto Gra\u00e7a Aranha","nome_pop":"sem informa\u00e7\u00e3o","fonte":"URBIFOR","anoref":2019,"epsg_codif":"EPSG: 31984 (SIRGAS 2000 - UTM 24S); Codifica\u00e7\u00e3o: UTF-8","bairro":"Barra do Cear\u00e1","cod_bairro":6,"area m2":3799.31}},{"type":"Feature","id":"vw_PracasFortaleza.fid--266d38e4_18dcc52846e_-54c5","geometry":{"type":"MultiPolygon","coordinates":[[[[-38.5669873,-3.71345739],[-38.56703544,-3.71346625],[-38.5680083,-3.71315291],[-38.56794138,-3.71295772],[-38.56693728,-3.71330176],[-38.5669873,-3.71345739]]]]},"geometry_name":"the_geom","properties":{"id":189,"nome":"Pra\u00e7a Joaquim Guedes Martins","nome_pop":"sem informa\u00e7\u00e3o","fonte":"URBIFOR","anoref":2019,"epsg_codif":"EPSG: 31984 (SIRGAS 2000 - UTM 24S); Codifica\u00e7\u00e3o: UTF-8","bairro":"\u00c1lvaro Weyne","cod_bairro":3,"area m2":2560.22}},{"type":"Feature","id":"vw_PracasFortaleza.fid--266d38e4_18dcc52846e_-54c4","geometry":{"type":"MultiPolygon","coordinates":[[[[-38.57851923,-3.72645429],[-38.57852691,-3.72647736],[-38.57860144,-3.72647924],[-38.57861923,-3.72646005],[-38.5786052,-3.72614083],[-38.57857495,-3.72613839],[-38.57851923,-3.72645429]]]]},"geometry_name":"the_geom","properties":{"id":191,"nome":"Pra\u00e7a Luciano C\u00e2ndido","nome_pop":"sem informa\u00e7\u00e3o","fonte":"URBIFOR","anoref":2019,"epsg_codif":"EPSG: 31984 (SIRGAS 2000 - UTM 24S); Codifica\u00e7\u00e3o: UTF-8","bairro":"Floresta","cod_bairro":17,"area m2":277.97}},{"type":"Feature","id":"vw_PracasFortaleza.fid--266d38e4_18dcc52846e_-54c3","geometry":{"type":"MultiPolygon","coordinates":[[[[-38.54153782,-3.7166558],[-38.54160065,-3.71625499],[-38.54153172,-3.71628208],[-38.54140655,-3.71633103],[-38.54127942,-3.71637763],[-38.54116937,-3.71642515],[-38.54127942,-3.71674891],[-38.54153782,-3.7166558]]]]},"geometry_name":"the_geom","properties":{"id":194,"nome":"Pra\u00e7a Marc\u00edlio Dias","nome_pop":"sem informa\u00e7\u00e3o","fonte":"URBIFOR","anoref":2019,"epsg_codif":"EPSG: 31984 (SIRGAS 2000 - UTM 24S); Codifica\u00e7\u00e3o: UTF-8","bairro":"Moura Brasil","cod_bairro":5,"area m2":1579.76}},{"type":"Feature","id":"vw_PracasFortaleza.fid--266d38e4_18dcc52846e_-54c2","geometry":{"type":"MultiPolygon","coordinates":[[[[-38.54821075,-3.71296844],[-38.54822595,-3.71296056],[-38.54870041,-3.71258034],[-38.54871232,-3.71256391],[-38.54871678,-3.7125414],[-38.54870724,-3.71251377],[-38.5486754,-3.71247476],[-38.54865432,-3.71245918],[-38.54862842,-3.71245514],[-38.54860958,-3.71246248],[-38.54858863,-3.71247931],[-38.54820804,-3.7129409],[-38.54820433,-3.71295374],[-38.54821075,-3.71296844]]]]},"geometry_name":"the_geom","properties":{"id":195,"nome":"Pra\u00e7a Patr\u00e3o Mor Aguiar","nome_pop":"sem informa\u00e7\u00e3o","fonte":"URBIFOR","anoref":2019,"epsg_codif":"EPSG: 31984 (SIRGAS 2000 - UTM 24S); Codifica\u00e7\u00e3o: UTF-8","bairro":"Pirambu","cod_bairro":31,"area m2":748.32}},{"type":"Feature","id":"vw_PracasFortaleza.fid--266d38e4_18dcc52846e_-54c1","geometry":{"type":"MultiPolygon","coordinates":[[[[-38.47356451,-3.75046881],[-38.47351289,-3.75030183],[-38.47340673,-3.75033373],[-38.4734561,-3.75049922],[-38.47356451,-3.75046881]]]]},"geometry_name":"the_geom","properties":{"id":266,"nome":"Pra\u00e7a Quadra 34","nome_pop":"sem informa\u00e7\u00e3o","fonte":"URBIFOR","anoref":2019,"epsg_codif":"EPSG: 31984 (SIRGAS 2000 - UTM 24S); Codifica\u00e7\u00e3o: UTF-8","bairro":"Cidade 2000","cod_bairro":111,"area m2":238.39}},{"type":"Feature","id":"vw_PracasFortaleza.fid--266d38e4_18dcc52846e_-54c0","geometry":{"type":"MultiPolygon","coordinates":[[[[-38.58344353,-3.70658729],[-38.58347538,-3.70659362],[-38.58387348,-3.70634582],[-38.58389961,-3.70627771],[-38.58340996,-3.70637699],[-38.58335668,-3.70638923],[-38.58344353,-3.70658729]]]]},"geometry_name":"the_geom","properties":{"id":201,"nome":"Pra\u00e7a Sete Pr\u00e9dios","nome_pop":"sem informa\u00e7\u00e3o","fonte":"URBIFOR","anoref":2019,"epsg_codif":"EPSG: 31984 (SIRGAS 2000 - UTM 24S); Codifica\u00e7\u00e3o: UTF-8","bairro":"Barra do Cear\u00e1","cod_bairro":6,"area m2":929.3}},{"type":"Feature","id":"vw_PracasFortaleza.fid--266d38e4_18dcc52846e_-54bf","geometry":{"type":"MultiPolygon","coordinates":[[[[-38.56430776,-3.70660415],[-38.56416268,-3.70664944],[-38.56414158,-3.70667769],[-38.56422899,-3.70697862],[-38.56426156,-3.70697894],[-38.56434465,-3.70663187],[-38.56430776,-3.70660415]]]]},"geometry_name":"the_geom","properties":{"id":202,"nome":"Pra\u00e7a do Chafariz","nome_pop":"sem informa\u00e7\u00e3o","fonte":"URBIFOR","anoref":2019,"epsg_codif":"EPSG: 31984 (SIRGAS 2000 - UTM 24S); Codifica\u00e7\u00e3o: UTF-8","bairro":"Cristo Redentor","cod_bairro":12,"area m2":533.78}},{"type":"Feature","id":"vw_PracasFortaleza.fid--266d38e4_18dcc52846e_-54be","geometry":{"type":"MultiPolygon","coordinates":[[[[-38.58129736,-3.71147328],[-38.58110852,-3.71148678],[-38.58109615,-3.7115005],[-38.58110032,-3.71166592],[-38.58130747,-3.71165436],[-38.58129736,-3.71147328]]]]},"geometry_name":"the_geom","properties":{"id":203,"nome":"Pra\u00e7a do Conjunto Jacyara","nome_pop":"sem informa\u00e7\u00e3o","fonte":"URBIFOR","anoref":2019,"epsg_codif":"EPSG: 31984 (SIRGAS 2000 - UTM 24S); Codifica\u00e7\u00e3o: UTF-8","bairro":"Barra do Cear\u00e1","cod_bairro":6,"area m2":451.11}},{"type":"Feature","id":"vw_PracasFortaleza.fid--266d38e4_18dcc52846e_-54bd","geometry":{"type":"MultiPolygon","coordinates":[[[[-38.58370914,-3.71271378],[-38.58376095,-3.71259781],[-38.58379725,-3.71252898],[-38.58383646,-3.71242754],[-38.58388752,-3.71228763],[-38.58391786,-3.71216192],[-38.58374974,-3.71216091],[-38.58376556,-3.71226914],[-38.58368511,-3.71237368],[-38.58358614,-3.71252844],[-38.5835778,-3.71270718],[-38.58370914,-3.71271378]]]]},"geometry_name":"the_geom","properties":{"id":204,"nome":"Pra\u00e7a do Riacho Doce 2","nome_pop":"sem informa\u00e7\u00e3o","fonte":"URBIFOR","anoref":2019,"epsg_codif":"EPSG: 31984 (SIRGAS 2000 - UTM 24S); Codifica\u00e7\u00e3o: UTF-8","bairro":"Barra do Cear\u00e1","cod_bairro":6,"area m2":1132.41}},{"type":"Feature","id":"vw_PracasFortaleza.fid--266d38e4_18dcc52846e_-54bc","geometry":{"type":"MultiPolygon","coordinates":[[[[-38.54288453,-3.73175294],[-38.5429624,-3.7317994],[-38.54344401,-3.73189392],[-38.54351077,-3.73190162],[-38.543583,-3.7318736],[-38.54364496,-3.73182755],[-38.54371669,-3.7316561],[-38.5437428,-3.73152637],[-38.5429854,-3.73137729],[-38.54290331,-3.73141146],[-38.54283999,-3.73148856],[-38.54281245,-3.73159888],[-38.54283268,-3.73169346],[-38.54288453,-3.73175294]]]]},"geometry_name":"the_geom","properties":{"id":205,"nome":"Pra\u00e7a Farias Brito","nome_pop":"sem informa\u00e7\u00e3o","fonte":"URBIFOR","anoref":2019,"epsg_codif":"EPSG: 31984 (SIRGAS 2000 - UTM 24S); Codifica\u00e7\u00e3o: UTF-8","bairro":"Farias Brito","cod_bairro":15,"area m2":4251.44}},{"type":"Feature","id":"vw_PracasFortaleza.fid--266d38e4_18dcc52846e_-54bb","geometry":{"type":"MultiPolygon","coordinates":[[[[-38.58818119,-3.70721819],[-38.5886828,-3.70671371],[-38.58868895,-3.70669265],[-38.58868554,-3.70666516],[-38.58865901,-3.70663608],[-38.5885957,-3.70662785],[-38.58840203,-3.70650886],[-38.58837553,-3.70650533],[-38.58800358,-3.70707962],[-38.58818119,-3.70721819]]]]},"geometry_name":"the_geom","properties":{"id":206,"nome":"Pra\u00e7a Hermes Pereira","nome_pop":"sem informa\u00e7\u00e3o","fonte":"URBIFOR","anoref":2019,"epsg_codif":"EPSG: 31984 (SIRGAS 2000 - UTM 24S); Codifica\u00e7\u00e3o: UTF-8","bairro":"Barra do Cear\u00e1","cod_bairro":6,"area m2":2641.73}},{"type":"Feature","id":"vw_PracasFortaleza.fid--266d38e4_18dcc52846e_-54ba","geometry":{"type":"MultiPolygon","coordinates":[[[[-38.49077536,-3.72546728],[-38.49082833,-3.72544071],[-38.49102434,-3.72548498],[-38.4910797,-3.7255786],[-38.49108079,-3.72563518],[-38.49125758,-3.72566712],[-38.49130719,-3.7255232],[-38.49067108,-3.7250948],[-38.49065098,-3.72509767],[-38.49058636,-3.72540642],[-38.4905988,-3.72542994],[-38.49068412,-3.72545055],[-38.49077536,-3.72546728]]]]},"geometry_name":"the_geom","properties":{"id":210,"nome":"Jardim Japon\u00eas","nome_pop":"sem informa\u00e7\u00e3o","fonte":"URBIFOR","anoref":2019,"epsg_codif":"EPSG: 31984 (SIRGAS 2000 - UTM 24S); Codifica\u00e7\u00e3o: UTF-8","bairro":"Meireles","cod_bairro":24,"area m2":1957.68}},{"type":"Feature","id":"vw_PracasFortaleza.fid--266d38e4_18dcc52846e_-54b9","geometry":{"type":"MultiPolygon","coordinates":[[[[-38.48193154,-3.78437612],[-38.48192545,-3.78430629],[-38.48121344,-3.78359279],[-38.48113129,-3.78358672],[-38.4811039,-3.78430325],[-38.48193154,-3.78437612]]]]},"geometry_name":"the_geom","properties":{"id":211,"nome":"\u00c1rea Verde do Shopping Reserva","nome_pop":"sem informa\u00e7\u00e3o","fonte":"URBIFOR","anoref":2019,"epsg_codif":"EPSG: 31984 (SIRGAS 2000 - UTM 24S); Codifica\u00e7\u00e3o: UTF-8","bairro":"Luciano Cavalcante","cod_bairro":58,"area m2":4301.48}},{"type":"Feature","id":"vw_PracasFortaleza.fid--266d38e4_18dcc52846e_-54b8","geometry":{"type":"MultiPolygon","coordinates":[[[[-38.46157515,-3.72360256],[-38.46104093,-3.72334159],[-38.46063771,-3.72414271],[-38.46116032,-3.72440367],[-38.46157515,-3.72360256]]]]},"geometry_name":"the_geom","properties":{"id":213,"nome":"Areninha da Praia do Futuro I","nome_pop":"sem informa\u00e7\u00e3o","fonte":"URBIFOR","anoref":2019,"epsg_codif":"EPSG: 31984 (SIRGAS 2000 - UTM 24S); Codifica\u00e7\u00e3o: UTF-8","bairro":"Vicente Pinzon","cod_bairro":37,"area m2":6511.18}},{"type":"Feature","id":"vw_PracasFortaleza.fid--266d38e4_18dcc52846e_-54b7","geometry":{"type":"MultiPolygon","coordinates":[[[[-38.43990654,-3.76461009],[-38.43945361,-3.76435888],[-38.43906011,-3.76505496],[-38.4394627,-3.76529251],[-38.43949178,-3.76523807],[-38.43958862,-3.76518562],[-38.43990654,-3.76461009]]]]},"geometry_name":"the_geom","properties":{"id":214,"nome":"Areninha da Praia do Futuro II","nome_pop":"sem informa\u00e7\u00e3o","fonte":"URBIFOR","anoref":2019,"epsg_codif":"EPSG: 31984 (SIRGAS 2000 - UTM 24S); Codifica\u00e7\u00e3o: UTF-8","bairro":"Praia do Futuro II","cod_bairro":114,"area m2":5091.63}},{"type":"Feature","id":"vw_PracasFortaleza.fid--266d38e4_18dcc52846e_-54b6","geometry":{"type":"MultiPolygon","coordinates":[[[[-38.46646435,-3.70842453],[-38.46615486,-3.70826028],[-38.46612875,-3.70824714],[-38.4660927,-3.70824249],[-38.4660535,-3.7082484],[-38.46603502,-3.70826867],[-38.46642868,-3.70848293],[-38.46646435,-3.70842453]]]]},"geometry_name":"the_geom","properties":{"id":215,"nome":"Associa\u00e7\u00e3o dos Moradores do Tit\u00e3zinho\/Serviluz","nome_pop":"sem informa\u00e7\u00e3o","fonte":"URBIFOR","anoref":2019,"epsg_codif":"EPSG: 31984 (SIRGAS 2000 - UTM 24S); Codifica\u00e7\u00e3o: UTF-8","bairro":"Cais do Porto","cod_bairro":110,"area m2":347.65}},{"type":"Feature","id":"vw_PracasFortaleza.fid--266d38e4_18dcc52846e_-54b5","geometry":{"type":"MultiPolygon","coordinates":[[[[-38.47163917,-3.74847757],[-38.4716371,-3.74844052],[-38.47161224,-3.74842622],[-38.47055582,-3.74876835],[-38.47054018,-3.74878357],[-38.47053504,-3.74882364],[-38.47056444,-3.74886048],[-38.47060315,-3.74888891],[-38.47064539,-3.74889594],[-38.47159998,-3.74858652],[-38.4716312,-3.74855691],[-38.47164014,-3.74851599],[-38.47163917,-3.74847757]]]]},"geometry_name":"the_geom","properties":{"id":216,"nome":"Pra\u00e7a 1 da Cidade 2000","nome_pop":"sem informa\u00e7\u00e3o","fonte":"URBIFOR","anoref":2019,"epsg_codif":"EPSG: 31984 (SIRGAS 2000 - UTM 24S); Codifica\u00e7\u00e3o: UTF-8","bairro":"Cidade 2000","cod_bairro":111,"area m2":2052.26}},{"type":"Feature","id":"vw_PracasFortaleza.fid--266d38e4_18dcc52846e_-54b4","geometry":{"type":"MultiPolygon","coordinates":[[[[-38.47792596,-3.73032661],[-38.47785686,-3.73021561],[-38.47782637,-3.73020809],[-38.47765586,-3.73043016],[-38.47792647,-3.73036022],[-38.47792596,-3.73032661]]]]},"geometry_name":"the_geom","properties":{"id":217,"nome":"Pra\u00e7a Alan Neto","nome_pop":"sem informa\u00e7\u00e3o","fonte":"URBIFOR","anoref":2019,"epsg_codif":"EPSG: 31984 (SIRGAS 2000 - UTM 24S); Codifica\u00e7\u00e3o: UTF-8","bairro":"Vicente Pinzon","cod_bairro":37,"area m2":333.63}},{"type":"Feature","id":"vw_PracasFortaleza.fid--266d38e4_18dcc52846e_-54b3","geometry":{"type":"MultiPolygon","coordinates":[[[[-38.47393268,-3.71311751],[-38.47370784,-3.71265555],[-38.47367434,-3.71264246],[-38.47301038,-3.71288356],[-38.47300346,-3.71291061],[-38.47327048,-3.71356116],[-38.473324,-3.71356801],[-38.4739263,-3.71316802],[-38.47393268,-3.71311751]]]]},"geometry_name":"the_geom","properties":{"id":218,"nome":"Pra\u00e7a Amigos da Marinha","nome_pop":"sem informa\u00e7\u00e3o","fonte":"URBIFOR","anoref":2019,"epsg_codif":"EPSG: 31984 (SIRGAS 2000 - UTM 24S); Codifica\u00e7\u00e3o: UTF-8","bairro":"Cais do Porto","cod_bairro":110,"area m2":6278.43}},{"type":"Feature","id":"vw_PracasFortaleza.fid--266d38e4_18dcc52846e_-54b2","geometry":{"type":"MultiPolygon","coordinates":[[[[-38.50330951,-3.72478472],[-38.50325021,-3.72464523],[-38.50320832,-3.72462852],[-38.50188008,-3.72525195],[-38.50188422,-3.72527369],[-38.50330951,-3.72478472]]]]},"geometry_name":"the_geom","properties":{"id":219,"nome":"Pra\u00e7a Ant\u00f4nio Prudente","nome_pop":"sem informa\u00e7\u00e3o","fonte":"URBIFOR","anoref":2019,"epsg_codif":"EPSG: 31984 (SIRGAS 2000 - UTM 24S); Codifica\u00e7\u00e3o: UTF-8","bairro":"Meireles","cod_bairro":24,"area m2":1894.17}},{"type":"Feature","id":"vw_PracasFortaleza.fid--266d38e4_18dcc52846e_-54b1","geometry":{"type":"MultiPolygon","coordinates":[[[[-38.49482252,-3.76949642],[-38.49465599,-3.76954433],[-38.49463355,-3.76959704],[-38.49475939,-3.76997146],[-38.49495055,-3.76990975],[-38.49482252,-3.76949642]]]]},"geometry_name":"the_geom","properties":{"id":220,"nome":"Pra\u00e7a \u00c1rbitro Iran do Vale","nome_pop":"sem informa\u00e7\u00e3o","fonte":"URBIFOR","anoref":2019,"epsg_codif":"EPSG: 31984 (SIRGAS 2000 - UTM 24S); Codifica\u00e7\u00e3o: UTF-8","bairro":"Luciano Cavalcante","cod_bairro":58,"area m2":1093.42}},{"type":"Feature","id":"vw_PracasFortaleza.fid--266d38e4_18dcc52846e_-54b0","geometry":{"type":"MultiPolygon","coordinates":[[[[-38.46864159,-3.75208196],[-38.46837569,-3.75216227],[-38.46848732,-3.75253225],[-38.46863416,-3.7522232],[-38.46864159,-3.75208196]]]]},"geometry_name":"the_geom","properties":{"id":243,"nome":"Pra\u00e7a Edvar Martins","nome_pop":"sem informa\u00e7\u00e3o","fonte":"URBIFOR","anoref":2019,"epsg_codif":"EPSG: 31984 (SIRGAS 2000 - UTM 24S); Codifica\u00e7\u00e3o: UTF-8","bairro":"Cidade 2000","cod_bairro":111,"area m2":772.55}},{"type":"Feature","id":"vw_PracasFortaleza.fid--266d38e4_18dcc52846e_-54af","geometry":{"type":"MultiPolygon","coordinates":[[[[-38.49386262,-3.76981677],[-38.49375232,-3.76984868],[-38.49374094,-3.76988065],[-38.49386578,-3.77025416],[-38.49389305,-3.77027017],[-38.4940079,-3.77023255],[-38.49401701,-3.77020058],[-38.49388762,-3.76983049],[-38.49386262,-3.76981677]]]]},"geometry_name":"the_geom","properties":{"id":221,"nome":"Pra\u00e7a Fot\u00f3grafo Josu\u00e9 de Castro","nome_pop":"sem informa\u00e7\u00e3o","fonte":"URBIFOR","anoref":2019,"epsg_codif":"EPSG: 31984 (SIRGAS 2000 - UTM 24S); Codifica\u00e7\u00e3o: UTF-8","bairro":"Luciano Cavalcante","cod_bairro":58,"area m2":845.06}},{"type":"Feature","id":"vw_PracasFortaleza.fid--266d38e4_18dcc52846e_-54ae","geometry":{"type":"MultiPolygon","coordinates":[[[[-38.47344204,-3.75008248],[-38.47334006,-3.75011062],[-38.47339315,-3.75029174],[-38.47349512,-3.7502636],[-38.47344204,-3.75008248]]]]},"geometry_name":"the_geom","properties":{"id":267,"nome":"Pra\u00e7a Quadra 33","nome_pop":"sem informa\u00e7\u00e3o","fonte":"URBIFOR","anoref":2019,"epsg_codif":"EPSG: 31984 (SIRGAS 2000 - UTM 24S); Codifica\u00e7\u00e3o: UTF-8","bairro":"Cidade 2000","cod_bairro":111,"area m2":245.23}},{"type":"Feature","id":"vw_PracasFortaleza.fid--266d38e4_18dcc52846e_-54ad","geometry":{"type":"MultiPolygon","coordinates":[[[[-38.47378368,-3.72844306],[-38.47345626,-3.72830697],[-38.47343904,-3.72835249],[-38.47342395,-3.72841126],[-38.47342567,-3.72847867],[-38.47346303,-3.72853691],[-38.47351386,-3.72857945],[-38.47359082,-3.72859851],[-38.47367231,-3.72857331],[-38.47372479,-3.72854066],[-38.47376418,-3.72850106],[-38.47378368,-3.72844306]]]]},"geometry_name":"the_geom","properties":{"id":222,"nome":"Pra\u00e7a Areia Branca","nome_pop":"sem informa\u00e7\u00e3o","fonte":"URBIFOR","anoref":2019,"epsg_codif":"EPSG: 31984 (SIRGAS 2000 - UTM 24S); Codifica\u00e7\u00e3o: UTF-8","bairro":"Vicente Pinzon","cod_bairro":37,"area m2":809.56}},{"type":"Feature","id":"vw_PracasFortaleza.fid--266d38e4_18dcc52846e_-54ac","geometry":{"type":"MultiPolygon","coordinates":[[[[-38.51447834,-3.73695793],[-38.5144901,-3.73693551],[-38.51444866,-3.73682808],[-38.51442463,-3.73682096],[-38.51382256,-3.73702387],[-38.51380022,-3.73704816],[-38.51337071,-3.73720559],[-38.51340607,-3.73732327],[-38.51447834,-3.73695793]]]]},"geometry_name":"the_geom","properties":{"id":224,"nome":"Pra\u00e7a B\u00e1rbara de Alencar","nome_pop":"sem informa\u00e7\u00e3o","fonte":"URBIFOR","anoref":2019,"epsg_codif":"EPSG: 31984 (SIRGAS 2000 - UTM 24S); Codifica\u00e7\u00e3o: UTF-8","bairro":"Aldeota","cod_bairro":2,"area m2":1965.55}},{"type":"Feature","id":"vw_PracasFortaleza.fid--266d38e4_18dcc52846e_-54ab","geometry":{"type":"MultiPolygon","coordinates":[[[[-38.47127412,-3.74879209],[-38.47118288,-3.74882197],[-38.47116661,-3.74892571],[-38.47142671,-3.74973763],[-38.47157657,-3.74968509],[-38.47133715,-3.74887091],[-38.47127412,-3.74879209]]]]},"geometry_name":"the_geom","properties":{"id":225,"nome":"Pra\u00e7a Central","nome_pop":"sem informa\u00e7\u00e3o","fonte":"URBIFOR","anoref":2019,"epsg_codif":"EPSG: 31984 (SIRGAS 2000 - UTM 24S); Codifica\u00e7\u00e3o: UTF-8","bairro":"Cidade 2000","cod_bairro":111,"area m2":1923.5}},{"type":"Feature","id":"vw_PracasFortaleza.fid--266d38e4_18dcc52846e_-54aa","geometry":{"type":"MultiPolygon","coordinates":[[[[-38.47878536,-3.72378765],[-38.47841357,-3.72393294],[-38.47846178,-3.72406384],[-38.47883903,-3.7239213],[-38.47878536,-3.72378765]]]]},"geometry_name":"the_geom","properties":{"id":226,"nome":"Pra\u00e7a Cidade Baixa Mucuripe","nome_pop":"sem informa\u00e7\u00e3o","fonte":"URBIFOR","anoref":2019,"epsg_codif":"EPSG: 31984 (SIRGAS 2000 - UTM 24S); Codifica\u00e7\u00e3o: UTF-8","bairro":"Vicente Pinzon","cod_bairro":37,"area m2":698.59}},{"type":"Feature","id":"vw_PracasFortaleza.fid--266d38e4_18dcc52846e_-54a9","geometry":{"type":"MultiPolygon","coordinates":[[[[-38.46454099,-3.71802523],[-38.46466167,-3.71778102],[-38.4646473,-3.71776228],[-38.46467355,-3.71770854],[-38.46451522,-3.71763168],[-38.46436153,-3.71793176],[-38.46437169,-3.71796144],[-38.46451195,-3.71802968],[-38.46454099,-3.71802523]]]]},"geometry_name":"the_geom","properties":{"id":227,"nome":"Pra\u00e7a S\u00e3o Francisco","nome_pop":"sem informa\u00e7\u00e3o","fonte":"URBIFOR","anoref":2019,"epsg_codif":"EPSG: 31984 (SIRGAS 2000 - UTM 24S); Codifica\u00e7\u00e3o: UTF-8","bairro":"Cais do Porto","cod_bairro":110,"area m2":860.55}},{"type":"Feature","id":"vw_PracasFortaleza.fid--266d38e4_18dcc52846e_-54a8","geometry":{"type":"MultiPolygon","coordinates":[[[[-38.47304715,-3.72885216],[-38.47295166,-3.72870953],[-38.47286932,-3.72886799],[-38.47304715,-3.72885216]]]]},"geometry_name":"the_geom","properties":{"id":228,"nome":"Pra\u00e7a Dolor Barreira","nome_pop":"sem informa\u00e7\u00e3o","fonte":"URBIFOR","anoref":2019,"epsg_codif":"EPSG: 31984 (SIRGAS 2000 - UTM 24S); Codifica\u00e7\u00e3o: UTF-8","bairro":"Vicente Pinzon","cod_bairro":37,"area m2":165.06}},{"type":"Feature","id":"vw_PracasFortaleza.fid--266d38e4_18dcc52846e_-54a7","geometry":{"type":"MultiPolygon","coordinates":[[[[-38.47281549,-3.72931092],[-38.47272168,-3.72917694],[-38.47264919,-3.72931724],[-38.47281549,-3.72931092]]]]},"geometry_name":"the_geom","properties":{"id":229,"nome":"Pra\u00e7a da Cioba","nome_pop":"sem informa\u00e7\u00e3o","fonte":"URBIFOR","anoref":2019,"epsg_codif":"EPSG: 31984 (SIRGAS 2000 - UTM 24S); Codifica\u00e7\u00e3o: UTF-8","bairro":"Vicente Pinzon","cod_bairro":37,"area m2":140.49}},{"type":"Feature","id":"vw_PracasFortaleza.fid--266d38e4_18dcc52846e_-54a6","geometry":{"type":"MultiPolygon","coordinates":[[[[-38.48112244,-3.72519907],[-38.48106309,-3.72510151],[-38.4810381,-3.72508979],[-38.48093225,-3.72514373],[-38.48092829,-3.72517165],[-38.48103899,-3.72536565],[-38.4810349,-3.72547405],[-38.48123856,-3.72537614],[-38.4811521,-3.72518364],[-38.48112244,-3.72519907]]]]},"geometry_name":"the_geom","properties":{"id":230,"nome":"Pra\u00e7a Cirenio Cordeiro","nome_pop":"sem informa\u00e7\u00e3o","fonte":"URBIFOR","anoref":2019,"epsg_codif":"EPSG: 31984 (SIRGAS 2000 - UTM 24S); Codifica\u00e7\u00e3o: UTF-8","bairro":"Mucuripe","cod_bairro":26,"area m2":742.31}},{"type":"Feature","id":"vw_PracasFortaleza.fid--266d38e4_18dcc52846e_-54a5","geometry":{"type":"MultiPolygon","coordinates":[[[[-38.47634324,-3.7241942],[-38.47631442,-3.72422012],[-38.47636256,-3.72428038],[-38.47636543,-3.72434614],[-38.47632006,-3.72443991],[-38.47601232,-3.72502093],[-38.47603992,-3.72506153],[-38.47633567,-3.72497742],[-38.47643016,-3.72497654],[-38.47647443,-3.72495329],[-38.47648835,-3.72491438],[-38.47650504,-3.72486151],[-38.47660654,-3.72470039],[-38.4766541,-3.72466369],[-38.47657227,-3.72449242],[-38.47647246,-3.72433343],[-38.47639379,-3.72423422],[-38.47634324,-3.7241942]]]]},"geometry_name":"the_geom","properties":{"id":231,"nome":"Pra\u00e7a da \u00c1rea Triangular","nome_pop":"sem informa\u00e7\u00e3o","fonte":"URBIFOR","anoref":2019,"epsg_codif":"EPSG: 31984 (SIRGAS 2000 - UTM 24S); Codifica\u00e7\u00e3o: UTF-8","bairro":"Vicente Pinzon","cod_bairro":37,"area m2":3040.16}},{"type":"Feature","id":"vw_PracasFortaleza.fid--266d38e4_18dcc52846e_-54a4","geometry":{"type":"MultiPolygon","coordinates":[[[[-38.5024142,-3.74552795],[-38.50236748,-3.74551498],[-38.50155165,-3.74576756],[-38.50152911,-3.74580306],[-38.50173689,-3.74652959],[-38.50178115,-3.74655725],[-38.50260374,-3.74629609],[-38.50261791,-3.74624976],[-38.5024142,-3.74552795]]]]},"geometry_name":"the_geom","properties":{"id":233,"nome":"Pra\u00e7a da Imprensa","nome_pop":"sem informa\u00e7\u00e3o","fonte":"URBIFOR","anoref":2019,"epsg_codif":"EPSG: 31984 (SIRGAS 2000 - UTM 24S); Codifica\u00e7\u00e3o: UTF-8","bairro":"Dion\u00edsio Torres","cod_bairro":14,"area m2":9285.68}},{"type":"Feature","id":"vw_PracasFortaleza.fid--266d38e4_18dcc52846e_-54a3","geometry":{"type":"MultiPolygon","coordinates":[[[[-38.47179998,-3.72858395],[-38.47253154,-3.72896834],[-38.47293664,-3.72819804],[-38.47179998,-3.72858395]]]]},"geometry_name":"the_geom","properties":{"id":236,"nome":"Pra\u00e7a do CEU","nome_pop":"sem informa\u00e7\u00e3o","fonte":"URBIFOR","anoref":2019,"epsg_codif":"EPSG: 31984 (SIRGAS 2000 - UTM 24S); Codifica\u00e7\u00e3o: UTF-8","bairro":"Vicente Pinzon","cod_bairro":37,"area m2":4417.47}},{"type":"Feature","id":"vw_PracasFortaleza.fid--266d38e4_18dcc52846e_-54a2","geometry":{"type":"MultiPolygon","coordinates":[[[[-38.51573416,-3.73699043],[-38.51568291,-3.73697273],[-38.51477414,-3.73729372],[-38.51471255,-3.73736218],[-38.51515875,-3.73859371],[-38.51522136,-3.73863093],[-38.51612549,-3.73834424],[-38.51614753,-3.73831156],[-38.51573416,-3.73699043]]]]},"geometry_name":"the_geom","properties":{"id":237,"nome":"Pra\u00e7a do Gin\u00e1sio Paulo Sarasate","nome_pop":"sem informa\u00e7\u00e3o","fonte":"URBIFOR","anoref":2019,"epsg_codif":"EPSG: 31984 (SIRGAS 2000 - UTM 24S); Codifica\u00e7\u00e3o: UTF-8","bairro":"Aldeota","cod_bairro":2,"area m2":18451.33}},{"type":"Feature","id":"vw_PracasFortaleza.fid--266d38e4_18dcc52846e_-54a1","geometry":{"type":"MultiPolygon","coordinates":[[[[-38.51710119,-3.75304341],[-38.51711242,-3.75296161],[-38.51707741,-3.75292069],[-38.51716112,-3.75244598],[-38.51722653,-3.75242199],[-38.51723392,-3.75237563],[-38.51720539,-3.75234242],[-38.51621769,-3.752232],[-38.51619337,-3.75224588],[-38.51604927,-3.75292448],[-38.51607606,-3.75295696],[-38.51629282,-3.75297238],[-38.51632156,-3.75294556],[-38.51692308,-3.75302035],[-38.51694499,-3.75305555],[-38.51705504,-3.75307213],[-38.51710119,-3.75304341]]]]},"geometry_name":"the_geom","properties":{"id":238,"nome":"Pra\u00e7a do Mercado do Joaquim T\u00e1vora","nome_pop":"sem informa\u00e7\u00e3o","fonte":"URBIFOR","anoref":2019,"epsg_codif":"EPSG: 31984 (SIRGAS 2000 - UTM 24S); Codifica\u00e7\u00e3o: UTF-8","bairro":"Joaquim T\u00e1vora","cod_bairro":22,"area m2":8899.99}},{"type":"Feature","id":"vw_PracasFortaleza.fid--266d38e4_18dcc52846e_-54a0","geometry":{"type":"MultiPolygon","coordinates":[[[[-38.48409107,-3.72905965],[-38.48386942,-3.7291219],[-38.48386371,-3.7291606],[-38.48406015,-3.72939774],[-38.48423275,-3.72927725],[-38.48409107,-3.72905965]]]]},"geometry_name":"the_geom","properties":{"id":239,"nome":"Pra\u00e7a do Riacho Macei\u00f3","nome_pop":"sem informa\u00e7\u00e3o","fonte":"URBIFOR","anoref":2019,"epsg_codif":"EPSG: 31984 (SIRGAS 2000 - UTM 24S); Codifica\u00e7\u00e3o: UTF-8","bairro":"Mucuripe","cod_bairro":26,"area m2":838.96}},{"type":"Feature","id":"vw_PracasFortaleza.fid--266d38e4_18dcc52846e_-549f","geometry":{"type":"MultiPolygon","coordinates":[[[[-38.48691498,-3.74360763],[-38.48690749,-3.7435857],[-38.48690234,-3.7435632],[-38.48689398,-3.74352904],[-38.48690482,-3.74348225],[-38.48690104,-3.74346124],[-38.48688849,-3.74345187],[-38.48687427,-3.74345182],[-38.48662385,-3.74351375],[-38.48662338,-3.74352308],[-38.48691498,-3.74360763]]]]},"geometry_name":"the_geom","properties":{"id":240,"nome":"Pra\u00e7a dos Engenheiros","nome_pop":"sem informa\u00e7\u00e3o","fonte":"URBIFOR","anoref":2019,"epsg_codif":"EPSG: 31984 (SIRGAS 2000 - UTM 24S); Codifica\u00e7\u00e3o: UTF-8","bairro":"Coc\u00f3","cod_bairro":11,"area m2":285.8}},{"type":"Feature","id":"vw_PracasFortaleza.fid--266d38e4_18dcc52846e_-549e","geometry":{"type":"MultiPolygon","coordinates":[[[[-38.49450844,-3.72763354],[-38.49519712,-3.72742115],[-38.49521434,-3.7273859],[-38.49436352,-3.7272569],[-38.49450844,-3.72763354]]]]},"geometry_name":"the_geom","properties":{"id":242,"nome":"Pra\u00e7a Dr. Moreira da Rocha","nome_pop":"sem informa\u00e7\u00e3o","fonte":"URBIFOR","anoref":2019,"epsg_codif":"EPSG: 31984 (SIRGAS 2000 - UTM 24S); Codifica\u00e7\u00e3o: UTF-8","bairro":"Meireles","cod_bairro":24,"area m2":1980}},{"type":"Feature","id":"vw_PracasFortaleza.fid--266d38e4_18dcc52846e_-549d","geometry":{"type":"MultiPolygon","coordinates":[[[[-38.48997267,-3.7779906],[-38.48977358,-3.77727872],[-38.48893915,-3.77752223],[-38.4889616,-3.77806799],[-38.48901108,-3.77910178],[-38.48908941,-3.77906229],[-38.48931866,-3.77859718],[-38.48947687,-3.77840762],[-38.48974859,-3.77814739],[-38.48997267,-3.7779906]]]]},"geometry_name":"the_geom","properties":{"id":244,"nome":"Pra\u00e7a Eng. Jos\u00e9 Waldez Botelho","nome_pop":"sem informa\u00e7\u00e3o","fonte":"URBIFOR","anoref":2019,"epsg_codif":"EPSG: 31984 (SIRGAS 2000 - UTM 24S); Codifica\u00e7\u00e3o: UTF-8","bairro":"Luciano Cavalcante","cod_bairro":58,"area m2":12806.96}},{"type":"Feature","id":"vw_PracasFortaleza.fid--266d38e4_18dcc52846e_-549c","geometry":{"type":"MultiPolygon","coordinates":[[[[-38.4721933,-3.74725904],[-38.47221327,-3.7472262],[-38.47218227,-3.74711696],[-38.47212706,-3.74708865],[-38.472089,-3.74695578],[-38.47211724,-3.74690353],[-38.47201605,-3.74658051],[-38.47198114,-3.74656153],[-38.47136078,-3.74675571],[-38.47133451,-3.74681031],[-38.47054139,-3.74705082],[-38.470498,-3.74703051],[-38.47029047,-3.7470997],[-38.47025672,-3.74714337],[-38.47046912,-3.74777516],[-38.47050318,-3.74779315],[-38.4709105,-3.74767192],[-38.47093364,-3.74761941],[-38.47144651,-3.7474526],[-38.47148634,-3.74748063],[-38.4721933,-3.74725904]]]]},"geometry_name":"the_geom","properties":{"id":245,"nome":"Pra\u00e7a Eng. Pedro Felipe Borges","nome_pop":"sem informa\u00e7\u00e3o","fonte":"URBIFOR","anoref":2019,"epsg_codif":"EPSG: 31984 (SIRGAS 2000 - UTM 24S); Codifica\u00e7\u00e3o: UTF-8","bairro":"Coc\u00f3","cod_bairro":11,"area m2":15695.62}},{"type":"Feature","id":"vw_PracasFortaleza.fid--266d38e4_18dcc52846e_-549b","geometry":{"type":"MultiPolygon","coordinates":[[[[-38.4718223,-3.73903743],[-38.47175606,-3.73900336],[-38.47166703,-3.7386808],[-38.47172362,-3.73869384],[-38.47169245,-3.73857449],[-38.47163881,-3.73855493],[-38.47109398,-3.73873186],[-38.47107911,-3.7387669],[-38.47149409,-3.74003083],[-38.47153077,-3.74005077],[-38.47178668,-3.73991191],[-38.47206759,-3.73988036],[-38.47209587,-3.73984515],[-38.4720645,-3.73974635],[-38.47198879,-3.73970769],[-38.47191575,-3.73945577],[-38.47197521,-3.73946652],[-38.4718223,-3.73903743]]]]},"geometry_name":"the_geom","properties":{"id":246,"nome":"Pra\u00e7a Estrigas e Nice","nome_pop":"sem informa\u00e7\u00e3o","fonte":"URBIFOR","anoref":2019,"epsg_codif":"EPSG: 31984 (SIRGAS 2000 - UTM 24S); Codifica\u00e7\u00e3o: UTF-8","bairro":"Papicu","cod_bairro":27,"area m2":10135.66}},{"type":"Feature","id":"vw_PracasFortaleza.fid--266d38e4_18dcc52846e_-549a","geometry":{"type":"MultiPolygon","coordinates":[[[[-38.47039409,-3.74779848],[-38.47018634,-3.7471569],[-38.4701546,-3.747141],[-38.47001003,-3.74718101],[-38.46998036,-3.74723536],[-38.46938372,-3.74742753],[-38.46932891,-3.74740414],[-38.46926744,-3.74742494],[-38.46923878,-3.74747825],[-38.46862881,-3.74767513],[-38.4685859,-3.7476484],[-38.46844142,-3.74769911],[-38.46843148,-3.74771487],[-38.46864079,-3.7483808],[-38.46866276,-3.74839132],[-38.46884686,-3.74833592],[-38.4688804,-3.74828313],[-38.4694406,-3.74809708],[-38.46949469,-3.74812297],[-38.46955388,-3.74810321],[-38.46958605,-3.74804966],[-38.47019057,-3.74785075],[-38.47023852,-3.74788397],[-38.47038816,-3.74782982],[-38.47039409,-3.74779848]]]]},"geometry_name":"the_geom","properties":{"id":247,"nome":"Pra\u00e7a Francisco","nome_pop":"sem informa\u00e7\u00e3o","fonte":"URBIFOR","anoref":2019,"epsg_codif":"EPSG: 31984 (SIRGAS 2000 - UTM 24S); Codifica\u00e7\u00e3o: UTF-8","bairro":"Coc\u00f3","cod_bairro":11,"area m2":15282.18}},{"type":"Feature","id":"vw_PracasFortaleza.fid--266d38e4_18dcc52846e_-5499","geometry":{"type":"MultiPolygon","coordinates":[[[[-38.47095505,-3.75349552],[-38.47090458,-3.75332931],[-38.47082142,-3.75335585],[-38.4708698,-3.7535229],[-38.47095505,-3.75349552]]]]},"geometry_name":"the_geom","properties":{"id":248,"nome":"Pra\u00e7a GID 37 (sem denomina\u00e7\u00e3o oficial)","nome_pop":"sem informa\u00e7\u00e3o","fonte":"URBIFOR","anoref":2019,"epsg_codif":"EPSG: 31984 (SIRGAS 2000 - UTM 24S); Codifica\u00e7\u00e3o: UTF-8","bairro":"Cidade 2000","cod_bairro":111,"area m2":188.73}},{"type":"Feature","id":"vw_PracasFortaleza.fid--266d38e4_18dcc52846e_-5498","geometry":{"type":"MultiPolygon","coordinates":[[[[-38.50487828,-3.7230976],[-38.50533022,-3.72289646],[-38.50528446,-3.72277417],[-38.50522458,-3.72273423],[-38.50481846,-3.72286737],[-38.50480171,-3.72290404],[-38.50487828,-3.7230976]]]]},"geometry_name":"the_geom","properties":{"id":249,"nome":"Pra\u00e7a do Ideal Club","nome_pop":"sem informa\u00e7\u00e3o","fonte":"URBIFOR","anoref":2019,"epsg_codif":"EPSG: 31984 (SIRGAS 2000 - UTM 24S); Codifica\u00e7\u00e3o: UTF-8","bairro":"Meireles","cod_bairro":24,"area m2":1274.96}},{"type":"Feature","id":"vw_PracasFortaleza.fid--266d38e4_18dcc52846e_-5497","geometry":{"type":"MultiPolygon","coordinates":[[[[-38.49341567,-3.74754093],[-38.49338234,-3.74791622],[-38.49323989,-3.74807056],[-38.49296603,-3.74825915],[-38.49303005,-3.748311],[-38.49353779,-3.74815795],[-38.49356444,-3.74810982],[-38.49341567,-3.74754093]]]]},"geometry_name":"the_geom","properties":{"id":250,"nome":"Pra\u00e7a do Guararapes","nome_pop":"sem informa\u00e7\u00e3o","fonte":"URBIFOR","anoref":2019,"epsg_codif":"EPSG: 31984 (SIRGAS 2000 - UTM 24S); Codifica\u00e7\u00e3o: UTF-8","bairro":"Dion\u00edsio Torres","cod_bairro":14,"area m2":1617.59}},{"type":"Feature","id":"vw_PracasFortaleza.fid--266d38e4_18dcc52846e_-5496","geometry":{"type":"MultiPolygon","coordinates":[[[[-38.47559519,-3.72522853],[-38.47527986,-3.72529689],[-38.47504923,-3.72528461],[-38.47504231,-3.72530456],[-38.47520378,-3.72541833],[-38.47530561,-3.72557286],[-38.47540075,-3.72537593],[-38.47560554,-3.72526585],[-38.47559519,-3.72522853]]]]},"geometry_name":"the_geom","properties":{"id":251,"nome":"Tri\u00e2ngulo do Mirante","nome_pop":"sem informa\u00e7\u00e3o","fonte":"URBIFOR","anoref":2019,"epsg_codif":"EPSG: 31984 (SIRGAS 2000 - UTM 24S); Codifica\u00e7\u00e3o: UTF-8","bairro":"Vicente Pinzon","cod_bairro":37,"area m2":800.72}},{"type":"Feature","id":"vw_PracasFortaleza.fid--266d38e4_18dcc52846e_-5495","geometry":{"type":"MultiPolygon","coordinates":[[[[-38.51582229,-3.71889865],[-38.51561199,-3.71896099],[-38.5157439,-3.71938103],[-38.51595571,-3.71933945],[-38.51582229,-3.71889865]]]]},"geometry_name":"the_geom","properties":{"id":252,"nome":"Pra\u00e7a dos Trememb\u00e9s","nome_pop":"sem informa\u00e7\u00e3o","fonte":"URBIFOR","anoref":2019,"epsg_codif":"EPSG: 31984 (SIRGAS 2000 - UTM 24S); Codifica\u00e7\u00e3o: UTF-8","bairro":"Praia de iracema","cod_bairro":32,"area m2":1200.57}},{"type":"Feature","id":"vw_PracasFortaleza.fid--266d38e4_18dcc52846e_-5494","geometry":{"type":"MultiPolygon","coordinates":[[[[-38.47253482,-3.72775059],[-38.47190273,-3.72743594],[-38.47187351,-3.72748453],[-38.47201937,-3.72793063],[-38.47253482,-3.72775059]]]]},"geometry_name":"the_geom","properties":{"id":253,"nome":"Sem Denomina\u00e7\u00e3o Oficial - GID 48","nome_pop":"sem informa\u00e7\u00e3o","fonte":"URBIFOR","anoref":2019,"epsg_codif":"EPSG: 31984 (SIRGAS 2000 - UTM 24S); Codifica\u00e7\u00e3o: UTF-8","bairro":"Vicente Pinzon","cod_bairro":37,"area m2":1818.66}},{"type":"Feature","id":"vw_PracasFortaleza.fid--266d38e4_18dcc52846e_-5493","geometry":{"type":"MultiPolygon","coordinates":[[[[-38.49304151,-3.77010534],[-38.49285617,-3.77016347],[-38.49298326,-3.77057239],[-38.49317202,-3.77051083],[-38.49304151,-3.77010534]]]]},"geometry_name":"the_geom","properties":{"id":254,"nome":"Sem Denomina\u00e7\u00e3o Oficial - GID 77","nome_pop":"sem informa\u00e7\u00e3o","fonte":"URBIFOR","anoref":2019,"epsg_codif":"EPSG: 31984 (SIRGAS 2000 - UTM 24S); Codifica\u00e7\u00e3o: UTF-8","bairro":"Luciano Cavalcante","cod_bairro":58,"area m2":1030.25}},{"type":"Feature","id":"vw_PracasFortaleza.fid--266d38e4_18dcc52846e_-5492","geometry":{"type":"MultiPolygon","coordinates":[[[[-38.47254476,-3.72970026],[-38.47246523,-3.72969313],[-38.47242068,-3.72979056],[-38.47261806,-3.72983676],[-38.47254476,-3.72970026]]]]},"geometry_name":"the_geom","properties":{"id":255,"nome":"Sem Denomina\u00e7\u00e3o Oficial - GID 104","nome_pop":"sem informa\u00e7\u00e3o","fonte":"URBIFOR","anoref":2019,"epsg_codif":"EPSG: 31984 (SIRGAS 2000 - UTM 24S); Codifica\u00e7\u00e3o: UTF-8","bairro":"Vicente Pinzon","cod_bairro":37,"area m2":194.23}},{"type":"Feature","id":"vw_PracasFortaleza.fid--266d38e4_18dcc52846e_-5491","geometry":{"type":"MultiPolygon","coordinates":[[[[-38.51501717,-3.76122989],[-38.51491239,-3.76120105],[-38.51483083,-3.76120818],[-38.51480568,-3.76123181],[-38.51482205,-3.7615058],[-38.51483166,-3.76156616],[-38.51484622,-3.7615935],[-38.51502469,-3.76159281],[-38.51504411,-3.76156827],[-38.51504019,-3.76125104],[-38.51501717,-3.76122989]]]]},"geometry_name":"the_geom","properties":{"id":257,"nome":"Pra\u00e7a S\u00e3o Francisco","nome_pop":"sem informa\u00e7\u00e3o","fonte":"URBIFOR","anoref":2019,"epsg_codif":"EPSG: 31984 (SIRGAS 2000 - UTM 24S); Codifica\u00e7\u00e3o: UTF-8","bairro":"S\u00e3o Jo\u00e3o do Tauape","cod_bairro":35,"area m2":1041.93}},{"type":"Feature","id":"vw_PracasFortaleza.fid--266d38e4_18dcc52846e_-5490","geometry":{"type":"MultiPolygon","coordinates":[[[[-38.50054954,-3.77504169],[-38.50023568,-3.77528776],[-38.50034931,-3.77561323],[-38.50067477,-3.77549322],[-38.50070691,-3.77542728],[-38.50060499,-3.7750344],[-38.50054954,-3.77504169]]]]},"geometry_name":"the_geom","properties":{"id":258,"nome":"Sem Denomina\u00e7\u00e3o Oficial - GID 326","nome_pop":"sem informa\u00e7\u00e3o","fonte":"URBIFOR","anoref":2019,"epsg_codif":"EPSG: 31984 (SIRGAS 2000 - UTM 24S); Codifica\u00e7\u00e3o: UTF-8","bairro":"Luciano Cavalcante","cod_bairro":58,"area m2":2072.14}},{"type":"Feature","id":"vw_PracasFortaleza.fid--266d38e4_18dcc52846e_-548f","geometry":{"type":"MultiPolygon","coordinates":[[[[-38.46970776,-3.74955178],[-38.4696445,-3.74937823],[-38.46955886,-3.74940449],[-38.46961801,-3.74958259],[-38.46970776,-3.74955178]]]]},"geometry_name":"the_geom","properties":{"id":259,"nome":"Pra\u00e7a Rosa Jr.","nome_pop":"sem informa\u00e7\u00e3o","fonte":"URBIFOR","anoref":2019,"epsg_codif":"EPSG: 31984 (SIRGAS 2000 - UTM 24S); Codifica\u00e7\u00e3o: UTF-8","bairro":"Cidade 2000","cod_bairro":111,"area m2":210.84}},{"type":"Feature","id":"vw_PracasFortaleza.fid--266d38e4_18dcc52846e_-548e","geometry":{"type":"MultiPolygon","coordinates":[[[[-38.49918942,-3.74903944],[-38.4991494,-3.74902654],[-38.49886687,-3.74923622],[-38.4988538,-3.74928526],[-38.49906577,-3.74995303],[-38.49909844,-3.74997619],[-38.49945521,-3.75001739],[-38.49949454,-3.74998219],[-38.49918942,-3.74903944]]]]},"geometry_name":"the_geom","properties":{"id":260,"nome":"Pra\u00e7a Rog\u00e9rio de Sousa Froes","nome_pop":"sem informa\u00e7\u00e3o","fonte":"URBIFOR","anoref":2019,"epsg_codif":"EPSG: 31984 (SIRGAS 2000 - UTM 24S); Codifica\u00e7\u00e3o: UTF-8","bairro":"Dion\u00edsio Torres","cod_bairro":14,"area m2":4421.99}},{"type":"Feature","id":"vw_PracasFortaleza.fid--266d38e4_18dcc52846e_-548d","geometry":{"type":"MultiPolygon","coordinates":[[[[-38.51941193,-3.74740933],[-38.51938696,-3.74740067],[-38.51894239,-3.7475101],[-38.51898921,-3.74784047],[-38.51940767,-3.7477862],[-38.51942442,-3.74775631],[-38.51941193,-3.74740933]]]]},"geometry_name":"the_geom","properties":{"id":261,"nome":"Pra\u00e7a Quadra LBA","nome_pop":"sem informa\u00e7\u00e3o","fonte":"URBIFOR","anoref":2019,"epsg_codif":"EPSG: 31984 (SIRGAS 2000 - UTM 24S); Codifica\u00e7\u00e3o: UTF-8","bairro":"Joaquim T\u00e1vora","cod_bairro":22,"area m2":2027.26}},{"type":"Feature","id":"vw_PracasFortaleza.fid--266d38e4_18dcc52846e_-548c","geometry":{"type":"MultiPolygon","coordinates":[[[[-38.47445933,-3.75139124],[-38.47440662,-3.75123057],[-38.474321,-3.75125647],[-38.47436775,-3.75142302],[-38.47445933,-3.75139124]]]]},"geometry_name":"the_geom","properties":{"id":262,"nome":"Pra\u00e7a Quadra 39","nome_pop":"sem informa\u00e7\u00e3o","fonte":"URBIFOR","anoref":2019,"epsg_codif":"EPSG: 31984 (SIRGAS 2000 - UTM 24S); Codifica\u00e7\u00e3o: UTF-8","bairro":"Cidade 2000","cod_bairro":111,"area m2":195.67}},{"type":"Feature","id":"vw_PracasFortaleza.fid--266d38e4_18dcc52846e_-548b","geometry":{"type":"MultiPolygon","coordinates":[[[[-38.47429924,-3.7511998],[-38.47438394,-3.75116634],[-38.47432696,-3.75101277],[-38.4742484,-3.75104203],[-38.47429924,-3.7511998]]]]},"geometry_name":"the_geom","properties":{"id":263,"nome":"Pra\u00e7a Quadra 38","nome_pop":"sem informa\u00e7\u00e3o","fonte":"URBIFOR","anoref":2019,"epsg_codif":"EPSG: 31984 (SIRGAS 2000 - UTM 24S); Codifica\u00e7\u00e3o: UTF-8","bairro":"Cidade 2000","cod_bairro":111,"area m2":176.85}},{"type":"Feature","id":"vw_PracasFortaleza.fid--266d38e4_18dcc52846e_-548a","geometry":{"type":"MultiPolygon","coordinates":[[[[-38.47377897,-3.74943322],[-38.47372583,-3.7492716],[-38.47364129,-3.74930243],[-38.47370103,-3.74946263],[-38.47377897,-3.74943322]]]]},"geometry_name":"the_geom","properties":{"id":269,"nome":"Pra\u00e7a Quadra 30","nome_pop":"sem informa\u00e7\u00e3o","fonte":"URBIFOR","anoref":2019,"epsg_codif":"EPSG: 31984 (SIRGAS 2000 - UTM 24S); Codifica\u00e7\u00e3o: UTF-8","bairro":"Cidade 2000","cod_bairro":111,"area m2":181.46}},{"type":"Feature","id":"vw_PracasFortaleza.fid--266d38e4_18dcc52846e_-5489","geometry":{"type":"MultiPolygon","coordinates":[[[[-38.47362293,-3.7492393],[-38.47370617,-3.74921333],[-38.47366188,-3.7490601],[-38.47357864,-3.7490878],[-38.47362293,-3.7492393]]]]},"geometry_name":"the_geom","properties":{"id":270,"nome":"Pra\u00e7a Quadra 29","nome_pop":"sem informa\u00e7\u00e3o","fonte":"URBIFOR","anoref":2019,"epsg_codif":"EPSG: 31984 (SIRGAS 2000 - UTM 24S); Codifica\u00e7\u00e3o: UTF-8","bairro":"Cidade 2000","cod_bairro":111,"area m2":170.39}},{"type":"Feature","id":"vw_PracasFortaleza.fid--266d38e4_18dcc52846e_-5488","geometry":{"type":"MultiPolygon","coordinates":[[[[-38.47303141,-3.74895844],[-38.4729801,-3.74879407],[-38.47289146,-3.74881995],[-38.47294277,-3.74898691],[-38.47303141,-3.74895844]]]]},"geometry_name":"the_geom","properties":{"id":271,"nome":"Pra\u00e7a Quadra 27","nome_pop":"sem informa\u00e7\u00e3o","fonte":"URBIFOR","anoref":2019,"epsg_codif":"EPSG: 31984 (SIRGAS 2000 - UTM 24S); Codifica\u00e7\u00e3o: UTF-8","bairro":"Cidade 2000","cod_bairro":111,"area m2":197.51}},{"type":"Feature","id":"vw_PracasFortaleza.fid--266d38e4_18dcc52846e_-5487","geometry":{"type":"MultiPolygon","coordinates":[[[[-38.47295486,-3.74874217],[-38.47290483,-3.7485761],[-38.47282101,-3.74860548],[-38.4728702,-3.74876981],[-38.47295486,-3.74874217]]]]},"geometry_name":"the_geom","properties":{"id":272,"nome":"Pra\u00e7a Quadra 26","nome_pop":"sem informa\u00e7\u00e3o","fonte":"URBIFOR","anoref":2019,"epsg_codif":"EPSG: 31984 (SIRGAS 2000 - UTM 24S); Codifica\u00e7\u00e3o: UTF-8","bairro":"Cidade 2000","cod_bairro":111,"area m2":188.31}},{"type":"Feature","id":"vw_PracasFortaleza.fid--266d38e4_18dcc52846e_-5486","geometry":{"type":"MultiPolygon","coordinates":[[[[-38.47280686,-3.74853527],[-38.47288632,-3.74850801],[-38.47283643,-3.74834469],[-38.47276133,-3.74837325],[-38.47280686,-3.74853527]]]]},"geometry_name":"the_geom","properties":{"id":273,"nome":"Pra\u00e7a Quadra 25","nome_pop":"sem informa\u00e7\u00e3o","fonte":"URBIFOR","anoref":2019,"epsg_codif":"EPSG: 31984 (SIRGAS 2000 - UTM 24S); Codifica\u00e7\u00e3o: UTF-8","bairro":"Cidade 2000","cod_bairro":111,"area m2":170.77}},{"type":"Feature","id":"vw_PracasFortaleza.fid--266d38e4_18dcc52846e_-5485","geometry":{"type":"MultiPolygon","coordinates":[[[[-38.47079688,-3.75331069],[-38.47088745,-3.75328196],[-38.47084211,-3.75311606],[-38.4707504,-3.75314554],[-38.47079688,-3.75331069]]]]},"geometry_name":"the_geom","properties":{"id":274,"nome":"Pra\u00e7a Quadra 19","nome_pop":"sem informa\u00e7\u00e3o","fonte":"URBIFOR","anoref":2019,"epsg_codif":"EPSG: 31984 (SIRGAS 2000 - UTM 24S); Codifica\u00e7\u00e3o: UTF-8","bairro":"Cidade 2000","cod_bairro":111,"area m2":201.72}},{"type":"Feature","id":"vw_PracasFortaleza.fid--266d38e4_18dcc52846e_-5484","geometry":{"type":"MultiPolygon","coordinates":[[[[-38.47080779,-3.75305842],[-38.47076096,-3.75289894],[-38.47067817,-3.75292471],[-38.4707285,-3.75308395],[-38.47080779,-3.75305842]]]]},"geometry_name":"the_geom","properties":{"id":275,"nome":"Pra\u00e7a Quadra 18","nome_pop":"sem informa\u00e7\u00e3o","fonte":"URBIFOR","anoref":2019,"epsg_codif":"EPSG: 31984 (SIRGAS 2000 - UTM 24S); Codifica\u00e7\u00e3o: UTF-8","bairro":"Cidade 2000","cod_bairro":111,"area m2":173.95}},{"type":"Feature","id":"vw_PracasFortaleza.fid--266d38e4_18dcc52846e_-5483","geometry":{"type":"MultiPolygon","coordinates":[[[[-38.47020127,-3.75277613],[-38.47014822,-3.75260243],[-38.47005926,-3.75263729],[-38.47010654,-3.75280562],[-38.47020127,-3.75277613]]]]},"geometry_name":"the_geom","properties":{"id":276,"nome":"Pra\u00e7a Quadra 16","nome_pop":"sem informa\u00e7\u00e3o","fonte":"URBIFOR","anoref":2019,"epsg_codif":"EPSG: 31984 (SIRGAS 2000 - UTM 24S); Codifica\u00e7\u00e3o: UTF-8","bairro":"Cidade 2000","cod_bairro":111,"area m2":212.77}},{"type":"Feature","id":"vw_PracasFortaleza.fid--266d38e4_18dcc52846e_-5482","geometry":{"type":"MultiPolygon","coordinates":[[[[-38.47007453,-3.752387],[-38.46998315,-3.75241725],[-38.47003821,-3.75258611],[-38.47013045,-3.75255413],[-38.47007453,-3.752387]]]]},"geometry_name":"the_geom","properties":{"id":277,"nome":"Pra\u00e7a Quadra 15","nome_pop":"sem informa\u00e7\u00e3o","fonte":"URBIFOR","anoref":2019,"epsg_codif":"EPSG: 31984 (SIRGAS 2000 - UTM 24S); Codifica\u00e7\u00e3o: UTF-8","bairro":"Cidade 2000","cod_bairro":111,"area m2":210.66}},{"type":"Feature","id":"vw_PracasFortaleza.fid--266d38e4_18dcc52846e_-5481","geometry":{"type":"MultiPolygon","coordinates":[[[[-38.47004892,-3.75234279],[-38.46999514,-3.75217484],[-38.46991799,-3.7522034],[-38.46997004,-3.75236789],[-38.47004892,-3.75234279]]]]},"geometry_name":"the_geom","properties":{"id":278,"nome":"Pra\u00e7a Quadra 14","nome_pop":"sem informa\u00e7\u00e3o","fonte":"URBIFOR","anoref":2019,"epsg_codif":"EPSG: 31984 (SIRGAS 2000 - UTM 24S); Codifica\u00e7\u00e3o: UTF-8","bairro":"Cidade 2000","cod_bairro":111,"area m2":176.74}},{"type":"Feature","id":"vw_PracasFortaleza.fid--266d38e4_18dcc52846e_-5480","geometry":{"type":"MultiPolygon","coordinates":[[[[-38.4703802,-3.75174275],[-38.47033071,-3.75158692],[-38.47024364,-3.75161175],[-38.47029182,-3.75177155],[-38.4703802,-3.75174275]]]]},"geometry_name":"the_geom","properties":{"id":279,"nome":"Pra\u00e7a Quadra 12","nome_pop":"sem informa\u00e7\u00e3o","fonte":"URBIFOR","anoref":2019,"epsg_codif":"EPSG: 31984 (SIRGAS 2000 - UTM 24S); Codifica\u00e7\u00e3o: UTF-8","bairro":"Cidade 2000","cod_bairro":111,"area m2":186.15}},{"type":"Feature","id":"vw_PracasFortaleza.fid--266d38e4_18dcc52846e_-547f","geometry":{"type":"MultiPolygon","coordinates":[[[[-38.47024403,-3.75130889],[-38.47019134,-3.75114611],[-38.47010895,-3.75117556],[-38.47015652,-3.75133793],[-38.47024403,-3.75130889]]]]},"geometry_name":"the_geom","properties":{"id":281,"nome":"Pra\u00e7a Quadra 10","nome_pop":"sem informa\u00e7\u00e3o","fonte":"URBIFOR","anoref":2019,"epsg_codif":"EPSG: 31984 (SIRGAS 2000 - UTM 24S); Codifica\u00e7\u00e3o: UTF-8","bairro":"Cidade 2000","cod_bairro":111,"area m2":187.64}},{"type":"Feature","id":"vw_PracasFortaleza.fid--266d38e4_18dcc52846e_-547e","geometry":{"type":"MultiPolygon","coordinates":[[[[-38.46963267,-3.75102265],[-38.46958494,-3.75085744],[-38.46950757,-3.75088311],[-38.46955439,-3.75104739],[-38.46963267,-3.75102265]]]]},"geometry_name":"the_geom","properties":{"id":282,"nome":"Pra\u00e7a Quadra 08","nome_pop":"sem informa\u00e7\u00e3o","fonte":"URBIFOR","anoref":2019,"epsg_codif":"EPSG: 31984 (SIRGAS 2000 - UTM 24S); Codifica\u00e7\u00e3o: UTF-8","bairro":"Cidade 2000","cod_bairro":111,"area m2":172.12}},{"type":"Feature","id":"vw_PracasFortaleza.fid--266d38e4_18dcc52846e_-547d","geometry":{"type":"MultiPolygon","coordinates":[[[[-38.46956122,-3.75080398],[-38.46951223,-3.75063958],[-38.46943953,-3.75066442],[-38.46948694,-3.75082965],[-38.46956122,-3.75080398]]]]},"geometry_name":"the_geom","properties":{"id":283,"nome":"Pra\u00e7a Quadra 07","nome_pop":"sem informa\u00e7\u00e3o","fonte":"URBIFOR","anoref":2019,"epsg_codif":"EPSG: 31984 (SIRGAS 2000 - UTM 24S); Codifica\u00e7\u00e3o: UTF-8","bairro":"Cidade 2000","cod_bairro":111,"area m2":163.74}},{"type":"Feature","id":"vw_PracasFortaleza.fid--266d38e4_18dcc52846e_-547c","geometry":{"type":"MultiPolygon","coordinates":[[[[-38.46974614,-3.75002525],[-38.46984837,-3.7499976],[-38.46979528,-3.74981658],[-38.4696952,-3.74984912],[-38.46974614,-3.75002525]]]]},"geometry_name":"the_geom","properties":{"id":284,"nome":"Pra\u00e7a Quadra 04","nome_pop":"sem informa\u00e7\u00e3o","fonte":"URBIFOR","anoref":2019,"epsg_codif":"EPSG: 31984 (SIRGAS 2000 - UTM 24S); Codifica\u00e7\u00e3o: UTF-8","bairro":"Cidade 2000","cod_bairro":111,"area m2":241.11}},{"type":"Feature","id":"vw_PracasFortaleza.fid--266d38e4_18dcc52846e_-547b","geometry":{"type":"MultiPolygon","coordinates":[[[[-38.46947893,-3.75057829],[-38.46942993,-3.75041389],[-38.46935723,-3.75043872],[-38.46940464,-3.75060396],[-38.46947893,-3.75057829]]]]},"geometry_name":"the_geom","properties":{"id":285,"nome":"Pra\u00e7a Quadra 06","nome_pop":"sem informa\u00e7\u00e3o","fonte":"URBIFOR","anoref":2019,"epsg_codif":"EPSG: 31984 (SIRGAS 2000 - UTM 24S); Codifica\u00e7\u00e3o: UTF-8","bairro":"Cidade 2000","cod_bairro":111,"area m2":163.75}},{"type":"Feature","id":"vw_PracasFortaleza.fid--266d38e4_18dcc52846e_-547a","geometry":{"type":"MultiPolygon","coordinates":[[[[-38.46978094,-3.74976644],[-38.46972994,-3.74960542],[-38.46962687,-3.7496348],[-38.46967804,-3.7497982],[-38.46978094,-3.74976644]]]]},"geometry_name":"the_geom","properties":{"id":286,"nome":"Pra\u00e7a Quadra 03","nome_pop":"sem informa\u00e7\u00e3o","fonte":"URBIFOR","anoref":2019,"epsg_codif":"EPSG: 31984 (SIRGAS 2000 - UTM 24S); Codifica\u00e7\u00e3o: UTF-8","bairro":"Cidade 2000","cod_bairro":111,"area m2":224.38}},{"type":"Feature","id":"vw_PracasFortaleza.fid--266d38e4_18dcc52846e_-5479","geometry":{"type":"MultiPolygon","coordinates":[[[[-38.47710492,-3.73127416],[-38.47699037,-3.73108582],[-38.47665601,-3.73142265],[-38.47709811,-3.73130459],[-38.47710492,-3.73127416]]]]},"geometry_name":"the_geom","properties":{"id":287,"nome":"Pra\u00e7a Professor Belarmino Maio","nome_pop":"sem informa\u00e7\u00e3o","fonte":"URBIFOR","anoref":2019,"epsg_codif":"EPSG: 31984 (SIRGAS 2000 - UTM 24S); Codifica\u00e7\u00e3o: UTF-8","bairro":"Vicente Pinzon","cod_bairro":37,"area m2":701.41}},{"type":"Feature","id":"vw_PracasFortaleza.fid--266d38e4_18dcc52846e_-5478","geometry":{"type":"MultiPolygon","coordinates":[[[[-38.50582948,-3.75172971],[-38.50578548,-3.75156784],[-38.50559062,-3.75162908],[-38.5055598,-3.75167538],[-38.50582948,-3.75172971]]]]},"geometry_name":"the_geom","properties":{"id":288,"nome":"Pra\u00e7a Professor Fran Martins","nome_pop":"sem informa\u00e7\u00e3o","fonte":"URBIFOR","anoref":2019,"epsg_codif":"EPSG: 31984 (SIRGAS 2000 - UTM 24S); Codifica\u00e7\u00e3o: UTF-8","bairro":"Dion\u00edsio Torres","cod_bairro":14,"area m2":297.24}},{"type":"Feature","id":"vw_PracasFortaleza.fid--266d38e4_18dcc52846e_-5477","geometry":{"type":"MultiPolygon","coordinates":[[[[-38.4978631,-3.73316653],[-38.49779668,-3.73319625],[-38.49778336,-3.73327834],[-38.49776489,-3.73340969],[-38.49774136,-3.73348151],[-38.49767797,-3.7335646],[-38.49759927,-3.73363024],[-38.49758389,-3.73372875],[-38.49798341,-3.73358428],[-38.4978631,-3.73316653]]]]},"geometry_name":"the_geom","properties":{"id":289,"nome":"Pra\u00e7a Portugal (Quadrante 3)","nome_pop":"sem informa\u00e7\u00e3o","fonte":"URBIFOR","anoref":2019,"epsg_codif":"EPSG: 31984 (SIRGAS 2000 - UTM 24S); Codifica\u00e7\u00e3o: UTF-8","bairro":"Aldeota","cod_bairro":2,"area m2":1160.21}},{"type":"Feature","id":"vw_PracasFortaleza.fid--266d38e4_18dcc52846e_-5476","geometry":{"type":"MultiPolygon","coordinates":[[[[-38.49716251,-3.73278192],[-38.49672117,-3.73290164],[-38.49682718,-3.73334907],[-38.4969163,-3.73325355],[-38.49693964,-3.73314884],[-38.49698423,-3.7330482],[-38.49703387,-3.73297503],[-38.49715032,-3.7328724],[-38.49716251,-3.73278192]]]]},"geometry_name":"the_geom","properties":{"id":290,"nome":"Pra\u00e7a Portugal (Quadrante 2)","nome_pop":"sem informa\u00e7\u00e3o","fonte":"URBIFOR","anoref":2019,"epsg_codif":"EPSG: 31984 (SIRGAS 2000 - UTM 24S); Codifica\u00e7\u00e3o: UTF-8","bairro":"Aldeota","cod_bairro":2,"area m2":1334.55}},{"type":"Feature","id":"vw_PracasFortaleza.fid--266d38e4_18dcc52846e_-5475","geometry":{"type":"MultiPolygon","coordinates":[[[[-38.49782952,-3.7330228],[-38.49768874,-3.73261462],[-38.49732043,-3.73272304],[-38.49734888,-3.73280526],[-38.49746797,-3.73280973],[-38.49756879,-3.73283621],[-38.49764475,-3.73287736],[-38.49771741,-3.73293797],[-38.49779153,-3.73302792],[-38.49782952,-3.7330228]]]]},"geometry_name":"the_geom","properties":{"id":291,"nome":"Pra\u00e7a Portugal (Quadrante 1)","nome_pop":"sem informa\u00e7\u00e3o","fonte":"URBIFOR","anoref":2019,"epsg_codif":"EPSG: 31984 (SIRGAS 2000 - UTM 24S); Codifica\u00e7\u00e3o: UTF-8","bairro":"Aldeota","cod_bairro":2,"area m2":1008.8}},{"type":"Feature","id":"vw_PracasFortaleza.fid--266d38e4_18dcc52846e_-5474","geometry":{"type":"MultiPolygon","coordinates":[[[[-38.49744176,-3.73378817],[-38.49739081,-3.73370818],[-38.49729963,-3.73368328],[-38.49717214,-3.73365915],[-38.4970748,-3.7336032],[-38.49699834,-3.73352086],[-38.49695046,-3.73346572],[-38.49686004,-3.73347809],[-38.49702748,-3.7339168],[-38.49744176,-3.73378817]]]]},"geometry_name":"the_geom","properties":{"id":292,"nome":"Pra\u00e7a Portugal (Quadrante 4)","nome_pop":"sem informa\u00e7\u00e3o","fonte":"URBIFOR","anoref":2019,"epsg_codif":"EPSG: 31984 (SIRGAS 2000 - UTM 24S); Codifica\u00e7\u00e3o: UTF-8","bairro":"Aldeota","cod_bairro":2,"area m2":1377.22}},{"type":"Feature","id":"vw_PracasFortaleza.fid--266d38e4_18dcc52846e_-5473","geometry":{"type":"MultiPolygon","coordinates":[[[[-38.48707005,-3.7802207],[-38.48667258,-3.78026475],[-38.48643513,-3.78067369],[-38.4864372,-3.78072641],[-38.48647076,-3.78076719],[-38.4866268,-3.7807708],[-38.4866695,-3.78073217],[-38.48668075,-3.78064853],[-38.4867109,-3.7805382],[-38.48676063,-3.78045388],[-38.48683344,-3.78038363],[-38.48689715,-3.78033166],[-38.48698184,-3.78028743],[-38.48706583,-3.78025303],[-38.48707773,-3.78024109],[-38.48707005,-3.7802207]]]]},"geometry_name":"the_geom","properties":{"id":303,"nome":"Pra\u00e7a Lurdinha Campos","nome_pop":"sem informa\u00e7\u00e3o","fonte":"URBIFOR","anoref":2019,"epsg_codif":"EPSG: 31984 (SIRGAS 2000 - UTM 24S); Codifica\u00e7\u00e3o: UTF-8","bairro":"Luciano Cavalcante","cod_bairro":58,"area m2":1527.75}},{"type":"Feature","id":"vw_PracasFortaleza.fid--266d38e4_18dcc52846e_-5472","geometry":{"type":"MultiPolygon","coordinates":[[[[-38.47548389,-3.75019328],[-38.4749231,-3.74845318],[-38.47490189,-3.74845721],[-38.47477226,-3.74863543],[-38.47471474,-3.7487818],[-38.47473257,-3.74888729],[-38.47511034,-3.74996179],[-38.47517186,-3.75005997],[-38.47529141,-3.75015622],[-38.47544001,-3.75021701],[-38.47548389,-3.75019328]]]]},"geometry_name":"the_geom","properties":{"id":304,"nome":"Pra\u00e7a Leonan Onofre","nome_pop":"sem informa\u00e7\u00e3o","fonte":"URBIFOR","anoref":2019,"epsg_codif":"EPSG: 31984 (SIRGAS 2000 - UTM 24S); Codifica\u00e7\u00e3o: UTF-8","bairro":"Cidade 2000","cod_bairro":111,"area m2":5984.02}},{"type":"Feature","id":"vw_PracasFortaleza.fid--266d38e4_18dcc52846e_-5471","geometry":{"type":"MultiPolygon","coordinates":[[[[-38.60148108,-3.79831498],[-38.60140794,-3.79805586],[-38.60101577,-3.79817444],[-38.60109896,-3.79844124],[-38.60148108,-3.79831498]]]]},"geometry_name":"the_geom","properties":{"id":453,"nome":"Pra\u00e7a Santo Amaro","nome_pop":"sem informa\u00e7\u00e3o","fonte":"URBIFOR","anoref":2019,"epsg_codif":"EPSG: 31984 (SIRGAS 2000 - UTM 24S); Codifica\u00e7\u00e3o: UTF-8","bairro":"Bom Jardim","cod_bairro":72,"area m2":1367.93}},{"type":"Feature","id":"vw_PracasFortaleza.fid--266d38e4_18dcc52846e_-5470","geometry":{"type":"MultiPolygon","coordinates":[[[[-38.48324543,-3.77566784],[-38.48328382,-3.77563256],[-38.48324269,-3.77522246],[-38.4832029,-3.7751923],[-38.4818794,-3.77500981],[-38.48184415,-3.77503539],[-38.48180789,-3.77528885],[-38.48184865,-3.77547436],[-38.48184801,-3.77563927],[-38.48175756,-3.77582918],[-38.48178611,-3.77586435],[-38.48261316,-3.7756213],[-38.48324543,-3.77566784]]]]},"geometry_name":"the_geom","properties":{"id":305,"nome":"Pra\u00e7a Lavadeiras","nome_pop":"sem informa\u00e7\u00e3o","fonte":"URBIFOR","anoref":2019,"epsg_codif":"EPSG: 31984 (SIRGAS 2000 - UTM 24S); Codifica\u00e7\u00e3o: UTF-8","bairro":"Luciano Cavalcante","cod_bairro":58,"area m2":10484.32}},{"type":"Feature","id":"vw_PracasFortaleza.fid--266d38e4_18dcc52846e_-546f","geometry":{"type":"MultiPolygon","coordinates":[[[[-38.48342715,-3.75993603],[-38.48413463,-3.75997988],[-38.48421787,-3.75989055],[-38.48423657,-3.75894464],[-38.48397396,-3.75907204],[-38.48371521,-3.75931642],[-38.48355214,-3.75954985],[-38.48342715,-3.75993603]]]]},"geometry_name":"the_geom","properties":{"id":307,"nome":"Pra\u00e7a Jader de Carvalho","nome_pop":"sem informa\u00e7\u00e3o","fonte":"URBIFOR","anoref":2019,"epsg_codif":"EPSG: 31984 (SIRGAS 2000 - UTM 24S); Codifica\u00e7\u00e3o: UTF-8","bairro":"Guararapes","cod_bairro":60,"area m2":6724.51}},{"type":"Feature","id":"vw_PracasFortaleza.fid--266d38e4_18dcc52846e_-546e","geometry":{"type":"MultiPolygon","coordinates":[[[[-38.50965111,-3.74437899],[-38.50957659,-3.74414537],[-38.50956398,-3.74413746],[-38.5092993,-3.74421543],[-38.50929258,-3.74422935],[-38.50937657,-3.74447665],[-38.50939559,-3.74448283],[-38.50963729,-3.74440516],[-38.50965111,-3.74437899]]]]},"geometry_name":"the_geom","properties":{"id":309,"nome":"Pra\u00e7a do Instituto do C\u00e2ncer","nome_pop":"sem informa\u00e7\u00e3o","fonte":"URBIFOR","anoref":2019,"epsg_codif":"EPSG: 31984 (SIRGAS 2000 - UTM 24S); Codifica\u00e7\u00e3o: UTF-8","bairro":"Dion\u00edsio Torres","cod_bairro":14,"area m2":1007.09}},{"type":"Feature","id":"vw_PracasFortaleza.fid--266d38e4_18dcc52846e_-546d","geometry":{"type":"MultiPolygon","coordinates":[[[[-38.52129324,-3.7406836],[-38.52126879,-3.7406525],[-38.521127,-3.74067248],[-38.52113198,-3.74069856],[-38.52108602,-3.74076273],[-38.52098866,-3.74077622],[-38.52100557,-3.74089007],[-38.521021,-3.74097985],[-38.52103698,-3.74097484],[-38.52104349,-3.7409287],[-38.52118229,-3.74089919],[-38.52122471,-3.7409283],[-38.5213091,-3.74090277],[-38.52132359,-3.74087419],[-38.52130368,-3.74076084],[-38.52132269,-3.74069866],[-38.52129324,-3.7406836]]]]},"geometry_name":"the_geom","properties":{"id":310,"nome":"Pra\u00e7a da Igreja da Piedade","nome_pop":"sem informa\u00e7\u00e3o","fonte":"URBIFOR","anoref":2019,"epsg_codif":"EPSG: 31984 (SIRGAS 2000 - UTM 24S); Codifica\u00e7\u00e3o: UTF-8","bairro":"Joaquim T\u00e1vora","cod_bairro":22,"area m2":834.96}},{"type":"Feature","id":"vw_PracasFortaleza.fid--266d38e4_18dcc52846e_-546c","geometry":{"type":"MultiPolygon","coordinates":[[[[-38.51234989,-3.72689947],[-38.51312226,-3.72659182],[-38.5131172,-3.72657972],[-38.51226229,-3.72657867],[-38.51224017,-3.72660708],[-38.51234989,-3.72689947]]]]},"geometry_name":"the_geom","properties":{"id":311,"nome":"Pra\u00e7a Igreja Santa Luzia","nome_pop":"sem informa\u00e7\u00e3o","fonte":"URBIFOR","anoref":2019,"epsg_codif":"EPSG: 31984 (SIRGAS 2000 - UTM 24S); Codifica\u00e7\u00e3o: UTF-8","bairro":"Meireles","cod_bairro":24,"area m2":1809.68}},{"type":"Feature","id":"vw_PracasFortaleza.fid--266d38e4_18dcc52846e_-546b","geometry":{"type":"MultiPolygon","coordinates":[[[[-38.49012294,-3.72417142],[-38.49000036,-3.72402473],[-38.48983523,-3.72384671],[-38.48976288,-3.72389382],[-38.48989792,-3.72403312],[-38.49007342,-3.7242402],[-38.49020921,-3.72441442],[-38.49027332,-3.72436346],[-38.49012294,-3.72417142]]]]},"geometry_name":"the_geom","properties":{"id":312,"nome":"Cal\u00e7ad\u00e3o da Beira-Mar","nome_pop":"sem informa\u00e7\u00e3o","fonte":"URBIFOR","anoref":2019,"epsg_codif":"EPSG: 31984 (SIRGAS 2000 - UTM 24S); Codifica\u00e7\u00e3o: UTF-8","bairro":"Meireles","cod_bairro":24,"area m2":690.24}},{"type":"Feature","id":"vw_PracasFortaleza.fid--266d38e4_18dcc52846e_-546a","geometry":{"type":"MultiPolygon","coordinates":[[[[-38.56871528,-3.75180803],[-38.56859319,-3.7518785],[-38.56852286,-3.75212477],[-38.56827652,-3.75228089],[-38.56795562,-3.75247496],[-38.56798261,-3.75251295],[-38.56834779,-3.75231022],[-38.56850227,-3.75225496],[-38.5685833,-3.75223113],[-38.56879399,-3.75209344],[-38.56880912,-3.752075],[-38.56881777,-3.75204462],[-38.56881671,-3.75201316],[-38.56871528,-3.75180803]]]]},"geometry_name":"the_geom","properties":{"id":313,"nome":"Pra\u00e7a do Papoco","nome_pop":"sem informa\u00e7\u00e3o","fonte":"URBIFOR","anoref":2019,"epsg_codif":"EPSG: 31984 (SIRGAS 2000 - UTM 24S); Codifica\u00e7\u00e3o: UTF-8","bairro":"Pici","cod_bairro":106,"area m2":1471.35}},{"type":"Feature","id":"vw_PracasFortaleza.fid--266d38e4_18dcc52846e_-5469","geometry":{"type":"MultiPolygon","coordinates":[[[[-38.579158,-3.75286855],[-38.57933224,-3.75307705],[-38.57941733,-3.75299768],[-38.57925511,-3.7527818],[-38.579158,-3.75286855]]]]},"geometry_name":"the_geom","properties":{"id":314,"nome":"Pra\u00e7a do Planalto do Pici","nome_pop":"sem informa\u00e7\u00e3o","fonte":"URBIFOR","anoref":2019,"epsg_codif":"EPSG: 31984 (SIRGAS 2000 - UTM 24S); Codifica\u00e7\u00e3o: UTF-8","bairro":"Pici","cod_bairro":106,"area m2":409.08}},{"type":"Feature","id":"vw_PracasFortaleza.fid--266d38e4_18dcc52846e_-5468","geometry":{"type":"MultiPolygon","coordinates":[[[[-38.57275013,-3.72995279],[-38.572724,-3.72996362],[-38.57269577,-3.73010271],[-38.57262491,-3.73033305],[-38.57277823,-3.73035051],[-38.57275347,-3.73009239],[-38.57275013,-3.72995279]]]]},"geometry_name":"the_geom","properties":{"id":315,"nome":"Pra\u00e7a Haroldo Torres","nome_pop":"sem informa\u00e7\u00e3o","fonte":"URBIFOR","anoref":2019,"epsg_codif":"EPSG: 31984 (SIRGAS 2000 - UTM 24S); Codifica\u00e7\u00e3o: UTF-8","bairro":"Presidente Kennedy","cod_bairro":33,"area m2":387.67}},{"type":"Feature","id":"vw_PracasFortaleza.fid--266d38e4_18dcc52846e_-5467","geometry":{"type":"MultiPolygon","coordinates":[[[[-38.50197235,-3.77323141],[-38.50177345,-3.77262228],[-38.50108931,-3.77278137],[-38.50107651,-3.77280491],[-38.5012105,-3.77325666],[-38.50149505,-3.773153],[-38.50197235,-3.77323141]]]]},"geometry_name":"the_geom","properties":{"id":302,"nome":"Pra\u00e7a Luciano Cavalcante","nome_pop":"sem informa\u00e7\u00e3o","fonte":"URBIFOR","anoref":2019,"epsg_codif":"EPSG: 31984 (SIRGAS 2000 - UTM 24S); Codifica\u00e7\u00e3o: UTF-8","bairro":"Salinas","cod_bairro":71,"area m2":4610.37}},{"type":"Feature","id":"vw_PracasFortaleza.fid--266d38e4_18dcc52846e_-5466","geometry":{"type":"MultiPolygon","coordinates":[[[[-38.59486406,-3.74391017],[-38.59477174,-3.7445449],[-38.59537898,-3.74463771],[-38.59547888,-3.74407017],[-38.59545046,-3.74399786],[-38.59486406,-3.74391017]]]]},"geometry_name":"the_geom","properties":{"id":316,"nome":"Pra\u00e7a Ipiranga","nome_pop":"sem informa\u00e7\u00e3o","fonte":"URBIFOR","anoref":2019,"epsg_codif":"EPSG: 31984 (SIRGAS 2000 - UTM 24S); Codifica\u00e7\u00e3o: UTF-8","bairro":"Ant\u00f4nio Bezerra","cod_bairro":40,"area m2":4906.2}},{"type":"Feature","id":"vw_PracasFortaleza.fid--266d38e4_18dcc52846e_-5465","geometry":{"type":"MultiPolygon","coordinates":[[[[-38.58920822,-3.77366623],[-38.58906492,-3.77359612],[-38.58888794,-3.77350433],[-38.58873001,-3.77381456],[-38.58866214,-3.77398009],[-38.58870019,-3.77399038],[-38.58920822,-3.77366623]]]]},"geometry_name":"the_geom","properties":{"id":317,"nome":"Pra\u00e7a Jos\u00e9 Carlos Gaspar","nome_pop":"sem informa\u00e7\u00e3o","fonte":"URBIFOR","anoref":2019,"epsg_codif":"EPSG: 31984 (SIRGAS 2000 - UTM 24S); Codifica\u00e7\u00e3o: UTF-8","bairro":"Jo\u00e3o XXIII","cod_bairro":46,"area m2":1294.81}},{"type":"Feature","id":"vw_PracasFortaleza.fid--266d38e4_18dcc52846e_-5464","geometry":{"type":"MultiPolygon","coordinates":[[[[-38.5570031,-3.7509648],[-38.55672861,-3.75068053],[-38.55663499,-3.75068862],[-38.55661832,-3.75071005],[-38.55658305,-3.75071193],[-38.55651577,-3.75071781],[-38.55649084,-3.75069135],[-38.55627989,-3.75088046],[-38.55643847,-3.75105463],[-38.5565561,-3.7509429],[-38.55676611,-3.75117575],[-38.5570031,-3.7509648]]]]},"geometry_name":"the_geom","properties":{"id":318,"nome":"Pra\u00e7a Nossa Senhora da Salete","nome_pop":"sem informa\u00e7\u00e3o","fonte":"URBIFOR","anoref":2019,"epsg_codif":"EPSG: 31984 (SIRGAS 2000 - UTM 24S); Codifica\u00e7\u00e3o: UTF-8","bairro":"Rodolfo Te\u00f3filo","cod_bairro":34,"area m2":2320.89}},{"type":"Feature","id":"vw_PracasFortaleza.fid--266d38e4_18dcc52846e_-5463","geometry":{"type":"MultiPolygon","coordinates":[[[[-38.55631582,-3.75092138],[-38.55643378,-3.75105087],[-38.55643443,-3.75105019],[-38.55631504,-3.75091906],[-38.55631582,-3.75092138]]],[[[-38.55654832,-3.75095028],[-38.55675228,-3.75117642],[-38.55675995,-3.75116891],[-38.5565561,-3.7509429],[-38.55654832,-3.75095028]]],[[[-38.55662828,-3.75069724],[-38.55651242,-3.75071343],[-38.55651198,-3.75071379],[-38.55651577,-3.75071781],[-38.55658305,-3.75071193],[-38.55661832,-3.75071005],[-38.55662828,-3.75069724]]]]},"geometry_name":"the_geom","properties":{"id":320,"nome":"Pra\u00e7a do Salete","nome_pop":"sem informa\u00e7\u00e3o","fonte":"URBIFOR","anoref":2019,"epsg_codif":"EPSG: 31984 (SIRGAS 2000 - UTM 24S); Codifica\u00e7\u00e3o: UTF-8","bairro":"Rodolfo Te\u00f3filo","cod_bairro":34,"area m2":52.76}},{"type":"Feature","id":"vw_PracasFortaleza.fid--266d38e4_18dcc52846e_-5462","geometry":{"type":"MultiPolygon","coordinates":[[[[-38.5956453,-3.74823849],[-38.59546882,-3.74819084],[-38.59549105,-3.74823047],[-38.59549461,-3.74827302],[-38.59548742,-3.74830617],[-38.59546732,-3.74832923],[-38.59543431,-3.74834075],[-38.59540849,-3.74832776],[-38.59533389,-3.7482888],[-38.59526502,-3.74826571],[-38.5951947,-3.74826279],[-38.59515739,-3.74826854],[-38.595133,-3.74826853],[-38.59510287,-3.74825122],[-38.59501536,-3.74819351],[-38.59493932,-3.74815023],[-38.59486119,-3.74813782],[-38.59480014,-3.74815159],[-38.5947384,-3.74820348],[-38.59465943,-3.7482957],[-38.59462211,-3.7483274],[-38.59455465,-3.74834899],[-38.59429204,-3.74835896],[-38.59412427,-3.74827621],[-38.59391328,-3.74820165],[-38.59368364,-3.7482765],[-38.5936578,-3.74829956],[-38.59365061,-3.74834136],[-38.5936892,-3.74866572],[-38.59370355,-3.74868159],[-38.59419292,-3.74859244],[-38.59495926,-3.74849477],[-38.59536969,-3.74843442],[-38.59557921,-3.74842154],[-38.59561078,-3.7484129],[-38.59562801,-3.74839994],[-38.5956453,-3.74823849]]]]},"geometry_name":"the_geom","properties":{"id":321,"nome":"Pra\u00e7a Ant\u00f4nio Carlos Silva","nome_pop":"sem informa\u00e7\u00e3o","fonte":"URBIFOR","anoref":2019,"epsg_codif":"EPSG: 31984 (SIRGAS 2000 - UTM 24S); Codifica\u00e7\u00e3o: UTF-8","bairro":"Autran Nunes","cod_bairro":41,"area m2":6620.9}},{"type":"Feature","id":"vw_PracasFortaleza.fid--266d38e4_18dcc52846e_-5461","geometry":{"type":"MultiPolygon","coordinates":[[[[-38.59895808,-3.75039022],[-38.59895397,-3.75037244],[-38.59893998,-3.75036169],[-38.59876201,-3.75036883],[-38.59877916,-3.75052869],[-38.59881539,-3.7505288],[-38.59881679,-3.7506567],[-38.59881456,-3.75071014],[-38.59889311,-3.75071547],[-38.59889451,-3.75067618],[-38.59887245,-3.75065738],[-38.59892198,-3.75048843],[-38.59894593,-3.75047673],[-38.59895218,-3.75043223],[-38.59895808,-3.75039022]]]]},"geometry_name":"the_geom","properties":{"id":323,"nome":"Pra\u00e7a Beira Rio","nome_pop":"sem informa\u00e7\u00e3o","fonte":"URBIFOR","anoref":2019,"epsg_codif":"EPSG: 31984 (SIRGAS 2000 - UTM 24S); Codifica\u00e7\u00e3o: UTF-8","bairro":"Autran Nunes","cod_bairro":41,"area m2":514.76}},{"type":"Feature","id":"vw_PracasFortaleza.fid--266d38e4_18dcc52846e_-5460","geometry":{"type":"MultiPolygon","coordinates":[[[[-38.59304594,-3.75188609],[-38.59278158,-3.75200835],[-38.59286936,-3.75217198],[-38.59309494,-3.75206553],[-38.59306337,-3.75190357],[-38.59304594,-3.75188609]]]]},"geometry_name":"the_geom","properties":{"id":324,"nome":"Pra\u00e7a Cardeal","nome_pop":"sem informa\u00e7\u00e3o","fonte":"URBIFOR","anoref":2019,"epsg_codif":"EPSG: 31984 (SIRGAS 2000 - UTM 24S); Codifica\u00e7\u00e3o: UTF-8","bairro":"Autran Nunes","cod_bairro":41,"area m2":626.18}},{"type":"Feature","id":"vw_PracasFortaleza.fid--266d38e4_18dcc52846e_-545f","geometry":{"type":"MultiPolygon","coordinates":[[[[-38.57589475,-3.75899462],[-38.57562626,-3.75925565],[-38.57570827,-3.75943584],[-38.57569679,-3.75946656],[-38.57572825,-3.75952903],[-38.57577074,-3.75953893],[-38.57604635,-3.75939392],[-38.57605665,-3.75935243],[-38.57589475,-3.75899462]]]]},"geometry_name":"the_geom","properties":{"id":325,"nome":"Pra\u00e7a da Capela de S\u00e3o Jos\u00e9","nome_pop":"sem informa\u00e7\u00e3o","fonte":"URBIFOR","anoref":2019,"epsg_codif":"EPSG: 31984 (SIRGAS 2000 - UTM 24S); Codifica\u00e7\u00e3o: UTF-8","bairro":"Pici","cod_bairro":106,"area m2":1624.22}},{"type":"Feature","id":"vw_PracasFortaleza.fid--266d38e4_18dcc52846e_-545e","geometry":{"type":"MultiPolygon","coordinates":[[[[-38.58779491,-3.73933895],[-38.5876034,-3.73931483],[-38.58758833,-3.73968972],[-38.58778567,-3.73968853],[-38.58779491,-3.73933895]]]]},"geometry_name":"the_geom","properties":{"id":326,"nome":"Pra\u00e7a da Igreja do Ant\u00f4nio Bezerra","nome_pop":"sem informa\u00e7\u00e3o","fonte":"URBIFOR","anoref":2019,"epsg_codif":"EPSG: 31984 (SIRGAS 2000 - UTM 24S); Codifica\u00e7\u00e3o: UTF-8","bairro":"Ant\u00f4nio Bezerra","cod_bairro":40,"area m2":866.8}},{"type":"Feature","id":"vw_PracasFortaleza.fid--266d38e4_18dcc52846e_-545d","geometry":{"type":"MultiPolygon","coordinates":[[[[-38.59147415,-3.76368568],[-38.59143941,-3.76367929],[-38.59140736,-3.76369041],[-38.59082565,-3.76400519],[-38.59081561,-3.764045],[-38.59096097,-3.76433963],[-38.59099906,-3.76435824],[-38.59162077,-3.76404247],[-38.59164005,-3.76400268],[-38.59147415,-3.76368568]]]]},"geometry_name":"the_geom","properties":{"id":327,"nome":"Pra\u00e7a da Igreja Dom Bosco","nome_pop":"sem informa\u00e7\u00e3o","fonte":"URBIFOR","anoref":2019,"epsg_codif":"EPSG: 31984 (SIRGAS 2000 - UTM 24S); Codifica\u00e7\u00e3o: UTF-8","bairro":"Henrique Jorge","cod_bairro":45,"area m2":3703.52}},{"type":"Feature","id":"vw_PracasFortaleza.fid--266d38e4_18dcc52846e_-545c","geometry":{"type":"MultiPolygon","coordinates":[[[[-38.58010884,-3.76414835],[-38.58004069,-3.76402263],[-38.58002296,-3.76401294],[-38.58000259,-3.76401611],[-38.57999484,-3.76402773],[-38.57996983,-3.76421888],[-38.58010884,-3.76414835]]]]},"geometry_name":"the_geom","properties":{"id":328,"nome":"Pra\u00e7a Desembargador Lu\u00eds Paulino","nome_pop":"sem informa\u00e7\u00e3o","fonte":"URBIFOR","anoref":2019,"epsg_codif":"EPSG: 31984 (SIRGAS 2000 - UTM 24S); Codifica\u00e7\u00e3o: UTF-8","bairro":"Henrique Jorge","cod_bairro":45,"area m2":194.48}},{"type":"Feature","id":"vw_PracasFortaleza.fid--266d38e4_18dcc52846e_-545b","geometry":{"type":"MultiPolygon","coordinates":[[[[-38.55620327,-3.7478049],[-38.55620525,-3.74782581],[-38.55684947,-3.74854977],[-38.55687105,-3.74854933],[-38.55752483,-3.74795678],[-38.55752497,-3.74792907],[-38.5568698,-3.74720428],[-38.55620327,-3.7478049]]]]},"geometry_name":"the_geom","properties":{"id":329,"nome":"Pra\u00e7a do Campo Novo Ideal","nome_pop":"sem informa\u00e7\u00e3o","fonte":"URBIFOR","anoref":2019,"epsg_codif":"EPSG: 31984 (SIRGAS 2000 - UTM 24S); Codifica\u00e7\u00e3o: UTF-8","bairro":"Rodolfo Te\u00f3filo","cod_bairro":34,"area m2":11202.64}},{"type":"Feature","id":"vw_PracasFortaleza.fid--266d38e4_18dcc52846e_-545a","geometry":{"type":"MultiPolygon","coordinates":[[[[-38.59804955,-3.73245773],[-38.59807546,-3.73248958],[-38.59807716,-3.73253151],[-38.59805207,-3.73258814],[-38.59806482,-3.73263936],[-38.5981207,-3.73286125],[-38.59829174,-3.73280303],[-38.59806793,-3.73199869],[-38.59778737,-3.73206592],[-38.59761306,-3.73211676],[-38.59762356,-3.73214709],[-38.59769814,-3.7322246],[-38.59780376,-3.7322862],[-38.5978409,-3.73230573],[-38.5980015,-3.73242415],[-38.59804955,-3.73245773]]]]},"geometry_name":"the_geom","properties":{"id":330,"nome":"Pra\u00e7a do Col\u00e9gio Cere","nome_pop":"sem informa\u00e7\u00e3o","fonte":"URBIFOR","anoref":2019,"epsg_codif":"EPSG: 31984 (SIRGAS 2000 - UTM 24S); Codifica\u00e7\u00e3o: UTF-8","bairro":"Quintino Cunha","cod_bairro":48,"area m2":2573.27}},{"type":"Feature","id":"vw_PracasFortaleza.fid--266d38e4_18dcc52846e_-5459","geometry":{"type":"MultiPolygon","coordinates":[[[[-38.59785137,-3.73561653],[-38.59782693,-3.73560997],[-38.59746352,-3.73569983],[-38.59751362,-3.73585035],[-38.5972384,-3.73598575],[-38.59698989,-3.73607144],[-38.59700796,-3.73620584],[-38.59706409,-3.73617271],[-38.59722705,-3.73615151],[-38.59730853,-3.73612699],[-38.59758887,-3.73595852],[-38.59762148,-3.73592743],[-38.59766223,-3.73588817],[-38.59791974,-3.73577697],[-38.59792464,-3.73574588],[-38.59790348,-3.73568203],[-38.59785137,-3.73561653]]]]},"geometry_name":"the_geom","properties":{"id":331,"nome":"Pra\u00e7a do Sossego","nome_pop":"sem informa\u00e7\u00e3o","fonte":"URBIFOR","anoref":2019,"epsg_codif":"EPSG: 31984 (SIRGAS 2000 - UTM 24S); Codifica\u00e7\u00e3o: UTF-8","bairro":"Quintino Cunha","cod_bairro":48,"area m2":2166.22}},{"type":"Feature","id":"vw_PracasFortaleza.fid--266d38e4_18dcc52846e_-5458","geometry":{"type":"MultiPolygon","coordinates":[[[[-38.59273422,-3.75004637],[-38.59255479,-3.75008969],[-38.59282379,-3.75063107],[-38.59284112,-3.75062577],[-38.59279614,-3.75030665],[-38.59279424,-3.75025871],[-38.5928294,-3.75021636],[-38.59285479,-3.75019655],[-38.59286965,-3.75017136],[-38.59287268,-3.7501519],[-38.59276618,-3.75017546],[-38.59273422,-3.75004637]]]]},"geometry_name":"the_geom","properties":{"id":332,"nome":"Pra\u00e7a Dolores Alc\u00e2ntara","nome_pop":"sem informa\u00e7\u00e3o","fonte":"URBIFOR","anoref":2019,"epsg_codif":"EPSG: 31984 (SIRGAS 2000 - UTM 24S); Codifica\u00e7\u00e3o: UTF-8","bairro":"Autran Nunes","cod_bairro":41,"area m2":859.33}},{"type":"Feature","id":"vw_PracasFortaleza.fid--266d38e4_18dcc52846e_-5457","geometry":{"type":"MultiPolygon","coordinates":[[[[-38.56855075,-3.73960216],[-38.56831538,-3.73988305],[-38.56831818,-3.73989364],[-38.56832553,-3.73990149],[-38.56856135,-3.73994094],[-38.56856884,-3.73993346],[-38.56857179,-3.73992347],[-38.56855075,-3.73960216]]]]},"geometry_name":"the_geom","properties":{"id":334,"nome":"Pra\u00e7a Dr. Raimundo Maciel Brito","nome_pop":"sem informa\u00e7\u00e3o","fonte":"URBIFOR","anoref":2019,"epsg_codif":"EPSG: 31984 (SIRGAS 2000 - UTM 24S); Codifica\u00e7\u00e3o: UTF-8","bairro":"Pici","cod_bairro":106,"area m2":555.78}},{"type":"Feature","id":"vw_PracasFortaleza.fid--266d38e4_18dcc52846e_-5456","geometry":{"type":"MultiPolygon","coordinates":[[[[-38.56881153,-3.73389296],[-38.56733418,-3.73389881],[-38.56735218,-3.73427063],[-38.56738913,-3.7343083],[-38.56871609,-3.73456349],[-38.56876288,-3.73411178],[-38.56881153,-3.73389296]]]]},"geometry_name":"the_geom","properties":{"id":335,"nome":"Pra\u00e7a Governador Parcifal Barroso","nome_pop":"sem informa\u00e7\u00e3o","fonte":"URBIFOR","anoref":2019,"epsg_codif":"EPSG: 31984 (SIRGAS 2000 - UTM 24S); Codifica\u00e7\u00e3o: UTF-8","bairro":"Presidente Kennedy","cod_bairro":33,"area m2":9340.08}},{"type":"Feature","id":"vw_PracasFortaleza.fid--266d38e4_18dcc52846e_-5455","geometry":{"type":"MultiPolygon","coordinates":[[[[-38.59039611,-3.73734863],[-38.59042202,-3.73752064],[-38.59043627,-3.7375351],[-38.59044619,-3.73753815],[-38.59045687,-3.73753493],[-38.5904698,-3.73752197],[-38.5905122,-3.73738941],[-38.59039611,-3.73734863]]]]},"geometry_name":"the_geom","properties":{"id":336,"nome":"Pra\u00e7a Dr. Jos\u00e9 Frota","nome_pop":"sem informa\u00e7\u00e3o","fonte":"URBIFOR","anoref":2019,"epsg_codif":"EPSG: 31984 (SIRGAS 2000 - UTM 24S); Codifica\u00e7\u00e3o: UTF-8","bairro":"Ant\u00f4nio Bezerra","cod_bairro":40,"area m2":161.56}},{"type":"Feature","id":"vw_PracasFortaleza.fid--266d38e4_18dcc52846e_-5454","geometry":{"type":"MultiPolygon","coordinates":[[[[-38.59487232,-3.73815205],[-38.59423991,-3.73808449],[-38.59417609,-3.73857694],[-38.59420088,-3.73860925],[-38.59477705,-3.73868076],[-38.59479594,-3.73866826],[-38.59480779,-3.73864921],[-38.59487232,-3.73815205]]]]},"geometry_name":"the_geom","properties":{"id":337,"nome":"Pra\u00e7a Joaquim Nogueira","nome_pop":"sem informa\u00e7\u00e3o","fonte":"URBIFOR","anoref":2019,"epsg_codif":"EPSG: 31984 (SIRGAS 2000 - UTM 24S); Codifica\u00e7\u00e3o: UTF-8","bairro":"Ant\u00f4nio Bezerra","cod_bairro":40,"area m2":4137.57}},{"type":"Feature","id":"vw_PracasFortaleza.fid--266d38e4_18dcc52846e_-5453","geometry":{"type":"MultiPolygon","coordinates":[[[[-38.54605653,-3.75408679],[-38.54548749,-3.75437902],[-38.54556797,-3.75448195],[-38.54605903,-3.75409162],[-38.54605653,-3.75408679]]]]},"geometry_name":"the_geom","properties":{"id":402,"nome":"Pra\u00e7a Jos\u00e9 Chaves","nome_pop":"sem informa\u00e7\u00e3o","fonte":"URBIFOR","anoref":2019,"epsg_codif":"EPSG: 31984 (SIRGAS 2000 - UTM 24S); Codifica\u00e7\u00e3o: UTF-8","bairro":"Jardim Am\u00e9rica","cod_bairro":19,"area m2":524.76}},{"type":"Feature","id":"vw_PracasFortaleza.fid--266d38e4_18dcc52846e_-5452","geometry":{"type":"MultiPolygon","coordinates":[[[[-38.60276575,-3.72592894],[-38.60256007,-3.72599241],[-38.60262057,-3.72620545],[-38.60264702,-3.72618554],[-38.60269045,-3.72612982],[-38.60272786,-3.72605257],[-38.60275245,-3.72598157],[-38.60276575,-3.72592894]]]]},"geometry_name":"the_geom","properties":{"id":338,"nome":"Pra\u00e7a Malvina","nome_pop":"sem informa\u00e7\u00e3o","fonte":"URBIFOR","anoref":2019,"epsg_codif":"EPSG: 31984 (SIRGAS 2000 - UTM 24S); Codifica\u00e7\u00e3o: UTF-8","bairro":"Quintino Cunha","cod_bairro":48,"area m2":360.28}},{"type":"Feature","id":"vw_PracasFortaleza.fid--266d38e4_18dcc52846e_-5451","geometry":{"type":"MultiPolygon","coordinates":[[[[-38.56090483,-3.74521956],[-38.56081017,-3.74519355],[-38.56076765,-3.74521793],[-38.56048457,-3.74515289],[-38.56046106,-3.74511251],[-38.56038828,-3.74509863],[-38.56026001,-3.74571326],[-38.56033028,-3.74572284],[-38.56036623,-3.74569223],[-38.56042198,-3.74570283],[-38.56043681,-3.74574761],[-38.560472,-3.74575656],[-38.56050965,-3.7457253],[-38.56068129,-3.74576327],[-38.5606979,-3.74580545],[-38.56076286,-3.74581946],[-38.56087033,-3.74532223],[-38.56091233,-3.74529542],[-38.56092276,-3.7452414],[-38.56090483,-3.74521956]]]]},"geometry_name":"the_geom","properties":{"id":339,"nome":"Pra\u00e7a Monsenhor Linhares","nome_pop":"sem informa\u00e7\u00e3o","fonte":"URBIFOR","anoref":2019,"epsg_codif":"EPSG: 31984 (SIRGAS 2000 - UTM 24S); Codifica\u00e7\u00e3o: UTF-8","bairro":"Amadeu Furtado","cod_bairro":4,"area m2":3719.21}},{"type":"Feature","id":"vw_PracasFortaleza.fid--266d38e4_18dcc52846e_-5450","geometry":{"type":"MultiPolygon","coordinates":[[[[-38.57880322,-3.79749555],[-38.57846607,-3.79750821],[-38.57844917,-3.79751252],[-38.57843439,-3.79753],[-38.57843125,-3.79754914],[-38.57845074,-3.79808763],[-38.57845471,-3.79811534],[-38.57846582,-3.7981297],[-38.5784824,-3.79813674],[-38.57881852,-3.79812088],[-38.57880322,-3.79749555]]]]},"geometry_name":"the_geom","properties":{"id":340,"nome":"Pra\u00e7a Nossa Senhora das Gra\u00e7as","nome_pop":"sem informa\u00e7\u00e3o","fonte":"URBIFOR","anoref":2019,"epsg_codif":"EPSG: 31984 (SIRGAS 2000 - UTM 24S); Codifica\u00e7\u00e3o: UTF-8","bairro":"Vila Manuel S\u00e1tiro","cod_bairro":81,"area m2":2842.23}},{"type":"Feature","id":"vw_PracasFortaleza.fid--266d38e4_18dcc52846e_-544f","geometry":{"type":"MultiPolygon","coordinates":[[[[-38.58588004,-3.72851618],[-38.58572025,-3.72856475],[-38.5857209,-3.72857],[-38.58586411,-3.72863388],[-38.58588004,-3.72851618]]]]},"geometry_name":"the_geom","properties":{"id":341,"nome":"Pra\u00e7a Olavo Oliveira","nome_pop":"sem informa\u00e7\u00e3o","fonte":"URBIFOR","anoref":2019,"epsg_codif":"EPSG: 31984 (SIRGAS 2000 - UTM 24S); Codifica\u00e7\u00e3o: UTF-8","bairro":"Olavo Oliveira","cod_bairro":122,"area m2":115.12}},{"type":"Feature","id":"vw_PracasFortaleza.fid--266d38e4_18dcc52846e_-544e","geometry":{"type":"MultiPolygon","coordinates":[[[[-38.60406483,-3.72968001],[-38.60362961,-3.72980008],[-38.6037542,-3.73026015],[-38.60376838,-3.73026755],[-38.60378231,-3.73025947],[-38.60406483,-3.72968001]]]]},"geometry_name":"the_geom","properties":{"id":342,"nome":"Pra\u00e7a Santa Gorete","nome_pop":"sem informa\u00e7\u00e3o","fonte":"URBIFOR","anoref":2019,"epsg_codif":"EPSG: 31984 (SIRGAS 2000 - UTM 24S); Codifica\u00e7\u00e3o: UTF-8","bairro":"Quintino Cunha","cod_bairro":48,"area m2":1421.92}},{"type":"Feature","id":"vw_PracasFortaleza.fid--266d38e4_18dcc52846e_-544d","geometry":{"type":"MultiPolygon","coordinates":[[[[-38.58765785,-3.73624765],[-38.5873847,-3.73621354],[-38.58737678,-3.73640413],[-38.58731948,-3.73640338],[-38.58731171,-3.73674271],[-38.58717049,-3.73674633],[-38.58717123,-3.73680525],[-38.58763674,-3.736919],[-38.5876474,-3.73665435],[-38.58760901,-3.73662998],[-38.58761519,-3.73649798],[-38.5876564,-3.73647709],[-38.58765785,-3.73624765]]]]},"geometry_name":"the_geom","properties":{"id":343,"nome":"Pra\u00e7a S\u00e3o Francisco","nome_pop":"sem informa\u00e7\u00e3o","fonte":"URBIFOR","anoref":2019,"epsg_codif":"EPSG: 31984 (SIRGAS 2000 - UTM 24S); Codifica\u00e7\u00e3o: UTF-8","bairro":"Ant\u00f4nio Bezerra","cod_bairro":40,"area m2":2598.92}},{"type":"Feature","id":"vw_PracasFortaleza.fid--266d38e4_18dcc52846e_-544c","geometry":{"type":"MultiPolygon","coordinates":[[[[-38.57863409,-3.76310507],[-38.57872146,-3.76305816],[-38.57863107,-3.76287392],[-38.57861813,-3.7628577],[-38.57860274,-3.76285411],[-38.57854682,-3.76288235],[-38.57854233,-3.76290468],[-38.57863409,-3.76310507]]]]},"geometry_name":"the_geom","properties":{"id":347,"nome":"Pra\u00e7a Walderina de Oliveira","nome_pop":"sem informa\u00e7\u00e3o","fonte":"URBIFOR","anoref":2019,"epsg_codif":"EPSG: 31984 (SIRGAS 2000 - UTM 24S); Codifica\u00e7\u00e3o: UTF-8","bairro":"Henrique Jorge","cod_bairro":45,"area m2":275.75}},{"type":"Feature","id":"vw_PracasFortaleza.fid--266d38e4_18dcc52846e_-544b","geometry":{"type":"MultiPolygon","coordinates":[[[[-38.56733946,-3.73346419],[-38.56785372,-3.73346462],[-38.56787529,-3.73342979],[-38.56786307,-3.73299525],[-38.56782617,-3.73296476],[-38.56775847,-3.73296622],[-38.56773042,-3.73299952],[-38.56743728,-3.73300495],[-38.56740238,-3.73296759],[-38.56733386,-3.7329664],[-38.56730877,-3.73299501],[-38.56731733,-3.73343729],[-38.56733946,-3.73346419]]]]},"geometry_name":"the_geom","properties":{"id":348,"nome":"Pra\u00e7a Z\u00e9lia Fontenele","nome_pop":"sem informa\u00e7\u00e3o","fonte":"URBIFOR","anoref":2019,"epsg_codif":"EPSG: 31984 (SIRGAS 2000 - UTM 24S); Codifica\u00e7\u00e3o: UTF-8","bairro":"Presidente Kennedy","cod_bairro":33,"area m2":3240.72}},{"type":"Feature","id":"vw_PracasFortaleza.fid--266d38e4_18dcc52846e_-544a","geometry":{"type":"MultiPolygon","coordinates":[[[[-38.59100469,-3.76926585],[-38.59098879,-3.76926313],[-38.59097289,-3.76926967],[-38.59069658,-3.76985139],[-38.59069512,-3.76987227],[-38.59070209,-3.76988685],[-38.5907193,-3.76989693],[-38.5927047,-3.77026571],[-38.59303712,-3.77083044],[-38.59306921,-3.77083752],[-38.59364304,-3.77038095],[-38.59355643,-3.77026931],[-38.59349507,-3.77029812],[-38.59251485,-3.76938602],[-38.59209744,-3.76983325],[-38.59100469,-3.76926585]]]]},"geometry_name":"the_geom","properties":{"id":350,"nome":"Pra\u00e7a da Juventude 1","nome_pop":"sem informa\u00e7\u00e3o","fonte":"URBIFOR","anoref":2019,"epsg_codif":"EPSG: 31984 (SIRGAS 2000 - UTM 24S); Codifica\u00e7\u00e3o: UTF-8","bairro":"Jo\u00e3o XXIII","cod_bairro":46,"area m2":19980.86}},{"type":"Feature","id":"vw_PracasFortaleza.fid--266d38e4_18dcc52846e_-5449","geometry":{"type":"MultiPolygon","coordinates":[[[[-38.49739474,-3.73293695],[-38.49738905,-3.732937],[-38.49738336,-3.73293714],[-38.49737768,-3.73293739],[-38.497372,-3.73293773],[-38.49736632,-3.73293818],[-38.49736066,-3.73293872],[-38.497355,-3.73293936],[-38.49734936,-3.7329401],[-38.49734373,-3.73294093],[-38.49733811,-3.73294187],[-38.49733252,-3.7329429],[-38.49732694,-3.73294403],[-38.49732138,-3.73294526],[-38.49731584,-3.73294658],[-38.49731033,-3.73294801],[-38.49730484,-3.73294952],[-38.49729938,-3.73295113],[-38.49729395,-3.73295284],[-38.49728855,-3.73295464],[-38.49728318,-3.73295654],[-38.49727784,-3.73295853],[-38.49727254,-3.73296061],[-38.49726728,-3.73296278],[-38.49726205,-3.73296505],[-38.49725687,-3.7329674],[-38.49725172,-3.73296985],[-38.49724662,-3.73297238],[-38.49724157,-3.73297501],[-38.49723655,-3.73297772],[-38.49723159,-3.73298052],[-38.49722668,-3.7329834],[-38.49722181,-3.73298637],[-38.497217,-3.73298942],[-38.49721225,-3.73299256],[-38.49720754,-3.73299578],[-38.4972029,-3.73299908],[-38.49719831,-3.73300246],[-38.49719378,-3.73300593],[-38.49718931,-3.73300947],[-38.4971849,-3.73301308],[-38.49718056,-3.73301678],[-38.49717628,-3.73302054],[-38.49717206,-3.73302439],[-38.49716792,-3.7330283],[-38.49716384,-3.73303229],[-38.49715983,-3.73303635],[-38.49715589,-3.73304048],[-38.49715202,-3.73304467],[-38.49714823,-3.73304893],[-38.49714451,-3.73305326],[-38.49714087,-3.73305765],[-38.4971373,-3.73306211],[-38.49713381,-3.73306662],[-38.4971304,-3.7330712],[-38.49712707,-3.73307583],[-38.49712382,-3.73308053],[-38.49712065,-3.73308528],[-38.49711756,-3.73309008],[-38.49711455,-3.73309493],[-38.49711164,-3.73309984],[-38.4971088,-3.7331048],[-38.49710605,-3.73310981],[-38.49710339,-3.73311486],[-38.49710082,-3.73311996],[-38.49709833,-3.7331251],[-38.49709594,-3.73313029],[-38.49709363,-3.73313552],[-38.49709142,-3.73314078],[-38.49708929,-3.73314609],[-38.49708726,-3.73315143],[-38.49708532,-3.7331568],[-38.49708348,-3.73316221],[-38.49708172,-3.73316765],[-38.49708007,-3.73317312],[-38.4970785,-3.73317862],[-38.49707703,-3.73318414],[-38.49707566,-3.73318969],[-38.49707438,-3.73319526],[-38.4970732,-3.73320085],[-38.49707212,-3.73320647],[-38.49707114,-3.7332121],[-38.49707025,-3.73321774],[-38.49706946,-3.73322341],[-38.49706876,-3.73322908],[-38.49706817,-3.73323477],[-38.49706767,-3.73324046],[-38.49706727,-3.73324617],[-38.49706697,-3.73325188],[-38.49706677,-3.73325759],[-38.49706667,-3.73326331],[-38.49706667,-3.73326902],[-38.49706676,-3.73327474],[-38.49706696,-3.73328045],[-38.49706725,-3.73328616],[-38.49706764,-3.73329187],[-38.49706813,-3.73329756],[-38.49706872,-3.73330325],[-38.49706941,-3.73330892],[-38.49707019,-3.73331459],[-38.49707107,-3.73332024],[-38.49707205,-3.73332587],[-38.49707313,-3.73333148],[-38.4970743,-3.73333708],[-38.49707557,-3.73334265],[-38.49707694,-3.7333482],[-38.4970784,-3.73335372],[-38.49707996,-3.73335922],[-38.49708161,-3.73336469],[-38.49708336,-3.73337014],[-38.4970852,-3.73337555],[-38.49708713,-3.73338092],[-38.49708916,-3.73338627],[-38.49709127,-3.73339157],[-38.49709348,-3.73339684],[-38.49709578,-3.73340207],[-38.49709817,-3.73340726],[-38.49710065,-3.73341241],[-38.49710322,-3.73341751],[-38.49710588,-3.73342257],[-38.49710862,-3.73342758],[-38.49711145,-3.73343254],[-38.49711436,-3.73343745],[-38.49711736,-3.73344231],[-38.49712044,-3.73344711],[-38.4971236,-3.73345187],[-38.49712685,-3.73345656],[-38.49713018,-3.7334612],[-38.49713358,-3.73346578],[-38.49713707,-3.7334703],[-38.49714063,-3.73347476],[-38.49714427,-3.73347916],[-38.49714798,-3.73348349],[-38.49715177,-3.73348775],[-38.49715563,-3.73349195],[-38.49715957,-3.73349609],[-38.49716357,-3.73350015],[-38.49716765,-3.73350414],[-38.49717179,-3.73350806],[-38.497176,-3.73351191],[-38.49718027,-3.73351568],[-38.49718461,-3.73351938],[-38.49718902,-3.733523],[-38.49719348,-3.73352655],[-38.49719801,-3.73353002],[-38.49720259,-3.7335334],[-38.49720724,-3.73353671],[-38.49721193,-3.73353993],[-38.49721669,-3.73354308],[-38.4972215,-3.73354614],[-38.49722636,-3.73354911],[-38.49723127,-3.733552],[-38.49723623,-3.73355481],[-38.49724123,-3.73355752],[-38.49724629,-3.73356015],[-38.49725139,-3.73356269],[-38.49725653,-3.73356514],[-38.49726171,-3.73356751],[-38.49726693,-3.73356978],[-38.49727219,-3.73357196],[-38.49727749,-3.73357404],[-38.49728283,-3.73357604],[-38.49728819,-3.73357794],[-38.49729359,-3.73357975],[-38.49729902,-3.73358146],[-38.49730448,-3.73358308],[-38.49730997,-3.7335846],[-38.49731548,-3.73358603],[-38.49732101,-3.73358736],[-38.49732657,-3.73358859],[-38.49733215,-3.73358973],[-38.49733774,-3.73359077],[-38.49734336,-3.73359171],[-38.49734899,-3.73359256],[-38.49735463,-3.7335933],[-38.49736028,-3.73359395],[-38.49736595,-3.7335945],[-38.49737162,-3.73359494],[-38.4973773,-3.7335953],[-38.49738299,-3.73359555],[-38.49738868,-3.7335957],[-38.49739437,-3.73359575],[-38.49740006,-3.73359571],[-38.49740575,-3.73359556],[-38.49741144,-3.73359531],[-38.49741712,-3.73359497],[-38.49741891,-3.73359483],[-38.49741927,-3.73359484],[-38.4974212,-3.73359494],[-38.49742313,-3.73359508],[-38.49742506,-3.73359525],[-38.49742698,-3.73359545],[-38.4974289,-3.73359568],[-38.49743082,-3.73359595],[-38.49743272,-3.73359626],[-38.49743463,-3.73359659],[-38.49743653,-3.73359696],[-38.49743842,-3.73359736],[-38.4974403,-3.7335978],[-38.49744218,-3.73359827],[-38.49744405,-3.73359877],[-38.4974459,-3.7335993],[-38.49744775,-3.73359987],[-38.49744959,-3.73360047],[-38.49745142,-3.7336011],[-38.49745324,-3.73360176],[-38.49745504,-3.73360246],[-38.49745684,-3.73360318],[-38.49745862,-3.73360394],[-38.49746038,-3.73360473],[-38.49746214,-3.73360555],[-38.49746387,-3.7336064],[-38.4974656,-3.73360728],[-38.4974673,-3.73360819],[-38.497469,-3.73360913],[-38.49747067,-3.7336101],[-38.49747233,-3.7336111],[-38.49747397,-3.73361213],[-38.49747559,-3.73361318],[-38.4974772,-3.73361427],[-38.49747878,-3.73361538],[-38.49748034,-3.73361652],[-38.49748189,-3.73361769],[-38.49748341,-3.73361888],[-38.49748492,-3.7336201],[-38.4974864,-3.73362135],[-38.49748786,-3.73362262],[-38.4974893,-3.73362392],[-38.49749071,-3.73362524],[-38.49749211,-3.73362659],[-38.49749347,-3.73362796],[-38.49749482,-3.73362936],[-38.49749614,-3.73363078],[-38.49749743,-3.73363222],[-38.4974987,-3.73363368],[-38.49749995,-3.73363517],[-38.49750116,-3.73363668],[-38.49750236,-3.73363821],[-38.49750352,-3.73363976],[-38.49750466,-3.73364133],[-38.49750577,-3.73364292],[-38.49750685,-3.73364452],[-38.49750791,-3.73364615],[-38.49750893,-3.7336478],[-38.49752475,-3.73364208],[-38.49752462,-3.73364082],[-38.49752452,-3.73363955],[-38.49752444,-3.73363829],[-38.49752438,-3.73363702],[-38.49752434,-3.73363576],[-38.49752432,-3.73363449],[-38.49752432,-3.73363323],[-38.49752435,-3.73363196],[-38.49752439,-3.73363069],[-38.49752446,-3.73362943],[-38.49752455,-3.73362817],[-38.49752466,-3.7336269],[-38.49752479,-3.73362565],[-38.49752494,-3.73362439],[-38.49752512,-3.73362313],[-38.49752531,-3.73362188],[-38.49752553,-3.73362063],[-38.49752576,-3.73361939],[-38.49752602,-3.73361815],[-38.4975263,-3.73361692],[-38.4975266,-3.73361569],[-38.49752692,-3.73361446],[-38.49752726,-3.73361324],[-38.49752762,-3.73361203],[-38.49752801,-3.73361082],[-38.49752841,-3.73360962],[-38.49752883,-3.73360843],[-38.49752927,-3.73360724],[-38.49752974,-3.73360606],[-38.49753022,-3.73360489],[-38.49753072,-3.73360373],[-38.49753124,-3.73360258],[-38.49753178,-3.73360144],[-38.49753234,-3.7336003],[-38.49753292,-3.73359918],[-38.49756082,-3.73355678],[-38.49756136,-3.73355598],[-38.49756191,-3.73355518],[-38.49756247,-3.7335544],[-38.49756304,-3.73355362],[-38.49756363,-3.73355286],[-38.49756423,-3.7335521],[-38.49756485,-3.73355136],[-38.49756547,-3.73355063],[-38.49756611,-3.7335499],[-38.49756677,-3.73354919],[-38.49756743,-3.73354849],[-38.49756811,-3.73354781],[-38.49756879,-3.73354713],[-38.49756949,-3.73354647],[-38.4975702,-3.73354581],[-38.49757093,-3.73354517],[-38.49757166,-3.73354455],[-38.4975724,-3.73354393],[-38.4975778,-3.7335395],[-38.49758157,-3.73353692],[-38.49758622,-3.73353362],[-38.49759081,-3.73353024],[-38.49759534,-3.73352678],[-38.4975998,-3.73352324],[-38.49760421,-3.73351962],[-38.49760856,-3.73351593],[-38.49761284,-3.73351216],[-38.49761705,-3.73350832],[-38.4976212,-3.7335044],[-38.49762528,-3.73350041],[-38.49762928,-3.73349636],[-38.49763322,-3.73349223],[-38.49763709,-3.73348803],[-38.49764088,-3.73348377],[-38.4976446,-3.73347944],[-38.49764825,-3.73347505],[-38.49765181,-3.7334706],[-38.4976553,-3.73346608],[-38.49765871,-3.7334615],[-38.49766205,-3.73345687],[-38.4976653,-3.73345218],[-38.49766847,-3.73344743],[-38.49767155,-3.73344263],[-38.49767456,-3.73343777],[-38.49767748,-3.73343286],[-38.49768031,-3.7334279],[-38.49768306,-3.7334229],[-38.49768572,-3.73341784],[-38.49768829,-3.73341274],[-38.49769078,-3.7334076],[-38.49769318,-3.73340241],[-38.49769548,-3.73339719],[-38.4976977,-3.73339192],[-38.49769982,-3.73338662],[-38.49770185,-3.73338128],[-38.49770379,-3.7333759],[-38.49770564,-3.73337049],[-38.49770739,-3.73336505],[-38.49770905,-3.73335958],[-38.49771061,-3.73335409],[-38.49771208,-3.73334856],[-38.49771345,-3.73334301],[-38.49771473,-3.73333744],[-38.49771591,-3.73333185],[-38.49771699,-3.73332624],[-38.49771798,-3.73332061],[-38.49771887,-3.73331496],[-38.49771966,-3.7333093],[-38.49772035,-3.73330362],[-38.49772095,-3.73329794],[-38.49772144,-3.73329224],[-38.49772184,-3.73328654],[-38.49772214,-3.73328083],[-38.49772234,-3.73327512],[-38.49772244,-3.7332694],[-38.49772245,-3.73326368],[-38.49772235,-3.73325797],[-38.49772216,-3.73325225],[-38.49772186,-3.73324654],[-38.49772147,-3.73324084],[-38.49772098,-3.73323514],[-38.49772039,-3.73322946],[-38.49771971,-3.73322378],[-38.49771892,-3.73321812],[-38.49771804,-3.73321247],[-38.49771706,-3.73320684],[-38.49771598,-3.73320122],[-38.49771481,-3.73319563],[-38.49771354,-3.73319006],[-38.49771217,-3.73318451],[-38.49771071,-3.73317898],[-38.49770915,-3.73317348],[-38.4977075,-3.73316801],[-38.49770576,-3.73316257],[-38.49770392,-3.73315716],[-38.49770198,-3.73315178],[-38.49769996,-3.73314644],[-38.49769784,-3.73314113],[-38.49769563,-3.73313586],[-38.49769333,-3.73313063],[-38.49769094,-3.73312544],[-38.49768846,-3.7331203],[-38.49768589,-3.73311519],[-38.49768324,-3.73311014],[-38.4976805,-3.73310513],[-38.49767767,-3.73310017],[-38.49767475,-3.73309526],[-38.49767176,-3.7330904],[-38.49766867,-3.73308559],[-38.49766551,-3.73308084],[-38.49766226,-3.73307614],[-38.49765894,-3.7330715],[-38.49765553,-3.73306692],[-38.49765205,-3.7330624],[-38.49764848,-3.73305794],[-38.49764484,-3.73305355],[-38.49764113,-3.73304922],[-38.49763734,-3.73304495],[-38.49763348,-3.73304075],[-38.49762955,-3.73303662],[-38.49762554,-3.73303256],[-38.49762147,-3.73302856],[-38.49761732,-3.73302464],[-38.49761312,-3.7330208],[-38.49760884,-3.73301702],[-38.4976045,-3.73301332],[-38.4976001,-3.7330097],[-38.49759563,-3.73300616],[-38.49759111,-3.73300269],[-38.49758652,-3.7329993],[-38.49758188,-3.732996],[-38.49757718,-3.73299277],[-38.49757242,-3.73298963],[-38.49756762,-3.73298657],[-38.49756276,-3.73298359],[-38.49755785,-3.7329807],[-38.49755289,-3.7329779],[-38.49754788,-3.73297518],[-38.49754283,-3.73297255],[-38.49753773,-3.73297001],[-38.49753259,-3.73296756],[-38.4975274,-3.7329652],[-38.49752218,-3.73296293],[-38.49751692,-3.73296075],[-38.49751162,-3.73295866],[-38.49750629,-3.73295667],[-38.49750092,-3.73295476],[-38.49749552,-3.73295296],[-38.49749009,-3.73295124],[-38.49748463,-3.73294963],[-38.49747915,-3.7329481],[-38.49747363,-3.73294668],[-38.4974681,-3.73294534],[-38.49746254,-3.73294411],[-38.49745697,-3.73294297],[-38.49745137,-3.73294193],[-38.49744576,-3.73294099],[-38.49744013,-3.73294015],[-38.49743448,-3.7329394],[-38.49742883,-3.73293876],[-38.49742316,-3.73293821],[-38.49741749,-3.73293776],[-38.49741181,-3.73293741],[-38.49740612,-3.73293716],[-38.49740043,-3.73293701],[-38.49739474,-3.73293695]]]]},"geometry_name":"the_geom","properties":{"id":293,"nome":"Pra\u00e7a Portugal","nome_pop":"sem informa\u00e7\u00e3o","fonte":"URBIFOR","anoref":2019,"epsg_codif":"EPSG: 31984 (SIRGAS 2000 - UTM 24S); Codifica\u00e7\u00e3o: UTF-8","bairro":"Aldeota","cod_bairro":2,"area m2":4220.08}},{"type":"Feature","id":"vw_PracasFortaleza.fid--266d38e4_18dcc52846e_-5448","geometry":{"type":"MultiPolygon","coordinates":[[[[-38.48360298,-3.76437784],[-38.48358286,-3.76436947],[-38.48295412,-3.76436762],[-38.48291865,-3.76438875],[-38.48286814,-3.76493731],[-38.48290048,-3.76496118],[-38.48357116,-3.76495094],[-38.48360198,-3.76492031],[-38.48360298,-3.76437784]]]]},"geometry_name":"the_geom","properties":{"id":295,"nome":"Pra\u00e7a Patriolino Ribeiro","nome_pop":"sem informa\u00e7\u00e3o","fonte":"URBIFOR","anoref":2019,"epsg_codif":"EPSG: 31984 (SIRGAS 2000 - UTM 24S); Codifica\u00e7\u00e3o: UTF-8","bairro":"Guararapes","cod_bairro":60,"area m2":5100.66}},{"type":"Feature","id":"vw_PracasFortaleza.fid--266d38e4_18dcc52846e_-5447","geometry":{"type":"MultiPolygon","coordinates":[[[[-38.48436653,-3.72459032],[-38.48416584,-3.7246104],[-38.48421653,-3.72513892],[-38.48442498,-3.72511622],[-38.48436653,-3.72459032]]]]},"geometry_name":"the_geom","properties":{"id":296,"nome":"Pra\u00e7a Nossa Senhora da Sa\u00fade","nome_pop":"sem informa\u00e7\u00e3o","fonte":"URBIFOR","anoref":2019,"epsg_codif":"EPSG: 31984 (SIRGAS 2000 - UTM 24S); Codifica\u00e7\u00e3o: UTF-8","bairro":"Mucuripe","cod_bairro":26,"area m2":1339.13}},{"type":"Feature","id":"vw_PracasFortaleza.fid--266d38e4_18dcc52846e_-5446","geometry":{"type":"MultiPolygon","coordinates":[[[[-38.47774245,-3.72631251],[-38.47758501,-3.72641428],[-38.47772909,-3.72662114],[-38.4777537,-3.72663344],[-38.47778727,-3.72662161],[-38.47789785,-3.7265445],[-38.47774245,-3.72631251]]]]},"geometry_name":"the_geom","properties":{"id":297,"nome":"Pra\u00e7a Narcisa Borges","nome_pop":"sem informa\u00e7\u00e3o","fonte":"URBIFOR","anoref":2019,"epsg_codif":"EPSG: 31984 (SIRGAS 2000 - UTM 24S); Codifica\u00e7\u00e3o: UTF-8","bairro":"Vicente Pinzon","cod_bairro":37,"area m2":635.91}},{"type":"Feature","id":"vw_PracasFortaleza.fid--266d38e4_18dcc52846e_-5445","geometry":{"type":"MultiPolygon","coordinates":[[[[-38.47682973,-3.74574284],[-38.47684727,-3.74570851],[-38.47661745,-3.74507058],[-38.4765832,-3.74506087],[-38.47576372,-3.74532894],[-38.47574228,-3.74536917],[-38.47576422,-3.74543073],[-38.47581932,-3.74545544],[-38.475952,-3.74590622],[-38.47592224,-3.74597413],[-38.47596685,-3.74603688],[-38.4760003,-3.74603842],[-38.47682973,-3.74574284]]]]},"geometry_name":"the_geom","properties":{"id":298,"nome":"Pra\u00e7a Martins Dourado","nome_pop":"sem informa\u00e7\u00e3o","fonte":"URBIFOR","anoref":2019,"epsg_codif":"EPSG: 31984 (SIRGAS 2000 - UTM 24S); Codifica\u00e7\u00e3o: UTF-8","bairro":"Coc\u00f3","cod_bairro":11,"area m2":8200.02}},{"type":"Feature","id":"vw_PracasFortaleza.fid--266d38e4_18dcc52846e_-5444","geometry":{"type":"MultiPolygon","coordinates":[[[[-38.48922984,-3.73802168],[-38.48909158,-3.7375813],[-38.4890744,-3.73804783],[-38.48922984,-3.73802168]]]]},"geometry_name":"the_geom","properties":{"id":299,"nome":"Pra\u00e7a Maria Tom\u00e1sia","nome_pop":"sem informa\u00e7\u00e3o","fonte":"URBIFOR","anoref":2019,"epsg_codif":"EPSG: 31984 (SIRGAS 2000 - UTM 24S); Codifica\u00e7\u00e3o: UTF-8","bairro":"Aldeota","cod_bairro":2,"area m2":442.62}},{"type":"Feature","id":"vw_PracasFortaleza.fid--266d38e4_18dcc52846e_-5443","geometry":{"type":"MultiPolygon","coordinates":[[[[-38.49348164,-3.78549999],[-38.49266258,-3.78574426],[-38.49264267,-3.7857873],[-38.49276566,-3.78622702],[-38.49280703,-3.78624511],[-38.49361638,-3.78597766],[-38.49364159,-3.78592504],[-38.49352313,-3.78551932],[-38.49348164,-3.78549999]]]]},"geometry_name":"the_geom","properties":{"id":300,"nome":"Pra\u00e7a Maia","nome_pop":"sem informa\u00e7\u00e3o","fonte":"URBIFOR","anoref":2019,"epsg_codif":"EPSG: 31984 (SIRGAS 2000 - UTM 24S); Codifica\u00e7\u00e3o: UTF-8","bairro":"Luciano Cavalcante","cod_bairro":58,"area m2":5736.04}},{"type":"Feature","id":"vw_PracasFortaleza.fid--266d38e4_18dcc52846e_-5442","geometry":{"type":"MultiPolygon","coordinates":[[[[-38.51005563,-3.73090409],[-38.51001052,-3.7308779],[-38.50910175,-3.7311755],[-38.50906937,-3.73122096],[-38.5094992,-3.73253097],[-38.50952947,-3.73255415],[-38.51044699,-3.73225064],[-38.51046053,-3.73220224],[-38.51005563,-3.73090409]]]]},"geometry_name":"the_geom","properties":{"id":301,"nome":"Pra\u00e7a Luiza T\u00e1vora","nome_pop":"sem informa\u00e7\u00e3o","fonte":"URBIFOR","anoref":2019,"epsg_codif":"EPSG: 31984 (SIRGAS 2000 - UTM 24S); Codifica\u00e7\u00e3o: UTF-8","bairro":"Aldeota","cod_bairro":2,"area m2":18140.55}},{"type":"Feature","id":"vw_PracasFortaleza.fid--266d38e4_18dcc52846e_-5441","geometry":{"type":"MultiPolygon","coordinates":[[[[-38.59707793,-3.74558886],[-38.59682032,-3.74556321],[-38.59676926,-3.74599334],[-38.59678395,-3.74601333],[-38.5973868,-3.74607669],[-38.59739899,-3.74607197],[-38.59740255,-3.7460559],[-38.59730142,-3.74594271],[-38.59717549,-3.74576686],[-38.59707793,-3.74558886]]]]},"geometry_name":"the_geom","properties":{"id":346,"nome":"Pra\u00e7a Tupinamb\u00e1 da Frota","nome_pop":"sem informa\u00e7\u00e3o","fonte":"URBIFOR","anoref":2019,"epsg_codif":"EPSG: 31984 (SIRGAS 2000 - UTM 24S); Codifica\u00e7\u00e3o: UTF-8","bairro":"Ant\u00f4nio Bezerra","cod_bairro":40,"area m2":2440.13}},{"type":"Feature","id":"vw_PracasFortaleza.fid--266d38e4_18dcc52846e_-5440","geometry":{"type":"MultiPolygon","coordinates":[[[[-38.58163964,-3.75241162],[-38.5810552,-3.75273493],[-38.5816423,-3.75384319],[-38.58224331,-3.75341552],[-38.58224095,-3.75327277],[-38.58175471,-3.75240571],[-38.58163964,-3.75241162]]]]},"geometry_name":"the_geom","properties":{"id":351,"nome":"Areninha do Pici","nome_pop":"sem informa\u00e7\u00e3o","fonte":"URBIFOR","anoref":2019,"epsg_codif":"EPSG: 31984 (SIRGAS 2000 - UTM 24S); Codifica\u00e7\u00e3o: UTF-8","bairro":"Pici","cod_bairro":106,"area m2":11580.22}},{"type":"Feature","id":"vw_PracasFortaleza.fid--266d38e4_18dcc52846e_-543f","geometry":{"type":"MultiPolygon","coordinates":[[[[-38.58837987,-3.78554674],[-38.58824665,-3.78563146],[-38.5884688,-3.78585629],[-38.58847862,-3.785847],[-38.58839886,-3.78555132],[-38.58837987,-3.78554674]]]]},"geometry_name":"the_geom","properties":{"id":352,"nome":"Pra\u00e7a Anselmo Nogueira","nome_pop":"sem informa\u00e7\u00e3o","fonte":"URBIFOR","anoref":2019,"epsg_codif":"EPSG: 31984 (SIRGAS 2000 - UTM 24S); Codifica\u00e7\u00e3o: UTF-8","bairro":"Bonsucesso","cod_bairro":73,"area m2":355.54}},{"type":"Feature","id":"vw_PracasFortaleza.fid--266d38e4_18dcc52846e_-543e","geometry":{"type":"MultiPolygon","coordinates":[[[[-38.55312775,-3.7392652],[-38.5524283,-3.73914414],[-38.55232345,-3.73973469],[-38.55296826,-3.73986921],[-38.55301697,-3.73983535],[-38.55312775,-3.7392652]]]]},"geometry_name":"the_geom","properties":{"id":353,"nome":"Pra\u00e7a Ari de S\u00e1","nome_pop":"sem informa\u00e7\u00e3o","fonte":"URBIFOR","anoref":2019,"epsg_codif":"EPSG: 31984 (SIRGAS 2000 - UTM 24S); Codifica\u00e7\u00e3o: UTF-8","bairro":"Amadeu Furtado","cod_bairro":4,"area m2":5286.27}},{"type":"Feature","id":"vw_PracasFortaleza.fid--266d38e4_18dcc52846e_-543d","geometry":{"type":"MultiPolygon","coordinates":[[[[-38.54578392,-3.73400495],[-38.54571219,-3.73398226],[-38.54568333,-3.73429937],[-38.54563609,-3.73447026],[-38.54571398,-3.73448471],[-38.54578392,-3.73400495]]]]},"geometry_name":"the_geom","properties":{"id":354,"nome":"Pra\u00e7a da Rua Azevedo Bol\u00e3o","nome_pop":"sem informa\u00e7\u00e3o","fonte":"URBIFOR","anoref":2019,"epsg_codif":"EPSG: 31984 (SIRGAS 2000 - UTM 24S); Codifica\u00e7\u00e3o: UTF-8","bairro":"Parque Arax\u00e1","cod_bairro":28,"area m2":399.62}},{"type":"Feature","id":"vw_PracasFortaleza.fid--266d38e4_18dcc52846e_-543c","geometry":{"type":"MultiPolygon","coordinates":[[[[-38.53984536,-3.75464459],[-38.54002997,-3.75467727],[-38.53980665,-3.75443364],[-38.53984536,-3.75464459]]]]},"geometry_name":"the_geom","properties":{"id":355,"nome":"Pra\u00e7a Ant\u00f4nio Mendes","nome_pop":"sem informa\u00e7\u00e3o","fonte":"URBIFOR","anoref":2019,"epsg_codif":"EPSG: 31984 (SIRGAS 2000 - UTM 24S); Codifica\u00e7\u00e3o: UTF-8","bairro":"Jardim Am\u00e9rica","cod_bairro":19,"area m2":231.41}},{"type":"Feature","id":"vw_PracasFortaleza.fid--266d38e4_18dcc52846e_-543b","geometry":{"type":"MultiPolygon","coordinates":[[[[-38.54910924,-3.75744662],[-38.54904991,-3.75737831],[-38.54874259,-3.757562],[-38.54879736,-3.75763942],[-38.54850525,-3.75783071],[-38.54855698,-3.75789599],[-38.54906664,-3.75756807],[-38.54902404,-3.75749824],[-38.54910924,-3.75744662]]]]},"geometry_name":"the_geom","properties":{"id":356,"nome":"Pra\u00e7a da Capela da Sagrada Fam\u00edlia","nome_pop":"sem informa\u00e7\u00e3o","fonte":"URBIFOR","anoref":2019,"epsg_codif":"EPSG: 31984 (SIRGAS 2000 - UTM 24S); Codifica\u00e7\u00e3o: UTF-8","bairro":"Bom Futuro","cod_bairro":8,"area m2":1038.06}},{"type":"Feature","id":"vw_PracasFortaleza.fid--266d38e4_18dcc52846e_-543a","geometry":{"type":"MultiPolygon","coordinates":[[[[-38.53616279,-3.79468309],[-38.53593227,-3.79439435],[-38.5349399,-3.79551504],[-38.53505598,-3.79566838],[-38.53616279,-3.79468309]]]]},"geometry_name":"the_geom","properties":{"id":358,"nome":"\u00c1rea Verde da Rua Professora Stella Cochrane","nome_pop":"sem informa\u00e7\u00e3o","fonte":"URBIFOR","anoref":2019,"epsg_codif":"EPSG: 31984 (SIRGAS 2000 - UTM 24S); Codifica\u00e7\u00e3o: UTF-8","bairro":"Itaperi","cod_bairro":100,"area m2":5090.96}},{"type":"Feature","id":"vw_PracasFortaleza.fid--266d38e4_18dcc52846e_-5439","geometry":{"type":"MultiPolygon","coordinates":[[[[-38.53719678,-3.7701195],[-38.53645814,-3.77035],[-38.53642698,-3.77038248],[-38.536611,-3.77098617],[-38.53742884,-3.77066415],[-38.53722683,-3.77013055],[-38.53719678,-3.7701195]]]]},"geometry_name":"the_geom","properties":{"id":359,"nome":"Areninha Vila Uni\u00e3o","nome_pop":"sem informa\u00e7\u00e3o","fonte":"URBIFOR","anoref":2019,"epsg_codif":"EPSG: 31984 (SIRGAS 2000 - UTM 24S); Codifica\u00e7\u00e3o: UTF-8","bairro":"vila Uni\u00e3o","cod_bairro":109,"area m2":6534}},{"type":"Feature","id":"vw_PracasFortaleza.fid--266d38e4_18dcc52846e_-5438","geometry":{"type":"MultiPolygon","coordinates":[[[[-38.53199418,-3.74959736],[-38.5320087,-3.74959171],[-38.53182679,-3.74900517],[-38.53163558,-3.74916753],[-38.53199418,-3.74959736]]]]},"geometry_name":"the_geom","properties":{"id":400,"nome":"Pra\u00e7a Jaime Ben\u00e9volo Mangueira","nome_pop":"sem informa\u00e7\u00e3o","fonte":"URBIFOR","anoref":2019,"epsg_codif":"EPSG: 31984 (SIRGAS 2000 - UTM 24S); Codifica\u00e7\u00e3o: UTF-8","bairro":"F\u00e1tima","cod_bairro":16,"area m2":921}},{"type":"Feature","id":"vw_PracasFortaleza.fid--266d38e4_18dcc52846e_-5437","geometry":{"type":"MultiPolygon","coordinates":[[[[-38.56769819,-3.78454688],[-38.56774998,-3.78457682],[-38.56882618,-3.78418302],[-38.56865763,-3.78373504],[-38.56832313,-3.78386099],[-38.56820331,-3.78356174],[-38.56811649,-3.78360329],[-38.56822159,-3.78386004],[-38.56814948,-3.7840633],[-38.56812745,-3.78408556],[-38.56798738,-3.78402882],[-38.5675759,-3.78419929],[-38.56769819,-3.78454688]]]]},"geometry_name":"the_geom","properties":{"id":360,"nome":"Pra\u00e7a 1\u00ba de Janeiro","nome_pop":"sem informa\u00e7\u00e3o","fonte":"URBIFOR","anoref":2019,"epsg_codif":"EPSG: 31984 (SIRGAS 2000 - UTM 24S); Codifica\u00e7\u00e3o: UTF-8","bairro":"Parangaba","cod_bairro":105,"area m2":6717.19}},{"type":"Feature","id":"vw_PracasFortaleza.fid--266d38e4_18dcc52846e_-5436","geometry":{"type":"MultiPolygon","coordinates":[[[[-38.52594064,-3.74133933],[-38.52572451,-3.74077052],[-38.5257019,-3.74074797],[-38.52567365,-3.74075361],[-38.52539959,-3.74084947],[-38.52540241,-3.7408692],[-38.52593065,-3.74134951],[-38.52594064,-3.74133933]]]]},"geometry_name":"the_geom","properties":{"id":361,"nome":"Pra\u00e7a 1\u00ba de Maio","nome_pop":"sem informa\u00e7\u00e3o","fonte":"URBIFOR","anoref":2019,"epsg_codif":"EPSG: 31984 (SIRGAS 2000 - UTM 24S); Codifica\u00e7\u00e3o: UTF-8","bairro":"Jos\u00e9 Bonif\u00e1cio","cod_bairro":23,"area m2":1422.58}},{"type":"Feature","id":"vw_PracasFortaleza.fid--266d38e4_18dcc52846e_-5435","geometry":{"type":"MultiPolygon","coordinates":[[[[-38.53716708,-3.75715976],[-38.53717764,-3.7571765],[-38.53769728,-3.75701582],[-38.53761411,-3.75677365],[-38.53716708,-3.75715976]]]]},"geometry_name":"the_geom","properties":{"id":362,"nome":"Pra\u00e7a Amancio Cavalcante","nome_pop":"sem informa\u00e7\u00e3o","fonte":"URBIFOR","anoref":2019,"epsg_codif":"EPSG: 31984 (SIRGAS 2000 - UTM 24S); Codifica\u00e7\u00e3o: UTF-8","bairro":"Parre\u00e3o","cod_bairro":30,"area m2":925.92}},{"type":"Feature","id":"vw_PracasFortaleza.fid--266d38e4_18dcc52846e_-5434","geometry":{"type":"MultiPolygon","coordinates":[[[[-38.581602,-3.78737664],[-38.58111307,-3.78706933],[-38.58110735,-3.78707595],[-38.58146942,-3.7874603],[-38.5815085,-3.78746224],[-38.581602,-3.78737664]]]]},"geometry_name":"the_geom","properties":{"id":363,"nome":"Pra\u00e7a Ant\u00f4nio Epit\u00e1cio Pinheiro","nome_pop":"sem informa\u00e7\u00e3o","fonte":"URBIFOR","anoref":2019,"epsg_codif":"EPSG: 31984 (SIRGAS 2000 - UTM 24S); Codifica\u00e7\u00e3o: UTF-8","bairro":"Vila Peri","cod_bairro":108,"area m2":551.34}},{"type":"Feature","id":"vw_PracasFortaleza.fid--266d38e4_18dcc52846e_-5433","geometry":{"type":"MultiPolygon","coordinates":[[[[-38.52944312,-3.74639759],[-38.52899624,-3.74654342],[-38.52899205,-3.74656662],[-38.52929805,-3.74746638],[-38.5293233,-3.74747382],[-38.52974928,-3.74733747],[-38.52977049,-3.74731499],[-38.5294759,-3.74640742],[-38.52944312,-3.74639759]]]]},"geometry_name":"the_geom","properties":{"id":364,"nome":"Pra\u00e7a Argentina Castelo Branco","nome_pop":"sem informa\u00e7\u00e3o","fonte":"URBIFOR","anoref":2019,"epsg_codif":"EPSG: 31984 (SIRGAS 2000 - UTM 24S); Codifica\u00e7\u00e3o: UTF-8","bairro":"F\u00e1tima","cod_bairro":16,"area m2":6087.63}},{"type":"Feature","id":"vw_PracasFortaleza.fid--266d38e4_18dcc52846e_-5432","geometry":{"type":"MultiPolygon","coordinates":[[[[-38.57790086,-3.77982864],[-38.57770374,-3.77995221],[-38.57810856,-3.78058253],[-38.57830421,-3.78046003],[-38.57830813,-3.78043943],[-38.57791693,-3.7798284],[-38.57790086,-3.77982864]]]]},"geometry_name":"the_geom","properties":{"id":365,"nome":"Pra\u00e7a Bernadete de Lourdes Montenegro","nome_pop":"sem informa\u00e7\u00e3o","fonte":"URBIFOR","anoref":2019,"epsg_codif":"EPSG: 31984 (SIRGAS 2000 - UTM 24S); Codifica\u00e7\u00e3o: UTF-8","bairro":"Parangaba","cod_bairro":105,"area m2":2259.52}},{"type":"Feature","id":"vw_PracasFortaleza.fid--266d38e4_18dcc52846e_-5431","geometry":{"type":"MultiPolygon","coordinates":[[[[-38.55817664,-3.77812941],[-38.55818151,-3.77811453],[-38.55798628,-3.77770863],[-38.55725627,-3.77764939],[-38.55744558,-3.7782337],[-38.55747365,-3.77824613],[-38.55792937,-3.77808834],[-38.55817664,-3.77812941]]]]},"geometry_name":"the_geom","properties":{"id":367,"nome":"Pra\u00e7a Bom Jesus","nome_pop":"sem informa\u00e7\u00e3o","fonte":"URBIFOR","anoref":2019,"epsg_codif":"EPSG: 31984 (SIRGAS 2000 - UTM 24S); Codifica\u00e7\u00e3o: UTF-8","bairro":"Parangaba","cod_bairro":105,"area m2":4311.19}},{"type":"Feature","id":"vw_PracasFortaleza.fid--266d38e4_18dcc52846e_-5430","geometry":{"type":"MultiPolygon","coordinates":[[[[-38.58764265,-3.79111631],[-38.58762846,-3.79110794],[-38.58737743,-3.79132623],[-38.58737411,-3.7913393],[-38.58746122,-3.79145744],[-38.58750008,-3.79145857],[-38.58764265,-3.79111631]]]]},"geometry_name":"the_geom","properties":{"id":368,"nome":"Pra\u00e7a Capela de S\u00e3o Jos\u00e9","nome_pop":"sem informa\u00e7\u00e3o","fonte":"URBIFOR","anoref":2019,"epsg_codif":"EPSG: 31984 (SIRGAS 2000 - UTM 24S); Codifica\u00e7\u00e3o: UTF-8","bairro":"Vila Peri","cod_bairro":108,"area m2":445.74}},{"type":"Feature","id":"vw_PracasFortaleza.fid--266d38e4_18dcc52846e_-542f","geometry":{"type":"MultiPolygon","coordinates":[[[[-38.56332836,-3.78141422],[-38.56335606,-3.78139768],[-38.56314207,-3.7808588],[-38.56304745,-3.78092731],[-38.56332836,-3.78141422]]]]},"geometry_name":"the_geom","properties":{"id":369,"nome":"Pra\u00e7a Conjunto Maraj\u00f3","nome_pop":"sem informa\u00e7\u00e3o","fonte":"URBIFOR","anoref":2019,"epsg_codif":"EPSG: 31984 (SIRGAS 2000 - UTM 24S); Codifica\u00e7\u00e3o: UTF-8","bairro":"Parangaba","cod_bairro":105,"area m2":514.52}},{"type":"Feature","id":"vw_PracasFortaleza.fid--266d38e4_18dcc52846e_-542e","geometry":{"type":"MultiPolygon","coordinates":[[[[-38.55576488,-3.78103457],[-38.55578106,-3.78098193],[-38.55558572,-3.78055112],[-38.55552346,-3.7805261],[-38.55538041,-3.78058414],[-38.55536487,-3.78062608],[-38.55559587,-3.78107591],[-38.55564634,-3.78109213],[-38.55576488,-3.78103457]]]]},"geometry_name":"the_geom","properties":{"id":371,"nome":"Pra\u00e7a da Capela Nossa Senhora de F\u00e1tima","nome_pop":"sem informa\u00e7\u00e3o","fonte":"URBIFOR","anoref":2019,"epsg_codif":"EPSG: 31984 (SIRGAS 2000 - UTM 24S); Codifica\u00e7\u00e3o: UTF-8","bairro":"Parangaba","cod_bairro":105,"area m2":1493.27}},{"type":"Feature","id":"vw_PracasFortaleza.fid--266d38e4_18dcc52846e_-542d","geometry":{"type":"MultiPolygon","coordinates":[[[[-38.53766625,-3.7440247],[-38.53767818,-3.74399743],[-38.53766374,-3.74397151],[-38.53707661,-3.74334503],[-38.53702506,-3.74334206],[-38.5368349,-3.74351264],[-38.53682409,-3.74353175],[-38.53683171,-3.74355488],[-38.53720904,-3.74436468],[-38.53723028,-3.74437319],[-38.53725702,-3.74436782],[-38.53766625,-3.7440247]]]]},"geometry_name":"the_geom","properties":{"id":372,"nome":"Pra\u00e7a da Gentil\u00e2ndia","nome_pop":"sem informa\u00e7\u00e3o","fonte":"URBIFOR","anoref":2019,"epsg_codif":"EPSG: 31984 (SIRGAS 2000 - UTM 24S); Codifica\u00e7\u00e3o: UTF-8","bairro":"Benfica","cod_bairro":7,"area m2":5260.95}},{"type":"Feature","id":"vw_PracasFortaleza.fid--266d38e4_18dcc52846e_-542c","geometry":{"type":"MultiPolygon","coordinates":[[[[-38.55147043,-3.76828282],[-38.55141563,-3.7682272],[-38.55120652,-3.76814824],[-38.551227,-3.7682981],[-38.55147043,-3.76828282]]]]},"geometry_name":"the_geom","properties":{"id":373,"nome":"Pra\u00e7a da Igreja Nossa Senhora Aparecida","nome_pop":"sem informa\u00e7\u00e3o","fonte":"URBIFOR","anoref":2019,"epsg_codif":"EPSG: 31984 (SIRGAS 2000 - UTM 24S); Codifica\u00e7\u00e3o: UTF-8","bairro":"Montese","cod_bairro":103,"area m2":270.8}},{"type":"Feature","id":"vw_PracasFortaleza.fid--266d38e4_18dcc52846e_-542b","geometry":{"type":"MultiPolygon","coordinates":[[[[-38.54909985,-3.77770539],[-38.54905995,-3.7776899],[-38.54858347,-3.77805898],[-38.54856919,-3.77809494],[-38.54861876,-3.77822052],[-38.54879832,-3.77814634],[-38.54878218,-3.77808653],[-38.54885077,-3.77805685],[-38.5487989,-3.77794999],[-38.54911222,-3.77773947],[-38.54909985,-3.77770539]]]]},"geometry_name":"the_geom","properties":{"id":374,"nome":"Pra\u00e7a da Igreja Perp\u00e9tua do Socorro","nome_pop":"sem informa\u00e7\u00e3o","fonte":"URBIFOR","anoref":2019,"epsg_codif":"EPSG: 31984 (SIRGAS 2000 - UTM 24S); Codifica\u00e7\u00e3o: UTF-8","bairro":"Serrinha","cod_bairro":107,"area m2":849.87}},{"type":"Feature","id":"vw_PracasFortaleza.fid--266d38e4_18dcc52846e_-542a","geometry":{"type":"MultiPolygon","coordinates":[[[[-38.57086637,-3.75856666],[-38.57084503,-3.75853552],[-38.57082222,-3.75852485],[-38.57079344,-3.75852675],[-38.57032948,-3.75883003],[-38.57032154,-3.75885084],[-38.57032476,-3.75887408],[-38.57042321,-3.75902541],[-38.57045777,-3.75899783],[-38.57038544,-3.75888262],[-38.57086637,-3.75856666]]]]},"geometry_name":"the_geom","properties":{"id":375,"nome":"Pra\u00e7a da Lavanderia","nome_pop":"sem informa\u00e7\u00e3o","fonte":"URBIFOR","anoref":2019,"epsg_codif":"EPSG: 31984 (SIRGAS 2000 - UTM 24S); Codifica\u00e7\u00e3o: UTF-8","bairro":"Dem\u00f3crito Rocha","cod_bairro":97,"area m2":630.58}},{"type":"Feature","id":"vw_PracasFortaleza.fid--266d38e4_18dcc52846e_-5429","geometry":{"type":"MultiPolygon","coordinates":[[[[-38.56401517,-3.77458324],[-38.56385313,-3.77445399],[-38.56371994,-3.77461867],[-38.5637413,-3.77467213],[-38.56354594,-3.77494103],[-38.5634607,-3.77494257],[-38.56332253,-3.77512251],[-38.56352077,-3.77527965],[-38.56355733,-3.77527866],[-38.56376085,-3.77501811],[-38.56401699,-3.77463482],[-38.56401517,-3.77458324]]]]},"geometry_name":"the_geom","properties":{"id":376,"nome":"Pra\u00e7a da Matriz da Parangaba","nome_pop":"sem informa\u00e7\u00e3o","fonte":"URBIFOR","anoref":2019,"epsg_codif":"EPSG: 31984 (SIRGAS 2000 - UTM 24S); Codifica\u00e7\u00e3o: UTF-8","bairro":"Parangaba","cod_bairro":105,"area m2":2542.15}},{"type":"Feature","id":"vw_PracasFortaleza.fid--266d38e4_18dcc52846e_-5428","geometry":{"type":"MultiPolygon","coordinates":[[[[-38.56828007,-3.76111441],[-38.56814855,-3.7609218],[-38.56760949,-3.76126097],[-38.56774324,-3.76146164],[-38.56778291,-3.76147053],[-38.56827307,-3.76114901],[-38.56828007,-3.76111441]]]]},"geometry_name":"the_geom","properties":{"id":378,"nome":"Pra\u00e7a da Rep\u00fablica Marupiara","nome_pop":"sem informa\u00e7\u00e3o","fonte":"URBIFOR","anoref":2019,"epsg_codif":"EPSG: 31984 (SIRGAS 2000 - UTM 24S); Codifica\u00e7\u00e3o: UTF-8","bairro":"Dem\u00f3crito Rocha","cod_bairro":97,"area m2":2062.74}},{"type":"Feature","id":"vw_PracasFortaleza.fid--266d38e4_18dcc52846e_-5427","geometry":{"type":"MultiPolygon","coordinates":[[[[-38.54707266,-3.76873042],[-38.54707273,-3.76873764],[-38.54707784,-3.76874247],[-38.54725252,-3.76870512],[-38.54727294,-3.76868821],[-38.54727943,-3.76867161],[-38.54728042,-3.76864817],[-38.54726876,-3.76862798],[-38.5472503,-3.76861593],[-38.54723248,-3.76861006],[-38.54722049,-3.76861396],[-38.54707266,-3.76873042]]]]},"geometry_name":"the_geom","properties":{"id":379,"nome":"Pra\u00e7a da Saudade","nome_pop":"sem informa\u00e7\u00e3o","fonte":"URBIFOR","anoref":2019,"epsg_codif":"EPSG: 31984 (SIRGAS 2000 - UTM 24S); Codifica\u00e7\u00e3o: UTF-8","bairro":"Montese","cod_bairro":103,"area m2":159.76}},{"type":"Feature","id":"vw_PracasFortaleza.fid--266d38e4_18dcc52846e_-5426","geometry":{"type":"MultiPolygon","coordinates":[[[[-38.56127643,-3.76268655],[-38.56149401,-3.76256265],[-38.56151742,-3.7625309],[-38.56163993,-3.76244297],[-38.56164231,-3.76241197],[-38.5613485,-3.76194592],[-38.56120381,-3.7620119],[-38.56127643,-3.76268655]]]]},"geometry_name":"the_geom","properties":{"id":381,"nome":"Pra\u00e7a das Costureiras","nome_pop":"sem informa\u00e7\u00e3o","fonte":"URBIFOR","anoref":2019,"epsg_codif":"EPSG: 31984 (SIRGAS 2000 - UTM 24S); Codifica\u00e7\u00e3o: UTF-8","bairro":"Dem\u00f3crito Rocha","cod_bairro":97,"area m2":2274.93}},{"type":"Feature","id":"vw_PracasFortaleza.fid--266d38e4_18dcc52846e_-5425","geometry":{"type":"MultiPolygon","coordinates":[[[[-38.53831682,-3.74343592],[-38.53747593,-3.7424837],[-38.53744799,-3.74248462],[-38.53716801,-3.74272432],[-38.53716377,-3.74274615],[-38.53801286,-3.7436887],[-38.5380445,-3.74369657],[-38.53831887,-3.74345891],[-38.53831682,-3.74343592]]]]},"geometry_name":"the_geom","properties":{"id":401,"nome":"Pra\u00e7a Jo\u00e3o Gentil","nome_pop":"sem informa\u00e7\u00e3o","fonte":"URBIFOR","anoref":2019,"epsg_codif":"EPSG: 31984 (SIRGAS 2000 - UTM 24S); Codifica\u00e7\u00e3o: UTF-8","bairro":"Benfica","cod_bairro":7,"area m2":6438.94}},{"type":"Feature","id":"vw_PracasFortaleza.fid--266d38e4_18dcc52846e_-5424","geometry":{"type":"MultiPolygon","coordinates":[[[[-38.55600139,-3.78449435],[-38.55582293,-3.7842795],[-38.5557865,-3.78424038],[-38.5557519,-3.78423105],[-38.55567033,-3.78424032],[-38.55561347,-3.78427319],[-38.55557018,-3.7843371],[-38.55556274,-3.7843973],[-38.55557383,-3.78444882],[-38.55575414,-3.78467608],[-38.5557912,-3.78470776],[-38.55584433,-3.78472703],[-38.55592466,-3.78472334],[-38.55596916,-3.78470102],[-38.55601876,-3.78464878],[-38.55603224,-3.78458747],[-38.55602547,-3.78453595],[-38.55600139,-3.78449435]]]]},"geometry_name":"the_geom","properties":{"id":382,"nome":"Pra\u00e7a das Na\u00e7\u00f5es","nome_pop":"sem informa\u00e7\u00e3o","fonte":"URBIFOR","anoref":2019,"epsg_codif":"EPSG: 31984 (SIRGAS 2000 - UTM 24S); Codifica\u00e7\u00e3o: UTF-8","bairro":"Itaperi","cod_bairro":100,"area m2":1829.78}},{"type":"Feature","id":"vw_PracasFortaleza.fid--266d38e4_18dcc52846e_-5423","geometry":{"type":"MultiPolygon","coordinates":[[[[-38.53997306,-3.75244357],[-38.539791,-3.75161391],[-38.53976435,-3.75159785],[-38.53924841,-3.75171925],[-38.53922741,-3.75174864],[-38.53941447,-3.75256731],[-38.53944144,-3.75259537],[-38.53995164,-3.75248056],[-38.53997306,-3.75244357]]]]},"geometry_name":"the_geom","properties":{"id":383,"nome":"Pra\u00e7a Delmiro Gouveia","nome_pop":"sem informa\u00e7\u00e3o","fonte":"URBIFOR","anoref":2019,"epsg_codif":"EPSG: 31984 (SIRGAS 2000 - UTM 24S); Codifica\u00e7\u00e3o: UTF-8","bairro":"Jardim Am\u00e9rica","cod_bairro":19,"area m2":6345.83}},{"type":"Feature","id":"vw_PracasFortaleza.fid--266d38e4_18dcc52846e_-5422","geometry":{"type":"MultiPolygon","coordinates":[[[[-38.56845957,-3.75621091],[-38.56847018,-3.75617309],[-38.56793394,-3.75533292],[-38.56740904,-3.75566805],[-38.5679425,-3.75650762],[-38.56797918,-3.75651364],[-38.56845957,-3.75621091]]]]},"geometry_name":"the_geom","properties":{"id":406,"nome":"Pra\u00e7a Mau\u00e1","nome_pop":"sem informa\u00e7\u00e3o","fonte":"URBIFOR","anoref":2019,"epsg_codif":"EPSG: 31984 (SIRGAS 2000 - UTM 24S); Codifica\u00e7\u00e3o: UTF-8","bairro":"Panamericano","cod_bairro":104,"area m2":7815.95}},{"type":"Feature","id":"vw_PracasFortaleza.fid--266d38e4_18dcc52846e_-5421","geometry":{"type":"MultiPolygon","coordinates":[[[[-38.48789275,-3.83750591],[-38.48690871,-3.8374747],[-38.48713236,-3.83859686],[-38.48789275,-3.83750591]]]]},"geometry_name":"the_geom","properties":{"id":19,"nome":"Pra\u00e7a Arthur Braga","nome_pop":"sem informa\u00e7\u00e3o","fonte":"URBIFOR","anoref":2019,"epsg_codif":"EPSG: 31984 (SIRGAS 2000 - UTM 24S); Codifica\u00e7\u00e3o: UTF-8","bairro":"Messejana","cod_bairro":65,"area m2":6738.41}},{"type":"Feature","id":"vw_PracasFortaleza.fid--266d38e4_18dcc52846e_-5420","geometry":{"type":"MultiPolygon","coordinates":[[[[-38.54278506,-3.78168903],[-38.54235653,-3.78183967],[-38.5423208,-3.78187888],[-38.54228429,-3.78216732],[-38.54298128,-3.78229166],[-38.54292152,-3.7820747],[-38.54281702,-3.78169622],[-38.54278506,-3.78168903]]]]},"geometry_name":"the_geom","properties":{"id":385,"nome":"Pra\u00e7a do Campo do Omeg\u00e3o","nome_pop":"sem informa\u00e7\u00e3o","fonte":"URBIFOR","anoref":2019,"epsg_codif":"EPSG: 31984 (SIRGAS 2000 - UTM 24S); Codifica\u00e7\u00e3o: UTF-8","bairro":"Serrinha","cod_bairro":107,"area m2":3389.72}},{"type":"Feature","id":"vw_PracasFortaleza.fid--266d38e4_18dcc52846e_-541f","geometry":{"type":"MultiPolygon","coordinates":[[[[-38.56197701,-3.75843522],[-38.56183906,-3.75822093],[-38.5618202,-3.75821237],[-38.56179728,-3.75821102],[-38.56161941,-3.75831128],[-38.5616118,-3.75833475],[-38.5616212,-3.75835311],[-38.56170165,-3.75840772],[-38.56191451,-3.75849337],[-38.5619518,-3.75849575],[-38.56198035,-3.7584637],[-38.56197701,-3.75843522]]]]},"geometry_name":"the_geom","properties":{"id":386,"nome":"Pra\u00e7a do Chafariz","nome_pop":"sem informa\u00e7\u00e3o","fonte":"URBIFOR","anoref":2019,"epsg_codif":"EPSG: 31984 (SIRGAS 2000 - UTM 24S); Codifica\u00e7\u00e3o: UTF-8","bairro":"Couto Fernandes","cod_bairro":96,"area m2":703.51}},{"type":"Feature","id":"vw_PracasFortaleza.fid--266d38e4_18dcc52846e_-541e","geometry":{"type":"MultiPolygon","coordinates":[[[[-38.55800195,-3.78090012],[-38.5579331,-3.78073947],[-38.55771616,-3.78082895],[-38.55777457,-3.78101377],[-38.55779637,-3.78102379],[-38.55799493,-3.78091652],[-38.55800195,-3.78090012]]]]},"geometry_name":"the_geom","properties":{"id":387,"nome":"Pra\u00e7a do Conjunto Itapu\u00e1","nome_pop":"sem informa\u00e7\u00e3o","fonte":"URBIFOR","anoref":2019,"epsg_codif":"EPSG: 31984 (SIRGAS 2000 - UTM 24S); Codifica\u00e7\u00e3o: UTF-8","bairro":"Parangaba","cod_bairro":105,"area m2":595.28}},{"type":"Feature","id":"vw_PracasFortaleza.fid--266d38e4_18dcc52846e_-541d","geometry":{"type":"MultiPolygon","coordinates":[[[[-38.58185969,-3.78753657],[-38.58172975,-3.78745454],[-38.58168583,-3.78745218],[-38.58163695,-3.78748647],[-38.58160178,-3.78752578],[-38.58159365,-3.78757872],[-38.58168835,-3.78769139],[-38.58185969,-3.78753657]]]]},"geometry_name":"the_geom","properties":{"id":388,"nome":"Pra\u00e7a do Posto Gutemberg Braun","nome_pop":"sem informa\u00e7\u00e3o","fonte":"URBIFOR","anoref":2019,"epsg_codif":"EPSG: 31984 (SIRGAS 2000 - UTM 24S); Codifica\u00e7\u00e3o: UTF-8","bairro":"Vila Peri","cod_bairro":108,"area m2":439.78}},{"type":"Feature","id":"vw_PracasFortaleza.fid--266d38e4_18dcc52846e_-541c","geometry":{"type":"MultiPolygon","coordinates":[[[[-38.54495576,-3.77013594],[-38.54496257,-3.77011964],[-38.54495098,-3.7701067],[-38.54470387,-3.77012729],[-38.5446942,-3.77013457],[-38.54472011,-3.77022301],[-38.54495576,-3.77013594]]]]},"geometry_name":"the_geom","properties":{"id":389,"nome":"Pra\u00e7a do Posto Maral","nome_pop":"sem informa\u00e7\u00e3o","fonte":"URBIFOR","anoref":2019,"epsg_codif":"EPSG: 31984 (SIRGAS 2000 - UTM 24S); Codifica\u00e7\u00e3o: UTF-8","bairro":"Aeroporto","cod_bairro":92,"area m2":200.34}},{"type":"Feature","id":"vw_PracasFortaleza.fid--266d38e4_18dcc52846e_-541b","geometry":{"type":"MultiPolygon","coordinates":[[[[-38.53490109,-3.77223582],[-38.53546951,-3.77207899],[-38.53552243,-3.77226807],[-38.53614155,-3.77212601],[-38.53617191,-3.77225356],[-38.53678669,-3.77209336],[-38.53680243,-3.77201392],[-38.53674868,-3.77191266],[-38.53628607,-3.77164247],[-38.53607611,-3.77164939],[-38.53534407,-3.7718432],[-38.53500168,-3.77193433],[-38.53490021,-3.77203233],[-38.53487452,-3.77214951],[-38.53490109,-3.77223582]]]]},"geometry_name":"the_geom","properties":{"id":390,"nome":"Pra\u00e7a do Vaqueiro","nome_pop":"sem informa\u00e7\u00e3o","fonte":"URBIFOR","anoref":2019,"epsg_codif":"EPSG: 31984 (SIRGAS 2000 - UTM 24S); Codifica\u00e7\u00e3o: UTF-8","bairro":"Aeroporto","cod_bairro":92,"area m2":9106.57}},{"type":"Feature","id":"vw_PracasFortaleza.fid--266d38e4_18dcc52846e_-541a","geometry":{"type":"MultiPolygon","coordinates":[[[[-38.56466121,-3.77387029],[-38.56435421,-3.77365051],[-38.56424131,-3.77379874],[-38.56428657,-3.77388382],[-38.56394618,-3.77432881],[-38.56395027,-3.77437129],[-38.5640987,-3.77449244],[-38.56414029,-3.77449244],[-38.56417595,-3.77448058],[-38.56466121,-3.77387029]]]]},"geometry_name":"the_geom","properties":{"id":391,"nome":"Pra\u00e7a dos Caboclos","nome_pop":"sem informa\u00e7\u00e3o","fonte":"URBIFOR","anoref":2019,"epsg_codif":"EPSG: 31984 (SIRGAS 2000 - UTM 24S); Codifica\u00e7\u00e3o: UTF-8","bairro":"Parangaba","cod_bairro":105,"area m2":3067.99}},{"type":"Feature","id":"vw_PracasFortaleza.fid--266d38e4_18dcc52846e_-5419","geometry":{"type":"MultiPolygon","coordinates":[[[[-38.57689757,-3.78884545],[-38.57690321,-3.78882751],[-38.57671682,-3.78863223],[-38.57666914,-3.78863249],[-38.57651773,-3.78847639],[-38.57652672,-3.78842338],[-38.57651682,-3.78841028],[-38.57645885,-3.78840527],[-38.57627285,-3.78821244],[-38.57628038,-3.78815063],[-38.57617908,-3.78803809],[-38.5761365,-3.78803655],[-38.57600695,-3.78789106],[-38.57600738,-3.78785848],[-38.57586474,-3.78770118],[-38.57583583,-3.78771736],[-38.57587869,-3.78883301],[-38.575896,-3.7888581],[-38.57592639,-3.78887185],[-38.57689757,-3.78884545]]]]},"geometry_name":"the_geom","properties":{"id":392,"nome":"Pra\u00e7a dos Encontros","nome_pop":"sem informa\u00e7\u00e3o","fonte":"URBIFOR","anoref":2019,"epsg_codif":"EPSG: 31984 (SIRGAS 2000 - UTM 24S); Codifica\u00e7\u00e3o: UTF-8","bairro":"Vila Peri","cod_bairro":108,"area m2":7304.59}},{"type":"Feature","id":"vw_PracasFortaleza.fid--266d38e4_18dcc52846e_-5418","geometry":{"type":"MultiPolygon","coordinates":[[[[-38.53031461,-3.74840251],[-38.53028082,-3.74839669],[-38.52994313,-3.74850396],[-38.52999031,-3.74865863],[-38.53000956,-3.74866241],[-38.53031461,-3.74840251]]]]},"geometry_name":"the_geom","properties":{"id":393,"nome":"Pra\u00e7a Dr. Jos\u00e9 Tupinamb\u00e1","nome_pop":"sem informa\u00e7\u00e3o","fonte":"URBIFOR","anoref":2019,"epsg_codif":"EPSG: 31984 (SIRGAS 2000 - UTM 24S); Codifica\u00e7\u00e3o: UTF-8","bairro":"F\u00e1tima","cod_bairro":16,"area m2":454.37}},{"type":"Feature","id":"vw_PracasFortaleza.fid--266d38e4_18dcc52846e_-5417","geometry":{"type":"MultiPolygon","coordinates":[[[[-38.54983953,-3.78381057],[-38.54999455,-3.78418637],[-38.55013738,-3.78412908],[-38.54999025,-3.78375007],[-38.54983953,-3.78381057]]]]},"geometry_name":"the_geom","properties":{"id":394,"nome":"Pra\u00e7a Ecol\u00f3gica Guaribal","nome_pop":"sem informa\u00e7\u00e3o","fonte":"URBIFOR","anoref":2019,"epsg_codif":"EPSG: 31984 (SIRGAS 2000 - UTM 24S); Codifica\u00e7\u00e3o: UTF-8","bairro":"Serrinha","cod_bairro":107,"area m2":789.68}},{"type":"Feature","id":"vw_PracasFortaleza.fid--266d38e4_18dcc52846e_-5416","geometry":{"type":"MultiPolygon","coordinates":[[[[-38.54206047,-3.78543865],[-38.54214372,-3.78594776],[-38.54216159,-3.78595685],[-38.54227352,-3.78581626],[-38.5422969,-3.78574271],[-38.54232439,-3.78549133],[-38.54236148,-3.7853507],[-38.54235102,-3.78534018],[-38.54206047,-3.78543865]]]]},"geometry_name":"the_geom","properties":{"id":395,"nome":"Pra\u00e7a Estudante Juc\u00e1","nome_pop":"sem informa\u00e7\u00e3o","fonte":"URBIFOR","anoref":2019,"epsg_codif":"EPSG: 31984 (SIRGAS 2000 - UTM 24S); Codifica\u00e7\u00e3o: UTF-8","bairro":"Serrinha","cod_bairro":107,"area m2":1326.59}},{"type":"Feature","id":"vw_PracasFortaleza.fid--266d38e4_18dcc52846e_-5415","geometry":{"type":"MultiPolygon","coordinates":[[[[-38.54645081,-3.75093957],[-38.54602992,-3.75047431],[-38.54603007,-3.75043442],[-38.54599267,-3.75040081],[-38.54594385,-3.75039839],[-38.54587702,-3.75045389],[-38.54587875,-3.75051517],[-38.54547019,-3.75088529],[-38.54540658,-3.75088485],[-38.54524591,-3.75102455],[-38.54584521,-3.75168838],[-38.5459489,-3.75158398],[-38.54594094,-3.75153093],[-38.54641954,-3.75110054],[-38.5464796,-3.75110298],[-38.54655797,-3.75104071],[-38.54656496,-3.75098735],[-38.54653207,-3.75094417],[-38.54645081,-3.75093957]]]]},"geometry_name":"the_geom","properties":{"id":396,"nome":"Pra\u00e7a Frei Galv\u00e3o","nome_pop":"sem informa\u00e7\u00e3o","fonte":"URBIFOR","anoref":2019,"epsg_codif":"EPSG: 31984 (SIRGAS 2000 - UTM 24S); Codifica\u00e7\u00e3o: UTF-8","bairro":"Damas","cod_bairro":13,"area m2":9738.71}},{"type":"Feature","id":"vw_PracasFortaleza.fid--266d38e4_18dcc52846e_-5414","geometry":{"type":"MultiPolygon","coordinates":[[[[-38.53489928,-3.74466688],[-38.53481581,-3.74473469],[-38.53480784,-3.7447746],[-38.53433213,-3.74517484],[-38.53431623,-3.74519479],[-38.53431887,-3.74521209],[-38.53433608,-3.74522141],[-38.53436225,-3.74522808],[-38.53474473,-3.74515044],[-38.53485786,-3.74510899],[-38.53496928,-3.74504079],[-38.5350049,-3.7450019],[-38.53502365,-3.74493804],[-38.53501904,-3.74486852],[-38.53495624,-3.74466957],[-38.53492707,-3.74465954],[-38.53489928,-3.74466688]]],[[[-38.53524392,-3.74541216],[-38.53512433,-3.74502872],[-38.53509036,-3.74495437],[-38.53508108,-3.74495437],[-38.53501694,-3.74509138],[-38.53488644,-3.74516582],[-38.53488859,-3.74517497],[-38.53503077,-3.74522976],[-38.53515523,-3.74532696],[-38.5352214,-3.74541814],[-38.53524392,-3.74541216]]]]},"geometry_name":"the_geom","properties":{"id":397,"nome":"Pra\u00e7a General Sampaio","nome_pop":"sem informa\u00e7\u00e3o","fonte":"URBIFOR","anoref":2019,"epsg_codif":"EPSG: 31984 (SIRGAS 2000 - UTM 24S); Codifica\u00e7\u00e3o: UTF-8","bairro":"F\u00e1tima","cod_bairro":16,"area m2":2822.19}},{"type":"Feature","id":"vw_PracasFortaleza.fid--266d38e4_18dcc52846e_-5413","geometry":{"type":"MultiPolygon","coordinates":[[[[-38.53352046,-3.7686925],[-38.53405276,-3.7684768],[-38.53408279,-3.76848751],[-38.53413389,-3.76846824],[-38.5341495,-3.76842072],[-38.53396432,-3.7679332],[-38.5339198,-3.76792255],[-38.53387446,-3.76794143],[-38.53384986,-3.76799287],[-38.53352714,-3.76811194],[-38.53347324,-3.7680868],[-38.53330325,-3.76815252],[-38.53352046,-3.7686925]]]]},"geometry_name":"the_geom","properties":{"id":398,"nome":"Pra\u00e7a Haroldo Jorge Vieira","nome_pop":"sem informa\u00e7\u00e3o","fonte":"URBIFOR","anoref":2019,"epsg_codif":"EPSG: 31984 (SIRGAS 2000 - UTM 24S); Codifica\u00e7\u00e3o: UTF-8","bairro":"vila Uni\u00e3o","cod_bairro":109,"area m2":4674.35}},{"type":"Feature","id":"vw_PracasFortaleza.fid--266d38e4_18dcc52846e_-5412","geometry":{"type":"MultiPolygon","coordinates":[[[[-38.56181907,-3.77394214],[-38.56207858,-3.77360811],[-38.56206442,-3.7735545],[-38.56220257,-3.77338283],[-38.56223398,-3.77337454],[-38.56231396,-3.77327605],[-38.56231066,-3.77324518],[-38.56225501,-3.77320925],[-38.5617813,-3.77380389],[-38.56181907,-3.77394214]]]]},"geometry_name":"the_geom","properties":{"id":399,"nome":"Pra\u00e7a Humberto Albano Cambraia","nome_pop":"sem informa\u00e7\u00e3o","fonte":"URBIFOR","anoref":2019,"epsg_codif":"EPSG: 31984 (SIRGAS 2000 - UTM 24S); Codifica\u00e7\u00e3o: UTF-8","bairro":"Parangaba","cod_bairro":105,"area m2":922.23}},{"type":"Feature","id":"vw_PracasFortaleza.fid--266d38e4_18dcc52846e_-5411","geometry":{"type":"MultiPolygon","coordinates":[[[[-38.52354309,-3.75536655],[-38.52331262,-3.75541019],[-38.52314533,-3.75554419],[-38.52304621,-3.75577828],[-38.52302848,-3.7559436],[-38.52309583,-3.75613137],[-38.52326154,-3.7563192],[-38.5233697,-3.75637996],[-38.52373355,-3.75653825],[-38.52397244,-3.7565285],[-38.52418468,-3.75641005],[-38.52430843,-3.75623084],[-38.52434645,-3.7560883],[-38.52433951,-3.75593161],[-38.52425952,-3.75574524],[-38.52412048,-3.75560825],[-38.52372855,-3.75540336],[-38.52354309,-3.75536655]]]]},"geometry_name":"the_geom","properties":{"id":405,"nome":"Pra\u00e7a Manoel Dias Branco","nome_pop":"sem informa\u00e7\u00e3o","fonte":"URBIFOR","anoref":2019,"epsg_codif":"EPSG: 31984 (SIRGAS 2000 - UTM 24S); Codifica\u00e7\u00e3o: UTF-8","bairro":"F\u00e1tima","cod_bairro":16,"area m2":14094.85}},{"type":"Feature","id":"vw_PracasFortaleza.fid--266d38e4_18dcc52846e_-5410","geometry":{"type":"MultiPolygon","coordinates":[[[[-38.52669813,-3.75147552],[-38.52668181,-3.7514455],[-38.52635398,-3.75139926],[-38.52632815,-3.7514551],[-38.52647827,-3.75164028],[-38.52650587,-3.75164515],[-38.52669813,-3.75147552]]],[[[-38.5264224,-3.75168814],[-38.52621019,-3.75142602],[-38.52548642,-3.75133457],[-38.52545866,-3.75135706],[-38.52523678,-3.7526749],[-38.52526589,-3.75268465],[-38.52641995,-3.75171243],[-38.5264224,-3.75168814]]]]},"geometry_name":"the_geom","properties":{"id":407,"nome":"Pra\u00e7a Nossa Senhora de F\u00e1tima","nome_pop":"sem informa\u00e7\u00e3o","fonte":"URBIFOR","anoref":2019,"epsg_codif":"EPSG: 31984 (SIRGAS 2000 - UTM 24S); Codifica\u00e7\u00e3o: UTF-8","bairro":"F\u00e1tima","cod_bairro":16,"area m2":10514.39}},{"type":"Feature","id":"vw_PracasFortaleza.fid--266d38e4_18dcc52846e_-540f","geometry":{"type":"MultiPolygon","coordinates":[[[[-38.54065316,-3.75647509],[-38.54044823,-3.75656273],[-38.54033112,-3.75647207],[-38.54030509,-3.75648119],[-38.54039838,-3.75686259],[-38.54044451,-3.75688155],[-38.54074901,-3.75673402],[-38.54075943,-3.75670763],[-38.54065316,-3.75647509]]]]},"geometry_name":"the_geom","properties":{"id":408,"nome":"Pra\u00e7a Nossa Senhora de Nazar\u00e9","nome_pop":"sem informa\u00e7\u00e3o","fonte":"URBIFOR","anoref":2019,"epsg_codif":"EPSG: 31984 (SIRGAS 2000 - UTM 24S); Codifica\u00e7\u00e3o: UTF-8","bairro":"Jardim Am\u00e9rica","cod_bairro":19,"area m2":1402.87}},{"type":"Feature","id":"vw_PracasFortaleza.fid--266d38e4_18dcc52846e_-540e","geometry":{"type":"MultiPolygon","coordinates":[[[[-38.53847929,-3.7607379],[-38.53899355,-3.7604461],[-38.5390087,-3.76041499],[-38.53895488,-3.7602544],[-38.53891825,-3.76031574],[-38.53883509,-3.76038592],[-38.53835406,-3.76053733],[-38.53847929,-3.7607379]]]]},"geometry_name":"the_geom","properties":{"id":409,"nome":"Pra\u00e7a Parque Parre\u00e3o 2","nome_pop":"sem informa\u00e7\u00e3o","fonte":"URBIFOR","anoref":2019,"epsg_codif":"EPSG: 31984 (SIRGAS 2000 - UTM 24S); Codifica\u00e7\u00e3o: UTF-8","bairro":"Parre\u00e3o","cod_bairro":30,"area m2":1365.03}},{"type":"Feature","id":"vw_PracasFortaleza.fid--266d38e4_18dcc52846e_-540d","geometry":{"type":"MultiPolygon","coordinates":[[[[-38.56246587,-3.75600945],[-38.56218572,-3.75555927],[-38.56164718,-3.75586665],[-38.56192987,-3.75632919],[-38.56197105,-3.75633178],[-38.56245257,-3.7560279],[-38.56246587,-3.75600945]]]]},"geometry_name":"the_geom","properties":{"id":410,"nome":"Pra\u00e7a Pio X","nome_pop":"sem informa\u00e7\u00e3o","fonte":"URBIFOR","anoref":2019,"epsg_codif":"EPSG: 31984 (SIRGAS 2000 - UTM 24S); Codifica\u00e7\u00e3o: UTF-8","bairro":"Panamericano","cod_bairro":104,"area m2":4214.78}},{"type":"Feature","id":"vw_PracasFortaleza.fid--266d38e4_18dcc52846e_-540c","geometry":{"type":"MultiPolygon","coordinates":[[[[-38.52802439,-3.74304756],[-38.52786253,-3.74255748],[-38.52782775,-3.74255568],[-38.52774904,-3.74302138],[-38.52776293,-3.74303615],[-38.52800916,-3.74306105],[-38.52802439,-3.74304756]]]]},"geometry_name":"the_geom","properties":{"id":411,"nome":"Pra\u00e7a Pl\u00e1cido de Castro","nome_pop":"sem informa\u00e7\u00e3o","fonte":"URBIFOR","anoref":2019,"epsg_codif":"EPSG: 31984 (SIRGAS 2000 - UTM 24S); Codifica\u00e7\u00e3o: UTF-8","bairro":"Jos\u00e9 Bonif\u00e1cio","cod_bairro":23,"area m2":948.63}},{"type":"Feature","id":"vw_PracasFortaleza.fid--266d38e4_18dcc52846e_-540b","geometry":{"type":"MultiPolygon","coordinates":[[[[-38.53792763,-3.74612471],[-38.5378586,-3.74598231],[-38.53777926,-3.74620175],[-38.53781448,-3.74621148],[-38.53792763,-3.74612471]]]]},"geometry_name":"the_geom","properties":{"id":412,"nome":"Pra\u00e7a Presidente Vargas","nome_pop":"sem informa\u00e7\u00e3o","fonte":"URBIFOR","anoref":2019,"epsg_codif":"EPSG: 31984 (SIRGAS 2000 - UTM 24S); Codifica\u00e7\u00e3o: UTF-8","bairro":"Benfica","cod_bairro":7,"area m2":187.95}},{"type":"Feature","id":"vw_PracasFortaleza.fid--266d38e4_18dcc52846e_-540a","geometry":{"type":"MultiPolygon","coordinates":[[[[-38.53239695,-3.74657357],[-38.53186868,-3.7467425],[-38.53186165,-3.74676874],[-38.53193516,-3.74698348],[-38.53196063,-3.74699518],[-38.53241719,-3.74660375],[-38.53239695,-3.74657357]]]]},"geometry_name":"the_geom","properties":{"id":413,"nome":"Pra\u00e7a R\u00e1dio Amador Teobaldo Scerni","nome_pop":"sem informa\u00e7\u00e3o","fonte":"URBIFOR","anoref":2019,"epsg_codif":"EPSG: 31984 (SIRGAS 2000 - UTM 24S); Codifica\u00e7\u00e3o: UTF-8","bairro":"F\u00e1tima","cod_bairro":16,"area m2":1102.55}},{"type":"Feature","id":"vw_PracasFortaleza.fid--266d38e4_18dcc52846e_-5409","geometry":{"type":"MultiPolygon","coordinates":[[[[-38.54365408,-3.76274068],[-38.54353242,-3.76258923],[-38.54352232,-3.76259162],[-38.54358073,-3.7627653],[-38.54365408,-3.76274068]]]]},"geometry_name":"the_geom","properties":{"id":415,"nome":"Pra\u00e7a da Rua Padre Jo\u00e3o Piamarta","nome_pop":"sem informa\u00e7\u00e3o","fonte":"URBIFOR","anoref":2019,"epsg_codif":"EPSG: 31984 (SIRGAS 2000 - UTM 24S); Codifica\u00e7\u00e3o: UTF-8","bairro":"Parre\u00e3o","cod_bairro":30,"area m2":98.25}},{"type":"Feature","id":"vw_PracasFortaleza.fid--266d38e4_18dcc52846e_-5408","geometry":{"type":"MultiPolygon","coordinates":[[[[-38.5622084,-3.76413474],[-38.56221177,-3.76410704],[-38.56203477,-3.76381821],[-38.56200264,-3.76380833],[-38.5618073,-3.76393597],[-38.56180707,-3.76397281],[-38.56197707,-3.7642523],[-38.56200881,-3.76426072],[-38.5622084,-3.76413474]]]]},"geometry_name":"the_geom","properties":{"id":416,"nome":"Pra\u00e7a da Santa Em\u00edlia","nome_pop":"sem informa\u00e7\u00e3o","fonte":"URBIFOR","anoref":2019,"epsg_codif":"EPSG: 31984 (SIRGAS 2000 - UTM 24S); Codifica\u00e7\u00e3o: UTF-8","bairro":"Dem\u00f3crito Rocha","cod_bairro":97,"area m2":1286.62}},{"type":"Feature","id":"vw_PracasFortaleza.fid--266d38e4_18dcc52846e_-5407","geometry":{"type":"MultiPolygon","coordinates":[[[[-38.5739545,-3.77556462],[-38.57398129,-3.77557211],[-38.57427532,-3.77539572],[-38.57427028,-3.77537182],[-38.57377619,-3.77519266],[-38.57376144,-3.77520033],[-38.57375317,-3.77521396],[-38.5739545,-3.77556462]]]]},"geometry_name":"the_geom","properties":{"id":417,"nome":"Pra\u00e7a Santa L\u00edgia","nome_pop":"sem informa\u00e7\u00e3o","fonte":"URBIFOR","anoref":2019,"epsg_codif":"EPSG: 31984 (SIRGAS 2000 - UTM 24S); Codifica\u00e7\u00e3o: UTF-8","bairro":"Parangaba","cod_bairro":105,"area m2":1104.14}},{"type":"Feature","id":"vw_PracasFortaleza.fid--266d38e4_18dcc52846e_-5406","geometry":{"type":"MultiPolygon","coordinates":[[[[-38.5378117,-3.76146315],[-38.53773999,-3.76130577],[-38.53743037,-3.76153863],[-38.53742436,-3.76155101],[-38.5374305,-3.76156389],[-38.53744372,-3.76156515],[-38.5378117,-3.76146315]]]]},"geometry_name":"the_geom","properties":{"id":418,"nome":"Pra\u00e7a Santa Luzia","nome_pop":"sem informa\u00e7\u00e3o","fonte":"URBIFOR","anoref":2019,"epsg_codif":"EPSG: 31984 (SIRGAS 2000 - UTM 24S); Codifica\u00e7\u00e3o: UTF-8","bairro":"Parre\u00e3o","cod_bairro":30,"area m2":473.14}},{"type":"Feature","id":"vw_PracasFortaleza.fid--266d38e4_18dcc52846e_-5405","geometry":{"type":"MultiPolygon","coordinates":[[[[-38.52659346,-3.74650224],[-38.52666252,-3.74607664],[-38.52664283,-3.74603718],[-38.52636174,-3.74600826],[-38.52632507,-3.74601747],[-38.52631763,-3.74606214],[-38.52635386,-3.74613902],[-38.52632787,-3.74634235],[-38.52626075,-3.74639337],[-38.52625251,-3.74646152],[-38.52627399,-3.74648814],[-38.52657058,-3.74652355],[-38.52659346,-3.74650224]]]]},"geometry_name":"the_geom","properties":{"id":419,"nome":"Pra\u00e7a S\u00e3o Crist\u00f3v\u00e3o","nome_pop":"sem informa\u00e7\u00e3o","fonte":"URBIFOR","anoref":2019,"epsg_codif":"EPSG: 31984 (SIRGAS 2000 - UTM 24S); Codifica\u00e7\u00e3o: UTF-8","bairro":"F\u00e1tima","cod_bairro":16,"area m2":1877.55}},{"type":"Feature","id":"vw_PracasFortaleza.fid--266d38e4_18dcc52846e_-5404","geometry":{"type":"MultiPolygon","coordinates":[[[[-38.5482925,-3.76162899],[-38.54821194,-3.76153041],[-38.54800752,-3.76170279],[-38.5482925,-3.76162899]]]]},"geometry_name":"the_geom","properties":{"id":420,"nome":"Pra\u00e7a Ubiratan Costa","nome_pop":"sem informa\u00e7\u00e3o","fonte":"URBIFOR","anoref":2019,"epsg_codif":"EPSG: 31984 (SIRGAS 2000 - UTM 24S); Codifica\u00e7\u00e3o: UTF-8","bairro":"Montese","cod_bairro":103,"area m2":209.07}},{"type":"Feature","id":"vw_PracasFortaleza.fid--266d38e4_18dcc52846e_-5403","geometry":{"type":"MultiPolygon","coordinates":[[[[-38.60341386,-3.77287734],[-38.60298666,-3.77299149],[-38.60287251,-3.77307278],[-38.60332738,-3.77370753],[-38.60341732,-3.77365737],[-38.60356606,-3.77354322],[-38.60341386,-3.77287734]]]]},"geometry_name":"the_geom","properties":{"id":421,"nome":"Pra\u00e7a UV 07 Esperan\u00e7a","nome_pop":"sem informa\u00e7\u00e3o","fonte":"URBIFOR","anoref":2019,"epsg_codif":"EPSG: 31984 (SIRGAS 2000 - UTM 24S); Codifica\u00e7\u00e3o: UTF-8","bairro":"Conjunto Cear\u00e1 II","cod_bairro":75,"area m2":3936.54}},{"type":"Feature","id":"vw_PracasFortaleza.fid--266d38e4_18dcc52846e_-5402","geometry":{"type":"MultiPolygon","coordinates":[[[[-38.57769441,-3.81974038],[-38.57750895,-3.81942599],[-38.57722409,-3.81961063],[-38.57740944,-3.81984711],[-38.57769441,-3.81974038]]]]},"geometry_name":"the_geom","properties":{"id":422,"nome":"Pra\u00e7a Vila Vit\u00f3ria","nome_pop":"sem informa\u00e7\u00e3o","fonte":"URBIFOR","anoref":2019,"epsg_codif":"EPSG: 31984 (SIRGAS 2000 - UTM 24S); Codifica\u00e7\u00e3o: UTF-8","bairro":"Mondubim","cod_bairro":83,"area m2":1295.6}},{"type":"Feature","id":"vw_PracasFortaleza.fid--266d38e4_18dcc52846e_-5401","geometry":{"type":"MultiPolygon","coordinates":[[[[-38.56969073,-3.79289998],[-38.56926834,-3.79284791],[-38.56909851,-3.79268499],[-38.56893175,-3.79279428],[-38.56839594,-3.79271175],[-38.56846254,-3.79280392],[-38.56849303,-3.79281784],[-38.56988203,-3.79299183],[-38.5701514,-3.79303491],[-38.57016357,-3.79297662],[-38.56969073,-3.79289998]]]]},"geometry_name":"the_geom","properties":{"id":440,"nome":"Cal\u00e7ad\u00e3o da Lagoa da Maraponga","nome_pop":"sem informa\u00e7\u00e3o","fonte":"URBIFOR","anoref":2019,"epsg_codif":"EPSG: 31984 (SIRGAS 2000 - UTM 24S); Codifica\u00e7\u00e3o: UTF-8","bairro":"Maraponga","cod_bairro":82,"area m2":1810.83}},{"type":"Feature","id":"vw_PracasFortaleza.fid--266d38e4_18dcc52846e_-5400","geometry":{"type":"MultiPolygon","coordinates":[[[[-38.59163919,-3.81851667],[-38.59153509,-3.81832971],[-38.59152319,-3.81831784],[-38.59150535,-3.8183208],[-38.59148453,-3.81833861],[-38.59109049,-3.81873789],[-38.59116467,-3.81884854],[-38.59163919,-3.81851667]]]]},"geometry_name":"the_geom","properties":{"id":441,"nome":"Pra\u00e7a Apollo XI","nome_pop":"sem informa\u00e7\u00e3o","fonte":"URBIFOR","anoref":2019,"epsg_codif":"EPSG: 31984 (SIRGAS 2000 - UTM 24S); Codifica\u00e7\u00e3o: UTF-8","bairro":"Parque Santa Rosa","cod_bairro":87,"area m2":1353.45}},{"type":"Feature","id":"vw_PracasFortaleza.fid--266d38e4_18dcc52846e_-53ff","geometry":{"type":"MultiPolygon","coordinates":[[[[-38.59468587,-3.79104215],[-38.59435285,-3.79114771],[-38.59438205,-3.79124176],[-38.59471347,-3.7911288],[-38.59468587,-3.79104215]]]]},"geometry_name":"the_geom","properties":{"id":442,"nome":"Pra\u00e7a Armando de Andrade Bonfim","nome_pop":"sem informa\u00e7\u00e3o","fonte":"URBIFOR","anoref":2019,"epsg_codif":"EPSG: 31984 (SIRGAS 2000 - UTM 24S); Codifica\u00e7\u00e3o: UTF-8","bairro":"Bom Jardim","cod_bairro":72,"area m2":406.84}},{"type":"Feature","id":"vw_PracasFortaleza.fid--266d38e4_18dcc52846e_-53fe","geometry":{"type":"MultiPolygon","coordinates":[[[[-38.59789313,-3.76600374],[-38.59788592,-3.76598948],[-38.59783687,-3.76599545],[-38.59774824,-3.76601201],[-38.59766129,-3.7660368],[-38.59763164,-3.76604736],[-38.59760256,-3.7660609],[-38.59758635,-3.76606664],[-38.59757024,-3.76607267],[-38.59755425,-3.76607897],[-38.59753836,-3.76608556],[-38.5975226,-3.76609242],[-38.59750695,-3.76609955],[-38.59749143,-3.76610696],[-38.59747605,-3.76611463],[-38.5974608,-3.76612257],[-38.59744569,-3.76613078],[-38.59743073,-3.76613925],[-38.59741591,-3.76614798],[-38.59740125,-3.76615697],[-38.59738675,-3.76616621],[-38.59737242,-3.7661757],[-38.59735825,-3.76618544],[-38.59734425,-3.76619543],[-38.59733043,-3.76620566],[-38.59731679,-3.76621613],[-38.59730334,-3.76622684],[-38.59729008,-3.76623778],[-38.597277,-3.76624895],[-38.59726413,-3.76626034],[-38.59725145,-3.76627196],[-38.59723898,-3.7662838],[-38.59722672,-3.76629585],[-38.59721467,-3.76630812],[-38.59720284,-3.7663206],[-38.59719123,-3.76633327],[-38.59717983,-3.76634615],[-38.59716867,-3.76635923],[-38.59715774,-3.7663725],[-38.59714704,-3.76638596],[-38.59713657,-3.7663996],[-38.59712635,-3.76641343],[-38.59711636,-3.76642743],[-38.59710663,-3.7664416],[-38.59709714,-3.76645594],[-38.59708791,-3.76647044],[-38.59707892,-3.7664851],[-38.5970702,-3.76649992],[-38.59706174,-3.76651489],[-38.59705353,-3.76653],[-38.5970456,-3.76654525],[-38.59703793,-3.76656064],[-38.59703053,-3.76657616],[-38.5970234,-3.76659181],[-38.59701655,-3.76660758],[-38.59700997,-3.76662347],[-38.59700367,-3.76663947],[-38.59699766,-3.76665557],[-38.59699192,-3.76667178],[-38.59698647,-3.76668809],[-38.5969813,-3.76670449],[-38.59697642,-3.76672098],[-38.59697183,-3.76673755],[-38.59696753,-3.76675419],[-38.59696352,-3.76677091],[-38.5969598,-3.7667877],[-38.59695637,-3.76680455],[-38.59695324,-3.76682146],[-38.59695041,-3.76683842],[-38.59694787,-3.76685542],[-38.59694563,-3.76687247],[-38.59694369,-3.76688955],[-38.59694204,-3.76690667],[-38.5969407,-3.76692381],[-38.59693965,-3.76694097],[-38.5969389,-3.76695815],[-38.59693846,-3.76697534],[-38.59693831,-3.76699253],[-38.59693846,-3.76700973],[-38.59693892,-3.76702692],[-38.59693967,-3.76704409],[-38.59694072,-3.76706126],[-38.59694208,-3.7670784],[-38.59694373,-3.76709551],[-38.59694568,-3.7671126],[-38.59694793,-3.76712964],[-38.59695047,-3.76714665],[-38.59695331,-3.7671636],[-38.59695645,-3.76718051],[-38.59695988,-3.76719736],[-38.59696361,-3.76721414],[-38.59696762,-3.76723086],[-38.59706786,-3.76764635],[-38.59709344,-3.76767187],[-38.59711902,-3.76766868],[-38.5971446,-3.76765592],[-38.59789313,-3.76600374]]]]},"geometry_name":"the_geom","properties":{"id":423,"nome":"Pra\u00e7a Zenaide Magalh\u00e3es","nome_pop":"sem informa\u00e7\u00e3o","fonte":"URBIFOR","anoref":2019,"epsg_codif":"EPSG: 31984 (SIRGAS 2000 - UTM 24S); Codifica\u00e7\u00e3o: UTF-8","bairro":"Conjunto Cear\u00e1 I","cod_bairro":42,"area m2":8776.73}},{"type":"Feature","id":"vw_PracasFortaleza.fid--266d38e4_18dcc52846e_-53fd","geometry":{"type":"MultiPolygon","coordinates":[[[[-38.61494504,-3.77518644],[-38.61472061,-3.77525309],[-38.61473013,-3.77529934],[-38.61476277,-3.77532246],[-38.61477502,-3.7753551],[-38.61472469,-3.77579716],[-38.61469204,-3.77582709],[-38.61466484,-3.77583525],[-38.61461995,-3.77627459],[-38.61467708,-3.77627595],[-38.61471381,-3.77623651],[-38.61507154,-3.77627595],[-38.6151001,-3.77631948],[-38.61515451,-3.77632628],[-38.61519532,-3.77629499],[-38.61502257,-3.77570875],[-38.61502393,-3.7756489],[-38.6150729,-3.77559042],[-38.61494504,-3.77518644]]]]},"geometry_name":"the_geom","properties":{"id":424,"nome":"Pra\u00e7a UV3","nome_pop":"sem informa\u00e7\u00e3o","fonte":"URBIFOR","anoref":2019,"epsg_codif":"EPSG: 31984 (SIRGAS 2000 - UTM 24S); Codifica\u00e7\u00e3o: UTF-8","bairro":"Conjunto Cear\u00e1 II","cod_bairro":75,"area m2":4686.9}},{"type":"Feature","id":"vw_PracasFortaleza.fid--266d38e4_18dcc52846e_-53fc","geometry":{"type":"MultiPolygon","coordinates":[[[[-38.57776568,-3.80904084],[-38.57769727,-3.80896665],[-38.57769727,-3.80896665],[-38.57723328,-3.80941774],[-38.5772251,-3.80942812],[-38.57721841,-3.80944148],[-38.57721841,-3.80945632],[-38.57722064,-3.80947783],[-38.57723403,-3.80949416],[-38.57725485,-3.8095038],[-38.57727492,-3.80950306],[-38.57729797,-3.80949267],[-38.57732251,-3.80947116],[-38.57776568,-3.80904084]]]]},"geometry_name":"the_geom","properties":{"id":427,"nome":"Pra\u00e7a Ant\u00f4nio Almeida Lustosa","nome_pop":"sem informa\u00e7\u00e3o","fonte":"URBIFOR","anoref":2019,"epsg_codif":"EPSG: 31984 (SIRGAS 2000 - UTM 24S); Codifica\u00e7\u00e3o: UTF-8","bairro":"Mondubim","cod_bairro":83,"area m2":847.42}},{"type":"Feature","id":"vw_PracasFortaleza.fid--266d38e4_18dcc52846e_-53fb","geometry":{"type":"MultiPolygon","coordinates":[[[[-38.6074206,-3.76032213],[-38.60727324,-3.75990471],[-38.60723996,-3.75989997],[-38.60721619,-3.75987625],[-38.60719243,-3.75985728],[-38.60708309,-3.75955845],[-38.60706527,-3.75950627],[-38.60705814,-3.75945765],[-38.60707834,-3.75942563],[-38.60690721,-3.75902719],[-38.60669805,-3.75910308],[-38.60667647,-3.75911246],[-38.60667904,-3.75914103],[-38.6070308,-3.76003753],[-38.60703556,-3.76007073],[-38.60702605,-3.76010868],[-38.60700704,-3.76014188],[-38.60712112,-3.76043597],[-38.6074206,-3.76032213]]]]},"geometry_name":"the_geom","properties":{"id":428,"nome":"Pra\u00e7a UV4 Democracia","nome_pop":"sem informa\u00e7\u00e3o","fonte":"URBIFOR","anoref":2019,"epsg_codif":"EPSG: 31984 (SIRGAS 2000 - UTM 24S); Codifica\u00e7\u00e3o: UTF-8","bairro":"Conjunto Cear\u00e1 I","cod_bairro":42,"area m2":4532.57}},{"type":"Feature","id":"vw_PracasFortaleza.fid--266d38e4_18dcc52846e_-53fa","geometry":{"type":"MultiPolygon","coordinates":[[[[-38.60520281,-3.7626211],[-38.60493048,-3.76189503],[-38.6052738,-3.76172537],[-38.60511976,-3.76135741],[-38.60507435,-3.76136379],[-38.60507435,-3.76129469],[-38.60488798,-3.76124575],[-38.60472449,-3.76173189],[-38.60465354,-3.76187567],[-38.604593,-3.76185697],[-38.60451597,-3.76206395],[-38.60456572,-3.7620879],[-38.60439367,-3.76252807],[-38.60454566,-3.76259369],[-38.60425484,-3.76335567],[-38.60498607,-3.76244316],[-38.60520281,-3.7626211]]]]},"geometry_name":"the_geom","properties":{"id":429,"nome":"\u00c1rea Verde do Bairro Conjunto Cear\u00e1","nome_pop":"sem informa\u00e7\u00e3o","fonte":"URBIFOR","anoref":2019,"epsg_codif":"EPSG: 31984 (SIRGAS 2000 - UTM 24S); Codifica\u00e7\u00e3o: UTF-8","bairro":"Conjunto Cear\u00e1 I","cod_bairro":42,"area m2":9021.81}},{"type":"Feature","id":"vw_PracasFortaleza.fid--266d38e4_18dcc52846e_-53f9","geometry":{"type":"MultiPolygon","coordinates":[[[[-38.58613533,-3.83210928],[-38.58584735,-3.83233018],[-38.58583788,-3.83237363],[-38.58667186,-3.83351984],[-38.5867182,-3.83353161],[-38.58676253,-3.83349848],[-38.58673955,-3.83346163],[-38.58694235,-3.83332093],[-38.5869742,-3.83334481],[-38.58701224,-3.83331571],[-38.58702498,-3.83326394],[-38.58618634,-3.83211864],[-38.58613533,-3.83210928]]]]},"geometry_name":"the_geom","properties":{"id":432,"nome":"Areninha do Aracap\u00e9","nome_pop":"sem informa\u00e7\u00e3o","fonte":"URBIFOR","anoref":2019,"epsg_codif":"EPSG: 31984 (SIRGAS 2000 - UTM 24S); Codifica\u00e7\u00e3o: UTF-8","bairro":"Aracap\u00e9","cod_bairro":124,"area m2":7773.23}},{"type":"Feature","id":"vw_PracasFortaleza.fid--266d38e4_18dcc52846e_-53f8","geometry":{"type":"MultiPolygon","coordinates":[[[[-38.62062508,-3.79465736],[-38.61972017,-3.79475288],[-38.61980825,-3.795386],[-38.62070729,-3.7952814],[-38.62062508,-3.79465736]]]]},"geometry_name":"the_geom","properties":{"id":433,"nome":"Areninha do Bom Jardim","nome_pop":"sem informa\u00e7\u00e3o","fonte":"URBIFOR","anoref":2019,"epsg_codif":"EPSG: 31984 (SIRGAS 2000 - UTM 24S); Codifica\u00e7\u00e3o: UTF-8","bairro":"Granja Lisboa","cod_bairro":78,"area m2":7068.5}},{"type":"Feature","id":"vw_PracasFortaleza.fid--266d38e4_18dcc52846e_-53f7","geometry":{"type":"MultiPolygon","coordinates":[[[[-38.60620789,-3.76697477],[-38.60541738,-3.76746754],[-38.60576652,-3.76799331],[-38.60654317,-3.76750613],[-38.60620789,-3.76697477]]]]},"geometry_name":"the_geom","properties":{"id":434,"nome":"Areninha do Conjunto Cear\u00e1","nome_pop":"sem informa\u00e7\u00e3o","fonte":"URBIFOR","anoref":2019,"epsg_codif":"EPSG: 31984 (SIRGAS 2000 - UTM 24S); Codifica\u00e7\u00e3o: UTF-8","bairro":"Conjunto Cear\u00e1 I","cod_bairro":42,"area m2":7146.95}},{"type":"Feature","id":"vw_PracasFortaleza.fid--266d38e4_18dcc52846e_-53f6","geometry":{"type":"MultiPolygon","coordinates":[[[[-38.60100214,-3.75138576],[-38.60070092,-3.75144317],[-38.60067091,-3.75156587],[-38.60036552,-3.75163292],[-38.60059251,-3.7526166],[-38.60126425,-3.75244738],[-38.60100214,-3.75138576]]]]},"geometry_name":"the_geom","properties":{"id":435,"nome":"Areninha do Geniba\u00fa","nome_pop":"sem informa\u00e7\u00e3o","fonte":"URBIFOR","anoref":2019,"epsg_codif":"EPSG: 31984 (SIRGAS 2000 - UTM 24S); Codifica\u00e7\u00e3o: UTF-8","bairro":"Geniba\u00fa","cod_bairro":44,"area m2":8858.01}},{"type":"Feature","id":"vw_PracasFortaleza.fid--266d38e4_18dcc52846e_-53f5","geometry":{"type":"MultiPolygon","coordinates":[[[[-38.58951668,-3.814365],[-38.58921678,-3.81401056],[-38.58918951,-3.81401738],[-38.58912135,-3.81409236],[-38.58873283,-3.81421505],[-38.58775814,-3.8139992],[-38.58706517,-3.81463083],[-38.58669098,-3.81490304],[-38.58638255,-3.81508633],[-38.58636747,-3.81521439],[-38.58663681,-3.81548541],[-38.58728328,-3.81488075],[-38.58737189,-3.81478533],[-38.58747186,-3.81474443],[-38.58878282,-3.81508069],[-38.58951668,-3.814365]]]]},"geometry_name":"the_geom","properties":{"id":438,"nome":"Polo de Lazer do Conjunto Esperan\u00e7a","nome_pop":"sem informa\u00e7\u00e3o","fonte":"URBIFOR","anoref":2019,"epsg_codif":"EPSG: 31984 (SIRGAS 2000 - UTM 24S); Codifica\u00e7\u00e3o: UTF-8","bairro":"Conjunto Esperan\u00e7a","cod_bairro":76,"area m2":23969.43}},{"type":"Feature","id":"vw_PracasFortaleza.fid--266d38e4_18dcc52846e_-53f4","geometry":{"type":"MultiPolygon","coordinates":[[[[-38.53646156,-3.80010642],[-38.53636398,-3.79970211],[-38.53466139,-3.79981534],[-38.53468878,-3.80020295],[-38.53644031,-3.80013237],[-38.53646156,-3.80010642]]]]},"geometry_name":"the_geom","properties":{"id":57,"nome":"Pra\u00e7a do Jardim Sumar\u00e9","nome_pop":"sem informa\u00e7\u00e3o","fonte":"URBIFOR","anoref":2019,"epsg_codif":"EPSG: 31984 (SIRGAS 2000 - UTM 24S); Codifica\u00e7\u00e3o: UTF-8","bairro":"Passar\u00e9","cod_bairro":88,"area m2":8801.55}},{"type":"Feature","id":"vw_PracasFortaleza.fid--266d38e4_18dcc52846e_-53f3","geometry":{"type":"MultiPolygon","coordinates":[[[[-38.61069852,-3.78987167],[-38.60936147,-3.7903194],[-38.60934714,-3.79035741],[-38.60951718,-3.79087916],[-38.60956789,-3.79090689],[-38.61089784,-3.79047617],[-38.6109251,-3.79044652],[-38.61072642,-3.78988771],[-38.61069852,-3.78987167]]]]},"geometry_name":"the_geom","properties":{"id":448,"nome":"Pra\u00e7a da Igreja Santa Cec\u00edlia","nome_pop":"sem informa\u00e7\u00e3o","fonte":"URBIFOR","anoref":2019,"epsg_codif":"EPSG: 31984 (SIRGAS 2000 - UTM 24S); Codifica\u00e7\u00e3o: UTF-8","bairro":"Granja Lisboa","cod_bairro":78,"area m2":11303.54}},{"type":"Feature","id":"vw_PracasFortaleza.fid--266d38e4_18dcc52846e_-53f2","geometry":{"type":"MultiPolygon","coordinates":[[[[-38.56336284,-3.79586815],[-38.5638767,-3.79571937],[-38.56391939,-3.79567389],[-38.56380992,-3.79540152],[-38.56336284,-3.79586815]]]]},"geometry_name":"the_geom","properties":{"id":451,"nome":"Pra\u00e7a da Maraponga","nome_pop":"sem informa\u00e7\u00e3o","fonte":"URBIFOR","anoref":2019,"epsg_codif":"EPSG: 31984 (SIRGAS 2000 - UTM 24S); Codifica\u00e7\u00e3o: UTF-8","bairro":"Maraponga","cod_bairro":82,"area m2":1166.09}},{"type":"Feature","id":"vw_PracasFortaleza.fid--266d38e4_18dcc52846e_-53f1","geometry":{"type":"MultiPolygon","coordinates":[[[[-38.60830236,-3.77355055],[-38.60907162,-3.77257891],[-38.60814267,-3.77182515],[-38.60789706,-3.77245157],[-38.60800181,-3.77257244],[-38.60805852,-3.77267079],[-38.60806615,-3.77281228],[-38.60785612,-3.77317919],[-38.60830236,-3.77355055]]]]},"geometry_name":"the_geom","properties":{"id":454,"nome":"Pra\u00e7a da UV1","nome_pop":"sem informa\u00e7\u00e3o","fonte":"URBIFOR","anoref":2019,"epsg_codif":"EPSG: 31984 (SIRGAS 2000 - UTM 24S); Codifica\u00e7\u00e3o: UTF-8","bairro":"Conjunto Cear\u00e1 II","cod_bairro":75,"area m2":13411.57}},{"type":"Feature","id":"vw_PracasFortaleza.fid--266d38e4_18dcc52846e_-53f0","geometry":{"type":"MultiPolygon","coordinates":[[[[-38.60591606,-3.76091407],[-38.6058079,-3.7606559],[-38.60576716,-3.76064515],[-38.60525334,-3.7608524],[-38.60516692,-3.76081983],[-38.6051144,-3.76081399],[-38.6050718,-3.76084096],[-38.6049433,-3.76116429],[-38.6049402,-3.76119796],[-38.60512042,-3.7612699],[-38.60589849,-3.76096173],[-38.60591606,-3.76091407]]]]},"geometry_name":"the_geom","properties":{"id":455,"nome":"Pra\u00e7a da UV4","nome_pop":"sem informa\u00e7\u00e3o","fonte":"URBIFOR","anoref":2019,"epsg_codif":"EPSG: 31984 (SIRGAS 2000 - UTM 24S); Codifica\u00e7\u00e3o: UTF-8","bairro":"Conjunto Cear\u00e1 I","cod_bairro":42,"area m2":4028.78}},{"type":"Feature","id":"vw_PracasFortaleza.fid--266d38e4_18dcc52846e_-53ef","geometry":{"type":"MultiPolygon","coordinates":[[[[-38.60900114,-3.77508596],[-38.60901507,-3.77505164],[-38.60812997,-3.77433917],[-38.60780456,-3.77440604],[-38.60777844,-3.77445675],[-38.60780439,-3.77480099],[-38.60777795,-3.77492603],[-38.60900114,-3.77508596]]]]},"geometry_name":"the_geom","properties":{"id":456,"nome":"Pra\u00e7a da Vit\u00f3ria","nome_pop":"sem informa\u00e7\u00e3o","fonte":"URBIFOR","anoref":2019,"epsg_codif":"EPSG: 31984 (SIRGAS 2000 - UTM 24S); Codifica\u00e7\u00e3o: UTF-8","bairro":"Conjunto Cear\u00e1 II","cod_bairro":75,"area m2":6029.53}},{"type":"Feature","id":"vw_PracasFortaleza.fid--266d38e4_18dcc52846e_-53ee","geometry":{"type":"MultiPolygon","coordinates":[[[[-38.60753657,-3.79629013],[-38.607521,-3.79630876],[-38.60773673,-3.79674729],[-38.60775412,-3.79674686],[-38.60781568,-3.79633096],[-38.60753657,-3.79629013]]]]},"geometry_name":"the_geom","properties":{"id":457,"nome":"Pra\u00e7a do Canal Leste","nome_pop":"sem informa\u00e7\u00e3o","fonte":"URBIFOR","anoref":2019,"epsg_codif":"EPSG: 31984 (SIRGAS 2000 - UTM 24S); Codifica\u00e7\u00e3o: UTF-8","bairro":"Bom Jardim","cod_bairro":72,"area m2":844.32}},{"type":"Feature","id":"vw_PracasFortaleza.fid--266d38e4_18dcc52846e_-53ed","geometry":{"type":"MultiPolygon","coordinates":[[[[-38.58411727,-3.80917305],[-38.58437133,-3.80895763],[-38.58413941,-3.80871582],[-38.583884,-3.80894602],[-38.58411727,-3.80917305]]]]},"geometry_name":"the_geom","properties":{"id":458,"nome":"Pra\u00e7a do Conjunto Novo Lar","nome_pop":"sem informa\u00e7\u00e3o","fonte":"URBIFOR","anoref":2019,"epsg_codif":"EPSG: 31984 (SIRGAS 2000 - UTM 24S); Codifica\u00e7\u00e3o: UTF-8","bairro":"Novo Mondubim","cod_bairro":121,"area m2":1370.02}},{"type":"Feature","id":"vw_PracasFortaleza.fid--266d38e4_18dcc52846e_-53ec","geometry":{"type":"MultiPolygon","coordinates":[[[[-38.61548333,-3.76871039],[-38.6151001,-3.7690384],[-38.61569443,-3.76975938],[-38.61594937,-3.77004356],[-38.61624816,-3.76995587],[-38.61595749,-3.76937454],[-38.61555478,-3.76892149],[-38.61548333,-3.76871039]]]]},"geometry_name":"the_geom","properties":{"id":459,"nome":"Pra\u00e7a do CRB","nome_pop":"sem informa\u00e7\u00e3o","fonte":"URBIFOR","anoref":2019,"epsg_codif":"EPSG: 31984 (SIRGAS 2000 - UTM 24S); Codifica\u00e7\u00e3o: UTF-8","bairro":"Conjunto Cear\u00e1 II","cod_bairro":75,"area m2":7049.57}},{"type":"Feature","id":"vw_PracasFortaleza.fid--266d38e4_18dcc52846e_-53eb","geometry":{"type":"MultiPolygon","coordinates":[[[[-38.60592946,-3.76942297],[-38.6053748,-3.7697507],[-38.60562818,-3.77021205],[-38.60620731,-3.7698562],[-38.60592946,-3.76942297]]]]},"geometry_name":"the_geom","properties":{"id":461,"nome":"Pra\u00e7a do Lazer","nome_pop":"sem informa\u00e7\u00e3o","fonte":"URBIFOR","anoref":2019,"epsg_codif":"EPSG: 31984 (SIRGAS 2000 - UTM 24S); Codifica\u00e7\u00e3o: UTF-8","bairro":"Conjunto Cear\u00e1 I","cod_bairro":42,"area m2":4229.74}},{"type":"Feature","id":"vw_PracasFortaleza.fid--266d38e4_18dcc52846e_-53ea","geometry":{"type":"MultiPolygon","coordinates":[[[[-38.60294625,-3.76602845],[-38.6027118,-3.76592425],[-38.60250918,-3.76634251],[-38.60254391,-3.76638737],[-38.60254825,-3.76644382],[-38.60236879,-3.76683747],[-38.60249615,-3.76688957],[-38.60267417,-3.76649737],[-38.60272337,-3.76646118],[-38.60276969,-3.76644961],[-38.60294625,-3.76602845]]]]},"geometry_name":"the_geom","properties":{"id":463,"nome":"Pra\u00e7a da UV6","nome_pop":"sem informa\u00e7\u00e3o","fonte":"URBIFOR","anoref":2019,"epsg_codif":"EPSG: 31984 (SIRGAS 2000 - UTM 24S); Codifica\u00e7\u00e3o: UTF-8","bairro":"Conjunto Cear\u00e1 I","cod_bairro":42,"area m2":2436.14}},{"type":"Feature","id":"vw_PracasFortaleza.fid--266d38e4_18dcc52846e_-53e9","geometry":{"type":"MultiPolygon","coordinates":[[[[-38.60400387,-3.76586052],[-38.60402709,-3.76585644],[-38.60413537,-3.76560262],[-38.60412946,-3.76557512],[-38.60367759,-3.76486625],[-38.60360336,-3.76475886],[-38.60352478,-3.76470386],[-38.6033927,-3.76465379],[-38.60325864,-3.76464684],[-38.60308256,-3.76467868],[-38.60291517,-3.76470386],[-38.60291029,-3.76473281],[-38.60322123,-3.76486161],[-38.60300709,-3.76539739],[-38.60400387,-3.76586052]]]]},"geometry_name":"the_geom","properties":{"id":464,"nome":"Pra\u00e7a dos Bombeiros","nome_pop":"sem informa\u00e7\u00e3o","fonte":"URBIFOR","anoref":2019,"epsg_codif":"EPSG: 31984 (SIRGAS 2000 - UTM 24S); Codifica\u00e7\u00e3o: UTF-8","bairro":"Conjunto Cear\u00e1 I","cod_bairro":42,"area m2":9441.19}},{"type":"Feature","id":"vw_PracasFortaleza.fid--266d38e4_18dcc52846e_-53e8","geometry":{"type":"MultiPolygon","coordinates":[[[[-38.6034545,-3.76978822],[-38.60273394,-3.7694619],[-38.60271326,-3.76943385],[-38.60271474,-3.7693866],[-38.60274427,-3.76931129],[-38.60241943,-3.76916511],[-38.60231459,-3.76940948],[-38.60230721,-3.76944418],[-38.60231212,-3.76947052],[-38.60262172,-3.76961104],[-38.60265272,-3.76963392],[-38.60265494,-3.76967748],[-38.60264977,-3.76970701],[-38.60295837,-3.76984581],[-38.60294361,-3.76988272],[-38.6029569,-3.76989896],[-38.60298938,-3.76988125],[-38.60302629,-3.7698842],[-38.60332751,-3.77001857],[-38.60335114,-3.77001118],[-38.6034545,-3.76978822]]]]},"geometry_name":"the_geom","properties":{"id":465,"nome":"Pra\u00e7a da UV8","nome_pop":"sem informa\u00e7\u00e3o","fonte":"URBIFOR","anoref":2019,"epsg_codif":"EPSG: 31984 (SIRGAS 2000 - UTM 24S); Codifica\u00e7\u00e3o: UTF-8","bairro":"Conjunto Cear\u00e1 I","cod_bairro":42,"area m2":4067.88}},{"type":"Feature","id":"vw_PracasFortaleza.fid--266d38e4_18dcc52846e_-53e7","geometry":{"type":"MultiPolygon","coordinates":[[[[-38.60224004,-3.81699097],[-38.60261263,-3.81675888],[-38.60263018,-3.81671692],[-38.60251656,-3.81653103],[-38.60212504,-3.81678067],[-38.60224004,-3.81699097]]]]},"geometry_name":"the_geom","properties":{"id":471,"nome":"Pra\u00e7a Jardim Fluminense","nome_pop":"sem informa\u00e7\u00e3o","fonte":"URBIFOR","anoref":2019,"epsg_codif":"EPSG: 31984 (SIRGAS 2000 - UTM 24S); Codifica\u00e7\u00e3o: UTF-8","bairro":"Canindezinho","cod_bairro":74,"area m2":1389.58}},{"type":"Feature","id":"vw_PracasFortaleza.fid--266d38e4_18dcc52846e_-53e6","geometry":{"type":"MultiPolygon","coordinates":[[[[-38.60107206,-3.77786237],[-38.60071486,-3.77650163],[-38.59993066,-3.77670963],[-38.599884,-3.77674494],[-38.5998597,-3.77680263],[-38.59987652,-3.77689758],[-38.60020412,-3.77801646],[-38.60027673,-3.77809076],[-38.60036635,-3.77805738],[-38.60037394,-3.77795138],[-38.60089366,-3.77780273],[-38.60098109,-3.77789934],[-38.60107206,-3.77786237]]]]},"geometry_name":"the_geom","properties":{"id":474,"nome":"Pra\u00e7a Os\u00edris Pontes","nome_pop":"sem informa\u00e7\u00e3o","fonte":"URBIFOR","anoref":2019,"epsg_codif":"EPSG: 31984 (SIRGAS 2000 - UTM 24S); Codifica\u00e7\u00e3o: UTF-8","bairro":"Granja Portugal","cod_bairro":79,"area m2":14744.85}},{"type":"Feature","id":"vw_PracasFortaleza.fid--266d38e4_18dcc52846e_-53e5","geometry":{"type":"MultiPolygon","coordinates":[[[[-38.58037467,-3.79269369],[-38.58036009,-3.79255711],[-38.58011203,-3.79229216],[-38.58006978,-3.7923194],[-38.57934878,-3.79235072],[-38.57934878,-3.79279407],[-38.58033059,-3.79274699],[-38.58037467,-3.79269369]]]]},"geometry_name":"the_geom","properties":{"id":475,"nome":"Pra\u00e7a Paran\u00e1","nome_pop":"sem informa\u00e7\u00e3o","fonte":"URBIFOR","anoref":2019,"epsg_codif":"EPSG: 31984 (SIRGAS 2000 - UTM 24S); Codifica\u00e7\u00e3o: UTF-8","bairro":"Vila Manuel S\u00e1tiro","cod_bairro":81,"area m2":5150.36}},{"type":"Feature","id":"vw_PracasFortaleza.fid--266d38e4_18dcc52846e_-53e4","geometry":{"type":"MultiPolygon","coordinates":[[[[-38.49689372,-3.80938428],[-38.49688495,-3.80941071],[-38.49716434,-3.80950032],[-38.49720156,-3.809407],[-38.49700393,-3.80940695],[-38.49689372,-3.80938428]]]]},"geometry_name":"the_geom","properties":{"id":31,"nome":"Pra\u00e7a da Rua Newton Craveiro","nome_pop":"sem informa\u00e7\u00e3o","fonte":"URBIFOR","anoref":2019,"epsg_codif":"EPSG: 31984 (SIRGAS 2000 - UTM 24S); Codifica\u00e7\u00e3o: UTF-8","bairro":"Parque Iracema","cod_bairro":66,"area m2":204.29}},{"type":"Feature","id":"vw_PracasFortaleza.fid--266d38e4_18dcc52846e_-53e3","geometry":{"type":"MultiPolygon","coordinates":[[[[-38.57713773,-3.79472024],[-38.57713376,-3.79462606],[-38.57710872,-3.79460855],[-38.57613629,-3.79463158],[-38.57611799,-3.79464899],[-38.57611884,-3.79475011],[-38.5761408,-3.79476992],[-38.57711275,-3.79473597],[-38.57713773,-3.79472024]]],[[[-38.57712052,-3.79493598],[-38.57714362,-3.79491753],[-38.57714323,-3.79484364],[-38.57712025,-3.7948229],[-38.5761451,-3.79484588],[-38.57612759,-3.79486793],[-38.57612603,-3.79494554],[-38.57614998,-3.79496461],[-38.57712052,-3.79493598]]]]},"geometry_name":"the_geom","properties":{"id":478,"nome":"Pra\u00e7a S\u00e3o Pedro","nome_pop":"sem informa\u00e7\u00e3o","fonte":"URBIFOR","anoref":2019,"epsg_codif":"EPSG: 31984 (SIRGAS 2000 - UTM 24S); Codifica\u00e7\u00e3o: UTF-8","bairro":"Vila Manuel S\u00e1tiro","cod_bairro":81,"area m2":3089.03}},{"type":"Feature","id":"vw_PracasFortaleza.fid--266d38e4_18dcc52846e_-53e2","geometry":{"type":"MultiPolygon","coordinates":[[[[-38.5696642,-3.81810844],[-38.56938764,-3.81720172],[-38.5692986,-3.81694304],[-38.5696434,-3.81681118],[-38.56944516,-3.81630598],[-38.56813959,-3.81709681],[-38.56937225,-3.81819805],[-38.5696642,-3.81810844]]]]},"geometry_name":"the_geom","properties":{"id":482,"nome":"Pra\u00e7a do S\u00edtio C\u00f3rrego","nome_pop":"sem informa\u00e7\u00e3o","fonte":"URBIFOR","anoref":2019,"epsg_codif":"EPSG: 31984 (SIRGAS 2000 - UTM 24S); Codifica\u00e7\u00e3o: UTF-8","bairro":"Mondubim","cod_bairro":83,"area m2":16975.92}},{"type":"Feature","id":"vw_PracasFortaleza.fid--266d38e4_18dcc52846e_-53e1","geometry":{"type":"MultiPolygon","coordinates":[[[[-38.6092572,-3.76495964],[-38.60910072,-3.76457061],[-38.60847335,-3.7648146],[-38.60866051,-3.76539483],[-38.60902402,-3.76524336],[-38.60897035,-3.76506869],[-38.6092572,-3.76495964]]]]},"geometry_name":"the_geom","properties":{"id":483,"nome":"Pra\u00e7a UV2","nome_pop":"sem informa\u00e7\u00e3o","fonte":"URBIFOR","anoref":2019,"epsg_codif":"EPSG: 31984 (SIRGAS 2000 - UTM 24S); Codifica\u00e7\u00e3o: UTF-8","bairro":"Conjunto Cear\u00e1 I","cod_bairro":42,"area m2":4432.77}},{"type":"Feature","id":"vw_PracasFortaleza.fid--266d38e4_18dcc52846e_-53e0","geometry":{"type":"MultiPolygon","coordinates":[[[[-38.61145457,-3.77057405],[-38.61116166,-3.77024105],[-38.61089817,-3.77056029],[-38.61119,-3.77081366],[-38.61123764,-3.77082554],[-38.61127933,-3.77080177],[-38.61145457,-3.77057405]]]]},"geometry_name":"the_geom","properties":{"id":484,"nome":"Pra\u00e7a UV5","nome_pop":"sem informa\u00e7\u00e3o","fonte":"URBIFOR","anoref":2019,"epsg_codif":"EPSG: 31984 (SIRGAS 2000 - UTM 24S); Codifica\u00e7\u00e3o: UTF-8","bairro":"Conjunto Cear\u00e1 II","cod_bairro":75,"area m2":2076.43}},{"type":"Feature","id":"vw_PracasFortaleza.fid--266d38e4_18dcc52846e_-53df","geometry":{"type":"MultiPolygon","coordinates":[[[[-38.60583941,-3.7750462],[-38.60565508,-3.77442457],[-38.6042745,-3.77481475],[-38.60429018,-3.77488344],[-38.6058147,-3.7750725],[-38.60583465,-3.77506689],[-38.60583941,-3.7750462]]]]},"geometry_name":"the_geom","properties":{"id":485,"nome":"Pra\u00e7a UV7","nome_pop":"sem informa\u00e7\u00e3o","fonte":"URBIFOR","anoref":2019,"epsg_codif":"EPSG: 31984 (SIRGAS 2000 - UTM 24S); Codifica\u00e7\u00e3o: UTF-8","bairro":"Conjunto Cear\u00e1 II","cod_bairro":75,"area m2":6627.79}},{"type":"Feature","id":"vw_PracasFortaleza.fid--266d38e4_18dcc52846e_-53de","geometry":{"type":"MultiPolygon","coordinates":[[[[-38.494068,-3.86911039],[-38.49403906,-3.86914404],[-38.49404664,-3.86919952],[-38.49408549,-3.86922395],[-38.49414951,-3.86921043],[-38.49417228,-3.8691763],[-38.49415718,-3.86911162],[-38.49411978,-3.86909992],[-38.494068,-3.86911039]]]]},"geometry_name":"the_geom","properties":{"id":1,"nome":"Rotat\u00f3ria da Rua Adelaide Paulino","nome_pop":"sem informa\u00e7\u00e3o","fonte":"URBIFOR","anoref":2019,"epsg_codif":"EPSG: 31984 (SIRGAS 2000 - UTM 24S); Codifica\u00e7\u00e3o: UTF-8","bairro":"Paupina","cod_bairro":68,"area m2":154.5}},{"type":"Feature","id":"vw_PracasFortaleza.fid--266d38e4_18dcc52846e_-53dd","geometry":{"type":"MultiPolygon","coordinates":[[[[-38.49394125,-3.83169212],[-38.49396683,-3.83165519],[-38.49394053,-3.83133868],[-38.49293634,-3.83142159],[-38.49296985,-3.83170592],[-38.49299532,-3.83173421],[-38.49394125,-3.83169212]]]]},"geometry_name":"the_geom","properties":{"id":2,"nome":"Pra\u00e7a Vereador Jos\u00e9 Barros de Alencar (Igreja Matriz)\n","nome_pop":"sem informa\u00e7\u00e3o","fonte":"URBIFOR","anoref":2019,"epsg_codif":"EPSG: 31984 (SIRGAS 2000 - UTM 24S); Codifica\u00e7\u00e3o: UTF-8","bairro":"Messejana","cod_bairro":65,"area m2":4105.64}},{"type":"Feature","id":"vw_PracasFortaleza.fid--266d38e4_18dcc52846e_-53dc","geometry":{"type":"MultiPolygon","coordinates":[[[[-38.49520091,-3.83159578],[-38.49530174,-3.83163146],[-38.49533076,-3.83159811],[-38.49523882,-3.83129959],[-38.49406572,-3.83138547],[-38.49407888,-3.83167183],[-38.49520091,-3.83159578]]]]},"geometry_name":"the_geom","properties":{"id":3,"nome":"Pra\u00e7a da Messejana","nome_pop":"sem informa\u00e7\u00e3o","fonte":"URBIFOR","anoref":2019,"epsg_codif":"EPSG: 31984 (SIRGAS 2000 - UTM 24S); Codifica\u00e7\u00e3o: UTF-8","bairro":"Messejana","cod_bairro":65,"area m2":4356.84}},{"type":"Feature","id":"vw_PracasFortaleza.fid--266d38e4_18dcc52846e_-53db","geometry":{"type":"MultiPolygon","coordinates":[[[[-38.52773461,-3.78575844],[-38.52736441,-3.78586387],[-38.52765812,-3.78686716],[-38.52802215,-3.78676021],[-38.52773461,-3.78575844]]]]},"geometry_name":"the_geom","properties":{"id":45,"nome":"Pra\u00e7a do Conjunto En\u00e9as Arruda","nome_pop":"sem informa\u00e7\u00e3o","fonte":"URBIFOR","anoref":2019,"epsg_codif":"EPSG: 31984 (SIRGAS 2000 - UTM 24S); Codifica\u00e7\u00e3o: UTF-8","bairro":"Dias Macedo","cod_bairro":98,"area m2":4899.67}},{"type":"Feature","id":"vw_PracasFortaleza.fid--266d38e4_18dcc52846e_-53da","geometry":{"type":"MultiPolygon","coordinates":[[[[-38.48487504,-3.79424174],[-38.48436997,-3.79418838],[-38.4843035,-3.79508014],[-38.48426665,-3.79513238],[-38.48426175,-3.79523767],[-38.48433847,-3.79524528],[-38.48439258,-3.79519768],[-38.48479065,-3.79522371],[-38.48487504,-3.79424174]]]]},"geometry_name":"the_geom","properties":{"id":18,"nome":"Pra\u00e7a Ant\u00f4nio Ferreira de Magalh\u00e3es (IPREDE)","nome_pop":"sem informa\u00e7\u00e3o","fonte":"URBIFOR","anoref":2019,"epsg_codif":"EPSG: 31984 (SIRGAS 2000 - UTM 24S); Codifica\u00e7\u00e3o: UTF-8","bairro":"Parque Manibura","cod_bairro":67,"area m2":6236.74}},{"type":"Feature","id":"vw_PracasFortaleza.fid--266d38e4_18dcc52846e_-53d9","geometry":{"type":"MultiPolygon","coordinates":[[[[-38.50082643,-3.78808815],[-38.50060732,-3.7881467],[-38.50027097,-3.78889839],[-38.50056301,-3.78901593],[-38.50039844,-3.78946696],[-38.50098251,-3.78969103],[-38.50085453,-3.79001739],[-38.50271256,-3.7908327],[-38.50286612,-3.79048068],[-38.50280777,-3.79034861],[-38.5015046,-3.78977569],[-38.50122359,-3.78952246],[-38.50106678,-3.78918494],[-38.50082643,-3.78808815]]]]},"geometry_name":"the_geom","properties":{"id":4,"nome":"\u00c1rea Verdo do Olho d'\u00c1gua","nome_pop":"sem informa\u00e7\u00e3o","fonte":"URBIFOR","anoref":2019,"epsg_codif":"EPSG: 31984 (SIRGAS 2000 - UTM 24S); Codifica\u00e7\u00e3o: UTF-8","bairro":"Cidade dos funcion\u00e1rios","cod_bairro":54,"area m2":22300.08}},{"type":"Feature","id":"vw_PracasFortaleza.fid--266d38e4_18dcc52846e_-53d8","geometry":{"type":"MultiPolygon","coordinates":[[[[-38.49257727,-3.82741706],[-38.49207769,-3.82738323],[-38.49213262,-3.82757101],[-38.49253273,-3.82763821],[-38.49255967,-3.82761904],[-38.49257727,-3.82741706]]],[[[-38.49032779,-3.82823063],[-38.4904919,-3.82819083],[-38.49072414,-3.82813946],[-38.49074679,-3.8280874],[-38.49068204,-3.82785658],[-38.49054418,-3.82795578],[-38.49039868,-3.82806345],[-38.49034165,-3.82812034],[-38.49032779,-3.82823063]]],[[[-38.49112016,-3.82742686],[-38.49090074,-3.82762838],[-38.49074255,-3.82773775],[-38.49076944,-3.82791489],[-38.49084829,-3.82808167],[-38.49088859,-3.82809936],[-38.49099665,-3.82804319],[-38.4912915,-3.82766806],[-38.49134054,-3.82760934],[-38.49138795,-3.82757345],[-38.49145955,-3.82754654],[-38.49181792,-3.82754572],[-38.49184785,-3.82752003],[-38.49187443,-3.82738719],[-38.49135626,-3.82731857],[-38.49126906,-3.82733717],[-38.49112016,-3.82742686]]]]},"geometry_name":"the_geom","properties":{"id":5,"nome":"\u00c1rea Verde dos Condom\u00ednios","nome_pop":"sem informa\u00e7\u00e3o","fonte":"URBIFOR","anoref":2019,"epsg_codif":"EPSG: 31984 (SIRGAS 2000 - UTM 24S); Codifica\u00e7\u00e3o: UTF-8","bairro":"Messejana","cod_bairro":65,"area m2":6379.46}},{"type":"Feature","id":"vw_PracasFortaleza.fid--266d38e4_18dcc52846e_-53d7","geometry":{"type":"MultiPolygon","coordinates":[[[[-38.50025793,-3.78617577],[-38.49998271,-3.7862642],[-38.50050886,-3.78808677],[-38.50077257,-3.78800178],[-38.50025793,-3.78617577]]]]},"geometry_name":"the_geom","properties":{"id":6,"nome":"\u00c1rea Verde do Jardim das Oliveiras","nome_pop":"sem informa\u00e7\u00e3o","fonte":"URBIFOR","anoref":2019,"epsg_codif":"EPSG: 31984 (SIRGAS 2000 - UTM 24S); Codifica\u00e7\u00e3o: UTF-8","bairro":"Jardim das Oliveiras","cod_bairro":62,"area m2":6592.32}},{"type":"Feature","id":"vw_PracasFortaleza.fid--266d38e4_18dcc52846e_-53d6","geometry":{"type":"MultiPolygon","coordinates":[[[[-38.48153814,-3.8144113],[-38.48125326,-3.81463143],[-38.48148719,-3.81496014],[-38.48152869,-3.8149618],[-38.48179803,-3.81472004],[-38.48153814,-3.8144113]]]]},"geometry_name":"the_geom","properties":{"id":7,"nome":"\u00c1rea Verde Washington Soares","nome_pop":"sem informa\u00e7\u00e3o","fonte":"URBIFOR","anoref":2019,"epsg_codif":"EPSG: 31984 (SIRGAS 2000 - UTM 24S); Codifica\u00e7\u00e3o: UTF-8","bairro":"Cambeba","cod_bairro":53,"area m2":1928.26}},{"type":"Feature","id":"vw_PracasFortaleza.fid--266d38e4_18dcc52846e_-53d5","geometry":{"type":"MultiPolygon","coordinates":[[[[-38.46684237,-3.82252386],[-38.46630546,-3.82259354],[-38.46608881,-3.82325143],[-38.46653628,-3.82327583],[-38.46650462,-3.82356726],[-38.46662117,-3.823573],[-38.46663457,-3.82343875],[-38.46692555,-3.82345527],[-38.46696642,-3.82331318],[-38.46669023,-3.82328732],[-38.46670318,-3.82319831],[-38.46672476,-3.82312366],[-38.46674202,-3.82304757],[-38.46675641,-3.82304183],[-38.46703698,-3.82305044],[-38.46704561,-3.82298728],[-38.46676217,-3.82297436],[-38.46677656,-3.82289827],[-38.46680235,-3.82274553],[-38.46710241,-3.82275969],[-38.46716168,-3.82253366],[-38.46710998,-3.82248999],[-38.46684237,-3.82252386]]]]},"geometry_name":"the_geom","properties":{"id":8,"nome":"\u00c1rea Verde Lagoa Redonda","nome_pop":"sem informa\u00e7\u00e3o","fonte":"URBIFOR","anoref":2019,"epsg_codif":"EPSG: 31984 (SIRGAS 2000 - UTM 24S); Codifica\u00e7\u00e3o: UTF-8","bairro":"Lagoa Redonda","cod_bairro":63,"area m2":7101.92}},{"type":"Feature","id":"vw_PracasFortaleza.fid--266d38e4_18dcc52846e_-53d4","geometry":{"type":"MultiPolygon","coordinates":[[[[-38.54721964,-3.79502556],[-38.54668227,-3.79520942],[-38.54567615,-3.79544651],[-38.54585087,-3.79593934],[-38.54638942,-3.79578472],[-38.54648992,-3.79585457],[-38.54741705,-3.79551138],[-38.54721964,-3.79502556]]]]},"geometry_name":"the_geom","properties":{"id":9,"nome":"Areninha Parque Dois Irm\u00e3os","nome_pop":"sem informa\u00e7\u00e3o","fonte":"URBIFOR","anoref":2019,"epsg_codif":"EPSG: 31984 (SIRGAS 2000 - UTM 24S); Codifica\u00e7\u00e3o: UTF-8","bairro":"Parque Dois irm\u00e3os","cod_bairro":84,"area m2":10499.32}},{"type":"Feature","id":"vw_PracasFortaleza.fid--266d38e4_18dcc52846e_-53d3","geometry":{"type":"MultiPolygon","coordinates":[[[[-38.49125669,-3.81992666],[-38.49037885,-3.82000744],[-38.4904774,-3.82075783],[-38.49137329,-3.82063579],[-38.49125669,-3.81992666]]]]},"geometry_name":"the_geom","properties":{"id":10,"nome":"Areninha S\u00e3o Bernardo","nome_pop":"sem informa\u00e7\u00e3o","fonte":"URBIFOR","anoref":2019,"epsg_codif":"EPSG: 31984 (SIRGAS 2000 - UTM 24S); Codifica\u00e7\u00e3o: UTF-8","bairro":"Messejana","cod_bairro":65,"area m2":8083.1}},{"type":"Feature","id":"vw_PracasFortaleza.fid--266d38e4_18dcc52846e_-53d2","geometry":{"type":"MultiPolygon","coordinates":[[[[-38.52093633,-3.84933593],[-38.52068702,-3.84845758],[-38.51990001,-3.84874828],[-38.5202434,-3.84960765],[-38.52093633,-3.84933593]]]]},"geometry_name":"the_geom","properties":{"id":11,"nome":"Areninha S\u00edtio S\u00e3o Jo\u00e3o","nome_pop":"sem informa\u00e7\u00e3o","fonte":"URBIFOR","anoref":2019,"epsg_codif":"EPSG: 31984 (SIRGAS 2000 - UTM 24S); Codifica\u00e7\u00e3o: UTF-8","bairro":"Jangurussu","cod_bairro":61,"area m2":8920.07}},{"type":"Feature","id":"vw_PracasFortaleza.fid--266d38e4_18dcc52846e_-53d1","geometry":{"type":"MultiPolygon","coordinates":[[[[-38.53070287,-3.81299074],[-38.5308012,-3.81292255],[-38.53080728,-3.81287121],[-38.53062075,-3.81260005],[-38.53058429,-3.81259053],[-38.53031004,-3.81278146],[-38.53031246,-3.81281488],[-38.53064991,-3.81300259],[-38.53070287,-3.81299074]]]]},"geometry_name":"the_geom","properties":{"id":32,"nome":"Pra\u00e7a da Saudade","nome_pop":"sem informa\u00e7\u00e3o","fonte":"URBIFOR","anoref":2019,"epsg_codif":"EPSG: 31984 (SIRGAS 2000 - UTM 24S); Codifica\u00e7\u00e3o: UTF-8","bairro":"Passar\u00e9","cod_bairro":88,"area m2":1398.19}},{"type":"Feature","id":"vw_PracasFortaleza.fid--266d38e4_18dcc52846e_-53d0","geometry":{"type":"MultiPolygon","coordinates":[[[[-38.55699356,-3.80894984],[-38.55696564,-3.80893637],[-38.55661871,-3.80906358],[-38.55662151,-3.80909712],[-38.5569803,-3.80910254],[-38.55700345,-3.80907834],[-38.55699356,-3.80894984]]]]},"geometry_name":"the_geom","properties":{"id":33,"nome":"Pra\u00e7a das Cores","nome_pop":"sem informa\u00e7\u00e3o","fonte":"URBIFOR","anoref":2019,"epsg_codif":"EPSG: 31984 (SIRGAS 2000 - UTM 24S); Codifica\u00e7\u00e3o: UTF-8","bairro":"Mondubim","cod_bairro":83,"area m2":486.34}},{"type":"Feature","id":"vw_PracasFortaleza.fid--266d38e4_18dcc52846e_-53cf","geometry":{"type":"MultiPolygon","coordinates":[[[[-38.52145141,-3.83363568],[-38.5213386,-3.83363895],[-38.5213059,-3.8336781],[-38.52103778,-3.83369441],[-38.52100018,-3.83365036],[-38.51968738,-3.83368462],[-38.51821763,-3.83373519],[-38.51819343,-3.83375812],[-38.51819503,-3.83384277],[-38.51821622,-3.83386402],[-38.52056531,-3.83378412],[-38.52113424,-3.83375966],[-38.5214431,-3.83374832],[-38.52146684,-3.83372139],[-38.52146669,-3.83365285],[-38.52145141,-3.83363568]]],[[[-38.5249372,-3.83370927],[-38.52470832,-3.83363097],[-38.52430287,-3.8335592],[-38.52400532,-3.83354941],[-38.52398244,-3.83359182],[-38.52379279,-3.83360487],[-38.5237699,-3.83356246],[-38.5236947,-3.83356246],[-38.52367181,-3.83358203],[-38.52367835,-3.83367012],[-38.5236947,-3.83369622],[-38.52376663,-3.83368969],[-38.52378952,-3.83364076],[-38.52397917,-3.83364076],[-38.52399878,-3.83367338],[-38.52432576,-3.83369622],[-38.52461011,-3.83373326],[-38.52464946,-3.83370508],[-38.52479333,-3.83374842],[-38.52479006,-3.83379083],[-38.52489142,-3.83382672],[-38.5249372,-3.83370927]]],[[[-38.5260687,-3.83455589],[-38.52598522,-3.83447568],[-38.52594108,-3.83448792],[-38.52583059,-3.83437253],[-38.52583662,-3.83430937],[-38.52564435,-3.83412089],[-38.52547958,-3.83399356],[-38.52531267,-3.83389116],[-38.52527721,-3.83391658],[-38.52511503,-3.83383246],[-38.52512844,-3.83378971],[-38.52501335,-3.83373919],[-38.52496424,-3.83383706],[-38.52506862,-3.83388925],[-38.5250983,-3.83386316],[-38.52526115,-3.83394782],[-38.5252716,-3.83400345],[-38.52551029,-3.83417309],[-38.52576533,-3.83440472],[-38.52580713,-3.83439327],[-38.52592228,-3.83450912],[-38.52592228,-3.83457111],[-38.52599196,-3.8346408],[-38.5260687,-3.83455589]]],[[[-38.52356693,-3.8335688],[-38.52345903,-3.83357044],[-38.52343739,-3.83361172],[-38.52317811,-3.83362189],[-38.52314615,-3.83358459],[-38.52208083,-3.83361611],[-38.52205467,-3.833652],[-38.5217277,-3.83366505],[-38.52169827,-3.83362753],[-38.52163156,-3.83363569],[-38.52163454,-3.83374498],[-38.52171789,-3.83374502],[-38.52173321,-3.83370917],[-38.52205166,-3.83369199],[-38.5220832,-3.83372358],[-38.52314529,-3.83368851],[-38.52317071,-3.83365192],[-38.52343733,-3.83364254],[-38.52345739,-3.83368299],[-38.52355712,-3.8336781],[-38.52357674,-3.83366341],[-38.52358328,-3.83359164],[-38.52356693,-3.8335688]]],[[[-38.52747232,-3.8360234],[-38.52741019,-3.83596468],[-38.52735461,-3.83596794],[-38.52724997,-3.8358505],[-38.52726959,-3.83580482],[-38.52657314,-3.83506099],[-38.52637041,-3.83486851],[-38.5263181,-3.8348783],[-38.52618077,-3.83472822],[-38.52619385,-3.83469234],[-38.52613499,-3.83462383],[-38.52604344,-3.83471844],[-38.52611537,-3.8347739],[-38.52615134,-3.83475759],[-38.52629194,-3.83490439],[-38.52627559,-3.83495333],[-38.52716823,-3.83587333],[-38.52720747,-3.83586028],[-38.5273448,-3.8359973],[-38.52733172,-3.8360495],[-38.52738403,-3.83610823],[-38.52747232,-3.8360234]]]]},"geometry_name":"the_geom","properties":{"id":12,"nome":"Cal\u00e7ad\u00e3o Boulevard I","nome_pop":"sem informa\u00e7\u00e3o","fonte":"URBIFOR","anoref":2019,"epsg_codif":"EPSG: 31984 (SIRGAS 2000 - UTM 24S); Codifica\u00e7\u00e3o: UTF-8","bairro":"Jangurussu","cod_bairro":61,"area m2":12617.04}},{"type":"Feature","id":"vw_PracasFortaleza.fid--266d38e4_18dcc52846e_-53ce","geometry":{"type":"MultiPolygon","coordinates":[[[[-38.48312929,-3.81123696],[-38.4828533,-3.81091303],[-38.48284133,-3.81092275],[-38.48311619,-3.81124782],[-38.48312929,-3.81123696]]],[[[-38.48371031,-3.81192145],[-38.48344853,-3.81162441],[-38.48343372,-3.81163642],[-38.48369436,-3.81193288],[-38.48371031,-3.81192145]]],[[[-38.48338195,-3.81154944],[-38.48327782,-3.81140752],[-38.48326301,-3.81141895],[-38.483366,-3.81156087],[-38.48338195,-3.81154944]]]]},"geometry_name":"the_geom","properties":{"id":13,"nome":"Canteiro Central da Rua Thomas Idelfonso","nome_pop":"sem informa\u00e7\u00e3o","fonte":"URBIFOR","anoref":2019,"epsg_codif":"EPSG: 31984 (SIRGAS 2000 - UTM 24S); Codifica\u00e7\u00e3o: UTF-8","bairro":"Cambeba","cod_bairro":53,"area m2":219.77}},{"type":"Feature","id":"vw_PracasFortaleza.fid--266d38e4_18dcc52846e_-53cd","geometry":{"type":"MultiPolygon","coordinates":[[[[-38.52447797,-3.83572235],[-38.52448417,-3.8360493],[-38.52451942,-3.83608058],[-38.52486353,-3.83572259],[-38.52486138,-3.83568603],[-38.52469426,-3.83550741],[-38.52447797,-3.83572235]]]]},"geometry_name":"the_geom","properties":{"id":14,"nome":"Pra\u00e7a do Posto de Sa\u00fade Melo Jaborandi","nome_pop":"sem informa\u00e7\u00e3o","fonte":"URBIFOR","anoref":2019,"epsg_codif":"EPSG: 31984 (SIRGAS 2000 - UTM 24S); Codifica\u00e7\u00e3o: UTF-8","bairro":"Jangurussu","cod_bairro":61,"area m2":1462.18}},{"type":"Feature","id":"vw_PracasFortaleza.fid--266d38e4_18dcc52846e_-53cc","geometry":{"type":"MultiPolygon","coordinates":[[[[-38.5499804,-3.79672577],[-38.54945107,-3.79690227],[-38.54943643,-3.79692883],[-38.54955112,-3.79732439],[-38.54957605,-3.79734095],[-38.55011002,-3.79717358],[-38.55013044,-3.79713642],[-38.55000444,-3.79674108],[-38.5499804,-3.79672577]]]]},"geometry_name":"the_geom","properties":{"id":15,"nome":"Pra\u00e7a 1\u00ba de maio","nome_pop":"sem informa\u00e7\u00e3o","fonte":"URBIFOR","anoref":2019,"epsg_codif":"EPSG: 31984 (SIRGAS 2000 - UTM 24S); Codifica\u00e7\u00e3o: UTF-8","bairro":"Parque Dois irm\u00e3os","cod_bairro":84,"area m2":3404.27}},{"type":"Feature","id":"vw_PracasFortaleza.fid--266d38e4_18dcc52846e_-53cb","geometry":{"type":"MultiPolygon","coordinates":[[[[-38.45622289,-3.80936298],[-38.45574287,-3.80955412],[-38.45577852,-3.80980609],[-38.45609156,-3.80973025],[-38.45622289,-3.80936298]]]]},"geometry_name":"the_geom","properties":{"id":16,"nome":"Pra\u00e7a Airton Bezerra","nome_pop":"sem informa\u00e7\u00e3o","fonte":"URBIFOR","anoref":2019,"epsg_codif":"EPSG: 31984 (SIRGAS 2000 - UTM 24S); Codifica\u00e7\u00e3o: UTF-8","bairro":"Lagoa Redonda","cod_bairro":63,"area m2":1429.55}},{"type":"Feature","id":"vw_PracasFortaleza.fid--266d38e4_18dcc52846e_-53ca","geometry":{"type":"MultiPolygon","coordinates":[[[[-38.53090934,-3.79964445],[-38.53070151,-3.79969954],[-38.53066494,-3.79981804],[-38.53088118,-3.79981554],[-38.53091471,-3.79979347],[-38.53090934,-3.79964445]]],[[[-38.53080594,-3.7998793],[-38.53063756,-3.799889],[-38.5305722,-3.80004749],[-38.53079432,-3.80004664],[-38.53081074,-3.80001993],[-38.53080594,-3.7998793]]],[[[-38.5307301,-3.80011518],[-38.53055797,-3.80010108],[-38.53050143,-3.80025508],[-38.53071743,-3.80027487],[-38.53073603,-3.80026666],[-38.5307301,-3.80011518]]]]},"geometry_name":"the_geom","properties":{"id":17,"nome":"Pra\u00e7a Anhembi","nome_pop":"sem informa\u00e7\u00e3o","fonte":"URBIFOR","anoref":2019,"epsg_codif":"EPSG: 31984 (SIRGAS 2000 - UTM 24S); Codifica\u00e7\u00e3o: UTF-8","bairro":"Passar\u00e9","cod_bairro":88,"area m2":1198.92}},{"type":"Feature","id":"vw_PracasFortaleza.fid--266d38e4_18dcc52846e_-53c9","geometry":{"type":"MultiPolygon","coordinates":[[[[-38.50823656,-3.8548698],[-38.50677122,-3.85545348],[-38.50691872,-3.85609668],[-38.50854577,-3.85573422],[-38.50823656,-3.8548698]]]]},"geometry_name":"the_geom","properties":{"id":20,"nome":"Pra\u00e7a Boulevard do Arco","nome_pop":"sem informa\u00e7\u00e3o","fonte":"URBIFOR","anoref":2019,"epsg_codif":"EPSG: 31984 (SIRGAS 2000 - UTM 24S); Codifica\u00e7\u00e3o: UTF-8","bairro":"Jangurussu","cod_bairro":61,"area m2":15641.82}},{"type":"Feature","id":"vw_PracasFortaleza.fid--266d38e4_18dcc52846e_-53c8","geometry":{"type":"MultiPolygon","coordinates":[[[[-38.4913692,-3.8206474],[-38.49048434,-3.82077192],[-38.49056471,-3.82134974],[-38.49144637,-3.82124944],[-38.4913692,-3.8206474]]]]},"geometry_name":"the_geom","properties":{"id":21,"nome":"Pra\u00e7a Chico Mendes","nome_pop":"sem informa\u00e7\u00e3o","fonte":"URBIFOR","anoref":2019,"epsg_codif":"EPSG: 31984 (SIRGAS 2000 - UTM 24S); Codifica\u00e7\u00e3o: UTF-8","bairro":"Messejana","cod_bairro":65,"area m2":6508.72}},{"type":"Feature","id":"vw_PracasFortaleza.fid--266d38e4_18dcc52846e_-53c7","geometry":{"type":"MultiPolygon","coordinates":[[[[-38.53469709,-3.80028641],[-38.53435965,-3.80029876],[-38.5343763,-3.80080458],[-38.53471759,-3.80078245],[-38.53469709,-3.80028641]]]]},"geometry_name":"the_geom","properties":{"id":22,"nome":"Pra\u00e7a da Capela do Menino Jesus de Praga","nome_pop":"sem informa\u00e7\u00e3o","fonte":"URBIFOR","anoref":2019,"epsg_codif":"EPSG: 31984 (SIRGAS 2000 - UTM 24S); Codifica\u00e7\u00e3o: UTF-8","bairro":"Passar\u00e9","cod_bairro":88,"area m2":2091.97}},{"type":"Feature","id":"vw_PracasFortaleza.fid--266d38e4_18dcc52846e_-53c6","geometry":{"type":"MultiPolygon","coordinates":[[[[-38.54573789,-3.80009351],[-38.54559526,-3.79952951],[-38.54557722,-3.79953029],[-38.54539854,-3.80018043],[-38.54542133,-3.80020292],[-38.54572473,-3.80012887],[-38.54573789,-3.80009351]]]]},"geometry_name":"the_geom","properties":{"id":23,"nome":"Pra\u00e7a da Capela Nossa Senhora das Gra\u00e7as","nome_pop":"sem informa\u00e7\u00e3o","fonte":"URBIFOR","anoref":2019,"epsg_codif":"EPSG: 31984 (SIRGAS 2000 - UTM 24S); Codifica\u00e7\u00e3o: UTF-8","bairro":"Parque Dois irm\u00e3os","cod_bairro":84,"area m2":1441.66}},{"type":"Feature","id":"vw_PracasFortaleza.fid--266d38e4_18dcc52846e_-53c5","geometry":{"type":"MultiPolygon","coordinates":[[[[-38.54267077,-3.79795292],[-38.54257388,-3.79743619],[-38.54254832,-3.79741949],[-38.5422813,-3.79748006],[-38.54236351,-3.7980369],[-38.54265571,-3.79797224],[-38.54267077,-3.79795292]]]]},"geometry_name":"the_geom","properties":{"id":24,"nome":"Pra\u00e7a da Capela S\u00e3o Pedro Juli\u00e3o Eymard","nome_pop":"sem informa\u00e7\u00e3o","fonte":"URBIFOR","anoref":2019,"epsg_codif":"EPSG: 31984 (SIRGAS 2000 - UTM 24S); Codifica\u00e7\u00e3o: UTF-8","bairro":"Parque Dois irm\u00e3os","cod_bairro":84,"area m2":2113.27}},{"type":"Feature","id":"vw_PracasFortaleza.fid--266d38e4_18dcc52846e_-53c4","geometry":{"type":"MultiPolygon","coordinates":[[[[-38.48179656,-3.75919267],[-38.48152494,-3.7591684],[-38.48140343,-3.75937578],[-38.48177693,-3.75941024],[-38.48179656,-3.75919267]]]]},"geometry_name":"the_geom","properties":{"id":25,"nome":"Pra\u00e7a da Igreja Batista do Planalto","nome_pop":"sem informa\u00e7\u00e3o","fonte":"URBIFOR","anoref":2019,"epsg_codif":"EPSG: 31984 (SIRGAS 2000 - UTM 24S); Codifica\u00e7\u00e3o: UTF-8","bairro":"Edson Queiroz","cod_bairro":57,"area m2":867.34}},{"type":"Feature","id":"vw_PracasFortaleza.fid--266d38e4_18dcc52846e_-53c3","geometry":{"type":"MultiPolygon","coordinates":[[[[-38.49912852,-3.77813672],[-38.4991707,-3.77772497],[-38.49912023,-3.77767855],[-38.4984433,-3.77793958],[-38.49854223,-3.77828017],[-38.49885771,-3.77818273],[-38.49887633,-3.77808339],[-38.49901938,-3.77809735],[-38.49912852,-3.77813672]]]]},"geometry_name":"the_geom","properties":{"id":26,"nome":"Pra\u00e7a da Igreja de Santa Luzia","nome_pop":"sem informa\u00e7\u00e3o","fonte":"URBIFOR","anoref":2019,"epsg_codif":"EPSG: 31984 (SIRGAS 2000 - UTM 24S); Codifica\u00e7\u00e3o: UTF-8","bairro":"Luciano Cavalcante","cod_bairro":58,"area m2":3113.11}},{"type":"Feature","id":"vw_PracasFortaleza.fid--266d38e4_18dcc52846e_-53c2","geometry":{"type":"MultiPolygon","coordinates":[[[[-38.47914895,-3.79448574],[-38.4789502,-3.79446406],[-38.47911328,-3.79466571],[-38.47912957,-3.79465697],[-38.47914895,-3.79448574]]]]},"geometry_name":"the_geom","properties":{"id":27,"nome":"Pra\u00e7a da Par\u00f3quia S\u00e3o Jos\u00e9","nome_pop":"sem informa\u00e7\u00e3o","fonte":"URBIFOR","anoref":2019,"epsg_codif":"EPSG: 31984 (SIRGAS 2000 - UTM 24S); Codifica\u00e7\u00e3o: UTF-8","bairro":"Barra do Cear\u00e1","cod_bairro":64,"area m2":240.51}},{"type":"Feature","id":"vw_PracasFortaleza.fid--266d38e4_18dcc52846e_-53c1","geometry":{"type":"MultiPolygon","coordinates":[[[[-38.51784462,-3.78601076],[-38.51781329,-3.78574389],[-38.51726208,-3.78580941],[-38.51724221,-3.78582805],[-38.51727861,-3.78607411],[-38.51729579,-3.7860878],[-38.51784462,-3.78601076]]]]},"geometry_name":"the_geom","properties":{"id":28,"nome":"Pra\u00e7a da Igreja de S\u00e3o Francisco","nome_pop":"sem informa\u00e7\u00e3o","fonte":"URBIFOR","anoref":2019,"epsg_codif":"EPSG: 31984 (SIRGAS 2000 - UTM 24S); Codifica\u00e7\u00e3o: UTF-8","bairro":"Dias Macedo","cod_bairro":98,"area m2":1931.17}},{"type":"Feature","id":"vw_PracasFortaleza.fid--266d38e4_18dcc52846e_-53c0","geometry":{"type":"MultiPolygon","coordinates":[[[[-38.47634292,-3.77270549],[-38.47532878,-3.77261063],[-38.47559463,-3.77293286],[-38.47556998,-3.7733293],[-38.47577966,-3.77335003],[-38.47581085,-3.77304295],[-38.47631169,-3.77307224],[-38.47634292,-3.77270549]]]]},"geometry_name":"the_geom","properties":{"id":29,"nome":"Pra\u00e7a da Justi\u00e7a","nome_pop":"sem informa\u00e7\u00e3o","fonte":"URBIFOR","anoref":2019,"epsg_codif":"EPSG: 31984 (SIRGAS 2000 - UTM 24S); Codifica\u00e7\u00e3o: UTF-8","bairro":"Edson Queiroz","cod_bairro":57,"area m2":4736.12}},{"type":"Feature","id":"vw_PracasFortaleza.fid--266d38e4_18dcc52846e_-53bf","geometry":{"type":"MultiPolygon","coordinates":[[[[-38.47173417,-3.77319026],[-38.4713985,-3.77331614],[-38.47137438,-3.77336795],[-38.47173866,-3.7744202],[-38.47178461,-3.77443849],[-38.47213227,-3.7742975],[-38.47215921,-3.77424813],[-38.47178325,-3.77320532],[-38.47173417,-3.77319026]]]]},"geometry_name":"the_geom","properties":{"id":30,"nome":"Pra\u00e7a da Juventude Gen\u00e9sio Queiroz","nome_pop":"sem informa\u00e7\u00e3o","fonte":"URBIFOR","anoref":2019,"epsg_codif":"EPSG: 31984 (SIRGAS 2000 - UTM 24S); Codifica\u00e7\u00e3o: UTF-8","bairro":"Edson Queiroz","cod_bairro":57,"area m2":6449.68}},{"type":"Feature","id":"vw_PracasFortaleza.fid--266d38e4_18dcc52846e_-53be","geometry":{"type":"MultiPolygon","coordinates":[[[[-38.51594702,-3.80515772],[-38.51559942,-3.80541563],[-38.51592623,-3.80584251],[-38.51571195,-3.806032],[-38.51561265,-3.80614312],[-38.51553564,-3.80626067],[-38.51548058,-3.80641761],[-38.51546572,-3.80654804],[-38.51547234,-3.80668625],[-38.51551213,-3.80682638],[-38.51555188,-3.80693046],[-38.51573311,-3.80681188],[-38.51577748,-3.80607336],[-38.51631543,-3.80562907],[-38.51594702,-3.80515772]]]]},"geometry_name":"the_geom","properties":{"id":34,"nome":"Pra\u00e7a de Esporte do Conjunto Esplanada Castel\u00e3o","nome_pop":"sem informa\u00e7\u00e3o","fonte":"URBIFOR","anoref":2019,"epsg_codif":"EPSG: 31984 (SIRGAS 2000 - UTM 24S); Codifica\u00e7\u00e3o: UTF-8","bairro":"Cajazeiras","cod_bairro":52,"area m2":5897.36}},{"type":"Feature","id":"vw_PracasFortaleza.fid--266d38e4_18dcc52846e_-53bd","geometry":{"type":"MultiPolygon","coordinates":[[[[-38.48967233,-3.83775462],[-38.48931096,-3.8382601],[-38.49008036,-3.83880826],[-38.49044126,-3.8382938],[-38.48967233,-3.83775462]]]]},"geometry_name":"the_geom","properties":{"id":35,"nome":"Pra\u00e7a de Esporte do Copacabana","nome_pop":"sem informa\u00e7\u00e3o","fonte":"URBIFOR","anoref":2019,"epsg_codif":"EPSG: 31984 (SIRGAS 2000 - UTM 24S); Codifica\u00e7\u00e3o: UTF-8","bairro":"Paupina","cod_bairro":68,"area m2":7229.21}},{"type":"Feature","id":"vw_PracasFortaleza.fid--266d38e4_18dcc52846e_-53bc","geometry":{"type":"MultiPolygon","coordinates":[[[[-38.47901961,-3.75852238],[-38.47896773,-3.75847816],[-38.47832647,-3.7590641],[-38.47834164,-3.75913187],[-38.47889752,-3.75921837],[-38.47896745,-3.75915994],[-38.47901961,-3.75852238]]]]},"geometry_name":"the_geom","properties":{"id":36,"nome":"Pra\u00e7a de Esporte Jos\u00e9 Milton da Cunha","nome_pop":"sem informa\u00e7\u00e3o","fonte":"URBIFOR","anoref":2019,"epsg_codif":"EPSG: 31984 (SIRGAS 2000 - UTM 24S); Codifica\u00e7\u00e3o: UTF-8","bairro":"Edson Queiroz","cod_bairro":57,"area m2":3395.98}},{"type":"Feature","id":"vw_PracasFortaleza.fid--266d38e4_18dcc52846e_-53bb","geometry":{"type":"MultiPolygon","coordinates":[[[[-38.49901123,-3.83482759],[-38.49841964,-3.83483476],[-38.49837157,-3.83626408],[-38.49904529,-3.83626078],[-38.49901123,-3.83482759]]]]},"geometry_name":"the_geom","properties":{"id":38,"nome":"Pra\u00e7a Deputado Paulo Benevides","nome_pop":"sem informa\u00e7\u00e3o","fonte":"URBIFOR","anoref":2019,"epsg_codif":"EPSG: 31984 (SIRGAS 2000 - UTM 24S); Codifica\u00e7\u00e3o: UTF-8","bairro":"Messejana","cod_bairro":65,"area m2":11121.05}},{"type":"Feature","id":"vw_PracasFortaleza.fid--266d38e4_18dcc52846e_-53ba","geometry":{"type":"MultiPolygon","coordinates":[[[[-38.50996041,-3.80063398],[-38.50991787,-3.80082303],[-38.5096724,-3.80086742],[-38.5097125,-3.80106732],[-38.50978677,-3.80114858],[-38.50990238,-3.80121881],[-38.51016216,-3.8011488],[-38.51026012,-3.80074355],[-38.51023541,-3.80070084],[-38.50996041,-3.80063398]]],[[[-38.51112504,-3.80090078],[-38.51039446,-3.80070297],[-38.51034577,-3.80072426],[-38.51025996,-3.80109916],[-38.51028618,-3.80113582],[-38.51114286,-3.80094228],[-38.51112504,-3.80090078]]]]},"geometry_name":"the_geom","properties":{"id":39,"nome":"Pra\u00e7a do Anel Vi\u00e1rio","nome_pop":"sem informa\u00e7\u00e3o","fonte":"URBIFOR","anoref":2019,"epsg_codif":"EPSG: 31984 (SIRGAS 2000 - UTM 24S); Codifica\u00e7\u00e3o: UTF-8","bairro":"Cajazeiras","cod_bairro":52,"area m2":5189.37}},{"type":"Feature","id":"vw_PracasFortaleza.fid--266d38e4_18dcc52846e_-53b9","geometry":{"type":"MultiPolygon","coordinates":[[[[-38.49048768,-3.79294196],[-38.48981585,-3.79299445],[-38.48992527,-3.7944021],[-38.49064401,-3.79433686],[-38.49048768,-3.79294196]]]]},"geometry_name":"the_geom","properties":{"id":40,"nome":"Pra\u00e7a do Campo do ASA","nome_pop":"sem informa\u00e7\u00e3o","fonte":"URBIFOR","anoref":2019,"epsg_codif":"EPSG: 31984 (SIRGAS 2000 - UTM 24S); Codifica\u00e7\u00e3o: UTF-8","bairro":"Parque Manibura","cod_bairro":67,"area m2":12063.03}},{"type":"Feature","id":"vw_PracasFortaleza.fid--266d38e4_18dcc52846e_-53b8","geometry":{"type":"MultiPolygon","coordinates":[[[[-38.50874646,-3.82272331],[-38.508123,-3.82277438],[-38.50817783,-3.8237465],[-38.50895396,-3.82364093],[-38.50874646,-3.82272331]]]]},"geometry_name":"the_geom","properties":{"id":41,"nome":"Areninha do Campo do Remo","nome_pop":"sem informa\u00e7\u00e3o","fonte":"URBIFOR","anoref":2019,"epsg_codif":"EPSG: 31984 (SIRGAS 2000 - UTM 24S); Codifica\u00e7\u00e3o: UTF-8","bairro":"Barroso","cod_bairro":51,"area m2":8247.57}},{"type":"Feature","id":"vw_PracasFortaleza.fid--266d38e4_18dcc52846e_-53b7","geometry":{"type":"MultiPolygon","coordinates":[[[[-38.51468603,-3.79605417],[-38.51462244,-3.79606717],[-38.51476852,-3.79671468],[-38.51482821,-3.79670201],[-38.51468603,-3.79605417]]]]},"geometry_name":"the_geom","properties":{"id":42,"nome":"Pra\u00e7a do Campo do Rio Negro","nome_pop":"sem informa\u00e7\u00e3o","fonte":"URBIFOR","anoref":2019,"epsg_codif":"EPSG: 31984 (SIRGAS 2000 - UTM 24S); Codifica\u00e7\u00e3o: UTF-8","bairro":"Cajazeiras","cod_bairro":52,"area m2":513.07}},{"type":"Feature","id":"vw_PracasFortaleza.fid--266d38e4_18dcc52846e_-53b6","geometry":{"type":"MultiPolygon","coordinates":[[[[-38.48582278,-3.8561457],[-38.48543254,-3.85608543],[-38.48529788,-3.85687392],[-38.48569296,-3.85693618],[-38.48582278,-3.8561457]]]]},"geometry_name":"the_geom","properties":{"id":43,"nome":"Pra\u00e7a do Conjunto Alto Alegre","nome_pop":"sem informa\u00e7\u00e3o","fonte":"URBIFOR","anoref":2019,"epsg_codif":"EPSG: 31984 (SIRGAS 2000 - UTM 24S); Codifica\u00e7\u00e3o: UTF-8","bairro":"S\u00e3o Bento","cod_bairro":119,"area m2":3906.92}},{"type":"Feature","id":"vw_PracasFortaleza.fid--266d38e4_18dcc52846e_-53b5","geometry":{"type":"MultiPolygon","coordinates":[[[[-38.47601932,-3.79099147],[-38.47607227,-3.79041648],[-38.4760524,-3.79039291],[-38.47548897,-3.79034393],[-38.47601932,-3.79099147]]]]},"geometry_name":"the_geom","properties":{"id":44,"nome":"Pra\u00e7a do Conjunto Alvorada","nome_pop":"sem informa\u00e7\u00e3o","fonte":"URBIFOR","anoref":2019,"epsg_codif":"EPSG: 31984 (SIRGAS 2000 - UTM 24S); Codifica\u00e7\u00e3o: UTF-8","bairro":"Sapiranga","cod_bairro":64,"area m2":2158.99}},{"type":"Feature","id":"vw_PracasFortaleza.fid--266d38e4_18dcc52846e_-53b4","geometry":{"type":"MultiPolygon","coordinates":[[[[-38.4923618,-3.85284325],[-38.49178491,-3.85290048],[-38.49127949,-3.85295022],[-38.49131583,-3.8532436],[-38.49154707,-3.85321237],[-38.49157587,-3.85344115],[-38.49239961,-3.85333343],[-38.4923618,-3.85284325]]]]},"geometry_name":"the_geom","properties":{"id":46,"nome":"Pra\u00e7a do Conjunto Fernando de Noronha","nome_pop":"sem informa\u00e7\u00e3o","fonte":"URBIFOR","anoref":2019,"epsg_codif":"EPSG: 31984 (SIRGAS 2000 - UTM 24S); Codifica\u00e7\u00e3o: UTF-8","bairro":"Paupina","cod_bairro":68,"area m2":6054.82}},{"type":"Feature","id":"vw_PracasFortaleza.fid--266d38e4_18dcc52846e_-53b3","geometry":{"type":"MultiPolygon","coordinates":[[[[-38.60581563,-3.71976293],[-38.60620683,-3.71958116],[-38.60593425,-3.71903617],[-38.60588901,-3.71901519],[-38.60562873,-3.71916829],[-38.60581563,-3.71976293]]]]},"geometry_name":"the_geom","properties":{"id":207,"nome":"Pra\u00e7a IGPM","nome_pop":"sem informa\u00e7\u00e3o","fonte":"URBIFOR","anoref":2019,"epsg_codif":"EPSG: 31984 (SIRGAS 2000 - UTM 24S); Codifica\u00e7\u00e3o: UTF-8","bairro":"Vila Velha","cod_bairro":39,"area m2":2957.39}},{"type":"Feature","id":"vw_PracasFortaleza.fid--266d38e4_18dcc52846e_-53b2","geometry":{"type":"MultiPolygon","coordinates":[[[[-38.47603719,-3.83215792],[-38.47604621,-3.83210056],[-38.47573218,-3.83166116],[-38.47567574,-3.83166182],[-38.47527574,-3.83196768],[-38.47526174,-3.83202147],[-38.47557857,-3.83245204],[-38.47564414,-3.83244989],[-38.47603719,-3.83215792]]]]},"geometry_name":"the_geom","properties":{"id":47,"nome":"Pra\u00e7a do Conjunto Guajer\u00fa","nome_pop":"sem informa\u00e7\u00e3o","fonte":"URBIFOR","anoref":2019,"epsg_codif":"EPSG: 31984 (SIRGAS 2000 - UTM 24S); Codifica\u00e7\u00e3o: UTF-8","bairro":"Guajeru","cod_bairro":59,"area m2":4371.22}},{"type":"Feature","id":"vw_PracasFortaleza.fid--266d38e4_18dcc52846e_-53b1","geometry":{"type":"MultiPolygon","coordinates":[[[[-38.51842342,-3.82413599],[-38.51836994,-3.82404409],[-38.51828081,-3.82400555],[-38.5181798,-3.82402927],[-38.51813821,-3.82407966],[-38.51812038,-3.82414784],[-38.51829406,-3.82518832],[-38.51835464,-3.82520789],[-38.51842233,-3.82518104],[-38.51842342,-3.82413599]]]]},"geometry_name":"the_geom","properties":{"id":48,"nome":"Pra\u00e7a do Conjunto Jo\u00e3o Paulo II","nome_pop":"sem informa\u00e7\u00e3o","fonte":"URBIFOR","anoref":2019,"epsg_codif":"EPSG: 31984 (SIRGAS 2000 - UTM 24S); Codifica\u00e7\u00e3o: UTF-8","bairro":"Barroso","cod_bairro":51,"area m2":3157.84}},{"type":"Feature","id":"vw_PracasFortaleza.fid--266d38e4_18dcc52846e_-53b0","geometry":{"type":"MultiPolygon","coordinates":[[[[-38.47252748,-3.85021219],[-38.47261413,-3.84974784],[-38.47198684,-3.84991974],[-38.47195606,-3.85012096],[-38.47252748,-3.85021219]]]]},"geometry_name":"the_geom","properties":{"id":49,"nome":"Pra\u00e7a do Conjunto Por do Sol","nome_pop":"sem informa\u00e7\u00e3o","fonte":"URBIFOR","anoref":2019,"epsg_codif":"EPSG: 31984 (SIRGAS 2000 - UTM 24S); Codifica\u00e7\u00e3o: UTF-8","bairro":"Coa\u00e7u","cod_bairro":55,"area m2":2420.68}},{"type":"Feature","id":"vw_PracasFortaleza.fid--266d38e4_18dcc52846e_-53af","geometry":{"type":"MultiPolygon","coordinates":[[[[-38.5263147,-3.78932007],[-38.52634885,-3.78935157],[-38.52691186,-3.78920496],[-38.52693514,-3.78916428],[-38.52672979,-3.78840204],[-38.52668902,-3.788384],[-38.52613961,-3.78853316],[-38.52611881,-3.78857975],[-38.5263147,-3.78932007]]]]},"geometry_name":"the_geom","properties":{"id":50,"nome":"Pra\u00e7a do Conjunto Renascer","nome_pop":"sem informa\u00e7\u00e3o","fonte":"URBIFOR","anoref":2019,"epsg_codif":"EPSG: 31984 (SIRGAS 2000 - UTM 24S); Codifica\u00e7\u00e3o: UTF-8","bairro":"Dias Macedo","cod_bairro":98,"area m2":6615.39}},{"type":"Feature","id":"vw_PracasFortaleza.fid--266d38e4_18dcc52846e_-53ae","geometry":{"type":"MultiPolygon","coordinates":[[[[-38.48531685,-3.83455523],[-38.48563675,-3.83520447],[-38.48570493,-3.83521752],[-38.48758667,-3.83426723],[-38.48758042,-3.83421731],[-38.48531685,-3.83455523]]]]},"geometry_name":"the_geom","properties":{"id":51,"nome":"Pra\u00e7a do Conjunto Residencial Bandeirantes","nome_pop":"sem informa\u00e7\u00e3o","fonte":"URBIFOR","anoref":2019,"epsg_codif":"EPSG: 31984 (SIRGAS 2000 - UTM 24S); Codifica\u00e7\u00e3o: UTF-8","bairro":"Messejana","cod_bairro":65,"area m2":10871.36}},{"type":"Feature","id":"vw_PracasFortaleza.fid--266d38e4_18dcc52846e_-53ad","geometry":{"type":"MultiPolygon","coordinates":[[[[-38.50914931,-3.78330071],[-38.50904055,-3.78296194],[-38.50884446,-3.78302419],[-38.50877019,-3.78306569],[-38.50873528,-3.78311228],[-38.50910532,-3.78333372],[-38.50913335,-3.783327],[-38.50914931,-3.78330071]]]]},"geometry_name":"the_geom","properties":{"id":52,"nome":"Pra\u00e7a do Conjunto Tancredo Neves","nome_pop":"sem informa\u00e7\u00e3o","fonte":"URBIFOR","anoref":2019,"epsg_codif":"EPSG: 31984 (SIRGAS 2000 - UTM 24S); Codifica\u00e7\u00e3o: UTF-8","bairro":"Jardim das Oliveiras","cod_bairro":62,"area m2":950.93}},{"type":"Feature","id":"vw_PracasFortaleza.fid--266d38e4_18dcc52846e_-53ac","geometry":{"type":"MultiPolygon","coordinates":[[[[-38.54557672,-3.80136659],[-38.5453362,-3.80042431],[-38.54502879,-3.80149915],[-38.54507399,-3.80153505],[-38.54554963,-3.80141778],[-38.54557672,-3.80136659]]]]},"geometry_name":"the_geom","properties":{"id":53,"nome":"Pra\u00e7a do Conjunto Tup\u00e3mirim","nome_pop":"sem informa\u00e7\u00e3o","fonte":"URBIFOR","anoref":2019,"epsg_codif":"EPSG: 31984 (SIRGAS 2000 - UTM 24S); Codifica\u00e7\u00e3o: UTF-8","bairro":"Parque Dois irm\u00e3os","cod_bairro":84,"area m2":3654.29}},{"type":"Feature","id":"vw_PracasFortaleza.fid--266d38e4_18dcc52846e_-53ab","geometry":{"type":"MultiPolygon","coordinates":[[[[-38.52136537,-3.83129715],[-38.52134963,-3.83005265],[-38.52132262,-3.83003841],[-38.52064458,-3.83027013],[-38.52114841,-3.83128089],[-38.52121254,-3.83132491],[-38.52130044,-3.83131863],[-38.52136537,-3.83129715]]]]},"geometry_name":"the_geom","properties":{"id":54,"nome":"Pra\u00e7a do CUCA","nome_pop":"sem informa\u00e7\u00e3o","fonte":"URBIFOR","anoref":2019,"epsg_codif":"EPSG: 31984 (SIRGAS 2000 - UTM 24S); Codifica\u00e7\u00e3o: UTF-8","bairro":"Jangurussu","cod_bairro":61,"area m2":6864.89}},{"type":"Feature","id":"vw_PracasFortaleza.fid--266d38e4_18dcc52846e_-53aa","geometry":{"type":"MultiPolygon","coordinates":[[[[-38.51759922,-3.84962972],[-38.51763932,-3.84957335],[-38.517364,-3.84891113],[-38.5173201,-3.84890252],[-38.51653825,-3.84922205],[-38.51651941,-3.84925523],[-38.51677182,-3.84989896],[-38.51682659,-3.84992366],[-38.51759922,-3.84962972]]]]},"geometry_name":"the_geom","properties":{"id":55,"nome":"Pra\u00e7a de Esporte do S\u00edtio S\u00e3o Jo\u00e3o","nome_pop":"sem informa\u00e7\u00e3o","fonte":"URBIFOR","anoref":2019,"epsg_codif":"EPSG: 31984 (SIRGAS 2000 - UTM 24S); Codifica\u00e7\u00e3o: UTF-8","bairro":"Jangurussu","cod_bairro":61,"area m2":8646.54}},{"type":"Feature","id":"vw_PracasFortaleza.fid--266d38e4_18dcc52846e_-53a9","geometry":{"type":"MultiPolygon","coordinates":[[[[-38.54886891,-3.79959143],[-38.54889984,-3.79958171],[-38.54869409,-3.79894812],[-38.54862903,-3.79891551],[-38.54841845,-3.79897642],[-38.54842986,-3.79900338],[-38.54854927,-3.79902736],[-38.54869652,-3.79948495],[-38.54886891,-3.79959143]]]]},"geometry_name":"the_geom","properties":{"id":56,"nome":"Pra\u00e7a do Jardim Itaperi","nome_pop":"sem informa\u00e7\u00e3o","fonte":"URBIFOR","anoref":2019,"epsg_codif":"EPSG: 31984 (SIRGAS 2000 - UTM 24S); Codifica\u00e7\u00e3o: UTF-8","bairro":"Parque Dois irm\u00e3os","cod_bairro":84,"area m2":1371.58}},{"type":"Feature","id":"vw_PracasFortaleza.fid--266d38e4_18dcc52846e_-53a8","geometry":{"type":"MultiPolygon","coordinates":[[[[-38.50739225,-3.81591953],[-38.50698214,-3.81621514],[-38.50715031,-3.81643883],[-38.50724154,-3.81645918],[-38.50729928,-3.81645171],[-38.50746992,-3.8163337],[-38.50762259,-3.81586225],[-38.50745956,-3.81598844],[-38.50739225,-3.81591953]]]]},"geometry_name":"the_geom","properties":{"id":58,"nome":"Pra\u00e7a do Jardim Violeta","nome_pop":"sem informa\u00e7\u00e3o","fonte":"URBIFOR","anoref":2019,"epsg_codif":"EPSG: 31984 (SIRGAS 2000 - UTM 24S); Codifica\u00e7\u00e3o: UTF-8","bairro":"Barroso","cod_bairro":51,"area m2":2356.65}},{"type":"Feature","id":"vw_PracasFortaleza.fid--266d38e4_18dcc52846e_-53a7","geometry":{"type":"MultiPolygon","coordinates":[[[[-38.5106362,-3.81949698],[-38.51047763,-3.81915043],[-38.51007471,-3.8193162],[-38.50999986,-3.8191407],[-38.50847925,-3.81976617],[-38.50847182,-3.81989538],[-38.50849051,-3.81991292],[-38.50971167,-3.81939677],[-38.51013025,-3.81967128],[-38.51021805,-3.81966862],[-38.5106362,-3.81949698]]]]},"geometry_name":"the_geom","properties":{"id":59,"nome":"Pra\u00e7a do Lago Azul","nome_pop":"sem informa\u00e7\u00e3o","fonte":"URBIFOR","anoref":2019,"epsg_codif":"EPSG: 31984 (SIRGAS 2000 - UTM 24S); Codifica\u00e7\u00e3o: UTF-8","bairro":"Barroso","cod_bairro":51,"area m2":5951.12}},{"type":"Feature","id":"vw_PracasFortaleza.fid--266d38e4_18dcc52846e_-53a6","geometry":{"type":"MultiPolygon","coordinates":[[[[-38.48180727,-3.82258331],[-38.48138893,-3.82262594],[-38.48142235,-3.82307139],[-38.48184756,-3.82302138],[-38.48180727,-3.82258331]]]]},"geometry_name":"the_geom","properties":{"id":60,"nome":"Pra\u00e7a do Liceu da Messejana","nome_pop":"sem informa\u00e7\u00e3o","fonte":"URBIFOR","anoref":2019,"epsg_codif":"EPSG: 31984 (SIRGAS 2000 - UTM 24S); Codifica\u00e7\u00e3o: UTF-8","bairro":"Messejana","cod_bairro":65,"area m2":2309.46}},{"type":"Feature","id":"vw_PracasFortaleza.fid--266d38e4_18dcc52846e_-53a5","geometry":{"type":"MultiPolygon","coordinates":[[[[-38.51732839,-3.76838861],[-38.51662246,-3.76824266],[-38.5165429,-3.76865153],[-38.51722515,-3.76880432],[-38.51732839,-3.76838861]]]]},"geometry_name":"the_geom","properties":{"id":62,"nome":"Pra\u00e7a do Mercado da Aerol\u00e2ndia","nome_pop":"sem informa\u00e7\u00e3o","fonte":"URBIFOR","anoref":2019,"epsg_codif":"EPSG: 31984 (SIRGAS 2000 - UTM 24S); Codifica\u00e7\u00e3o: UTF-8","bairro":"Alto da Balan\u00e7a","cod_bairro":93,"area m2":3682.7}},{"type":"Feature","id":"vw_PracasFortaleza.fid--266d38e4_18dcc52846e_-53a4","geometry":{"type":"MultiPolygon","coordinates":[[[[-38.50369299,-3.83634562],[-38.50351642,-3.83589315],[-38.50327395,-3.83609683],[-38.5034859,-3.83636363],[-38.50369299,-3.83634562]]]]},"geometry_name":"the_geom","properties":{"id":63,"nome":"Pra\u00e7a do Parque Bet\u00e2nia","nome_pop":"sem informa\u00e7\u00e3o","fonte":"URBIFOR","anoref":2019,"epsg_codif":"EPSG: 31984 (SIRGAS 2000 - UTM 24S); Codifica\u00e7\u00e3o: UTF-8","bairro":"Jangurussu","cod_bairro":61,"area m2":1257.36}},{"type":"Feature","id":"vw_PracasFortaleza.fid--266d38e4_18dcc52846e_-53a3","geometry":{"type":"MultiPolygon","coordinates":[[[[-38.50051028,-3.85404591],[-38.50035452,-3.85323109],[-38.49977095,-3.85332639],[-38.49992061,-3.85414627],[-38.50051028,-3.85404591]]]]},"geometry_name":"the_geom","properties":{"id":64,"nome":"Pra\u00e7a do Parque Santa Maria","nome_pop":"sem informa\u00e7\u00e3o","fonte":"URBIFOR","anoref":2019,"epsg_codif":"EPSG: 31984 (SIRGAS 2000 - UTM 24S); Codifica\u00e7\u00e3o: UTF-8","bairro":"Santa Maria","cod_bairro":123,"area m2":6072.42}},{"type":"Feature","id":"vw_PracasFortaleza.fid--266d38e4_18dcc52846e_-53a2","geometry":{"type":"MultiPolygon","coordinates":[[[[-38.51341099,-3.7803216],[-38.51318975,-3.78010111],[-38.51308128,-3.78031895],[-38.51333745,-3.7804597],[-38.51338067,-3.78044747],[-38.51341797,-3.7803574],[-38.51341099,-3.7803216]]]]},"geometry_name":"the_geom","properties":{"id":65,"nome":"Pra\u00e7a do Trem","nome_pop":"sem informa\u00e7\u00e3o","fonte":"URBIFOR","anoref":2019,"epsg_codif":"EPSG: 31984 (SIRGAS 2000 - UTM 24S); Codifica\u00e7\u00e3o: UTF-8","bairro":"Aerol\u00e2ndia","cod_bairro":9,"area m2":766.88}},{"type":"Feature","id":"vw_PracasFortaleza.fid--266d38e4_18dcc52846e_-53a1","geometry":{"type":"MultiPolygon","coordinates":[[[[-38.50117295,-3.83700922],[-38.50070322,-3.83701197],[-38.50068418,-3.83702823],[-38.50069519,-3.83739471],[-38.50070713,-3.83740078],[-38.5011817,-3.83702583],[-38.50117295,-3.83700922]]]]},"geometry_name":"the_geom","properties":{"id":66,"nome":"Pra\u00e7a dos Bessas","nome_pop":"sem informa\u00e7\u00e3o","fonte":"URBIFOR","anoref":2019,"epsg_codif":"EPSG: 31984 (SIRGAS 2000 - UTM 24S); Codifica\u00e7\u00e3o: UTF-8","bairro":"Messejana","cod_bairro":65,"area m2":1262.52}},{"type":"Feature","id":"vw_PracasFortaleza.fid--266d38e4_18dcc52846e_-53a0","geometry":{"type":"MultiPolygon","coordinates":[[[[-38.48253826,-3.79602271],[-38.48168183,-3.79594566],[-38.48163804,-3.79600799],[-38.48175676,-3.79636296],[-38.48188154,-3.79634517],[-38.48186763,-3.79619769],[-38.48214933,-3.79617169],[-38.48215818,-3.79626227],[-38.48251215,-3.79622817],[-38.48253826,-3.79602271]]]]},"geometry_name":"the_geom","properties":{"id":67,"nome":"Pra\u00e7a dos Correios","nome_pop":"sem informa\u00e7\u00e3o","fonte":"URBIFOR","anoref":2019,"epsg_codif":"EPSG: 31984 (SIRGAS 2000 - UTM 24S); Codifica\u00e7\u00e3o: UTF-8","bairro":"Cambeba","cod_bairro":53,"area m2":2714.49}},{"type":"Feature","id":"vw_PracasFortaleza.fid--266d38e4_18dcc52846e_-539f","geometry":{"type":"MultiPolygon","coordinates":[[[[-38.53255907,-3.81985527],[-38.532451,-3.81948393],[-38.53080187,-3.81883504],[-38.53065659,-3.81889],[-38.53123564,-3.82067128],[-38.53255907,-3.81985527]]]]},"geometry_name":"the_geom","properties":{"id":68,"nome":"Pra\u00e7a Farias Brito","nome_pop":"sem informa\u00e7\u00e3o","fonte":"URBIFOR","anoref":2019,"epsg_codif":"EPSG: 31984 (SIRGAS 2000 - UTM 24S); Codifica\u00e7\u00e3o: UTF-8","bairro":"Passar\u00e9","cod_bairro":88,"area m2":22212.59}},{"type":"Feature","id":"vw_PracasFortaleza.fid--266d38e4_18dcc52846e_-539e","geometry":{"type":"MultiPolygon","coordinates":[[[[-38.47686424,-3.79170509],[-38.47661696,-3.79167926],[-38.47661572,-3.79169182],[-38.47682612,-3.79194381],[-38.47684154,-3.79194213],[-38.47686424,-3.79170509]]]]},"geometry_name":"the_geom","properties":{"id":69,"nome":"Pra\u00e7a H\u00e9lio G\u00f3is","nome_pop":"sem informa\u00e7\u00e3o","fonte":"URBIFOR","anoref":2019,"epsg_codif":"EPSG: 31984 (SIRGAS 2000 - UTM 24S); Codifica\u00e7\u00e3o: UTF-8","bairro":"Sapiranga","cod_bairro":64,"area m2":408.95}},{"type":"Feature","id":"vw_PracasFortaleza.fid--266d38e4_18dcc52846e_-539d","geometry":{"type":"MultiPolygon","coordinates":[[[[-38.45221063,-3.8213376],[-38.45154379,-3.82157815],[-38.45167252,-3.8218345],[-38.45228719,-3.82164631],[-38.45232398,-3.82161153],[-38.45232821,-3.82156307],[-38.45221063,-3.8213376]]]]},"geometry_name":"the_geom","properties":{"id":70,"nome":"Pra\u00e7a da Igreja de S\u00e3o Jos\u00e9","nome_pop":"sem informa\u00e7\u00e3o","fonte":"URBIFOR","anoref":2019,"epsg_codif":"EPSG: 31984 (SIRGAS 2000 - UTM 24S); Codifica\u00e7\u00e3o: UTF-8","bairro":"Lagoa Redonda","cod_bairro":63,"area m2":2620.8}},{"type":"Feature","id":"vw_PracasFortaleza.fid--266d38e4_18dcc52846e_-539c","geometry":{"type":"MultiPolygon","coordinates":[[[[-38.54442692,-3.81169997],[-38.54445206,-3.81168426],[-38.54448091,-3.81158892],[-38.54453431,-3.81116589],[-38.54451383,-3.81114213],[-38.5439435,-3.81103497],[-38.54392346,-3.81106142],[-38.54442692,-3.81169997]]]]},"geometry_name":"the_geom","properties":{"id":71,"nome":"Pra\u00e7a do Jardim Uni\u00e3o","nome_pop":"sem informa\u00e7\u00e3o","fonte":"URBIFOR","anoref":2019,"epsg_codif":"EPSG: 31984 (SIRGAS 2000 - UTM 24S); Codifica\u00e7\u00e3o: UTF-8","bairro":"Passar\u00e9","cod_bairro":88,"area m2":2370.11}},{"type":"Feature","id":"vw_PracasFortaleza.fid--266d38e4_18dcc52846e_-539b","geometry":{"type":"MultiPolygon","coordinates":[[[[-38.5206055,-3.78609997],[-38.52051376,-3.78561524],[-38.52004808,-3.78569029],[-38.52015311,-3.78618565],[-38.5206055,-3.78609997]]]]},"geometry_name":"the_geom","properties":{"id":72,"nome":"Pra\u00e7a Jos\u00e9 Duarte Pinheiro","nome_pop":"sem informa\u00e7\u00e3o","fonte":"URBIFOR","anoref":2019,"epsg_codif":"EPSG: 31984 (SIRGAS 2000 - UTM 24S); Codifica\u00e7\u00e3o: UTF-8","bairro":"Dias Macedo","cod_bairro":98,"area m2":2860.17}},{"type":"Feature","id":"vw_PracasFortaleza.fid--266d38e4_18dcc52846e_-539a","geometry":{"type":"MultiPolygon","coordinates":[[[[-38.48052604,-3.75761318],[-38.47958855,-3.7581343],[-38.47959828,-3.75817194],[-38.48045793,-3.75825315],[-38.48052604,-3.75761318]]]]},"geometry_name":"the_geom","properties":{"id":74,"nome":"Pra\u00e7a Luciano Magalh\u00e3es","nome_pop":"sem informa\u00e7\u00e3o","fonte":"URBIFOR","anoref":2019,"epsg_codif":"EPSG: 31984 (SIRGAS 2000 - UTM 24S); Codifica\u00e7\u00e3o: UTF-8","bairro":"Edson Queiroz","cod_bairro":57,"area m2":3660.66}},{"type":"Feature","id":"vw_PracasFortaleza.fid--266d38e4_18dcc52846e_-5399","geometry":{"type":"MultiPolygon","coordinates":[[[[-38.47804248,-3.77462209],[-38.47807492,-3.77422348],[-38.47805336,-3.77419906],[-38.47777146,-3.77417226],[-38.47774578,-3.77419516],[-38.47771016,-3.77459193],[-38.47772728,-3.77462122],[-38.47801311,-3.77464471],[-38.47804248,-3.77462209]]]]},"geometry_name":"the_geom","properties":{"id":75,"nome":"Pra\u00e7a Margarida Saboia de Carvalho","nome_pop":"sem informa\u00e7\u00e3o","fonte":"URBIFOR","anoref":2019,"epsg_codif":"EPSG: 31984 (SIRGAS 2000 - UTM 24S); Codifica\u00e7\u00e3o: UTF-8","bairro":"Edson Queiroz","cod_bairro":57,"area m2":1817.8}},{"type":"Feature","id":"vw_PracasFortaleza.fid--266d38e4_18dcc52846e_-5398","geometry":{"type":"MultiPolygon","coordinates":[[[[-38.50161413,-3.79673386],[-38.50053399,-3.79623794],[-38.50048979,-3.79625599],[-38.50012039,-3.79709861],[-38.50013296,-3.79715341],[-38.5012111,-3.79764907],[-38.50125694,-3.79762034],[-38.5016314,-3.79677524],[-38.50161413,-3.79673386]]]]},"geometry_name":"the_geom","properties":{"id":76,"nome":"Pra\u00e7a Nossa Senhora da Gl\u00f3ria","nome_pop":"sem informa\u00e7\u00e3o","fonte":"URBIFOR","anoref":2019,"epsg_codif":"EPSG: 31984 (SIRGAS 2000 - UTM 24S); Codifica\u00e7\u00e3o: UTF-8","bairro":"Cidade dos funcion\u00e1rios","cod_bairro":54,"area m2":15345.64}},{"type":"Feature","id":"vw_PracasFortaleza.fid--266d38e4_18dcc52846e_-5397","geometry":{"type":"MultiPolygon","coordinates":[[[[-38.46331443,-3.77378421],[-38.46308384,-3.77383412],[-38.46312073,-3.77398004],[-38.46334705,-3.7738777],[-38.46331443,-3.77378421]]]]},"geometry_name":"the_geom","properties":{"id":77,"nome":"Pra\u00e7a da Par\u00f3quia S\u00e3o Jos\u00e9 do Dend\u00ea","nome_pop":"sem informa\u00e7\u00e3o","fonte":"URBIFOR","anoref":2019,"epsg_codif":"EPSG: 31984 (SIRGAS 2000 - UTM 24S); Codifica\u00e7\u00e3o: UTF-8","bairro":"Edson Queiroz","cod_bairro":57,"area m2":368.4}},{"type":"Feature","id":"vw_PracasFortaleza.fid--266d38e4_18dcc52846e_-5396","geometry":{"type":"MultiPolygon","coordinates":[[[[-38.51555541,-3.85454725],[-38.51525061,-3.8537905],[-38.51495372,-3.85390655],[-38.51524245,-3.8546717],[-38.51555541,-3.85454725]]]]},"geometry_name":"the_geom","properties":{"id":78,"nome":"Pra\u00e7a Patativa do Assar\u00e9","nome_pop":"sem informa\u00e7\u00e3o","fonte":"URBIFOR","anoref":2019,"epsg_codif":"EPSG: 31984 (SIRGAS 2000 - UTM 24S); Codifica\u00e7\u00e3o: UTF-8","bairro":"Jangurussu","cod_bairro":61,"area m2":3288.03}},{"type":"Feature","id":"vw_PracasFortaleza.fid--266d38e4_18dcc52846e_-5395","geometry":{"type":"MultiPolygon","coordinates":[[[[-38.52166904,-3.84048214],[-38.52132899,-3.84049072],[-38.52017754,-3.83961989],[-38.52004087,-3.83975625],[-38.52102724,-3.84088862],[-38.52130652,-3.84122062],[-38.52163082,-3.84159413],[-38.52166332,-3.84158078],[-38.52169333,-3.84113235],[-38.52166904,-3.84048214]]]]},"geometry_name":"the_geom","properties":{"id":79,"nome":"Pra\u00e7a Paulo II","nome_pop":"sem informa\u00e7\u00e3o","fonte":"URBIFOR","anoref":2019,"epsg_codif":"EPSG: 31984 (SIRGAS 2000 - UTM 24S); Codifica\u00e7\u00e3o: UTF-8","bairro":"Jangurussu","cod_bairro":61,"area m2":11732.09}},{"type":"Feature","id":"vw_PracasFortaleza.fid--266d38e4_18dcc52846e_-5394","geometry":{"type":"MultiPolygon","coordinates":[[[[-38.50939757,-3.80225927],[-38.50931193,-3.80186182],[-38.50802015,-3.80213034],[-38.50806173,-3.80229547],[-38.50817797,-3.80227053],[-38.50823526,-3.80251551],[-38.50939757,-3.80225927]]]]},"geometry_name":"the_geom","properties":{"id":80,"nome":"Pra\u00e7a Poliesportiva Ubiratan Aguiar","nome_pop":"sem informa\u00e7\u00e3o","fonte":"URBIFOR","anoref":2019,"epsg_codif":"EPSG: 31984 (SIRGAS 2000 - UTM 24S); Codifica\u00e7\u00e3o: UTF-8","bairro":"Cajazeiras","cod_bairro":52,"area m2":6318.31}},{"type":"Feature","id":"vw_PracasFortaleza.fid--266d38e4_18dcc52846e_-5393","geometry":{"type":"MultiPolygon","coordinates":[[[[-38.4975431,-3.7872212],[-38.4973391,-3.78654831],[-38.49732221,-3.78653806],[-38.49672967,-3.78670916],[-38.49671571,-3.7867489],[-38.49690977,-3.78739366],[-38.49694708,-3.78741145],[-38.49752793,-3.78724418],[-38.4975431,-3.7872212]]]]},"geometry_name":"the_geom","properties":{"id":82,"nome":"Pra\u00e7a Raimundo Nonato Braga","nome_pop":"sem informa\u00e7\u00e3o","fonte":"URBIFOR","anoref":2019,"epsg_codif":"EPSG: 31984 (SIRGAS 2000 - UTM 24S); Codifica\u00e7\u00e3o: UTF-8","bairro":"Jardim das Oliveiras","cod_bairro":62,"area m2":5905.89}},{"type":"Feature","id":"vw_PracasFortaleza.fid--266d38e4_18dcc52846e_-5392","geometry":{"type":"MultiPolygon","coordinates":[[[[-38.52292971,-3.84643587],[-38.52285729,-3.84619381],[-38.52281656,-3.84616585],[-38.52245342,-3.84622713],[-38.52242252,-3.8462699],[-38.52249103,-3.84650224],[-38.52292971,-3.84643587]]]]},"geometry_name":"the_geom","properties":{"id":84,"nome":"Pra\u00e7a S\u00e3o Francisco","nome_pop":"sem informa\u00e7\u00e3o","fonte":"URBIFOR","anoref":2019,"epsg_codif":"EPSG: 31984 (SIRGAS 2000 - UTM 24S); Codifica\u00e7\u00e3o: UTF-8","bairro":"Conjunto Palmeiras","cod_bairro":118,"area m2":1511.48}},{"type":"Feature","id":"vw_PracasFortaleza.fid--266d38e4_18dcc52846e_-5391","geometry":{"type":"MultiPolygon","coordinates":[[[[-38.46634642,-3.82937219],[-38.4663809,-3.82933098],[-38.46629537,-3.82907548],[-38.46626571,-3.82829288],[-38.46624612,-3.82829287],[-38.46577525,-3.82942633],[-38.46634642,-3.82937219]]]]},"geometry_name":"the_geom","properties":{"id":92,"nome":"Pra\u00e7a da Lagoa Redonda","nome_pop":"sem informa\u00e7\u00e3o","fonte":"URBIFOR","anoref":2019,"epsg_codif":"EPSG: 31984 (SIRGAS 2000 - UTM 24S); Codifica\u00e7\u00e3o: UTF-8","bairro":"Lagoa Redonda","cod_bairro":63,"area m2":3833.53}},{"type":"Feature","id":"vw_PracasFortaleza.fid--266d38e4_18dcc52846e_-5390","geometry":{"type":"MultiPolygon","coordinates":[[[[-38.46615014,-3.82998057],[-38.46653734,-3.82980638],[-38.46640063,-3.82943429],[-38.46576917,-3.82950655],[-38.46615014,-3.82998057]]]]},"geometry_name":"the_geom","properties":{"id":93,"nome":"Pra\u00e7a de Santa Edwirges","nome_pop":"sem informa\u00e7\u00e3o","fonte":"URBIFOR","anoref":2019,"epsg_codif":"EPSG: 31984 (SIRGAS 2000 - UTM 24S); Codifica\u00e7\u00e3o: UTF-8","bairro":"Lagoa Redonda","cod_bairro":63,"area m2":3038.28}},{"type":"Feature","id":"vw_PracasFortaleza.fid--266d38e4_18dcc52846e_-538f","geometry":{"type":"MultiPolygon","coordinates":[[[[-38.59521903,-3.71143335],[-38.59523535,-3.71138958],[-38.5951252,-3.71101139],[-38.59438113,-3.71124141],[-38.59449182,-3.71161126],[-38.59453315,-3.71163119],[-38.59521903,-3.71143335]]]]},"geometry_name":"the_geom","properties":{"id":129,"nome":"Pra\u00e7a MRI Menezes de Serpa","nome_pop":"sem informa\u00e7\u00e3o","fonte":"URBIFOR","anoref":2019,"epsg_codif":"EPSG: 31984 (SIRGAS 2000 - UTM 24S); Codifica\u00e7\u00e3o: UTF-8","bairro":"Vila Velha","cod_bairro":39,"area m2":4035.53}},{"type":"Feature","id":"vw_PracasFortaleza.fid--266d38e4_18dcc52846e_-538e","geometry":{"type":"MultiPolygon","coordinates":[[[[-38.59820114,-3.70921921],[-38.59835466,-3.70919452],[-38.59806845,-3.7084619],[-38.59797359,-3.70848775],[-38.59813975,-3.70906233],[-38.5981756,-3.70919785],[-38.59820114,-3.70921921]]]]},"geometry_name":"the_geom","properties":{"id":137,"nome":"Pra\u00e7a da Avenida L (sem denomina\u00e7\u00e3o oficial)","nome_pop":"sem informa\u00e7\u00e3o","fonte":"URBIFOR","anoref":2019,"epsg_codif":"EPSG: 31984 (SIRGAS 2000 - UTM 24S); Codifica\u00e7\u00e3o: UTF-8","bairro":"Vila Velha","cod_bairro":39,"area m2":1269.6}},{"type":"Feature","id":"vw_PracasFortaleza.fid--266d38e4_18dcc52846e_-538d","geometry":{"type":"MultiPolygon","coordinates":[[[[-38.60417089,-3.71958338],[-38.60378277,-3.71970252],[-38.6037811,-3.71971573],[-38.60409545,-3.72016724],[-38.6041338,-3.72018481],[-38.60431766,-3.7201283],[-38.60433449,-3.72009817],[-38.60418862,-3.71959328],[-38.60417089,-3.71958338]]]]},"geometry_name":"the_geom","properties":{"id":138,"nome":"Pra\u00e7a da Avenida Major Assis (sem denomina\u00e7\u00e3o oficial)","nome_pop":"sem informa\u00e7\u00e3o","fonte":"URBIFOR","anoref":2019,"epsg_codif":"EPSG: 31984 (SIRGAS 2000 - UTM 24S); Codifica\u00e7\u00e3o: UTF-8","bairro":"Vila Velha","cod_bairro":39,"area m2":2308.28}},{"type":"Feature","id":"vw_PracasFortaleza.fid--266d38e4_18dcc52846e_-538c","geometry":{"type":"MultiPolygon","coordinates":[[[[-38.5951102,-3.70877371],[-38.59494942,-3.7088214],[-38.59526219,-3.71004791],[-38.59529209,-3.71006603],[-38.59544125,-3.71002119],[-38.59545748,-3.70998306],[-38.5951102,-3.70877371]]]]},"geometry_name":"the_geom","properties":{"id":139,"nome":"Pra\u00e7a da Rua 27 (sem denomina\u00e7\u00e3o oficial)","nome_pop":"sem informa\u00e7\u00e3o","fonte":"URBIFOR","anoref":2019,"epsg_codif":"EPSG: 31984 (SIRGAS 2000 - UTM 24S); Codifica\u00e7\u00e3o: UTF-8","bairro":"Vila Velha","cod_bairro":39,"area m2":2955.81}},{"type":"Feature","id":"vw_PracasFortaleza.fid--266d38e4_18dcc52846e_-538b","geometry":{"type":"MultiPolygon","coordinates":[[[[-38.5904642,-3.71804382],[-38.59018543,-3.71812409],[-38.59031403,-3.71855414],[-38.5904478,-3.71842909],[-38.5904642,-3.71804382]]]]},"geometry_name":"the_geom","properties":{"id":145,"nome":"Pra\u00e7a da Rua Palm\u00e1cia (sem denomina\u00e7\u00e3o oficial)","nome_pop":"sem informa\u00e7\u00e3o","fonte":"URBIFOR","anoref":2019,"epsg_codif":"EPSG: 31984 (SIRGAS 2000 - UTM 24S); Codifica\u00e7\u00e3o: UTF-8","bairro":"Vila Velha","cod_bairro":39,"area m2":1103.69}},{"type":"Feature","id":"vw_PracasFortaleza.fid--266d38e4_18dcc52846e_-538a","geometry":{"type":"MultiPolygon","coordinates":[[[[-38.60641082,-3.71581447],[-38.60649631,-3.71610621],[-38.60653612,-3.7161245],[-38.60680807,-3.71596339],[-38.60682033,-3.71592069],[-38.60661203,-3.71568842],[-38.60641082,-3.71581447]]]]},"geometry_name":"the_geom","properties":{"id":151,"nome":"Pra\u00e7a Vila Velha","nome_pop":"sem informa\u00e7\u00e3o","fonte":"URBIFOR","anoref":2019,"epsg_codif":"EPSG: 31984 (SIRGAS 2000 - UTM 24S); Codifica\u00e7\u00e3o: UTF-8","bairro":"Vila Velha","cod_bairro":39,"area m2":1267.23}},{"type":"Feature","id":"vw_PracasFortaleza.fid--266d38e4_18dcc52846e_-5389","geometry":{"type":"MultiPolygon","coordinates":[[[[-38.59375023,-3.70632162],[-38.59412967,-3.70765299],[-38.59420311,-3.70768964],[-38.59451523,-3.70757971],[-38.59375023,-3.70632162]]]]},"geometry_name":"the_geom","properties":{"id":154,"nome":"Pra\u00e7a Santu\u00e1rio Nossa Senhora da Assun\u00e7\u00e3o","nome_pop":"sem informa\u00e7\u00e3o","fonte":"URBIFOR","anoref":2019,"epsg_codif":"EPSG: 31984 (SIRGAS 2000 - UTM 24S); Codifica\u00e7\u00e3o: UTF-8","bairro":"Vila Velha","cod_bairro":39,"area m2":3443.46}},{"type":"Feature","id":"vw_PracasFortaleza.fid--266d38e4_18dcc52846e_-5388","geometry":{"type":"MultiPolygon","coordinates":[[[[-38.60136989,-3.71664585],[-38.60129772,-3.71666779],[-38.60138911,-3.71697666],[-38.60144811,-3.71696774],[-38.60150043,-3.7169441],[-38.60136989,-3.71664585]]]]},"geometry_name":"the_geom","properties":{"id":155,"nome":"\u00c1rea Verde do Bairro Vila Velha","nome_pop":"sem informa\u00e7\u00e3o","fonte":"URBIFOR","anoref":2019,"epsg_codif":"EPSG: 31984 (SIRGAS 2000 - UTM 24S); Codifica\u00e7\u00e3o: UTF-8","bairro":"Vila Velha","cod_bairro":39,"area m2":384.94}},{"type":"Feature","id":"vw_PracasFortaleza.fid--266d38e4_18dcc52846e_-5387","geometry":{"type":"MultiPolygon","coordinates":[[[[-38.60075702,-3.71528977],[-38.6007509,-3.71527755],[-38.60073643,-3.71526342],[-38.60072014,-3.7152584],[-38.60070391,-3.71526006],[-38.60069027,-3.71526311],[-38.60067704,-3.71526979],[-38.60066538,-3.71528008],[-38.60065649,-3.71529428],[-38.60065645,-3.71530892],[-38.60065811,-3.71531989],[-38.60106608,-3.71665166],[-38.6013476,-3.716557],[-38.60075702,-3.71528977]]]]},"geometry_name":"the_geom","properties":{"id":183,"nome":"Pra\u00e7a do Conjunto Nova Assun\u00e7\u00e3o","nome_pop":"sem informa\u00e7\u00e3o","fonte":"URBIFOR","anoref":2019,"epsg_codif":"EPSG: 31984 (SIRGAS 2000 - UTM 24S); Codifica\u00e7\u00e3o: UTF-8","bairro":"Vila Velha","cod_bairro":39,"area m2":3464.5}},{"type":"Feature","id":"vw_PracasFortaleza.fid--266d38e4_18dcc52846e_-5386","geometry":{"type":"MultiPolygon","coordinates":[[[[-38.59722097,-3.7190639],[-38.5979348,-3.71885337],[-38.5976089,-3.71771457],[-38.59690927,-3.7179161],[-38.59722097,-3.7190639]]]]},"geometry_name":"the_geom","properties":{"id":180,"nome":"Pra\u00e7a do Conjunto Beira Rio","nome_pop":"sem informa\u00e7\u00e3o","fonte":"URBIFOR","anoref":2019,"epsg_codif":"EPSG: 31984 (SIRGAS 2000 - UTM 24S); Codifica\u00e7\u00e3o: UTF-8","bairro":"Vila Velha","cod_bairro":39,"area m2":10732.24}},{"type":"Feature","id":"vw_PracasFortaleza.fid--266d38e4_18dcc52846e_-5385","geometry":{"type":"MultiPolygon","coordinates":[[[[-38.60030998,-3.71696794],[-38.60029332,-3.71694552],[-38.60026486,-3.71694102],[-38.59964745,-3.7171159],[-38.599621,-3.71714038],[-38.59961474,-3.71717009],[-38.59982751,-3.71791774],[-38.60052848,-3.7177252],[-38.60030998,-3.71696794]]]]},"geometry_name":"the_geom","properties":{"id":182,"nome":"Pra\u00e7a do Conjunto dos Banc\u00e1rios","nome_pop":"sem informa\u00e7\u00e3o","fonte":"URBIFOR","anoref":2019,"epsg_codif":"EPSG: 31984 (SIRGAS 2000 - UTM 24S); Codifica\u00e7\u00e3o: UTF-8","bairro":"Vila Velha","cod_bairro":39,"area m2":7323.99}},{"type":"Feature","id":"vw_PracasFortaleza.fid--266d38e4_18dcc52846e_-5384","geometry":{"type":"MultiPolygon","coordinates":[[[[-38.5916407,-3.70259895],[-38.59163796,-3.70260646],[-38.59167963,-3.70264126],[-38.59171533,-3.70268891],[-38.59174641,-3.70274615],[-38.59177555,-3.70283862],[-38.59178424,-3.70284504],[-38.59179682,-3.70284288],[-38.59184878,-3.70281388],[-38.59188435,-3.70279292],[-38.59192391,-3.70276786],[-38.59193457,-3.70275599],[-38.59194399,-3.70273279],[-38.59194858,-3.7026972],[-38.59194259,-3.70266056],[-38.5919289,-3.70262271],[-38.59190648,-3.70259657],[-38.59188792,-3.70258322],[-38.59186664,-3.70257247],[-38.59183712,-3.70256501],[-38.59181663,-3.70256463],[-38.5916407,-3.70259895]]]]},"geometry_name":"the_geom","properties":{"id":197,"nome":"Pra\u00e7a da Avenida Coronel Carvalho (sem denomina\u00e7\u00e3o oficial)","nome_pop":"sem informa\u00e7\u00e3o","fonte":"URBIFOR","anoref":2019,"epsg_codif":"EPSG: 31984 (SIRGAS 2000 - UTM 24S); Codifica\u00e7\u00e3o: UTF-8","bairro":"Barra do Cear\u00e1","cod_bairro":6,"area m2":636.81}},{"type":"Feature","id":"vw_PracasFortaleza.fid--266d38e4_18dcc52846e_-5383","geometry":{"type":"MultiPolygon","coordinates":[[[[-38.59818781,-3.71643829],[-38.59813281,-3.7163402],[-38.59811322,-3.7163247],[-38.59786779,-3.71627579],[-38.59782341,-3.71626866],[-38.59790263,-3.71653171],[-38.59793225,-3.71654616],[-38.59818527,-3.71647155],[-38.59819544,-3.71645704],[-38.59818781,-3.71643829]]]]},"geometry_name":"the_geom","properties":{"id":198,"nome":"Pra\u00e7a da Rua Ambientalista (sem denomina\u00e7\u00e3o oficial)","nome_pop":"sem informa\u00e7\u00e3o","fonte":"URBIFOR","anoref":2019,"epsg_codif":"EPSG: 31984 (SIRGAS 2000 - UTM 24S); Codifica\u00e7\u00e3o: UTF-8","bairro":"Vila Velha","cod_bairro":39,"area m2":786.53}},{"type":"Feature","id":"vw_PracasFortaleza.fid--266d38e4_18dcc52846e_-5382","geometry":{"type":"MultiPolygon","coordinates":[[[[-38.59852247,-3.71416191],[-38.59779817,-3.71435403],[-38.59806933,-3.71531893],[-38.5982935,-3.71526139],[-38.59842535,-3.71573542],[-38.5986385,-3.71567686],[-38.59869609,-3.71589182],[-38.59894574,-3.71565627],[-38.59852247,-3.71416191]]]]},"geometry_name":"the_geom","properties":{"id":199,"nome":"Pra\u00e7a Tancredo Neves","nome_pop":"sem informa\u00e7\u00e3o","fonte":"URBIFOR","anoref":2019,"epsg_codif":"EPSG: 31984 (SIRGAS 2000 - UTM 24S); Codifica\u00e7\u00e3o: UTF-8","bairro":"Vila Velha","cod_bairro":39,"area m2":12913.68}},{"type":"Feature","id":"vw_PracasFortaleza.fid--266d38e4_18dcc52846e_-5381","geometry":{"type":"MultiPolygon","coordinates":[[[[-38.59330782,-3.71028815],[-38.59314275,-3.70972964],[-38.59309608,-3.70970415],[-38.59202668,-3.71001807],[-38.59200005,-3.710068],[-38.59215507,-3.71059716],[-38.59220184,-3.71062543],[-38.59327722,-3.7103292],[-38.59330782,-3.71028815]]]]},"geometry_name":"the_geom","properties":{"id":200,"nome":"Pra\u00e7a Valdir Campos de Vasconcelos","nome_pop":"sem informa\u00e7\u00e3o","fonte":"URBIFOR","anoref":2019,"epsg_codif":"EPSG: 31984 (SIRGAS 2000 - UTM 24S); Codifica\u00e7\u00e3o: UTF-8","bairro":"Vila Velha","cod_bairro":39,"area m2":9360.47}},{"type":"Feature","id":"vw_PracasFortaleza.fid--266d38e4_18dcc52846e_-5380","geometry":{"type":"MultiPolygon","coordinates":[[[[-38.55526648,-3.83026963],[-38.55472697,-3.83042931],[-38.55485656,-3.83084044],[-38.55538857,-3.83067481],[-38.55526648,-3.83026963]]]]},"geometry_name":"the_geom","properties":{"id":439,"nome":"Pra\u00e7a Adauto Bezerra","nome_pop":"sem informa\u00e7\u00e3o","fonte":"URBIFOR","anoref":2019,"epsg_codif":"EPSG: 31984 (SIRGAS 2000 - UTM 24S); Codifica\u00e7\u00e3o: UTF-8","bairro":"Prefeito Jos\u00e9 Walter","cod_bairro":89,"area m2":2937.27}},{"type":"Feature","id":"vw_PracasFortaleza.fid--266d38e4_18dcc52846e_-537f","geometry":{"type":"MultiPolygon","coordinates":[[[[-38.55541839,-3.83071463],[-38.55484186,-3.83088991],[-38.55509956,-3.83173702],[-38.55567558,-3.83157438],[-38.55541839,-3.83071463]]]]},"geometry_name":"the_geom","properties":{"id":436,"nome":"Areninha do Jos\u00e9 Walter","nome_pop":"sem informa\u00e7\u00e3o","fonte":"URBIFOR","anoref":2019,"epsg_codif":"EPSG: 31984 (SIRGAS 2000 - UTM 24S); Codifica\u00e7\u00e3o: UTF-8","bairro":"Prefeito Jos\u00e9 Walter","cod_bairro":89,"area m2":6574.82}},{"type":"Feature","id":"vw_PracasFortaleza.fid--266d38e4_18dcc52846e_-537e","geometry":{"type":"MultiPolygon","coordinates":[[[[-38.55721476,-3.82287294],[-38.55713373,-3.82261877],[-38.55708312,-3.82259655],[-38.55630086,-3.82283247],[-38.55628509,-3.82285831],[-38.55637553,-3.82315142],[-38.55639863,-3.82316032],[-38.55719066,-3.82291596],[-38.55721476,-3.82287294]]]]},"geometry_name":"the_geom","properties":{"id":446,"nome":"Pra\u00e7a da Esperan\u00e7a","nome_pop":"sem informa\u00e7\u00e3o","fonte":"URBIFOR","anoref":2019,"epsg_codif":"EPSG: 31984 (SIRGAS 2000 - UTM 24S); Codifica\u00e7\u00e3o: UTF-8","bairro":"Prefeito Jos\u00e9 Walter","cod_bairro":89,"area m2":3659.2}},{"type":"Feature","id":"vw_PracasFortaleza.fid--266d38e4_18dcc52846e_-537d","geometry":{"type":"MultiPolygon","coordinates":[[[[-38.55645443,-3.82364999],[-38.55640889,-3.82363344],[-38.55561391,-3.82387661],[-38.55558451,-3.8239173],[-38.55569685,-3.82427577],[-38.55573839,-3.82429626],[-38.55653911,-3.82405315],[-38.55656091,-3.82399921],[-38.55645443,-3.82364999]]]]},"geometry_name":"the_geom","properties":{"id":449,"nome":"Pra\u00e7a da Juventude","nome_pop":"sem informa\u00e7\u00e3o","fonte":"URBIFOR","anoref":2019,"epsg_codif":"EPSG: 31984 (SIRGAS 2000 - UTM 24S); Codifica\u00e7\u00e3o: UTF-8","bairro":"Prefeito Jos\u00e9 Walter","cod_bairro":89,"area m2":4863.37}},{"type":"Feature","id":"vw_PracasFortaleza.fid--266d38e4_18dcc52846e_-537c","geometry":{"type":"MultiPolygon","coordinates":[[[[-38.55806103,-3.82707644],[-38.55796864,-3.82679787],[-38.55725181,-3.82701742],[-38.55733275,-3.82729019],[-38.55806103,-3.82707644]]]]},"geometry_name":"the_geom","properties":{"id":450,"nome":"Pra\u00e7a da Liberdade","nome_pop":"sem informa\u00e7\u00e3o","fonte":"URBIFOR","anoref":2019,"epsg_codif":"EPSG: 31984 (SIRGAS 2000 - UTM 24S); Codifica\u00e7\u00e3o: UTF-8","bairro":"Prefeito Jos\u00e9 Walter","cod_bairro":89,"area m2":2677.13}},{"type":"Feature","id":"vw_PracasFortaleza.fid--266d38e4_18dcc52846e_-537b","geometry":{"type":"MultiPolygon","coordinates":[[[[-38.55589831,-3.82608032],[-38.55553316,-3.82619252],[-38.55550565,-3.82624178],[-38.55511644,-3.82636493],[-38.5552652,-3.82690556],[-38.55604719,-3.82667164],[-38.55606761,-3.8266119],[-38.55589831,-3.82608032]]]]},"geometry_name":"the_geom","properties":{"id":460,"nome":"Pra\u00e7a do Diogo","nome_pop":"sem informa\u00e7\u00e3o","fonte":"URBIFOR","anoref":2019,"epsg_codif":"EPSG: 31984 (SIRGAS 2000 - UTM 24S); Codifica\u00e7\u00e3o: UTF-8","bairro":"Prefeito Jos\u00e9 Walter","cod_bairro":89,"area m2":6040.7}},{"type":"Feature","id":"vw_PracasFortaleza.fid--266d38e4_18dcc52846e_-537a","geometry":{"type":"MultiPolygon","coordinates":[[[[-38.55669937,-3.83466758],[-38.55659809,-3.83463463],[-38.55604098,-3.83481182],[-38.55640751,-3.83598243],[-38.55701486,-3.83580956],[-38.55703337,-3.83575932],[-38.55669937,-3.83466758]]]]},"geometry_name":"the_geom","properties":{"id":462,"nome":"Pra\u00e7a do Mercado","nome_pop":"sem informa\u00e7\u00e3o","fonte":"URBIFOR","anoref":2019,"epsg_codif":"EPSG: 31984 (SIRGAS 2000 - UTM 24S); Codifica\u00e7\u00e3o: UTF-8","bairro":"Prefeito Jos\u00e9 Walter","cod_bairro":89,"area m2":10102.14}},{"type":"Feature","id":"vw_PracasFortaleza.fid--266d38e4_18dcc52846e_-5379","geometry":{"type":"MultiPolygon","coordinates":[[[[-38.55465743,-3.8308168],[-38.55467339,-3.83077014],[-38.5545273,-3.83027764],[-38.55447937,-3.83025722],[-38.55439137,-3.83028152],[-38.55437622,-3.83032676],[-38.55454197,-3.83082491],[-38.55458544,-3.83084735],[-38.55465743,-3.8308168]]]]},"geometry_name":"the_geom","properties":{"id":473,"nome":"Pra\u00e7a Jos\u00e9 Walter","nome_pop":"sem informa\u00e7\u00e3o","fonte":"URBIFOR","anoref":2019,"epsg_codif":"EPSG: 31984 (SIRGAS 2000 - UTM 24S); Codifica\u00e7\u00e3o: UTF-8","bairro":"Prefeito Jos\u00e9 Walter","cod_bairro":89,"area m2":1064.76}},{"type":"Feature","id":"vw_PracasFortaleza.fid--266d38e4_18dcc52846e_-5378","geometry":{"type":"MultiPolygon","coordinates":[[[[-38.55833484,-3.83821134],[-38.55938972,-3.83789826],[-38.5594253,-3.83783995],[-38.5592452,-3.83728582],[-38.5591865,-3.83725811],[-38.55900951,-3.83731244],[-38.55898651,-3.83735705],[-38.55845911,-3.83752216],[-38.55856645,-3.83788727],[-38.55827023,-3.83799323],[-38.55833484,-3.83821134]]]]},"geometry_name":"the_geom","properties":{"id":476,"nome":"Pra\u00e7a Rogaciano Leite","nome_pop":"sem informa\u00e7\u00e3o","fonte":"URBIFOR","anoref":2019,"epsg_codif":"EPSG: 31984 (SIRGAS 2000 - UTM 24S); Codifica\u00e7\u00e3o: UTF-8","bairro":"Prefeito Jos\u00e9 Walter","cod_bairro":89,"area m2":7425.48}},{"type":"Feature","id":"vw_PracasFortaleza.fid--266d38e4_18dcc52846e_-5377","geometry":{"type":"MultiPolygon","coordinates":[[[[-38.5551043,-3.8290307],[-38.55486106,-3.82909772],[-38.55482626,-3.82914455],[-38.55446644,-3.82925772],[-38.55441326,-3.82922772],[-38.55435753,-3.82926563],[-38.55436395,-3.82932885],[-38.55460266,-3.83010266],[-38.55466322,-3.83012865],[-38.55536331,-3.8298945],[-38.5551043,-3.8290307]]]]},"geometry_name":"the_geom","properties":{"id":477,"nome":"Pra\u00e7a Sant\u00edssima Trindade","nome_pop":"sem informa\u00e7\u00e3o","fonte":"URBIFOR","anoref":2019,"epsg_codif":"EPSG: 31984 (SIRGAS 2000 - UTM 24S); Codifica\u00e7\u00e3o: UTF-8","bairro":"Prefeito Jos\u00e9 Walter","cod_bairro":89,"area m2":8718.52}}],"totalFeatures":484,"numberMatched":484,"numberReturned":484,"timeStamp":"2024-02-21T15:48:02.433Z","crs":{"type":"name","properties":{"name":"urn:ogc:def:crs:EPSG::4326"}}}