url_anuncio,portal,cidade,bairro_portal,latitude,longitude,origem_coordenada,preco,area_m2,preco_m2,quartos,tipo_edificacao,nome_empreendimento,construtora,data_coleta,busca
https://ce.olx.com.br/fortaleza-e-regiao/imoveis/apartamento-venda-3-quartos-praia-do-futuro-fortaleza-oportunidade-abaixo-do-mercad-1534873493,olx,fortaleza,Vicente Pinzon,,,,129000.0,114.0,1131.58,4,,APARTAMENTO À VENDA 3 QUARTOS- PRAIA DO FUTURO / FORTALEZA | OPORTUNIDADE ABAIXO DO MERCAD,,2026-10-02T23:54:58,faixa 80-250 mil
https://ce.olx.com.br/fortaleza-e-regiao/imoveis/oportunidade-no-passare-1536656808,olx,fortaleza,Passaré,-3.819683,-38.5351005,centroide_bairro,175000.0,112.0,1562.5,4,,*OPORTUNIDADE NO PASSARÉ!*,,2026-10-02T23:55:02,faixa 80-250 mil
https://ce.olx.com.br/fortaleza-e-regiao/imoveis/apartamento-a-venda-na-aldeota-fortaleza-1512621654,olx,fortaleza,Aldeota,,,,250000.0,149.0,1677.85,3,,"Apartamento à venda na Aldeota, Fortaleza",,2026-10-02T23:54:56,faixa 80-250 mil
https://ce.olx.com.br/fortaleza-e-regiao/imoveis/apartamento-com-3-dormitorios-a-venda-133-m-por-r-230-000-00-vicente-pinzon-fortale-1538007208,olx,fortaleza,Praia do Futuro I,-3.7515085,-38.470335,centroide_bairro,230000.0,133.0,1729.32,3,,"Apartamento com 3 dormitórios à venda, 133 m² por R$ 230.000,00 - Vicente Pinzon - Fortale",,2026-10-02T23:55:00,faixa 80-250 mil
https://ce.olx.com.br/fortaleza-e-regiao/imoveis/santorini-133m2-3quartos-1suite-dce-elevador-2vagas-pintor-antonio-bandeira-2315-1536527867,olx,fortaleza,Praia do Futuro I,-3.7515085,-38.470335,centroide_bairro,230001.0,133.0,1729.33,4,,"Santorini 133m2 3quartos(1suíte) +DCE, elevador , 2vagas pintor Antônio Bandeira, 2315 -_-",,2026-10-02T23:55:02,faixa 80-250 mil
https://ce.olx.com.br/fortaleza-e-regiao/imoveis/apartamento-no-parque-santa-maria-em-fortaleza-ce-caixa-0705-1539184598,olx,fortaleza,Jangurussu,-3.8475385,-38.508364,centroide_bairro,95142.0,53.0,1795.13,1,,Apartamento no PARQUE SANTA MARIA em Fortaleza/CE - Caixa *0705,,2026-10-02T23:54:59,faixa 80-250 mil
https://ce.olx.com.br/fortaleza-e-regiao/imoveis/oportunidade-facilitada-apartamento-no-parque-santa-maria-fortaleza-ce-apto-204-1-va-1538701939,olx,fortaleza,Jangurussu,-3.8475385,-38.508364,centroide_bairro,95141.0,52.0,1829.63,1,,"Oportunidade facilitada  Apartamento no Parque Santa Maria, Fortaleza - CE, Apto 204, 1 va",,2026-10-02T23:54:59,faixa 80-250 mil
https://ce.olx.com.br/fortaleza-e-regiao/imoveis/vendo-ou-troco-apartamento-1540171935,olx,fortaleza,Messejana,-3.837846666666667,-38.49094233333333,centroide_bairro,120000.0,65.0,1846.15,3,,Vendo ou troco apartamento,,2026-10-02T23:54:57,faixa 80-250 mil
https://ce.olx.com.br/fortaleza-e-regiao/imoveis/apartamento-no-planalto-nova-aldeot-em-fortaleza-ce-caixa-1444406062016-1539184624,olx,fortaleza,Papicu,,,,170357.0,91.0,1872.05,3,,Apartamento no PLANALTO NOVA ALDEOT em Fortaleza/CE - Caixa 1444406062016,,2026-10-02T23:54:59,faixa 80-250 mil
https://ce.olx.com.br/fortaleza-e-regiao/imoveis/imovel-com-otimo-padrao-apartamento-no-planalto-nova-aldeot-fortaleza-ce-apto-304-1-1538701771,olx,fortaleza,Papicu,,,,170357.0,91.0,1872.05,1,,"Imóvel com ótimo padrão  Apartamento no Planalto Nova Aldeot, Fortaleza - CE, Apto 304, 1",,2026-10-02T23:54:59,faixa 80-250 mil
https://ce.olx.com.br/fortaleza-e-regiao/imoveis/ed-morada-das-garcas-fortaleza-1538433433,olx,fortaleza,Papicu,,,,170357.0,91.0,1872.05,2,,ED. MORADA DAS GARÇAS  FORTALEZA,,2026-10-02T23:54:59,faixa 80-250 mil
https://ce.olx.com.br/fortaleza-e-regiao/imoveis/imovel-para-repasse-com-area-de-lazer-completa-1537645150,olx,fortaleza,Passaré,-3.819683,-38.5351005,centroide_bairro,95000.0,50.0,1900.0,2,,"imóvel para repasse, com área de lazer completa.",,2026-10-02T23:55:00,faixa 80-250 mil
https://ce.olx.com.br/fortaleza-e-regiao/imoveis/repasse-exclusivo-condominio-pablo-picasso-monteville-passare-1538150355,olx,fortaleza,Prefeito José Walter,,,,95000.0,50.0,1900.0,2,,REPASSE EXCLUSIVO | CONDOMÍNIO PABLO PICASSO  MONTEVILLE | PASSARÉ,,2026-10-02T23:55:00,faixa 80-250 mil
https://www.vivareal.com.br/imovel/apartamento-2-quartos-jangurussu-bairros-fortaleza-60m2-venda-RS115000-id-2895976327/,vivareal,fortaleza,Jangurussu,-3.847761,-38.511808,exata,115000.0,60.0,1916.67,2,indefinido,,,2026-10-02T23:54:56,faixa 80-250 mil
https://ce.olx.com.br/fortaleza-e-regiao/imoveis/apartamento-no-terreo-no-condominio-parque-donatelo-bairro-messejana-1540356592,olx,fortaleza,Paupina,-3.8457215,-38.486533,centroide_bairro,85000.0,44.0,1931.82,2,,APARTAMENTO NO TÉRREO NO CONDOMINIO PARQUE DONATELO BAIRRO MESSEJANA,,2026-10-02T23:54:57,faixa 80-250 mil
https://ce.olx.com.br/fortaleza-e-regiao/imoveis/apartamento-terreo-na-mesejana-com-somente-parcelas-da-caixa-1539407585,olx,fortaleza,Paupina,-3.8457215,-38.486533,centroide_bairro,85000.0,44.0,1931.82,2,,APARTAMENTO TÉRREO NA MESEJANA COM SOMENTE PARCELAS DA CAIXA,,2026-10-02T23:54:58,faixa 80-250 mil
https://ce.olx.com.br/fortaleza-e-regiao/imoveis/apartamento-terreo-de-repasse-no-parque-donatelo-messejana-somente-paarcela-caixa-1538609469,olx,fortaleza,Paupina,-3.8457215,-38.486533,centroide_bairro,85000.0,44.0,1931.82,2,,APARTAMENTO TÉRREO DE REPASSE NO PARQUE DONATELO MESSEJANA SOMENTE PAARCELA CAIXA,,2026-10-02T23:54:59,faixa 80-250 mil
https://ce.olx.com.br/fortaleza-e-regiao/imoveis/apartamento-terreo-no-parue-donatelo-messejana-em-boa-localizacao-1538153691,olx,fortaleza,Paupina,-3.8457215,-38.486533,centroide_bairro,85000.0,44.0,1931.82,2,,APARTAMENTO TÉRREO NO PARUE DONATELO MESSEJANA EM BOA LOCALIZAÇÃO,,2026-10-02T23:55:00,faixa 80-250 mil
https://ce.olx.com.br/fortaleza-e-regiao/imoveis/apartamento-de-repasse-no-condominio-parque-donatello-1537868150,olx,fortaleza,Paupina,-3.8457215,-38.486533,centroide_bairro,85000.0,44.0,1931.82,2,,Apartamento de Repasse no Condomínio Parque Donatello,,2026-10-02T23:55:00,faixa 80-250 mil
https://ce.olx.com.br/fortaleza-e-regiao/imoveis/apartamento-de-repasse-no-condominio-parque-donatello-1537584230,olx,fortaleza,Paupina,-3.8457215,-38.486533,centroide_bairro,85000.0,44.0,1931.82,2,,Apartamento de Repasse no Condomínio Parque Donatello,,2026-10-02T23:55:00,faixa 80-250 mil
https://ce.olx.com.br/fortaleza-e-regiao/imoveis/apartamento-terreo-na-messejana-com-somente-parcelas-da-caixa-1537308075,olx,fortaleza,Paupina,-3.8457215,-38.486533,centroide_bairro,85000.0,44.0,1931.82,2,,APARTAMENTO TÉRREO NA MESSEJANA COM SOMENTE PARCELAS DA CAIXA,,2026-10-02T23:55:00,faixa 80-250 mil
https://ce.olx.com.br/fortaleza-e-regiao/imoveis/apartamento-de-repasse-no-parque-donatelo-messejana-unidade-no-terreo-1537092932,olx,fortaleza,Paupina,-3.8457215,-38.486533,centroide_bairro,85000.0,44.0,1931.82,2,,APARTAMENTO DE REPASSE NO PARQUE DONATELO MESSEJANA UNIDADE NO TÉRREO,,2026-10-02T23:55:00,faixa 80-250 mil
https://ce.olx.com.br/fortaleza-e-regiao/imoveis/apartamento-de-repasse-no-condominio-parque-donatelo-messejana-1536688001,olx,fortaleza,Paupina,-3.8457215,-38.486533,centroide_bairro,85000.0,44.0,1931.82,2,,APARTAMENTO DE REPASSE NO CONDOMINIO PARQUE DONATELO MESSEJANA,,2026-10-02T23:55:02,faixa 80-250 mil
https://ce.olx.com.br/fortaleza-e-regiao/imoveis/apartamento-de-repasse-na-messejana-no-primeiro-andar-com-varanda-e-projetados-1538422806,olx,fortaleza,Paupina,-3.8457215,-38.486533,centroide_bairro,98000.0,50.0,1960.0,2,,APARTAMENTO DE REPASSE NA MESSEJANA NO PRIMEIRO ANDAR COM VARANDA E PROJETADOS,,2026-10-02T23:54:59,faixa 80-250 mil
https://ce.olx.com.br/fortaleza-e-regiao/imoveis/apartamento-parque-primavera-1538410160,olx,fortaleza,Cajazeiras,-3.8019665,-38.5060055,centroide_bairro,110000.0,56.0,1964.29,2,,Apartamento Parque Primavera,,2026-10-02T23:54:59,faixa 80-250 mil
https://www.zapimoveis.com.br/imovel/venda-apartamento-2-quartos-centro-fortaleza-ce-89m2-id-2895977511/,zapimoveis,fortaleza,Centro,-3.728284,-38.529831,exata,175000.0,89.0,1966.29,2,indefinido,,,2026-10-02T23:54:56,faixa 80-250 mil
https://ce.olx.com.br/fortaleza-e-regiao/imoveis/oportunidade-de-apartamento-em-messejana-1540648728,olx,fortaleza,Messejana,-3.837846666666667,-38.49094233333333,centroide_bairro,130000.0,65.0,2000.0,3,,Oportunidade de Apartamento em Messejana,,2026-10-02T23:54:56,faixa 80-250 mil
https://www.zapimoveis.com.br/imovel/venda-apartamento-2-quartos-mobiliado-cambeba-fortaleza-ce-45m2-id-2857795856/,zapimoveis,fortaleza,Cambeba,-3.801639,-38.481387,exata,90000.0,45.0,2000.0,2,torre,,,2026-10-02T23:54:56,faixa 80-250 mil
https://ce.olx.com.br/fortaleza-e-regiao/imoveis/apartamento-no-passare-em-fortaleza-ce-caixa-4875-1538267667,olx,fortaleza,Passaré,-3.819683,-38.5351005,centroide_bairro,108081.0,54.0,2001.5,3,,Apartamento no PASSARE em Fortaleza/CE - Caixa *4875,,2026-10-02T23:55:00,faixa 80-250 mil
https://ce.olx.com.br/fortaleza-e-regiao/imoveis/repasse-de-apto-no-jacarecanga-so-parcela-caixa-mais-informacoes-1540830986,olx,fortaleza,Jacarecanga,,,,89000.0,44.0,2022.73,2,,Repasse de Apto no Jacarecanga só Parcela Caixa - Mais informações,,2026-10-02T23:54:56,faixa 80-250 mil
https://ce.olx.com.br/fortaleza-e-regiao/imoveis/repasse-conquista-laguna-mobiliado-1540265337,olx,fortaleza,Parque Dois Irmãos,-3.804483,-38.55043466666667,centroide_bairro,85000.0,42.0,2023.81,2,,REPASSE  CONQUISTA LAGUNA | MOBILIADO,,2026-10-02T23:54:57,faixa 80-250 mil
https://www.zapimoveis.com.br/imovel/venda-apartamento-2-quartos-com-piscina-mondubim-fortaleza-ce-42m2-id-2899470423/,zapimoveis,fortaleza,Mondubim,-3.828701,-38.565294,exata,85000.0,42.0,2023.81,2,torre,,,2026-10-02T23:54:56,faixa 80-250 mil
https://ce.olx.com.br/fortaleza-e-regiao/imoveis/apartamento-2-quartos-74-m2-1539303738,olx,fortaleza,Tauape,,,,150000.0,74.0,2027.03,2,,"Apartamento 2 quartos, 74 m2",,2026-10-02T23:54:58,faixa 80-250 mil
https://ce.olx.com.br/fortaleza-e-regiao/imoveis/venda-repasse-de-apartamento-pajucara-maracanau-1539594214,olx,fortaleza,Vila Peri,,,,142000.0,70.0,2028.57,2,,VENDA/REPASSE DE APARTAMENTO - PAJUÇARA/MARACANAÚ,,2026-10-02T23:54:58,faixa 80-250 mil
https://ce.olx.com.br/fortaleza-e-regiao/imoveis/condicoes-especiais-apartamento-no-passare-fortaleza-ce-apto-004-3-quartos-1-vaga-1538087933,olx,fortaleza,Passaré,-3.819683,-38.5351005,centroide_bairro,108080.0,53.0,2039.25,3,,"Condições especiais  Apartamento no Passare, Fortaleza - CE, Apto 004, 3 quartos, 1 vaga,",,2026-10-02T23:55:00,faixa 80-250 mil
https://www.zapimoveis.com.br/imovel/venda-apartamento-2-quartos-com-piscina-mondubim-fortaleza-ce-44m2-id-2913825865/,zapimoveis,fortaleza,Mondubim,-3.813479,-38.559871,exata,90000.0,44.0,2045.45,2,torre,,,2026-10-02T23:54:56,faixa 80-250 mil
https://www.chavesnamao.com.br/imovel/apartamento-a-venda-4-quartos-com-garagem-ce-fortaleza-farias-brito-119m2-RS245000/id-32567951/,chavesnamao,fortaleza,Farias Brito,,,,245000.0,119.0,2058.82,4,,,,2026-10-02T23:54:55,faixa 80-250 mil
https://ce.olx.com.br/fortaleza-e-regiao/imoveis/apartamento-residencial-em-fortaleza-ce-planalto-nova-aldeota-1538975519,olx,fortaleza,Papicu,,,,136000.0,66.0,2060.61,2,,"APARTAMENTO RESIDENCIAL em FORTALEZA - CE, Planalto Nova Aldeota",,2026-10-02T23:54:59,faixa 80-250 mil
https://ce.olx.com.br/fortaleza-e-regiao/imoveis/repasse-alta-vista-passare-1537988749,olx,fortaleza,Passaré,-3.819683,-38.5351005,centroide_bairro,95000.0,46.0,2065.22,2,,REPASSE ALTA VISTA PASSARÉ,,2026-10-02T23:55:00,faixa 80-250 mil
https://www.zapimoveis.com.br/imovel/venda-apartamento-2-quartos-com-piscina-manuel-dias-branco-fortaleza-ce-38m2-id-2886646277/,zapimoveis,fortaleza,Manuel Dias Branco,-3.758576,-38.470502,exata,80000.0,38.0,2105.26,2,torre,,,2026-10-02T23:54:56,faixa 80-250 mil
https://ce.olx.com.br/fortaleza-e-regiao/imoveis/03-quartos-03-wcs-apenas-r-169-000-00-1539861636,olx,fortaleza,Antônio Diogo,,,,169000.0,80.0,2112.5,3,,"03 quartos,03 wcs  apenas R$ 169.000,00",,2026-10-02T23:54:57,faixa 80-250 mil
https://ce.olx.com.br/fortaleza-e-regiao/imoveis/conquista-castelli-repasse-1540895979,olx,fortaleza,Jacarecanga,,,,89000.0,42.0,2119.05,2,,CONQUISTA CASTELLI  REPASSE,,2026-10-02T23:54:56,faixa 80-250 mil
https://ce.olx.com.br/fortaleza-e-regiao/imoveis/imovel-com-excelente-proposta-apartamento-no-siqueira-fortaleza-ce-apto-04-2-quartos-1538087479,olx,fortaleza,Siqueira,,,,93333.0,44.0,2121.2,2,,"Imóvel com excelente proposta  Apartamento no Siqueira, Fortaleza - CE, Apto 04, 2 quartos",,2026-10-02T23:55:00,faixa 80-250 mil
https://ce.olx.com.br/fortaleza-e-regiao/imoveis/apartamento-venda-monte-tebas-siqueira-1536667194,olx,fortaleza,Siqueira,,,,85000.0,40.0,2125.0,2,,*APARTAMENTO À VENDA  MONTE TEBAS | SIQUEIRA*,,2026-10-02T23:55:02,faixa 80-250 mil
https://ce.olx.com.br/fortaleza-e-regiao/imoveis/oportunidade-de-investimento-apartamento-no-curio-fortaleza-ce-apto-401-2-quartos-4-1538087786,olx,fortaleza,Curió,,,,94222.0,44.0,2141.41,2,,"Oportunidade de investimento  Apartamento no Curio, Fortaleza - CE, Apto 401, 2 quartos, 4",,2026-10-02T23:55:00,faixa 80-250 mil
https://ce.olx.com.br/fortaleza-e-regiao/imoveis/apartamento-no-curio-em-fortaleza-ce-caixa-2800-1538267640,olx,fortaleza,Curió,,,,94223.0,44.0,2141.43,2,,Apartamento no CURIO em Fortaleza/CE - Caixa *2800,,2026-10-02T23:55:00,faixa 80-250 mil
https://ce.olx.com.br/fortaleza-e-regiao/imoveis/apartamento-no-bairro-jose-bonifacio-com-03-quartos-e-01-vaga-de-garagem-1539664846,olx,fortaleza,José Bonifácio,,,,230000.0,107.0,2149.53,3,,"Apartamento no bairro José Bonifácio, com 03 quartos e 01 vaga de garagem",,2026-10-02T23:54:58,faixa 80-250 mil
https://ce.olx.com.br/fortaleza-e-regiao/imoveis/imovel-para-investir-apartamento-no-curio-fortaleza-ce-apto-04-44-28m-venda-onlin-1538702014,olx,fortaleza,Curió,,,,95407.0,44.0,2168.34,1,,"Imóvel para investir  Apartamento no Curio, Fortaleza - CE, Apto 04, 44,28m² | Venda Onlin",,2026-10-02T23:54:59,faixa 80-250 mil
https://ce.olx.com.br/fortaleza-e-regiao/imoveis/apartamento-no-curio-em-fortaleza-ce-caixa-9014-1539184709,olx,fortaleza,Curió,,,,95408.0,44.0,2168.36,1,,Apartamento no CURIO em Fortaleza/CE - Caixa *9014,,2026-10-02T23:54:58,faixa 80-250 mil
https://ce.olx.com.br/fortaleza-e-regiao/imoveis/ap-2-quartos-cajazeiras-1506912583,olx,fortaleza,Cajazeiras,-3.8019665,-38.5060055,centroide_bairro,120000.0,55.0,2181.82,2,,AP 2 quartos - CAJAZEIRAS,,2026-10-02T23:54:59,faixa 80-250 mil
https://ce.olx.com.br/fortaleza-e-regiao/imoveis/imovel-para-venda-tem-82-metros-quadrados-com-3-quartos-em-rodolfo-teofilo-fortaleza-c-1540984610,olx,fortaleza,Rodolfo Teófilo,,,,180000.0,82.0,2195.12,3,,Imóvel para venda tem 82 metros quadrados com 3 quartos em Rodolfo Teófilo - Fortaleza - C,,2026-10-02T23:54:56,faixa 80-250 mil
https://ce.olx.com.br/fortaleza-e-regiao/imoveis/apartamento-a-venda-no-residencial-jaborandi-fortaleza-ce-1540926813,olx,fortaleza,Jangurussu,-3.8475385,-38.508364,centroide_bairro,100000.0,45.0,2222.22,2,,Apartamento à venda no Residencial Jaborandi - FORTALEZA/CE,,2026-10-02T23:54:56,faixa 80-250 mil
https://ce.olx.com.br/fortaleza-e-regiao/imoveis/consultor-imobiliario-imoveis-na-regiao-fortaleza-caucaia-eusebio-e-regiaos-proximas-1537066723,olx,fortaleza,Parque Araxá,,,,200000.0,90.0,2222.22,2,,"Consultor Imobiliário | imóveis na região: Fortaleza, Caucaia, Eusébio e regiãos próximas.",,2026-10-02T23:55:02,faixa 80-250 mil
https://ce.olx.com.br/fortaleza-e-regiao/imoveis/apartamento-no-siqueira-em-fortaleza-ce-caixa-1587-1537977010,olx,fortaleza,Siqueira,,,,100208.0,45.0,2226.84,2,,Apartamento no SIQUEIRA em Fortaleza/CE - Caixa *1587,,2026-10-02T23:55:00,faixa 80-250 mil
https://www.zapimoveis.com.br/imovel/venda-apartamento-2-quartos-com-armario-de-cozinha-aldeota-fortaleza-ce-85m2-id-2446248010/,zapimoveis,fortaleza,Aldeota,-3.736117,-38.492452,exata,190000.0,85.0,2235.29,2,torre,,,2026-10-02T23:54:56,faixa 80-250 mil
https://ce.olx.com.br/fortaleza-e-regiao/imoveis/apartamento-98m-3-quartos-jardim-america-edificio-erica-e-adriane-1530099125,olx,fortaleza,Jardim América,,,,220000.0,98.0,2244.9,4,,Apartamento 98m² | 3 quartos -Jardim América / Edifício Érica e Adriane.,,2026-10-02T23:54:56,faixa 80-250 mil
https://ce.olx.com.br/fortaleza-e-regiao/imoveis/apartamento-para-venda-em-fortaleza-dionisio-torres-3-dormitorios-2-banheiros-1-vaga-1539602382,olx,fortaleza,Dionisio Torres,,,,200000.0,89.0,2247.19,3,,"Apartamento para Venda em Fortaleza, Dionisio Torres, 3 dormitórios, 2 banheiros, 1 vaga",,2026-10-02T23:54:58,faixa 80-250 mil
https://ce.olx.com.br/fortaleza-e-regiao/imoveis/apartamento-de-repasse-ja-entregue-no-condominio-porto-das-mares-barra-do-ceara-1539336464,olx,fortaleza,Barra do Ceará,,,,99000.0,44.0,2250.0,2,,APARTAMENTO DE REPASSE JÁ ENTREGUE NO CONDOMÍNIO PORTO DAS MARÉS BARRA DO CEARÁ,,2026-10-02T23:54:58,faixa 80-250 mil
https://www.zapimoveis.com.br/imovel/venda-apartamento-2-quartos-com-piscina-cambeba-fortaleza-ce-44m2-id-2915169642/,zapimoveis,fortaleza,Cambeba,-3.814437,-38.489804,exata,99000.0,44.0,2250.0,2,torre,,,2026-10-02T23:54:56,faixa 80-250 mil
https://ce.olx.com.br/fortaleza-e-regiao/imoveis/condicao-facilitada-apartamento-no-siqueira-fortaleza-ce-apto-405-2-quartos-1-vaga-1537743808,olx,fortaleza,Siqueira,,,,100207.0,44.0,2277.43,2,,"Condição facilitada  Apartamento no Siqueira, Fortaleza - CE, Apto 405, 2 quartos, 1 vaga,",,2026-10-02T23:55:00,faixa 80-250 mil
https://ce.olx.com.br/fortaleza-e-regiao/imoveis/imovel-com-localizacao-privilegiada-apartamento-no-passare-fortaleza-ce-apto-401-44-1538701803,olx,fortaleza,Passaré,-3.819683,-38.5351005,centroide_bairro,100741.0,44.0,2289.57,1,,"Imóvel com localização privilegiada  Apartamento no Passare, Fortaleza - CE, Apto 401, 44,",,2026-10-02T23:54:59,faixa 80-250 mil
https://ce.olx.com.br/fortaleza-e-regiao/imoveis/apartamento-no-passare-em-fortaleza-ce-caixa-1742-1539184663,olx,fortaleza,Passaré,-3.819683,-38.5351005,centroide_bairro,100741.0,44.0,2289.57,1,,Apartamento no PASSARE em Fortaleza/CE - Caixa *1742,,2026-10-02T23:54:58,faixa 80-250 mil
https://www.zapimoveis.com.br/imovel/venda-apartamento-2-quartos-com-churrasqueira-democrito-rocha-fortaleza-ce-72m2-id-2876843303/,zapimoveis,fortaleza,Demócrito Rocha,-3.762744,-38.568313,exata,165000.0,72.0,2291.67,2,indefinido,,,2026-10-02T23:54:56,faixa 80-250 mil
https://ce.olx.com.br/fortaleza-e-regiao/imoveis/apartamento-para-vender-1537106704,olx,fortaleza,Parque Presidente Vargas,,,,115000.0,50.0,2300.0,2,,Apartamento para vender,,2026-10-02T23:55:00,faixa 80-250 mil
https://ce.olx.com.br/fortaleza-e-regiao/imoveis/residencial-chacara-sol-poente-3-andar-escada-1503250472,olx,fortaleza,Jangurussu,-3.8475385,-38.508364,centroide_bairro,120000.0,52.0,2307.69,2,,Residencial Chacara Sol Poente - 3 ANDAR ESCADA,,2026-10-02T23:54:59,faixa 80-250 mil
https://ce.olx.com.br/fortaleza-e-regiao/imoveis/repasse-no-conquista-castelli-jacarecanga-1537884698,olx,fortaleza,Jacarecanga,,,,97000.0,42.0,2309.52,2,,Repasse no Conquista Castelli - Jacarecanga,,2026-10-02T23:55:00,faixa 80-250 mil
https://ce.olx.com.br/fortaleza-e-regiao/imoveis/condicao-facilitada-apartamento-no-sapiranga-coite-fortaleza-ce-apto-404-44-28m-v-1537743940,olx,fortaleza,Sapiranga-Coité,,,,101689.0,44.0,2311.11,1,,"Condição facilitada  Apartamento no Sapiranga-coite, Fortaleza - CE, Apto 404, 44,28m² | V",,2026-10-02T23:55:00,faixa 80-250 mil
https://ce.olx.com.br/fortaleza-e-regiao/imoveis/apartamento-no-sapiranga-coit-em-fortaleza-ce-caixa-1441-1537976959,olx,fortaleza,Sapiranga-Coité,,,,101689.0,44.0,2311.11,4,,Apartamento no Sapiranga-Coit em Fortaleza/CE - Caixa *1441,,2026-10-02T23:55:00,faixa 80-250 mil
https://ce.olx.com.br/fortaleza-e-regiao/imoveis/venda-apartamento-conjunto-esperanca-1539335893,olx,fortaleza,Aldeota,,,,110000.0,47.0,2340.43,2,,Venda Apartamento Conjunto Esperança,,2026-10-02T23:54:58,faixa 80-250 mil
https://ce.olx.com.br/fortaleza-e-regiao/imoveis/ed-13-de-maio-1536348792,olx,fortaleza,Vila União,,,,185000.0,79.0,2341.77,3,,Ed. 13 de Maio,,2026-10-02T23:54:57,faixa 80-250 mil
https://www.zapimoveis.com.br/imovel/venda-apartamento-2-quartos-jangurussu-fortaleza-ce-55m2-id-2914869961/,zapimoveis,fortaleza,Jangurussu,-3.848335,-38.503121,exata,130000.0,55.0,2363.64,2,indefinido,,,2026-10-02T23:54:56,faixa 80-250 mil
https://ce.olx.com.br/fortaleza-e-regiao/imoveis/imperdivel-prox-caravelle-3-quartos-suite-1448349536,olx,fortaleza,Vila União,,,,175000.0,74.0,2364.86,3,,Imperdível próx. Caravelle - 3 quartos (suíte),,2026-10-02T23:55:00,faixa 80-250 mil
https://ce.olx.com.br/fortaleza-e-regiao/imoveis/apartamento-a-venda-57-m-por-r-135-000-00-barroso-fortaleza-ce-1493201243,olx,fortaleza,Barroso,,,,135000.0,57.0,2368.42,2,,"Apartamento à venda, 57 m² por R$ 135.000,00 - Barroso - Fortaleza/CE",,2026-10-02T23:54:56,faixa 80-250 mil
https://ce.olx.com.br/fortaleza-e-regiao/imoveis/apartamento-de-repase-no-condominio-viva-praia-com-parcelas-baixas-1540181748,olx,fortaleza,Praia do Futuro I,-3.7515085,-38.470335,centroide_bairro,105000.0,44.0,2386.36,2,,APARTAMENTO DE REPASE NO CONDOMÍNIO VIVA PRAIA COM PARCELAS BAIXAS,,2026-10-02T23:54:57,faixa 80-250 mil
https://ce.olx.com.br/fortaleza-e-regiao/imoveis/apartameto-no-viva-praia-do-futuro-oportunidade-somente-parcela-caixa-1539338114,olx,fortaleza,Praia do Futuro I,-3.7515085,-38.470335,centroide_bairro,105000.0,44.0,2386.36,2,,APARTAMETO NO VIVA PRAIA DO FUTURO OPORTUNIDADE SOMENTE PARCELA CAIXA,,2026-10-02T23:54:58,faixa 80-250 mil
https://ce.olx.com.br/fortaleza-e-regiao/imoveis/oferta-com-diferencial-apartamento-no-mondubim-fortaleza-ce-apto-201-2-quartos-44-2-1537744062,olx,fortaleza,Mondubim,-3.8156466666666664,-38.565828333333336,centroide_bairro,105155.0,44.0,2389.89,2,,"Oferta com diferencial  Apartamento no Mondubim, Fortaleza - CE, Apto 201, 2 quartos, 44,2",,2026-10-02T23:55:00,faixa 80-250 mil
https://ce.olx.com.br/fortaleza-e-regiao/imoveis/apartamento-no-mondubim-em-fortaleza-ce-caixa-1680-1537977390,olx,fortaleza,Mondubim,-3.8156466666666664,-38.565828333333336,centroide_bairro,105156.0,44.0,2389.91,2,,Apartamento no MONDUBIM em Fortaleza/CE - Caixa *1680,,2026-10-02T23:55:00,faixa 80-250 mil
https://ce.olx.com.br/fortaleza-e-regiao/imoveis/oportunidade-de-repasse-no-porto-das-mares-comdominio-completo-1536503363,olx,fortaleza,Barra do Ceará,,,,110000.0,46.0,2391.3,2,,OPORTUNIDADE DE REPASSE NO PORTO DAS MARÉS | COMDOMÍNIO COMPLETO,,2026-10-02T23:55:02,faixa 80-250 mil
https://www.chavesnamao.com.br/imovel/apartamento-a-venda-2-quartos-com-garagem-ce-fortaleza-jangurussu-RS110000/id-36866329/,chavesnamao,fortaleza,Jangurussu,-3.8475385,-38.508364,centroide_bairro,110000.0,46.0,2391.3,2,,,,2026-10-02T23:54:55,faixa 80-250 mil
https://ce.olx.com.br/fortaleza-e-regiao/imoveis/gois-aluga-apt-possui-50-metros-quadrados-com-2-quartos-em-conjunto-palmeiras-fortaleza-1538391210,olx,fortaleza,Conjunto Palmeiras,,,,120000.0,50.0,2400.0,2,,GÓIS ALUGA APTº possui 50 metros quadrados com 2 quartos em Conjunto Palmeiras - Fortaleza,,2026-10-02T23:54:59,faixa 80-250 mil
https://ce.olx.com.br/fortaleza-e-regiao/imoveis/01-apartamento-em-messejana-2-suites-1537611670,olx,fortaleza,Jangurussu,-3.8475385,-38.508364,centroide_bairro,125000.0,52.0,2403.85,2,,01 - Apartamento em messejana 2 suítes,,2026-10-02T23:55:00,faixa 80-250 mil
https://www.zapimoveis.com.br/imovel/venda-apartamento-3-quartos-com-salao-de-jogos-tauape-fortaleza-ce-102m2-id-2876376677/,zapimoveis,fortaleza,Tauape,-3.758924,-38.518698,exata,220000.0,91.0,2417.58,3,indefinido,,,2026-10-02T23:54:56,faixa 80-250 mil
https://ce.olx.com.br/fortaleza-e-regiao/imoveis/repasse-de-casa-clarice-lispector-totalmente-projetado-e-reformado-1538152053,olx,fortaleza,Prefeito José Walter,,,,220000.0,90.0,2444.44,3,,REPASSE DE CASA CLARICE LISPECTOR TOTALMENTE PROJETADO e REFORMADO,,2026-10-02T23:55:00,faixa 80-250 mil
https://www.chavesnamao.com.br/imovel/apartamento-a-venda-3-quartos-com-garagem-ce-fortaleza-papicu-RS220000/id-35601347/,chavesnamao,fortaleza,Papicu,,,,220000.0,90.0,2444.44,3,,,,2026-10-02T23:54:55,faixa 80-250 mil
https://www.chavesnamao.com.br/imovel/apartamento-a-venda-2-quartos-ce-fortaleza-parque-santa-maria-51m2-RS125000/id-44982407/,chavesnamao,fortaleza,Parque Santa Maria,,,,125000.0,51.0,2450.98,2,,,,2026-10-02T23:54:54,faixa 80-250 mil
https://ce.olx.com.br/fortaleza-e-regiao/imoveis/casa-duplex-para-repasse-no-clarice-lispevtor-monteville-1537562710,olx,fortaleza,Prefeito José Walter,,,,135000.0,55.0,2454.55,3,,CASA DUPLEX PARA REPASSE NO CLARICE LISPEVTOR | MONTEVILLE,,2026-10-02T23:55:00,faixa 80-250 mil
https://ce.olx.com.br/fortaleza-e-regiao/imoveis/apartamento-com-2-dormitorios-a-venda-57-m-por-r-140-000-00-barroso-fortaleza-ce-1502246272,olx,fortaleza,Barroso,,,,140000.0,57.0,2456.14,2,,"Apartamento com 2 dormitórios à venda, 57 m² por R$ 140.000,00 - Barroso - Fortaleza/CE",,2026-10-02T23:54:56,faixa 80-250 mil
https://ce.olx.com.br/fortaleza-e-regiao/imoveis/apartamento-com-3-quartos-wc-social-a-venda-61-m-por-r-150-000-00-cajazeiras-fort-1538354820,olx,fortaleza,Cajazeiras,-3.8019665,-38.5060055,centroide_bairro,150000.0,61.0,2459.02,3,,"Apartamento com 3 Quartos + Wc Social à Venda, 61 m² por R$ 150.000,00 - Cajazeiras - Fort",,2026-10-02T23:54:59,faixa 80-250 mil
https://ce.olx.com.br/fortaleza-e-regiao/imoveis/apartamento-com-2-dormitorios-a-venda-65-m-por-r-160-000-00-messejana-fortaleza-ce-1539780469,olx,fortaleza,Messejana,-3.837846666666667,-38.49094233333333,centroide_bairro,160000.0,65.0,2461.54,2,,"Apartamento com 2 dormitórios à venda, 65 m² por R$ 160.000,00 - Messejana - Fortaleza/CE",,2026-10-02T23:54:57,faixa 80-250 mil
https://ce.olx.com.br/fortaleza-e-regiao/imoveis/otima-oportunidade-apartamento-no-jangurussu-fortaleza-ce-apto-501-2-quartos-38-4m-1538087276,olx,fortaleza,Jangurussu,-3.8475385,-38.508364,centroide_bairro,93629.0,38.0,2463.92,2,,"Ótima oportunidade  Apartamento no Jangurussu, Fortaleza - CE, Apto 501, 2 quartos, 38,4m²",,2026-10-02T23:55:00,faixa 80-250 mil
https://ce.olx.com.br/fortaleza-e-regiao/imoveis/apartamento-80-m-com-3-quartos-2-suites-3-banheiros-no-parreao-por-r-200mil-1540425509,olx,fortaleza,Parreão,,,,200000.0,81.0,2469.14,3,,"Apartamento 80 m² com 3 quartos, 2 suítes, 3 banheiros no Parreão por R$ 200mil",,2026-10-02T23:54:57,faixa 80-250 mil
https://ce.olx.com.br/fortaleza-e-regiao/imoveis/apartamento-no-siqueira-em-fortaleza-ce-caixa-2606-1538267599,olx,fortaleza,Siqueira,,,,111212.0,45.0,2471.38,1,,Apartamento no SIQUEIRA em Fortaleza/CE - Caixa *2606,,2026-10-02T23:55:00,faixa 80-250 mil
https://ce.olx.com.br/fortaleza-e-regiao/imoveis/apartamento-para-venda-possui-56-metros-quadrados-com-2-quartos-em-cambeba-fortaleza-c-1245091944,olx,fortaleza,Cambeba,-3.808038,-38.4855955,centroide_bairro,139000.0,56.0,2482.14,2,,Apartamento para venda possui 56 metros quadrados com 2 quartos em Cambeba - Fortaleza - C,,2026-10-02T23:54:57,faixa 80-250 mil
https://ce.olx.com.br/fortaleza-e-regiao/imoveis/apartamento-no-novo-mondubim-em-fortaleza-ce-caixa-5607-1538267624,olx,fortaleza,Novo Mondubim,,,,94815.0,38.0,2495.13,2,,Apartamento no NOVO MONDUBIM em Fortaleza/CE - Caixa *5607,,2026-10-02T23:55:00,faixa 80-250 mil
https://ce.olx.com.br/fortaleza-e-regiao/imoveis/oportunidade-caixa-apartamento-no-novo-mondubim-fortaleza-ce-apto-010-2-quartos-1-v-1538087612,olx,fortaleza,Novo Mondubim,,,,94815.0,38.0,2495.13,2,,"Oportunidade Caixa  Apartamento no Novo Mondubim, Fortaleza - CE, Apto 010, 2 quartos, 1 v",,2026-10-02T23:55:00,faixa 80-250 mil
https://ce.olx.com.br/fortaleza-e-regiao/imoveis/oportundiade-de-repasse-em-condomino-no-centro-de-fortaleza-1540369054,olx,fortaleza,Jacarecanga,,,,110000.0,44.0,2500.0,2,,OPORTUNDIADE DE REPASSE EM CONDOMINO  NO CENTRO DE FORTALEZA,,2026-10-02T23:54:57,faixa 80-250 mil
https://ce.olx.com.br/fortaleza-e-regiao/imoveis/apartamento-de-repasse-no-condominio-granvilage-messejana-2-primeiro-andar-com-projetado-1539533775,olx,fortaleza,Paupina,-3.8457215,-38.486533,centroide_bairro,110000.0,44.0,2500.0,2,,"APARTAMENTO DE REPASSE NO CONDOMÍNIO GRANVILAGE MESSEJANA 2 , PRIMEIRO ANDAR COM PROJETADO",,2026-10-02T23:54:58,faixa 80-250 mil
https://ce.olx.com.br/fortaleza-e-regiao/imoveis/apartamento-de-repasse-no-condominio-conquista-casteli-bairro-centro-de-fortaleza-1539421694,olx,fortaleza,Jacarecanga,,,,110000.0,44.0,2500.0,2,,APARTAMENTO DE REPASSE NO CONDOMÍNIO CONQUISTA CASTELI BAIRRO CENTRO DE FORTALEZA,,2026-10-02T23:54:58,faixa 80-250 mil
https://ce.olx.com.br/fortaleza-e-regiao/imoveis/pra-vender-urgente-apartamento-na-vila-pery-1516963999,olx,fortaleza,Parangaba,,,,110000.0,44.0,2500.0,2,,"Pra vender urgente, apartamento na Vila Pery",,2026-10-02T23:54:59,faixa 80-250 mil
https://ce.olx.com.br/fortaleza-e-regiao/imoveis/aaprtamento-de-repase-no-conquista-castelo-terreo-bairro-centro-1538589159,olx,fortaleza,Jacarecanga,,,,110000.0,44.0,2500.0,2,,AAPRTAMENTO DE REPASE NO CONQUISTA CASTELO TÉRREO BAIRRO CENTRO,,2026-10-02T23:54:59,faixa 80-250 mil
https://ce.olx.com.br/fortaleza-e-regiao/imoveis/repasse-no-conquista-casteli-bairro-centro-jacarecanga-1537855250,olx,fortaleza,Jacarecanga,,,,110000.0,44.0,2500.0,2,,Repasse no Conquista Casteli Bairro Centro/ Jacarecanga,,2026-10-02T23:55:00,faixa 80-250 mil
https://ce.olx.com.br/fortaleza-e-regiao/imoveis/apartamento-de-repasse-no-terreo-no-condominio-conquista-casteli-1536967532,olx,fortaleza,Jacarecanga,,,,110000.0,44.0,2500.0,2,,APARTAMENTO DE REPASSE NO TÉRREO NO CONDOMÍNIO CONQUISTA CASTELI,,2026-10-02T23:55:02,faixa 80-250 mil
https://ce.olx.com.br/fortaleza-e-regiao/imoveis/gran-village-messejana-ii-1538782882,olx,fortaleza,Paupina,-3.8457215,-38.486533,centroide_bairro,110000.0,44.0,2500.0,2,,GRAN VILLAGE MESSEJANA II,,2026-10-02T23:54:59,faixa 80-250 mil
https://ce.olx.com.br/fortaleza-e-regiao/imoveis/oportunidade-de-investimento-apartamento-no-siqueira-fortaleza-ce-apto-505-1-vaga-4-1538087344,olx,fortaleza,Siqueira,,,,111212.0,44.0,2527.55,1,,"Oportunidade de investimento  Apartamento no Siqueira, Fortaleza - CE, Apto 505, 1 vaga, 4",,2026-10-02T23:55:00,faixa 80-250 mil
https://ce.olx.com.br/fortaleza-e-regiao/imoveis/green-park-liga-9-87-48-31-08-diego9989f-dcristgouv-padre-paulino-330-cajazeiras-60864-240-1519112288,olx,fortaleza,Cajazeiras,-3.8019665,-38.5060055,centroide_bairro,180001.0,71.0,2535.23,3,,"Green Park liga 9 87 48 31 08 Diego9989F dcristgouv Padre Paulino,330 Cajazeiras,60864-240",,2026-10-02T23:55:00,faixa 80-250 mil
https://ce.olx.com.br/fortaleza-e-regiao/imoveis/imovel-com-excelente-localizacao-apartamento-no-cajazeiras-fortaleza-ce-apto-401-2-q-1538087467,olx,fortaleza,Cajazeiras,-3.8019665,-38.5060055,centroide_bairro,111816.0,44.0,2541.27,2,,"Imóvel com excelente localização  Apartamento no Cajazeiras, Fortaleza - CE, Apto 401, 2 q",,2026-10-02T23:55:00,faixa 80-250 mil
https://ce.olx.com.br/fortaleza-e-regiao/imoveis/apartamento-no-cajazeiras-em-fortaleza-ce-caixa-7227-1538267633,olx,fortaleza,Cajazeiras,-3.8019665,-38.5060055,centroide_bairro,111817.0,44.0,2541.3,2,,Apartamento no CAJAZEIRAS em Fortaleza/CE - Caixa *7227,,2026-10-02T23:55:00,faixa 80-250 mil
https://ce.olx.com.br/fortaleza-e-regiao/imoveis/apartamento-com-3-dormitorios-a-venda-90-m-por-r-230-000-montese-fortaleza-ce-1540448363,olx,fortaleza,Montese,,,,230000.0,90.0,2555.56,3,,"Apartamento com 3 dormitórios à venda, 90 m² por R$ 230.000 - Montese - Fortaleza/CE",,2026-10-02T23:54:57,faixa 80-250 mil
https://ce.olx.com.br/fortaleza-e-regiao/imoveis/imovel-com-excelente-localizacao-apartamento-no-cajazeiras-fortaleza-ce-apto-101-2-q-1538087287,olx,fortaleza,Cajazeiras,-3.8019665,-38.5060055,centroide_bairro,113021.0,44.0,2568.66,2,,"Imóvel com excelente localização  Apartamento no Cajazeiras, Fortaleza - CE, Apto 101, 2 q",,2026-10-02T23:55:00,faixa 80-250 mil
https://ce.olx.com.br/fortaleza-e-regiao/imoveis/apartamento-no-cajazeiras-em-fortaleza-ce-caixa-6-1538267700,olx,fortaleza,Cajazeiras,-3.8019665,-38.5060055,centroide_bairro,113022.0,44.0,2568.68,2,,Apartamento no CAJAZEIRAS em Fortaleza/CE - Caixa *6,,2026-10-02T23:55:00,faixa 80-250 mil
https://ce.olx.com.br/fortaleza-e-regiao/imoveis/apartamento-a-venda-1537764366,olx,fortaleza,Cajazeiras,-3.8019665,-38.5060055,centroide_bairro,180000.0,70.0,2571.43,3,,Apartamento à venda,,2026-10-02T23:55:00,faixa 80-250 mil
https://www.zapimoveis.com.br/imovel/venda-apartamento-3-quartos-itaperi-fortaleza-ce-70m2-id-2541480618/,zapimoveis,fortaleza,Itaperi,-3.792741,-38.535761,exata,180000.0,70.0,2571.43,3,provavel_bloco,,,2026-10-02T23:54:56,faixa 80-250 mil
https://ce.olx.com.br/fortaleza-e-regiao/imoveis/apartamento-no-novo-mondubim-em-fortaleza-ce-caixa-8338-1538267664,olx,fortaleza,Novo Mondubim,,,,100741.0,39.0,2583.1,1,,Apartamento no NOVO MONDUBIM em Fortaleza/CE - Caixa *8338,,2026-10-02T23:55:00,faixa 80-250 mil
https://ce.olx.com.br/fortaleza-e-regiao/imoveis/oferta-vantajosa-apartamento-no-barroso-fortaleza-ce-apto-510-2-quartos-1-vaga-41-1538086825,olx,fortaleza,Barroso,,,,106225.0,41.0,2590.85,2,,"Oferta vantajosa  Apartamento no Barroso, Fortaleza - CE, Apto 510, 2 quartos, 1 vaga, 41,",,2026-10-02T23:55:00,faixa 80-250 mil
https://ce.olx.com.br/fortaleza-e-regiao/imoveis/repasse-no-moov-parangaba-oportunidade-1537875041,olx,fortaleza,Itaoca,,,,135000.0,52.0,2596.15,2,,Repasse no Moov Parangaba | Oportunidade!,,2026-10-02T23:55:00,faixa 80-250 mil
https://ce.olx.com.br/fortaleza-e-regiao/imoveis/apartamento-no-barroso-em-fortaleza-ce-caixa-0937-1539184712,olx,fortaleza,Barroso,,,,109097.0,42.0,2597.55,2,,Apartamento no BARROSO em Fortaleza/CE - Caixa *0937,,2026-10-02T23:54:58,faixa 80-250 mil
https://ce.olx.com.br/fortaleza-e-regiao/imoveis/apartamento-com-2-dormitorios-a-venda-50-m-por-r-130-000-00-itaperi-fortaleza-ce-1538482837,olx,fortaleza,Itaperi,-3.79927,-38.552024333333335,centroide_bairro,130000.0,50.0,2600.0,2,,"Apartamento com 2 dormitórios à venda, 50 m² por R$ 130.000,00 - Itaperi - Fortaleza/CE",,2026-10-02T23:54:59,faixa 80-250 mil
https://www.zapimoveis.com.br/imovel/venda-apartamento-2-quartos-ancuri-fortaleza-ce-46m2-id-2914866926/,zapimoveis,fortaleza,Siqueira,-3.802495,-38.627744,exata,120000.0,46.0,2608.7,2,indefinido,,,2026-10-02T23:54:56,faixa 80-250 mil
https://ce.olx.com.br/fortaleza-e-regiao/imoveis/apartamento-tereo-garden-no-parque-davinci-messejana-1539423423,olx,fortaleza,Paupina,-3.8457215,-38.486533,centroide_bairro,115000.0,44.0,2613.64,2,,APARTAMENTO TÉREO GARDEN NO PARQUE DAVINCI MESSEJANA,,2026-10-02T23:54:58,faixa 80-250 mil
https://ce.olx.com.br/fortaleza-e-regiao/imoveis/vendo-apt-no-mondubim-2-quartos-1539924726,olx,fortaleza,Planalto Ayrton Senna,,,,115000.0,44.0,2613.64,2,,Vendo apt no Mondubim 2 quartos,,2026-10-02T23:54:57,faixa 80-250 mil
https://ce.olx.com.br/fortaleza-e-regiao/imoveis/oferta-com-vantagem-apartamento-no-jangurussu-fortaleza-ce-apto-504-38-4m-venda-d-1537743866,olx,fortaleza,Jangurussu,-3.8475385,-38.508364,centroide_bairro,99555.0,38.0,2619.87,1,,"Oferta com vantagem  Apartamento no Jangurussu, Fortaleza - CE, Apto 504, 38,4m² | Venda D",,2026-10-02T23:55:00,faixa 80-250 mil
https://ce.olx.com.br/fortaleza-e-regiao/imoveis/chance-unica-apartamento-no-jangurussu-fortaleza-ce-apto-404-38-4m-venda-direta-o-1536887348,olx,fortaleza,Jangurussu,-3.8475385,-38.508364,centroide_bairro,100148.0,38.0,2635.47,1,,"Chance única  Apartamento no Jangurussu, Fortaleza - CE, Apto 404, 38,4m² | Venda Direta O",,2026-10-02T23:55:02,faixa 80-250 mil
https://ce.olx.com.br/fortaleza-e-regiao/imoveis/imovel-em-otima-regiao-apartamento-no-novo-mondubim-fortaleza-ce-apto-108-1-vaga-38-1538087773,olx,fortaleza,Novo Mondubim,,,,100741.0,38.0,2651.08,1,,"Imóvel em ótima região  Apartamento no Novo Mondubim, Fortaleza - CE, Apto 108, 1 vaga, 38",,2026-10-02T23:55:00,faixa 80-250 mil
https://www.zapimoveis.com.br/imovel/venda-apartamento-2-quartos-com-piscina-parque-dois-irmaos-fortaleza-ce-46m2-id-2434758117/,zapimoveis,fortaleza,Parque Dois Irmãos,-3.79,-38.548,aproximada_portal,122000.0,46.0,2652.17,2,indefinido,,,2026-10-02T23:54:56,faixa 80-250 mil
https://ce.olx.com.br/fortaleza-e-regiao/imoveis/negocio-vantajoso-apartamento-no-barroso-fortaleza-ce-apto-509-2-quartos-1-vaga-41-1538578623,olx,fortaleza,Barroso,,,,109096.0,41.0,2660.88,2,,"Negócio vantajoso  Apartamento no Barroso, Fortaleza - CE, Apto 509, 2 quartos, 1 vaga, 41",,2026-10-02T23:54:59,faixa 80-250 mil
https://ce.olx.com.br/fortaleza-e-regiao/imoveis/apartamento-no-barroso-em-fortaleza-ce-caixa-4398-1537976780,olx,fortaleza,Barroso,,,,111906.0,42.0,2664.43,2,,Apartamento no BARROSO em Fortaleza/CE - Caixa *4398,,2026-10-02T23:55:00,faixa 80-250 mil
https://ce.olx.com.br/fortaleza-e-regiao/imoveis/apartamento-na-av-valparaiso-1540182731,olx,fortaleza,Conjunto Palmeiras,,,,120000.0,45.0,2666.67,2,,Apartamento na Av. Valparaiso,,2026-10-02T23:54:57,faixa 80-250 mil
https://ce.olx.com.br/fortaleza-e-regiao/imoveis/repasse-de-apartamento-no-condominio-fontana-di-terni-1538953851,olx,fortaleza,Cambeba,-3.808038,-38.4855955,centroide_bairro,120000.0,45.0,2666.67,2,,Repasse de Apartamento no Condomínio Fontana di Terni.,,2026-10-02T23:54:59,faixa 80-250 mil
https://ce.olx.com.br/fortaleza-e-regiao/imoveis/oferta-exclusiva-apartamento-no-cajazeiras-fortaleza-ce-apto-304-44-28m-venda-dir-1538087585,olx,fortaleza,Cajazeiras,-3.8019665,-38.5060055,centroide_bairro,117860.0,44.0,2678.64,1,,"Oferta exclusiva  Apartamento no Cajazeiras, Fortaleza - CE, Apto 304, 44,28m² | Venda Dir",,2026-10-02T23:55:00,faixa 80-250 mil
https://ce.olx.com.br/fortaleza-e-regiao/imoveis/apartamento-no-cajazeiras-em-fortaleza-ce-caixa-5192-1538267605,olx,fortaleza,Cajazeiras,-3.8019665,-38.5060055,centroide_bairro,117861.0,44.0,2678.66,1,,Apartamento no CAJAZEIRAS em Fortaleza/CE - Caixa *5192,,2026-10-02T23:55:00,faixa 80-250 mil
https://ce.olx.com.br/fortaleza-e-regiao/imoveis/apartamento-com-4-dormitorios-a-venda-92-m-por-r-250-000-00-montese-fortaleza-ce-1344176960,olx,fortaleza,Couto Fernandes,,,,250000.0,93.0,2688.17,4,,"Apartamento com 4 dormitórios à venda, 92 m² por R$ 250.000,00 - Montese - Fortaleza/CE",,2026-10-02T23:54:56,faixa 80-250 mil
https://ce.olx.com.br/fortaleza-e-regiao/imoveis/oportunidade-em-destaque-apartamento-no-mondubim-fortaleza-ce-apto-403-2-quartos-44-1537743414,olx,fortaleza,Mondubim,-3.8156466666666664,-38.565828333333336,centroide_bairro,118465.0,44.0,2692.39,2,,"Oportunidade em destaque  Apartamento no Mondubim, Fortaleza - CE, Apto 403, 2 quartos, 44",,2026-10-02T23:55:00,faixa 80-250 mil
https://ce.olx.com.br/fortaleza-e-regiao/imoveis/apartamento-no-mondubim-em-fortaleza-ce-caixa-2581-1537976748,olx,fortaleza,Mondubim,-3.8156466666666664,-38.565828333333336,centroide_bairro,118465.0,44.0,2692.39,2,,Apartamento no MONDUBIM em Fortaleza/CE - Caixa *2581,,2026-10-02T23:55:00,faixa 80-250 mil
https://ce.olx.com.br/fortaleza-e-regiao/imoveis/apartamento-a-venda-no-manuel-satiro-fortaleza-1538651689,olx,fortaleza,Manoel Sátiro,,,,135000.0,50.0,2700.0,2,,"Apartamento à venda no Manuel Sátiro, Fortaleza",,2026-10-02T23:54:59,faixa 80-250 mil
https://www.chavesnamao.com.br/imovel/apartamento-a-venda-3-quartos-com-garagem-ce-fortaleza-presidente-kennedy-92m2-RS250000/id-27643086/,chavesnamao,fortaleza,Presidente Kennedy,,,,250000.0,92.0,2717.39,3,,,,2026-10-02T23:54:54,faixa 80-250 mil
https://ce.olx.com.br/fortaleza-e-regiao/imoveis/imovel-com-potencial-apartamento-no-barroso-fortaleza-ce-apto-512-2-quartos-1-vaga-1538087316,olx,fortaleza,Barroso,,,,111816.0,41.0,2727.22,2,,"Imóvel com potencial  Apartamento no Barroso, Fortaleza - CE, Apto 512, 2 quartos, 1 vaga,",,2026-10-02T23:55:00,faixa 80-250 mil
https://ce.olx.com.br/fortaleza-e-regiao/imoveis/apartamento-no-condominio-fontana-di-terni-1540910922,olx,fortaleza,Cambeba,-3.808038,-38.4855955,centroide_bairro,120000.0,44.0,2727.27,2,,Apartamento no Condomínio Fontana di Terni.,,2026-10-02T23:54:56,faixa 80-250 mil
https://ce.olx.com.br/fortaleza-e-regiao/imoveis/repasse-de-apartamento-no-condominio-fontana-di-terni-1540643516,olx,fortaleza,Cambeba,-3.808038,-38.4855955,centroide_bairro,120000.0,44.0,2727.27,2,,Repasse de Apartamento no Condomínio Fontana di Terni.,,2026-10-02T23:54:56,faixa 80-250 mil
https://ce.olx.com.br/fortaleza-e-regiao/imoveis/apartamento-conjunto-esperanca-1539918669,olx,fortaleza,Conjunto Esperança,,,,120000.0,44.0,2727.27,2,,Apartamento Conjunto Esperança,,2026-10-02T23:54:57,faixa 80-250 mil
https://ce.olx.com.br/fortaleza-e-regiao/imoveis/repasse-de-apartamento-no-condominio-fontana-di-terni-1539597685,olx,fortaleza,Cambeba,-3.808038,-38.4855955,centroide_bairro,120000.0,44.0,2727.27,2,,Repasse de Apartamento no Condomínio Fontana di Terni.,,2026-10-02T23:54:58,faixa 80-250 mil
https://ce.olx.com.br/fortaleza-e-regiao/imoveis/repasse-de-apartamento-no-condominio-fontana-di-terni-1539427769,olx,fortaleza,Cambeba,-3.808038,-38.4855955,centroide_bairro,120000.0,44.0,2727.27,2,,Repasse de Apartamento no Condomínio Fontana di Terni.,,2026-10-02T23:54:58,faixa 80-250 mil
https://ce.olx.com.br/fortaleza-e-regiao/imoveis/apartamento-na-vila-pery-1538596512,olx,fortaleza,Parangaba,,,,120000.0,44.0,2727.27,2,,Apartamento na vila pery,,2026-10-02T23:54:59,faixa 80-250 mil
https://ce.olx.com.br/fortaleza-e-regiao/imoveis/apartamento-condominio-morada-bosques-1540782263,olx,fortaleza,Cajazeiras,-3.8019665,-38.5060055,centroide_bairro,150000.0,55.0,2727.27,2,,Apartamento Condomínio Morada Bosques,,2026-10-02T23:54:56,faixa 80-250 mil
https://ce.olx.com.br/fortaleza-e-regiao/imoveis/imovel-a-venda-com-55-metros-quadrados-com-2-quartos-em-cajazeiras-fortaleza-ce-1540235179,olx,fortaleza,Cajazeiras,-3.8019665,-38.5060055,centroide_bairro,150000.0,55.0,2727.27,2,,Imóvel a venda com 55 metros quadrados com 2 quartos em Cajazeiras - Fortaleza - CE,,2026-10-02T23:54:57,faixa 80-250 mil
https://www.zapimoveis.com.br/imovel/venda-apartamento-2-quartos-com-interfone-vila-peri-fortaleza-ce-44m2-id-2915094961/,zapimoveis,fortaleza,Vila Peri,-3.788741,-38.583802,exata,120000.0,44.0,2727.27,2,indefinido,,,2026-10-02T23:54:56,faixa 80-250 mil
https://ce.olx.com.br/fortaleza-e-regiao/imoveis/oferta-exclusiva-apartamento-no-jangurussu-fortaleza-ce-apto-201-38-4m-venda-dire-1536887813,olx,fortaleza,Jangurussu,-3.8475385,-38.508364,centroide_bairro,103704.0,38.0,2729.05,1,,"Oferta exclusiva  Apartamento no Jangurussu, Fortaleza - CE, Apto 201, 38,4m² | Venda Dire",,2026-10-02T23:55:02,faixa 80-250 mil
https://ce.olx.com.br/fortaleza-e-regiao/imoveis/apartamento-no-jangurussu-em-fortaleza-ce-caixa-7990-1537070287,olx,fortaleza,Jangurussu,-3.8475385,-38.508364,centroide_bairro,103704.0,38.0,2729.05,1,,Apartamento no JANGURUSSU em Fortaleza/CE - Caixa *7990,,2026-10-02T23:55:02,faixa 80-250 mil
https://ce.olx.com.br/fortaleza-e-regiao/imoveis/oportunidade-de-investimento-apartamento-no-barroso-fortaleza-ce-apto-406-2-quartos-1537743721,olx,fortaleza,Barroso,,,,111905.0,41.0,2729.39,2,,"Oportunidade de investimento  Apartamento no Barroso, Fortaleza - CE, Apto 406, 2 quartos,",,2026-10-02T23:55:00,faixa 80-250 mil
https://ce.olx.com.br/fortaleza-e-regiao/imoveis/vendo-ou-troca-apto-quitado-1532984803,olx,fortaleza,Vila Peri,,,,115000.0,42.0,2738.1,2,,VENDO OU TROCA - APTO QUITADO,,2026-10-02T23:55:02,faixa 80-250 mil
https://ce.olx.com.br/fortaleza-e-regiao/imoveis/repasse-no-porto-das-mares-no-11-andar-com-area-de-lazer-completo-1536814790,olx,fortaleza,Barra do Ceará,,,,110000.0,40.0,2750.0,2,,REPASSE NO PORTO DAS MARÉS NO 11 ANDAR | COM ÁREA DE LAZER COMPLETO,,2026-10-02T23:55:02,faixa 80-250 mil
https://ce.olx.com.br/fortaleza-e-regiao/imoveis/venda-no-condominio-belo-horizonte-panamericano-1538720939,olx,fortaleza,Panamericano,,,,160000.0,58.0,2758.62,2,,Venda no Condomínio Belo Horizonte  Panamericano,,2026-10-02T23:54:59,faixa 80-250 mil
https://ce.olx.com.br/fortaleza-e-regiao/imoveis/imovel-com-otima-proposta-apartamento-no-mondubim-fortaleza-ce-apto-301-2-quartos-1-1538087404,olx,fortaleza,Mondubim,-3.8156466666666664,-38.565828333333336,centroide_bairro,121401.0,44.0,2759.11,2,,"Imóvel com ótima proposta  Apartamento no Mondubim, Fortaleza - CE, Apto 301, 2 quartos, 1",,2026-10-02T23:55:00,faixa 80-250 mil
https://ce.olx.com.br/fortaleza-e-regiao/imoveis/apartamento-no-mondubim-em-fortaleza-ce-caixa-2460-1538267678,olx,fortaleza,Mondubim,-3.8156466666666664,-38.565828333333336,centroide_bairro,121402.0,44.0,2759.14,2,,Apartamento no MONDUBIM em Fortaleza/CE - Caixa *2460,,2026-10-02T23:55:00,faixa 80-250 mil
https://ce.olx.com.br/fortaleza-e-regiao/imoveis/vendo-apartamento-com-76m-no-bairro-damas-fortaleza-ceara-1539579493,olx,fortaleza,Damas,,,,210000.0,76.0,2763.16,2,,"VENDO APARTAMENTO COM 76m², NO BAIRRO DAMAS - FORTALEZA - CEARÁ",,2026-10-02T23:54:58,faixa 80-250 mil
https://ce.olx.com.br/fortaleza-e-regiao/imoveis/vendo-apartamento-com-76m-no-bairro-damas-fortaleza-ceara-1537864475,olx,fortaleza,Damas,,,,210000.0,76.0,2763.16,2,,"VENDO APARTAMENTO COM 76m², NO BAIRRO DAMAS - FORTALEZA - CEARÁ",,2026-10-02T23:55:00,faixa 80-250 mil
https://ce.olx.com.br/fortaleza-e-regiao/imoveis/oportunidade-de-repasse-ed-brisa-do-mar-andar-alto-1538291403,olx,fortaleza,Cidade 2000,,,,125000.0,45.0,2777.78,2,,OPORTUNIDADE DE REPASSE  ED. BRISA DO MAR - ANDAR ALTO,,2026-10-02T23:54:59,faixa 80-250 mil
https://ce.olx.com.br/fortaleza-e-regiao/imoveis/apartamento-com-3-dormitorios-a-venda-63-m-por-r-175-000-00-cajazeiras-fortaleza-ce-1539780434,olx,fortaleza,Cajazeiras,-3.8019665,-38.5060055,centroide_bairro,175000.0,63.0,2777.78,3,,"Apartamento com 3 dormitórios à venda, 63 m² por R$ 175.000,00 - Cajazeiras - Fortaleza/CE",,2026-10-02T23:54:57,faixa 80-250 mil
https://ce.olx.com.br/fortaleza-e-regiao/imoveis/condominio-carlos-pinheiro-apartamento-3-quartos-70-55-m-1-vaga-itaoca-r-195-m-1535527693,olx,fortaleza,Manuel Dias Branco,,,,195000.0,70.0,2785.71,3,,"Condomínio Carlos Pinheiro / Apartamento 3 Quartos | 70,55 m² | 1 Vaga | Itaoca | R$ 195 m",,2026-10-02T23:54:56,faixa 80-250 mil
https://ce.olx.com.br/fortaleza-e-regiao/imoveis/oferta-da-caixa-apartamento-no-novo-mondubim-fortaleza-ce-apto-409-2-quartos-38-42m-1537743588,olx,fortaleza,Novo Mondubim,,,,106225.0,38.0,2795.39,2,,"Oferta da Caixa  Apartamento no Novo Mondubim, Fortaleza - CE, Apto 409, 2 quartos, 38,42m",,2026-10-02T23:55:00,faixa 80-250 mil
https://ce.olx.com.br/fortaleza-e-regiao/imoveis/oferta-especial-apartamento-no-novo-mondubim-fortaleza-ce-apto-011-2-quartos-38-4m-1537743449,olx,fortaleza,Novo Mondubim,,,,106667.0,38.0,2807.03,2,,"Oferta especial  Apartamento no Novo Mondubim, Fortaleza - CE, Apto 011, 2 quartos, 38,4m²",,2026-10-02T23:55:00,faixa 80-250 mil
https://ce.olx.com.br/fortaleza-e-regiao/imoveis/apartamento-com-3-quartos-no-montese-1538313880,olx,fortaleza,Couto Fernandes,,,,190000.0,67.0,2835.82,3,,Apartamento com 3 Quartos no Montese,,2026-10-02T23:54:57,faixa 80-250 mil
https://ce.olx.com.br/fortaleza-e-regiao/imoveis/apt-039-parquelandia-condominio-residencial-linhares-com-03-quartos-02-banheiros-1490709373,olx,fortaleza,Bela Vista,,,,210000.0,74.0,2837.84,3,,"APT 039, Parquelândia, Condomínio Residencial Linhares com 03 quartos, 02 banheiros",,2026-10-02T23:54:57,faixa 80-250 mil
https://ce.olx.com.br/fortaleza-e-regiao/imoveis/apartamento-com-3-dormitorios-a-venda-74-m-por-r-210-000-montese-fortaleza-ce-1540448406,olx,fortaleza,Montese,,,,210000.0,74.0,2837.84,3,,"Apartamento com 3 dormitórios à venda, 74 m² por R$ 210.000 - Montese - Fortaleza/CE",,2026-10-02T23:54:57,faixa 80-250 mil
https://ce.olx.com.br/fortaleza-e-regiao/imoveis/condominio-portal-do-mondibim-disponivel-para-venda-1536513208,olx,fortaleza,Novo Mondubim,,,,230000.0,81.0,2839.51,2,,CONDOMÍNIO PORTAL DO MONDIBIM | DISPONÍVEL PARA VENDA,,2026-10-02T23:55:02,faixa 80-250 mil
https://ce.olx.com.br/fortaleza-e-regiao/imoveis/apartamento-para-venda-com-88-metros-quadrados-com-3-quartos-em-vila-uniao-fortaleza-c-1476330432,olx,fortaleza,Vila União,,,,250000.0,88.0,2840.91,3,,Apartamento para venda com 88 metros quadrados com 3 quartos em Vila União - Fortaleza - C,,2026-10-02T23:54:56,faixa 80-250 mil
https://ce.olx.com.br/fortaleza-e-regiao/imoveis/apartamento-com-3-dormitorios-a-venda-88-m-por-r-250-000-00-praia-do-futuro-fortale-1540777087,olx,fortaleza,Vicente Pinzon,,,,250000.0,88.0,2840.91,3,,"Apartamento com 3 dormitórios à venda, 88 m² por R$ 250.000,00 - Praia do Futuro - Fortale",,2026-10-02T23:54:56,faixa 80-250 mil
https://ce.olx.com.br/fortaleza-e-regiao/imoveis/apartamento-parque-das-flores-maraponga-1538032101,olx,fortaleza,Maraponga,,,,160000.0,56.0,2857.14,2,,Apartamento parque das flores ( Maraponga ),,2026-10-02T23:55:00,faixa 80-250 mil
https://ce.olx.com.br/fortaleza-e-regiao/imoveis/condominio-residencial-ametista-eu-sou-perfeito-para-quem-busca-praticidade-seguranca-e-1499656187,olx,fortaleza,Prefeito José Walter,,,,120000.0,42.0,2857.14,2,,"Condomínio Residencial Ametista, eu sou perfeito para quem busca praticidade, segurança e",,2026-10-02T23:54:56,faixa 80-250 mil
https://ce.olx.com.br/fortaleza-e-regiao/imoveis/oportunidade-no-cajazeiras-green-park-expansao-ii-1537873068,olx,fortaleza,Cajazeiras,-3.8019665,-38.5060055,centroide_bairro,189000.0,66.0,2863.64,3,,OPORTUNIDADE NO CAJAZEIRAS!  GREEN PARK EXPANSÃO II,,2026-10-02T23:55:00,faixa 80-250 mil
https://ce.olx.com.br/fortaleza-e-regiao/imoveis/apartamento-67-m-3-quartos-1-suite-para-sua-famili-1535197949,olx,fortaleza,Cajazeiras,-3.8019665,-38.5060055,centroide_bairro,193000.0,67.0,2880.6,3,,"Apartamento 67 m², 3 Quartos (1 Suíte) para Sua Famíli",,2026-10-02T23:54:59,faixa 80-250 mil
https://ce.olx.com.br/fortaleza-e-regiao/imoveis/repasso-agio-apartamento-mood-praia-1538724959,olx,fortaleza,Praia do Futuro II,,,,150000.0,52.0,2884.62,2,,Repasso Agio apartamento Mood praia,,2026-10-02T23:54:59,faixa 80-250 mil
https://ce.olx.com.br/fortaleza-e-regiao/imoveis/repasse-condominio-reserva-jardim-castelao-1538292850,olx,fortaleza,Boa Vista-Castelão,,,,130000.0,45.0,2888.89,2,,REPASSE CONDOMÍNIO RESERVA JARDIM  - Castelão,,2026-10-02T23:54:59,faixa 80-250 mil
https://ce.olx.com.br/fortaleza-e-regiao/imoveis/vendo-apartamento-na-maraponga-3-quartos-2-banheiros-1540270419,olx,fortaleza,Parangaba,,,,160000.0,55.0,2909.09,3,,Vendo Apartamento na Maraponga - 3 quartos - 2 Banheiros,,2026-10-02T23:54:57,faixa 80-250 mil
https://ce.olx.com.br/fortaleza-e-regiao/imoveis/apartamento-venda-r-140-000-00-1540831749,olx,fortaleza,Pedras,,,,140000.0,48.0,2916.67,2,,"APARTAMENTO À VENDA  R$ 140.000,00",,2026-10-02T23:54:56,faixa 80-250 mil
https://ce.olx.com.br/fortaleza-e-regiao/imoveis/apartamento-a-venda-no-sao-gerardo-em-fortaleza-ce-1538703011,olx,fortaleza,São Gerardo,,,,210000.0,72.0,2916.67,3,,Apartamento a Venda no São Gerardo em Fortaleza/CE,,2026-10-02T23:54:59,faixa 80-250 mil
https://ce.olx.com.br/fortaleza-e-regiao/imoveis/apto-para-vender-na-cidade-de-fortaleza-ce-1540897957,olx,fortaleza,Parreão,,,,240000.0,82.0,2926.83,3,,APTO para vender na cidade de FORTALEZA-CE,,2026-10-02T23:54:56,faixa 80-250 mil
https://ce.olx.com.br/fortaleza-e-regiao/imoveis/vende-se-1540454439,olx,fortaleza,Edson Queiroz,,,,200000.0,68.0,2941.18,3,,Vende-se,,2026-10-02T23:54:57,faixa 80-250 mil
https://www.chavesnamao.com.br/imovel/apartamento-a-venda-2-quartos-com-garagem-ce-fortaleza-manoel-dias-branco-RS250000/id-43677709/,chavesnamao,fortaleza,Manoel Dias Branco,,,,250000.0,85.0,2941.18,2,,,,2026-10-02T23:54:54,faixa 80-250 mil
https://ce.olx.com.br/fortaleza-e-regiao/imoveis/apartamento-no-novo-mondubim-em-fortaleza-ce-caixa-6820-1537976781,olx,fortaleza,Novo Mondubim,,,,114839.0,39.0,2944.59,2,,Apartamento no NOVO MONDUBIM em Fortaleza/CE - Caixa *6820,,2026-10-02T23:55:00,faixa 80-250 mil
https://www.chavesnamao.com.br/imovel/apartamento-a-venda-3-quartos-com-garagem-ce-fortaleza-mondubim-RS240000/id-45127332/,chavesnamao,fortaleza,Mondubim,-3.8156466666666664,-38.565828333333336,centroide_bairro,240000.0,81.0,2962.96,3,,,,2026-10-02T23:54:57,faixa 80-250 mil
https://www.zapimoveis.com.br/imovel/venda-apartamento-2-quartos-com-churrasqueira-jangurussu-fortaleza-ce-59m2-id-2894237888/,zapimoveis,fortaleza,Jangurussu,-3.847761,-38.511808,exata,175000.0,59.0,2966.1,2,indefinido,,,2026-10-02T23:54:56,faixa 80-250 mil
https://ce.olx.com.br/fortaleza-e-regiao/imoveis/apartamento-moderno-e-confortavel-em-fortaleza-residencial-joao-mendes-1518152331,olx,fortaleza,Itaoca,,,,220000.0,74.0,2972.97,2,,Apartamento Moderno e Confortável em Fortaleza / Residencial João Mendes.,,2026-10-02T23:54:56,faixa 80-250 mil
https://ce.olx.com.br/fortaleza-e-regiao/imoveis/condominio-recanto-das-flores-apartamentos-no-bairro-jagurussu-em-fortaleza-ce-1537224993,olx,fortaleza,Jangurussu,-3.8475385,-38.508364,centroide_bairro,120000.0,40.0,3000.0,2,,CONDOMÍNIO RECANTO DAS FLORES  APARTAMENTOS NO BAIRRO JAGURUSSU EM FORTALEZA/CE,,2026-10-02T23:55:00,faixa 80-250 mil
https://ce.olx.com.br/fortaleza-e-regiao/imoveis/apartamento-a-venda-80-m-por-r-240-000-00-mondubim-fortaleza-ce-1540926669,olx,fortaleza,Novo Mondubim,,,,240000.0,80.0,3000.0,3,,"Apartamento à venda, 80 m² por R$ 240.000,00 - Mondubim - Fortaleza/CE",,2026-10-02T23:54:56,faixa 80-250 mil
https://www.zapimoveis.com.br/imovel/venda-apartamento-3-quartos-com-piscina-parangaba-fortaleza-ce-60m2-id-2914458398/,zapimoveis,fortaleza,Parangaba,-3.789803,-38.572081,exata,180000.0,60.0,3000.0,3,indefinido,,,2026-10-02T23:54:56,faixa 80-250 mil
https://ce.olx.com.br/fortaleza-e-regiao/imoveis/oportunidade-para-voce-apartamento-no-novo-mondubim-fortaleza-ce-apto-406-2-quartos-1537743955,olx,fortaleza,Novo Mondubim,,,,114838.0,38.0,3022.05,2,,"Oportunidade para você  Apartamento no Novo Mondubim, Fortaleza - CE, Apto 406, 2 quartos,",,2026-10-02T23:55:00,faixa 80-250 mil
https://ce.olx.com.br/fortaleza-e-regiao/imoveis/oferta-em-destaque-apartamento-no-jangurussu-fortaleza-ce-apto-401-2-quartos-38-4m-1536887997,olx,fortaleza,Jangurussu,-3.8475385,-38.508364,centroide_bairro,114838.0,38.0,3022.05,2,,"Oferta em destaque  Apartamento no Jangurussu, Fortaleza - CE, Apto 401, 2 quartos, 38,4m²",,2026-10-02T23:55:02,faixa 80-250 mil
https://ce.olx.com.br/fortaleza-e-regiao/imoveis/apartamento-no-jangurussu-em-fortaleza-ce-caixa-4340-1537070335,olx,fortaleza,Jangurussu,-3.8475385,-38.508364,centroide_bairro,114839.0,38.0,3022.08,2,,Apartamento no JANGURUSSU em Fortaleza/CE - Caixa *4340,,2026-10-02T23:55:02,faixa 80-250 mil
https://ce.olx.com.br/fortaleza-e-regiao/imoveis/vendo-apartamento-com-76m-no-bairro-damas-fortaleza-ceara-1540960663,olx,fortaleza,Damas,,,,230000.0,76.0,3026.32,3,,"VENDO APARTAMENTO COM 76m², NO BAIRRO DAMAS - FORTALEZA - CEARÁ",,2026-10-02T23:54:56,faixa 80-250 mil
https://ce.olx.com.br/fortaleza-e-regiao/imoveis/vendo-apartamento-com-76m-no-bairro-damas-fortaleza-ceara-1539588824,olx,fortaleza,Damas,,,,230000.0,76.0,3026.32,3,,"VENDO APARTAMENTO COM 76m², NO BAIRRO DAMAS - FORTALEZA - CEARÁ",,2026-10-02T23:54:58,faixa 80-250 mil
https://ce.olx.com.br/fortaleza-e-regiao/imoveis/vendo-apartamento-com-76m-no-bairro-damas-fortaleza-ceara-1538754624,olx,fortaleza,Damas,,,,230000.0,76.0,3026.32,3,,"VENDO APARTAMENTO COM 76m², NO BAIRRO DAMAS - FORTALEZA - CEARÁ",,2026-10-02T23:54:59,faixa 80-250 mil
https://ce.olx.com.br/fortaleza-e-regiao/imoveis/vendo-apartamento-com-76m-no-bairro-damas-fortaleza-ceara-1538441142,olx,fortaleza,Rodolfo Teófilo,,,,230000.0,76.0,3026.32,3,,"VENDO APARTAMENTO COM 76m², NO BAIRRO DAMAS - FORTALEZA - CEARÁ",,2026-10-02T23:54:59,faixa 80-250 mil
https://ce.olx.com.br/fortaleza-e-regiao/imoveis/vendo-apartamento-com-76m-no-bairro-damas-fortaleza-ceara-1537519574,olx,fortaleza,Damas,,,,230000.0,76.0,3026.32,3,,"VENDO APARTAMENTO COM 76m², NO BAIRRO DAMAS - FORTALEZA - CEARÁ",,2026-10-02T23:55:00,faixa 80-250 mil
https://ce.olx.com.br/fortaleza-e-regiao/imoveis/vendo-apartamento-com-76m-no-bairro-damas-fortaleza-ceara-1536687975,olx,fortaleza,Damas,,,,230000.0,76.0,3026.32,3,,"VENDO APARTAMENTO COM 76m², NO BAIRRO DAMAS - FORTALEZA - CEARÁ",,2026-10-02T23:55:02,faixa 80-250 mil
https://ce.olx.com.br/fortaleza-e-regiao/imoveis/apartamento-66m-com-03-tres-quartos-na-cidade-dos-funcionarios-r-199-999-00-1538106049,olx,fortaleza,Parque Iracema,,,,199999.0,66.0,3030.29,3,,"Apartamento 66m² com 03(três) quartos na Cidade dos Funcionários -R$ 199.999,00",,2026-10-02T23:55:00,faixa 80-250 mil
https://ce.olx.com.br/fortaleza-e-regiao/imoveis/apartamento-a-venda-na-cidade-dos-funcionarios-fortaleza-ce-area-de-66-4m2-1539977714,olx,fortaleza,Parque Iracema,,,,200000.0,66.0,3030.3,3,,"Apartamento à venda na Cidade dos Funcionários - Fortaleza/CE - Área de 66,4m2",,2026-10-02T23:54:57,faixa 80-250 mil
https://ce.olx.com.br/fortaleza-e-regiao/imoveis/oferta-com-destaque-apartamento-no-jangurussu-fortaleza-ce-apto-304-2-quartos-38-4m-1536887580,olx,fortaleza,Jangurussu,-3.8475385,-38.508364,centroide_bairro,116047.0,38.0,3053.87,2,,"Oferta com destaque  Apartamento no Jangurussu, Fortaleza - CE, Apto 304, 2 quartos, 38,4m",,2026-10-02T23:55:02,faixa 80-250 mil
https://ce.olx.com.br/fortaleza-e-regiao/imoveis/imovel-com-excelente-proposta-apartamento-no-jangurussu-fortaleza-ce-apto-203-2-quar-1536887677,olx,fortaleza,Jangurussu,-3.8475385,-38.508364,centroide_bairro,117256.0,38.0,3085.68,2,,"Imóvel com excelente proposta  Apartamento no Jangurussu, Fortaleza - CE, Apto 203, 2 quar",,2026-10-02T23:55:02,faixa 80-250 mil
https://ce.olx.com.br/fortaleza-e-regiao/imoveis/apartamento-no-jangurussu-em-fortaleza-ce-caixa-4981-1537070260,olx,fortaleza,Jangurussu,-3.8475385,-38.508364,centroide_bairro,117256.0,38.0,3085.68,2,,Apartamento no JANGURUSSU em Fortaleza/CE - Caixa *4981,,2026-10-02T23:55:02,faixa 80-250 mil
https://ce.olx.com.br/fortaleza-e-regiao/imoveis/oportunidade-de-repasse-ed-brisa-do-mar-com-area-de-lazer-completo-1538261174,olx,fortaleza,Meireles,,,,125000.0,40.0,3125.0,2,,OPORTUNIDADE DE REPASSE  ED. BRISA DO MAR COM ÁREA DE LAZER COMPLETO,,2026-10-02T23:55:00,faixa 80-250 mil
https://www.zapimoveis.com.br/imovel/venda-apartamento-2-quartos-com-salao-de-festas-dom-lustosa-fortaleza-ce-56m2-id-2846953615/,zapimoveis,fortaleza,Dom Lustosa,-3.748179,-38.585589,exata,175000.0,56.0,3125.0,2,indefinido,,,2026-10-02T23:54:56,faixa 80-250 mil
https://ce.olx.com.br/fortaleza-e-regiao/imoveis/apartamento-para-venda-com-70-metros-quadrados-em-monte-castelo-fortaleza-ceara-1538534736,olx,fortaleza,Monte Castelo,,,,220000.0,70.0,3142.86,3,,Apartamento para venda com 70 metros quadrados  em Monte Castelo - Fortaleza - Ceará,,2026-10-02T23:54:59,faixa 80-250 mil
https://www.zapimoveis.com.br/imovel/venda-apartamento-2-quartos-mobiliado-mondubim-fortaleza-ce-46m2-id-2576559950/,zapimoveis,fortaleza,Mondubim,-3.811133,-38.573182,exata,145000.0,46.0,3152.17,2,indefinido,,,2026-10-02T23:54:56,faixa 80-250 mil
https://ce.olx.com.br/fortaleza-e-regiao/imoveis/bela-vista-condominio-amazonas-apartamento-com-02-quartos-1286418603,olx,fortaleza,Bela Vista,,,,180200.0,57.0,3161.4,2,,"Bela Vista, Condomínio Amazonas, Apartamento com 02 quartos",,2026-10-02T23:55:02,faixa 80-250 mil
https://ce.olx.com.br/fortaleza-e-regiao/imoveis/apt-201-bela-vista-condominio-amazonas-apartamento-com-02-quartos-02-banheiros-507578471,olx,fortaleza,Bela Vista,,,,180300.0,57.0,3163.16,2,,"APT 201, Bela Vista, Condomínio Amazonas, Apartamento com 02 quartos, 02 banheiros",,2026-10-02T23:54:57,faixa 80-250 mil
https://ce.olx.com.br/fortaleza-e-regiao/imoveis/apartamento-com-2-dormitorios-a-venda-45-m-por-r-145-000-00-messejana-fortaleza-ce-1375796309,olx,fortaleza,Jangurussu,-3.8475385,-38.508364,centroide_bairro,145000.0,45.0,3222.22,2,,"Apartamento com 2 dormitórios à venda, 45 m² por R$ 145.000,00 - Messejana - Fortaleza/CE",,2026-10-02T23:54:56,faixa 80-250 mil
https://ce.olx.com.br/fortaleza-e-regiao/imoveis/imovel-para-venda-com-3-quartos-uma-suite-e-muito-mais-1537644614,olx,fortaleza,Manuel Dias Branco,,,,220000.0,68.0,3235.29,3,,imóvel para venda com 3 quartos uma suíte e muito mais...,,2026-10-02T23:55:00,faixa 80-250 mil
https://ce.olx.com.br/fortaleza-e-regiao/imoveis/apartamento-a-venda-2-quartos-1-vaga-vicente-pinzon-fortaleza-ce-1538408835,olx,fortaleza,Vicente Pinzon,,,,180000.0,55.0,3272.73,2,,"Apartamento à venda, 2 quartos, 1 vaga, Vicente Pinzon - Fortaleza/CE",,2026-10-02T23:54:59,faixa 80-250 mil
https://ce.olx.com.br/fortaleza-e-regiao/imoveis/vendo-apto-1538423987,olx,fortaleza,Benfica,,,,230000.0,70.0,3285.71,2,,Vendo apto,,2026-10-02T23:54:59,faixa 80-250 mil
https://ce.olx.com.br/fortaleza-e-regiao/imoveis/apartamento-para-venda-tem-76-metros-quadrados-em-centro-fortaleza-ceara-1536119344,olx,fortaleza,Centro,,,,250000.0,76.0,3289.47,3,,Apartamento para venda tem 76 metros quadrados  em Centro - Fortaleza - Ceará,,2026-10-02T23:55:00,faixa 80-250 mil
https://ce.olx.com.br/fortaleza-e-regiao/imoveis/apartamento-venda-jangurussu-1539779681,olx,fortaleza,Jangurussu,-3.8475385,-38.508364,centroide_bairro,145000.0,44.0,3295.45,2,,Apartamento | Venda | Jangurussu,,2026-10-02T23:54:57,faixa 80-250 mil
https://ce.olx.com.br/fortaleza-e-regiao/imoveis/imovel-para-repasse-todo-reformado-2-quartos-em-rachel-de-queiroz-fortaleza-ce-1539610271,olx,fortaleza,Rachel de Queiroz,,,,145000.0,44.0,3295.45,2,,Imóvel para Repasse todo reformado 2 quartos em Rachel de Queiroz - Fortaleza - CE,,2026-10-02T23:54:58,faixa 80-250 mil
https://www.zapimoveis.com.br/imovel/venda-apartamento-2-quartos-com-piscina-praia-de-iracema-fortaleza-ce-44m2-id-2915182004/,zapimoveis,fortaleza,Praia do Futuro I,-3.720462,-38.463834,exata,145000.0,44.0,3295.45,2,indefinido,,,2026-10-02T23:54:56,faixa 80-250 mil
https://ce.olx.com.br/fortaleza-e-regiao/imoveis/apartamento-com-2-quartos-a-venda-por-r-139-000-itaperi-fortaleza-ce-1538535204,olx,fortaleza,Itaperi,-3.79927,-38.552024333333335,centroide_bairro,139000.0,42.0,3309.52,2,,"Apartamento com 2 quartos à venda, por R$ 139.000 - Itaperi - Fortaleza/CE",,2026-10-02T23:54:59,faixa 80-250 mil
https://ce.olx.com.br/fortaleza-e-regiao/imoveis/apartamento-a-venda-no-itaperi-1536697221,olx,fortaleza,Itaperi,-3.79927,-38.552024333333335,centroide_bairro,149900.0,45.0,3331.11,2,,Apartamento à venda no Itaperi,,2026-10-02T23:55:02,faixa 80-250 mil
https://ce.olx.com.br/fortaleza-e-regiao/imoveis/apartamento-venda-no-itaperi-proximo-av-dr-silas-munguba-1536589144,olx,fortaleza,Itaperi,-3.79927,-38.552024333333335,centroide_bairro,150000.0,45.0,3333.33,2,,APARTAMENTO À VENDA NO ITAPERI - PRÓXIMO À AV. DR. SILAS MUNGUBA,,2026-10-02T23:55:02,faixa 80-250 mil
https://ce.olx.com.br/fortaleza-e-regiao/imoveis/apartamento-a-venda-antonio-bezerra-status-park-condominio-1536903444,olx,fortaleza,Antônio Bezerra,-3.742309,-38.5931565,centroide_bairro,249000.0,74.0,3364.86,2,,Apartamento à venda - Antônio Bezerra - Status Park Condomínio,,2026-10-02T23:55:02,faixa 80-250 mil
https://ce.olx.com.br/fortaleza-e-regiao/imoveis/res-flamboyant-o-melhor-condominio-do-henrique-jorge-prox-do-cuca-smart-fit-e-cometa-1540586601,olx,fortaleza,Henrique Jorge,,,,175000.0,52.0,3365.38,2,,"Res. Flamboyant, o melhor condomínio do Henrique Jorge. Próx. do CUCA, Smart Fit e Cometa",,2026-10-02T23:54:56,faixa 80-250 mil
https://www.zapimoveis.com.br/imovel/venda-apartamento-3-quartos-mobiliado-monte-castelo-fortaleza-ce-71m2-id-2915211925/,zapimoveis,fortaleza,Monte Castelo,-3.721867,-38.553472,exata,239900.0,71.0,3378.87,3,indefinido,,,2026-10-02T23:54:56,faixa 80-250 mil
https://ce.olx.com.br/fortaleza-e-regiao/imoveis/apartamento-messejana-1540026879,olx,fortaleza,Guajeru,,,,190000.0,56.0,3392.86,2,,Apartamento Messejana,,2026-10-02T23:54:57,faixa 80-250 mil
https://ce.olx.com.br/fortaleza-e-regiao/imoveis/otimo-apartamento-no-bosque-agua-fria-edson-queiroz-1539879407,olx,fortaleza,Edson Queiroz,,,,205000.0,60.0,3416.67,2,,Ótimo Apartamento no Bosque Água Fria  Edson Queiroz,,2026-10-02T23:54:57,faixa 80-250 mil
https://ce.olx.com.br/fortaleza-e-regiao/imoveis/venda-de-lindo-apto-bosque-agua-fria-com-moveis-projetados-mais-informacoes-1536691276,olx,fortaleza,Edson Queiroz,,,,205000.0,60.0,3416.67,2,,Venda de Lindo Apto Bosque Água Fria com Móveis projetados - Mais informações,,2026-10-02T23:55:02,faixa 80-250 mil
https://ce.olx.com.br/fortaleza-e-regiao/imoveis/apartamento-venda-bosque-agua-fria-edson-queiroz-1536838218,olx,fortaleza,Edson Queiroz,,,,205000.0,60.0,3416.67,2,,APARTAMENTO À VENDA | BOSQUE ÁGUA FRIA  EDSON QUEIROZ,,2026-10-02T23:55:02,faixa 80-250 mil
https://ce.olx.com.br/fortaleza-e-regiao/imoveis/imovel-para-venda-com-area-de-lazer-completa-imovel-amplo-com-60tros-quadrados-de-espaco-1536769976,olx,fortaleza,Edson Queiroz,,,,205000.0,60.0,3416.67,2,,"Imóvel para venda com área de lazer completa, imóvel amplo com 60tros quadrados de espaço",,2026-10-02T23:55:02,faixa 80-250 mil
https://ce.olx.com.br/fortaleza-e-regiao/imoveis/fortaleza-ce-apartamento-na-jacarecanga-promocao-r-81-000-00-1539806867,olx,fortaleza,Jacarecanga,,,,120000.0,35.0,3428.57,1,,"Fortaleza-CE, Apartamento na Jacarecanga Promoção R$ 81.000,00",,2026-10-02T23:54:57,faixa 80-250 mil
https://ce.olx.com.br/fortaleza-e-regiao/imoveis/condominio-hilnah-machado-1539999233,olx,fortaleza,Mondubim,-3.8156466666666664,-38.565828333333336,centroide_bairro,165000.0,48.0,3437.5,2,,Condomínio Hilnah Machado,,2026-10-02T23:54:57,faixa 80-250 mil
https://ce.olx.com.br/fortaleza-e-regiao/imoveis/apartamento-com-2-quartos-em-otima-localizacao-no-passare-a-venda-45-m-por-r-155-000-1539232671,olx,fortaleza,Itaperi,-3.79927,-38.552024333333335,centroide_bairro,155000.0,45.0,3444.44,2,,"Apartamento com 2 Quartos em Ótima Localização no Passaré à Venda, 45 m² por R$ 155.000 -",,2026-10-02T23:54:58,faixa 80-250 mil
https://ce.olx.com.br/fortaleza-e-regiao/imoveis/apartamento-com-2-dormitorios-a-venda-68-m-por-r-235-000-00-cidade-dos-funcionarios-1539835149,olx,fortaleza,Cidade dos Funcionários,,,,235000.0,68.0,3455.88,2,,"Apartamento com 2 dormitórios à venda, 68 m² por R$ 235.000,00 - Cidade dos Funcionários -",,2026-10-02T23:54:57,faixa 80-250 mil
https://ce.olx.com.br/fortaleza-e-regiao/imoveis/oportunidade-na-praia-do-futuro-1538559054,olx,fortaleza,Praia do Futuro I,-3.7515085,-38.470335,centroide_bairro,170000.0,49.0,3469.39,2,,Oportunidade na praia do futuro,,2026-10-02T23:54:59,faixa 80-250 mil
https://ce.olx.com.br/fortaleza-e-regiao/imoveis/imovel-para-venda-com-49-metros-quadrados-com-2-quartos-em-praia-do-futuro-i-fortaleza-1537641725,olx,fortaleza,Praia do Futuro I,-3.7515085,-38.470335,centroide_bairro,170000.0,49.0,3469.39,2,,Imóvel para venda com 49 metros quadrados com 2 quartos em Praia do Futuro I - Fortaleza -,,2026-10-02T23:55:00,faixa 80-250 mil
https://www.chavesnamao.com.br/imovel/apartamento-a-venda-2-quartos-com-garagem-ce-fortaleza-passare-45m2-RS160000/id-36082867/,chavesnamao,fortaleza,Passaré,-3.819683,-38.5351005,centroide_bairro,160000.0,46.0,3478.26,2,,,,2026-10-02T23:54:55,faixa 80-250 mil
https://ce.olx.com.br/fortaleza-e-regiao/imoveis/apartamento-para-venda-em-fortaleza-centro-1-dormitorio-1-banheiro-1370331551,olx,fortaleza,Centro,,,,115000.0,33.0,3484.85,1,,"Apartamento para Venda em Fortaleza, Centro, 1 dormitório, 1 banheiro",,2026-10-02T23:54:58,faixa 80-250 mil
https://ce.olx.com.br/fortaleza-e-regiao/imoveis/condominio-jaborandi-jangurussu-1539780244,olx,fortaleza,Jangurussu,-3.8475385,-38.508364,centroide_bairro,150000.0,43.0,3488.37,2,,Condomínio Jaborandi - Jangurussu,,2026-10-02T23:54:57,faixa 80-250 mil
https://ce.olx.com.br/fortaleza-e-regiao/imoveis/apartamento-venda-bosque-agua-fria-1538007447,olx,fortaleza,Edson Queiroz,,,,210000.0,60.0,3500.0,3,,APARTAMENTO À VENDA  BOSQUE ÁGUA FRIA,,2026-10-02T23:55:00,faixa 80-250 mil
https://www.zapimoveis.com.br/imovel/venda-apartamento-2-quartos-com-churrasqueira-montese-fortaleza-ce-54m2-id-2840575036/,zapimoveis,fortaleza,Montese,-3.764984,-38.554337,exata,190000.0,54.0,3518.52,2,torre,Condomínio Jardins de Amarilis,,2026-10-02T23:54:56,faixa 80-250 mil
https://ce.olx.com.br/fortaleza-e-regiao/imoveis/apartamento-para-venda-em-fortaleza-antonio-bezerra-3-dormitorios-1-suite-2-banheiros-1537958462,olx,fortaleza,Antônio Bezerra,-3.742309,-38.5931565,centroide_bairro,250000.0,71.0,3521.13,3,,"Apartamento para Venda em Fortaleza, Antônio Bezerra, 3 dormitórios, 1 suíte, 2 banheiros,",,2026-10-02T23:55:00,faixa 80-250 mil
https://ce.olx.com.br/fortaleza-e-regiao/imoveis/apartamento-na-regiao-da-maraponga-cod0312-1436882034,olx,fortaleza,Novo Mondubim,,,,170000.0,48.0,3541.67,2,,Apartamento na Região da Maraponga Cod0312,,2026-10-02T23:54:58,faixa 80-250 mil
https://www.zapimoveis.com.br/imovel/venda-apartamento-2-quartos-mondubim-fortaleza-ce-45m2-id-2887626502/,zapimoveis,fortaleza,Mondubim,-3.806545,-38.569835,exata,160000.0,45.0,3555.56,2,indefinido,,,2026-10-02T23:54:56,faixa 80-250 mil
https://ce.olx.com.br/fortaleza-e-regiao/imoveis/apartamento-com-2-dormitorios-a-venda-52-m-por-r-185-000-00-messejana-fortaleza-ce-1539780557,olx,fortaleza,Coaçu,,,,185000.0,52.0,3557.69,2,,"Apartamento com 2 dormitórios à venda, 52 m² por R$ 185.000,00 - Messejana - Fortaleza/CE",,2026-10-02T23:54:57,faixa 80-250 mil
https://ce.olx.com.br/fortaleza-e-regiao/imoveis/oportunidade-de-repasse-estilo-dunas-praia-do-futuro-1536518311,olx,fortaleza,Vicente Pinzon,,,,200000.0,56.0,3571.43,3,,OPORTUNIDADE DE REPASSE | ESTILO DUNAS | PRAIA DO FUTURO,,2026-10-02T23:55:02,faixa 80-250 mil
https://ce.olx.com.br/fortaleza-e-regiao/imoveis/apartamento-no-mondubim-em-fortaleza-ce-caixa-4579-1539184643,olx,fortaleza,Mondubim,-3.8156466666666664,-38.565828333333336,centroide_bairro,132367.0,37.0,3577.49,2,,Apartamento no MONDUBIM em Fortaleza/CE - Caixa *4579,,2026-10-02T23:54:58,faixa 80-250 mil
https://ce.olx.com.br/fortaleza-e-regiao/imoveis/imovel-para-venda-com-60-metros-quadrados-com-3-quartos-em-couto-fernandes-fortaleza-c-1539614415,olx,fortaleza,Couto Fernandes,,,,215000.0,60.0,3583.33,3,,Imóvel para venda com 60 metros quadrados com 3 quartos em Couto Fernandes - Fortaleza - C,,2026-10-02T23:54:56,faixa 80-250 mil
https://ce.olx.com.br/fortaleza-e-regiao/imoveis/vista-mar-2-4-nascente-liga-9-8-7-4-8-3-1-0-8-diego9989f-soldeverao-1277690270,olx,fortaleza,Vicente Pinzon,,,,190000.0,53.0,3584.91,2,,Vista Mar 2/4 nascente liga 9 8 7 4 8 3 1 0 8 Diego9989f soldeverao,,2026-10-02T23:55:00,faixa 80-250 mil
https://ce.olx.com.br/fortaleza-e-regiao/imoveis/imovel-para-venda-1540610841,olx,fortaleza,Coaçu,,,,180000.0,50.0,3600.0,2,,Imóvel para venda!,,2026-10-02T23:54:56,faixa 80-250 mil
https://www.zapimoveis.com.br/imovel/venda-apartamento-3-quartos-barroso-fortaleza-ce-58m2-id-2914873040/,zapimoveis,fortaleza,Itaperi,-3.814801,-38.572177,exata,210000.0,58.0,3620.69,3,indefinido,,,2026-10-02T23:54:56,faixa 80-250 mil
https://ce.olx.com.br/fortaleza-e-regiao/imoveis/repasse-no-viva-praia-do-futuro-apartamento-terreo-100-nascente-1539586557,olx,fortaleza,Vicente Pinzon,,,,145000.0,40.0,3625.0,2,,REPASSE NO VIVA PRAIA DO FUTURO - APARTAMENTO TÉRREO 100% NASCENTE,,2026-10-02T23:54:58,faixa 80-250 mil
https://ce.olx.com.br/fortaleza-e-regiao/imoveis/apartamento-em-otima-localizacao-1538810326,olx,fortaleza,Couto Fernandes,,,,160000.0,44.0,3636.36,2,,Apartamento em ótima localização,,2026-10-02T23:54:59,faixa 80-250 mil
https://ce.olx.com.br/fortaleza-e-regiao/imoveis/apartamento-2-quartos-no-curio-minha-casa-minha-vida-r-160-mil-1537507541,olx,fortaleza,Curió,,,,160000.0,44.0,3636.36,2,,Apartamento 2 Quartos no Curió | Minha Casa Minha Vida | R$ 160 Mil,,2026-10-02T23:55:00,faixa 80-250 mil
https://ce.olx.com.br/fortaleza-e-regiao/imoveis/proximo-ao-impah-da-av-joao-pessoa-1537426921,olx,fortaleza,Montese,,,,160000.0,44.0,3636.36,2,,Próximo ao IMPAH. Da Av. João Pessoa.,,2026-10-02T23:55:00,faixa 80-250 mil
https://ce.olx.com.br/fortaleza-e-regiao/imoveis/apartamento-100-nascente-e-projetado-na-barra-do-ceara-1536483792,olx,fortaleza,Barra do Ceará,,,,160000.0,44.0,3636.36,1,,Apartamento 100% nascente e Projetado na Barra do Ceará,,2026-10-02T23:55:02,faixa 80-250 mil
https://ce.olx.com.br/fortaleza-e-regiao/imoveis/marseille-2-quartos-160mil-fortaleza-1526853032,olx,fortaleza,Novo Mondubim,,,,160000.0,44.0,3636.36,2,,marseille - 2 quartos - 160mil - fortaleza,,2026-10-02T23:54:56,faixa 80-250 mil
https://ce.olx.com.br/fortaleza-e-regiao/imoveis/apartamento-a-venda-no-bairro-curio-condominio-jardim-dos-passaros-1539780637,olx,fortaleza,Curió,,,,164000.0,45.0,3644.44,2,,Apartamento à venda no bairro Curió | Condomínio Jardim dos Pássaros.,,2026-10-02T23:54:57,faixa 80-250 mil
https://ce.olx.com.br/fortaleza-e-regiao/imoveis/apartamento-a-venda-no-bairro-messejana-residencial-parque-messejana-1539780260,olx,fortaleza,Messejana,-3.837846666666667,-38.49094233333333,centroide_bairro,175000.0,48.0,3645.83,2,,Apartamento à venda no bairro Messejana | Residencial Parque Messejana,,2026-10-02T23:54:57,faixa 80-250 mil
https://ce.olx.com.br/fortaleza-e-regiao/imoveis/apartamento-com-2-dormitorios-a-venda-49-m-por-r-180-000-00-messejana-fortaleza-ce-1539780309,olx,fortaleza,Coaçu,,,,180000.0,49.0,3673.47,2,,"Apartamento com 2 dormitórios à venda, 49 m² por R$ 180.000,00 - Messejana - Fortaleza/CE",,2026-10-02T23:54:57,faixa 80-250 mil
https://ce.olx.com.br/fortaleza-e-regiao/imoveis/vendo-apartamento-com-68m-3-quartos-no-bairro-rodolfo-teofilo-fortaleza-ceara-1539604247,olx,fortaleza,Rodolfo Teófilo,,,,250000.0,68.0,3676.47,3,,"VENDO APARTAMENTO COM 68m², 3 QUARTOS NO BAIRRO RODOLFO TEÓFILO - FORTALEZA - CEARÁ",,2026-10-02T23:54:58,faixa 80-250 mil
https://ce.olx.com.br/fortaleza-e-regiao/imoveis/vendo-apartamento-com-68m-3-quartos-no-bairro-rodolfo-teofilo-fortaleza-ceara-1538764170,olx,fortaleza,Rodolfo Teófilo,,,,250000.0,68.0,3676.47,3,,"VENDO APARTAMENTO COM 68m², 3 QUARTOS NO BAIRRO RODOLFO TEÓFILO - FORTALEZA - CEARÁ",,2026-10-02T23:54:59,faixa 80-250 mil
https://ce.olx.com.br/fortaleza-e-regiao/imoveis/vendo-apartamento-com-68m-3-quartos-no-bairro-rodolfo-teofilo-fortaleza-ceara-1538449777,olx,fortaleza,Rodolfo Teófilo,,,,250000.0,68.0,3676.47,3,,"VENDO APARTAMENTO COM 68m², 3 QUARTOS NO BAIRRO RODOLFO TEÓFILO - FORTALEZA - CEARÁ",,2026-10-02T23:54:59,faixa 80-250 mil
https://ce.olx.com.br/fortaleza-e-regiao/imoveis/vendo-apartamento-com-68m-3-quartos-no-bairro-rodolfo-teofilo-fortaleza-ceara-1537686270,olx,fortaleza,Rodolfo Teófilo,,,,250000.0,68.0,3676.47,3,,"VENDO APARTAMENTO COM 68m², 3 QUARTOS NO BAIRRO RODOLFO TEÓFILO - FORTALEZA - CEARÁ",,2026-10-02T23:55:00,faixa 80-250 mil
https://ce.olx.com.br/fortaleza-e-regiao/imoveis/vendo-apartamento-com-68m-3-quartos-no-bairro-rodolfo-teofilo-fortaleza-ceara-1536910481,olx,fortaleza,Rodolfo Teófilo,,,,250000.0,68.0,3676.47,3,,"VENDO APARTAMENTO COM 68m², 3 QUARTOS NO BAIRRO RODOLFO TEÓFILO - FORTALEZA - CEARÁ",,2026-10-02T23:55:02,faixa 80-250 mil
https://ce.olx.com.br/fortaleza-e-regiao/imoveis/vendo-apartamento-com-68m-3-quartos-no-bairro-rodolfo-teofilo-fortaleza-ceara-1536905617,olx,fortaleza,Rodolfo Teófilo,,,,250000.0,68.0,3676.47,3,,"VENDO APARTAMENTO COM 68m², 3 QUARTOS NO BAIRRO RODOLFO TEÓFILO - FORTALEZA - CEARÁ",,2026-10-02T23:55:02,faixa 80-250 mil
https://ce.olx.com.br/fortaleza-e-regiao/imoveis/imovel-com-potencial-apartamento-no-mondubim-fortaleza-ce-apto-1601-2-quartos-1-vag-1538702177,olx,fortaleza,Mondubim,-3.8156466666666664,-38.565828333333336,centroide_bairro,132366.0,36.0,3676.83,2,,"Imóvel com potencial  Apartamento no Mondubim, Fortaleza - CE, Apto 1601, 2 quartos, 1 vag",,2026-10-02T23:54:59,faixa 80-250 mil
https://ce.olx.com.br/fortaleza-e-regiao/imoveis/apartamento-mobiliado-2-quartos-quintal-no-passare-1521480331,olx,fortaleza,Passaré,-3.819683,-38.5351005,centroide_bairro,217000.0,59.0,3677.97,2,,Apartamento Mobiliado / 2 quartos / Quintal no Passaré,,2026-10-02T23:54:56,faixa 80-250 mil
https://ce.olx.com.br/fortaleza-e-regiao/imoveis/apartamento-em-messejana-1540327934,olx,fortaleza,Messejana,-3.837846666666667,-38.49094233333333,centroide_bairro,210000.0,57.0,3684.21,2,,Apartamento em Messejana,,2026-10-02T23:54:57,faixa 80-250 mil
https://ce.olx.com.br/fortaleza-e-regiao/imoveis/repasse-viva-praia-do-futuro-10-andar-2-quartos-vaga-1539824351,olx,fortaleza,Mondubim,-3.8156466666666664,-38.565828333333336,centroide_bairro,140000.0,38.0,3684.21,1,,Repasse Viva Praia do Futuro | 10º Andar | 2 Quartos + Vaga,,2026-10-02T23:54:57,faixa 80-250 mil
https://ce.olx.com.br/fortaleza-e-regiao/imoveis/condominio-palace-de-france-1536738527,olx,fortaleza,Maraponga,,,,240000.0,65.0,3692.31,3,,Condomínio Palace de France,,2026-10-02T23:55:02,faixa 80-250 mil
https://www.chavesnamao.com.br/imovel/apartamento-a-venda-2-quartos-com-garagem-ce-fortaleza-lagoa-redonda-44m2-RS164000/id-45611227/,chavesnamao,fortaleza,Lagoa Redonda,,,,164000.0,44.0,3727.27,2,,,,2026-10-02T23:54:56,faixa 80-250 mil
https://ce.olx.com.br/fortaleza-e-regiao/imoveis/apartamento-venda-residencial-forte-iracema-messejana-1540645102,olx,fortaleza,Coaçu,,,,180000.0,48.0,3750.0,2,,APARTAMENTO À VENDA  RESIDENCIAL FORTE IRACEMA | MESSEJANA,,2026-10-02T23:54:56,faixa 80-250 mil
https://ce.olx.com.br/fortaleza-e-regiao/imoveis/grande-oportunidade-no-melhor-da-messejana-apto-por-180-mil-mais-informacoes-1539848713,olx,fortaleza,Coaçu,,,,180000.0,48.0,3750.0,2,,Grande Oportunidade no Melhor da Messejana - Apto por (180 Mil) Mais informações,,2026-10-02T23:54:57,faixa 80-250 mil
https://ce.olx.com.br/fortaleza-e-regiao/imoveis/apartamento-venda-condominio-magnolia-maraponga-1538608758,olx,fortaleza,Jardim Cearense,,,,180000.0,48.0,3750.0,2,,**APARTAMENTO À VENDA  CONDOMÍNIO MAGNÓLIA | MARAPONGA**,,2026-10-02T23:54:59,faixa 80-250 mil
https://ce.olx.com.br/fortaleza-e-regiao/imoveis/imovel-para-venda-tem-48-metros-quadrados-com-2-quartos-em-passare-fortaleza-ce-1537821752,olx,fortaleza,Passaré,-3.819683,-38.5351005,centroide_bairro,180000.0,48.0,3750.0,2,,Imóvel para venda tem 48 metros quadrados com 2 quartos em Passaré - Fortaleza - CE,,2026-10-02T23:55:00,faixa 80-250 mil
https://ce.olx.com.br/fortaleza-e-regiao/imoveis/apartamento-no-passare-proximo-ao-bando-do-bnb-e-proximo-avenida-silas-mnunguba-1537411471,olx,fortaleza,Passaré,-3.819683,-38.5351005,centroide_bairro,180000.0,48.0,3750.0,2,,"APARTAMENTO NO PASSARÉ, PROXIMO AO BANDO DO BNB E PROXIMO AVENIDA SILAS MNUNGUBA",,2026-10-02T23:55:00,faixa 80-250 mil
https://ce.olx.com.br/fortaleza-e-regiao/imoveis/venda-no-condominio-solar-das-aguas-1539926758,olx,fortaleza,Cajazeiras,-3.8019665,-38.5060055,centroide_bairro,165000.0,44.0,3750.0,2,,Venda no Condomínio Solar das Águas,,2026-10-02T23:54:57,faixa 80-250 mil
https://ce.olx.com.br/fortaleza-e-regiao/imoveis/apartamento-com-2-dormitorios-a-venda-52-m-por-r-195-000-00-barroso-fortaleza-ce-1536834537,olx,fortaleza,Barroso,,,,195000.0,52.0,3750.0,2,,"Apartamento com 2 dormitórios à venda, 52 m² por R$ 195.000,00 - Barroso - Fortaleza/CE",,2026-10-02T23:55:02,faixa 80-250 mil
https://ce.olx.com.br/fortaleza-e-regiao/imoveis/apartamento-a-venda-em-fortaleza-jardim-das-oliveiras-com-2-quartos-com-48-m-1540604626,olx,fortaleza,Jardim das Oliveiras,,,,180000.0,48.0,3750.0,2,,"Apartamento à venda em Fortaleza, Jardim das Oliveiras, com 2 quartos, com 48 m²",,2026-10-02T23:54:56,faixa 80-250 mil
https://ce.olx.com.br/fortaleza-e-regiao/imoveis/vendo-apartamento-com-61m-3-quartos-no-bairro-damas-fortaleza-ceara-1539605120,olx,fortaleza,Montese,,,,229000.0,61.0,3754.1,3,,"VENDO APARTAMENTO COM 61m², 3 QUARTOS NO BAIRRO DAMAS - FORTALEZA - CEARÁ",,2026-10-02T23:54:58,faixa 80-250 mil
https://ce.olx.com.br/fortaleza-e-regiao/imoveis/vendo-apartamento-com-61m-3-quartos-no-bairro-damas-fortaleza-ceara-1538766705,olx,fortaleza,Bela Vista,,,,229000.0,61.0,3754.1,3,,"VENDO APARTAMENTO COM 61m², 3 QUARTOS NO BAIRRO DAMAS - FORTALEZA - CEARÁ",,2026-10-02T23:54:59,faixa 80-250 mil
https://ce.olx.com.br/fortaleza-e-regiao/imoveis/vendo-apartamento-com-61m-3-quartos-no-bairro-damas-fortaleza-ceara-1538451261,olx,fortaleza,Rodolfo Teófilo,,,,229000.0,61.0,3754.1,3,,"VENDO APARTAMENTO COM 61m², 3 QUARTOS NO BAIRRO DAMAS - FORTALEZA - CEARÁ",,2026-10-02T23:54:59,faixa 80-250 mil
https://ce.olx.com.br/fortaleza-e-regiao/imoveis/vendo-apartamento-com-61m-3-quartos-no-bairro-damas-fortaleza-ceara-1537686900,olx,fortaleza,Damas,,,,229000.0,61.0,3754.1,3,,"VENDO APARTAMENTO COM 61m², 3 QUARTOS NO BAIRRO DAMAS - FORTALEZA - CEARÁ",,2026-10-02T23:55:00,faixa 80-250 mil
https://ce.olx.com.br/fortaleza-e-regiao/imoveis/vendo-apartamento-com-61m-3-quartos-no-bairro-damas-fortaleza-ceara-1536700651,olx,fortaleza,Damas,,,,229000.0,61.0,3754.1,3,,"VENDO APARTAMENTO COM 61m², 3 QUARTOS NO BAIRRO DAMAS - FORTALEZA - CEARÁ",,2026-10-02T23:55:02,faixa 80-250 mil
https://ce.olx.com.br/fortaleza-e-regiao/imoveis/apartamento-2-quartos-passare-1524189314,olx,fortaleza,Passaré,-3.819683,-38.5351005,centroide_bairro,162000.0,43.0,3767.44,2,,"Apartamento 2 quartos, Passaré.",,2026-10-02T23:55:00,faixa 80-250 mil
https://ce.olx.com.br/fortaleza-e-regiao/imoveis/apartamento-a-venda-66-m-por-r-250-000-00-cajazeiras-fortaleza-ce-1539780071,olx,fortaleza,Cajazeiras,-3.8019665,-38.5060055,centroide_bairro,250000.0,66.0,3787.88,2,,"Apartamento à venda, 66 m² por R$ 250.000,00 - Cajazeiras - Fortaleza/CE",,2026-10-02T23:54:57,faixa 80-250 mil
https://ce.olx.com.br/fortaleza-e-regiao/imoveis/venda-1538649504,olx,fortaleza,Aldeota,,,,95000.0,25.0,3800.0,1,,Venda,,2026-10-02T23:54:59,faixa 80-250 mil
https://ce.olx.com.br/fortaleza-e-regiao/imoveis/apartamento-no-monte-castelo-com-3-quartos-prox-ao-centro-de-fortaleza-1432536653,olx,fortaleza,Jacarecanga,,,,240000.0,63.0,3809.52,3,,"Apartamento no Monte Castelo com 3 quartos, próx ao Centro de Fortaleza",,2026-10-02T23:54:56,faixa 80-250 mil
https://ce.olx.com.br/fortaleza-e-regiao/imoveis/arena-jardim-terreo-liga-9-87-48-31-08-diego9989f-dcristgouv-jangurussu-tamandare-1519105467,olx,fortaleza,Jangurussu,-3.8475385,-38.508364,centroide_bairro,210001.0,55.0,3818.2,2,,Arena Jardim térreo liga 9 87 48 31 08 Diego9989F dcristgouv Jangurussu Tamandaré,,2026-10-02T23:54:59,faixa 80-250 mil
https://ce.olx.com.br/fortaleza-e-regiao/imoveis/na-melhor-localizacao-da-parangaba-1537972079,olx,fortaleza,Parangaba,,,,230000.0,60.0,3833.33,3,,Na melhor localização da Parangaba,,2026-10-02T23:55:00,faixa 80-250 mil
https://ce.olx.com.br/fortaleza-e-regiao/imoveis/acropole-1-liga-9-87-48-31-08-diego9989f-dcristiansilveir-ramos-botelho-544-meireles-alde-1487550803,olx,fortaleza,Papicu,,,,230000.0,60.0,3833.33,3,,"Acrópole 1 liga 9 87 48 31 08 Diego9989F dcristiansilveir ramos Botelho, 544 Meireles alde",,2026-10-02T23:55:00,faixa 80-250 mil
https://ce.olx.com.br/fortaleza-e-regiao/imoveis/apartamento-de-2-quartos-na-damas-fortaleza-com-varanda-vaga-e-area-de-servico-1540319625,olx,fortaleza,Damas,,,,200000.0,52.0,3846.15,2,,"Apartamento de 2 quartos na Damas, Fortaleza, com varanda, vaga e área de serviço",,2026-10-02T23:54:57,faixa 80-250 mil
https://ce.olx.com.br/fortaleza-e-regiao/imoveis/imovel-para-venda-com-85-m-com-2-quartos-no-centro-fortaleza-ce-1538759749,olx,fortaleza,Centro,,,,250000.0,65.0,3846.15,2,,Imóvel para venda com 85 m² com 2 quartos no Centro - Fortaleza - CE,,2026-10-02T23:54:59,faixa 80-250 mil
https://www.zapimoveis.com.br/imovel/venda-apartamento-3-quartos-messejana-fortaleza-ce-65m2-id-2914871576/,zapimoveis,fortaleza,Messejana,-3.83427,-38.491686,exata,250000.0,65.0,3846.15,3,indefinido,,,2026-10-02T23:54:56,faixa 80-250 mil
https://www.zapimoveis.com.br/imovel/venda-apartamento-3-quartos-messejana-fortaleza-ce-57m2-id-2914867879/,zapimoveis,fortaleza,Messejana,-3.849431,-38.476889,exata,220000.0,57.0,3859.65,3,indefinido,,,2026-10-02T23:54:56,faixa 80-250 mil
https://ce.olx.com.br/fortaleza-e-regiao/imoveis/apartamento-em-curio-fortaleza-ce-1540456321,olx,fortaleza,Curió,,,,170000.0,44.0,3863.64,2,,"Apartamento em Curió, Fortaleza/CE",,2026-10-02T23:54:57,faixa 80-250 mil
https://ce.olx.com.br/fortaleza-e-regiao/imoveis/oportunidade-de-apartamento-no-mondubim-1540398300,olx,fortaleza,Jacarecanga,,,,205000.0,53.0,3867.92,2,,Oportunidade de apartamento no Mondubim,,2026-10-02T23:54:57,faixa 80-250 mil
https://ce.olx.com.br/fortaleza-e-regiao/imoveis/apartamento-com-2-quartos-a-venda-53-m-por-r-205-000-maraponga-fortaleza-ce-1538536707,olx,fortaleza,Mondubim,-3.8156466666666664,-38.565828333333336,centroide_bairro,205000.0,53.0,3867.92,2,,"Apartamento com 2 quartos à venda, 53 m² por R$ 205.000 - Maraponga - Fortaleza/CE",,2026-10-02T23:54:59,faixa 80-250 mil
https://ce.olx.com.br/fortaleza-e-regiao/imoveis/apartamento-em-prefeito-jose-walter-fortaleza-1536838412,olx,fortaleza,Prefeito José Walter,,,,240000.0,62.0,3870.97,2,,Apartamento em Prefeito José Walter - Fortaleza,,2026-10-02T23:55:02,faixa 80-250 mil
https://ce.olx.com.br/fortaleza-e-regiao/imoveis/vendo-apartamento-no-terreo-vila-iracema-sapiranga-coite-prox-ao-shopping-via-sul-1537124628,olx,fortaleza,Sapiranga-Coité,,,,175000.0,45.0,3888.89,2,,Vendo apartamento no térreo vila Iracema Sapiranga coité  próx ao shopping via sul,,2026-10-02T23:55:00,faixa 80-250 mil
https://ce.olx.com.br/fortaleza-e-regiao/imoveis/imovel-para-venda-possui-54-metros-quadrados-com-2-quartos-em-serrinha-fortaleza-ce-1538564456,olx,fortaleza,Serrinha,,,,210000.0,54.0,3888.89,2,,Imóvel para venda possui 54 metros quadrados com 2 quartos em Serrinha - Fortaleza - CE,,2026-10-02T23:54:59,faixa 80-250 mil
https://ce.olx.com.br/fortaleza-e-regiao/imoveis/repasse-na-praia-do-futuro-estilo-praia-2-andar-vista-mar-1539178298,olx,fortaleza,Praia do Futuro II,,,,195000.0,50.0,3900.0,2,,REPASSE NA PRAIA DO FUTURO - ESTILO PRAIA | 2º ANDAR VISTA MAR,,2026-10-02T23:54:59,faixa 80-250 mil
https://ce.olx.com.br/fortaleza-e-regiao/imoveis/apartamento-para-venda-41m2-com-1-quarto-na-messejana-fortaleza-ce-1537897704,olx,fortaleza,Messejana,-3.837846666666667,-38.49094233333333,centroide_bairro,159990.0,41.0,3902.2,1,,Apartamento para venda 41m2 com 1 quarto na Messejana - Fortaleza - CE,,2026-10-02T23:55:00,faixa 80-250 mil
https://ce.olx.com.br/fortaleza-e-regiao/imoveis/apartamento-com-3-dormitorios-a-venda-61-m-por-r-239-000-00-cajazeiras-fortaleza-ce-1538311513,olx,fortaleza,Cajazeiras,-3.8019665,-38.5060055,centroide_bairro,239000.0,61.0,3918.03,3,,"Apartamento com 3 dormitórios à venda, 61 m² por R$ 239.000,00 - Cajazeiras - Fortaleza/CE",,2026-10-02T23:54:59,faixa 80-250 mil
https://ce.olx.com.br/fortaleza-e-regiao/imoveis/apartamento-com-2-dormitorios-a-venda-42-m-por-r-165-000-00-cajazeiras-fortaleza-ce-1539780389,olx,fortaleza,Cajazeiras,-3.8019665,-38.5060055,centroide_bairro,165000.0,42.0,3928.57,2,,"Apartamento com 2 dormitórios à venda, 42 m² por R$ 165.000,00 - Cajazeiras - Fortaleza/CE",,2026-10-02T23:54:57,faixa 80-250 mil
https://ce.olx.com.br/fortaleza-e-regiao/imoveis/apto-com-dois-quartos-no-jangurussu-messejana-42m-1503347887,olx,fortaleza,Jangurussu,-3.8475385,-38.508364,centroide_bairro,165000.0,42.0,3928.57,2,,Apto com dois quartos no Jangurussu/ Messejana - 42M²,,2026-10-02T23:55:02,faixa 80-250 mil
https://ce.olx.com.br/fortaleza-e-regiao/imoveis/gran-village-messejana-liga-9-87-48-31-08-rua-central-100-paupina-60872509---1521284598,olx,fortaleza,Paupina,-3.8457215,-38.486533,centroide_bairro,189991.0,48.0,3958.15,2,,Gran Village Messejana liga 9 87 48 31 08 Rua central 100 Paupina 60872509-_-/\-_-/(-_-,,2026-10-02T23:54:58,faixa 80-250 mil
https://ce.olx.com.br/fortaleza-e-regiao/imoveis/apartamento-com-2-dormitorios-a-venda-58-m-por-r-230-000-00-cambeba-fortaleza-ce-1539779901,olx,fortaleza,Cambeba,-3.808038,-38.4855955,centroide_bairro,230000.0,58.0,3965.52,2,,"Apartamento com 2 dormitórios à venda, 58 m² por R$ 230.000,00 - Cambeba - Fortaleza/CE",,2026-10-02T23:54:57,faixa 80-250 mil
https://ce.olx.com.br/fortaleza-e-regiao/imoveis/uma-oportunidade-no-recanto-maraponga-1527859735,olx,fortaleza,Itaperi,-3.79927,-38.552024333333335,centroide_bairro,250000.0,63.0,3968.25,3,,Uma oportunidade no Recanto Maraponga,,2026-10-02T23:54:56,faixa 80-250 mil
https://ce.olx.com.br/fortaleza-e-regiao/imoveis/apartamento-a-venda-no-condominio-forte-iracema-1540399328,olx,fortaleza,Coaçu,,,,199000.0,50.0,3980.0,2,,Apartamento a venda no condominio - Forte iracema,,2026-10-02T23:54:57,faixa 80-250 mil
https://www.zapimoveis.com.br/imovel/venda-apartamento-2-quartos-com-piscina-santa-filomena-fortaleza-ce-53m2-id-2815516920/,zapimoveis,fortaleza,Jangurussu,-3.846297,-38.506719,exata,192800.0,48.0,4016.67,2,indefinido,,,2026-10-02T23:54:56,faixa 80-250 mil
https://ce.olx.com.br/fortaleza-e-regiao/imoveis/apartamento-com-2-quartos-a-venda-em-messejana-1537187090,olx,fortaleza,Messejana,-3.837846666666667,-38.49094233333333,centroide_bairro,210000.0,52.0,4038.46,2,,Apartamento com 2 quartos à venda em Messejana,,2026-10-02T23:55:00,faixa 80-250 mil
https://www.zapimoveis.com.br/imovel/venda-apartamento-2-quartos-com-piscina-cajazeiras-fortaleza-ce-52m2-id-2887410373/,zapimoveis,fortaleza,Cajazeiras,-3.798766,-38.508412,exata,210000.0,52.0,4038.46,2,torre,,,2026-10-02T23:54:56,faixa 80-250 mil
https://ce.olx.com.br/fortaleza-e-regiao/imoveis/apartamento-com-02-quartos-a-venda-em-messejana-condominio-aimara-1539779860,olx,fortaleza,Parque Iracema,,,,190000.0,47.0,4042.55,2,,Apartamento com 02 quartos à venda em Messejana | Condomínio Aimará,,2026-10-02T23:54:57,faixa 80-250 mil
https://ce.olx.com.br/fortaleza-e-regiao/imoveis/venda-lindo-apto-na-messejana-com-super-area-de-lazer-mais-informacoes-1538311916,olx,fortaleza,Paupina,-3.8457215,-38.486533,centroide_bairro,215000.0,53.0,4056.6,2,,Venda Lindo Apto na Messejana com Super Área de Lazer - Mais informações,,2026-10-02T23:54:59,faixa 80-250 mil
https://www.zapimoveis.com.br/imovel/venda-apartamento-2-quartos-com-piscina-messejana-fortaleza-ce-48m2-id-2881177216/,zapimoveis,fortaleza,Messejana,-3.829839,-38.504252,exata,195000.0,48.0,4062.5,2,indefinido,,,2026-10-02T23:54:56,faixa 80-250 mil
https://ce.olx.com.br/fortaleza-e-regiao/imoveis/oportunidade-magna-veredas-ap-3qts-1535326591,olx,fortaleza,Cajazeiras,-3.8019665,-38.5060055,centroide_bairro,249000.0,61.0,4081.97,3,,OPORTUNIDADE MAGNA VEREDAS AP 3QTS,,2026-10-02T23:54:59,faixa 80-250 mil
https://ce.olx.com.br/fortaleza-e-regiao/imoveis/magna-veredas-apartamento-no-bairro-cajazeiras-em-fortaleza-ce-1537130604,olx,fortaleza,Cajazeiras,-3.8019665,-38.5060055,centroide_bairro,249000.0,61.0,4081.97,3,,MAGNA VEREDAS  APARTAMENTO NO BAIRRO CAJAZEIRAS EM FORTALEZA/CE,,2026-10-02T23:55:00,faixa 80-250 mil
https://ce.olx.com.br/fortaleza-e-regiao/imoveis/apartamento-no-passare-2-quartos-financia-mcmv-lazer-completo-1533459676,olx,fortaleza,Passaré,-3.819683,-38.5351005,centroide_bairro,180000.0,44.0,4090.91,2,,APARTAMENTO NO PASSARÉ | 2 QUARTOS | FINANCIA MCMV | LAZER COMPLETO,,2026-10-02T23:54:56,faixa 80-250 mil
https://ce.olx.com.br/fortaleza-e-regiao/imoveis/novo-e-bem-localizado-1539789857,olx,fortaleza,Sapiranga-Coité,,,,180000.0,44.0,4090.91,2,,NOVO E BEM LOCALIZADO,,2026-10-02T23:54:57,faixa 80-250 mil
https://ce.olx.com.br/fortaleza-e-regiao/imoveis/oportunidade-no-parque-fluence-1539015803,olx,fortaleza,Mondubim,-3.8156466666666664,-38.565828333333336,centroide_bairro,180000.0,44.0,4090.91,2,,OPORTUNIDADE NO PARQUE FLUENCE!,,2026-10-02T23:54:59,faixa 80-250 mil
https://ce.olx.com.br/fortaleza-e-regiao/imoveis/venda-de-apto-no-mondubim-por-180-mil-mais-informacoes-1538955454,olx,fortaleza,Mondubim,-3.8156466666666664,-38.565828333333336,centroide_bairro,180000.0,44.0,4090.91,2,,Venda de Apto no Mondubim por (180 Mil) Mais informações,,2026-10-02T23:54:59,faixa 80-250 mil
https://ce.olx.com.br/fortaleza-e-regiao/imoveis/oportunidade-no-parque-fluence-1538150353,olx,fortaleza,Mondubim,-3.8156466666666664,-38.565828333333336,centroide_bairro,180000.0,44.0,4090.91,2,,OPORTUNIDADE NO PARQUE FLUENCE!,,2026-10-02T23:55:00,faixa 80-250 mil
https://www.zapimoveis.com.br/imovel/venda-apartamento-2-quartos-com-churrasqueira-curio-fortaleza-ce-44m2-id-2915222946/,zapimoveis,fortaleza,Curió,-3.824882,-38.474583,exata,180000.0,44.0,4090.91,2,indefinido,,,2026-10-02T23:54:56,faixa 80-250 mil
https://ce.olx.com.br/fortaleza-e-regiao/imoveis/arena-jardim-liga-9-87-48-31-08-diego9989f-dcristgouv-oportunidade-1503366789,olx,fortaleza,Jangurussu,-3.8475385,-38.508364,centroide_bairro,210000.0,51.0,4117.65,2,,Arena Jardim liga 9 87 48 31 08 Diego9989F dcristgouv oportunidade,,2026-10-02T23:55:02,faixa 80-250 mil
https://www.zapimoveis.com.br/imovel/venda-apartamento-2-quartos-com-piscina-aracape-fortaleza-ce-51m2-id-2885955702/,zapimoveis,fortaleza,Aracapé,-3.825976,-38.589547,exata,210000.0,51.0,4117.65,2,torre,,,2026-10-02T23:54:56,faixa 80-250 mil
https://ce.olx.com.br/fortaleza-e-regiao/imoveis/imovel-para-venda-com-48-metros-quadrados-com-2-quartos-em-coacu-fortaleza-ce-1539114794,olx,fortaleza,Coaçu,,,,199000.0,48.0,4145.83,2,,Imóvel para venda com 48 metros quadrados com 2 quartos em Coaçu - Fortaleza - CE,,2026-10-02T23:54:59,faixa 80-250 mil
https://ce.olx.com.br/fortaleza-e-regiao/imoveis/apartamento-venda-no-forte-iracema-messejana-1538508164,olx,fortaleza,Coaçu,,,,199000.0,48.0,4145.83,2,,APARTAMENTO À VENDA NO FORTE IRACEMA  MESSEJANA,,2026-10-02T23:54:59,faixa 80-250 mil
https://ce.olx.com.br/fortaleza-e-regiao/imoveis/venda-de-apto-no-melhor-da-messejana-com-super-area-de-lazer-mais-informacoes-1538948768,olx,fortaleza,Coaçu,,,,199000.0,48.0,4145.83,2,,Venda de Apto no Melhor da Messejana com Super Área de Lazer - Mais informações,,2026-10-02T23:54:59,faixa 80-250 mil
https://ce.olx.com.br/fortaleza-e-regiao/imoveis/vendo-apartamento-com-60m-3-quartos-elevador-no-bairro-joquei-clube-fortaleza-ce-1540965679,olx,fortaleza,Jóquei Clube,,,,250000.0,60.0,4166.67,3,,"VENDO APARTAMENTO COM 60M², 3 QUARTOS, ELEVADOR NO BAIRRO JÓQUEI CLUBE - FORTALEZA - CE",,2026-10-02T23:54:56,faixa 80-250 mil
https://ce.olx.com.br/fortaleza-e-regiao/imoveis/vendo-apartamento-com-60m-3-quartos-elevador-no-bairro-joquei-clube-fortaleza-ce-1539602692,olx,fortaleza,Demócrito Rocha,,,,250000.0,60.0,4166.67,3,,"VENDO APARTAMENTO COM 60M², 3 QUARTOS, ELEVADOR NO BAIRRO JÓQUEI CLUBE - FORTALEZA - CE",,2026-10-02T23:54:58,faixa 80-250 mil
https://ce.olx.com.br/fortaleza-e-regiao/imoveis/vendo-apartamento-com-60m-3-quartos-elevador-no-bairro-joquei-clube-fortaleza-ce-1538766485,olx,fortaleza,Demócrito Rocha,,,,250000.0,60.0,4166.67,3,,"VENDO APARTAMENTO COM 60M², 3 QUARTOS, ELEVADOR NO BAIRRO JÓQUEI CLUBE - FORTALEZA - CE",,2026-10-02T23:54:59,faixa 80-250 mil
https://ce.olx.com.br/fortaleza-e-regiao/imoveis/vendo-apartamento-com-60m-3-quartos-elevador-no-bairro-joquei-clube-fortaleza-ce-1538447090,olx,fortaleza,Jóquei Clube,,,,250000.0,60.0,4166.67,3,,"VENDO APARTAMENTO COM 60M², 3 QUARTOS, ELEVADOR NO BAIRRO JÓQUEI CLUBE - FORTALEZA - CE",,2026-10-02T23:54:59,faixa 80-250 mil
https://ce.olx.com.br/fortaleza-e-regiao/imoveis/vendo-apartamento-com-60m-3-quartos-elevador-no-bairro-joquei-clube-fortaleza-ce-1537682748,olx,fortaleza,Jóquei Clube,,,,250000.0,60.0,4166.67,3,,"VENDO APARTAMENTO COM 60M², 3 QUARTOS, ELEVADOR NO BAIRRO JÓQUEI CLUBE - FORTALEZA - CE",,2026-10-02T23:55:00,faixa 80-250 mil
https://ce.olx.com.br/fortaleza-e-regiao/imoveis/vendo-apartamento-com-60m-3-quartos-elevador-no-bairro-joquei-clube-fortaleza-ce-1536792149,olx,fortaleza,Jóquei Clube,,,,250000.0,60.0,4166.67,3,,"VENDO APARTAMENTO COM 60M², 3 QUARTOS, ELEVADOR NO BAIRRO JÓQUEI CLUBE - FORTALEZA - CE",,2026-10-02T23:55:02,faixa 80-250 mil
https://ce.olx.com.br/fortaleza-e-regiao/imoveis/apartamento-para-venda-em-fortaleza-joquei-clube-3-dormitorios-1-suite-1-banheiro-1-v-1540120259,olx,fortaleza,Jóquei Clube,,,,250000.0,60.0,4166.67,3,,"Apartamento para Venda em Fortaleza, Jóquei Clube, 3 dormitórios, 1 suíte, 1 banheiro, 1 v",,2026-10-02T23:54:57,faixa 80-250 mil
https://www.chavesnamao.com.br/imovel/apartamento-a-venda-2-quartos-com-garagem-ce-fortaleza-paupina-48m2-RS200000/id-36181844/,chavesnamao,fortaleza,Paupina,-3.8457215,-38.486533,centroide_bairro,200000.0,48.0,4166.67,2,,,,2026-10-02T23:54:57,faixa 80-250 mil
https://ce.olx.com.br/fortaleza-e-regiao/imoveis/apartamento-compacto-no-parque-dois-irmaos-43m-2-quartos-conquista-bosque-1525303532,olx,fortaleza,Parque Dois Irmãos,-3.804483,-38.55043466666667,centroide_bairro,180000.0,43.0,4186.05,2,,Apartamento Compacto no Parque Dois Irmãos - 43m - 2 quartos / Conquista Bosque,,2026-10-02T23:54:56,faixa 80-250 mil
https://ce.olx.com.br/fortaleza-e-regiao/imoveis/apartamento-mondubim-1538211823,olx,fortaleza,Mondubim,-3.8156466666666664,-38.565828333333336,centroide_bairro,185000.0,44.0,4204.55,2,,Apartamento Mondubim,,2026-10-02T23:55:00,faixa 80-250 mil
https://ce.olx.com.br/fortaleza-e-regiao/imoveis/imovel-para-venda-possui-52-m2-com-2-quartos-sendo-1-suite-fortaleza-ce-1539647859,olx,fortaleza,Prefeito José Walter,,,,219000.0,52.0,4211.54,2,,Imóvel para venda possui 52 m2 com 2 quartos sendo 1 suite  - Fortaleza - CE,,2026-10-02T23:54:58,faixa 80-250 mil
https://www.chavesnamao.com.br/imovel/apartamento-a-venda-2-quartos-ce-fortaleza-maraponga-RS190000/id-46593066/,chavesnamao,fortaleza,Maraponga,,,,190000.0,45.0,4222.22,2,,,,2026-10-02T23:54:57,faixa 80-250 mil
https://ce.olx.com.br/fortaleza-e-regiao/imoveis/oportunidade-unica-apartamento-no-monte-real-projetado-terreo-2-qrts-1-vc-1501780835,olx,fortaleza,Prefeito José Walter,,,,220000.0,52.0,4230.77,2,,"Oportunidade única! Apartamento no Monte Real, projetado, térreo, 2 qrts, 1 vc",,2026-10-02T23:54:57,faixa 80-250 mil
https://ce.olx.com.br/fortaleza-e-regiao/imoveis/monte-real-1535772251,olx,fortaleza,Prefeito José Walter,,,,225000.0,53.0,4245.28,2,,Monte Real,,2026-10-02T23:55:00,faixa 80-250 mil
https://ce.olx.com.br/fortaleza-e-regiao/imoveis/apartamento-a-venda-em-fortaleza-sapiranga-com-2-quartos-com-47-m-condominio-vila-ale-1540747401,olx,fortaleza,Sapiranga-Coité,,,,200000.0,47.0,4255.32,2,,"Apartamento à venda em Fortaleza, Sapiranga, com 2 quartos, com 47 m², Condomínio Vila Ale",,2026-10-02T23:54:56,faixa 80-250 mil
https://ce.olx.com.br/fortaleza-e-regiao/imoveis/vende-se-apartamento-semi-mobiliado-c-3-quartos-bairro-itaperi-condominio-residencial-1540110258,olx,fortaleza,Itaperi,-3.79927,-38.552024333333335,centroide_bairro,250000.0,58.0,4310.34,3,,Vende-se Apartamento semi-mobiliado c/ 3 quartos - Bairro Itaperi - Condomínio Residencial,,2026-10-02T23:54:57,faixa 80-250 mil
https://ce.olx.com.br/fortaleza-e-regiao/imoveis/apartamento-pra-venda-em-otima-localizacao-1537915799,olx,fortaleza,Jóquei Clube,,,,250000.0,58.0,4310.34,3,,"Apartamento pra venda, em ótima localização!",,2026-10-02T23:55:00,faixa 80-250 mil
https://ce.olx.com.br/fortaleza-e-regiao/imoveis/estilo-dunas-repasse-projetado-liga-9-87-48-31-08-diego9989f-oportunidade-1385099866,olx,fortaleza,Vicente Pinzon,,,,219999.0,51.0,4313.71,2,,Estilo Dunas repasse projetado liga 9 87 48 31-08 DIEGO9989F OPORTUNIDADE,,2026-10-02T23:55:00,faixa 80-250 mil
https://ce.olx.com.br/fortaleza-e-regiao/imoveis/estilo-dunas-lindao-repasse-liga-9-87-48-3108diego9989f-oportunidade-1385102607,olx,fortaleza,Jardim Guanabara,,,,219999.0,51.0,4313.71,2,,Estilo Dunas lindão! Repasse Liga 9 87 48 3108DIEGO9989F OPORTUNIDADE,,2026-10-02T23:55:00,faixa 80-250 mil
https://ce.olx.com.br/fortaleza-e-regiao/imoveis/oferta-show-projetado-liga-9-8-7-4-8-3-1-0-8-diego9989f-851982548,olx,fortaleza,Cidade 2000,,,,220000.0,51.0,4313.73,2,,Oferta show projetado liga 9 8 7 4 8 3 1 0 8 Diego9989f,,2026-10-02T23:54:58,faixa 80-250 mil
https://ce.olx.com.br/fortaleza-e-regiao/imoveis/apartamento-a-venda-44-m-por-r-190-000-00-mondubim-fortaleza-ce-1539780687,olx,fortaleza,Mondubim,-3.8156466666666664,-38.565828333333336,centroide_bairro,190000.0,44.0,4318.18,2,,"Apartamento à venda, 44 m² por R$ 190.000,00 - Mondubim - Fortaleza/CE",,2026-10-02T23:54:57,faixa 80-250 mil
https://ce.olx.com.br/fortaleza-e-regiao/imoveis/apartamento-para-venda-tem-52-metros-quadrados-com-2-quartos-1501111788,olx,fortaleza,Prefeito José Walter,,,,225000.0,52.0,4326.92,2,,Apartamento para venda tem 52 metros quadrados com 2 quartos,,2026-10-02T23:54:58,faixa 80-250 mil
https://www.zapimoveis.com.br/imovel/venda-apartamento-2-quartos-mobiliado-mondubim-fortaleza-ce-45m2-id-2847965036/,zapimoveis,fortaleza,Mondubim,-3.828243,-38.564801,exata,195000.0,45.0,4333.33,2,indefinido,,,2026-10-02T23:54:56,faixa 80-250 mil
https://ce.olx.com.br/fortaleza-e-regiao/imoveis/2-4-vista-mar-praia-do-futuro-hoje-liga-9-8-7-4-8-3-1-0-8-diego9989f-soldeverao-1277573208,olx,fortaleza,Vicente Pinzon,,,,230000.0,53.0,4339.62,2,,2/4 vista Mar Praia do Futuro/Hoje! Liga 9 8 7 4 8 3 1 0 8 DIEGO9989F soldeverao,,2026-10-02T23:55:00,faixa 80-250 mil
https://ce.olx.com.br/fortaleza-e-regiao/imoveis/apartamento-com-2-dormitorios-a-venda-48-m-por-r-210-000-00-messejana-fortaleza-ce-1540357896,olx,fortaleza,Engenheiro Luciano Cavalcante,,,,210000.0,48.0,4375.0,2,,"Apartamento com 2 dormitórios à venda, 48 m² por R$ 210.000,00 - Messejana - Fortaleza/CE",,2026-10-02T23:54:57,faixa 80-250 mil
https://ce.olx.com.br/fortaleza-e-regiao/imoveis/apartamento-a-venda-48-m-por-r-210-000-00-messejana-fortaleza-ce-1539780286,olx,fortaleza,Paupina,-3.8457215,-38.486533,centroide_bairro,210000.0,48.0,4375.0,2,,"Apartamento à venda, 48 m² por R$ 210.000,00 - Messejana - Fortaleza/CE",,2026-10-02T23:54:57,faixa 80-250 mil
https://ce.olx.com.br/fortaleza-e-regiao/imoveis/apartamento-no-terreo-em-messejana-condominio-gran-village-messejana-2-1539780162,olx,fortaleza,Paupina,-3.8457215,-38.486533,centroide_bairro,210000.0,48.0,4375.0,2,,Apartamento no térreo em Messejana | Condomínio Gran Village Messejana 2,,2026-10-02T23:54:57,faixa 80-250 mil
https://ce.olx.com.br/fortaleza-e-regiao/imoveis/oportunidade-apartamento-condominio-monte-rei-1539251448,olx,fortaleza,Conjunto Ceará II,,,,227500.0,52.0,4375.0,2,,Oportunidade Apartamento Condomínio Monte Rei,,2026-10-02T23:54:58,faixa 80-250 mil
https://ce.olx.com.br/fortaleza-e-regiao/imoveis/apt-261-maraponga-condominio-venice-apartamento-com-02-quantos-lazer-1419925944,olx,fortaleza,Maraponga,,,,198000.0,45.0,4400.0,2,,"APT 261, Maraponga, Condomínio Venice, apartamento com 02 quantos, lazer",,2026-10-02T23:55:02,faixa 80-250 mil
https://ce.olx.com.br/fortaleza-e-regiao/imoveis/apartamento-a-venda-em-messejana-condominio-parque-donatello-1540610641,olx,fortaleza,Paupina,-3.8457215,-38.486533,centroide_bairro,185000.0,42.0,4404.76,2,,Apartamento a venda em Messejana | Condomínio Parque Donatello,,2026-10-02T23:54:56,faixa 80-250 mil
https://ce.olx.com.br/fortaleza-e-regiao/imoveis/apartamento-com-2-quartos-a-venda-em-messejana-condominio-aimara-1526403555,olx,fortaleza,Parque Iracema,,,,190000.0,43.0,4418.6,2,,Apartamento com 2 quartos à venda em Messejana | Condomínio Aimará,,2026-10-02T23:54:56,faixa 80-250 mil
https://www.zapimoveis.com.br/imovel/venda-apartamento-2-quartos-cajazeiras-fortaleza-ce-52m2-id-2914871558/,zapimoveis,fortaleza,Cajazeiras,-3.805167,-38.503599,exata,230000.0,52.0,4423.08,2,indefinido,,,2026-10-02T23:54:56,faixa 80-250 mil
https://ce.olx.com.br/fortaleza-e-regiao/imoveis/apartamento-a-venda-44-m-por-r-195-000-00-cajazeiras-fortaleza-ce-1539780421,olx,fortaleza,Cajazeiras,-3.8019665,-38.5060055,centroide_bairro,195000.0,44.0,4431.82,2,,"Apartamento à venda, 44 m² por R$ 195.000,00 - Cajazeiras - Fortaleza/CE",,2026-10-02T23:54:57,faixa 80-250 mil
https://ce.olx.com.br/fortaleza-e-regiao/imoveis/vendo-ou-troco-proximo-a-godofredo-maciel-1536814356,olx,fortaleza,Novo Mondubim,,,,235000.0,53.0,4433.96,2,,Vendo ou troco próximo a Godofredo maciel,,2026-10-02T23:55:02,faixa 80-250 mil
https://ce.olx.com.br/fortaleza-e-regiao/imoveis/apartamento-a-venda-no-forte-iracema-messejana-com-acesso-a-av-ws-1538642755,olx,fortaleza,Engenheiro Luciano Cavalcante,,,,200000.0,45.0,4444.44,2,,APARTAMENTO A VENDA NO FORTE IRACEMA | MESSEJANA | COM ACESSO A AV. WS,,2026-10-02T23:54:59,faixa 80-250 mil
https://ce.olx.com.br/fortaleza-e-regiao/imoveis/apartamento-venda-na-parangaba-1538187018,olx,fortaleza,Jóquei Clube,,,,245000.0,55.0,4454.55,2,,APARTAMENTO À VENDA NA PARANGABA,,2026-10-02T23:55:00,faixa 80-250 mil
https://ce.olx.com.br/fortaleza-e-regiao/imoveis/apartamento-no-bairro-messejana-condominio-gran-village-messejana-1-1539779774,olx,fortaleza,Paupina,-3.8457215,-38.486533,centroide_bairro,215000.0,48.0,4479.17,2,,Apartamento no bairro Messejana | Condomínio Gran Village Messejana 1,,2026-10-02T23:54:57,faixa 80-250 mil
https://www.zapimoveis.com.br/imovel/venda-apartamento-2-quartos-antonio-bezerra-fortaleza-ce-49m2-id-2913882113/,zapimoveis,fortaleza,Antônio Bezerra,-3.742417,-38.590387,exata,220000.0,49.0,4489.8,2,indefinido,,,2026-10-02T23:54:56,faixa 80-250 mil
https://ce.olx.com.br/fortaleza-e-regiao/imoveis/apartamento-completo-com-projetados-2-quartos-1-vaga-pronto-para-morar-1538304133,olx,fortaleza,Mondubim,-3.8156466666666664,-38.565828333333336,centroide_bairro,225000.0,50.0,4500.0,2,,Apartamento Completo com Projetados 2 Quartos + 1 Vaga Pronto para Morar!,,2026-10-02T23:54:58,faixa 80-250 mil
https://ce.olx.com.br/fortaleza-e-regiao/imoveis/costa-atlantica-com-suite-liga-9-8-7-4-8-3-1-0-8-diego9989f-838055534,olx,fortaleza,Cidade 2000,,,,225000.0,50.0,4500.0,2,,Costa Atlântica com suíte liga 9 8 7 4 8 3 1 0 8 Diego9989f,,2026-10-02T23:54:58,faixa 80-250 mil
https://ce.olx.com.br/fortaleza-e-regiao/imoveis/costa-atlantica-ventilado-liga-9-8-7-4-8-3-1-0-8-diego9989f-868432458,olx,fortaleza,Cidade 2000,,,,229999.0,51.0,4509.78,2,,Costa Atlântica ventilado liga 9 8 7 4 8 3 1 0 8 Diego9989f,,2026-10-02T23:54:59,faixa 80-250 mil
https://ce.olx.com.br/fortaleza-e-regiao/imoveis/messejana-residencial-donatello-nascente-2-quartos-lazer-completo-1540104572,olx,fortaleza,Paupina,-3.8457215,-38.486533,centroide_bairro,185000.0,41.0,4512.2,2,,Messejana Residencial Donatello Nascente  2 Quartos Lazer Completo,,2026-10-02T23:54:56,faixa 80-250 mil
https://www.zapimoveis.com.br/imovel/venda-apartamento-2-quartos-com-piscina-parque-dois-irmaos-fortaleza-ce-55m2-id-2906619380/,zapimoveis,fortaleza,Parque Dois Irmãos,-3.812409,-38.553204,exata,250000.0,55.0,4545.45,2,torre,,,2026-10-02T23:54:56,faixa 80-250 mil
https://ce.olx.com.br/fortaleza-e-regiao/imoveis/apartamento-para-venda-com-48-metros-quadrados-com-2-quartos-em-joquei-clube-fortaleza-1461798699,olx,fortaleza,Jóquei Clube,,,,219000.0,48.0,4562.5,2,,Apartamento para venda com 48 metros quadrados com 2 quartos em Jóquei Clube - Fortaleza -,,2026-10-02T23:54:59,faixa 80-250 mil
https://ce.olx.com.br/fortaleza-e-regiao/imoveis/apartamento-com-2-dormitorios-a-venda-46-m-por-r-210-000-00-messejana-fortaleza-ce-1529869831,olx,fortaleza,Messejana,-3.837846666666667,-38.49094233333333,centroide_bairro,210000.0,46.0,4565.22,2,,"Apartamento com 2 dormitórios à venda, 46 m² por R$ 210.000,00 - Messejana - Fortaleza/CE",,2026-10-02T23:55:00,faixa 80-250 mil
https://ce.olx.com.br/fortaleza-e-regiao/imoveis/apartamento-com-2-dormitorios-a-venda-47-m-por-r-215-000-00-parque-iracema-fortalez-1539780179,olx,fortaleza,Parque Iracema,,,,215000.0,47.0,4574.47,2,,"Apartamento com 2 dormitórios à venda, 47 m² por R$ 215.000,00 - Parque Iracema - Fortalez",,2026-10-02T23:54:57,faixa 80-250 mil
https://ce.olx.com.br/fortaleza-e-regiao/imoveis/apartamento-na-messejana-2-quartos-segundo-andar-messejana-1460641956,olx,fortaleza,Paupina,-3.8457215,-38.486533,centroide_bairro,215000.0,47.0,4574.47,2,,Apartamento na Messejana 2 quartos segundo andar Messejana!!!,,2026-10-02T23:54:57,faixa 80-250 mil
https://www.zapimoveis.com.br/imovel/venda-apartamento-2-quartos-paupina-fortaleza-ce-48m2-id-2914870872/,zapimoveis,fortaleza,Paupina,-3.845889,-38.487225,exata,220000.0,48.0,4583.33,2,indefinido,,,2026-10-02T23:54:56,faixa 80-250 mil
https://ce.olx.com.br/fortaleza-e-regiao/imoveis/apartamento-com-2-dormitorios-a-venda-49-m-por-r-227-000-00-messejana-fortaleza-ce-1538348497,olx,fortaleza,Paupina,-3.8457215,-38.486533,centroide_bairro,227000.0,49.0,4632.65,2,,"Apartamento com 2 dormitórios à venda, 49 m² por R$ 227.000,00 - Messejana - Fortaleza/CE",,2026-10-02T23:54:59,faixa 80-250 mil
https://ce.olx.com.br/fortaleza-e-regiao/imoveis/apartamento-com-2-dormitorios-a-venda-42-m-por-r-200-000-00-maraponga-fortaleza-ce-1422727861,olx,fortaleza,Parque Dois Irmãos,-3.804483,-38.55043466666667,centroide_bairro,200000.0,43.0,4651.16,2,,"Apartamento com 2 dormitórios à venda, 42 m² por R$ 200.000,00 - Maraponga - Fortaleza/CE",,2026-10-02T23:54:56,faixa 80-250 mil
https://ce.olx.com.br/fortaleza-e-regiao/imoveis/conquista-laguna-apto-impecavel-pronto-pra-morar-terreo-nascente-de-ponta-1518284431,olx,fortaleza,Parque Dois Irmãos,-3.804483,-38.55043466666667,centroide_bairro,210000.0,45.0,4666.67,2,,"Conquista Laguna - Apto impecável, pronto pra morar. Térreo, nascente, de ponta.",,2026-10-02T23:54:59,faixa 80-250 mil
https://ce.olx.com.br/fortaleza-e-regiao/imoveis/apartamento-a-venda-no-parque-dois-irmaos-1538651511,olx,fortaleza,Parque Dois Irmãos,-3.804483,-38.55043466666667,centroide_bairro,210000.0,45.0,4666.67,2,,Apartamento à venda no Parque Dois Irmãos,,2026-10-02T23:54:59,faixa 80-250 mil
https://www.zapimoveis.com.br/imovel/venda-apartamento-2-quartos-com-piscina-messejana-fortaleza-ce-45m2-id-2915183159/,zapimoveis,fortaleza,Coaçu,-3.836512,-38.488144,exata,210000.0,45.0,4666.67,2,indefinido,,,2026-10-02T23:54:56,faixa 80-250 mil
https://ce.olx.com.br/fortaleza-e-regiao/imoveis/apartamento-para-venda-em-fortaleza-benfica-1-dormitorio-1-suite-1-banheiro-1302247953,olx,fortaleza,Benfica,,,,98000.0,21.0,4666.67,1,,"Apartamento para Venda em Fortaleza, BENFICA, 1 dormitório, 1 suíte, 1 banheiro",,2026-10-02T23:54:58,faixa 80-250 mil
https://www.zapimoveis.com.br/imovel/venda-apartamento-2-quartos-com-piscina-maraponga-fortaleza-ce-47m2-id-2897785104/,zapimoveis,fortaleza,Maraponga,-3.789025,-38.562703,exata,220000.0,47.0,4680.85,2,indefinido,,,2026-10-02T23:54:56,faixa 80-250 mil
https://www.zapimoveis.com.br/imovel/venda-apartamento-2-quartos-passare-fortaleza-ce-48m2-id-2914076548/,zapimoveis,fortaleza,Passaré,-3.820366,-38.535201,exata,225000.0,48.0,4687.5,2,indefinido,,,2026-10-02T23:54:56,faixa 80-250 mil
https://ce.olx.com.br/fortaleza-e-regiao/imoveis/apartamento-a-venda-manuel-dias-branco-fortaleza-ce-1536797742,olx,fortaleza,Manuel Dias Branco,,,,230000.0,49.0,4693.88,2,,"Apartamento à venda, Manuel Dias Branco, Fortaleza, CE",,2026-10-02T23:55:02,faixa 80-250 mil
https://ce.olx.com.br/fortaleza-e-regiao/imoveis/apartamento-para-venda-condominio-com-area-de-lazer-completa-1540961601,olx,fortaleza,Messejana,-3.837846666666667,-38.49094233333333,centroide_bairro,159990.0,34.0,4705.59,1,,"apartamento para venda, condominio com área de lazer completa",,2026-10-02T23:54:56,faixa 80-250 mil
https://ce.olx.com.br/fortaleza-e-regiao/imoveis/apartamento-com-1-dormitorio-a-venda-34-m-por-r-159-990-messejana-fortaleza-ce-1537727222,olx,fortaleza,Messejana,-3.837846666666667,-38.49094233333333,centroide_bairro,159990.0,34.0,4705.59,1,,"Apartamento com 1 dormitório à venda, 34 m² por R$ 159.990 - Messejana - Fortaleza/CE",,2026-10-02T23:55:00,faixa 80-250 mil
https://ce.olx.com.br/fortaleza-e-regiao/imoveis/oferta-show-ventilado-costa-atlantica-liga-9-8-7-4-8-3-1-0-8-diego9989f-868421299,olx,fortaleza,Cidade 2000,,,,240000.0,51.0,4705.88,2,,Oferta show ventilado Costa Atlântica liga 9 8 7 4 8 3 1 0 8 Diego9989f,,2026-10-02T23:54:58,faixa 80-250 mil
https://ce.olx.com.br/fortaleza-e-regiao/imoveis/costa-atlantica-com-suite-liga-9-8-7-4-8-3-1-0-8-diego9989f-868418764,olx,fortaleza,Cidade 2000,,,,240000.0,51.0,4705.88,2,,"Costa Atlântica com Suíte, liga 9 8 7 4 8 3 1 0 8 Diego9989f",,2026-10-02T23:54:59,faixa 80-250 mil
https://ce.olx.com.br/fortaleza-e-regiao/imoveis/apartamento-no-coracao-da-messejana-1539194300,olx,fortaleza,Messejana,-3.837846666666667,-38.49094233333333,centroide_bairro,160000.0,34.0,4705.88,1,,Apartamento No Coração da Messejana.,,2026-10-02T23:54:58,faixa 80-250 mil
https://ce.olx.com.br/fortaleza-e-regiao/imoveis/promocao-four-seasons-liga-9-8-7-4-8-3-1-0-8-diego9989f-929862168,olx,fortaleza,Cidade 2000,,,,250000.0,53.0,4716.98,2,,Promoção Four Seasons liga 9 8 7 4 8 3 1 0 8 Diego9989F,,2026-10-02T23:54:59,faixa 80-250 mil
https://ce.olx.com.br/fortaleza-e-regiao/imoveis/apto-reformado-no-residencial-francisco-sa-1537493953,olx,fortaleza,Cristo Redentor,,,,209000.0,44.0,4750.0,2,,Apto reformado no Residencial Francisco Sá,,2026-10-02T23:55:00,faixa 80-250 mil
https://ce.olx.com.br/fortaleza-e-regiao/imoveis/passare-reserva-arvoredo-elevador-2-quartos-lazer-completo-1540110051,olx,fortaleza,Barroso,,,,195000.0,41.0,4756.1,2,,Passare Reserva Arvoredo Elevador 2 Quartos Lazer Completo,,2026-10-02T23:54:56,faixa 80-250 mil
https://ce.olx.com.br/fortaleza-e-regiao/imoveis/sala-comercial-42m2-1529015143,olx,fortaleza,Joaquim Távora,,,,200000.0,42.0,4761.9,1,,Sala comercial 42m2,,2026-10-02T23:55:00,faixa 80-250 mil
https://ce.olx.com.br/fortaleza-e-regiao/imoveis/apartamento-venda-na-messejana-condominio-portal-da-lagoa-1534950561,olx,fortaleza,Messejana,-3.837846666666667,-38.49094233333333,centroide_bairro,210000.0,44.0,4772.73,2,,APARTAMENTO À VENDA NA MESSEJANA - CONDOMÍNIO PORTAL DA LAGOA,,2026-10-02T23:55:02,faixa 80-250 mil
https://ce.olx.com.br/fortaleza-e-regiao/imoveis/apartamento-com-2-dormitorios-a-venda-44-m-por-r-215-000-messejana-fortaleza-ce-1540453123,olx,fortaleza,Messejana,-3.837846666666667,-38.49094233333333,centroide_bairro,215000.0,45.0,4777.78,2,,"Apartamento com 2 dormitórios à venda, 44 m² por R$ 215.000 - Messejana - Fortaleza/CE",,2026-10-02T23:54:57,faixa 80-250 mil
https://ce.olx.com.br/fortaleza-e-regiao/imoveis/costa-atlantica-2q-1vaga-liga-9-8-7-4-8-3-1-0-8diego9989f-942997888,olx,fortaleza,Cidade 2000,,,,215000.0,45.0,4777.78,2,,Costa Atlântica 2q 1vaga liga 9 8 7 4 8 3 1 0 8Diego9989F,,2026-10-02T23:54:59,faixa 80-250 mil
https://ce.olx.com.br/fortaleza-e-regiao/imoveis/oferta-da-hora-costa-atlantica-nascente-liga-9-8-7-4-8-3-1-0-8-diego9989f-851980758,olx,fortaleza,Cidade 2000,,,,245000.0,51.0,4803.92,2,,Oferta da hora Costa Atlântica nascente liga 9 8 7 4 8 3 1 0 8 Diego9989f,,2026-10-02T23:55:00,faixa 80-250 mil
https://ce.olx.com.br/fortaleza-e-regiao/imoveis/costa-atlantica-pesquisas-liga-9-8-7-4-8-3-1-0-8-diego9989f-713592657,olx,fortaleza,Cidade 2000,,,,245000.0,51.0,4803.92,2,,Costa Atlântica @PESQUISAS@ liga 9 8 7 4 8 3 1 0 8 Diego9989f,,2026-10-02T23:55:00,faixa 80-250 mil
https://ce.olx.com.br/fortaleza-e-regiao/imoveis/oferta-2-quartos-lazer-completo-liga-9-8-7-4-8-3-1-0-8-diego9989f-929861604,olx,fortaleza,Cidade 2000,,,,250000.0,52.0,4807.69,2,,Oferta 2 quartos lazer completo liga 9 8 7 4 8 3 1 0 8 Diego9989f,,2026-10-02T23:55:00,faixa 80-250 mil
https://ce.olx.com.br/fortaleza-e-regiao/imoveis/apartamento-com-3-dormitorios-a-venda-52-m-por-r-250-000-00-joquei-clube-fortaleza-1540268642,olx,fortaleza,Jóquei Clube,,,,250000.0,52.0,4807.69,3,,"Apartamento com 3 dormitórios à venda, 52 m² por R$ 250.000,00 - Jóquei Clube - Fortaleza/",,2026-10-02T23:54:57,faixa 80-250 mil
https://ce.olx.com.br/fortaleza-e-regiao/imoveis/apartamento-no-portal-da-lagoa-messejana-1538022763,olx,fortaleza,Messejana,-3.837846666666667,-38.49094233333333,centroide_bairro,199000.0,41.0,4853.66,2,,Apartamento no portal da lagoa ( Messejana),,2026-10-02T23:55:00,faixa 80-250 mil
https://ce.olx.com.br/fortaleza-e-regiao/imoveis/for-life-maraponga-residencial-liberdade-1512456082,olx,fortaleza,Rachel de Queiroz,,,,214000.0,44.0,4863.64,2,,For Life Maraponga Residencial Liberdade,,2026-10-02T23:54:56,faixa 80-250 mil
https://ce.olx.com.br/fortaleza-e-regiao/imoveis/apartamento-com-2-dormitorios-a-venda-40-m-por-r-195-000-messejana-fortaleza-ce-1529568609,olx,fortaleza,Paupina,-3.8457215,-38.486533,centroide_bairro,195000.0,40.0,4875.0,2,,"Apartamento com 2 dormitórios à venda, 40 m² por R$ 195.000 - Messejana - Fortaleza/CE",,2026-10-02T23:55:00,faixa 80-250 mil
https://ce.olx.com.br/fortaleza-e-regiao/imoveis/apartamento-a-venda-mobiliado-no-bairro-messejana-condominio-portal-da-lagoa-1539779816,olx,fortaleza,Messejana,-3.837846666666667,-38.49094233333333,centroide_bairro,200000.0,41.0,4878.05,2,,Apartamento à venda mobiliado no bairro Messejana | Condomínio Portal da Lagoa.,,2026-10-02T23:54:57,faixa 80-250 mil
https://ce.olx.com.br/fortaleza-e-regiao/imoveis/apt-294-maraponga-condominio-for-life-divesao-apartamento-com-02-quartos-574853145,olx,fortaleza,Rachel de Queiroz,,,,220000.0,45.0,4888.89,2,,"APT 294, Maraponga, Condomínio FOR LIFE DIVESÃO, apartamento com 02 quartos",,2026-10-02T23:55:02,faixa 80-250 mil
https://ce.olx.com.br/fortaleza-e-regiao/imoveis/apartamento-com-2-dormitorios-a-venda-48-m-por-r-235-000-maraponga-fortaleza-ce-1538020747,olx,fortaleza,Rachel de Queiroz,,,,235000.0,48.0,4895.83,2,,"Apartamento com 2 dormitórios à venda, 48 m² por R$ 235.000 - Maraponga - Fortaleza/CE",,2026-10-02T23:55:00,faixa 80-250 mil
https://ce.olx.com.br/fortaleza-e-regiao/imoveis/costa-atlantica-four-seasons-terreo-com-suite-1296724526,olx,fortaleza,Cidade 2000,,,,245000.0,50.0,4900.0,2,,"Costa Atlântica, Four Seasons térreo com suíte",,2026-10-02T23:54:58,faixa 80-250 mil
https://www.zapimoveis.com.br/imovel/venda-apartamento-2-quartos-com-piscina-passare-fortaleza-ce-50m2-id-2879201335/,zapimoveis,fortaleza,Prefeito José Walter,-3.831778,-38.536005,exata,245000.0,50.0,4900.0,2,torre,,,2026-10-02T23:54:56,faixa 80-250 mil
https://ce.olx.com.br/fortaleza-e-regiao/imoveis/costa-atlantica-liga-9-8-7-4-8-3-1-0-8-diego9989f-819828602,olx,fortaleza,Cidade 2000,,,,249999.0,51.0,4901.94,2,,Costa Atlântica liga 9 8 7 4 8 3 1 0 8 Diego9989f,,2026-10-02T23:54:59,faixa 80-250 mil
https://ce.olx.com.br/fortaleza-e-regiao/imoveis/ap-2quartos-1-suite-liga-9-8-7-4-8-3-1-0-8-diego9989f-fourseasons-966393780,olx,fortaleza,Cidade 2000,,,,250000.0,51.0,4901.96,2,,Ap 2quartos 1 suíte liga 9 8 7 4 8 3 1 0 8 Diego9989f fourseasons,,2026-10-02T23:54:59,faixa 80-250 mil
https://ce.olx.com.br/fortaleza-e-regiao/imoveis/apto-com-lazer-completo-2-quartos-1-suite-liga-9-8-7-4-8-3-1-0-8-diego9989f-four-seasons-966393330,olx,fortaleza,Cidade 2000,,,,250000.0,51.0,4901.96,2,,Apto com lazer completo 2 quartos(1 suíte) liga 9 8 7 4 8 3 1 0 8 Diego9989f four seasons,,2026-10-02T23:54:59,faixa 80-250 mil
https://ce.olx.com.br/fortaleza-e-regiao/imoveis/2-quartos-e-2-banheiros-costa-atlantica-liga-9-8-7-4-8-3-1-0-8-diego9989f-819827296,olx,fortaleza,Cidade 2000,,,,250000.0,51.0,4901.96,2,,2 quartos e 2 banheiros Costa Atlântica liga 9 8 7 4 8 3 1 0 8 Diego9989f,,2026-10-02T23:55:00,faixa 80-250 mil
https://ce.olx.com.br/fortaleza-e-regiao/imoveis/four-seasons-liga-9-8-7-4-8-3-1-0-8-diego9989f-929861137,olx,fortaleza,Cidade 2000,,,,250000.0,51.0,4901.96,2,,Four Seasons liga 9 8 7 4 8 3 1 0 8 Diego9989f,,2026-10-02T23:55:00,faixa 80-250 mil
https://ce.olx.com.br/fortaleza-e-regiao/imoveis/100-nascente-ventiladissimo-four-seasons-liga-9-8-7-4-8-3-1-0-8-diego9989f-966395299,olx,fortaleza,Cidade 2000,,,,250000.0,51.0,4901.96,2,,100% nascente ventiladíssimo four seasons liga 9 8 7 4 8 3 1 0 8 Diego9989f,,2026-10-02T23:55:00,faixa 80-250 mil
https://ce.olx.com.br/fortaleza-e-regiao/imoveis/apartamento-a-venda-parque-manibura-fortaleza-ce-1536892635,olx,fortaleza,Jardim das Oliveiras,,,,250000.0,51.0,4901.96,2,,"Apartamento à venda, Parque Manibura, Fortaleza, CE",,2026-10-02T23:55:02,faixa 80-250 mil
https://www.chavesnamao.com.br/imovel/apartamento-a-venda-2-quartos-com-garagem-ce-fortaleza-parque-manibura-RS250000/id-47029308/,chavesnamao,fortaleza,Parque Manibura,,,,250000.0,51.0,4901.96,2,,,,2026-10-02T23:54:55,faixa 80-250 mil
https://ce.olx.com.br/fortaleza-e-regiao/imoveis/apartamento-para-venda-possui-48-metros-quadrados-com-2-quartos-em-passare-fortaleza-c-1235000133,olx,fortaleza,Passaré,-3.819683,-38.5351005,centroide_bairro,239000.0,48.0,4979.17,2,,Apartamento para venda possui 48 metros quadrados com 2 quartos em Passaré - Fortaleza - C,,2026-10-02T23:54:57,faixa 80-250 mil
https://ce.olx.com.br/fortaleza-e-regiao/imoveis/apartamento-no-tabapua-cod0300-1418175240,olx,fortaleza,Parquelândia,,,,248990.0,50.0,4979.8,2,,Apartamento no Tabapuã Cod0300,,2026-10-02T23:55:00,faixa 80-250 mil
https://ce.olx.com.br/fortaleza-e-regiao/imoveis/2-4-com-suite-costa-atlantica-four-seasons-liga-9-8-7-4-8-3-1-0-8-diego9989f-1240162870,olx,fortaleza,Cidade 2000,,,,249999.0,50.0,4999.98,2,,"2/4 com suíte Costa Atlântica, Four Seasons liga 9 8 7 4 8 3 1 0 8 DIEGO9989F",,2026-10-02T23:54:58,faixa 80-250 mil
https://ce.olx.com.br/fortaleza-e-regiao/imoveis/oportunidade-costa-atlantica-four-seasons-liga-9-8-7-4-8-3-1-0-8-diego9989f-1240163972,olx,fortaleza,Cidade 2000,,,,249999.0,50.0,4999.98,2,,Oportunidade Costa Atlântica _Four Seasons liga 9 8 7 4 8 3 1 0 8 DIEGO9989F,,2026-10-02T23:55:00,faixa 80-250 mil
https://www.zapimoveis.com.br/imovel/venda-apartamento-2-quartos-com-piscina-mondubim-fortaleza-ce-48m2-id-2901952900/,zapimoveis,fortaleza,Mondubim,-3.805779,-38.561987,exata,239999.0,48.0,4999.98,2,indefinido,,,2026-10-02T23:54:56,faixa 80-250 mil
https://ce.olx.com.br/fortaleza-e-regiao/imoveis/excelente-apartamento-com-2-quartos-no-premium-condominio-clube-1538672684,olx,fortaleza,Salinas,,,,230000.0,46.0,5000.0,2,,Excelente apartamento com 2 quartos no Premium Condomínio Clube,,2026-10-02T23:54:59,faixa 80-250 mil
https://ce.olx.com.br/fortaleza-e-regiao/imoveis/costa-atlantica-d462-liga-9-8-7-4-8-3-1-0-8-diego9989f-706359730,olx,fortaleza,Cidade 2000,,,,230000.0,46.0,5000.0,2,,Costa Atlântica d462 liga 9 8 7 4 8 3 1 0 8 Diego9989f,,2026-10-02T23:55:00,faixa 80-250 mil
https://ce.olx.com.br/fortaleza-e-regiao/imoveis/terreo-nascente-2-quartos-d1085-liga-9-8-7-4-8-3-1-0-8-diego9989f-costa-atlantica-757440711,olx,fortaleza,Manuel Dias Branco,,,,230000.0,46.0,5000.0,2,,Térreo Nascente 2 quartos d1085 liga 9 8 7 4 8 3 1 0 8 Diego9989f costa atlantica,,2026-10-02T23:55:00,faixa 80-250 mil
https://ce.olx.com.br/fortaleza-e-regiao/imoveis/costa-atlantica-1-lance-de-escada-liga-9-8-7-4-8-3-1-0-8-diego9989f-four-seasons-1263649068,olx,fortaleza,Cidade 2000,,,,250000.0,50.0,5000.0,2,,Costa Atlântica 1 lance de escada liga 9 8 7 4 8 3 1 0 8 DIEGO9989F FOUR SEASONS,,2026-10-02T23:54:58,faixa 80-250 mil
https://ce.olx.com.br/fortaleza-e-regiao/imoveis/na-promocao-dez-21-four-season-liga9-8-7-4-8-3-1-0-8-diego9989f-966391069,olx,fortaleza,Cidade 2000,,,,250000.0,50.0,5000.0,2,,Na promoção Dez/21 Four Season liga9 8 7 4 8 3 1 0 8 Diego9989f,,2026-10-02T23:54:59,faixa 80-250 mil
https://www.zapimoveis.com.br/imovel/venda-apartamento-2-quartos-parque-iracema-fortaleza-ce-48m2-id-2914872345/,zapimoveis,fortaleza,Parque Iracema,-3.805577,-38.49746,exata,240000.0,48.0,5000.0,2,indefinido,,,2026-10-02T23:54:56,faixa 80-250 mil
https://www.zapimoveis.com.br/imovel/venda-apartamento-2-quartos-paupina-fortaleza-ce-48m2-id-2914871588/,zapimoveis,fortaleza,Paupina,-3.845554,-38.485841,exata,240000.0,48.0,5000.0,2,indefinido,,,2026-10-02T23:54:56,faixa 80-250 mil
https://www.zapimoveis.com.br/imovel/venda-apartamento-2-quartos-com-piscina-dende-fortaleza-ce-50m2-id-2900419825/,zapimoveis,fortaleza,Rachel de Queiroz,-3.845669,-38.474803,exata,250000.0,50.0,5000.0,2,indefinido,,,2026-10-02T23:54:56,faixa 80-250 mil
https://www.zapimoveis.com.br/imovel/venda-apartamento-2-quartos-com-piscina-cristo-redentor-fortaleza-ce-47m2-id-2897714189/,zapimoveis,fortaleza,Cristo Redentor,-3.712789,-38.571153,exata,238000.0,47.0,5063.83,2,torre,,,2026-10-02T23:54:56,faixa 80-250 mil
https://ce.olx.com.br/fortaleza-e-regiao/imoveis/vendo-apartamento-garden-reservado-02-quartos-varanda-lazer-passare-castelao-1537619309,olx,fortaleza,Cajazeiras,-3.8019665,-38.5060055,centroide_bairro,245000.0,48.0,5104.17,2,,VENDO: APARTAMENTO GARDEN RESERVADO / 02 QUARTOS / VARANDA / LAZER / PASSARE CASTELÃO,,2026-10-02T23:55:00,faixa 80-250 mil
https://www.chavesnamao.com.br/imovel/apartamento-a-venda-2-quartos-com-garagem-ce-fortaleza-messejana-RS240000/id-35046825/,chavesnamao,fortaleza,Messejana,-3.837846666666667,-38.49094233333333,centroide_bairro,240000.0,47.0,5106.38,2,,,,2026-10-02T23:54:54,faixa 80-250 mil
https://ce.olx.com.br/fortaleza-e-regiao/imoveis/apartamento-pertinho-da-washington-soares-1540577208,olx,fortaleza,Guajeru,,,,230000.0,45.0,5111.11,2,,Apartamento Pertinho da Washington Soares,,2026-10-02T23:54:56,faixa 80-250 mil
https://www.chavesnamao.com.br/imovel/apartamento-a-venda-2-quartos-com-garagem-ce-fortaleza-barroso-RS230000/id-42333305/,chavesnamao,fortaleza,Barroso,,,,230000.0,45.0,5111.11,2,,,,2026-10-02T23:54:55,faixa 80-250 mil
https://ce.olx.com.br/fortaleza-e-regiao/imoveis/apartamento-no-portal-da-lagoa-vista-livre-ao-lado-do-terminal-da-messejana-1539853782,olx,fortaleza,Messejana,-3.837846666666667,-38.49094233333333,centroide_bairro,215000.0,42.0,5119.05,2,,APARTAMENTO NO PORTAL DA LAGOA | VISTA LIVRE | AO LADO DO TERMINAL DA MESSEJANA,,2026-10-02T23:54:57,faixa 80-250 mil
https://ce.olx.com.br/fortaleza-e-regiao/imoveis/apartamento-a-venda-no-condominio-bonavitta-em-messejana-1392375430,olx,fortaleza,Messejana,-3.837846666666667,-38.49094233333333,centroide_bairro,210000.0,41.0,5121.95,2,,Apartamento a venda no condomínio Bonavitta em Messejana,,2026-10-02T23:54:57,faixa 80-250 mil
https://ce.olx.com.br/fortaleza-e-regiao/imoveis/apartamento-para-venda-em-fortaleza-eng-luciano-cavalcante-2-dormitorios-1-banheiro-1-1369856176,olx,fortaleza,Engenheiro Luciano Cavalcante,,,,250000.0,48.0,5208.33,2,,"Apartamento para Venda em Fortaleza, Eng. Luciano Cavalcante, 2 dormitórios, 1 banheiro, 1",,2026-10-02T23:54:57,faixa 80-250 mil
https://www.zapimoveis.com.br/imovel/venda-apartamento-2-quartos-com-elevador-passare-fortaleza-ce-48m2-id-2875048936/,zapimoveis,fortaleza,Passaré,-3.819,-38.535,aproximada_portal,250000.0,48.0,5208.33,2,torre,,,2026-10-02T23:54:56,faixa 80-250 mil
https://ce.olx.com.br/fortaleza-e-regiao/imoveis/um-costa-atlantica-d466-liga-9-8-7-4-8-3-1-0-8-diego9989f-706431681,olx,fortaleza,Cidade 2000,,,,240000.0,46.0,5217.39,2,,Um Costa Atlântica d466 liga 9 8 7 4 8 3 1 0 8 Diego9989f,,2026-10-02T23:55:00,faixa 80-250 mil
https://ce.olx.com.br/fortaleza-e-regiao/imoveis/costa-atlantica-terreo-nascente-2-quartos-d1084-liga-9-8-7-4-8-3-1-0-8-diego9989f-four-757441543,olx,fortaleza,Manuel Dias Branco,,,,240000.0,46.0,5217.39,2,,Costa Atlântica Térreo Nascente 2 quartos d1084 liga 9 8 7 4 8 3 1 0 8 Diego9989f four,,2026-10-02T23:55:00,faixa 80-250 mil
https://ce.olx.com.br/fortaleza-e-regiao/imoveis/apartamento-na-maraponga-otima-localizacao-1537411468,olx,fortaleza,Maraponga,,,,235000.0,45.0,5222.22,2,,"APARTAMENTO NA MARAPONGA , OTIMA LOCALIZAÇÃO.",,2026-10-02T23:55:00,faixa 80-250 mil
https://ce.olx.com.br/fortaleza-e-regiao/imoveis/apartamento-44m-2-quartos-luciano-cavalcante-1540644966,olx,fortaleza,Salinas,,,,230000.0,44.0,5227.27,2,,"Apartamento 44m², 2 quartos - Luciano Cavalcante",,2026-10-02T23:54:56,faixa 80-250 mil
https://ce.olx.com.br/fortaleza-e-regiao/imoveis/apartamento-com-2-quartos-a-venda-na-maraponga-vizinho-ao-atacadao-43-m-por-r-225-000-1538693501,olx,fortaleza,Mondubim,-3.8156466666666664,-38.565828333333336,centroide_bairro,225000.0,43.0,5232.56,2,,"Apartamento com 2 quartos à venda na Maraponga, vizinho ao Atacadão, 43 m² por R$ 225.000",,2026-10-02T23:54:59,faixa 80-250 mil
https://ce.olx.com.br/fortaleza-e-regiao/imoveis/apartamento-com-2-dormitorios-a-venda-38-m-por-r-199-000-jangurussu-fortaleza-ce-1540453143,olx,fortaleza,Jangurussu,-3.8475385,-38.508364,centroide_bairro,199000.0,38.0,5236.84,2,,"Apartamento com 2 dormitórios à venda, 38 m² por R$ 199.000 - Jangurussu - Fortaleza/CE",,2026-10-02T23:54:57,faixa 80-250 mil
https://ce.olx.com.br/fortaleza-e-regiao/imoveis/viva-vida-parque-apartamentos-no-siqueira-em-fortaleza-ce-1537739408,olx,fortaleza,Siqueira,,,,210000.0,40.0,5250.0,2,,VIVA VIDA PARQUE  APARTAMENTOS NO SIQUEIRA EM FORTALEZA/CE,,2026-10-02T23:55:00,faixa 80-250 mil
https://ce.olx.com.br/fortaleza-e-regiao/imoveis/apartamento-a-venda-em-maraponga-fortaleza-1538651789,olx,fortaleza,Maraponga,,,,200000.0,38.0,5263.16,2,,"Apartamento à venda em Maraponga, Fortaleza",,2026-10-02T23:54:59,faixa 80-250 mil
https://ce.olx.com.br/fortaleza-e-regiao/imoveis/apartamento-com-2-dormitorios-a-venda-45-m-por-r-237-990-00-jangurussu-fortaleza-ce-1539765319,olx,fortaleza,Jangurussu,-3.8475385,-38.508364,centroide_bairro,237990.0,45.0,5288.67,2,,"Apartamento com 2 dormitórios à venda, 45 m² por R$ 237.990,00 - Jangurussu - Fortaleza/CE",,2026-10-02T23:54:57,faixa 80-250 mil
https://ce.olx.com.br/fortaleza-e-regiao/imoveis/costa-atlantica-d1090-liga-9-8-7-4-8-3-1-0-8-diego9989f-four-seasons-757364593,olx,fortaleza,Cidade 2000,,,,245000.0,46.0,5326.09,2,,Costa Atlantica d1090 liga 9 8 7 4 8 3 1 0 8 Diego9989f four seasons,,2026-10-02T23:55:00,faixa 80-250 mil
https://ce.olx.com.br/fortaleza-e-regiao/imoveis/costa-atlanticad1086-liga-9-8-7-4-8-3-1-0-8-diego9989f-four-seasons-757441188,olx,fortaleza,Cocó,,,,245000.0,46.0,5326.09,2,,Costa Atlânticad1086 liga 9 8 7 4 8 3 1 0 8 Diego9989f four seasons,,2026-10-02T23:55:00,faixa 80-250 mil
https://ce.olx.com.br/fortaleza-e-regiao/imoveis/oferta-bacana-primeiro-andar-costa-atlantica-liga-9-8-7-4-8-3-1-0-8-diego9989f-943001271,olx,fortaleza,Cidade 2000,,,,245000.0,46.0,5326.09,2,,Oferta bacana primeiro andar Costa Atlântica liga 9 8 7 4 8 3 1 0 8 Diego9989f,,2026-10-02T23:55:00,faixa 80-250 mil
https://ce.olx.com.br/fortaleza-e-regiao/imoveis/apartamento-no-condominio-alegria-for-life-maraponga-1538452846,olx,fortaleza,Rachel de Queiroz,,,,240000.0,45.0,5333.33,2,,APARTAMENTO NO CONDOMÍNIO ALEGRIA | FOR LIFE | MARAPONGA,,2026-10-02T23:54:59,faixa 80-250 mil
https://ce.olx.com.br/fortaleza-e-regiao/imoveis/costa-atlantica-nascente-d1074-liga-9-8-7-4-8-3-1-0-8-diego9989d-four-seasons-756397142,olx,fortaleza,Cidade 2000,,,,250000.0,46.0,5434.78,2,,Costa Atlântica Nascente d1074 liga 9 8 7 4 8 3 1 0 8 Diego9989d four seasons,,2026-10-02T23:55:00,faixa 80-250 mil
https://ce.olx.com.br/fortaleza-e-regiao/imoveis/costa-atlantica-2q-1wc-liga-9-8-7-4-8-3-1-0-8-diego9989f-942981058,olx,fortaleza,Cidade 2000,,,,245000.0,45.0,5444.44,2,,Costa Atlântica 2q 1wc liga 9 8 7 4 8 3 1 0 8 Diego9989f,,2026-10-02T23:55:00,faixa 80-250 mil
https://ce.olx.com.br/fortaleza-e-regiao/imoveis/apartamento-venda-parque-dois-irmaos-1537459585,olx,fortaleza,Parque Dois Irmãos,-3.804483,-38.55043466666667,centroide_bairro,240000.0,44.0,5454.55,2,,APARTAMENTO À VENDA | PARQUE DOIS IRMÃOS,,2026-10-02T23:55:00,faixa 80-250 mil
https://www.zapimoveis.com.br/imovel/venda-apartamento-2-quartos-com-piscina-parque-dois-irmaos-fortaleza-ce-40m2-id-2914953340/,zapimoveis,fortaleza,Parque Dois Irmãos,-3.81104,-38.5501,exata,220000.0,40.0,5500.0,2,indefinido,,,2026-10-02T23:54:56,faixa 80-250 mil
https://ce.olx.com.br/fortaleza-e-regiao/imoveis/apt-180-condominio-viva-vida-coqueiros-apartamentos-com-02-quartos-671038796,olx,fortaleza,Jangurussu,-3.8475385,-38.508364,centroide_bairro,216400.0,39.0,5548.72,2,,"APT 180, Condomínio Viva Vida Coqueiros, Apartamentos com 02 quartos",,2026-10-02T23:54:57,faixa 80-250 mil
https://ce.olx.com.br/fortaleza-e-regiao/imoveis/apartamento-na-maraponga-terreo-nascente-1537411519,olx,fortaleza,Maraponga,,,,250000.0,45.0,5555.56,2,,"APARTAMENTO NA MARAPONGA, TERREO NASCENTE...",,2026-10-02T23:55:00,faixa 80-250 mil
https://ce.olx.com.br/fortaleza-e-regiao/imoveis/apartamento-na-maraponga-condominio-alegria-forlife-1537411467,olx,fortaleza,Maraponga,,,,250000.0,45.0,5555.56,2,,APARTAMENTO NA MARAPONGA - CONDOMÍNIO ALEGRIA FORLIFE,,2026-10-02T23:55:00,faixa 80-250 mil
https://ce.olx.com.br/fortaleza-e-regiao/imoveis/apt-284-condominio-village-monet-lancamento-apartamento-com-02-quartos-elevador-lazer-1051473663,olx,fortaleza,Prefeito José Walter,,,,250000.0,45.0,5555.56,2,,"APT 284, Condomínio Village Monet, Lançamento, apartamento com 02 quartos, elevador, lazer",,2026-10-02T23:54:59,faixa 80-250 mil
https://ce.olx.com.br/fortaleza-e-regiao/imoveis/for-life-diversao-apartamento-na-maraponga-em-fortaleza-ce-1537111814,olx,fortaleza,Rachel de Queiroz,,,,240000.0,43.0,5581.4,2,,FOR LIFE DIVERSÃO - APARTAMENTO NA MARAPONGA EM FORTALEZA/CE,,2026-10-02T23:55:00,faixa 80-250 mil
https://ce.olx.com.br/fortaleza-e-regiao/imoveis/apartamento-para-venda-2-quarto-s-coacu-fortaleza-1536480370,olx,fortaleza,Coaçu,,,,240000.0,43.0,5581.4,2,,"Apartamento para venda, 2 quarto(s), Coaçu, Fortaleza",,2026-10-02T23:55:02,faixa 80-250 mil
https://ce.olx.com.br/fortaleza-e-regiao/imoveis/imovel-para-venda-possui-43-metros-quadrados-com-2-quartos-em-prefeito-jose-walter-forta-1538815187,olx,fortaleza,Prefeito José Walter,,,,240000.0,43.0,5581.4,2,,Imóvel para venda possui 43 metros quadrados com 2 quartos em Prefeito José Walter - Forta,,2026-10-02T23:54:59,faixa 80-250 mil
https://ce.olx.com.br/fortaleza-e-regiao/imoveis/apartamento-a-venda-com-43-2-quartos-2-banheiros-em-prefeito-jose-walter-passare-fort-1539326220,olx,fortaleza,Prefeito José Walter,,,,240000.0,43.0,5581.4,2,,"Apartamento a venda com 43²,2 quartos, 2 banheiros em Prefeito José Walter/ Passaré - Fort",,2026-10-02T23:54:58,faixa 80-250 mil
https://ce.olx.com.br/fortaleza-e-regiao/imoveis/apartamento-com-2-quartos-a-venda-40-m-por-r-223-641-paupina-fortaleza-ce-1539229369,olx,fortaleza,São Bento,,,,223641.0,40.0,5591.02,2,,"Apartamento com 2 Quartos à Venda, 40 m² por R$ 223.641 - Paupina - Fortaleza/CE",,2026-10-02T23:54:58,faixa 80-250 mil
https://ce.olx.com.br/fortaleza-e-regiao/imoveis/apartamento-de-44m-na-rachel-de-queiroz-com-2-quartos-piscina-churrasqueira-em-rachel-d-1539937231,olx,fortaleza,Rachel de Queiroz,,,,250000.0,44.0,5681.82,2,,"Apartamento de 44m² na Rachel de Queiroz com 2 quartos, piscina, churrasqueira em Rachel d",,2026-10-02T23:54:57,faixa 80-250 mil
https://ce.olx.com.br/fortaleza-e-regiao/imoveis/apartamento-venda-no-edson-queiroz-1539779889,olx,fortaleza,Edson Queiroz,,,,211000.0,37.0,5702.7,2,,APARTAMENTO À VENDA NO EDSON QUEIROZ.,,2026-10-02T23:54:57,faixa 80-250 mil
https://ce.olx.com.br/fortaleza-e-regiao/imoveis/apt-286-viva-vida-siqueira-na-regiao-do-siqueira-apartamentos-com-lazer-1121657960,olx,fortaleza,Siqueira,,,,234333.0,41.0,5715.44,2,,"APT 286, Viva Vida Siqueira na região do Siqueira, apartamentos com lazer",,2026-10-02T23:54:59,faixa 80-250 mil
https://ce.olx.com.br/fortaleza-e-regiao/imoveis/apartamento-a-venda-no-bairro-messejana-condominio-vitoria-iris-1539780308,olx,fortaleza,São Bento,,,,228782.0,40.0,5719.55,2,,Apartamento à venda no bairro Messejana | Condomínio Vitória Íris.,,2026-10-02T23:54:57,faixa 80-250 mil
https://ce.olx.com.br/fortaleza-e-regiao/imoveis/parque-bougainville-apartamentos-no-itapery-em-fortaleza-ce-1537738551,olx,fortaleza,Itaperi,-3.79927,-38.552024333333335,centroide_bairro,218000.0,38.0,5736.84,2,,PARQUE BOUGAINVILLE  APARTAMENTOS NO ITAPERY EM FORTALEZA/CE,,2026-10-02T23:55:00,faixa 80-250 mil
https://www.zapimoveis.com.br/imovel/venda-apartamento-2-quartos-com-interfone-itaperi-fortaleza-ce-39m2-id-2906121450/,zapimoveis,fortaleza,Itaperi,-3.790268,-38.548135,exata,225000.0,39.0,5769.23,2,indefinido,,,2026-10-02T23:54:56,faixa 80-250 mil
https://ce.olx.com.br/fortaleza-e-regiao/imoveis/reserva-flora-1535830864,olx,fortaleza,Barroso,,,,249000.0,43.0,5790.7,2,,RESERVA FLORA,,2026-10-02T23:54:56,faixa 80-250 mil
https://ce.olx.com.br/fortaleza-e-regiao/imoveis/apartamento-a-venda-em-fortaleza-gran-village-bosque-ii-1539780202,olx,fortaleza,Coaçu,,,,234800.0,40.0,5870.0,2,,Apartamento à venda em Fortaleza | Gran Village Bosque II,,2026-10-02T23:54:57,faixa 80-250 mil
https://ce.olx.com.br/fortaleza-e-regiao/imoveis/apartamento-a-venda-no-sao-bento-fortaleza-1486654792,olx,fortaleza,São Bento,,,,235000.0,40.0,5875.0,2,,"Apartamento à venda no São Bento, Fortaleza",,2026-10-02T23:54:56,faixa 80-250 mil
https://ce.olx.com.br/fortaleza-e-regiao/imoveis/apartamento-com-2-dormitorios-a-venda-40-m-por-r-235-000-00-passare-fortaleza-ce-1537735836,olx,fortaleza,Passaré,-3.819683,-38.5351005,centroide_bairro,235000.0,40.0,5875.0,2,,"Apartamento com 2 dormitórios à venda, 40 m² por R$ 235.000,00 - Passaré - Fortaleza/CE",,2026-10-02T23:55:00,faixa 80-250 mil
https://ce.olx.com.br/fortaleza-e-regiao/imoveis/apartamento-a-venda-em-fortaleza-gran-village-do-sol-i-1539780163,olx,fortaleza,Lagoa Redonda,,,,236900.0,40.0,5922.5,2,,Apartamento à venda em Fortaleza | Gran Village do Sol I,,2026-10-02T23:54:57,faixa 80-250 mil
https://ce.olx.com.br/fortaleza-e-regiao/imoveis/apt-329-sapiranga-condominio-viva-vida-sul-apartamento-com-02-quartos-lazer-1386297521,olx,fortaleza,Sapiranga-Coité,,,,219814.0,37.0,5940.92,2,,"APT 329, Sapiranga, Condomínio Viva Vida Sul, apartamento com 02 quartos, lazer",,2026-10-02T23:54:59,faixa 80-250 mil
https://www.zapimoveis.com.br/lancamentos/vista-del-sol-id-2855946915/,zapimoveis,fortaleza,Antônio Bezerra,-3.742201,-38.595926,exata,232030.0,39.0,5949.49,2,indefinido,,,2026-10-02T23:54:56,faixa 80-250 mil
https://ce.olx.com.br/fortaleza-e-regiao/imoveis/apartamento-com-2-dormitorios-a-venda-40-m-por-r-244-508-00-messejana-fortaleza-ce-1538080718,olx,fortaleza,Messejana,-3.837846666666667,-38.49094233333333,centroide_bairro,244508.0,40.0,6112.7,2,,"Apartamento com 2 dormitórios à venda, 40 m² por R$ 244.508,00 - Messejana - Fortaleza/CE",,2026-10-02T23:55:00,faixa 80-250 mil
https://www.zapimoveis.com.br/lancamentos/vista-di-mari-prime-id-2855936514/,zapimoveis,fortaleza,Praia do Futuro I,-3.782555,-38.476836,exata,232556.0,38.0,6119.89,2,indefinido,,,2026-10-02T23:54:56,faixa 80-250 mil
https://ce.olx.com.br/fortaleza-e-regiao/imoveis/apartamento-com-2-dormitorios-a-venda-40-m-por-r-249-366-praia-do-futuro-ii-fortale-1538080503,olx,fortaleza,Praia do Futuro II,,,,249366.0,40.0,6234.15,2,,"Apartamento com 2 dormitórios à venda, 40 m² por R$ 249.366 - Praia do Futuro II - Fortale",,2026-10-02T23:55:00,faixa 80-250 mil
https://ce.olx.com.br/fortaleza-e-regiao/imoveis/apartamento-com-02-quartos-no-bairro-sapiranga-condominio-viva-vida-sul-1539779746,olx,fortaleza,Sapiranga-Coité,,,,225000.0,36.0,6250.0,2,,Apartamento com 02 quartos no bairro Sapiranga | Condomínio Viva Vida Sul,,2026-10-02T23:54:57,faixa 80-250 mil
https://ce.olx.com.br/fortaleza-e-regiao/imoveis/novo-la-serena-2-quartos-piscina-playground-e-pet-place-jangurussu-1538138738,olx,fortaleza,Jangurussu,-3.8475385,-38.508364,centroide_bairro,240000.0,38.0,6315.79,2,,"Novo La Serena - 2 quartos | Piscina, Playground e Pet Place | Jangurussu.",,2026-10-02T23:55:00,faixa 80-250 mil
https://ce.olx.com.br/fortaleza-e-regiao/imoveis/apartamento-prox-castelao-novo-1538282328,olx,fortaleza,Barroso,,,,249000.0,39.0,6384.62,2,,Apartamento prox Castelão NOVO,,2026-10-02T23:54:59,faixa 80-250 mil
https://ce.olx.com.br/fortaleza-e-regiao/imoveis/amplo-mobiliado-reformado-perto-da-praia-rua-pintor-antonio-bandeira-2315-oportunidade-1539770271,olx,fortaleza,Vicente Pinzon,,,,299999.0,133.0,2255.63,4,,"Amplo mobiliado reformado perto da praia rua Pintor Antônio Bandeira, 2315 oportunidade -_",,2026-10-02T23:55:27,faixa 250-400 mil
https://ce.olx.com.br/fortaleza-e-regiao/imoveis/santorini-reformado-liga-9-87-48-31-08-diego9989f-pintor-antonio-bandeira-2315-mobiliado-1539765556,olx,fortaleza,Praia do Futuro I,,,,300001.0,133.0,2255.65,4,,"Santorini reformado liga 9 87 48 31 08 Diego9989F pintor Antônio Bandeira, 2315 mobiliado",,2026-10-02T23:55:27,faixa 250-400 mil
https://ce.olx.com.br/fortaleza-e-regiao/imoveis/140m2-2-vagas-papicu-liga-9-87-4-8-3-1-0-8-diego9989f-querubins-856722621,olx,fortaleza,Vicente Pinzon,,,,320000.0,140.0,2285.71,4,,140m2 2 vagas Papicu liga 9 87 4 8 3 1 0 8 Diego9989f querubins,,2026-10-02T23:55:28,faixa 250-400 mil
https://ce.olx.com.br/fortaleza-e-regiao/imoveis/apartamento-para-venda-sao-gerardo-3-dormitorios-1-suite-3-banheiros-2-vagas-1538401237,olx,fortaleza,São Gerardo,-3.7319725000000004,-38.556587,centroide_bairro,280000.0,122.0,2295.08,3,,"Apartamento para Venda, SAO GERARDO, 3 dormitórios, 1 suíte, 3 banheiros, 2 vagas",,2026-10-02T23:55:29,faixa 250-400 mil
https://www.zapimoveis.com.br/imovel/venda-apartamento-3-quartos-com-piscina-coacu-fortaleza-ce-125m2-id-2907947638/,zapimoveis,fortaleza,Coaçu,-3.836512,-38.488144,exata,290000.0,125.0,2320.0,3,indefinido,,,2026-10-02T23:55:26,faixa 250-400 mil
https://ce.olx.com.br/fortaleza-e-regiao/imoveis/amplo-vista-mar-171m2-liga-9-87-48-31-08-diego9989f-elevador-piscina-oportunidade-santos-1519309131,olx,fortaleza,De Lourdes,,,,399002.0,171.0,2333.35,4,,Amplo vista mar 171m2 liga 9 87 48 31 08 Diego9989F elevador piscina oportunidade santos-_,,2026-10-02T23:55:28,faixa 250-400 mil
https://ce.olx.com.br/fortaleza-e-regiao/imoveis/171m2-vista-mar-elevador-piscina-liga-9-87-48-31-08-diego9989f-lucas-mendes-santos-dumont-1519308546,olx,fortaleza,Praia do Futuro II,,,,399002.0,171.0,2333.35,4,,"171m2 vista mar, elevador piscina liga 9 87 48 31 08 Diego9989F Lucas Mendes Santos dumont",,2026-10-02T23:55:28,faixa 250-400 mil
https://ce.olx.com.br/fortaleza-e-regiao/imoveis/171m2-piscina-vista-mar-liga-9-87-48-31-08diego9989f-santos-dumont-7810-cep-60-183-486-1519309894,olx,fortaleza,Praia do Futuro I,,,,399003.0,171.0,2333.35,4,,"171m2, piscina, vista mar liga 9 87 48 31 08Diego9989F santos Dumont, 7810 cep 60.183-486",,2026-10-02T23:55:28,faixa 250-400 mil
https://ce.olx.com.br/fortaleza-e-regiao/imoveis/apartamento-na-santos-dumont-3-quartos-160-m2-1538996287,olx,fortaleza,Centro,,,,375000.0,160.0,2343.75,3,,Apartamento na santos dumont | 3 quartos | 160 m2,,2026-10-02T23:55:27,faixa 250-400 mil
https://www.chavesnamao.com.br/imovel/apartamento-a-venda-4-quartos-com-garagem-ce-fortaleza-parque-manibura-RS270000/id-46066021/,chavesnamao,fortaleza,Parque Manibura,,,,270000.0,115.0,2347.83,4,,,,2026-10-02T23:55:23,faixa 250-400 mil
https://ce.olx.com.br/fortaleza-e-regiao/imoveis/apartamento-no-papicu-118m-4-quartos-1537717876,olx,fortaleza,Vicente Pinzon,,,,280000.0,118.0,2372.88,4,,"Apartamento no Papicu, 118m², 4 quartos",,2026-10-02T23:55:30,faixa 250-400 mil
https://www.chavesnamao.com.br/imovel/apartamento-a-venda-3-quartos-com-garagem-ce-fortaleza-fatima-RS290000/id-24522879/,chavesnamao,fortaleza,Fátima,,,,290000.0,121.0,2396.69,3,,,,2026-10-02T23:55:23,faixa 250-400 mil
https://ce.olx.com.br/fortaleza-e-regiao/imoveis/apartamento-papicu-146m2-ed-dr-melo-1531965761,olx,fortaleza,Papicu,,,,365000.0,146.0,2500.0,3,,"Apartamento Papicu, 146m2, Ed. Dr. Melo",,2026-10-02T23:55:28,faixa 250-400 mil
https://ce.olx.com.br/fortaleza-e-regiao/imoveis/edificio-jose-rangel-apartamento-no-papicu-em-fortaleza-ce-1538687898,olx,fortaleza,De Lourdes,,,,400000.0,160.0,2500.0,3,,EDIFICIO JOSE RANGEL  APARTAMENTO NO PAPICU EM FORTALEZA/CE,,2026-10-02T23:55:29,faixa 250-400 mil
https://ce.olx.com.br/fortaleza-e-regiao/imoveis/118m2-3vagas-so-r-2-9-5-mil-liga-9-8-7-4-8-3-1-0-8-diego9989f-vivendaspark-971850951,olx,fortaleza,Mucuripe,,,,295000.0,118.0,2500.0,4,,"118m2, 3vagas Só R$2 9 5 mil liga 9 8 7 4 8 3 1 0 8 Diego9989f vivendaspark",,2026-10-02T23:55:27,faixa 250-400 mil
https://ce.olx.com.br/fortaleza-e-regiao/imoveis/oportunidade-lado-nascente-137m2-liga-9-8-7-4-8-3-1-0-8-diego-9989f-1172959635,olx,fortaleza,Papicu,,,,345000.0,137.0,2518.25,4,,Oportunidade lado nascente 137m2 liga 9 8 7 4 8 3 1 0 8 DIEGO 9989F,,2026-10-02T23:55:28,faixa 250-400 mil
https://ce.olx.com.br/fortaleza-e-regiao/imoveis/vendo-apartamento-03-quartos-fatima-otima-localizacao-1539926106,olx,fortaleza,Fátima,,,,280000.0,110.0,2545.45,3,,Vendo Apartamento 03 Quartos Fátima Ótima Localização,,2026-10-02T23:55:24,faixa 250-400 mil
https://ce.olx.com.br/fortaleza-e-regiao/imoveis/apartamento-a-venda-no-edificio-chanceler-fatima-1540484721,olx,fortaleza,Fátima,,,,280000.0,110.0,2545.45,3,,"Apartamento à venda no Edifício Chanceler, Fátima",,2026-10-02T23:55:26,faixa 250-400 mil
https://ce.olx.com.br/fortaleza-e-regiao/imoveis/excelente-apto-110m-no-benfica-1326019764,olx,fortaleza,Farias Brito,,,,283500.0,110.0,2577.27,3,,Excelente Apto. 110m² no Benfica.,,2026-10-02T23:55:24,faixa 250-400 mil
https://ce.olx.com.br/fortaleza-e-regiao/imoveis/apartamento-com-3-dormitorios-a-venda-100-m-cidade-dos-funcionarios-fortaleza-ce-1449617398,olx,fortaleza,Cidade dos Funcionários,,,,260000.0,100.0,2600.0,3,,"Apartamento com 3 dormitórios à venda, 100 m² - Cidade dos Funcionários - Fortaleza/CE",,2026-10-02T23:55:29,faixa 250-400 mil
https://ce.olx.com.br/fortaleza-e-regiao/imoveis/excelente-apartamento-com-3-quartos-para-venda-no-el-poso-papicu-1537628000,olx,fortaleza,Papicu,,,,360000.0,135.0,2666.67,3,,Excelente Apartamento com 3 quartos para venda no El Poso - Papicu,,2026-10-02T23:55:30,faixa 250-400 mil
https://ce.olx.com.br/fortaleza-e-regiao/imoveis/ed-narbone-pesquisa-liga-9-8-7-4-8-3-1-0-8-diego-9989f-1083931616,olx,fortaleza,Papicu,,,,299999.0,112.0,2678.56,4,,ED NARBONE @PESQUISA$! LIGA 9 8 7 4 8 3 1 0 8 DIEGO 9989F,,2026-10-02T23:55:28,faixa 250-400 mil
https://ce.olx.com.br/fortaleza-e-regiao/imoveis/venda-apartamento-144m2-em-fortaleza-aldeota-condominio-diamante-1533669535,olx,fortaleza,Aldeota,,,,390000.0,144.0,2708.33,3,,"Venda: Apartamento 144m2 em Fortaleza, Aldeota / Condominio Diamante.",,2026-10-02T23:55:24,faixa 250-400 mil
https://ce.olx.com.br/fortaleza-e-regiao/imoveis/apto-melhor-aldeota-pra-vender-rapido-oportunidade-1536860463,olx,fortaleza,Joaquim Távora,,,,279000.0,103.0,2708.74,3,,Apto melhor Aldeota ( pra vender rápido / oportunidade),,2026-10-02T23:55:26,faixa 250-400 mil
https://www.zapimoveis.com.br/imovel/venda-apartamento-3-quartos-papicu-fortaleza-ce-140m2-id-2830235319/,zapimoveis,fortaleza,Vicente Pinzon,-3.731,-38.481,aproximada_portal,380000.0,140.0,2714.29,3,indefinido,,,2026-10-02T23:55:25,faixa 250-400 mil
https://ce.olx.com.br/fortaleza-e-regiao/imoveis/140m2-2vagas-piscina-liga-9-8-7-4-8-3-1-0-8-diego9989f-vinadelmar-891402386,olx,fortaleza,Vicente Pinzon,,,,380000.0,140.0,2714.29,4,,"140m2, 2vagas, piscina, liga 9 8 7 4 8 3 1 0 8 Diego9989f vinadelmar",,2026-10-02T23:55:29,faixa 250-400 mil
https://ce.olx.com.br/fortaleza-e-regiao/imoveis/ed-skorpios-joaquim-tavora-125m-03-quartos-02-vagas-1538703264,olx,fortaleza,Joaquim Távora,,,,340000.0,125.0,2720.0,3,,ED. SKORPIOS | JOAQUIM TÁVORA | 125m² | 03 QUARTOS | 02 VAGAS,,2026-10-02T23:55:29,faixa 250-400 mil
https://www.chavesnamao.com.br/imovel/apartamento-a-venda-3-quartos-com-garagem-ce-fortaleza-montese-110m2-RS300000/id-45299303/,chavesnamao,fortaleza,Montese,,,,300000.0,110.0,2727.27,3,,,,2026-10-02T23:55:24,faixa 250-400 mil
https://www.chavesnamao.com.br/imovel/apartamento-a-venda-3-quartos-com-garagem-ce-fortaleza-montese-130m2-RS350000/id-46897324/,chavesnamao,fortaleza,Montese,,,,350000.0,126.0,2777.78,3,,,,2026-10-02T23:55:23,faixa 250-400 mil
https://ce.olx.com.br/fortaleza-e-regiao/imoveis/goeldi-apartamento-com-100m2-3-quartos-e-2-vagas-3-andar-escada-no-coco-1539538020,olx,fortaleza,Cocó,,,,280000.0,100.0,2800.0,3,,GOELDI - Apartamento com 100m2 (3 quartos e 2 vagas) 3 andar - Escada no Cocó,,2026-10-02T23:55:27,faixa 250-400 mil
https://ce.olx.com.br/fortaleza-e-regiao/imoveis/vende-se-apartamento-com-3-quartos-vaga-e-110m-bairro-de-fatima-1540691569,olx,fortaleza,Fátima,,,,310000.0,110.0,2818.18,3,,"Vende-se apartamento com 3 quartos, vaga e 110m - Bairro de Fátima",,2026-10-02T23:55:26,faixa 250-400 mil
https://ce.olx.com.br/fortaleza-e-regiao/imoveis/cobertura-duplex-120m-3-quartos-luciano-cavalcante-1538193196,olx,fortaleza,Engenheiro Luciano Cavalcante,,,,340000.0,120.0,2833.33,3,,"Cobertura Duplex 120m², 3 quartos - Luciano Cavalcante.",,2026-10-02T23:55:28,faixa 250-400 mil
https://ce.olx.com.br/fortaleza-e-regiao/imoveis/apartammento-com-4-quartos-a-venda-no-montese-1538304118,olx,fortaleza,Bom Futuro,,,,295000.0,104.0,2836.54,4,,Apartammento com 4 Quartos a Venda no Montese,,2026-10-02T23:55:26,faixa 250-400 mil
https://ce.olx.com.br/fortaleza-e-regiao/imoveis/apartamento-com-3-dormitorios-a-venda-99-m-por-r-290-000-00-papicu-fortaleza-ce-1528181332,olx,fortaleza,Papicu,,,,290000.0,100.0,2900.0,3,,"Apartamento com 3 dormitórios à venda, 99 m² por R$ 290.000,00 - Papicu - Fortaleza/CE",,2026-10-02T23:55:24,faixa 250-400 mil
https://ce.olx.com.br/fortaleza-e-regiao/imoveis/apartamento-com-3-dormitorios-a-venda-113-m-por-r-330-000-fatima-fortaleza-ce-1509598761,olx,fortaleza,Fátima,,,,330000.0,113.0,2920.35,3,,"Apartamento com 3 dormitórios à venda, 113 m² por R$ 330.000 - Fátima - Fortaleza/CE",,2026-10-02T23:55:26,faixa 250-400 mil
https://ce.olx.com.br/fortaleza-e-regiao/imoveis/ed-safira-1537700955,olx,fortaleza,Papicu,,,,310000.0,105.0,2952.38,3,,ED. SAFIRA,,2026-10-02T23:55:26,faixa 250-400 mil
https://ce.olx.com.br/fortaleza-e-regiao/imoveis/apartamento-a-venda-no-sao-gerardo-fortaleza-ce-1538991612,olx,fortaleza,São Gerardo,-3.7319725000000004,-38.556587,centroide_bairro,320000.0,108.0,2962.96,3,,Apartamento á Venda no São Gerardo - Fortaleza/CE,,2026-10-02T23:55:27,faixa 250-400 mil
https://ce.olx.com.br/fortaleza-e-regiao/imoveis/apartamento-4-quartos-sao-gerardo-1535730579,olx,fortaleza,Presidente Kennedy,,,,320000.0,108.0,2962.96,4,,Apartamento 4 quartos São Gerardo,,2026-10-02T23:55:26,faixa 250-400 mil
https://ce.olx.com.br/fortaleza-e-regiao/imoveis/localizacao-privilegiada-super-bem-dividido-1539789858,olx,fortaleza,Aldeota,,,,340000.0,114.0,2982.46,3,,"LOCALIZAÇAO PRIVILEGIADA, SUPER BEM DIVIDIDO.",,2026-10-02T23:55:28,faixa 250-400 mil
https://ce.olx.com.br/fortaleza-e-regiao/imoveis/apartamento-no-papicu-3-quartos-uma-suite-uma-vaga-com-dependencia-1540466821,olx,fortaleza,Papicu,,,,320000.0,107.0,2990.65,3,,Apartamento no Papicu 3 quartos uma suite uma vaga com dependência,,2026-10-02T23:55:26,faixa 250-400 mil
https://ce.olx.com.br/fortaleza-e-regiao/imoveis/apartamento-na-cidade-dos-funcionarios-3-quartos-varanda-e-portaria-24h-1538304115,olx,fortaleza,Cidade dos Funcionários,,,,275000.0,89.0,3089.89,3,,"Apartamento na Cidade dos Funcionários  3 Quartos, Varanda e Portaria 24H",,2026-10-02T23:55:26,faixa 250-400 mil
https://ce.olx.com.br/fortaleza-e-regiao/imoveis/oportunidade-apartamento-a-venda-1527159667,olx,fortaleza,Montese,,,,269000.0,87.0,3091.95,2,,Oportunidade! Apartamento á Venda!,,2026-10-02T23:55:26,faixa 250-400 mil
https://ce.olx.com.br/fortaleza-e-regiao/imoveis/em-construcao-apto-2-qtos-2-wc-1-vaga-1538655050,olx,fortaleza,Passaré,-3.811345222222222,-38.532803666666666,centroide_bairro,269900.0,86.0,3138.37,2,,EM CONSTRUÇÃO APTO | 2 QTOS | 2 WC | 1 VAGA,,2026-10-02T23:55:29,faixa 250-400 mil
https://ce.olx.com.br/fortaleza-e-regiao/imoveis/venda-de-apto-enorme-rodolfo-teofilo-3-quantos-mais-informacoes-1539203711,olx,fortaleza,Rodolfo Teófilo,,,,265000.0,82.0,3231.71,3,,Venda de Apto Enorme Rodolfo Teófilo (3 Quantos) Mais informações,,2026-10-02T23:55:27,faixa 250-400 mil
https://ce.olx.com.br/fortaleza-e-regiao/imoveis/apartamento-multifamiliar-com-03-quartos-sendo-01-suite-a-venda-no-bairro-sapiranga-cond-1540720853,olx,fortaleza,Sapiranga-Coité,,,,330000.0,102.0,3235.29,3,,Apartamento Multifamiliar com 03 quartos sendo 01 suíte à venda no bairro Sapiranga | Cond,,2026-10-02T23:55:26,faixa 250-400 mil
https://ce.olx.com.br/fortaleza-e-regiao/imoveis/3qtos-quadra-parquinho-churrasqueira-liga-9-8-7-4-8-3-1-0-8-diego9989f-estrelas-1238313766,olx,fortaleza,Papicu,,,,325000.0,100.0,3250.0,4,,3qtos/Quadra/parquinho/churrasqueira liga 9 8 7 4 8 3 1 0 8 DIEGO9989F ESTRELAS,,2026-10-02T23:55:27,faixa 250-400 mil
https://ce.olx.com.br/fortaleza-e-regiao/imoveis/precinho-bacana-107m2-2-vagas-liga-9-8-7-4-8-3-1-0-8-diego9989f-864340101,olx,fortaleza,Vicente Pinzon,,,,350000.0,107.0,3271.03,3,,Preçinho bacana 107m2 2 vagas liga 9 8 7 4 8 3 1 0 8 Diego9989f,,2026-10-02T23:55:28,faixa 250-400 mil
https://www.zapimoveis.com.br/imovel/venda-apartamento-3-quartos-amadeu-furtado-fortaleza-ce-96m2-id-2848396314/,zapimoveis,fortaleza,Amadeu Furtado,-3.741615,-38.553891,exata,295000.0,90.0,3277.78,3,indefinido,,,2026-10-02T23:55:26,faixa 250-400 mil
https://ce.olx.com.br/fortaleza-e-regiao/imoveis/edificio-el-paso-apartamento-a-venda-3-quartos-107m-1-vaga-papicu-1538056150,olx,fortaleza,Papicu,,,,360000.0,107.0,3364.49,3,,Edifício El Paso | Apartamento à Venda | 3 Quartos | 107m² | 1 Vaga | Papicu,,2026-10-02T23:55:28,faixa 250-400 mil
https://www.zapimoveis.com.br/imovel/venda-apartamento-3-quartos-presidente-kennedy-fortaleza-ce-78m2-id-2915161339/,zapimoveis,fortaleza,Presidente Kennedy,-3.735938,-38.571831,exata,265000.0,78.0,3397.44,3,indefinido,,,2026-10-02T23:55:25,faixa 250-400 mil
https://ce.olx.com.br/fortaleza-e-regiao/imoveis/101m2-elevador-algum-lazer-liga-9-8-7-4-8-3-1-0-8-diego9989f-868273221,olx,fortaleza,Papicu,,,,345000.0,101.0,3415.84,4,,101m2 elevador algum lazer liga 9 8 7 4 8 3 1 0 8 Diego9989f,,2026-10-02T23:55:28,faixa 250-400 mil
https://ce.olx.com.br/fortaleza-e-regiao/imoveis/apartamento-com-3-dormitorios-a-venda-99-m-por-r-340-000-presidente-kennedy-fortale-1540722620,olx,fortaleza,Presidente Kennedy,,,,340000.0,99.0,3434.34,3,,"Apartamento com 3 dormitórios à venda, 99 m² por R$ 340.000 - Presidente Kennedy - Fortale",,2026-10-02T23:55:26,faixa 250-400 mil
https://www.zapimoveis.com.br/imovel/venda-cobertura-3-quartos-benfica-fortaleza-ce-107m2-id-2487430122/,zapimoveis,fortaleza,Benfica,-3.747097,-38.538237,exata,370000.0,107.0,3457.94,3,indefinido,,,2026-10-02T23:55:25,faixa 250-400 mil
https://ce.olx.com.br/fortaleza-e-regiao/imoveis/ed-estrelas-do-planalto-liga-9-8-7-4-8-3-1-0-8-diego9989f-dmarci-1018056046,olx,fortaleza,Papicu,,,,365000.0,105.0,3476.19,4,,ED ESTRELAS DO PLANALTO liga 9 8 7 4 8 3 1 0 8 DIEGO9989F dmarci,,2026-10-02T23:55:28,faixa 250-400 mil
https://ce.olx.com.br/fortaleza-e-regiao/imoveis/apartamento-com-3-quartos-a-venda-em-bela-vista-ce-1470735070,olx,fortaleza,Bela Vista,,,,280000.0,80.0,3500.0,3,,Apartamento com 3 quartos à venda em Bela vista - CE,,2026-10-02T23:55:24,faixa 250-400 mil
https://ce.olx.com.br/fortaleza-e-regiao/imoveis/star-city-liga-9-8-7-4-8-3-1-0-8-diego9989f-oportunidade-star-city-1258357965,olx,fortaleza,Cocó,,,,350000.0,100.0,3500.0,3,,Star City liga 9 8 7 4 8 3 1 0 8 Diego9989f oportunidade star city,,2026-10-02T23:55:29,faixa 250-400 mil
https://www.chavesnamao.com.br/imovel/apartamento-a-venda-3-quartos-com-garagem-ce-fortaleza-guararapes-10000m2-RS399000/id-46713602/,chavesnamao,fortaleza,Guararapes,,,,399000.0,114.0,3500.0,3,,,,2026-10-02T23:55:23,faixa 250-400 mil
https://ce.olx.com.br/fortaleza-e-regiao/imoveis/antonio-fiuza-pequeno-proximo-ao-rio-mar-liga-9-8-7-4-8-3-1-0-8-diego9989f-868272410,olx,fortaleza,Papicu,,,,355000.0,101.0,3514.85,3,,Antonio Fiuza Pequeno Próximo ao Rio Mar liga 9 8 7  4 8 3 1 0 8 Diego9989f,,2026-10-02T23:55:28,faixa 250-400 mil
https://ce.olx.com.br/fortaleza-e-regiao/imoveis/apartamento-com-3-quartos-a-venda-em-aldeota-ce-1523740962,olx,fortaleza,Aldeota,,,,380000.0,108.0,3518.52,3,,Apartamento com 3 quartos à venda em Aldeota - CE,,2026-10-02T23:55:26,faixa 250-400 mil
https://ce.olx.com.br/fortaleza-e-regiao/imoveis/apartamento-com-vista-mar-localizado-na-praia-do-futuro-108-m2-area-privativa-1538218276,olx,fortaleza,Vicente Pinzon,,,,380000.0,108.0,3518.52,3,,"Apartamento com vista mar. Localizado na praia do Futuro, 108 m2 área privativa",,2026-10-02T23:55:28,faixa 250-400 mil
https://ce.olx.com.br/fortaleza-e-regiao/imoveis/apartamento-a-venda-no-montese-1538304127,olx,fortaleza,Bom Futuro,,,,340000.0,96.0,3541.67,2,,Apartamento à Venda no Montese,,2026-10-02T23:55:26,faixa 250-400 mil
https://ce.olx.com.br/fortaleza-e-regiao/imoveis/a-sua-casa-nova-100m2-2vgs-tem-parquinho-churrasqueira-liga-diego9989f-estrela-1238315071,olx,fortaleza,Papicu,,,,355000.0,100.0,3550.0,4,,"A sua casa nova! 100m2 2vgs tem parquinho, churrasqueira...liga *DIEGO9989F ESTRELA",,2026-10-02T23:55:28,faixa 250-400 mil
https://ce.olx.com.br/fortaleza-e-regiao/imoveis/apartamento-com-terraco-a-venda-presidente-kennedy-fortaleza-ce-1538322036,olx,fortaleza,Presidente Kennedy,,,,320000.0,90.0,3555.56,3,,"Apartamento com terraço à venda, Presidente Kennedy, Fortaleza, CE",,2026-10-02T23:55:29,faixa 250-400 mil
https://www.zapimoveis.com.br/imovel/venda-apartamento-3-quartos-com-playground-monte-castelo-fortaleza-ce-90m2-id-2455933863/,zapimoveis,fortaleza,Monte Castelo,-3.727711,-38.553328,exata,320000.0,90.0,3555.56,3,indefinido,,,2026-10-02T23:55:25,faixa 250-400 mil
https://ce.olx.com.br/fortaleza-e-regiao/imoveis/100m2-a-50m-do-shopping-liga-9-87-48-31-08-diego9989f-dcaituli-oportunidade-pereira-1505207210,olx,fortaleza,Papicu,,,,360000.0,101.0,3564.36,4,,100m2 a 50m do shopping liga 9 87 48 31 08 Diego9989F dcaituli oportunidade pereira -_-,,2026-10-02T23:55:27,faixa 250-400 mil
https://ce.olx.com.br/fortaleza-e-regiao/imoveis/vendo-apartamento-no-condominio-parque-atlantico-bairro-damas-75m-1540961966,olx,fortaleza,Montese,,,,270000.0,75.0,3600.0,2,,VENDO APARTAMENTO NO CONDOMÍNIO PARQUE ATLÂNTICO - BAIRRO DAMAS - 75m²,,2026-10-02T23:55:24,faixa 250-400 mil
https://ce.olx.com.br/fortaleza-e-regiao/imoveis/vendo-apartamento-no-condominio-parque-atlantico-bairro-damas-75m-1539589329,olx,fortaleza,Montese,,,,270000.0,75.0,3600.0,2,,VENDO APARTAMENTO NO CONDOMÍNIO PARQUE ATLÂNTICO - BAIRRO DAMAS - 75m²,,2026-10-02T23:55:27,faixa 250-400 mil
https://ce.olx.com.br/fortaleza-e-regiao/imoveis/vendo-apartamento-no-condominio-parque-atlantico-bairro-damas-75m-1538755962,olx,fortaleza,Montese,,,,270000.0,75.0,3600.0,2,,VENDO APARTAMENTO NO CONDOMÍNIO PARQUE ATLÂNTICO - BAIRRO DAMAS - 75m²,,2026-10-02T23:55:29,faixa 250-400 mil
https://ce.olx.com.br/fortaleza-e-regiao/imoveis/vendo-apartamento-no-condominio-parque-atlantico-bairro-damas-75m-1538440728,olx,fortaleza,Damas,,,,270000.0,75.0,3600.0,2,,VENDO APARTAMENTO NO CONDOMÍNIO PARQUE ATLÂNTICO - BAIRRO DAMAS - 75m²,,2026-10-02T23:55:29,faixa 250-400 mil
https://ce.olx.com.br/fortaleza-e-regiao/imoveis/oportunidade-101m2-viz-rio-mar-fort-liga-9874831diego9989f-1130720919,olx,fortaleza,Cocó,,,,365000.0,101.0,3613.86,4,,Oportunidade 101m2 viz Rio Mar Fort liga 9874831DIEGO9989F,,2026-10-02T23:55:30,faixa 250-400 mil
https://ce.olx.com.br/fortaleza-e-regiao/imoveis/anto-fiuza-pequeno-liga-9-8-7-4-8-3-1-0-8-diego-9989f-1130685884,olx,fortaleza,Papicu,,,,365001.0,101.0,3613.87,3,,Anto Fiuza Pequeno liga 9 8 7 4 8 3 1 0 8 DIEGO 9989F,,2026-10-02T23:55:29,faixa 250-400 mil
https://ce.olx.com.br/fortaleza-e-regiao/imoveis/101m2-prox-rio-mar-fortaleza-liga-9-8-7-4-8-3-1-0-8-diego-9989f-antofiuzpeq-1130687062,olx,fortaleza,Papicu,,,,365001.0,101.0,3613.87,3,,101m2 próx Rio Mar Fortaleza liga 9 8 7 4 8 3 1 0 8 DIEGO 9989F antofiuzpeq,,2026-10-02T23:55:28,faixa 250-400 mil
https://ce.olx.com.br/fortaleza-e-regiao/imoveis/3-4-dce-liga-9-8-7-4-8-3-1-0-8-diego-9989f-1130699646,olx,fortaleza,Manuel Dias Branco,,,,365001.0,101.0,3613.87,3,,3/4 +dce liga 9 8 7 4 8 3 1 0 8 DIEGO 9989F,,2026-10-02T23:55:28,faixa 250-400 mil
https://ce.olx.com.br/fortaleza-e-regiao/imoveis/oportunidade-aldeota-3-quartos-suite-105m-granito-1503098607,olx,fortaleza,Meireles,,,,380000.0,105.0,3619.05,3,,"Oportunidade Aldeota, 3 quartos (suíte), 105m², granito.",,2026-10-02T23:55:28,faixa 250-400 mil
https://ce.olx.com.br/fortaleza-e-regiao/imoveis/lindo-apartamento-proximo-a-2-grandes-shoppings-e-ao-centro-de-fortaleza-1540444632,olx,fortaleza,Monte Castelo,,,,345000.0,95.0,3631.58,4,,Lindo apartamento próximo a 2 grandes Shoppings e ao Centro de Fortaleza,,2026-10-02T23:55:26,faixa 250-400 mil
https://ce.olx.com.br/fortaleza-e-regiao/imoveis/pesquisas-3-4-elevador-liga-9-8-7-4-8-3-1-0-8-diego9989f-atocha-oportunidade-1256407793,olx,fortaleza,Cocó,,,,330000.0,90.0,3666.67,3,,@PESQUISAS!  3/4 elevador liga 9 8 7 4 8 3 1 0 8 DIEGO9989F ATOCHA OPORTUNIDADE,,2026-10-02T23:55:28,faixa 250-400 mil
https://ce.olx.com.br/fortaleza-e-regiao/imoveis/pesquisas-3-dormitorios-elevador-liga-9-8-7-4-8-3-1-0-8diego-atocha-oportunidade-1256405775,olx,fortaleza,Vicente Pinzon,,,,330000.0,90.0,3666.67,3,,@PESQUISAS!   3 dormitórios elevador liga 9 8 7 4 8 3 1 0 8Diego atocha oportunidade,,2026-10-02T23:55:27,faixa 250-400 mil
https://ce.olx.com.br/fortaleza-e-regiao/imoveis/apartamento-com-3-dormitorios-a-venda-76-m-por-r-280-000-lagoa-redonda-fortaleza-ce-1540452935,olx,fortaleza,Lagoa Redonda,,,,280000.0,76.0,3684.21,3,,"Apartamento com 3 dormitórios à venda, 76 m² por R$ 280.000 - Lagoa Redonda - Fortaleza/CE",,2026-10-02T23:55:26,faixa 250-400 mil
https://ce.olx.com.br/fortaleza-e-regiao/imoveis/apartamento-venda-lagoa-redonda-condominio-completo-1538289629,olx,fortaleza,Lagoa Redonda,,,,280000.0,76.0,3684.21,3,,APARTAMENTO À VENDA | LAGOA REDONDA | CONDOMÍNIO COMPLETO,,2026-10-02T23:55:29,faixa 250-400 mil
https://ce.olx.com.br/fortaleza-e-regiao/imoveis/apartamento-para-venda-com-80-metros-quadrados-com-3-quartos-em-benfica-fortaleza-ce-1200832796,olx,fortaleza,Benfica,-3.7468155000000003,-38.538813000000005,centroide_bairro,300000.0,80.0,3750.0,3,,Apartamento para venda com 80 metros quadrados com 3 quartos em Benfica - Fortaleza - CE,,2026-10-02T23:55:24,faixa 250-400 mil
https://ce.olx.com.br/fortaleza-e-regiao/imoveis/condominio-novo-lindo-parque-apartamento-de-3-quartos-no-dionisio-torres-1528696553,olx,fortaleza,Dionisio Torres,,,,289000.0,77.0,3753.25,3,,"Condomínio Novo Lindo Parque / Apartamento de 3 quartos, no DIONÍSIO TORRES.",,2026-10-02T23:55:24,faixa 250-400 mil
https://ce.olx.com.br/fortaleza-e-regiao/imoveis/e-direto-com-proprietario-1520756367,olx,fortaleza,Praia de Iracema,,,,360000.0,95.0,3789.47,4,,É Direto com Proprietário,,2026-10-02T23:55:28,faixa 250-400 mil
https://ce.olx.com.br/fortaleza-e-regiao/imoveis/imovel-para-venda-possui-68-metros-quadrados-com-3-quartos-em-rodolfo-teofilo-fortaleza-1440140703,olx,fortaleza,Rodolfo Teófilo,,,,260000.0,68.0,3823.53,3,,Imóvel para venda possui 68 metros quadrados com 3 quartos em Rodolfo Teófilo - Fortaleza,,2026-10-02T23:55:28,faixa 250-400 mil
https://ce.olx.com.br/fortaleza-e-regiao/imoveis/apartamento-jose-bonifacio-com-3-quartos-fortaleza-1387929271,olx,fortaleza,José Bonifácio,,,,330000.0,85.0,3882.35,3,,"Apartamento José Bonifácio com 3 quartos, Fortaleza.",,2026-10-02T23:55:24,faixa 250-400 mil
https://ce.olx.com.br/fortaleza-e-regiao/imoveis/apartamento-para-venda-3-quarto-s-presidente-kennedy-fortaleza-1540536595,olx,fortaleza,Presidente Kennedy,,,,350000.0,90.0,3888.89,3,,"Apartamento para venda, 3 quarto(s), Presidente Kennedy, Fortaleza",,2026-10-02T23:55:26,faixa 250-400 mil
https://ce.olx.com.br/fortaleza-e-regiao/imoveis/apartamento-de-3-quartos-com-suite-e-vaga-em-jose-bonifacio-fortaleza-1539113487,olx,fortaleza,José Bonifácio,,,,277000.0,71.0,3901.41,3,,"Apartamento de 3 quartos com suíte e vaga em José Bonifácio, Fortaleza",,2026-10-02T23:55:27,faixa 250-400 mil
https://ce.olx.com.br/fortaleza-e-regiao/imoveis/apartamento-com-3-dormitorios-a-venda-75-m-passare-fortaleza-ce-1538311576,olx,fortaleza,Passaré,-3.811345222222222,-38.532803666666666,centroide_bairro,295000.0,75.0,3933.33,3,,"Apartamento com 3 dormitórios à venda, 75 m² - Passaré - Fortaleza/CE",,2026-10-02T23:55:29,faixa 250-400 mil
https://ce.olx.com.br/fortaleza-e-regiao/imoveis/apartamento-passare-3-quartos-com-suite-75-m-2-vagas-laser-completo-1536839696,olx,fortaleza,Passaré,-3.811345222222222,-38.532803666666666,centroide_bairro,295000.0,75.0,3933.33,3,,Apartamento Passaré | 3 Quartos com Suíte | 75 m² | 2 Vagas | Laser Completo,,2026-10-02T23:55:26,faixa 250-400 mil
https://ce.olx.com.br/fortaleza-e-regiao/imoveis/apartamento-75m-3-quartos-1suite-varanda-2-vagas-passare-1539821646,olx,fortaleza,Passaré,-3.811345222222222,-38.532803666666666,centroide_bairro,295000.0,75.0,3933.33,3,,"APARTAMENTO 75M², 3 QUARTOS, 1SUÍTE, VARANDA, 2 VAGAS- PASSARE",,2026-10-02T23:55:28,faixa 250-400 mil
https://ce.olx.com.br/fortaleza-e-regiao/imoveis/apartamento-em-passare-fortaleza-1539779178,olx,fortaleza,Passaré,-3.811345222222222,-38.532803666666666,centroide_bairro,295000.0,75.0,3933.33,3,,Apartamento em Passaré - Fortaleza,,2026-10-02T23:55:27,faixa 250-400 mil
https://ce.olx.com.br/fortaleza-e-regiao/imoveis/apt-046-condominio-cabral-veras-apartamento-com-03-quartos-no-terreo-venda-1489380409,olx,fortaleza,Mondubim,-3.8094273333333333,-38.570467,centroide_bairro,260000.0,66.0,3939.39,3,,"APT 046, Condomínio Cabral Veras, Apartamento com 03 quartos no térreo, VENDA",,2026-10-02T23:55:27,faixa 250-400 mil
https://ce.olx.com.br/fortaleza-e-regiao/imoveis/fantasy-2-oportunidade-1518730686,olx,fortaleza,Antônio Bezerra,,,,390990.0,99.0,3949.39,2,,Fantasy 2 oportunidade,,2026-10-02T23:55:26,faixa 250-400 mil
https://ce.olx.com.br/fortaleza-e-regiao/imoveis/apartamento-a-venda-no-antonio-bezerra-em-fortaleza-ce-1538364647,olx,fortaleza,Antônio Bezerra,,,,390550.0,98.0,3985.2,2,,Apartamento a Venda no Antônio Bezerra em Fortaleza/CE,,2026-10-02T23:55:29,faixa 250-400 mil
https://ce.olx.com.br/fortaleza-e-regiao/imoveis/edificio-atenas-apartamento-com-3-quartos-e-uma-suite-nascente-proxima-praca-academia-1534379241,olx,fortaleza,Engenheiro Luciano Cavalcante,,,,300000.0,75.0,4000.0,3,,"Edificio Atenas / Apartamento com 3 quartos e uma suite, nascente próxima praça, academia,",,2026-10-02T23:55:26,faixa 250-400 mil
https://ce.olx.com.br/fortaleza-e-regiao/imoveis/apartamento-a-venda-no-passare-75-m-3-quartos-2-vagas-1538678326,olx,fortaleza,Passaré,-3.811345222222222,-38.532803666666666,centroide_bairro,300000.0,75.0,4000.0,3,,Apartamento à venda no Passaré  75 m² | 3 quartos | 2 vagas,,2026-10-02T23:55:29,faixa 250-400 mil
https://ce.olx.com.br/fortaleza-e-regiao/imoveis/apartamento-a-venda-75-m-por-r-300-000-00-passare-fortaleza-ce-1538211465,olx,fortaleza,Passaré,-3.811345222222222,-38.532803666666666,centroide_bairro,300000.0,75.0,4000.0,3,,"Apartamento à venda, 75 m² por R$ 300.000,00 - Passaré - Fortaleza/CE",,2026-10-02T23:55:28,faixa 250-400 mil
https://www.chavesnamao.com.br/imovel/apartamento-a-venda-3-quartos-com-garagem-ce-fortaleza-messejana-78m2-RS260000/id-43371362/,chavesnamao,fortaleza,Messejana,-3.8252363333333332,-38.49370066666666,centroide_bairro,260000.0,65.0,4000.0,3,,,,2026-10-02T23:55:25,faixa 250-400 mil
https://ce.olx.com.br/fortaleza-e-regiao/imoveis/oportunidade-area-nobre-1531511424,olx,fortaleza,Monte Castelo,,,,310000.0,77.0,4025.97,3,,Oportunidade Área Nobre,,2026-10-02T23:55:28,faixa 250-400 mil
https://ce.olx.com.br/fortaleza-e-regiao/imoveis/apartamento-na-maraponga-1432535935,olx,fortaleza,Maraponga,,,,270000.0,67.0,4029.85,3,,Apartamento na Maraponga,,2026-10-02T23:55:24,faixa 250-400 mil
https://www.zapimoveis.com.br/imovel/venda-apartamento-3-quartos-com-armario-de-cozinha-sao-gerardo-fortaleza-ce-61m2-id-2881017182/,zapimoveis,fortaleza,São Gerardo,-3.730506,-38.553793,exata,250000.0,61.0,4098.36,3,indefinido,,,2026-10-02T23:55:26,faixa 250-400 mil
https://ce.olx.com.br/fortaleza-e-regiao/imoveis/oferta-top-2-4-2-vagas-lazer-liga-9-8-7-8-3-1-0-8-diego9989f-praias-do-ceara-972875963,olx,fortaleza,Vicente Pinzon,,,,280000.0,68.0,4117.65,2,,Oferta top 2/4 2 vagas lazer liga 9 8 7  8 3 1 0 8 Diego9989f praias do ceara,,2026-10-02T23:55:27,faixa 250-400 mil
https://ce.olx.com.br/fortaleza-e-regiao/imoveis/apartamento-a-venda-no-bairro-benfica-condominio-lisboa-1539779978,olx,fortaleza,Benfica,-3.7468155000000003,-38.538813000000005,centroide_bairro,330000.0,80.0,4125.0,3,,Apartamento à venda no bairro Benfica | Condomínio Lisboa,,2026-10-02T23:55:27,faixa 250-400 mil
https://ce.olx.com.br/fortaleza-e-regiao/imoveis/vista-mar-piscinas-promo-ate-jul21-2-vagas-liga-9-8-7-4-8-3-1-0-8-diego9989f-781107508,olx,fortaleza,Centro,,,,280000.0,67.0,4179.1,2,,Vista Mar piscinas promo até Jul21 2 vagas liga 9 8 7 4 8 3 1 0 8 Diego9989f,,2026-10-02T23:55:28,faixa 250-400 mil
https://www.zapimoveis.com.br/imovel/venda-apartamento-3-quartos-passare-fortaleza-ce-61m2-id-2914870269/,zapimoveis,fortaleza,Passaré,-3.815672,-38.522984,exata,255000.0,61.0,4180.33,3,indefinido,,,2026-10-02T23:55:26,faixa 250-400 mil
https://ce.olx.com.br/fortaleza-e-regiao/imoveis/coracao-varjota-3-quartos-2-suites-73m-1520822631,olx,fortaleza,Varjota,,,,310000.0,73.0,4246.58,3,,"Coração Varjota, 3 quartos (2 suítes), 73m²",,2026-10-02T23:55:28,faixa 250-400 mil
https://ce.olx.com.br/fortaleza-e-regiao/imoveis/apartamento-a-venda-63-m-por-r-270-000-00-passare-fortaleza-ce-1539780463,olx,fortaleza,Passaré,-3.811345222222222,-38.532803666666666,centroide_bairro,270000.0,63.0,4285.71,2,,"Apartamento à venda, 63 m² por R$ 270.000,00 - Passaré - Fortaleza/CE",,2026-10-02T23:55:28,faixa 250-400 mil
https://ce.olx.com.br/fortaleza-e-regiao/imoveis/91m2-todo-projetado-e-01-quadra-do-riomar-shopping-1256585223,olx,fortaleza,Papicu,,,,390000.0,91.0,4285.71,3,,"91m2, Todo Projetado e 01 quadra do Riomar Shopping",,2026-10-02T23:55:28,faixa 250-400 mil
https://ce.olx.com.br/fortaleza-e-regiao/imoveis/apartamento-na-frei-cirilo-messejana-1537360676,olx,fortaleza,José de Alencar,,,,280000.0,65.0,4307.69,3,,Apartamento na Frei Cirilo(Messejana),,2026-10-02T23:55:24,faixa 250-400 mil
https://ce.olx.com.br/fortaleza-e-regiao/imoveis/apartamento-de-92m-no-papicu-com-3-quartos-e-com-2-vagas-porteira-fechada-1538737178,olx,fortaleza,Papicu,,,,399000.0,92.0,4336.96,3,,"Apartamento de 92m² no Papicu, com 3 quartos e com 2 vagas - PORTEIRA FECHADA.",,2026-10-02T23:55:29,faixa 250-400 mil
https://ce.olx.com.br/fortaleza-e-regiao/imoveis/apartamento-3-quartos-terreo-em-condominio-fechado-com-area-de-lazer-1534547543,olx,fortaleza,Cajazeiras,,,,265000.0,61.0,4344.26,3,,Apartamento 3 quartos térreo em condomínio fechado com área de lazer,,2026-10-02T23:55:24,faixa 250-400 mil
https://ce.olx.com.br/fortaleza-e-regiao/imoveis/cobertura-duplex-3stes-fantasy-1-liga-9-87-48-31-08-diego9989f-oportunidade-antonio-bezerr-1486343044,olx,fortaleza,Quintino Cunha,,,,399999.0,92.0,4347.82,3,,Cobertura Duplex 3stes Fantasy 1 liga 9 87 48 31 08 Diego9989F oportunidade antônio bezerr,,2026-10-02T23:55:29,faixa 250-400 mil
https://ce.olx.com.br/fortaleza-e-regiao/imoveis/apartamento-venda-residencial-arvoredo-1538956291,olx,fortaleza,Álvaro Weyne,,,,270000.0,62.0,4354.84,3,,APARTAMENTO À VENDA | RESIDENCIAL ARVOREDO,,2026-10-02T23:55:29,faixa 250-400 mil
https://ce.olx.com.br/fortaleza-e-regiao/imoveis/venda-de-apto-enorme-com-3-quantos-no-alvoro-weyne-lazer-completo-mais-informacoes-1538811194,olx,fortaleza,Álvaro Weyne,,,,270000.0,62.0,4354.84,3,,Venda de Apto Enorme com 3 Quantos no Álvoro Weyne - Lazer completo - Mais informações,,2026-10-02T23:55:29,faixa 250-400 mil
https://ce.olx.com.br/fortaleza-e-regiao/imoveis/apartamento-no-papicu-1539807683,olx,fortaleza,Vicente Pinzon,,,,285000.0,65.0,4384.62,3,,Apartamento no Papicu,,2026-10-02T23:55:28,faixa 250-400 mil
https://ce.olx.com.br/fortaleza-e-regiao/imoveis/royal-vilage-1538833870,olx,fortaleza,Mondubim,-3.8094273333333333,-38.570467,centroide_bairro,290000.0,66.0,4393.94,3,,ROYAL VILAGE,,2026-10-02T23:55:29,faixa 250-400 mil
https://ce.olx.com.br/fortaleza-e-regiao/imoveis/oportunidade-no-cond-arvoredo-apto-c-63m-3-quartos-lazer-completo-1524687284,olx,fortaleza,Álvaro Weyne,,,,277000.0,63.0,4396.83,3,,"Oportunidade no Cond. Arvoredo. Apto c/ 63m, 3 quartos, lazer completo",,2026-10-02T23:55:29,faixa 250-400 mil
https://ce.olx.com.br/fortaleza-e-regiao/imoveis/inspiratto-residence-club-apartamento-com-2-quartos-lazer-completo-no-bairro-luciano-c-1529494812,olx,fortaleza,Engenheiro Luciano Cavalcante,,,,260000.0,59.0,4406.78,2,,"INSPIRATTO RESIDENCE CLUB , APARTAMENTO COM 2 QUARTOS , LAZER COMPLETO NO BAIRRO LUCIANO C",,2026-10-02T23:55:24,faixa 250-400 mil
https://ce.olx.com.br/fortaleza-e-regiao/imoveis/condominio-arvoredo-1537700967,olx,fortaleza,Álvaro Weyne,,,,270000.0,61.0,4426.23,3,,Condominio Arvoredo.,,2026-10-02T23:55:26,faixa 250-400 mil
https://ce.olx.com.br/fortaleza-e-regiao/imoveis/excelente-apartamento-de-3-quartos-1540569265,olx,fortaleza,José de Alencar,,,,270000.0,61.0,4426.23,3,,Excelente apartamento de 3 quartos,,2026-10-02T23:55:26,faixa 250-400 mil
https://ce.olx.com.br/fortaleza-e-regiao/imoveis/apartamento-a-venda-presidente-kennedy-fortaleza-ce-1538146775,olx,fortaleza,Presidente Kennedy,,,,310000.0,70.0,4428.57,3,,"Apartamento à venda, Presidente Kennedy, Fortaleza, CE",,2026-10-02T23:55:28,faixa 250-400 mil
https://ce.olx.com.br/fortaleza-e-regiao/imoveis/apartamento-a-venda-com-72m-com-piscina-no-papicu-1538362985,olx,fortaleza,Papicu,,,,320000.0,72.0,4444.44,3,,APARTAMENTO A VENDA COM 72M COM PISCINA NO PAPICU,,2026-10-02T23:55:29,faixa 250-400 mil
https://www.zapimoveis.com.br/imovel/venda-apartamento-2-quartos-com-piscina-itaperi-fortaleza-ce-57m2-id-2878060941/,zapimoveis,fortaleza,Itaperi,-3.79616,-38.536069,exata,255000.0,57.0,4473.68,2,torre,,,2026-10-02T23:55:25,faixa 250-400 mil
https://ce.olx.com.br/fortaleza-e-regiao/imoveis/vendo-apartamento-com-78m-3-quartos-elevador-no-bairro-jardim-america-fortaleza-ce-1540957643,olx,fortaleza,Jardim América,,,,350000.0,78.0,4487.18,3,,"VENDO APARTAMENTO COM 78m², 3 QUARTOS, ELEVADOR, NO BAIRRO JARDIM AMÉRICA - FORTALEZA - CE",,2026-10-02T23:55:24,faixa 250-400 mil
https://ce.olx.com.br/fortaleza-e-regiao/imoveis/vendo-apartamento-com-78m-3-quartos-elevador-no-bairro-jardim-america-fortaleza-ce-1539584499,olx,fortaleza,Jardim América,,,,350000.0,78.0,4487.18,3,,"VENDO APARTAMENTO COM 78m², 3 QUARTOS, ELEVADOR, NO BAIRRO JARDIM AMÉRICA - FORTALEZA - CE",,2026-10-02T23:55:27,faixa 250-400 mil
https://ce.olx.com.br/fortaleza-e-regiao/imoveis/vendo-apartamento-com-78m-3-quartos-elevador-no-bairro-jardim-america-fortaleza-ce-1538751742,olx,fortaleza,Jardim América,,,,350000.0,78.0,4487.18,3,,"VENDO APARTAMENTO COM 78m², 3 QUARTOS, ELEVADOR, NO BAIRRO JARDIM AMÉRICA - FORTALEZA - CE",,2026-10-02T23:55:29,faixa 250-400 mil
https://ce.olx.com.br/fortaleza-e-regiao/imoveis/vendo-apartamento-com-78m-3-quartos-elevador-no-bairro-jardim-america-fortaleza-ce-1538232168,olx,fortaleza,Damas,,,,350000.0,78.0,4487.18,3,,"VENDO APARTAMENTO COM 78m², 3 QUARTOS, ELEVADOR, NO BAIRRO JARDIM AMÉRICA - FORTALEZA - CE",,2026-10-02T23:55:28,faixa 250-400 mil
https://ce.olx.com.br/fortaleza-e-regiao/imoveis/vendo-apartamento-com-78m-3-quartos-elevador-no-bairro-jardim-america-fortaleza-ce-1537674502,olx,fortaleza,Jardim América,,,,350000.0,78.0,4487.18,3,,"VENDO APARTAMENTO COM 78m², 3 QUARTOS, ELEVADOR, NO BAIRRO JARDIM AMÉRICA - FORTALEZA - CE",,2026-10-02T23:55:30,faixa 250-400 mil
https://ce.olx.com.br/fortaleza-e-regiao/imoveis/apartamento-com-3-quartos-a-venda-63-m-por-r-285-000-maraponga-fortaleza-ce-1540142520,olx,fortaleza,Mondubim,-3.8094273333333333,-38.570467,centroide_bairro,285000.0,63.0,4523.81,3,,"Apartamento com 3 quartos à venda, 63 m² por R$ 285.000 - Maraponga - Fortaleza/CE",,2026-10-02T23:55:28,faixa 250-400 mil
https://ce.olx.com.br/fortaleza-e-regiao/imoveis/jardim-iracema-so-venda-liga-9-8-7-4-8-3-1-0-8-diego9989f-oportunidade-av-santos-dumont-1523107888,olx,fortaleza,Aldeota,,,,290001.0,64.0,4531.27,3,,Jardim Iracema só venda! Liga 9 8 7 4 8 3 1 0 8 Diego9989f Oportunidade av.Santos Dumont_^,,2026-10-02T23:55:26,faixa 250-400 mil
https://ce.olx.com.br/fortaleza-e-regiao/imoveis/otima-localizacao-d708-liga-9-8-7-4-8-3-1-0-8-diego9989f-730021306,olx,fortaleza,Meireles,,,,290001.0,64.0,4531.27,2,,Ótima Localização d708 liga 9 8 7 4 8 3 1 0 8 Diego9989f,,2026-10-02T23:55:30,faixa 250-400 mil
https://ce.olx.com.br/fortaleza-e-regiao/imoveis/jardim-iracema-3-4-nascente-liga-9-87-48-31-08-diego9989f-oportunidade-bebe-santos-dumont-1523108856,olx,fortaleza,Aldeota,,,,290002.0,64.0,4531.28,3,,Jardim Iracema 3/4 nascente liga 9 87 48 31 08 Diego9989f oportunidade bebê santos dumont_,,2026-10-02T23:55:26,faixa 250-400 mil
https://ce.olx.com.br/fortaleza-e-regiao/imoveis/oportunidade-apartamento-projetado-venda-passare-1534490396,olx,fortaleza,Passaré,-3.811345222222222,-38.532803666666666,centroide_bairro,295000.0,65.0,4538.46,3,,Oportunidade Apartamento Projetado À Venda - Passaré,,2026-10-02T23:55:26,faixa 250-400 mil
https://ce.olx.com.br/fortaleza-e-regiao/imoveis/villa-torino-1527863875,olx,fortaleza,Parque Dois Irmãos,-3.8123913333333337,-38.553201333333334,centroide_bairro,250000.0,55.0,4545.45,2,,VILLA TORINO,,2026-10-02T23:55:28,faixa 250-400 mil
https://www.zapimoveis.com.br/imovel/venda-apartamento-3-quartos-mobiliado-monte-castelo-fortaleza-ce-79m2-id-2876716639/,zapimoveis,fortaleza,Farias Brito,-3.730811,-38.547401,exata,360000.0,79.0,4556.96,3,indefinido,,,2026-10-02T23:55:26,faixa 250-400 mil
https://www.zapimoveis.com.br/imovel/venda-apartamento-2-quartos-com-churrasqueira-lagoa-redonda-fortaleza-ce-57m2-id-2796011745/,zapimoveis,fortaleza,Lagoa Redonda,-3.831921,-38.463285,exata,260000.0,57.0,4561.4,2,indefinido,,,2026-10-02T23:55:26,faixa 250-400 mil
https://ce.olx.com.br/fortaleza-e-regiao/imoveis/apartamento-72m-monte-castelo-porteira-fechada-1540378103,olx,fortaleza,Carlito Pamplona,-3.721487,-38.554277,centroide_bairro,330000.0,72.0,4583.33,2,,APARTAMENTO 72M² | MONTE CASTELO | PORTEIRA FECHADA,,2026-10-02T23:55:26,faixa 250-400 mil
https://ce.olx.com.br/fortaleza-e-regiao/imoveis/apartamento-com-3-dormitorios-a-venda-65-m-por-r-299-000-00-vicente-pinzon-fortalez-1437282597,olx,fortaleza,Vicente Pinzon,,,,299000.0,65.0,4600.0,3,,"Apartamento com 3 dormitórios à venda, 65 m² por R$ 299.000,00 - Vicente Pinzon - Fortalez",,2026-10-02T23:55:29,faixa 250-400 mil
https://ce.olx.com.br/fortaleza-e-regiao/imoveis/moura-gestor-imobiliario-vende-apartamento-com-3x4-no-papicu-fortaleza-ce-ed-atlanta-1455110205,olx,fortaleza,Vicente Pinzon,,,,299000.0,65.0,4600.0,3,,"Moura Gestor Imobiliario Vende Apartamento com 3x4 no Papicú, Fortaleza CE - Ed. Atlanta",,2026-10-02T23:55:30,faixa 250-400 mil
https://ce.olx.com.br/fortaleza-e-regiao/imoveis/apartamento-3-quartos-vaga-coberta-no-antonio-beezerra-1537645477,olx,fortaleza,Antônio Bezerra,,,,290000.0,63.0,4603.17,3,,"Apartamento 3 quartos, vaga coberta no Antônio Beezerra",,2026-10-02T23:55:30,faixa 250-400 mil
https://www.zapimoveis.com.br/imovel/venda-apartamento-3-quartos-cajazeiras-fortaleza-ce-63m2-id-2914867572/,zapimoveis,fortaleza,Messejana,-3.819374,-38.497954,exata,290000.0,63.0,4603.17,3,indefinido,,,2026-10-02T23:55:26,faixa 250-400 mil
https://ce.olx.com.br/fortaleza-e-regiao/imoveis/apartamento-terreo-no-passare-3-quartos-condomnio-vila-fiori-1540967738,olx,fortaleza,Passaré,-3.811345222222222,-38.532803666666666,centroide_bairro,259000.0,56.0,4625.0,3,,APARTAMENTO TERREO NO PASSARÉ 3 quartos Condomnio Vila Fiori,,2026-10-02T23:55:24,faixa 250-400 mil
https://www.chavesnamao.com.br/imovel/apartamento-a-venda-2-quartos-com-garagem-ce-fortaleza-passare-RS260000/id-47078898/,chavesnamao,fortaleza,Passaré,-3.811345222222222,-38.532803666666666,centroide_bairro,260000.0,56.0,4642.86,2,,,,2026-10-02T23:55:24,faixa 250-400 mil
https://www.zapimoveis.com.br/imovel/venda-apartamento-2-quartos-mobiliado-itaperi-fortaleza-ce-75m2-id-2874528512/,zapimoveis,fortaleza,Itaperi,-3.79616,-38.536069,exata,350000.0,75.0,4666.67,2,torre,,,2026-10-02T23:55:25,faixa 250-400 mil
https://ce.olx.com.br/fortaleza-e-regiao/imoveis/apartamento-com-3-dormitorios-a-venda-61-m-por-r-285-000-00-cajazeiras-fortaleza-ce-938939208,olx,fortaleza,Cajazeiras,,,,285000.0,61.0,4672.13,3,,"Apartamento com 3 dormitórios à venda, 61 m² por R$ 285.000,00 - Cajazeiras - Fortaleza/CE",,2026-10-02T23:55:26,faixa 250-400 mil
https://ce.olx.com.br/fortaleza-e-regiao/imoveis/apartamento-a-venda-77-m-jardim-america-fortaleza-ce-1432536921,olx,fortaleza,Jardim América,,,,360000.0,77.0,4675.32,3,,"Apartamento à venda, 77 m² - Jardim América - Fortaleza/CE",,2026-10-02T23:55:24,faixa 250-400 mil
https://ce.olx.com.br/fortaleza-e-regiao/imoveis/portal-dos-passaros-1536551406,olx,fortaleza,Passaré,-3.811345222222222,-38.532803666666666,centroide_bairro,290000.0,62.0,4677.42,3,,Portal dos Pássaros,,2026-10-02T23:55:26,faixa 250-400 mil
https://ce.olx.com.br/fortaleza-e-regiao/imoveis/vendo-apartamento-com-66m-3-quartos-elevador-no-bairro-parangaba-fortaleza-ceara-1540959708,olx,fortaleza,Itaoca,-3.768639,-38.55466,centroide_bairro,310000.0,66.0,4696.97,3,,"VENDO APARTAMENTO COM 66m², 3 QUARTOS, ELEVADOR NO BAIRRO PARANGABA - FORTALEZA  CEARÁ",,2026-10-02T23:55:24,faixa 250-400 mil
https://ce.olx.com.br/fortaleza-e-regiao/imoveis/vendo-apartamento-com-66m-3-quartos-elevador-no-bairro-parangaba-fortaleza-ceara-1539588150,olx,fortaleza,Itaoca,-3.768639,-38.55466,centroide_bairro,310000.0,66.0,4696.97,3,,"VENDO APARTAMENTO COM 66m², 3 QUARTOS, ELEVADOR NO BAIRRO PARANGABA - FORTALEZA  CEARÁ",,2026-10-02T23:55:27,faixa 250-400 mil
https://ce.olx.com.br/fortaleza-e-regiao/imoveis/vendo-apartamento-com-66m-3-quartos-elevador-no-bairro-parangaba-fortaleza-ceara-1538754417,olx,fortaleza,Parangaba,,,,310000.0,66.0,4696.97,3,,"VENDO APARTAMENTO COM 66m², 3 QUARTOS, ELEVADOR NO BAIRRO PARANGABA - FORTALEZA  CEARÁ",,2026-10-02T23:55:29,faixa 250-400 mil
https://ce.olx.com.br/fortaleza-e-regiao/imoveis/vendo-apartamento-com-66m-3-quartos-elevador-no-bairro-parangaba-fortaleza-ceara-1538437110,olx,fortaleza,Parangaba,,,,310000.0,66.0,4696.97,3,,"VENDO APARTAMENTO COM 66m², 3 QUARTOS, ELEVADOR NO BAIRRO PARANGABA - FORTALEZA  CEARÁ",,2026-10-02T23:55:29,faixa 250-400 mil
https://ce.olx.com.br/fortaleza-e-regiao/imoveis/vendo-apartamento-com-66m-3-quartos-elevador-no-bairro-parangaba-fortaleza-ceara-1537675491,olx,fortaleza,Itaoca,-3.768639,-38.55466,centroide_bairro,310000.0,66.0,4696.97,3,,"VENDO APARTAMENTO COM 66m², 3 QUARTOS, ELEVADOR NO BAIRRO PARANGABA - FORTALEZA  CEARÁ",,2026-10-02T23:55:30,faixa 250-400 mil
https://ce.olx.com.br/fortaleza-e-regiao/imoveis/excelente-oportunidade-no-condominio-van-piaget-praia-do-futuro-1537815926,olx,fortaleza,Praia do Futuro II,,,,340000.0,72.0,4722.22,2,,EXCELENTE OPORTUNIDADE NO CONDOMÍNIO VAN PIAGET - PRAIA DO FUTURO,,2026-10-02T23:55:30,faixa 250-400 mil
https://ce.olx.com.br/fortaleza-e-regiao/imoveis/imovel-para-venda-de-74-44-metros-quadrados-com-3-quartos-em-aldeota-fortaleza-ce-1523293056,olx,fortaleza,Aldeota,,,,350000.0,74.0,4729.73,3,,"Imóvel para venda de 74,44 metros quadrados, com 3 quartos, em Aldeota - Fortaleza - CE",,2026-10-02T23:55:28,faixa 250-400 mil
https://ce.olx.com.br/fortaleza-e-regiao/imoveis/apt-198-mondubim-pronto-para-morar-condominio-teravila-residence-576391555,olx,fortaleza,Mondubim,-3.8094273333333333,-38.570467,centroide_bairro,270000.0,57.0,4736.84,2,,"APT 198, Mondubim, Pronto para morar, condomínio Teravila Residence",,2026-10-02T23:55:29,faixa 250-400 mil
https://ce.olx.com.br/fortaleza-e-regiao/imoveis/apartamento-com-3-dormitorios-a-venda-61-m-por-r-290-000-00-cajazeiras-fortaleza-ce-1539765179,olx,fortaleza,Cajazeiras,,,,290000.0,61.0,4754.1,3,,"Apartamento com 3 dormitórios à venda, 61 m² por R$ 290.000,00 - Cajazeiras - Fortaleza/CE",,2026-10-02T23:55:27,faixa 250-400 mil
https://www.zapimoveis.com.br/imovel/venda-apartamento-3-quartos-com-piscina-messejana-fortaleza-ce-62m2-id-2892816291/,zapimoveis,fortaleza,Coaçu,-3.836447,-38.48682,exata,295000.0,62.0,4758.06,3,indefinido,,,2026-10-02T23:55:26,faixa 250-400 mil
https://ce.olx.com.br/fortaleza-e-regiao/imoveis/apartamento-com-3-quartos-e-varanda-no-passare-condominio-vivenda-venda-1538433079,olx,fortaleza,Engenheiro Luciano Cavalcante,,,,300000.0,63.0,4761.9,3,,APARTAMENTO COM 3 QUARTOS E VARANDA NO PASSARÉ | CONDOMÍNIO VIVENDA | VENDA,,2026-10-02T23:55:29,faixa 250-400 mil
https://www.zapimoveis.com.br/imovel/venda-apartamento-3-quartos-com-academia-passare-fortaleza-ce-63m2-id-2915065887/,zapimoveis,fortaleza,Passaré,-3.815,-38.532,aproximada_portal,300000.0,63.0,4761.9,3,indefinido,,,2026-10-02T23:55:26,faixa 250-400 mil
https://ce.olx.com.br/fortaleza-e-regiao/imoveis/imovel-para-venda-tem-65-metros-quadrados-com-3-quartos-em-cambeba-fortaleza-ce-1538032433,olx,fortaleza,Cambeba,,,,310000.0,65.0,4769.23,3,,Imóvel para venda tem 65 metros quadrados com 3 quartos em Cambeba - Fortaleza - CE,,2026-10-02T23:55:30,faixa 250-400 mil
https://www.zapimoveis.com.br/imovel/venda-apartamento-3-quartos-com-acesso-24-horas-edson-queiroz-fortaleza-ce-80m2-id-2814012237/,zapimoveis,fortaleza,Edson Queiroz,-3.760962,-38.480479,exata,385000.0,80.0,4812.5,3,torre,,,2026-10-02T23:55:25,faixa 250-400 mil
https://www.chavesnamao.com.br/imovel/apartamento-a-venda-3-quartos-com-garagem-ce-fortaleza-messejana-73m2-RS300000/id-43281922/,chavesnamao,fortaleza,Messejana,-3.8252363333333332,-38.49370066666666,centroide_bairro,300000.0,62.0,4838.71,3,,,,2026-10-02T23:55:23,faixa 250-400 mil
https://ce.olx.com.br/fortaleza-e-regiao/imoveis/apartamento-venda-em-messejana-1539098882,olx,fortaleza,Coaçu,-3.8364795000000003,-38.487482,centroide_bairro,320000.0,66.0,4848.48,3,,APARTAMENTO À VENDA EM MESSEJANA,,2026-10-02T23:55:27,faixa 250-400 mil
https://ce.olx.com.br/fortaleza-e-regiao/imoveis/68m2-2vagas-lpesquisas-r-vista-mar-liga-9-8-7-4-8-3-1-0-8-diego9989f-praias-do-ceara-972875671,olx,fortaleza,Vicente Pinzon,,,,330000.0,68.0,4852.94,2,,68m2 2vagas lPesquisas@r vista mar liga 9 8 7 4 8 3 1 0 8 Diego9989f praias do ceara,,2026-10-02T23:55:30,faixa 250-400 mil
https://ce.olx.com.br/fortaleza-e-regiao/imoveis/apartamento-residencial-a-venda-papicu-fortaleza-1432539884,olx,fortaleza,Papicu,,,,400000.0,82.0,4878.05,2,,"Apartamento residencial à venda, Papicu, Fortaleza.",,2026-10-02T23:55:24,faixa 250-400 mil
https://ce.olx.com.br/fortaleza-e-regiao/imoveis/apartamento-venda-villa-milano-2-quartos-2-banheiros-1534136387,olx,fortaleza,Parque Dois Irmãos,-3.8123913333333337,-38.553201333333334,centroide_bairro,290000.0,59.0,4915.25,2,,"APARTAMENTO À VENDA | VILLA MILANO | 2 QUARTOS, 2 BANHEIROS",,2026-10-02T23:55:26,faixa 250-400 mil
https://ce.olx.com.br/fortaleza-e-regiao/imoveis/apartamento-mobiliado-com-3-quartos-para-venda-no-costa-atlantica-1540848231,olx,fortaleza,Manuel Dias Branco,,,,320000.0,65.0,4923.08,3,,Apartamento Mobiliado com 3 quartos para Venda no Costa Atlântica,,2026-10-02T23:55:24,faixa 250-400 mil
https://ce.olx.com.br/fortaleza-e-regiao/imoveis/apartamento-com-2-dormitorios-a-venda-70-m-por-r-349-000-00-messejana-fortaleza-ce-1504324979,olx,fortaleza,Parque Santa Maria,,,,349000.0,70.0,4985.71,2,,"Apartamento com 2 dormitórios à venda, 70 m² por R$ 349.000,00 - Messejana - Fortaleza/CE",,2026-10-02T23:55:27,faixa 250-400 mil
https://ce.olx.com.br/fortaleza-e-regiao/imoveis/apartamento-a-venda-no-rubi-sao-gerardo-fortaleza-ce-1527236399,olx,fortaleza,São Gerardo,-3.7319725000000004,-38.556587,centroide_bairro,369000.0,74.0,4986.49,3,,"Apartamento à venda no RUBI, SÃO GERARDO, Fortaleza, CE",,2026-10-02T23:55:27,faixa 250-400 mil
https://ce.olx.com.br/fortaleza-e-regiao/imoveis/costa-atlantica-3q-v-e-n-d-i-d-o-liga-9-8-7-4-8-3-1-0-8-diego9989f-four-seasons-728067044,olx,fortaleza,Manuel Dias Branco,,,,330000.0,66.0,5000.0,3,,Costa Atlântica 3q v e  n d i d o  liga 9 8 7 4 8 3 1 0 8 Diego9989F four seasons,,2026-10-02T23:55:28,faixa 250-400 mil
https://ce.olx.com.br/fortaleza-e-regiao/imoveis/fatima-3-quartos-elevador-1-vaga-liga-ga-9-87-48-31-08-diego9989f-sonho-de-fatima-oportuni-1451048610,olx,fortaleza,Fátima,,,,350000.0,70.0,5000.0,3,,Fátima 3 quartos elevador 1 vaga liga ga 9 87 48 31 08 Diego9989f sonho de Fátima oportuni,,2026-10-02T23:55:30,faixa 250-400 mil
https://ce.olx.com.br/fortaleza-e-regiao/imoveis/apartamento-3-quartos-fatima-liga-9-87-48-31-08-diego9989f-sonho-de-fatima-1451041432,olx,fortaleza,Fátima,,,,350000.0,70.0,5000.0,3,,Apartamento 3 quartos Fátima liga 9 87 48 31 08 Diego9989f sonho de Fátima,,2026-10-02T23:55:30,faixa 250-400 mil
https://ce.olx.com.br/fortaleza-e-regiao/imoveis/apartamento-no-mondubim-cod0064-943919555,olx,fortaleza,Prefeito José Walter,,,,285000.0,57.0,5000.0,2,,Apartamento no Mondubim (cód0064),,2026-10-02T23:55:27,faixa 250-400 mil
https://ce.olx.com.br/fortaleza-e-regiao/imoveis/apartamento-a-venda-em-fortaleza-parque-manibura-com-2-quartos-com-52-m-condominio-in-1539797891,olx,fortaleza,Parque Manibura,,,,260000.0,52.0,5000.0,2,,"Apartamento à venda em Fortaleza, Parque Manibura, com 2 quartos, com 52 m², Condomínio In",,2026-10-02T23:55:28,faixa 250-400 mil
https://www.zapimoveis.com.br/imovel/venda-apartamento-3-quartos-mobiliado-parque-del-sol-fortaleza-ce-60m2-id-2914952749/,zapimoveis,fortaleza,Parque Iracema,-3.806052,-38.498439,exata,300000.0,60.0,5000.0,3,indefinido,,,2026-10-02T23:55:25,faixa 250-400 mil
https://ce.olx.com.br/fortaleza-e-regiao/imoveis/imovel-para-venda-com-suite-area-de-lazer-completa-1537623983,olx,fortaleza,Cambeba,,,,292000.0,58.0,5034.48,2,,Imóvel para venda com suíte área de lazer completa,,2026-10-02T23:55:30,faixa 250-400 mil
https://ce.olx.com.br/fortaleza-e-regiao/imoveis/venda-de-apto-enorme-no-cambeba-com-3-quantos-mais-informacoes-1540834449,olx,fortaleza,Cambeba,,,,350000.0,69.0,5072.46,3,,Venda de Apto Enorme no Cambeba com (3 Quantos) Mais informações,,2026-10-02T23:55:24,faixa 250-400 mil
https://www.zapimoveis.com.br/imovel/venda-apartamento-3-quartos-com-piscina-passare-fortaleza-ce-69m2-id-2906907022/,zapimoveis,fortaleza,Passaré,-3.805,-38.534,aproximada_portal,350000.0,69.0,5072.46,3,provavel_bloco,Condomínio Portal do Passaré,,2026-10-02T23:55:25,faixa 250-400 mil
https://ce.olx.com.br/fortaleza-e-regiao/imoveis/vendo-apartamento-com-elevador-2-quartos-2-banheiros-e-lazer-completo-cond-matias-beck-1538244761,olx,fortaleza,Jacarecanga,,,,290000.0,57.0,5087.72,2,,"Vendo Apartamento Com Elevador, 2 Quartos, 2 Banheiros e Lazer Completo! Cond Matias Beck",,2026-10-02T23:55:28,faixa 250-400 mil
https://ce.olx.com.br/fortaleza-e-regiao/imoveis/porteira-fechada-2-quartos-e-2-banheiros-liga-9-8-7-4-8-3-1-0-8-diego9989f-costa-atlantica-771568601,olx,fortaleza,Cidade 2000,,,,275000.0,54.0,5092.59,2,,Porteira fechada 2 quartos e 2 banheiros liga 9 8 7 4 8 3 1 0 8 Diego9989f costa atlantica,,2026-10-02T23:55:29,faixa 250-400 mil
https://ce.olx.com.br/fortaleza-e-regiao/imoveis/apartamento-a-venda-no-bairro-luciano-cavalcante-condominio-inspiratto-residence-club-1539780538,olx,fortaleza,Parque Manibura,,,,270000.0,53.0,5094.34,2,,Apartamento à venda no bairro Luciano Cavalcante | Condomínio Inspiratto Residence Club.,,2026-10-02T23:55:28,faixa 250-400 mil
https://ce.olx.com.br/fortaleza-e-regiao/imoveis/apartamento-a-venda-com-3-quartos-em-manuel-dias-branco-fortaleza-ce-1540364701,olx,fortaleza,Manuel Dias Branco,,,,400000.0,78.0,5128.21,3,,Apartamento à Venda com 3 quartos em Manuel Dias Branco - Fortaleza - CE,,2026-10-02T23:55:26,faixa 250-400 mil
https://ce.olx.com.br/fortaleza-e-regiao/imoveis/apartamento-venda-condominio-mirante-do-sol-cambeba-1540850182,olx,fortaleza,Cambeba,,,,350000.0,68.0,5147.06,3,,APARTAMENTO À VENDA  CONDOMÍNIO MIRANTE DO SOL | CAMBEBA,,2026-10-02T23:55:24,faixa 250-400 mil
https://ce.olx.com.br/fortaleza-e-regiao/imoveis/apartamento-68-53-m-3-quartos-suite-e-2-vagas-cambeba-1539668922,olx,fortaleza,Cambeba,,,,350000.0,68.0,5147.06,3,,"Apartamento 68,53 m² | 3 Quartos, Suíte e 2 Vagas | Cambeba",,2026-10-02T23:55:27,faixa 250-400 mil
https://ce.olx.com.br/fortaleza-e-regiao/imoveis/vendo-apartamento-com-62m-3-quartos-no-bairro-parangaba-fortaleza-ceara-1539610437,olx,fortaleza,Jóquei Clube,,,,320000.0,62.0,5161.29,3,,"VENDO APARTAMENTO COM 62m², 3 QUARTOS NO BAIRRO PARANGABA - FORTALEZA - CEARÁ",,2026-10-02T23:55:27,faixa 250-400 mil
https://ce.olx.com.br/fortaleza-e-regiao/imoveis/vendo-apartamento-com-62m-3-quartos-no-bairro-parangaba-fortaleza-ceara-1538770616,olx,fortaleza,Jóquei Clube,,,,320000.0,62.0,5161.29,3,,"VENDO APARTAMENTO COM 62m², 3 QUARTOS NO BAIRRO PARANGABA - FORTALEZA - CEARÁ",,2026-10-02T23:55:29,faixa 250-400 mil
https://ce.olx.com.br/fortaleza-e-regiao/imoveis/vendo-apartamento-com-62m-3-quartos-no-bairro-parangaba-fortaleza-ceara-1538455018,olx,fortaleza,Parangaba,,,,320000.0,62.0,5161.29,3,,"VENDO APARTAMENTO COM 62m², 3 QUARTOS NO BAIRRO PARANGABA - FORTALEZA - CEARÁ",,2026-10-02T23:55:29,faixa 250-400 mil
https://ce.olx.com.br/fortaleza-e-regiao/imoveis/vendo-apartamento-com-62m-3-quartos-no-bairro-parangaba-fortaleza-ceara-1537687776,olx,fortaleza,Bonsucesso,,,,320000.0,62.0,5161.29,3,,"VENDO APARTAMENTO COM 62m², 3 QUARTOS NO BAIRRO PARANGABA - FORTALEZA - CEARÁ",,2026-10-02T23:55:30,faixa 250-400 mil
https://ce.olx.com.br/fortaleza-e-regiao/imoveis/villa-milano-1490743025,olx,fortaleza,Parque Dois Irmãos,-3.8123913333333337,-38.553201333333334,centroide_bairro,280000.0,54.0,5185.19,2,,Villa Milano,,2026-10-02T23:55:26,faixa 250-400 mil
https://ce.olx.com.br/fortaleza-e-regiao/imoveis/100-nascente-na-sombra-liga-9-8-7-4-8-3-1-0-8-diego9989f-four-seasons-966398702,olx,fortaleza,Cidade 2000,,,,265000.0,51.0,5196.08,2,,"100% nascente, na sombra liga 9 8 7 4 8 3 1 0 8 Diego9989f four seasons",,2026-10-02T23:55:29,faixa 250-400 mil
https://ce.olx.com.br/fortaleza-e-regiao/imoveis/costa-atlantica-2-banheiros-liga-9-8-7-4-8-3-1-0-8-diego9989f-852256818,olx,fortaleza,Cidade 2000,,,,265000.0,51.0,5196.08,2,,Costa Atlântica 2 banheiros liga 9 8 7 4 8 3 1 0 8 Diego9989f,,2026-10-02T23:55:28,faixa 250-400 mil
https://ce.olx.com.br/fortaleza-e-regiao/imoveis/procuramos-nesses-four-seasons-costa-atlantica-terreo-liga-9-8-7-4-8-3-1-0-8-diego9989-976061562,olx,fortaleza,Cidade 2000,,,,260000.0,50.0,5200.0,2,,"Procuramos nesses:Four Seasons, Costa Atlântica , térreo liga 9 8 7 4 8 3 1 0 8 Diego9989",,2026-10-02T23:55:27,faixa 250-400 mil
https://ce.olx.com.br/fortaleza-e-regiao/imoveis/condominio-villa-treviso-maraponga-unidade-com-projetados-1540522251,olx,fortaleza,Parque Dois Irmãos,-3.8123913333333337,-38.553201333333334,centroide_bairro,300000.0,57.0,5263.16,3,,CONDOMÍNIO VILLA TREVISO | MARAPONGA | unidade com projetados,,2026-10-02T23:55:26,faixa 250-400 mil
https://ce.olx.com.br/fortaleza-e-regiao/imoveis/imovel-para-venda-3-quartos-02-vagas-bairro-damas-fortaleza-ce-1537769053,olx,fortaleza,Damas,,,,379000.0,72.0,5263.89,3,,Imóvel para venda | 3 quartos | 02 vagas bairro Damas - Fortaleza - CE,,2026-10-02T23:55:30,faixa 250-400 mil
https://www.chavesnamao.com.br/imovel/apartamento-a-venda-2-quartos-com-garagem-ce-fortaleza-parreao-55m2-RS290000/id-42877863/,chavesnamao,fortaleza,Parreão,,,,290000.0,55.0,5272.73,2,,,,2026-10-02T23:55:25,faixa 250-400 mil
https://ce.olx.com.br/fortaleza-e-regiao/imoveis/apartamento-para-venda-tem-70-metros-quadrados-1538449107,olx,fortaleza,Presidente Kennedy,,,,370000.0,70.0,5285.71,3,,Apartamento para venda tem 70 metros quadrados,,2026-10-02T23:55:29,faixa 250-400 mil
https://ce.olx.com.br/fortaleza-e-regiao/imoveis/apt-064-jacarecanga-condominio-flor-do-sertao-apartamento-com-2-quartos-761544081,olx,fortaleza,Jacarecanga,,,,269900.0,51.0,5292.16,2,,"APT 064, Jacarecanga, Condomínio Flor do Sertão, Apartamento com 2 Quartos",,2026-10-02T23:55:27,faixa 250-400 mil
https://ce.olx.com.br/fortaleza-e-regiao/imoveis/costa-atlantica-51m2-2-quartos-lazer-liga-9-8-7-4-8-3-1-0-8-diego9989f-oportunidade-pesqui-706349718,olx,fortaleza,Cidade 2000,,,,270000.0,51.0,5294.12,2,,Costa Atlântica 51m2 2 quartos lazer liga 9 8 7 4 8 3 1 0 8 Diego9989f oportunidade pesqui,,2026-10-02T23:55:28,faixa 250-400 mil
https://ce.olx.com.br/fortaleza-e-regiao/imoveis/apartamento-62m-3-quartos-parangaba-1538194111,olx,fortaleza,Parangaba,,,,330000.0,62.0,5322.58,3,,"Apartamento 62m², 3 quartos - Parangaba",,2026-10-02T23:55:28,faixa 250-400 mil
https://ce.olx.com.br/fortaleza-e-regiao/imoveis/apartamento-com-3-dormitorios-a-venda-61-m-por-r-315-000-parangaba-fortaleza-ce-1540356764,olx,fortaleza,Parangaba,,,,325000.0,61.0,5327.87,3,,"Apartamento com 3 dormitórios à venda, 61 m² por R$ 315.000 - Parangaba - Fortaleza/CE",,2026-10-02T23:55:26,faixa 250-400 mil
https://ce.olx.com.br/fortaleza-e-regiao/imoveis/apartamento-mandarim-residence-clube-1538970413,olx,fortaleza,Passaré,-3.811345222222222,-38.532803666666666,centroide_bairro,320000.0,60.0,5333.33,3,,APARTAMENTO MANDARIM RESIDENCE CLUBE,,2026-10-02T23:55:26,faixa 250-400 mil
https://ce.olx.com.br/fortaleza-e-regiao/imoveis/apartamento-com-3-dormitorios-a-venda-60-m-por-r-330-000-00-messejana-fortaleza-ce-1539780397,olx,fortaleza,Messejana,-3.8252363333333332,-38.49370066666666,centroide_bairro,320000.0,60.0,5333.33,3,,"Apartamento com 3 dormitórios à venda, 60 m² por R$ 330.000,00 - Messejana - Fortaleza/CE",,2026-10-02T23:55:28,faixa 250-400 mil
https://ce.olx.com.br/fortaleza-e-regiao/imoveis/venda-de-apto-top-no-melhor-da-messejana-com-super-area-de-lazer-mais-informacoes-1539589238,olx,fortaleza,Coaçu,-3.8364795000000003,-38.487482,centroide_bairro,320000.0,60.0,5333.33,3,,Venda de Apto Top no Melhor da Messejana com Super Área de Lazer - Mais informações,,2026-10-02T23:55:27,faixa 250-400 mil
https://ce.olx.com.br/fortaleza-e-regiao/imoveis/mandarim-residence-60-metros-3-quartos-1-vaga-elevador-lazer-completo-passare-1538093728,olx,fortaleza,Passaré,-3.811345222222222,-38.532803666666666,centroide_bairro,320000.0,60.0,5333.33,3,,Mandarim Residence - 60 metros - 3 quartos + 1 vaga - Elevador - Lazer Completo - Passaré,,2026-10-02T23:55:28,faixa 250-400 mil
https://ce.olx.com.br/fortaleza-e-regiao/imoveis/mandarim-residence-terreo-60-metros-3-quartos-elevador-lazer-completo-passare-1538093557,olx,fortaleza,Passaré,-3.811345222222222,-38.532803666666666,centroide_bairro,320000.0,60.0,5333.33,3,,Mandarim Residence - Térreo - 60 metros - 3 quartos - Elevador - Lazer Completo - Passaré,,2026-10-02T23:55:28,faixa 250-400 mil
https://ce.olx.com.br/fortaleza-e-regiao/imoveis/ed-san-isidro-jose-bonifacio-1540897916,olx,fortaleza,Benfica,-3.7468155000000003,-38.538813000000005,centroide_bairro,320000.0,60.0,5333.33,2,,ED. SAN ISIDRO JOSÉ BONIFÁCIO,,2026-10-02T23:55:24,faixa 250-400 mil
https://ce.olx.com.br/fortaleza-e-regiao/imoveis/apartamento-em-jose-bonifacio-fortaleza-1540832227,olx,fortaleza,Benfica,-3.7468155000000003,-38.538813000000005,centroide_bairro,320000.0,60.0,5333.33,2,,Apartamento em José Bonifácio - Fortaleza,,2026-10-02T23:55:24,faixa 250-400 mil
https://ce.olx.com.br/fortaleza-e-regiao/imoveis/apartamento-venda-no-centro-esquina-com-a-avenida-domingos-olimpio-1540137737,olx,fortaleza,José Bonifácio,,,,320000.0,60.0,5333.33,2,,APARTAMENTO À VENDA NO CENTRO - ESQUINA COM A AVENIDA DOMINGOS OLÍMPIO!,,2026-10-02T23:55:28,faixa 250-400 mil
https://ce.olx.com.br/fortaleza-e-regiao/imoveis/oportunidade-imperdivel-1539767179,olx,fortaleza,José Bonifácio,,,,320000.0,60.0,5333.33,2,,Oportunidade imperdível!,,2026-10-02T23:55:27,faixa 250-400 mil
https://ce.olx.com.br/fortaleza-e-regiao/imoveis/parc-de-prince-apartamento-na-cidade-dos-funcionarios-em-fortaleza-ce-1540915965,olx,fortaleza,Cambeba,,,,320000.0,60.0,5333.33,3,,PARC DE PRINCE  APARTAMENTO NA CIDADE DOS FUNCIONARIOS EM FORTALEZA/CE,,2026-10-02T23:55:24,faixa 250-400 mil
https://www.chavesnamao.com.br/imovel/apartamento-a-venda-2-quartos-com-garagem-ce-fortaleza-papicu-RS320000/id-24727022/,chavesnamao,fortaleza,Papicu,,,,320000.0,60.0,5333.33,2,,,,2026-10-02T23:55:23,faixa 250-400 mil
https://ce.olx.com.br/fortaleza-e-regiao/imoveis/apartamento-a-venda-03-quartos-novo-maraponga-residence-clube-1540644222,olx,fortaleza,Jardim Cearense,,,,390000.0,73.0,5342.47,3,,Apartamento à venda 03 quartos | Novo | Maraponga Residence Clube,,2026-10-02T23:55:26,faixa 250-400 mil
https://ce.olx.com.br/fortaleza-e-regiao/imoveis/condomininio-villa-treviso-1500292831,olx,fortaleza,Parque Dois Irmãos,-3.8123913333333337,-38.553201333333334,centroide_bairro,300000.0,56.0,5357.14,2,,Condominínio Villa Treviso,,2026-10-02T23:55:24,faixa 250-400 mil
https://ce.olx.com.br/fortaleza-e-regiao/imoveis/vendo-apartamento-com-65m-3-quartos-elevador-no-bairro-damas-fortaleza-ceara-1540963691,olx,fortaleza,Damas,,,,350000.0,65.0,5384.62,3,,"VENDO APARTAMENTO COM 65m², 3 QUARTOS, ELEVADOR, NO BAIRRO DAMAS - FORTALEZA - CEARÁ",,2026-10-02T23:55:24,faixa 250-400 mil
https://ce.olx.com.br/fortaleza-e-regiao/imoveis/apartamento-com-3-quartos-a-venda-no-damas-1540443395,olx,fortaleza,Damas,,,,350000.0,65.0,5384.62,3,,Apartamento com 3 Quartos a Venda no Damas,,2026-10-02T23:55:26,faixa 250-400 mil
https://ce.olx.com.br/fortaleza-e-regiao/imoveis/vendo-apartamento-com-65m-3-quartos-elevador-no-bairro-damas-fortaleza-ceara-1539592433,olx,fortaleza,Damas,,,,350000.0,65.0,5384.62,3,,"VENDO APARTAMENTO COM 65m², 3 QUARTOS, ELEVADOR, NO BAIRRO DAMAS - FORTALEZA - CEARÁ",,2026-10-02T23:55:27,faixa 250-400 mil
https://ce.olx.com.br/fortaleza-e-regiao/imoveis/vendo-apartamento-com-65m-3-quartos-elevador-no-bairro-damas-fortaleza-ceara-1537678735,olx,fortaleza,Damas,,,,350000.0,65.0,5384.62,3,,"VENDO APARTAMENTO COM 65m², 3 QUARTOS, ELEVADOR, NO BAIRRO DAMAS - FORTALEZA - CEARÁ",,2026-10-02T23:55:30,faixa 250-400 mil
https://ce.olx.com.br/fortaleza-e-regiao/imoveis/apartamento-para-venda-em-fortaleza-antonio-bezerra-2-dormitorios-1-suite-2-banheiros-1538770347,olx,fortaleza,Antônio Bezerra,,,,350000.0,65.0,5384.62,2,,"Apartamento para Venda em Fortaleza, Antônio Bezerra, 2 dormitórios, 1 suíte, 2 banheiros,",,2026-10-02T23:55:29,faixa 250-400 mil
https://ce.olx.com.br/fortaleza-e-regiao/imoveis/apartamento-com-2-dormitorios-a-venda-52-m-por-r-280-000-00-tauape-fortaleza-ce-1539780470,olx,fortaleza,Tauape,,,,280000.0,52.0,5384.62,2,,"Apartamento com 2 dormitórios à venda, 52 m² por R$ 280.000,00 - Tauape - Fortaleza/CE",,2026-10-02T23:55:28,faixa 250-400 mil
https://ce.olx.com.br/fortaleza-e-regiao/imoveis/apartamento-com-3-dormitorios-a-venda-65-m-por-r-350-000-cidade-dos-funcionarios-fo-1540452958,olx,fortaleza,Cidade dos Funcionários,,,,350000.0,65.0,5384.62,3,,"Apartamento com 3 dormitórios à venda, 65 m² por R$ 350.000 - Cidade dos Funcionários - Fo",,2026-10-02T23:55:26,faixa 250-400 mil
https://ce.olx.com.br/fortaleza-e-regiao/imoveis/apartamento-venda-na-serrinha-proximo-uece-1531942432,olx,fortaleza,Serrinha,,,,350000.0,65.0,5384.62,3,,APARTAMENTO À VENDA NA SERRINHA  PRÓXIMO À UECE,,2026-10-02T23:55:24,faixa 250-400 mil
https://www.zapimoveis.com.br/imovel/venda-apartamento-3-quartos-com-piscina-messejana-fortaleza-ce-65m2-id-2914948970/,zapimoveis,fortaleza,Messejana,-3.822065,-38.491462,exata,350000.0,65.0,5384.62,3,torre,,,2026-10-02T23:55:25,faixa 250-400 mil
https://ce.olx.com.br/fortaleza-e-regiao/imoveis/costa-atlantica-four-seasons-oportunidade-liga-9-8-7-4-8-3-1-0-8-diego9989f-1131089872,olx,fortaleza,Cidade 2000,,,,275000.0,51.0,5392.16,2,,Costa Atlântica.Four Seasons oportunidade liga 9 8 7 4 8 3 1 0 8 DIEGO9989F,,2026-10-02T23:55:27,faixa 250-400 mil
https://ce.olx.com.br/fortaleza-e-regiao/imoveis/apartamento-2-quartos-inspirato-residence-clube-parque-manibura-1512906508,olx,fortaleza,Parque Manibura,,,,270000.0,50.0,5400.0,2,,APARTAMENTO 2 QUARTOS INSPIRATO RESIDENCE CLUBE PARQUE MANIBURA,,2026-10-02T23:55:29,faixa 250-400 mil
https://ce.olx.com.br/fortaleza-e-regiao/imoveis/apartamento-com-2-quartos-e-1-banheiro-a-venda-proximo-ao-coco-e-praia-do-futuro-1537866618,olx,fortaleza,Manuel Dias Branco,,,,270000.0,50.0,5400.0,2,,Apartamento com 2 Quartos e 1 banheiro à Venda Próximo ao Cocó e Praia do Futuro,,2026-10-02T23:55:30,faixa 250-400 mil
https://ce.olx.com.br/fortaleza-e-regiao/imoveis/fortune-residence-cambeba-1537971731,olx,fortaleza,Cambeba,,,,292000.0,54.0,5407.41,2,,FORTUNE RESIDENCE | CAMBEBA,,2026-10-02T23:55:30,faixa 250-400 mil
https://ce.olx.com.br/fortaleza-e-regiao/imoveis/apartamento-cristo-redentor-02-quartos-1538304219,olx,fortaleza,Cristo Redentor,,,,260000.0,48.0,5416.67,2,,"Apartamento, Cristo Redentor, 02 Quartos",,2026-10-02T23:55:26,faixa 250-400 mil
https://ce.olx.com.br/fortaleza-e-regiao/imoveis/apartamento-com-3-dormitorios-a-venda-72-m-por-r-390-000-00-maraponga-fortaleza-ce-1539780206,olx,fortaleza,Jardim Cearense,,,,390000.0,72.0,5416.67,3,,"Apartamento com 3 dormitórios à venda, 72 m² por R$ 390.000,00 - Maraponga - Fortaleza/CE",,2026-10-02T23:55:27,faixa 250-400 mil
https://ce.olx.com.br/fortaleza-e-regiao/imoveis/apartamento-a-venda-70-m-por-r-380-000-00-passare-fortaleza-ce-1540926828,olx,fortaleza,Passaré,-3.811345222222222,-38.532803666666666,centroide_bairro,380000.0,70.0,5428.57,3,,"Apartamento à venda, 70 m² por R$ 380.000,00 - Passaré - Fortaleza/CE",,2026-10-02T23:55:24,faixa 250-400 mil
https://ce.olx.com.br/fortaleza-e-regiao/imoveis/apartamento-no-horto-residence-passare-3-quartos-2-ws-1-vaga-1526533368,olx,fortaleza,Passaré,-3.811345222222222,-38.532803666666666,centroide_bairro,380000.0,70.0,5428.57,3,,"APARTAMENTO NO HORTO RESIDENCE PASSARÉ - 3 QUARTOS, 2 WS, 1 VAGA",,2026-10-02T23:55:26,faixa 250-400 mil
https://ce.olx.com.br/fortaleza-e-regiao/imoveis/horto-residence-moveis-fixos-70-metros-3-quartos-varandao-lazer-amplo-passare-1538089750,olx,fortaleza,Passaré,-3.811345222222222,-38.532803666666666,centroide_bairro,380000.0,70.0,5428.57,3,,Horto Residence - Móveis Fixos - 70 metros - 3 quartos - Varandão - Lazer Amplo - Passaré,,2026-10-02T23:55:28,faixa 250-400 mil
https://www.zapimoveis.com.br/imovel/venda-apartamento-2-quartos-mobiliado-praia-do-futuro-ii-fortaleza-ce-68m2-id-2915168034/,zapimoveis,fortaleza,Praia do Futuro II,-3.756669,-38.446379,exata,370000.0,68.0,5441.18,2,indefinido,,,2026-10-02T23:55:26,faixa 250-400 mil
https://ce.olx.com.br/fortaleza-e-regiao/imoveis/excelente-opcao-de-apartamento-no-condominio-cruzeiro-do-sul-cambeba-1539780079,olx,fortaleza,Parque Iracema,,,,275000.0,50.0,5500.0,2,,Excelente opção de apartamento no condomínio Cruzeiro do Sul (Cambeba),,2026-10-02T23:55:27,faixa 250-400 mil
https://ce.olx.com.br/fortaleza-e-regiao/imoveis/costa-atlantica-four-seasons-liga-9-8-7-4-8-3-1-0-8-diego-9989f-1131082561,olx,fortaleza,Cidade 2000,,,,275000.0,50.0,5500.0,2,,Costa Atlântica/Four Seasons liga 9 8 7 4 8 3 1 0 8 DIEGO 9989F,,2026-10-02T23:55:29,faixa 250-400 mil
https://ce.olx.com.br/fortaleza-e-regiao/imoveis/vendo-apartamento-com-66m-3-quartos-elevador-no-bairro-joquei-clube-fortaleza-ce-1540965390,olx,fortaleza,Jóquei Clube,,,,365000.0,66.0,5530.3,3,,"VENDO APARTAMENTO COM 66M², 3 QUARTOS, ELEVADOR NO BAIRRO JÓQUEI CLUBE - FORTALEZA - CE",,2026-10-02T23:55:24,faixa 250-400 mil
https://ce.olx.com.br/fortaleza-e-regiao/imoveis/vendo-apartamento-com-66m-3-quartos-elevador-no-bairro-joquei-clube-fortaleza-ce-1539602150,olx,fortaleza,Jóquei Clube,,,,365000.0,66.0,5530.3,3,,"VENDO APARTAMENTO COM 66M², 3 QUARTOS, ELEVADOR NO BAIRRO JÓQUEI CLUBE - FORTALEZA - CE",,2026-10-02T23:55:27,faixa 250-400 mil
https://ce.olx.com.br/fortaleza-e-regiao/imoveis/vendo-apartamento-com-66m-3-quartos-elevador-no-bairro-joquei-clube-fortaleza-ce-1538762283,olx,fortaleza,Jóquei Clube,,,,365000.0,66.0,5530.3,3,,"VENDO APARTAMENTO COM 66M², 3 QUARTOS, ELEVADOR NO BAIRRO JÓQUEI CLUBE - FORTALEZA - CE",,2026-10-02T23:55:29,faixa 250-400 mil
https://ce.olx.com.br/fortaleza-e-regiao/imoveis/vendo-apartamento-com-66m-3-quartos-elevador-no-bairro-joquei-clube-fortaleza-ce-1538446188,olx,fortaleza,Demócrito Rocha,,,,365000.0,66.0,5530.3,3,,"VENDO APARTAMENTO COM 66M², 3 QUARTOS, ELEVADOR NO BAIRRO JÓQUEI CLUBE - FORTALEZA - CE",,2026-10-02T23:55:29,faixa 250-400 mil
https://ce.olx.com.br/fortaleza-e-regiao/imoveis/vendo-apartamento-com-66m-3-quartos-elevador-no-bairro-joquei-clube-fortaleza-ce-1537813963,olx,fortaleza,Jóquei Clube,,,,365000.0,66.0,5530.3,3,,"VENDO APARTAMENTO COM 66M², 3 QUARTOS, ELEVADOR NO BAIRRO JÓQUEI CLUBE - FORTALEZA - CE",,2026-10-02T23:55:30,faixa 250-400 mil
https://ce.olx.com.br/fortaleza-e-regiao/imoveis/ape-todo-projetado-2-quartos-pronto-para-morar-r-260-mil-1496752307,olx,fortaleza,Parque Dois Irmãos,-3.8123913333333337,-38.553201333333334,centroide_bairro,260000.0,47.0,5531.91,2,,Apê Todo Projetado | 2 Quartos | Pronto para Morar | R$ 260 Mil,,2026-10-02T23:55:24,faixa 250-400 mil
https://ce.olx.com.br/fortaleza-e-regiao/imoveis/apartamento-a-venda-no-bairro-jacarecanga-fortaleza-ce-1538651691,olx,fortaleza,Jacarecanga,,,,287995.0,52.0,5538.37,2,,"Apartamento à venda no bairro Jacarecanga, Fortaleza-Ce.",,2026-10-02T23:55:29,faixa 250-400 mil
https://ce.olx.com.br/fortaleza-e-regiao/imoveis/apartamento-com-2-dormitorios-para-venda-65-m-parque-dois-irmaos-fortaleza-ce-1539196252,olx,fortaleza,Parque Dois Irmãos,-3.8123913333333337,-38.553201333333334,centroide_bairro,360000.0,65.0,5538.46,2,,"Apartamento com 2 dormitórios para venda, 65 m² - Parque Dois Irmãos - Fortaleza/CE",,2026-10-02T23:55:27,faixa 250-400 mil
https://ce.olx.com.br/fortaleza-e-regiao/imoveis/apartamento-a-venda-no-bairro-novo-mondubim-fortaleza-ce-1503595653,olx,fortaleza,Novo Mondubim,,,,295000.0,53.0,5566.04,2,,Apartamento à Venda no bairro Novo Mondubim - Fortaleza/CE,,2026-10-02T23:55:24,faixa 250-400 mil
https://ce.olx.com.br/fortaleza-e-regiao/imoveis/apartamento-no-melhor-do-passare-1540410444,olx,fortaleza,Serrinha,,,,390000.0,70.0,5571.43,2,,Apartamento no melhor do Passaré,,2026-10-02T23:55:26,faixa 250-400 mil
https://ce.olx.com.br/fortaleza-e-regiao/imoveis/lindo-apto-bairro-ellery-projetado-1531091647,olx,fortaleza,Ellery,,,,290000.0,52.0,5576.92,2,,LINDO APTO BAIRRO ELLERY PROJETADO,,2026-10-02T23:55:24,faixa 250-400 mil
https://ce.olx.com.br/fortaleza-e-regiao/imoveis/park-club-apto-no-terreo-1532628024,olx,fortaleza,Passaré,-3.811345222222222,-38.532803666666666,centroide_bairro,279000.0,50.0,5580.0,2,,PARK CLUB - Apto no térreo,,2026-10-02T23:55:24,faixa 250-400 mil
https://www.zapimoveis.com.br/imovel/venda-apartamento-3-quartos-mobiliado-damas-fortaleza-ce-67m2-id-2878264876/,zapimoveis,fortaleza,Damas,-3.757116,-38.551088,exata,375000.0,67.0,5597.01,3,torre,,,2026-10-02T23:55:26,faixa 250-400 mil
https://ce.olx.com.br/fortaleza-e-regiao/imoveis/navegantes-liga-9-8-7-4-8-3-1-0-8-diego9989f-1224995146,olx,fortaleza,Jacarecanga,,,,279999.0,50.0,5599.98,2,,Navegantes liga 9 8 7 4 8 3 1 0 8 Diego9989f,,2026-10-02T23:55:29,faixa 250-400 mil
https://ce.olx.com.br/fortaleza-e-regiao/imoveis/navegantes-vista-mar-liga-9-8-7-4-8-3-1-0-8-diego9989f-1224995681,olx,fortaleza,Jacarecanga,,,,279999.0,50.0,5599.98,2,,Navegantes _ vista Mar _ liga 9 8 7 4 8 3 1 0 8 DIEGO9989F,,2026-10-02T23:55:29,faixa 250-400 mil
https://ce.olx.com.br/fortaleza-e-regiao/imoveis/edificio-lisieux-nascente-66-metros-3-quartos-01-vaga-portaria-24h-luciano-cav-1540753114,olx,fortaleza,Engenheiro Luciano Cavalcante,,,,370000.0,66.0,5606.06,3,,Edifício Lisieux - Nascente - 66 metros - 3 quartos + 01 vaga - Portaria 24h - Luciano Cav,,2026-10-02T23:55:26,faixa 250-400 mil
https://ce.olx.com.br/fortaleza-e-regiao/imoveis/edificio-lisieux-nascente-66-metros-3-quartos-01-vaga-portaria-24h-luciano-cav-1540752660,olx,fortaleza,Engenheiro Luciano Cavalcante,,,,370000.0,66.0,5606.06,3,,Edifício Lisieux - Nascente - 66 metros - 3 quartos + 01 vaga - Portaria 24h - Luciano Cav,,2026-10-02T23:55:26,faixa 250-400 mil
https://ce.olx.com.br/fortaleza-e-regiao/imoveis/residencial-matias-beck-rua-monsenhor-dantas-100-jacarecanga-fortaleza-ce-60010-436-1488892448,olx,fortaleza,Jacarecanga,,,,319991.0,57.0,5613.88,2,,"Residencial Matias Beck Rua Monsenhor Dantas, 100 - Jacarecanga, Fortaleza - CE, 60010-436",,2026-10-02T23:55:27,faixa 250-400 mil
https://ce.olx.com.br/fortaleza-e-regiao/imoveis/residencial-matias-beck-liga-9-87-48-31-08-diego9989f-rua-monsenhor-dantas-100-jacarecanga-1488896594,olx,fortaleza,Jacarecanga,,,,319992.0,57.0,5613.89,2,,"Residencial Matias Beck liga 9 87 48 31 08 Diego9989F Rua Monsenhor Dantas,100 Jacarecanga",,2026-10-02T23:55:27,faixa 250-400 mil
https://ce.olx.com.br/fortaleza-e-regiao/imoveis/apartamento-com-3-dormitorios-a-venda-65-m-por-r-365-000-parque-manibura-fortaleza-1540754839,olx,fortaleza,Parque Manibura,,,,365000.0,65.0,5615.38,3,,"Apartamento com 3 dormitórios à venda, 65 m² por R$ 365.000 - Parque Manibura - Fortaleza/",,2026-10-02T23:55:26,faixa 250-400 mil
https://www.zapimoveis.com.br/imovel/venda-apartamento-2-quartos-sao-gerardo-fortaleza-ce-56m2-id-2559035756/,zapimoveis,fortaleza,São Gerardo,-3.733439,-38.559381,exata,315000.0,56.0,5625.0,2,indefinido,,,2026-10-02T23:55:25,faixa 250-400 mil
https://www.chavesnamao.com.br/imovel/apartamento-a-venda-2-quartos-com-garagem-ce-fortaleza-cristo-redentor-RS299000/id-43830920/,chavesnamao,fortaleza,Cristo Redentor,,,,299000.0,53.0,5641.51,2,,,,2026-10-02T23:55:25,faixa 250-400 mil
https://ce.olx.com.br/fortaleza-e-regiao/imoveis/lancamento-aptos-av-fco-sa-2-e-3-qtos-1532263412,olx,fortaleza,Barra do Ceará,,,,350000.0,62.0,5645.16,3,,LANÇAMENTO APTOS AV FCO SA 2 e 3 QTOS,,2026-10-02T23:55:29,faixa 250-400 mil
https://www.zapimoveis.com.br/imovel/venda-apartamento-2-quartos-com-piscina-carlito-pamplona-fortaleza-ce-51m2-id-2907028620/,zapimoveis,fortaleza,Carlito Pamplona,-3.721487,-38.554277,exata,287950.0,51.0,5646.08,2,torre,,,2026-10-02T23:55:26,faixa 250-400 mil
https://www.zapimoveis.com.br/imovel/venda-apartamento-3-quartos-com-piscina-parque-dois-irmaos-fortaleza-ce-60m2-id-2881084321/,zapimoveis,fortaleza,Parque Dois Irmãos,-3.812426,-38.553632,exata,340000.0,60.0,5666.67,3,torre,,,2026-10-02T23:55:26,faixa 250-400 mil
https://ce.olx.com.br/fortaleza-e-regiao/imoveis/condominio-vila-torino-apartamento-com-3-quartos-02-banheiros-elevador-731027325,olx,fortaleza,Parque Dois Irmãos,-3.8123913333333337,-38.553201333333334,centroide_bairro,369000.0,65.0,5676.92,3,,"Condomínio Vila Torino, Apartamento com 3 Quartos, 02 banheiros, elevador",,2026-10-02T23:55:29,faixa 250-400 mil
https://www.zapimoveis.com.br/imovel/venda-apartamento-2-quartos-parque-dois-irmaos-fortaleza-ce-49m2-id-2914872636/,zapimoveis,fortaleza,Parque Dois Irmãos,-3.812339,-38.552768,exata,279000.0,49.0,5693.88,2,indefinido,,,2026-10-02T23:55:25,faixa 250-400 mil
https://ce.olx.com.br/fortaleza-e-regiao/imoveis/apartamento-a-venda-56-m-por-r-320-000-00-cambeba-fortaleza-ce-1539780760,olx,fortaleza,Parque Iracema,,,,320000.0,56.0,5714.29,3,,"Apartamento à venda, 56 m² por R$ 320.000,00 - Cambeba - Fortaleza/CE",,2026-10-02T23:55:28,faixa 250-400 mil
https://ce.olx.com.br/fortaleza-e-regiao/imoveis/apartamento-de-3-quartos-no-condominio-buena-vista-residence-messejana-1538448588,olx,fortaleza,Messejana,-3.8252363333333332,-38.49370066666666,centroide_bairro,320000.0,56.0,5714.29,3,,Apartamento de 3 quartos no Condomínio Buena Vista Residence - Messejana,,2026-10-02T23:55:29,faixa 250-400 mil
https://ce.olx.com.br/fortaleza-e-regiao/imoveis/apartamento-salinas-luciano-cavalcante-2q-2-banheiros-1-vaga-de-garagem-1536388715,olx,fortaleza,Salinas,,,,280000.0,49.0,5714.29,2,,APARTAMENTO SALINAS (LUCIANO CAVALCANTE) 2Q - 2 BANHEIROS - 1 VAGA DE GARAGEM,,2026-10-02T23:55:28,faixa 250-400 mil
https://ce.olx.com.br/fortaleza-e-regiao/imoveis/apartamento-no-villa-olimpica-edificio-atlanta-jockey-clu-1533676637,olx,fortaleza,Parquelândia,,,,360000.0,63.0,5714.29,3,,APARTAMENTO NO VILLA OLÍMPICA EDIFÍCIO ATLANTA JOCKEY CLU,,2026-10-02T23:55:24,faixa 250-400 mil
https://ce.olx.com.br/fortaleza-e-regiao/imoveis/apartamento-para-venda-em-fortaleza-joquei-clube-3-dormitorios-3-banheiros-1-vaga-1538455024,olx,fortaleza,Jóquei Clube,,,,360000.0,63.0,5714.29,3,,"Apartamento para Venda em Fortaleza, Jóquei Clube, 3 dormitórios, 3 banheiros, 1 vaga",,2026-10-02T23:55:29,faixa 250-400 mil
https://ce.olx.com.br/fortaleza-e-regiao/imoveis/apartamento-com-02-quartos-a-venda-no-bairro-lagoa-redonda-condominio-gran-village-do-so-1539779749,olx,fortaleza,Lagoa Redonda,,,,263000.0,46.0,5717.39,2,,Apartamento com 02 quartos à venda no bairro Lagoa Redonda | Condomínio Gran Village do So,,2026-10-02T23:55:27,faixa 250-400 mil
https://ce.olx.com.br/fortaleza-e-regiao/imoveis/happy-living-rentabilizando-liga-9-8-7-4-8-3-1-0-8-diego9989f-oportunidade-avenida-dioguin-1539111021,olx,fortaleza,Praia do Futuro II,,,,390001.0,68.0,5735.31,2,,Happy Living rentabilizando liga 9 8 7 4 8 3 1 0 8 Diego9989f oportunidade Avenida dioguin,,2026-10-02T23:55:27,faixa 250-400 mil
https://ce.olx.com.br/fortaleza-e-regiao/imoveis/edificio-roberta-apartamento-a-venda-na-aldeota-1540460654,olx,fortaleza,Aldeota,,,,350000.0,61.0,5737.7,2,,Edifício Roberta | Apartamento à venda na Aldeota,,2026-10-02T23:55:26,faixa 250-400 mil
https://ce.olx.com.br/fortaleza-e-regiao/imoveis/apartamento-a-venda-2-quartos-e-lazer-completo-no-alvaro-weyne-em-fortalezaa-ceara-1538894088,olx,fortaleza,Cristo Redentor,,,,270000.0,47.0,5744.68,2,,Apartamento à venda 2 quartos e lazer completo no Álvaro Weyne em Fortalezaa- Ceará,,2026-10-02T23:55:29,faixa 250-400 mil
https://ce.olx.com.br/fortaleza-e-regiao/imoveis/apartamento-para-venda-possui-67-metros-quadrados-em-monte-castelo-fortaleza-ceara-1538440512,olx,fortaleza,Monte Castelo,,,,385000.0,67.0,5746.27,3,,Apartamento para venda possui 67 metros quadrados  em Monte Castelo - Fortaleza - Ceará,,2026-10-02T23:55:29,faixa 250-400 mil
https://ce.olx.com.br/fortaleza-e-regiao/imoveis/apartamento-em-sao-gerardo-3-quartos-suite-aceita-pet-com-playground-e-vaga-no-fortale-1539937230,olx,fortaleza,São Gerardo,-3.7319725000000004,-38.556587,centroide_bairro,375000.0,65.0,5769.23,3,,"Apartamento em São Gerardo, 3 quartos, suíte, aceita Pet, com playground e vaga no Fortale",,2026-10-02T23:55:28,faixa 250-400 mil
https://www.zapimoveis.com.br/imovel/venda-apartamento-3-quartos-com-piscina-passare-fortaleza-ce-69m2-id-2912261904/,zapimoveis,fortaleza,Passaré,-3.811,-38.535,aproximada_portal,400000.0,69.0,5797.1,3,indefinido,,,2026-10-02T23:55:25,faixa 250-400 mil
https://ce.olx.com.br/fortaleza-e-regiao/imoveis/imovel-para-venda-possui-50-metros-quadrados-com-2-quartos-em-cambeba-fortaleza-ce-1538603921,olx,fortaleza,Cambeba,,,,290000.0,50.0,5800.0,2,,Imóvel para venda possui 50 metros quadrados com 2 quartos em Cambeba - Fortaleza - CE,,2026-10-02T23:55:29,faixa 250-400 mil
https://ce.olx.com.br/fortaleza-e-regiao/imoveis/apartamentos-03-quartos-a-venda-no-bairro-jacarecanga-fortaleza-ce-1538651655,olx,fortaleza,Jacarecanga,,,,348382.0,60.0,5806.37,3,,"Apartamentos 03 quartos à venda no bairro Jacarecanga, Fortaleza-Ce.",,2026-10-02T23:55:29,faixa 250-400 mil
https://ce.olx.com.br/fortaleza-e-regiao/imoveis/apartamento-para-venda-em-fortaleza-eng-luciano-cavalcante-3-dormitorios-1-suite-2-ba-1538368982,olx,fortaleza,Engenheiro Luciano Cavalcante,,,,349000.0,60.0,5816.67,3,,"Apartamento para Venda em Fortaleza, Eng. Luciano Cavalcante, 3 dormitórios, 1 suíte, 2 ba",,2026-10-02T23:55:29,faixa 250-400 mil
https://ce.olx.com.br/fortaleza-e-regiao/imoveis/imovel-para-venda-tem-55-metros-quadrados-com-2-quartos-em-cambeba-fortaleza-ce-1537993784,olx,fortaleza,Cambeba,,,,320000.0,55.0,5818.18,2,,Imóvel para venda tem 55 metros quadrados com 2 quartos em Cambeba - Fortaleza - CE,,2026-10-02T23:55:30,faixa 250-400 mil
https://ce.olx.com.br/fortaleza-e-regiao/imoveis/apartamento-de-2-quartos-com-suite-piscina-e-churrasqueira-no-barroso-fortaleza-ce-1540099676,olx,fortaleza,Barroso,,,,268000.0,46.0,5826.09,2,,"Apartamento de 2 quartos com suíte, piscina e churrasqueira no Barroso, Fortaleza CE",,2026-10-02T23:55:28,faixa 250-400 mil
https://ce.olx.com.br/fortaleza-e-regiao/imoveis/apartamento-com-02-dormitorios-no-bairro-cajazeiras-condominio-reserva-arvoredo-1540099589,olx,fortaleza,Engenheiro Luciano Cavalcante,,,,268000.0,46.0,5826.09,2,,Apartamento com 02 dormitórios no bairro Cajazeiras | Condomínio Reserva Arvoredo.,,2026-10-02T23:55:28,faixa 250-400 mil
https://ce.olx.com.br/fortaleza-e-regiao/imoveis/apartamento-novo-semimobiliado-02-quartos-com-suite-elevador-e-lazer-completo-1538651580,olx,fortaleza,Barroso,,,,268000.0,46.0,5826.09,2,,"Apartamento Novo semimobiliado! 02 quartos com suite, elevador e lazer completo.",,2026-10-02T23:55:29,faixa 250-400 mil
https://ce.olx.com.br/fortaleza-e-regiao/imoveis/excelente-oportunidade-para-morar-ou-investir-em-um-complexo-de-condominio-prox-ao-castel-1538358338,olx,fortaleza,Barroso,,,,268000.0,46.0,5826.09,2,,"Excelente oportunidade para morar ou investir em um complexo de condominio, prox ao Castel",,2026-10-02T23:55:29,faixa 250-400 mil
https://ce.olx.com.br/fortaleza-e-regiao/imoveis/imovel-para-venda-com-46-metros-quadrados-com-2-quartos-em-barroso-fortaleza-ce-1538223482,olx,fortaleza,Barroso,,,,268000.0,46.0,5826.09,2,,Imóvel para venda com 46 metros quadrados com 2 quartos em Barroso - Fortaleza - CE,,2026-10-02T23:55:28,faixa 250-400 mil
https://ce.olx.com.br/fortaleza-e-regiao/imoveis/apartamento-venda-condominio-reserva-arvoredo-1537916775,olx,fortaleza,Barroso,,,,268000.0,46.0,5826.09,2,,Apartamento | Venda | Condomínio Reserva Árvoredo,,2026-10-02T23:55:30,faixa 250-400 mil
https://ce.olx.com.br/fortaleza-e-regiao/imoveis/apartamento-ideal-em-fortaleza-3-quartos-60m-edificio-volare-ii-1528164768,olx,fortaleza,Guararapes,,,,350000.0,60.0,5833.33,3,,"Apartamento Ideal em Fortaleza: 3 Quartos, 60m² / Edificio Volare II",,2026-10-02T23:55:24,faixa 250-400 mil
https://ce.olx.com.br/fortaleza-e-regiao/imoveis/condominio-soberano-iv-bairro-joquei-clube-72m-3-quartos-1539605821,olx,fortaleza,Jóquei Clube,,,,350000.0,60.0,5833.33,3,,"CONDOMÍNIO SOBERANO IV - BAIRRO JÓQUEI CLUBE - 72m², 3 QUARTOS",,2026-10-02T23:55:27,faixa 250-400 mil
https://ce.olx.com.br/fortaleza-e-regiao/imoveis/condominio-soberano-iv-bairro-joquei-clube-72m-3-quartos-1538767987,olx,fortaleza,Parangaba,,,,350000.0,60.0,5833.33,3,,"CONDOMÍNIO SOBERANO IV - BAIRRO JÓQUEI CLUBE - 72m², 3 QUARTOS",,2026-10-02T23:55:29,faixa 250-400 mil
https://ce.olx.com.br/fortaleza-e-regiao/imoveis/condominio-soberano-iv-bairro-joquei-clube-72m-3-quartos-1538452763,olx,fortaleza,Jóquei Clube,,,,350000.0,60.0,5833.33,3,,"CONDOMÍNIO SOBERANO IV - BAIRRO JÓQUEI CLUBE - 72m², 3 QUARTOS",,2026-10-02T23:55:29,faixa 250-400 mil
https://ce.olx.com.br/fortaleza-e-regiao/imoveis/condominio-soberano-iv-bairro-joquei-clube-72m-3-quartos-1537687577,olx,fortaleza,Jóquei Clube,,,,350000.0,60.0,5833.33,3,,"CONDOMÍNIO SOBERANO IV - BAIRRO JÓQUEI CLUBE - 72m², 3 QUARTOS",,2026-10-02T23:55:30,faixa 250-400 mil
https://ce.olx.com.br/fortaleza-e-regiao/imoveis/belissimo-apartamento-3-quartos-2-varandas-no-melhor-do-joquei-clube-1537640212,olx,fortaleza,Jóquei Clube,,,,350000.0,60.0,5833.33,3,,"Belíssimo apartamento 3 quartos, 2 varandas, no melhor do Jóquei Clube",,2026-10-02T23:55:30,faixa 250-400 mil
https://ce.olx.com.br/fortaleza-e-regiao/imoveis/apartamento-para-venda-2-quarto-s-guararapes-fortaleza-1540536612,olx,fortaleza,Guararapes,,,,350000.0,60.0,5833.33,2,,"Apartamento para venda, 2 quarto(s), Guararapes, Fortaleza",,2026-10-02T23:55:26,faixa 250-400 mil
https://ce.olx.com.br/fortaleza-e-regiao/imoveis/apartamento-para-venda-tem-48-metros-quadrados-com-2-quartos-em-salinas-fortaleza-cear-1200280274,olx,fortaleza,Salinas,,,,275000.0,47.0,5851.06,2,,Apartamento para venda tem 48 metros quadrados com 2 quartos em Salinas - Fortaleza - Cear,,2026-10-02T23:55:26,faixa 250-400 mil
https://ce.olx.com.br/fortaleza-e-regiao/imoveis/mirantes-passare-nascente-58-metros-3-quartos-2-vagas-elevador-lazer-completo-1538086129,olx,fortaleza,Passaré,-3.811345222222222,-38.532803666666666,centroide_bairro,340000.0,58.0,5862.07,3,,Mirantes Passaré - Nascente - 58 metros - 3 quartos + 2 vagas - Elevador - Lazer Completo,,2026-10-02T23:55:28,faixa 250-400 mil
https://ce.olx.com.br/fortaleza-e-regiao/imoveis/les-jardins-condominio-club-68-metros-3-quartos-2-vagas-lazer-completo-coco-1540720671,olx,fortaleza,Cocó,,,,400000.0,68.0,5882.35,3,,Les Jardins Condomínio Club - 68 metros - 3 quartos + 2 vagas - Lazer Completo - Cocó,,2026-10-02T23:55:26,faixa 250-400 mil
https://ce.olx.com.br/fortaleza-e-regiao/imoveis/les-jardins-condominio-club-68-metros-3-quartos-2-vagas-lazer-completo-coco-1540719843,olx,fortaleza,Cocó,,,,400000.0,68.0,5882.35,3,,Les Jardins Condomínio Club - 68 metros - 3 quartos + 2 vagas - Lazer Completo - Cocó,,2026-10-02T23:55:26,faixa 250-400 mil
https://ce.olx.com.br/fortaleza-e-regiao/imoveis/apartamento-para-venda-com-61-metros-quadrados-com-2-quartos-em-de-lourdes-fortaleza-c-1281137450,olx,fortaleza,De Lourdes,,,,359000.0,61.0,5885.25,2,,Apartamento para venda com 61 metros quadrados com 2 quartos em De Lourdes - Fortaleza - C,,2026-10-02T23:55:28,faixa 250-400 mil
https://www.zapimoveis.com.br/imovel/venda-apartamento-2-quartos-com-acesso-24-horas-mondubim-fortaleza-ce-44m2-id-2835585541/,zapimoveis,fortaleza,Mondubim,-3.811708,-38.558419,exata,259000.0,44.0,5886.36,2,indefinido,,,2026-10-02T23:55:26,faixa 250-400 mil
https://ce.olx.com.br/fortaleza-e-regiao/imoveis/apartamento-proximo-a-avenida-jose-americo-cod0203-1272905155,olx,fortaleza,Parque Iracema,,,,265000.0,45.0,5888.89,2,,Apartamento próximo a Avenida José Americo  Cód0203,,2026-10-02T23:55:27,faixa 250-400 mil
https://ce.olx.com.br/fortaleza-e-regiao/imoveis/lancamento-apartamento-no-cambeba-cod-0082-993655876,olx,fortaleza,Cambeba,,,,265000.0,45.0,5888.89,2,,Lançamento: Apartamento no Cambeba (Cód 0082),,2026-10-02T23:55:27,faixa 250-400 mil
https://ce.olx.com.br/fortaleza-e-regiao/imoveis/apartamento-a-venda-1539753249,olx,fortaleza,Conjunto Ceará II,,,,355000.0,60.0,5916.67,2,,APARTAMENTO A VENDA,,2026-10-02T23:55:27,faixa 250-400 mil
https://ce.olx.com.br/fortaleza-e-regiao/imoveis/alta-vista-passare-1528165059,olx,fortaleza,Passaré,-3.811345222222222,-38.532803666666666,centroide_bairro,261000.0,44.0,5931.82,2,,Alta Vista Passaré,,2026-10-02T23:55:26,faixa 250-400 mil
https://ce.olx.com.br/fortaleza-e-regiao/imoveis/apartamento-com-02-quartos-a-venda-no-bairro-messejana-condominio-apice-messejana-1539779717,olx,fortaleza,Messejana,-3.8252363333333332,-38.49370066666666,centroide_bairro,309000.0,52.0,5942.31,2,,Apartamento com 02 quartos à venda no bairro Messejana | Condomínio Ápice Messejana.,,2026-10-02T23:55:27,faixa 250-400 mil
https://ce.olx.com.br/fortaleza-e-regiao/imoveis/apartamento-com-2-dormitorios-a-venda-53-m-por-r-315-000-lagoa-redonda-fortaleza-ce-1540453124,olx,fortaleza,Lagoa Redonda,,,,315000.0,53.0,5943.4,2,,"Apartamento com 2 dormitórios à venda, 53 m² por R$ 315.000 - Lagoa Redonda - Fortaleza/CE",,2026-10-02T23:55:26,faixa 250-400 mil
https://ce.olx.com.br/fortaleza-e-regiao/imoveis/venda-de-apto-na-messejana-mobiliado-com-area-de-lazer-completo-mais-informacoes-1539582626,olx,fortaleza,Lagoa Redonda,,,,315000.0,53.0,5943.4,2,,Venda de Apto na Messejana Mobiliado com Área de  Lazer completo - Mais informações,,2026-10-02T23:55:27,faixa 250-400 mil
https://ce.olx.com.br/fortaleza-e-regiao/imoveis/apartamento-mobiliado-a-venda-com-area-de-lazer-completa-1539527149,olx,fortaleza,Lagoa Redonda,,,,315000.0,53.0,5943.4,2,,apartamento mobiliado a venda com área de lazer completa...,,2026-10-02T23:55:27,faixa 250-400 mil
https://ce.olx.com.br/fortaleza-e-regiao/imoveis/apartamento-a-venda-porteira-fechada-cajazeiras-1540120917,olx,fortaleza,Cajazeiras,,,,268000.0,45.0,5955.56,2,,APARTAMENTO Á VENDA PORTEIRA FECHADA CAJAZEIRAS,,2026-10-02T23:55:28,faixa 250-400 mil
https://ce.olx.com.br/fortaleza-e-regiao/imoveis/apartamento-semi-mobiliado-na-cidade-2000-1539029783,olx,fortaleza,Manuel Dias Branco,,,,269000.0,45.0,5977.78,2,,Apartamento semi-mobiliado na Cidade 2000,,2026-10-02T23:55:24,faixa 250-400 mil
https://ce.olx.com.br/fortaleza-e-regiao/imoveis/apartamento-com-03-quartos-a-venda-em-messejana-condominio-bella-vitta-1539779814,olx,fortaleza,Messejana,-3.8252363333333332,-38.49370066666666,centroide_bairro,347000.0,58.0,5982.76,3,,Apartamento com 03 quartos à venda em Messejana | Condomínio Bella Vitta,,2026-10-02T23:55:27,faixa 250-400 mil
https://ce.olx.com.br/fortaleza-e-regiao/imoveis/apartamento-a-venda-no-bairro-messejana-condominio-bella-vitta-1539779949,olx,fortaleza,Messejana,-3.8252363333333332,-38.49370066666666,centroide_bairro,270000.0,45.0,6000.0,2,,Apartamento à venda no bairro Messejana | Condomínio Bella Vitta.,,2026-10-02T23:55:27,faixa 250-400 mil
https://ce.olx.com.br/fortaleza-e-regiao/imoveis/oportunidade-compacto-cidade-2000-manoel-dias-branco-liga-9-8-7-4-8-3-1-0-8-diego9989f-1119230154,olx,fortaleza,Cidade 2000,,,,270000.0,45.0,6000.0,2,,"Oportunidade, compacto cidade 2000/Manoel Dias Branco liga 9 8 7 4 8 3 1 0 8 DIEGO9989F",,2026-10-02T23:55:27,faixa 250-400 mil
https://www.zapimoveis.com.br/imovel/venda-apartamento-3-quartos-com-piscina-maraponga-fortaleza-ce-65m2-id-2914937585/,zapimoveis,fortaleza,Maraponga,-3.797999,-38.572504,exata,390000.0,65.0,6000.0,3,torre,,,2026-10-02T23:55:25,faixa 250-400 mil
https://ce.olx.com.br/fortaleza-e-regiao/imoveis/imovel-para-venda-possui-52-metros-quadrados-com-2-quartos-em-messejana-fortaleza-ce-1538649968,olx,fortaleza,Messejana,-3.8252363333333332,-38.49370066666666,centroide_bairro,313000.0,52.0,6019.23,2,,Imóvel para venda possui 52 metros quadrados com 2 quartos em Messejana - Fortaleza - CE,,2026-10-02T23:55:29,faixa 250-400 mil
https://ce.olx.com.br/fortaleza-e-regiao/imoveis/maravilhoso-apto-proximo-de-supermercados-escolas-terminal-de-onibus-1538534791,olx,fortaleza,Antônio Bezerra,,,,289000.0,48.0,6020.83,2,,"Maravilhoso apto próximo de supermercados, escolas, terminal de ônibus.",,2026-10-02T23:55:29,faixa 250-400 mil
https://ce.olx.com.br/fortaleza-e-regiao/imoveis/apartamento-com-02-quartos-no-bairro-barroso-condominio-reserva-arvoredo-1539780688,olx,fortaleza,Engenheiro Luciano Cavalcante,,,,277000.0,46.0,6021.74,2,,Apartamento com 02 quartos no bairro Barroso | Condomínio Reserva Arvoredo.,,2026-10-02T23:55:28,faixa 250-400 mil
https://ce.olx.com.br/fortaleza-e-regiao/imoveis/more-bem-3-quartos-area-de-lazer-varanda-e-elevador-passare-fortaleza-ce-1538412343,olx,fortaleza,Passaré,-3.811345222222222,-38.532803666666666,centroide_bairro,380000.0,63.0,6031.75,3,,"More bem! 3 quartos, área de lazer, varanda e elevador- Passaré - Fortaleza - CE",,2026-10-02T23:55:29,faixa 250-400 mil
https://ce.olx.com.br/fortaleza-e-regiao/imoveis/imperdivel-costa-atlantica-d600-liga-9-8-7-4-8-3-1-0-8-diego9989f-atlantico-atlantico-716041443,olx,fortaleza,Cidade 2000,,,,350000.0,58.0,6034.48,3,,Imperdível Costa Atlântica d600 liga 9 8 7 4 8 3 1 0 8 Diego9989f atlântico atlantico,,2026-10-02T23:55:28,faixa 250-400 mil
https://ce.olx.com.br/fortaleza-e-regiao/imoveis/apartamento-no-passare-2-quartos-2-vagas-1538957904,olx,fortaleza,Passaré,-3.811345222222222,-38.532803666666666,centroide_bairro,350000.0,58.0,6034.48,2,,"APARTAMENTO NO PASSARÉ | 2 QUARTOS, 2 VAGAS",,2026-10-02T23:55:26,faixa 250-400 mil
https://ce.olx.com.br/fortaleza-e-regiao/imoveis/apartamento-venda-passare-3-quartos-2-vagas-1535587308,olx,fortaleza,Passaré,-3.811345222222222,-38.532803666666666,centroide_bairro,350000.0,58.0,6034.48,3,,"APARTAMENTO À VENDA | PASSARÉ | 3 QUARTOS, 2 VAGAS",,2026-10-02T23:55:26,faixa 250-400 mil
https://ce.olx.com.br/fortaleza-e-regiao/imoveis/mirantes-passare-andar-alto-nascente-58m-3-quartos-2-vagas-lazer-completo-p-1538084904,olx,fortaleza,Passaré,-3.811345222222222,-38.532803666666666,centroide_bairro,350000.0,58.0,6034.48,3,,Mirantes Passaré - Andar Alto - Nascente - 58m² - 3 quartos + 2 vagas - Lazer Completo - P,,2026-10-02T23:55:28,faixa 250-400 mil
https://ce.olx.com.br/fortaleza-e-regiao/imoveis/agende-a-sua-visita-com-um-de-nossos-corretores-agora-mesmo-1537815976,olx,fortaleza,Mondubim,-3.8094273333333333,-38.570467,centroide_bairro,338000.0,56.0,6035.71,3,,Agende a sua visita com um de nossos corretores agora mesmo.,,2026-10-02T23:55:30,faixa 250-400 mil
https://ce.olx.com.br/fortaleza-e-regiao/imoveis/vista-mar-lazer-2-4-liga-9-87-48-31-08-diego9989f-matias-beck-monsenhor-dantas-100-jacare-1488932670,olx,fortaleza,Jacarecanga,,,,319995.0,53.0,6037.64,2,,"Vista mar lazer 2/4 liga 9 87 48 31 08 Diego9989f Matias Beck monsenhor Dantas, 100 jacare",,2026-10-02T23:55:27,faixa 250-400 mil
https://ce.olx.com.br/fortaleza-e-regiao/imoveis/apartamento-com-2-dormitorios-a-venda-54-m-por-r-330-000-00-centro-fortaleza-ce-1538354738,olx,fortaleza,Centro,,,,330000.0,54.0,6111.11,2,,"Apartamento com 2 dormitórios à venda, 54 m² por R$ 330.000,00 - Centro - Fortaleza/CE",,2026-10-02T23:55:29,faixa 250-400 mil
https://ce.olx.com.br/fortaleza-e-regiao/imoveis/vende-se-apartamento-com-2-quartos-vaga-e-lazer-completo-passare-1540691544,olx,fortaleza,Passaré,-3.811345222222222,-38.532803666666666,centroide_bairro,275000.0,45.0,6111.11,2,,"Vende-se apartamento com 2 quartos, vaga e lazer completo - Passaré",,2026-10-02T23:55:26,faixa 250-400 mil
https://ce.olx.com.br/fortaleza-e-regiao/imoveis/apartamento-a-venda-em-messejana-condominio-percosi-1539862324,olx,fortaleza,Messejana,-3.8252363333333332,-38.49370066666666,centroide_bairro,385000.0,63.0,6111.11,3,,Apartamento à venda em Messejana | Condomínio Percosi.,,2026-10-02T23:55:28,faixa 250-400 mil
https://ce.olx.com.br/fortaleza-e-regiao/imoveis/apartamento-mobiliado-venda-parque-dois-irmaos-1538961038,olx,fortaleza,Parque Dois Irmãos,-3.8123913333333337,-38.553201333333334,centroide_bairro,300000.0,49.0,6122.45,2,,APARTAMENTO MOBILIADO À VENDA | PARQUE DOIS IRMÃOS,,2026-10-02T23:55:29,faixa 250-400 mil
https://ce.olx.com.br/fortaleza-e-regiao/imoveis/venda-de-lindo-apto-no-mobiliado-no-parque-dois-irmaos-mais-informacoes-1538791632,olx,fortaleza,Parque Dois Irmãos,-3.8123913333333337,-38.553201333333334,centroide_bairro,300000.0,49.0,6122.45,2,,Venda de Lindo Apto no Mobiliado no Parque dois Irmãos - Mais informações,,2026-10-02T23:55:29,faixa 250-400 mil
https://ce.olx.com.br/fortaleza-e-regiao/imoveis/vivenda-parangaba-apto-nascente-e-projetado-1222242018,olx,fortaleza,João XXIII,,,,380000.0,62.0,6129.03,3,,Vivenda Parangaba Apto Nascente e projetado,,2026-10-02T23:55:28,faixa 250-400 mil
https://ce.olx.com.br/fortaleza-e-regiao/imoveis/apartamento-a-venda-no-bairro-messejana-condominio-villa-venezia-1539780285,olx,fortaleza,Messejana,-3.8252363333333332,-38.49370066666666,centroide_bairro,350000.0,57.0,6140.35,2,,Apartamento à venda no bairro Messejana | Condomínio Villa Venezia.,,2026-10-02T23:55:27,faixa 250-400 mil
https://ce.olx.com.br/fortaleza-e-regiao/imoveis/matias-beck-liga-9-87-48-31-08-diego9989f-vista-mar-nascente-jacarecanga-monsenhor-dantas-1488920420,olx,fortaleza,Jacarecanga,,,,319993.0,52.0,6153.71,2,,Matias Beck liga 9 87 48 31 08 Diego9989F vista mar nascente Jacarecanga monsenhor dantas,,2026-10-02T23:55:27,faixa 250-400 mil
https://ce.olx.com.br/fortaleza-e-regiao/imoveis/matias-beck-vista-mar-lazer-liga-9-87-48-31-08-diego9989f-monsenhor-dantas-100-jacarecang-1488931017,olx,fortaleza,Jacarecanga,,,,319994.0,52.0,6153.73,2,,"Matias Beck vista mar lazer liga 9 87 48 31 08 Diego9989f monsenhor Dantas, 100 jacarecang",,2026-10-02T23:55:27,faixa 250-400 mil
https://ce.olx.com.br/fortaleza-e-regiao/imoveis/apartamento-a-venda-no-bairro-messejana-condominio-villa-venezia-1539780650,olx,fortaleza,Messejana,-3.8252363333333332,-38.49370066666666,centroide_bairro,400000.0,65.0,6153.85,3,,Apartamento à venda no bairro Messejana | Condomínio Villa Venezia.,,2026-10-02T23:55:28,faixa 250-400 mil
https://www.zapimoveis.com.br/imovel/venda-apartamento-2-quartos-com-academia-mondubim-fortaleza-ce-52m2-id-2867896104/,zapimoveis,fortaleza,Mondubim,-3.808287,-38.576491,exata,320408.0,52.0,6161.69,2,torre,,,2026-10-02T23:55:25,faixa 250-400 mil
https://ce.olx.com.br/fortaleza-e-regiao/imoveis/apartamento-a-venda-no-cambeba-condominio-fontana-di-pavia-1538303184,olx,fortaleza,Cambeba,,,,290000.0,47.0,6170.21,2,,Apartamento a venda no Cambeba | Condomínio Fontana Di Pavia,,2026-10-02T23:55:29,faixa 250-400 mil
https://www.zapimoveis.com.br/imovel/venda-apartamento-2-quartos-mobiliado-passare-fortaleza-ce-51m2-id-2879209040/,zapimoveis,fortaleza,Passaré,-3.813551,-38.522302,exata,315000.0,51.0,6176.47,2,torre,,,2026-10-02T23:55:26,faixa 250-400 mil
https://ce.olx.com.br/fortaleza-e-regiao/imoveis/s-compact-apartamento-na-parangaba-1513371663,olx,fortaleza,Parangaba,,,,309000.0,50.0,6180.0,2,,S COMPACT - APARTAMENTO NA PARANGABA,,2026-10-02T23:55:26,faixa 250-400 mil
https://www.zapimoveis.com.br/imovel/venda-apartamento-2-quartos-com-piscina-passare-fortaleza-ce-55m2-id-2873941501/,zapimoveis,fortaleza,Passaré,-3.807235,-38.534417,exata,340000.0,55.0,6181.82,2,torre,,,2026-10-02T23:55:25,faixa 250-400 mil
https://ce.olx.com.br/fortaleza-e-regiao/imoveis/apartamento-para-venda-em-fortaleza-jacarecanga-2-dormitorios-1-suite-1-banheiro-2-va-1537740669,olx,fortaleza,Jacarecanga,,,,340000.0,55.0,6181.82,2,,"Apartamento para Venda em Fortaleza, Jacarecanga, 2 dormitórios, 1 suíte, 1 banheiro, 2 va",,2026-10-02T23:55:30,faixa 250-400 mil
https://ce.olx.com.br/fortaleza-e-regiao/imoveis/apartamento-a-venda-na-maraponga-diversao-for-life-1537701231,olx,fortaleza,Rachel de Queiroz,,,,260000.0,42.0,6190.48,2,,APARTAMENTO A VENDA NA MARAPONGA - DIVERSÃO FOR LIFE,,2026-10-02T23:55:30,faixa 250-400 mil
https://ce.olx.com.br/fortaleza-e-regiao/imoveis/apartamento-com-02-quartos-sendo-01-suite-a-venda-no-bairro-barroso-condominio-reserva-a-1540099617,olx,fortaleza,Engenheiro Luciano Cavalcante,,,,260000.0,42.0,6190.48,2,,Apartamento com 02 quartos sendo 01 suíte à venda no bairro Barroso | Condomínio Reserva A,,2026-10-02T23:55:28,faixa 250-400 mil
https://ce.olx.com.br/fortaleza-e-regiao/imoveis/apartamento-no-castelao-cod0373-1522755783,olx,fortaleza,Barroso,,,,285000.0,46.0,6195.65,2,,Apartamento no Castelão Cod0373,,2026-10-02T23:55:26,faixa 250-400 mil
https://ce.olx.com.br/fortaleza-e-regiao/imoveis/torre-dos-ipes-terreo-1495066557,olx,fortaleza,Passaré,-3.811345222222222,-38.532803666666666,centroide_bairro,279000.0,45.0,6200.0,2,,Torre dos Ipês - térreo,,2026-10-02T23:55:28,faixa 250-400 mil
https://ce.olx.com.br/fortaleza-e-regiao/imoveis/apartamento-no-passare-por-r-335-000-1539173094,olx,fortaleza,Papicu,,,,335000.0,54.0,6203.7,2,,APARTAMENTO NO PASSARÉ POR R$ 335.000,,2026-10-02T23:55:27,faixa 250-400 mil
https://ce.olx.com.br/fortaleza-e-regiao/imoveis/apartamento-novo-no-bella-vitta-messejana-1538301715,olx,fortaleza,Messejana,-3.8252363333333332,-38.49370066666666,centroide_bairro,360000.0,58.0,6206.9,3,,APARTAMENTO NOVO NO BELLA VITTA  MESSEJANA,,2026-10-02T23:55:29,faixa 250-400 mil
https://ce.olx.com.br/fortaleza-e-regiao/imoveis/apartamento-com-3-dormitorios-a-venda-58-m-por-r-360-000-00-passare-fortaleza-ce-1540926831,olx,fortaleza,Passaré,-3.811345222222222,-38.532803666666666,centroide_bairro,360000.0,58.0,6206.9,3,,"Apartamento com 3 dormitórios à venda, 58 m² por R$ 360.000,00 - Passaré - Fortaleza/CE",,2026-10-02T23:55:24,faixa 250-400 mil
https://ce.olx.com.br/fortaleza-e-regiao/imoveis/apartamento-com-3-dormitorios-a-venda-58-m-por-r-360-000-passare-fortaleza-ce-1540452933,olx,fortaleza,Passaré,-3.811345222222222,-38.532803666666666,centroide_bairro,360000.0,58.0,6206.9,3,,"Apartamento com 3 dormitórios à venda, 58 m² por R$ 360.000 - Passaré - Fortaleza/CE",,2026-10-02T23:55:26,faixa 250-400 mil
https://ce.olx.com.br/fortaleza-e-regiao/imoveis/reserva-2-quartos-elevador-area-de-lazer-completa-passare-fortaleza-ce-1540358728,olx,fortaleza,Passaré,-3.811345222222222,-38.532803666666666,centroide_bairro,330000.0,53.0,6226.42,2,,"Reserva 2 quartos, Elevador, Área de lazer completa- Passaré - Fortaleza - CE",,2026-10-02T23:55:26,faixa 250-400 mil
https://ce.olx.com.br/fortaleza-e-regiao/imoveis/apartamento-a-venda-no-bairro-lagoa-redonda-condominio-reserva-natura-1539780058,olx,fortaleza,Lagoa Redonda,,,,330000.0,53.0,6226.42,2,,Apartamento à venda no bairro Lagoa Redonda | Condomínio Reserva Natura.,,2026-10-02T23:55:27,faixa 250-400 mil
https://ce.olx.com.br/fortaleza-e-regiao/imoveis/apt-070-maraponga-condominio-viverde-apartamento-com-02-quartos-lazer-1153135200,olx,fortaleza,Maraponga,,,,280500.0,45.0,6233.33,2,,"APT 070, Maraponga Condomínio Viverde, apartamento com 02 quartos, lazer",,2026-10-02T23:55:29,faixa 250-400 mil
https://ce.olx.com.br/fortaleza-e-regiao/imoveis/alta-vista-passare-1537870220,olx,fortaleza,Passaré,-3.811345222222222,-38.532803666666666,centroide_bairro,300000.0,48.0,6250.0,2,,Alta vista passare,,2026-10-02T23:55:30,faixa 250-400 mil
https://www.zapimoveis.com.br/imovel/venda-apartamento-2-quartos-com-piscina-itaoca-fortaleza-ce-52m2-id-2895787976/,zapimoveis,fortaleza,Itaoca,-3.768639,-38.55466,exata,325000.0,52.0,6250.0,2,torre,,,2026-10-02T23:55:26,faixa 250-400 mil
https://ce.olx.com.br/fortaleza-e-regiao/imoveis/apartamento-a-venda-no-bairro-damas-fortaleza-1525435725,olx,fortaleza,Damas,,,,375000.0,60.0,6250.0,3,,"Apartamento à venda no Bairro Damas, Fortaleza",,2026-10-02T23:55:24,faixa 250-400 mil
https://ce.olx.com.br/fortaleza-e-regiao/imoveis/apartamento-no-bem-viver-condominio-clube-jacarecanga-1540137661,olx,fortaleza,Jacarecanga,,,,340000.0,54.0,6296.3,2,,APARTAMENTO NO BEM VIVER CONDOMÍNIO CLUBE - JACARECANGA,,2026-10-02T23:55:28,faixa 250-400 mil
https://www.zapimoveis.com.br/imovel/venda-apartamento-2-quartos-com-varanda-gourmet-parque-dois-irmaos-fortaleza-ce-54m2-id-2841091616/,zapimoveis,fortaleza,Parque Dois Irmãos,-3.812409,-38.553204,exata,340000.0,54.0,6296.3,2,indefinido,,,2026-10-02T23:55:26,faixa 250-400 mil
https://ce.olx.com.br/fortaleza-e-regiao/imoveis/sapiranga-vilar-de-andrade-1449617595,olx,fortaleza,Sapiranga-Coité,,,,271000.0,43.0,6302.33,2,,SAPIRANGA - VILAR DE ANDRADE,,2026-10-02T23:55:30,faixa 250-400 mil
https://ce.olx.com.br/fortaleza-e-regiao/imoveis/apartamento-a-venda-com-3-quartos-na-parangaba-1537866569,olx,fortaleza,João XXIII,,,,400000.0,63.0,6349.21,3,,Apartamento a venda com 3 Quartos na Parangaba,,2026-10-02T23:55:30,faixa 250-400 mil
https://ce.olx.com.br/fortaleza-e-regiao/imoveis/apartamento-com-2-dormitorios-a-venda-46-m-por-r-299-000-00-cambeba-fortaleza-ce-1538944143,olx,fortaleza,Messejana,-3.8252363333333332,-38.49370066666666,centroide_bairro,299000.0,47.0,6361.7,2,,"Apartamento com 2 dormitórios à venda, 46 m² por R$ 299.000,00 - Cambeba - Fortaleza/CE",,2026-10-02T23:55:29,faixa 250-400 mil
https://ce.olx.com.br/fortaleza-e-regiao/imoveis/reserva-dos-ipes-1540460689,olx,fortaleza,Passaré,-3.811345222222222,-38.532803666666666,centroide_bairro,369000.0,58.0,6362.07,3,,Reserva dos Ipês,,2026-10-02T23:55:26,faixa 250-400 mil
https://ce.olx.com.br/fortaleza-e-regiao/imoveis/apartamento-a-venda-no-bairro-mondubim-condominio-conquista-maraponga-1539779559,olx,fortaleza,Mondubim,-3.8094273333333333,-38.570467,centroide_bairro,299100.0,47.0,6363.83,2,,Apartamento à venda no bairro Mondubim | Condomínio Conquista Maraponga.,,2026-10-02T23:55:27,faixa 250-400 mil
https://ce.olx.com.br/fortaleza-e-regiao/imoveis/imovel-para-venda-tem-47-metros-quadrados-com-2-quartos-em-cambeba-fortaleza-ce-1538599202,olx,fortaleza,Cambeba,,,,300000.0,47.0,6382.98,2,,Imóvel para venda tem 47 metros quadrados com 2 quartos em Cambeba - Fortaleza - CE,,2026-10-02T23:55:29,faixa 250-400 mil
https://ce.olx.com.br/fortaleza-e-regiao/imoveis/apartamento-com-3-quartos-a-venda-61-m-por-r-390-000-bela-vista-fortaleza-ce-1538982159,olx,fortaleza,Bela Vista,,,,390000.0,61.0,6393.44,3,,"Apartamento com 3 quartos à venda, 61 m² por R$ 390.000 - Bela Vista - Fortaleza/CE",,2026-10-02T23:55:29,faixa 250-400 mil
https://ce.olx.com.br/fortaleza-e-regiao/imoveis/viver-bosque-messejana-minha-casa-minha-vida-1534143092,olx,fortaleza,Cambeba,,,,256000.0,40.0,6400.0,2,,Viver Bosque Messejana Minha Casa Minha Vida,,2026-10-02T23:55:26,faixa 250-400 mil
https://ce.olx.com.br/fortaleza-e-regiao/imoveis/apartamento-com-2-dormitorios-a-venda-46-m-passare-fortaleza-ce-1537690118,olx,fortaleza,Passaré,-3.811345222222222,-38.532803666666666,centroide_bairro,295000.0,46.0,6413.04,2,,"Apartamento com 2 dormitórios à venda, 46 m² - Passaré - Fortaleza/CE",,2026-10-02T23:55:30,faixa 250-400 mil
https://ce.olx.com.br/fortaleza-e-regiao/imoveis/apartamento-a-venda-no-bairro-passare-condominio-estilo-passare-1539780107,olx,fortaleza,Passaré,-3.811345222222222,-38.532803666666666,centroide_bairro,320700.0,50.0,6414.0,1,,Apartamento à venda no bairro Passaré | Condomínio Estilo Passaré.,,2026-10-02T23:55:27,faixa 250-400 mil
https://ce.olx.com.br/fortaleza-e-regiao/imoveis/apartamento-com-2-dormitorios-a-venda-40-m-por-r-256-876-00-praia-do-futuro-fortale-1537735886,olx,fortaleza,Praia do Futuro II,,,,256876.0,40.0,6421.9,2,,"Apartamento com 2 dormitórios à venda, 40 m² por R$ 256.876,00 - Praia do Futuro - Fortale",,2026-10-02T23:55:30,faixa 250-400 mil
https://ce.olx.com.br/fortaleza-e-regiao/imoveis/venda-de-lindo-apto-no-14-andar-com-area-de-lazer-completo-mais-informacoes-1538467666,olx,fortaleza,Cambeba,,,,290000.0,45.0,6444.44,2,,Venda de Lindo Apto no (14° Andar) com Área de Lazer completo - Mais informações,,2026-10-02T23:55:29,faixa 250-400 mil
https://ce.olx.com.br/fortaleza-e-regiao/imoveis/apartamento-venda-fontana-di-pavia-cambeba-1538304927,olx,fortaleza,Cambeba,,,,290000.0,45.0,6444.44,2,,APARTAMENTO À VENDA | FONTANA DI PAVIA  CAMBEBA,,2026-10-02T23:55:29,faixa 250-400 mil
https://ce.olx.com.br/fortaleza-e-regiao/imoveis/les-jardins-condominio-club-62-metros-2-quartos-2-vagas-lazer-completo-coco-1540720840,olx,fortaleza,Cocó,,,,400000.0,62.0,6451.61,2,,Les Jardins Condomínio Club - 62 metros - 2 quartos + 2 vagas - Lazer Completo - Cocó,,2026-10-02T23:55:26,faixa 250-400 mil
https://ce.olx.com.br/fortaleza-e-regiao/imoveis/apartamento-a-venda-na-maraponga-diversao-for-live-condominio-completo-1537682042,olx,fortaleza,Rachel de Queiroz,,,,260000.0,40.0,6500.0,2,,APARTAMENTO Á VENDA NA MARAPONGA  DIVERSÃO FOR LIVE | CONDOMÍNIO COMPLETO,,2026-10-02T23:55:30,faixa 250-400 mil
https://ce.olx.com.br/fortaleza-e-regiao/imoveis/maraponga-condominio-viverde-apartamento-com-02-quartos-759941760,olx,fortaleza,Maraponga,,,,280200.0,43.0,6516.28,2,,"Maraponga, Condomínio Viverde, apartamento com 02 quartos",,2026-10-02T23:55:26,faixa 250-400 mil
https://www.zapimoveis.com.br/imovel/venda-apartamento-2-quartos-com-piscina-itaoca-fortaleza-ce-52m2-id-2914479966/,zapimoveis,fortaleza,Itaoca,-3.768639,-38.55466,exata,339000.0,52.0,6519.23,2,torre,,,2026-10-02T23:55:25,faixa 250-400 mil
https://www.zapimoveis.com.br/imovel/venda-apartamento-2-quartos-com-piscina-mondubim-fortaleza-ce-51m2-id-2854847715/,zapimoveis,fortaleza,Mondubim,-3.808287,-38.576491,exata,335000.0,51.0,6568.63,2,torre,,,2026-10-02T23:55:25,faixa 250-400 mil
https://ce.olx.com.br/fortaleza-e-regiao/imoveis/apt-096-centro-condominio-parque-marista-apartamentos-com-elevador-1440840547,olx,fortaleza,Fátima,,,,269999.0,41.0,6585.34,2,,"APT 096, Centro, Condomínio Parque Marista, apartamentos com elevador",,2026-10-02T23:55:26,faixa 250-400 mil
https://ce.olx.com.br/fortaleza-e-regiao/imoveis/apt-244-condominio-da-vinci-apartamento-com-02-quartos-moveis-projetados-elevador-1390818062,olx,fortaleza,Paupina,,,,270000.0,41.0,6585.37,2,,"APT 244 - Condomínio Da Vinci, apartamento com 02 quartos, Móveis projetados, elevador",,2026-10-02T23:55:26,faixa 250-400 mil
https://www.vivareal.com.br/imovel/apartamento-3-quartos-carlito-pamplona-bairros-fortaleza-com-garagem-60m2-venda-RS399000-id-2912113227/,vivareal,fortaleza,Carlito Pamplona,-3.721487,-38.554277,exata,399000.0,60.0,6650.0,3,indefinido,,,2026-10-02T23:55:24,faixa 250-400 mil
https://ce.olx.com.br/fortaleza-e-regiao/imoveis/apartamento-com-2-quartos-para-venda-na-praia-do-futuro-1540736137,olx,fortaleza,Praia do Futuro II,,,,320000.0,48.0,6666.67,2,,Apartamento com 2 quartos para Venda na Praia do Futuro,,2026-10-02T23:55:26,faixa 250-400 mil
https://ce.olx.com.br/fortaleza-e-regiao/imoveis/estilo-dunas-60-m-1509796990,olx,fortaleza,Vicente Pinzon,,,,400000.0,60.0,6666.67,3,,Estilo Dunas - 60 m²,,2026-10-02T23:55:26,faixa 250-400 mil
https://ce.olx.com.br/fortaleza-e-regiao/imoveis/apartamento-com-2-dormitorios-a-venda-48-m-por-r-320-000-passare-fortaleza-ce-1540358578,olx,fortaleza,Passaré,-3.811345222222222,-38.532803666666666,centroide_bairro,320000.0,48.0,6666.67,2,,"Apartamento com 2 dormitórios à venda, 48 m² por R$ 320.000 - Passaré - Fortaleza/CE",,2026-10-02T23:55:26,faixa 250-400 mil
https://ce.olx.com.br/fortaleza-e-regiao/imoveis/apartamento-na-maraponga-oportunidade-1537087234,olx,fortaleza,Canindezinho,,,,280000.0,42.0,6666.67,2,,Apartamento na maraponga- oportunidade,,2026-10-02T23:55:29,faixa 250-400 mil
https://www.chavesnamao.com.br/imovel/apartamento-a-venda-2-quartos-com-garagem-ce-fortaleza-jacarecanga-RS320000/id-35602169/,chavesnamao,fortaleza,Jacarecanga,,,,320000.0,48.0,6666.67,2,,,,2026-10-02T23:55:24,faixa 250-400 mil
https://ce.olx.com.br/fortaleza-e-regiao/imoveis/apartamento-venda-mirantes-passare-3-qtos-2-vagas-1540090587,olx,fortaleza,Passaré,-3.811345222222222,-38.532803666666666,centroide_bairro,389000.0,58.0,6706.9,3,,"APARTAMENTO À VENDA | MIRANTES PASSARÉ | 3 QTOS, 2 VAGAS",,2026-10-02T23:55:26,faixa 250-400 mil
https://ce.olx.com.br/fortaleza-e-regiao/imoveis/mirantes-passare-liga-9-87-48-31-08-diego9989f-dcristgouv-r-mandacarus-501-cep60744030-1519062096,olx,fortaleza,Passaré,-3.811345222222222,-38.532803666666666,centroide_bairro,390001.0,58.0,6724.16,3,,"Mirantes Passaré liga 9 87 48 31 08 Diego9989F dcristgouv r mandacarus,501 cep60744030 -_-",,2026-10-02T23:55:27,faixa 250-400 mil
https://www.zapimoveis.com.br/imovel/venda-apartamento-2-quartos-mobiliado-passare-fortaleza-ce-55m2-id-2907941742/,zapimoveis,fortaleza,Passaré,-3.807235,-38.534417,exata,370000.0,55.0,6727.27,2,torre,,,2026-10-02T23:55:25,faixa 250-400 mil
https://ce.olx.com.br/fortaleza-e-regiao/imoveis/apartamento-em-cambeba-2-quartos-com-elevador-e-area-de-lazer-completa-condominio-font-1502039297,olx,fortaleza,Cambeba,,,,320000.0,47.0,6808.51,2,,"Apartamento em Cambeba: 2 quartos, com elevador e área de lazer completa / Condomínio Font",,2026-10-02T23:55:24,faixa 250-400 mil
https://ce.olx.com.br/fortaleza-e-regiao/imoveis/apartamento-com-2-dormitorios-a-venda-38-m-por-r-265-958-praia-do-futuro-ii-fortale-1530165766,olx,fortaleza,Praia do Futuro II,,,,265958.0,39.0,6819.44,2,,"Apartamento com 2 dormitórios à venda, 38 m² por R$ 265.958 - Praia do Futuro II - Fortale",,2026-10-02T23:55:26,faixa 250-400 mil
https://ce.olx.com.br/fortaleza-e-regiao/imoveis/apartamento-com-3-dormitorios-a-venda-58-m-por-r-396-000-00-papicu-fortaleza-ce-1539780347,olx,fortaleza,Papicu,,,,396000.0,58.0,6827.59,3,,"Apartamento com 3 dormitórios à venda, 58 m² por R$ 396.000,00 - Papicu - Fortaleza/CE",,2026-10-02T23:55:27,faixa 250-400 mil
https://ce.olx.com.br/fortaleza-e-regiao/imoveis/excelente-apartamento-projetado-com-2-quartos-laguna-park-maraponga-1538317007,olx,fortaleza,Parangaba,,,,370000.0,54.0,6851.85,2,,"Excelente apartamento projetado com 2 quartos, Laguna Park Maraponga",,2026-10-02T23:55:29,faixa 250-400 mil
https://www.zapimoveis.com.br/imovel/venda-apartamento-2-quartos-com-piscina-passare-fortaleza-ce-50m2-id-2898045380/,zapimoveis,fortaleza,Passaré,-3.808414,-38.545113,exata,345000.0,50.0,6900.0,2,torre,,,2026-10-02T23:55:25,faixa 250-400 mil
https://www.chavesnamao.com.br/imovel/apartamento-a-venda-2-quartos-com-garagem-ce-fortaleza-messejana-RS380000/id-46427773/,chavesnamao,fortaleza,Messejana,-3.8252363333333332,-38.49370066666666,centroide_bairro,380000.0,55.0,6909.09,2,,,,2026-10-02T23:55:24,faixa 250-400 mil
https://ce.olx.com.br/fortaleza-e-regiao/imoveis/apartamento-com-2-dormitorios-a-venda-51-m-por-r-350-564-80-parque-iracema-fortalez-1539780323,olx,fortaleza,Parque Iracema,,,,353299.0,51.0,6927.43,2,,"Apartamento com 2 dormitórios à venda, 51 m² por R$ 350.564,80 - Parque Iracema - Fortalez",,2026-10-02T23:55:27,faixa 250-400 mil
https://ce.olx.com.br/fortaleza-e-regiao/imoveis/apartamento-com-2-dormitorios-a-venda-54-m-por-r-375-000-fatima-fortaleza-ce-1536845696,olx,fortaleza,Fátima,,,,375000.0,54.0,6944.44,2,,"Apartamento com 2 dormitórios à venda, 54 m² por R$ 375.000 - Fátima - Fortaleza/CE",,2026-10-02T23:55:26,faixa 250-400 mil
https://ce.olx.com.br/fortaleza-e-regiao/imoveis/nere-ametza-residencia-nascente-54-metros-2-quartos-1-vaga-portaria-24h-fatima-1537732149,olx,fortaleza,Fátima,,,,375000.0,54.0,6944.44,2,,Nere Ametza Residencia - Nascente - 54 metros - 2 quartos + 1 vaga - Portaria 24h - Fátima,,2026-10-02T23:55:30,faixa 250-400 mil
https://ce.olx.com.br/fortaleza-e-regiao/imoveis/nere-ametza-residencia-nascente-moveis-fixos-54m-2-quartos-1-vaga-portaria-24-1537731917,olx,fortaleza,Fátima,,,,375000.0,54.0,6944.44,2,,Nere Ametza Residencia - Nascente - Móveis Fixos - 54m² - 2 quartos + 1 vaga - Portaria 24,,2026-10-02T23:55:30,faixa 250-400 mil
https://ce.olx.com.br/fortaleza-e-regiao/imoveis/apartamento-a-venda-no-bairro-mondubim-condominio-stay-one-1539779705,olx,fortaleza,Mondubim,-3.8094273333333333,-38.570467,centroide_bairro,300000.0,43.0,6976.74,2,,Apartamento à venda no bairro Mondubim | Condomínio Stay One,,2026-10-02T23:55:27,faixa 250-400 mil
https://ce.olx.com.br/fortaleza-e-regiao/imoveis/apartamento-para-venda-em-fortaleza-monte-castelo-2-dormitorios-1-suite-2-banheiros-1-1378163255,olx,fortaleza,Monte Castelo,,,,350000.0,50.0,7000.0,2,,"Apartamento para Venda em Fortaleza, Monte Castelo, 2 dormitórios, 1 suíte, 2 banheiros, 1",,2026-10-02T23:55:27,faixa 250-400 mil
https://www.zapimoveis.com.br/imovel/venda-apartamento-2-quartos-com-piscina-manuel-dias-branco-fortaleza-ce-49m2-id-2867433590/,zapimoveis,fortaleza,Manuel Dias Branco,-3.752902,-38.460203,exata,343184.0,49.0,7003.76,2,torre,,,2026-10-02T23:55:25,faixa 250-400 mil
https://ce.olx.com.br/fortaleza-e-regiao/imoveis/lancamento-hype-condominio-clube-praia-do-futuro-1538093458,olx,fortaleza,Praia do Futuro II,,,,266403.0,38.0,7010.61,2,,LANÇAMENTO HYPE CONDOMÍNIO CLUBE  PRAIA DO FUTURO!,,2026-10-02T23:55:28,faixa 250-400 mil
https://ce.olx.com.br/fortaleza-e-regiao/imoveis/apartamento-a-venda-no-bairro-mondubim-condominio-stay-one-1539779631,olx,fortaleza,Mondubim,-3.8094273333333333,-38.570467,centroide_bairro,330000.0,47.0,7021.28,2,,Apartamento à venda no bairro Mondubim | Condomínio Stay One,,2026-10-02T23:55:27,faixa 250-400 mil
https://ce.olx.com.br/fortaleza-e-regiao/imoveis/apartamento-a-venda-no-bairro-mondubim-condominio-stay-one-1538035023,olx,fortaleza,Mondubim,-3.8094273333333333,-38.570467,centroide_bairro,330000.0,47.0,7021.28,2,,Apartamento à venda no bairro Mondubim | Condomínio Stay One,,2026-10-02T23:55:28,faixa 250-400 mil
https://ce.olx.com.br/fortaleza-e-regiao/imoveis/apt-209-cajazeiras-condominio-forte-alencar-apartamento-com-2-quartos-elevador-1268719698,olx,fortaleza,Cajazeiras,,,,309096.0,44.0,7024.91,2,,"APT 209, Cajazeiras, Condomínio Forte Alencar, Apartamento com 2 quartos, elevador",,2026-10-02T23:55:28,faixa 250-400 mil
https://ce.olx.com.br/fortaleza-e-regiao/imoveis/apartamento-com-2-quartos-a-venda-43-m-por-r-304-000-mondubim-fortaleza-ce-1538536590,olx,fortaleza,Mondubim,-3.8094273333333333,-38.570467,centroide_bairro,304000.0,43.0,7069.77,2,,"Apartamento com 2 quartos à venda, 43 m² por R$ 304.000 - Mondubim - Fortaleza/CE",,2026-10-02T23:55:29,faixa 250-400 mil
https://ce.olx.com.br/fortaleza-e-regiao/imoveis/apartamento-para-venda-2-quarto-s-manuel-dias-branco-fortaleza-1539752592,olx,fortaleza,Manuel Dias Branco,,,,390000.0,55.0,7090.91,2,,"Apartamento para venda, 2 quarto(s), Manuel Dias Branco, Fortaleza",,2026-10-02T23:55:27,faixa 250-400 mil
https://ce.olx.com.br/fortaleza-e-regiao/imoveis/venda-condominio-fotana-di-genova-cambeba-1540713124,olx,fortaleza,Cambeba,,,,300000.0,42.0,7142.86,2,,VENDA CONDOMÍNIO FOTANA DI GENOVA | CAMBEBA,,2026-10-02T23:55:26,faixa 250-400 mil
https://ce.olx.com.br/fortaleza-e-regiao/imoveis/apartamento-a-venda-em-fortaleza-passare-com-2-quartos-com-42-m-torre-dos-ipes-1540604635,olx,fortaleza,Passaré,-3.811345222222222,-38.532803666666666,centroide_bairro,300000.0,42.0,7142.86,2,,"Apartamento à venda em Fortaleza, Passaré, com 2 quartos, com 42 m², Torre dos Ipês",,2026-10-02T23:55:26,faixa 250-400 mil
https://ce.olx.com.br/fortaleza-e-regiao/imoveis/apartamento-com-2-dormitorios-a-venda-44-m-por-r-315-000-00-parque-iracema-fortalez-1539780398,olx,fortaleza,Parque Iracema,,,,315000.0,44.0,7159.09,2,,"Apartamento com 2 dormitórios à venda, 44 m² por R$ 315.000,00 - Parque Iracema - Fortalez",,2026-10-02T23:55:27,faixa 250-400 mil
https://ce.olx.com.br/fortaleza-e-regiao/imoveis/apartamento-com-02-quartos-a-venda-no-bairro-passare-reserva-da-lagoa-1539779612,olx,fortaleza,Passaré,-3.811345222222222,-38.532803666666666,centroide_bairro,315575.0,44.0,7172.16,2,,Apartamento com 02 quartos à venda no bairro Passaré | Reserva da Lagoa,,2026-10-02T23:55:27,faixa 250-400 mil
https://ce.olx.com.br/fortaleza-e-regiao/imoveis/2-suites-no-6-andar-49-59-m-1-vaga-fantasy-condominio-clube-1538739835,olx,fortaleza,Antônio Bezerra,,,,360000.0,50.0,7200.0,2,,"2 SUÍTES NO 6º ANDAR | 49,59 M² | 1 VAGA | FANTASY CONDOMÍNIO CLUBE",,2026-10-02T23:55:29,faixa 250-400 mil
https://ce.olx.com.br/fortaleza-e-regiao/imoveis/apartamento-com-3-dormitorios-a-venda-54-52-m-maraponga-fortaleza-ce-1528227651,olx,fortaleza,Mondubim,-3.8094273333333333,-38.570467,centroide_bairro,390000.0,54.0,7222.22,3,,"Apartamento com 3 dormitórios à venda, 54,52 m² Maraponga - Fortaleza/CE",,2026-10-02T23:55:26,faixa 250-400 mil
https://ce.olx.com.br/fortaleza-e-regiao/imoveis/apartamento-a-venda-na-praia-do-futuro-1538304096,olx,fortaleza,Praia do Futuro II,,,,357591.0,49.0,7297.78,2,,Apartamento à Venda na Praia do Futuro,,2026-10-02T23:55:27,faixa 250-400 mil
https://ce.olx.com.br/fortaleza-e-regiao/imoveis/apartamento-2-quartos-e-super-ventilado-1539530430,olx,fortaleza,Papicu,,,,365000.0,50.0,7300.0,2,,Apartamento 2 quartos e super ventilado!!!!,,2026-10-02T23:55:27,faixa 250-400 mil
https://ce.olx.com.br/fortaleza-e-regiao/imoveis/residencial-dom-casmurro-bairro-damas-nascente-50-e-57m-2-e-3-quartos-2-vagas-1540955585,olx,fortaleza,Damas,,,,365000.0,50.0,7300.0,2,,"RESIDENCIAL DOM CASMURRO, BAIRRO DAMAS, NASCENTE, 50 e 57m², 2 e 3 QUARTOS, 2 VAGAS",,2026-10-02T23:55:24,faixa 250-400 mil
https://ce.olx.com.br/fortaleza-e-regiao/imoveis/residencial-dom-casmurro-bairro-damas-nascente-50-e-57m-2-e-3-quartos-2-vagas-1539581435,olx,fortaleza,Damas,,,,365000.0,50.0,7300.0,2,,"RESIDENCIAL DOM CASMURRO, BAIRRO DAMAS, NASCENTE, 50 e 57m², 2 e 3 QUARTOS, 2 VAGAS",,2026-10-02T23:55:27,faixa 250-400 mil
https://ce.olx.com.br/fortaleza-e-regiao/imoveis/residencial-dom-casmurro-bairro-damas-nascente-50-e-57m-2-e-3-quartos-2-vagas-1538748892,olx,fortaleza,Damas,,,,365000.0,50.0,7300.0,2,,"RESIDENCIAL DOM CASMURRO, BAIRRO DAMAS, NASCENTE, 50 e 57m², 2 e 3 QUARTOS, 2 VAGAS",,2026-10-02T23:55:29,faixa 250-400 mil
https://ce.olx.com.br/fortaleza-e-regiao/imoveis/residencial-dom-casmurro-bairro-damas-nascente-50-e-57m-2-e-3-quartos-2-vagas-1537674251,olx,fortaleza,Damas,,,,365000.0,50.0,7300.0,2,,"RESIDENCIAL DOM CASMURRO, BAIRRO DAMAS, NASCENTE, 50 e 57m², 2 e 3 QUARTOS, 2 VAGAS",,2026-10-02T23:55:30,faixa 250-400 mil
https://ce.olx.com.br/fortaleza-e-regiao/imoveis/apartamento-com-2-dormitorios-a-venda-54-m-por-r-395-000-00-fatima-fortaleza-ce-1469297310,olx,fortaleza,Fátima,,,,395000.0,54.0,7314.81,2,,"Apartamento com 2 dormitórios à venda, 54 m² por R$ 395.000,00 - Fátima - Fortaleza/CE",,2026-10-02T23:55:26,faixa 250-400 mil
https://ce.olx.com.br/fortaleza-e-regiao/imoveis/apartamento-projetado-no-cambeba-41m-2-quartos-1540743486,olx,fortaleza,Cambeba,,,,300000.0,41.0,7317.07,2,,"Apartamento projetado no Cambeba, 41m², 2 quartos",,2026-10-02T23:55:26,faixa 250-400 mil
https://ce.olx.com.br/fortaleza-e-regiao/imoveis/porto-das-mares-1540486445,olx,fortaleza,Barra do Ceará,,,,280000.0,38.0,7368.42,2,,Porto das Marés,,2026-10-02T23:55:26,faixa 250-400 mil
https://ce.olx.com.br/fortaleza-e-regiao/imoveis/apartamento-para-venda-no-benfica-fortaleza-ce-1538566536,olx,fortaleza,Benfica,-3.7468155000000003,-38.538813000000005,centroide_bairro,332000.0,45.0,7377.78,1,,"Apartamento para venda no Benfica, Fortaleza/CE",,2026-10-02T23:55:29,faixa 250-400 mil
https://ce.olx.com.br/fortaleza-e-regiao/imoveis/imovel-para-venda-tem-50-metros-quadrados-com-2-quartos-em-cambeba-fortaleza-ce-1519547420,olx,fortaleza,Cambeba,,,,370000.0,50.0,7400.0,2,,Imóvel para venda tem 50 metros quadrados com 2 quartos em Cambeba - Fortaleza - CE,,2026-10-02T23:55:30,faixa 250-400 mil
https://ce.olx.com.br/fortaleza-e-regiao/imoveis/apto-lagoa-joquei-ville-com-2-quartos-e-1-banheiro-1417997366,olx,fortaleza,Jóquei Clube,,,,365000.0,49.0,7448.98,2,,Apto Lagoa Jóquei Ville com 2 quartos e 1 banheiro,,2026-10-02T23:55:26,faixa 250-400 mil
https://ce.olx.com.br/fortaleza-e-regiao/imoveis/apartamento-com-02-dormitorios-a-venda-51-m-por-r-380-000-dunas-fortaleza-ce-1539780108,olx,fortaleza,Vicente Pinzon,,,,380000.0,51.0,7450.98,2,,"Apartamento com 02 dormitórios à venda, 51 m² por R$ 380.000 - Dunas - Fortaleza/CE",,2026-10-02T23:55:27,faixa 250-400 mil
https://ce.olx.com.br/fortaleza-e-regiao/imoveis/apartamento-no-bairro-cambeba-condominio-fontana-di-genova-1539779965,olx,fortaleza,Parque Iracema,,,,330000.0,44.0,7500.0,2,,Apartamento no bairro Cambeba | Condomínio Fontana di Genova,,2026-10-02T23:55:27,faixa 250-400 mil
https://ce.olx.com.br/fortaleza-e-regiao/imoveis/apartamento-a-venda-no-bairro-cambeba-condominio-fontana-di-terni-1539780053,olx,fortaleza,Messejana,-3.8252363333333332,-38.49370066666666,centroide_bairro,300000.0,40.0,7500.0,2,,Apartamento à venda no bairro Cambeba | Condomínio Fontana Di Terni,,2026-10-02T23:55:27,faixa 250-400 mil
https://ce.olx.com.br/fortaleza-e-regiao/imoveis/imovel-para-venda-possui-53-metros-quadrados-com-2-quartos-em-praia-do-futuro-i-fortalez-1517138340,olx,fortaleza,Praia do Futuro I,,,,399000.0,53.0,7528.3,2,,Imóvel para venda possui 53 metros quadrados com 2 quartos em Praia do Futuro I - Fortalez,,2026-10-02T23:55:29,faixa 250-400 mil
https://ce.olx.com.br/fortaleza-e-regiao/imoveis/apt-172-passare-torre-dos-ipes-02-quartos-varanda-01-vaga-12-andar-elevador-793866261,olx,fortaleza,Passaré,-3.811345222222222,-38.532803666666666,centroide_bairro,370000.0,49.0,7551.02,2,,"APT 172, Passaré, Torre dos Ipês, 02 quartos, varanda, 01 vaga, 12º andar, elevador,",,2026-10-02T23:55:27,faixa 250-400 mil
https://ce.olx.com.br/fortaleza-e-regiao/imoveis/apto-no-viva-praia-do-futuro-com-linda-vista-mar-excelente-para-moradia-e-investimento-1540902051,olx,fortaleza,Vicente Pinzon,,,,295000.0,39.0,7564.1,2,,"Apto no Viva Praia do futuro, com linda vista mar! Excelente para moradia e investimento!",,2026-10-02T23:55:24,faixa 250-400 mil
https://ce.olx.com.br/fortaleza-e-regiao/imoveis/imovel-para-venda-tem-52-metros-quadrados-com-2-quartos-em-cambeba-fortaleza-ce-1508903028,olx,fortaleza,Cambeba,,,,395000.0,52.0,7596.15,2,,Imóvel para venda tem 52 metros quadrados com 2 quartos em Cambeba - Fortaleza - CE,,2026-10-02T23:55:28,faixa 250-400 mil
https://ce.olx.com.br/fortaleza-e-regiao/imoveis/01-ap-mlar-cambeba-1538739655,olx,fortaleza,Cambeba,,,,395000.0,52.0,7596.15,2,,01 - Ap MLAR Cambeba,,2026-10-02T23:55:29,faixa 250-400 mil
https://ce.olx.com.br/fortaleza-e-regiao/imoveis/apartamento-a-venda-condominio-village-van-cartier-1539780756,olx,fortaleza,Cais do Porto,,,,380000.0,50.0,7600.0,2,,Apartamento à venda | Condominio Village Van Cartier.,,2026-10-02T23:55:28,faixa 250-400 mil
https://ce.olx.com.br/fortaleza-e-regiao/imoveis/apartamento-com-2-quartos-a-venda-em-passare-ce-1538314117,olx,fortaleza,Passaré,-3.811345222222222,-38.532803666666666,centroide_bairro,335000.0,44.0,7613.64,2,,Apartamento com 2 quartos à venda em Passaré - CE,,2026-10-02T23:55:29,faixa 250-400 mil
https://ce.olx.com.br/fortaleza-e-regiao/imoveis/apartamento-a-venda-no-joquei-clube-1538304221,olx,fortaleza,Jóquei Clube,,,,374009.0,49.0,7632.84,2,,Apartamento à Venda no Joquei Clube,,2026-10-02T23:55:27,faixa 250-400 mil
https://ce.olx.com.br/fortaleza-e-regiao/imoveis/apartamento-com-2-dormitorios-a-venda-51-m-por-r-390-000-parangaba-fortaleza-ce-1540448423,olx,fortaleza,Parangaba,,,,390000.0,51.0,7647.06,2,,"Apartamento com 2 dormitórios à venda, 51 m² por R$ 390.000 - Parangaba - Fortaleza/CE",,2026-10-02T23:55:26,faixa 250-400 mil
https://ce.olx.com.br/fortaleza-e-regiao/imoveis/residencial-dom-casmurro-02-quartos-02-banheiros-48m2-nascente-01-vaga-piscina-port-24-hs-1540806437,olx,fortaleza,Damas,,,,368630.0,48.0,7679.79,2,,Residencial Dom Casmurro 02 quartos 02 banheiros 48m2 Nascente 01 vaga Piscina Port 24 hs,,2026-10-02T23:55:24,faixa 250-400 mil
https://www.chavesnamao.com.br/imovel/apartamento-a-venda-2-quartos-com-garagem-ce-fortaleza-jose-de-alencar-50m2-RS385000/id-45062214/,chavesnamao,fortaleza,José de Alencar,,,,385000.0,50.0,7700.0,2,,,,2026-10-02T23:55:23,faixa 250-400 mil
https://ce.olx.com.br/fortaleza-e-regiao/imoveis/imovel-a-venda-tem-48m-com-2-quartos-em-passare-fortaleza-ce-arena-condominio-clube-1539544975,olx,fortaleza,Passaré,-3.811345222222222,-38.532803666666666,centroide_bairro,370000.0,48.0,7708.33,2,,"Imóvel a venda tem 48m² com 2 quartos em Passaré - Fortaleza - CE, Arena Condomínio Clube",,2026-10-02T23:55:27,faixa 250-400 mil
https://ce.olx.com.br/fortaleza-e-regiao/imoveis/apartamento-com-2-dormitorios-a-venda-46-m-por-r-355-000-00-joquei-clube-fortaleza-1538481783,olx,fortaleza,Jóquei Clube,,,,355000.0,46.0,7717.39,2,,"Apartamento com 2 dormitórios à venda, 46 m² por R$ 355.000,00 - Jóquei Clube - Fortaleza/",,2026-10-02T23:55:29,faixa 250-400 mil
https://ce.olx.com.br/fortaleza-e-regiao/imoveis/apartamento-para-venda-em-fortaleza-cambeba-2-dormitorios-2-banheiros-1-vaga-1538356731,olx,fortaleza,Cambeba,,,,349900.0,45.0,7775.56,2,,"Apartamento para Venda em Fortaleza, Cambeba, 2 dormitórios, 2 banheiros, 1 vaga",,2026-10-02T23:55:29,faixa 250-400 mil
https://ce.olx.com.br/fortaleza-e-regiao/imoveis/apartamento-para-venda-2-quarto-s-benfica-fortaleza-ce-1538566757,olx,fortaleza,Benfica,-3.7468155000000003,-38.538813000000005,centroide_bairro,349900.0,45.0,7775.56,2,,"Apartamento para venda, 2 quarto(s), Benfica, Fortaleza/CE",,2026-10-02T23:55:29,faixa 250-400 mil
https://ce.olx.com.br/fortaleza-e-regiao/imoveis/repasse-lancamento-estilo-passare-1538990324,olx,fortaleza,Passaré,-3.811345222222222,-38.532803666666666,centroide_bairro,389000.0,50.0,7780.0,2,,REPASSE LANÇAMENTO ESTILO PASSARÉ,,2026-10-02T23:55:29,faixa 250-400 mil
https://ce.olx.com.br/fortaleza-e-regiao/imoveis/apt-211-condominio-trendy-parquelandia-apartamentos-com-01-ou-02-quartos-elevador-lazer-523936252,olx,fortaleza,Parquelândia,,,,381663.0,49.0,7789.04,2,,"APT 211, Condomínio Trendy Parquelandia, apartamentos com 01 ou 02 quartos, elevador lazer",,2026-10-02T23:55:27,faixa 250-400 mil
https://ce.olx.com.br/fortaleza-e-regiao/imoveis/apartamento-a-venda-50-m-por-r-390-000-00-jose-de-alencar-fortaleza-ce-1537701976,olx,fortaleza,José de Alencar,,,,390000.0,50.0,7800.0,2,,"Apartamento à venda, 50 m² por R$ 390.000,00 - José de Alencar - Fortaleza/CE",,2026-10-02T23:55:30,faixa 250-400 mil
https://ce.olx.com.br/fortaleza-e-regiao/imoveis/imovel-para-venda-nascente-possui-50-metros-quadrados-com-2-quartos-em-passare-fortale-1537635393,olx,fortaleza,Passaré,-3.811345222222222,-38.532803666666666,centroide_bairro,390000.0,50.0,7800.0,2,,"Imóvel para venda, nascente, possui 50 metros quadrados com 2 quartos em Passaré - Fortale",,2026-10-02T23:55:30,faixa 250-400 mil
https://ce.olx.com.br/fortaleza-e-regiao/imoveis/fantastique-prime-conforto-e-estilo-em-fortaleza-1513371395,olx,fortaleza,Carlito Pamplona,-3.721487,-38.554277,centroide_bairro,398000.0,51.0,7803.92,3,,FANTASTIQUE PRIME - conforto e estilo em Fortaleza,,2026-10-02T23:55:26,faixa 250-400 mil
https://ce.olx.com.br/fortaleza-e-regiao/imoveis/imovel-para-venda-com-46-metros-quadrados-com-2-quartos-em-mondubim-fortaleza-ce-1539530024,olx,fortaleza,Mondubim,-3.8094273333333333,-38.570467,centroide_bairro,360000.0,46.0,7826.09,2,,Imóvel para venda com 46 metros quadrados com 2 quartos em Mondubim - Fortaleza - CE,,2026-10-02T23:55:27,faixa 250-400 mil
https://ce.olx.com.br/fortaleza-e-regiao/imoveis/o-atlantico-condominio-clube-1386735168,olx,fortaleza,Praia do Futuro II,,,,393675.0,50.0,7873.5,2,,O Atlântico Condomínio Clube,,2026-10-02T23:55:28,faixa 250-400 mil
https://ce.olx.com.br/fortaleza-e-regiao/imoveis/apt-303-barra-do-ceara-apartamento-com-02-quartos-varanda-lazer-elevador-1077522607,olx,fortaleza,Barra do Ceará,,,,347990.0,44.0,7908.86,2,,"APT 303, Barra do Ceará, apartamento com 02 quartos, varanda, lazer, elevador",,2026-10-02T23:55:30,faixa 250-400 mil
https://ce.olx.com.br/fortaleza-e-regiao/imoveis/fontana-di-genova-para-venda-possui-48-metros-quadrados-com-2-quartos-em-cambeba-fortale-1539965000,olx,fortaleza,Cambeba,,,,380000.0,48.0,7916.67,2,,Fontana di Gênova para venda possui 48 metros quadrados com 2 quartos em Cambeba - Fortale,,2026-10-02T23:55:28,faixa 250-400 mil
https://ce.olx.com.br/fortaleza-e-regiao/imoveis/apartamento-de-44m-no-cambeba-com-2-quartos-1-vaga-vista-e-localizacao-privilegiada-1539573997,olx,fortaleza,Cambeba,,,,350000.0,44.0,7954.55,2,,"Apartamento de 44m² no Cambeba, com 2 quartos, 1 vaga, vista e localização privilegiada.",,2026-10-02T23:55:27,faixa 250-400 mil
https://ce.olx.com.br/fortaleza-e-regiao/imoveis/repasse-mlar-kennedy-1535836221,olx,fortaleza,Monte Castelo,,,,400000.0,50.0,8000.0,2,,Repasse MLar Kennedy,,2026-10-02T23:55:26,faixa 250-400 mil
https://ce.olx.com.br/fortaleza-e-regiao/imoveis/oferta-ativa-jaqueline-liga-9-8-7-4-8-3-1-0-8-diego9989f-971852864,olx,fortaleza,Mucuripe,,,,320000.0,40.0,8000.0,1,,Oferta ativa Jaqueline liga 9 8 7 4 8 3 1 0 8 Diego9989f,,2026-10-02T23:55:30,faixa 250-400 mil
https://ce.olx.com.br/fortaleza-e-regiao/imoveis/apartamento-a-venda-48-m-por-r-390-000-00-passare-fortaleza-ce-1539780417,olx,fortaleza,Passaré,-3.811345222222222,-38.532803666666666,centroide_bairro,390000.0,48.0,8125.0,2,,"Apartamento à venda, 48 m² por R$ 390.000,00 - Passaré - Fortaleza/CE",,2026-10-02T23:55:28,faixa 250-400 mil
https://ce.olx.com.br/fortaleza-e-regiao/imoveis/apartamento-a-venda-no-bairro-praia-do-futuro-condominio-atlantico-condominio-clube-1539779755,olx,fortaleza,Vicente Pinzon,,,,393175.0,48.0,8191.15,2,,Apartamento à venda no bairro Praia do Futuro | Condomínio Atlântico Condomínio Clube.,,2026-10-02T23:55:27,faixa 250-400 mil
https://ce.olx.com.br/fortaleza-e-regiao/imoveis/more-na-maraponga-2-qts-1540541383,olx,fortaleza,Parangaba,,,,379000.0,45.0,8422.22,2,,"More na Maraponga, 2 qts",,2026-10-02T23:55:26,faixa 250-400 mil
https://ce.olx.com.br/fortaleza-e-regiao/imoveis/oportunidade-ed-brisa-do-mar-para-venda-parque-do-coco-1538290689,olx,fortaleza,Cidade 2000,,,,380000.0,45.0,8444.44,2,,OPORTUNIDADE   ED. BRISA DO MAR para Venda ( parque do Cocó ),,2026-10-02T23:55:29,faixa 250-400 mil
https://ce.olx.com.br/fortaleza-e-regiao/imoveis/apartamento-com-2-quartos-a-venda-47-m-por-r-397-000-benfica-fortaleza-ce-1538535805,olx,fortaleza,Damas,,,,397000.0,47.0,8446.81,2,,"Apartamento com 2 quartos à venda, 47 m² por R$ 397.000 - Benfica - Fortaleza/CE",,2026-10-02T23:55:29,faixa 250-400 mil
https://ce.olx.com.br/fortaleza-e-regiao/imoveis/apartamento-com-2-dormitorios-a-venda-45-m-por-r-400-000-00-coco-fortaleza-ce-1539780460,olx,fortaleza,Manuel Dias Branco,,,,390000.0,45.0,8666.67,2,,"Apartamento com 2 dormitórios à venda, 45 m² por R$ 400.000,00 - Cocó - Fortaleza/CE",,2026-10-02T23:55:28,faixa 250-400 mil
https://ce.olx.com.br/fortaleza-e-regiao/imoveis/apartamentos-novos-02-quartos-no-benfica-prontos-para-morar-1538651492,olx,fortaleza,Benfica,-3.7468155000000003,-38.538813000000005,centroide_bairro,349600.0,40.0,8740.0,2,,Apartamentos Novos 02 quartos no Benfica. Prontos para Morar!,,2026-10-02T23:55:29,faixa 250-400 mil
https://ce.olx.com.br/fortaleza-e-regiao/imoveis/apartamento-a-venda-no-benfica-em-fortaleza-1538651799,olx,fortaleza,Benfica,-3.7468155000000003,-38.538813000000005,centroide_bairro,319000.0,36.0,8861.11,1,,Apartamento à venda no Benfica em Fortaleza,,2026-10-02T23:55:29,faixa 250-400 mil
https://ce.olx.com.br/fortaleza-e-regiao/imoveis/venda-viva-praia-do-futuro-i-vista-mar-1539752663,olx,fortaleza,Vicente Pinzon,,,,355000.0,40.0,8875.0,2,,VENDA VIVA PRAIA DO FUTURO I | VISTA MAR,,2026-10-02T23:55:27,faixa 250-400 mil
https://ce.olx.com.br/fortaleza-e-regiao/imoveis/apartamento-no-cambeba-2-quarto-mobiliado-e-projeto-1533363252,olx,fortaleza,Cambeba,,,,385000.0,43.0,8953.49,2,,"Apartamento no Cambeba, 2 quarto mobiliado e projeto",,2026-10-02T23:55:26,faixa 250-400 mil
https://ce.olx.com.br/fortaleza-e-regiao/imoveis/ed-brisa-mar-andar-alto-uma-das-unidades-mais-valorizadas-do-empreendimento-1538265684,olx,fortaleza,Meireles,,,,380000.0,40.0,9500.0,2,,ED. BRISA MAR | ANDAR ALTO  UMA DAS UNIDADES MAIS VALORIZADAS DO EMPREENDIMENTO,,2026-10-02T23:55:28,faixa 250-400 mil
https://www.zapimoveis.com.br/imovel/venda-apartamento-2-quartos-com-academia-benfica-fortaleza-ce-38m2-id-2904957131/,zapimoveis,fortaleza,Benfica,-3.746534,-38.539389,exata,365781.0,38.0,9625.82,2,torre,,Direcional,2026-10-02T23:55:26,faixa 250-400 mil
https://ce.olx.com.br/fortaleza-e-regiao/imoveis/tulip-inn-apartamento-com-academia-piscina-liga-9-87-48-31-08-diego9989f-1383741118,olx,fortaleza,Meireles,,,,399999.0,40.0,9999.98,1,,"Tulip Inn Apartamento com Academia, piscina liga 9 87 48 31 08 DIEGO9989F",,2026-10-02T23:55:27,faixa 250-400 mil
https://ce.olx.com.br/fortaleza-e-regiao/imoveis/apartamento-venda-com-1-dormitorio-porteira-fechada-praia-do-futuro-fortaleza-ce-1539807680,olx,fortaleza,Praia do Futuro II,,,,380000.0,38.0,10000.0,1,,"Apartamento À VENDA, com 1 dormitório, PORTEIRA FECHADA Praia do Futuro - Fortaleza CE",,2026-10-02T23:55:28,faixa 250-400 mil
https://ce.olx.com.br/fortaleza-e-regiao/imoveis/compacto-tipo-loft-flat-tulip-liga-9-8-7-4-8-3-1-0-8-diego9989f-904552365,olx,fortaleza,Mucuripe,,,,400000.0,40.0,10000.0,1,,compacto tipo loft flat tulip liga 9 8 7 4 8 3 1 0 8 Diego9989f,,2026-10-02T23:55:27,faixa 250-400 mil
https://ce.olx.com.br/fortaleza-e-regiao/imoveis/flat-bem-localizado-40m2-liga-9-8-7-4-8-3-1-0-8-diego9989f-tulip-inn-meireles-oportunidade-904545736,olx,fortaleza,Meireles,,,,400000.0,40.0,10000.0,1,,Flat bem localizado 40m2 liga 9 8 7 4 8 3 1 0 8 Diego9989f tulip inn MEIRELES OPORTUNIDADE,,2026-10-02T23:55:30,faixa 250-400 mil
https://ce.olx.com.br/fortaleza-e-regiao/imoveis/flat-porteira-fechada-mobiliado-beira-mar-1537873084,olx,fortaleza,Mucuripe,,,,320000.0,32.0,10000.0,1,,Flat Porteira Fechada - Mobiliado - Beira Mar,,2026-10-02T23:55:30,faixa 250-400 mil
https://ce.olx.com.br/fortaleza-e-regiao/imoveis/apartamento-com-1-dormitorio-a-venda-38-m-por-r-400-000-00-coco-fortaleza-ce-1507599165,olx,fortaleza,Cidade 2000,,,,400000.0,39.0,10256.41,1,,"Apartamento com 1 dormitório à venda, 38 m² por R$ 400.000,00 - Cocó - Fortaleza/CE",,2026-10-02T23:55:26,faixa 250-400 mil
https://ce.olx.com.br/fortaleza-e-regiao/imoveis/apartamento-no-vg-fun-residence-praia-do-futuro-fortaleza-1538213853,olx,fortaleza,Praia do Futuro II,,,,380000.0,35.0,10857.14,1,,"Apartamento no VG Fun Residence  Praia do Futuro, Fortaleza",,2026-10-02T23:55:28,faixa 250-400 mil
https://ce.olx.com.br/fortaleza-e-regiao/imoveis/condominio-luciana-apartamento-a-venda-por-r-450-000-00-no-aldeota-com-165-m-1529164425,olx,fortaleza,Meireles,,,,450000.0,165.0,2727.27,4,,"Condomínio Luciana / Apartamento a venda por R$ 450.000,00 no Aldeota com 165 m².",,2026-10-02T23:55:54,faixa 400-650 mil
https://ce.olx.com.br/fortaleza-e-regiao/imoveis/cobertura-varjota-meireles-liga-9-87-48-31-08-diego9989f-dcristin-montreal-27mar26-oportun-1489538838,olx,fortaleza,Varjota,,,,439002.0,159.0,2761.02,4,,Cobertura Varjota/Meireles liga 9 87 48 31 08 Diego9989F dcristin Montreal 27mar26 oportun,,2026-10-02T23:55:56,faixa 400-650 mil
https://ce.olx.com.br/fortaleza-e-regiao/imoveis/ap-renascence-1523555003,olx,fortaleza,Mucuripe,,,,475000.0,165.0,2878.79,5,,AP RENASCENCE,,2026-10-02T23:55:56,faixa 400-650 mil
https://ce.olx.com.br/fortaleza-e-regiao/imoveis/edificio-sarah-papicu-1505772604,olx,fortaleza,Vicente Pinzon,,,,495000.0,161.0,3074.53,4,,EDIFÍCIO SARAH - PAPICU,,2026-10-02T23:55:54,faixa 400-650 mil
https://ce.olx.com.br/fortaleza-e-regiao/imoveis/marc-chagal-chagal-liga-9-87-48-31-08-diego9989f-carolina-sucupira-1748-cep-60-140-120-1489381365,olx,fortaleza,Aldeota,-3.736781,-38.505965,centroide_bairro,569999.0,168.0,3392.85,4,,"Marc Chagal chagal liga 9 87 48 31 08 Diego9989F Carolina Sucupira,1748 Cep.60.140-120 -$-",,2026-10-02T23:55:56,faixa 400-650 mil
https://ce.olx.com.br/fortaleza-e-regiao/imoveis/apartamento-a-venda-no-aldeota-fortaleza-1522327307,olx,fortaleza,Aldeota,-3.736781,-38.505965,centroide_bairro,500000.0,147.0,3401.36,3,,"Apartamento à venda no Aldeota, Fortaleza",,2026-10-02T23:55:54,faixa 400-650 mil
https://ce.olx.com.br/fortaleza-e-regiao/imoveis/3-4-ventilado-2vgs-liga-9-8-7-4-8-3-1-0-8-diego9989f-minsk-oportunidade-1257518702,olx,fortaleza,Cocó,,,,450000.0,129.0,3488.37,3,,3/4 ventilado 2vgs liga 9 8 7 4 8 3 1 0 8 Diego9989f minsk oportunidade,,2026-10-02T23:55:59,faixa 400-650 mil
https://ce.olx.com.br/fortaleza-e-regiao/imoveis/apartamento-no-dionisio-torres-1539789904,olx,fortaleza,Dionisio Torres,,,,490000.0,140.0,3500.0,3,,APARTAMENTO NO DIONISIO TORRES,,2026-10-02T23:55:57,faixa 400-650 mil
https://ce.olx.com.br/fortaleza-e-regiao/imoveis/apartamento-de-116m-no-coco-com-3-quartos-2-vagas-e-voltado-para-nascente-1539586973,olx,fortaleza,Cocó,,,,410000.0,116.0,3534.48,3,,"Apartamento de 116m² no Cocó, com 3 quartos, 2 vagas e voltado para Nascente.",,2026-10-02T23:55:59,faixa 400-650 mil
https://ce.olx.com.br/fortaleza-e-regiao/imoveis/barlavento-liga-9-8-7-4-8-3-1-0-8-diego9989f-1224749301,olx,fortaleza,Manuel Dias Branco,,,,419999.0,118.0,3559.31,4,,Barlavento liga 9 8 7 4 8 3 1 0 8 Diego9989F,,2026-10-02T23:56:00,faixa 400-650 mil
https://ce.olx.com.br/fortaleza-e-regiao/imoveis/oferta-de-oportunidade-118m2-nascente-liga-9-8-7-4-8-3-1-0-8-diego-9989f-1224757338,olx,fortaleza,Cocó,,,,419999.0,118.0,3559.31,4,,Oferta de oportunidade 118m2 nascente liga 9 8 7 4 8 3 1 0 8 Diego 9989F,,2026-10-02T23:56:00,faixa 400-650 mil
https://ce.olx.com.br/fortaleza-e-regiao/imoveis/apartamento-com-3-dormitorios-a-venda-118-m-por-r-420-000-00-papicu-fortaleza-ce-1540483511,olx,fortaleza,Papicu,,,,420000.0,118.0,3559.32,3,,"Apartamento com 3 dormitórios à venda, 118 m² por R$ 420.000,00 - Papicu - Fortaleza/CE",,2026-10-02T23:55:56,faixa 400-650 mil
https://ce.olx.com.br/fortaleza-e-regiao/imoveis/cobertura-duplex-cond-village-porto-seguro-1304623428,olx,fortaleza,Meireles,,,,650000.0,182.0,3571.43,4,,Cobertura duplex Cond. Village Porto Seguro,,2026-10-02T23:55:56,faixa 400-650 mil
https://ce.olx.com.br/fortaleza-e-regiao/imoveis/apartamento-com-3-dormitorios-a-venda-116-m-por-r-415-000-00-coco-fortaleza-ce-1540356368,olx,fortaleza,Cocó,,,,415000.0,116.0,3577.59,3,,"Apartamento com 3 dormitórios à venda, 116 m² por R$ 415.000,00 - Cocó - Fortaleza/CE",,2026-10-02T23:55:57,faixa 400-650 mil
https://www.chavesnamao.com.br/imovel/apartamento-a-venda-3-quartos-com-garagem-ce-fortaleza-guararapes-RS470000/id-46862553/,chavesnamao,fortaleza,Guararapes,,,,470000.0,130.0,3615.38,3,,,,2026-10-02T23:55:53,faixa 400-650 mil
https://ce.olx.com.br/fortaleza-e-regiao/imoveis/ed-champs-elysees-av-santos-dumont-1538316964,olx,fortaleza,Aldeota,-3.736781,-38.505965,centroide_bairro,490000.0,135.0,3629.63,3,,ED. CHAMPS ELYSEES | AV. SANTOS DUMONT,,2026-10-02T23:55:59,faixa 400-650 mil
https://ce.olx.com.br/fortaleza-e-regiao/imoveis/apto-a-venda-ed-magna-estados-unidos-aldeota-1529595920,olx,fortaleza,Dionisio Torres,,,,600000.0,165.0,3636.36,3,,Apto à venda Ed. Magna Estados Unidos -Aldeota,,2026-10-02T23:55:57,faixa 400-650 mil
https://ce.olx.com.br/fortaleza-e-regiao/imoveis/apartamento-dos-sonhos-ed-promenade-em-joaquim-tavora-1516430358,olx,fortaleza,Joaquim Távora,-3.7420945,-38.511335,centroide_bairro,535000.0,147.0,3639.46,3,,Apartamento dos Sonhos Ed Promenade em Joaquim Távora,,2026-10-02T23:55:56,faixa 400-650 mil
https://www.chavesnamao.com.br/imovel/apartamento-a-venda-4-quartos-com-garagem-ce-fortaleza-praia-do-futuro-245m2-RS620000/id-2510621/,chavesnamao,fortaleza,Praia do Futuro,,,,620000.0,170.0,3647.06,4,,,,2026-10-02T23:55:53,faixa 400-650 mil
https://ce.olx.com.br/fortaleza-e-regiao/imoveis/imovel-para-venda-com-147-metros-quadrados-com-4-quartos-em-papicu-fortaleza-ce-1538452633,olx,fortaleza,Papicu,,,,550000.0,147.0,3741.5,4,,Imóvel para venda com 147 metros quadrados com 4 quartos em Papicu - Fortaleza - CE,,2026-10-02T23:55:59,faixa 400-650 mil
https://ce.olx.com.br/fortaleza-e-regiao/imoveis/apartamento-com-3-dormitorios-a-venda-160-m-coco-fortaleza-ce-1449617403,olx,fortaleza,Cocó,,,,600000.0,160.0,3750.0,3,,"Apartamento com 3 dormitórios à venda, 160 m² - Cocó - Fortaleza/CE",,2026-10-02T23:55:59,faixa 400-650 mil
https://ce.olx.com.br/fortaleza-e-regiao/imoveis/apartamento-a-venda-no-coco-fortaleza-1539770735,olx,fortaleza,Cocó,,,,549000.0,143.0,3839.16,3,,"Apartamento à venda no Cocó, Fortaleza",,2026-10-02T23:55:58,faixa 400-650 mil
https://ce.olx.com.br/fortaleza-e-regiao/imoveis/ed-del-rey-coco-liga-9-8-7-4-8-3-1-0-8-diego-9989f-1044450821,olx,fortaleza,Cocó,,,,550000.0,142.0,3873.24,4,,"Ed Del Rey, Cocó liga 9 8 7 4 8 3 1 0 8 DIEGO 9989F",,2026-10-02T23:56:00,faixa 400-650 mil
https://ce.olx.com.br/fortaleza-e-regiao/imoveis/apartamento-na-aldeota-143m-3-suites-2-vagas-paralelas-1540141391,olx,fortaleza,Aldeota,-3.736781,-38.505965,centroide_bairro,560000.0,143.0,3916.08,3,,"Apartamento na Aldeota, 143m², 3 suítes, 2 vagas paralelas",,2026-10-02T23:55:57,faixa 400-650 mil
https://ce.olx.com.br/fortaleza-e-regiao/imoveis/itamaraca-coco-amplo-131m2-3suites-dce-2vagas-liga-9-87-48-31-08-diego9989f-dfernand-1435924948,olx,fortaleza,Cocó,,,,520000.0,131.0,3969.47,4,,"Itamaracá Cocó amplo 131m2, 3suítes, dce, 2vagas liga 9 87 48 31 08 Diego9989f dfernand",,2026-10-02T23:56:00,faixa 400-650 mil
https://ce.olx.com.br/fortaleza-e-regiao/imoveis/apartamento-bairro-de-fatima-1540448511,olx,fortaleza,Fátima,-3.7506955,-38.528453,centroide_bairro,499000.0,125.0,3992.0,4,,Apartamento bairro de Fátima,,2026-10-02T23:55:56,faixa 400-650 mil
https://ce.olx.com.br/fortaleza-e-regiao/imoveis/imovel-para-venda-com-150-metros-quadrados-com-3-quartos-em-aldeota-fortaleza-ce-1538170622,olx,fortaleza,Aldeota,-3.736781,-38.505965,centroide_bairro,599000.0,150.0,3993.33,3,,Imóvel para venda com 150 metros quadrados com 3 quartos em Aldeota - Fortaleza - CE,,2026-10-02T23:56:00,faixa 400-650 mil
https://ce.olx.com.br/fortaleza-e-regiao/imoveis/apartamento-com-3-dormitorios-a-venda-134-m-por-r-540-000-00-papicu-fortaleza-ce-1432536262,olx,fortaleza,Papicu,,,,540000.0,135.0,4000.0,3,,"Apartamento com 3 dormitórios à venda, 134 m² por R$ 540.000,00 - Papicu - Fortaleza/CE",,2026-10-02T23:55:54,faixa 400-650 mil
https://ce.olx.com.br/fortaleza-e-regiao/imoveis/ed-portinari-liga-9-87-48-31-08diego9989f-rua-monsenhor-catao-959-cep-60-175-000-dmarcolo-1521555123,olx,fortaleza,Aldeota,-3.736781,-38.505965,centroide_bairro,400001.0,100.0,4000.01,3,,"Ed Portinari liga 9 87 48 31 08Diego9989F rua monsenhor catão, 959 cep.60.175-000 dmarcolo",,2026-10-02T23:55:59,faixa 400-650 mil
https://ce.olx.com.br/fortaleza-e-regiao/imoveis/duplex-village-porto-rico-itaperi-3-suites-149-m2-1540517861,olx,fortaleza,Itaperi,-3.7838735000000003,-38.56133,centroide_bairro,599000.0,149.0,4020.13,3,,DUPLEX VILLAGE PORTO RICO | ITAPERI | 3 SUÍTES | 149 m2,,2026-10-02T23:55:56,faixa 400-650 mil
https://ce.olx.com.br/fortaleza-e-regiao/imoveis/apartamento-com-2-suites-a-venda-109-m-por-r-440-000-coco-fortaleza-ce-1540930340,olx,fortaleza,Tauape,,,,440000.0,109.0,4036.7,3,,"Apartamento com 2 suítes à venda, 109 m² por R$ 440.000 - Cocó - Fortaleza/CE",,2026-10-02T23:55:54,faixa 400-650 mil
https://ce.olx.com.br/fortaleza-e-regiao/imoveis/apartamento-a-venda-edificio-forth-wayne-bairro-parquelandia-fortaleza-ce-1539175807,olx,fortaleza,Parquelândia,,,,440000.0,109.0,4036.7,3,,Apartamento à venda | Edificio Forth Wayne | Bairro Parquelândia | Fortaleza (CE) -,,2026-10-02T23:55:59,faixa 400-650 mil
https://ce.olx.com.br/fortaleza-e-regiao/imoveis/imovel-para-venda-com-109-metros-quadrados-com-3-quartos-na-parquelandia-fortaleza-ce-1538619692,olx,fortaleza,Parquelândia,,,,440000.0,109.0,4036.7,3,,Imóvel para venda com 109 metros quadrados com 3 quartos na  Parquelândia - Fortaleza - CE,,2026-10-02T23:55:59,faixa 400-650 mil
https://ce.olx.com.br/fortaleza-e-regiao/imoveis/apartamento-com-3-quartos-no-papicu-1540090578,olx,fortaleza,Papicu,,,,450000.0,111.0,4054.05,3,,Apartamento com 3 quartos no Papicu,,2026-10-02T23:55:57,faixa 400-650 mil
https://ce.olx.com.br/fortaleza-e-regiao/imoveis/apartamento-no-edificio-micheline-aldeota-fortaleza-1539990029,olx,fortaleza,Aldeota,-3.736781,-38.505965,centroide_bairro,570000.0,140.0,4071.43,3,,"Apartamento no EDIFICIO MICHELINE  Aldeota, Fortaleza",,2026-10-02T23:55:57,faixa 400-650 mil
https://ce.olx.com.br/fortaleza-e-regiao/imoveis/ed-kelly-cristine-joaquim-tavora-1532981769,olx,fortaleza,Joaquim Távora,-3.7420945,-38.511335,centroide_bairro,490000.0,120.0,4083.33,3,,Ed Kelly Cristine - Joaquim Tavora,,2026-10-02T23:55:57,faixa 400-650 mil
https://ce.olx.com.br/fortaleza-e-regiao/imoveis/vende-se-cobertura-com-3-quartos-e-2-vagas-no-vale-dos-ipes-sao-gerardo-1539719146,olx,fortaleza,São Gerardo,,,,580000.0,142.0,4084.51,3,,vende-se Cobertura com 3 Quartos e 2 vagas no Vale dos Ipês - São Gerardo,,2026-10-02T23:55:59,faixa 400-650 mil
https://www.zapimoveis.com.br/imovel/venda-apartamento-3-quartos-com-salao-de-festas-joaquim-tavora-fortaleza-ce-107m2-id-2893880986/,zapimoveis,fortaleza,Joaquim Távora,-3.741189,-38.50967,exata,445000.0,107.0,4158.88,3,torre,,,2026-10-02T23:55:55,faixa 400-650 mil
https://ce.olx.com.br/fortaleza-e-regiao/imoveis/apartamento-a-venda-no-coco-com-116m-03-quartos-1539807693,olx,fortaleza,Cocó,,,,495000.0,116.0,4267.24,3,,"Apartamento à venda no Cocó com 116m², 03 quartos",,2026-10-02T23:55:57,faixa 400-650 mil
https://www.chavesnamao.com.br/imovel/apartamento-a-venda-3-quartos-com-garagem-ce-fortaleza-aldeota-RS495000/id-46996648/,chavesnamao,fortaleza,Aldeota,-3.736781,-38.505965,centroide_bairro,495000.0,115.0,4304.35,3,,,,2026-10-02T23:55:54,faixa 400-650 mil
https://ce.olx.com.br/fortaleza-e-regiao/imoveis/apartamento-de-139m-no-bairro-dionisio-torres-com-3-suites-e-com-2-vagas-1540316588,olx,fortaleza,Dionisio Torres,,,,599000.0,139.0,4309.35,3,,"Apartamento de 139m² no bairro Dionísio Torres, com 3 suítes e com 2 vagas.",,2026-10-02T23:55:57,faixa 400-650 mil
https://ce.olx.com.br/fortaleza-e-regiao/imoveis/apartamento-com-3-dormitorios-a-venda-104-m-por-r-449-000-00-parquelandia-fortaleza-1507830470,olx,fortaleza,Parquelândia,,,,449000.0,104.0,4317.31,3,,"Apartamento com 3 dormitórios à venda, 104 m² por R$ 449.000,00 - Parquelândia - Fortaleza",,2026-10-02T23:55:56,faixa 400-650 mil
https://ce.olx.com.br/fortaleza-e-regiao/imoveis/apartamento-a-venda-150-m-por-r-650-000-00-papicu-fortaleza-ce-1539780147,olx,fortaleza,Papicu,,,,650000.0,150.0,4333.33,3,,"Apartamento à venda, 150 m² por R$ 650.000,00 - Papicu - Fortaleza/CE",,2026-10-02T23:55:58,faixa 400-650 mil
https://ce.olx.com.br/fortaleza-e-regiao/imoveis/apartamento-no-julia-salles-dionisio-torres-fortaleza-1538214158,olx,fortaleza,Dionisio Torres,,,,570000.0,130.0,4384.62,3,,"Apartamento no Julia Salles  Dionísio Torres, Fortaleza",,2026-10-02T23:56:00,faixa 400-650 mil
https://ce.olx.com.br/fortaleza-e-regiao/imoveis/condominio-evandro-albuquerque-apartamento-nascente-com-3-suites-plenas-com-dependenc-1519191945,olx,fortaleza,Engenheiro Luciano Cavalcante,-3.78156,-38.4836215,centroide_bairro,550000.0,124.0,4435.48,3,,"CONDOMINIO EVANDRO ALBUQUERQUE / Apartamento Nascente , com 3 suítes plenas, com dependênc",,2026-10-02T23:55:56,faixa 400-650 mil
https://ce.olx.com.br/fortaleza-e-regiao/imoveis/apartamento-com-3-dormitorios-a-venda-130-m-por-r-585-000-coco-fortaleza-ce-1515141494,olx,fortaleza,Cocó,,,,585000.0,131.0,4465.65,3,,"Apartamento com 3 dormitórios à venda, 130 m² por R$ 585.000 - Cocó - Fortaleza/CE",,2026-10-02T23:55:56,faixa 400-650 mil
https://www.chavesnamao.com.br/imovel/apartamento-a-venda-3-quartos-com-garagem-ce-fortaleza-aldeota-RS650000/id-43926323/,chavesnamao,fortaleza,Aldeota,-3.736781,-38.505965,centroide_bairro,650000.0,145.0,4482.76,3,,,,2026-10-02T23:55:54,faixa 400-650 mil
https://ce.olx.com.br/fortaleza-e-regiao/imoveis/porteira-fecahda-belissimo-apartamento-no-papicu-1540432700,olx,fortaleza,Papicu,,,,450000.0,100.0,4500.0,3,,Porteira fecahda! Belíssimo apartamento no Papicu,,2026-10-02T23:55:57,faixa 400-650 mil
https://ce.olx.com.br/fortaleza-e-regiao/imoveis/apartamento-de-100m-no-papicu-com-4-quartos-e-1-vaga-de-garagem-1538738014,olx,fortaleza,Papicu,,,,450000.0,100.0,4500.0,4,,"Apartamento de 100m² no Papicu, com 4 quartos e 1 vaga de garagem.",,2026-10-02T23:55:59,faixa 400-650 mil
https://ce.olx.com.br/fortaleza-e-regiao/imoveis/apartamento-com-3-quartos-a-venda-91m-antonio-bezerra-1540236602,olx,fortaleza,Quintino Cunha,,,,420000.0,91.0,4615.38,3,,"Apartamento com 3 Quartos à venda, 91m² - Antonio Bezerra",,2026-10-02T23:55:57,faixa 400-650 mil
https://ce.olx.com.br/fortaleza-e-regiao/imoveis/imovel-para-venda-tem-119-metros-quadrados-com-4-quartos-em-papicu-fortaleza-ce-1514987629,olx,fortaleza,Papicu,,,,550000.0,119.0,4621.85,4,,Imóvel para venda tem 119 metros quadrados com 4 quartos em Papicu - Fortaleza - CE,,2026-10-02T23:55:56,faixa 400-650 mil
https://www.chavesnamao.com.br/imovel/apartamento-a-venda-3-quartos-com-garagem-ce-fortaleza-joaquim-tavora-RS500000/id-19084900/,chavesnamao,fortaleza,Joaquim Távora,-3.7420945,-38.511335,centroide_bairro,500000.0,108.0,4629.63,3,,,,2026-10-02T23:55:54,faixa 400-650 mil
https://ce.olx.com.br/fortaleza-e-regiao/imoveis/apartamento-no-bairro-de-fatima-fortaleza-1538213843,olx,fortaleza,Fátima,-3.7506955,-38.528453,centroide_bairro,445000.0,96.0,4635.42,3,,"Apartamento no Bairro de Fátima, Fortaleza",,2026-10-02T23:56:00,faixa 400-650 mil
https://www.zapimoveis.com.br/imovel/venda-apartamento-3-quartos-com-piscina-itaperi-fortaleza-ce-126m2-id-2828705514/,zapimoveis,fortaleza,Itaperi,-3.786153,-38.562576,exata,585000.0,126.0,4642.86,3,indefinido,,,2026-10-02T23:55:56,faixa 400-650 mil
https://ce.olx.com.br/fortaleza-e-regiao/imoveis/apartamento-com-3-suites-no-papicu-1540711378,olx,fortaleza,Papicu,,,,530000.0,114.0,4649.12,3,,Apartamento com 3 suítes no Papicu,,2026-10-02T23:55:56,faixa 400-650 mil
https://ce.olx.com.br/fortaleza-e-regiao/imoveis/apartamento-para-venda-em-fortaleza-sao-gerardo-3-dormitorios-1-suite-1-banheiro-1-va-1539892156,olx,fortaleza,São Gerardo,,,,510000.0,109.0,4678.9,3,,"Apartamento para Venda em Fortaleza, São Gerardo, 3 dormitórios, 1 suíte, 1 banheiro, 1 va",,2026-10-02T23:55:57,faixa 400-650 mil
https://ce.olx.com.br/fortaleza-e-regiao/imoveis/apartamento-a-venda-aldeota-fortaleza-ce-1530017423,olx,fortaleza,Aldeota,-3.736781,-38.505965,centroide_bairro,600000.0,128.0,4687.5,4,,"Apartamento à venda, ALDEOTA, Fortaleza, CE",,2026-10-02T23:55:57,faixa 400-650 mil
https://www.zapimoveis.com.br/imovel/venda-apartamento-2-quartos-com-elevador-benfica-fortaleza-ce-101m2-id-2827311246/,zapimoveis,fortaleza,Benfica,-3.735,-38.533,aproximada_portal,480000.0,101.0,4752.48,2,torre,,,2026-10-02T23:55:56,faixa 400-650 mil
https://ce.olx.com.br/fortaleza-e-regiao/imoveis/apartamento-de-3-suites-com-2-vagas-no-coco-fortaleza-por-r-600-000-1539936945,olx,fortaleza,Cocó,,,,600000.0,125.0,4800.0,3,,"Apartamento de 3 suítes com 2 vagas no Cocó, Fortaleza, por R$600.000",,2026-10-02T23:55:57,faixa 400-650 mil
https://ce.olx.com.br/fortaleza-e-regiao/imoveis/ed-barcelona-135m2-3stes-liga-9-8-7-4-8-3-1-0-8-diegogbm-1251552643,olx,fortaleza,Meireles,,,,650000.0,135.0,4814.81,3,,Ed Barcelona 135m2 3stes liga 9 8 7 4 8 3 1 0 8 DIEGOGBM,,2026-10-02T23:56:00,faixa 400-650 mil
https://ce.olx.com.br/fortaleza-e-regiao/imoveis/apartamento-bairro-de-fatima-1511447916,olx,fortaleza,Fátima,-3.7506955,-38.528453,centroide_bairro,460000.0,95.0,4842.11,3,,Apartamento Bairro de Fátima,,2026-10-02T23:55:54,faixa 400-650 mil
https://www.chavesnamao.com.br/imovel/apartamento-a-venda-3-quartos-com-garagem-ce-fortaleza-dionisio-torres-123m2-RS600000/id-46512669/,chavesnamao,fortaleza,Dionisio Torres,,,,600000.0,123.0,4878.05,3,,,,2026-10-02T23:55:54,faixa 400-650 mil
https://ce.olx.com.br/fortaleza-e-regiao/imoveis/invista-127m2-2-vagas-d794-liga-9-8-7-4-8-3-1-0-8-diego9989f-jardim-de-gramado-735757311,olx,fortaleza,Meireles,,,,630000.0,127.0,4960.63,4,,Invista 127m2 2 vagas d794 liga 9 8 7 4 8 3 1 0 8 Diego9989f jardim de gramado,,2026-10-02T23:56:00,faixa 400-650 mil
https://www.chavesnamao.com.br/imovel/apartamento-a-venda-3-quartos-com-garagem-ce-fortaleza-fatima-89m2-RS450000/id-33809609/,chavesnamao,fortaleza,Fátima,-3.7506955,-38.528453,centroide_bairro,450000.0,90.0,5000.0,3,,,,2026-10-02T23:55:53,faixa 400-650 mil
https://ce.olx.com.br/fortaleza-e-regiao/imoveis/imovel-para-venda-possui-117-metros-quadrados-com-3-quartos-em-papicu-fortaleza-ce-1361021832,olx,fortaleza,Papicu,,,,590000.0,117.0,5042.74,3,,Imóvel para venda possui 117 metros quadrados com 3 quartos em Papicu - Fortaleza - CE,,2026-10-02T23:55:57,faixa 400-650 mil
https://ce.olx.com.br/fortaleza-e-regiao/imoveis/apartamento-a-venda-no-bairro-fatima-fortaleza-ce-1538955682,olx,fortaleza,Joaquim Távora,-3.7420945,-38.511335,centroide_bairro,550000.0,108.0,5092.59,3,,Apartamento à Venda no bairro Fátima - Fortaleza/CE,,2026-10-02T23:55:54,faixa 400-650 mil
https://ce.olx.com.br/fortaleza-e-regiao/imoveis/apartamento-a-venda-87-m-por-r-450-000-00-centro-fortaleza-ce-1539780656,olx,fortaleza,Centro,-3.7261276666666667,-38.53199966666667,centroide_bairro,450000.0,87.0,5172.41,3,,"Apartamento à venda, 87 m² por R$ 450.000,00 - Centro - Fortaleza/CE",,2026-10-02T23:55:57,faixa 400-650 mil
https://ce.olx.com.br/fortaleza-e-regiao/imoveis/apartamento-a-venda-no-meireles-106-61-m-3-quartos-r-550-000-1538897424,olx,fortaleza,Meireles,,,,550000.0,106.0,5188.68,3,,"Apartamento à Venda no Meireles | 106,61 m² | 3 Quartos | R$ 550.000",,2026-10-02T23:55:59,faixa 400-650 mil
https://ce.olx.com.br/fortaleza-e-regiao/imoveis/apartamento-para-venda-em-fortaleza-meireles-3-dormitorios-2-suites-3-banheiros-2-vag-1488581748,olx,fortaleza,Meireles,,,,650000.0,125.0,5200.0,3,,"Apartamento para Venda em Fortaleza, Meireles, 3 dormitórios, 2 suítes, 3 banheiros, 2 vag",,2026-10-02T23:55:54,faixa 400-650 mil
https://ce.olx.com.br/fortaleza-e-regiao/imoveis/apartamento-a-venda-edificio-barlavento-bairro-coco-fortaleza-ce-1538911514,olx,fortaleza,Cocó,,,,590000.0,113.0,5221.24,3,,Apartamento à venda | Edifício Barlavento | Bairro Cocó | Fortaleza (CE) -,,2026-10-02T23:55:59,faixa 400-650 mil
https://ce.olx.com.br/fortaleza-e-regiao/imoveis/excelente-apartamento-com-3-quartos-para-venda-no-meireles-1538672770,olx,fortaleza,Varjota,,,,629000.0,120.0,5241.67,3,,Excelente Apartamento com 3 quartos para Venda no Meireles,,2026-10-02T23:55:59,faixa 400-650 mil
https://ce.olx.com.br/fortaleza-e-regiao/imoveis/apartamento-a-venda-no-bairro-dionisio-torres-fortaleza-ce-1540448195,olx,fortaleza,Dionisio Torres,,,,599000.0,114.0,5254.39,3,,Apartamento à Venda no bairro Dionisio Torres - Fortaleza/CE,,2026-10-02T23:55:56,faixa 400-650 mil
https://ce.olx.com.br/fortaleza-e-regiao/imoveis/excelente-apto-de-114m2-coco-1531373125,olx,fortaleza,Cocó,,,,599000.0,114.0,5254.39,3,,Excelente Apto de 114m2 - Cocó,,2026-10-02T23:55:57,faixa 400-650 mil
https://www.zapimoveis.com.br/imovel/venda-apartamento-3-quartos-mobiliado-dionisio-torres-fortaleza-ce-114m2-id-2914871548/,zapimoveis,fortaleza,Tauape,-3.751288,-38.491963,exata,599000.0,114.0,5254.39,3,torre,,,2026-10-02T23:55:55,faixa 400-650 mil
https://ce.olx.com.br/fortaleza-e-regiao/imoveis/100-reformado-projetado-e-climatizado-1540360860,olx,fortaleza,Fátima,-3.7506955,-38.528453,centroide_bairro,570000.0,108.0,5277.78,3,,"100% reformado, projetado e climatizado",,2026-10-02T23:55:57,faixa 400-650 mil
https://ce.olx.com.br/fortaleza-e-regiao/imoveis/lindo-apartamento-papicu-1496927430,olx,fortaleza,Vicente Pinzon,,,,510000.0,96.0,5312.5,3,,Lindo apartamento Papicu,,2026-10-02T23:55:57,faixa 400-650 mil
https://ce.olx.com.br/fortaleza-e-regiao/imoveis/imovel-para-venda-tem-105-metros-quadrados-com-3-quartos-em-boa-vista-castelao-fortaleza-1540217472,olx,fortaleza,Boa Vista-Castelão,,,,560000.0,105.0,5333.33,3,,Imóvel para venda tem 105 metros quadrados com 3 quartos em Boa Vista-Castelão - Fortaleza,,2026-10-02T23:55:57,faixa 400-650 mil
https://ce.olx.com.br/fortaleza-e-regiao/imoveis/apartamento-a-venda-112-m-por-r-600-000-00-centro-fortaleza-ce-1539780136,olx,fortaleza,Joaquim Távora,-3.7420945,-38.511335,centroide_bairro,600000.0,112.0,5357.14,3,,"Apartamento à venda, 112 m² por R$ 600.000,00 - Centro - Fortaleza/CE",,2026-10-02T23:55:58,faixa 400-650 mil
https://ce.olx.com.br/fortaleza-e-regiao/imoveis/apartamento-no-condominio-golden-garden-ii-centro-fortaleza-1538365132,olx,fortaleza,Centro,-3.7261276666666667,-38.53199966666667,centroide_bairro,600000.0,112.0,5357.14,3,,"Apartamento no Condomínio Golden Garden II  Centro, Fortaleza",,2026-10-02T23:55:59,faixa 400-650 mil
https://ce.olx.com.br/fortaleza-e-regiao/imoveis/apartamento-espetacular-no-coco-109m-conforto-total-edificio-teresios-1539787667,olx,fortaleza,Cocó,,,,589000.0,109.0,5403.67,4,,Apartamento Espetacular no Cocó - 109m² Conforto Total. Edifício Teresios,,2026-10-02T23:55:56,faixa 400-650 mil
https://ce.olx.com.br/fortaleza-e-regiao/imoveis/apartamento-no-condominio-do-edificio-fort-melody-dionisio-torres-fortaleza-1538213881,olx,fortaleza,Aldeota,-3.736781,-38.505965,centroide_bairro,650000.0,120.0,5416.67,3,,"Apartamento no Condomínio do Edifício Fort Melody  Dionísio Torres, Fortaleza",,2026-10-02T23:56:00,faixa 400-650 mil
https://www.zapimoveis.com.br/imovel/venda-apartamento-3-quartos-com-academia-joaquim-tavora-fortaleza-ce-107m2-id-2915128635/,zapimoveis,fortaleza,Joaquim Távora,-3.743,-38.513,aproximada_portal,580000.0,107.0,5420.56,3,torre,,,2026-10-02T23:55:56,faixa 400-650 mil
https://ce.olx.com.br/fortaleza-e-regiao/imoveis/edificio-maison-cartier-apartamento-com-otima-localizacao-de-88m-em-meireles-fortaleza-1540460791,olx,fortaleza,Meireles,,,,480000.0,88.0,5454.55,2,,"Edifício Maison Cartier / Apartamento com ótima localização de 88m² em Meireles, Fortaleza",,2026-10-02T23:55:56,faixa 400-650 mil
https://ce.olx.com.br/fortaleza-e-regiao/imoveis/apartamento-no-condominio-do-edificio-village-visconde-saboia-varjota-fortaleza-1538214260,olx,fortaleza,Varjota,,,,650000.0,119.0,5462.18,3,,"Apartamento no Condomínio do Edifício Village Visconde Sabóia  Varjota, Fortaleza",,2026-10-02T23:56:00,faixa 400-650 mil
https://ce.olx.com.br/fortaleza-e-regiao/imoveis/apartamento-venda-ed-lourdes-saboia-aldeota-1540788419,olx,fortaleza,Aldeota,-3.736781,-38.505965,centroide_bairro,645000.0,118.0,5466.1,3,,APARTAMENTO À VENDA | ED. LOURDES SABÓIA  ALDEOTA,,2026-10-02T23:55:54,faixa 400-650 mil
https://ce.olx.com.br/fortaleza-e-regiao/imoveis/apartamento-nascente-com-3-quartos-no-maison-verte-1485190726,olx,fortaleza,Salinas,,,,650000.0,118.0,5508.47,3,,Apartamento nascente com 3 quartos no Maison Verte,,2026-10-02T23:55:57,faixa 400-650 mil
https://ce.olx.com.br/fortaleza-e-regiao/imoveis/super-107m2-d659-liga-9-8-7-4-8-3-1-0-8-diego9989f-725342062,olx,fortaleza,Guararapes,,,,600000.0,107.0,5607.48,4,,Super 107m2 d659 liga 9 8 7 4 8 3 1 0 8 Diego9989f,,2026-10-02T23:56:00,faixa 400-650 mil
https://ce.olx.com.br/fortaleza-e-regiao/imoveis/oferta-107-18m2-2-vagas-d657-liga-9-8-7-4-8-3-1-0-8-diego9989f-725338754,olx,fortaleza,Guararapes,,,,600000.0,107.0,5607.48,4,,"Oferta 107,18m2 2 vagas d657 liga 9 8 7 4 8 3 1 0 8 Diego9989f",,2026-10-02T23:56:00,faixa 400-650 mil
https://ce.olx.com.br/fortaleza-e-regiao/imoveis/apartamento-para-venda-3-quarto-s-coco-fortaleza-1540034122,olx,fortaleza,Cocó,,,,510000.0,90.0,5666.67,3,,"Apartamento para venda, 3 quarto(s), Cocó, Fortaleza",,2026-10-02T23:55:57,faixa 400-650 mil
https://ce.olx.com.br/fortaleza-e-regiao/imoveis/apto-para-vender-na-cidade-de-fortaleza-ce-1540287093,olx,fortaleza,Messejana,,,,420000.0,74.0,5675.68,3,,APTO para vender na cidade de FORTALEZA-CE,,2026-10-02T23:55:57,faixa 400-650 mil
https://www.zapimoveis.com.br/imovel/venda-apartamento-3-quartos-com-piscina-presidente-kennedy-fortaleza-ce-72m2-id-2655643476/,zapimoveis,fortaleza,Presidente Kennedy,-3.736138,-38.570684,exata,420000.0,72.0,5833.33,3,indefinido,,,2026-10-02T23:55:56,faixa 400-650 mil
https://ce.olx.com.br/fortaleza-e-regiao/imoveis/oportunidade-les-jardins-liga-9-8-7-4-8-3-1-0-8-diego9989f-1130676923,olx,fortaleza,Cidade 2000,,,,410000.0,70.0,5857.14,3,,Oportunidade Les Jardins liga 9 8 7 4 8 3 1 0 8 DIEGO9989F,,2026-10-02T23:55:59,faixa 400-650 mil
https://ce.olx.com.br/fortaleza-e-regiao/imoveis/apartamento-com-3-quartos-2-banheiros-2vagas-les-jardins-liga-9-8-7-4-8-3-1-0-8-1365842718,olx,fortaleza,Cocó,,,,410000.0,70.0,5857.14,3,,"Apartamento com 3 quartos, 2 banheiros 2vagas les jardins liga 9 8 7 4 8 3 1 0 8",,2026-10-02T23:56:00,faixa 400-650 mil
https://ce.olx.com.br/fortaleza-e-regiao/imoveis/apartamento-para-venda-em-fortaleza-guararapes-2-dormitorios-2-suites-2-banheiros-2-v-1523649406,olx,fortaleza,Guararapes,,,,470000.0,80.0,5875.0,2,,"Apartamento para Venda em Fortaleza, Guararapes, 2 dormitórios, 2 suítes, 2 banheiros, 2 v",,2026-10-02T23:55:59,faixa 400-650 mil
https://ce.olx.com.br/fortaleza-e-regiao/imoveis/apartamento-projetado-com-107m-e-uma-excelente-planta-1538070105,olx,fortaleza,Guararapes,,,,629000.0,107.0,5878.5,3,,"Apartamento projetado, com 107m² e uma excelente planta",,2026-10-02T23:56:00,faixa 400-650 mil
https://ce.olx.com.br/fortaleza-e-regiao/imoveis/condominio-giardino-de-capri-apartamento-a-venda-no-bairro-guararapes-1540460653,olx,fortaleza,Guararapes,,,,535000.0,91.0,5879.12,3,,CONDOMÍNIO GIARDINO DE CAPRI / Apartamento a venda no bairro Guararapes,,2026-10-02T23:55:56,faixa 400-650 mil
https://ce.olx.com.br/fortaleza-e-regiao/imoveis/incrivel-apartamento-na-melhor-localizacao-da-maraponga-a-venda-1528227843,olx,fortaleza,Jardim Cearense,,,,430000.0,73.0,5890.41,3,,Incrível Apartamento na Melhor Localização da Maraponga à venda,,2026-10-02T23:55:57,faixa 400-650 mil
https://ce.olx.com.br/fortaleza-e-regiao/imoveis/imovel-em-excelente-localizacao-de-71-m2-ed-bougaiville-1516027620,olx,fortaleza,Guararapes,,,,425000.0,71.0,5985.92,2,,Imóvel em excelente localização de 71 m2- Ed. Bougaiville,,2026-10-02T23:55:54,faixa 400-650 mil
https://www.zapimoveis.com.br/imovel/venda-apartamento-2-quartos-mobiliado-parque-iracema-fortaleza-ce-68m2-id-2447837441/,zapimoveis,fortaleza,Parque Iracema,-3.806,-38.496,aproximada_portal,411000.0,68.0,6044.12,2,indefinido,,,2026-10-02T23:55:56,faixa 400-650 mil
https://ce.olx.com.br/fortaleza-e-regiao/imoveis/horto-residence-apartamento-no-passare-em-fortaleza-ce-1538690992,olx,fortaleza,Passaré,-3.807309,-38.536432,centroide_bairro,420000.0,69.0,6086.96,3,,HORTO RESIDENCE  APARTAMENTO NO PASSARÉ EM FORTALEZA/CE,,2026-10-02T23:55:59,faixa 400-650 mil
https://ce.olx.com.br/fortaleza-e-regiao/imoveis/maraponga-resid-club-seu-lar-no-centro-da-maraponga-1538041492,olx,fortaleza,Jardim Cearense,,,,445000.0,73.0,6095.89,3,,Maraponga Resid Club / Seu Lar no centro da Maraponga,,2026-10-02T23:55:57,faixa 400-650 mil
https://ce.olx.com.br/fortaleza-e-regiao/imoveis/apartamento-terraco-das-flores-3-quartos-2-vagas-1539902780,olx,fortaleza,Parque Iracema,,,,430000.0,70.0,6142.86,3,,Apartamento Terraço das Flores 3 quartos 2 vagas,,2026-10-02T23:55:57,faixa 400-650 mil
https://ce.olx.com.br/fortaleza-e-regiao/imoveis/apartamento-para-venda-3-quarto-s-guararapes-fortaleza-1540536666,olx,fortaleza,Guararapes,,,,560000.0,91.0,6153.85,3,,"Apartamento para venda, 3 quarto(s), Guararapes, Fortaleza",,2026-10-02T23:55:56,faixa 400-650 mil
https://ce.olx.com.br/fortaleza-e-regiao/imoveis/apartamento-com-3-dormitorios-a-venda-99-m-por-r-610-000-meireles-fortaleza-ce-1536845673,olx,fortaleza,Meireles,,,,610000.0,99.0,6161.62,3,,"Apartamento com 3 dormitórios à venda, 99 m² por R$ 610.000 - Meireles - Fortaleza/CE",,2026-10-02T23:55:56,faixa 400-650 mil
https://ce.olx.com.br/fortaleza-e-regiao/imoveis/maraponga-resid-clube-10-andar-lazer-completo-1540514812,olx,fortaleza,Jardim Cearense,,,,450000.0,73.0,6164.38,3,,MARAPONGA RESID CLUBE | 10º andar | LAZER COMPLETO,,2026-10-02T23:55:56,faixa 400-650 mil
https://ce.olx.com.br/fortaleza-e-regiao/imoveis/com-lazer-a-v-e-n-d-a-68m2-liga-9-8-7-4-8-3-1-0-8-diego9989f-816697872,olx,fortaleza,Papicu,,,,420000.0,68.0,6176.47,3,,Com lazer a v e n d a 68m2 liga 9 8 7 4 8 3 1 0 8 Diego9989f,,2026-10-02T23:55:58,faixa 400-650 mil
https://ce.olx.com.br/fortaleza-e-regiao/imoveis/apt-063-maraponga-condominio-fantastique-4-apartamento-com-02-e-03-quartos-577541846,olx,fortaleza,Mondubim,-3.817342,-38.569181,centroide_bairro,401890.0,65.0,6182.92,3,,"APT 063, Maraponga, Condomínio Fantastique 4, Apartamento com 02 e 03 quartos",,2026-10-02T23:55:59,faixa 400-650 mil
https://ce.olx.com.br/fortaleza-e-regiao/imoveis/apartamento-a-venda-edificio-guarapari-bairro-meireles-fortaleza-ce-1538079729,olx,fortaleza,Meireles,,,,470000.0,76.0,6184.21,2,,Apartamento à venda | Edifício Guarapari | Bairro Meireles | Fortaleza (CE) -,,2026-10-02T23:56:00,faixa 400-650 mil
https://www.zapimoveis.com.br/imovel/venda-apartamento-3-quartos-mobiliado-damas-fortaleza-ce-67m2-id-2886025673/,zapimoveis,fortaleza,Damas,-3.757562,-38.55117,exata,415000.0,67.0,6194.03,3,torre,,,2026-10-02T23:55:55,faixa 400-650 mil
https://ce.olx.com.br/fortaleza-e-regiao/imoveis/apartamento-com-03-quartos-e-02-banheiros-02-vagas-por-r-410-000-00-1540320248,olx,fortaleza,Passaré,-3.807309,-38.536432,centroide_bairro,410000.0,66.0,6212.12,3,,"Apartamento com 03 Quartos e 02 banheiros, 02 Vagas  por R$ 410.000,00",,2026-10-02T23:55:57,faixa 400-650 mil
https://ce.olx.com.br/fortaleza-e-regiao/imoveis/apartamento-com-2-quartos-a-venda-70-m-por-r-438-000-benfica-fortaleza-ce-1538536338,olx,fortaleza,Damas,-3.7527095,-38.5493805,centroide_bairro,438000.0,70.0,6257.14,2,,"Apartamento com 2 QUARTOS à venda, 70 m² por R$ 438.000 - Benfica - Fortaleza/CE",,2026-10-02T23:55:59,faixa 400-650 mil
https://ce.olx.com.br/fortaleza-e-regiao/imoveis/porto-real-nascente-perto-beira-mar-liga-9-87-48-31-08-diego9989f-dronald-abolicao-3690-1540774498,olx,fortaleza,Mucuripe,,,,470001.0,75.0,6266.68,2,,"Porto Real nascente perto beira mar liga 9 87 48 31 08 Diego9989F dronald abolição,3690-_-",,2026-10-02T23:55:56,faixa 400-650 mil
https://ce.olx.com.br/fortaleza-e-regiao/imoveis/imovel-para-venda-tem-68-metros-quadrados-com-3-quartos-em-cambeba-fortaleza-ce-1538587903,olx,fortaleza,Cambeba,,,,430000.0,68.0,6323.53,3,,Imóvel para venda tem 68 metros quadrados com 3 quartos em Cambeba - Fortaleza - CE,,2026-10-02T23:55:59,faixa 400-650 mil
https://ce.olx.com.br/fortaleza-e-regiao/imoveis/imovel-para-venda-possui-94-metros-quadrados-com-3-quartos-em-meireles-fortaleza-ce-1498238084,olx,fortaleza,Meireles,,,,600000.0,94.0,6382.98,3,,Imóvel para venda possui 94 metros quadrados com 3 quartos em Meireles - Fortaleza - CE,,2026-10-02T23:55:57,faixa 400-650 mil
https://ce.olx.com.br/fortaleza-e-regiao/imoveis/oportunidade-apartamento-venda-messejana-1540252298,olx,fortaleza,Messejana,,,,469000.0,73.0,6424.66,3,,Oportunidade Apartamento À Venda - Messejana,,2026-10-02T23:55:57,faixa 400-650 mil
https://ce.olx.com.br/fortaleza-e-regiao/imoveis/apartamento-a-venda-em-fortaleza-praia-do-futuro-ii-com-2-suites-com-70-m-condominio-1540604421,olx,fortaleza,Praia do Futuro II,-3.7473453333333335,-38.450445,centroide_bairro,450000.0,70.0,6428.57,2,,"Apartamento à venda em Fortaleza, Praia do Futuro II, com 2 suítes, com 70 m², Condomínio",,2026-10-02T23:55:56,faixa 400-650 mil
https://ce.olx.com.br/fortaleza-e-regiao/imoveis/cayo-lago-residence-66-metros-3-quartos-02-vagas-portaria-24h-fatima-1540741010,olx,fortaleza,Fátima,-3.7506955,-38.528453,centroide_bairro,425000.0,66.0,6439.39,3,,Cayo Lago Residence - 66 metros - 3 quartos + 02 vagas - Portaria 24h - Fátima,,2026-10-02T23:55:56,faixa 400-650 mil
https://ce.olx.com.br/fortaleza-e-regiao/imoveis/vendo-apartamento-beira-mar-volta-da-jurema-1538929411,olx,fortaleza,Mucuripe,,,,520000.0,80.0,6500.0,3,,Vendo Apartamento Beira Mar (Volta da Jurema),,2026-10-02T23:55:59,faixa 400-650 mil
https://ce.olx.com.br/fortaleza-e-regiao/imoveis/apartamento-com-3-dormitorios-a-venda-69-m-por-r-450-000-cambeba-fortaleza-ce-1538991298,olx,fortaleza,Cambeba,,,,450000.0,69.0,6521.74,3,,"Apartamento com 3 dormitórios à venda, 69 m² por R$ 450.000 - Cambeba - Fortaleza/CE",,2026-10-02T23:55:59,faixa 400-650 mil
https://ce.olx.com.br/fortaleza-e-regiao/imoveis/apartamento-com-3-quartos-a-venda-no-bairro-damas-1540443299,olx,fortaleza,Damas,-3.7527095,-38.5493805,centroide_bairro,470000.0,72.0,6527.78,3,,Apartamento com 3 Quartos a Venda no Bairro Damas,,2026-10-02T23:55:56,faixa 400-650 mil
https://ce.olx.com.br/fortaleza-e-regiao/imoveis/apartamento-com-3-dormitorios-a-venda-64-m-por-r-420-000-00-dionisio-torres-fortale-1538020374,olx,fortaleza,Dionisio Torres,,,,420000.0,64.0,6562.5,3,,"Apartamento com 3 dormitórios à venda, 64 m² por R$ 420.000,00 - Dionisio Torres - Fortale",,2026-10-02T23:55:56,faixa 400-650 mil
https://ce.olx.com.br/fortaleza-e-regiao/imoveis/apartamento-no-bairro-de-fatima-cod0163-1230128913,olx,fortaleza,Fátima,-3.7506955,-38.528453,centroide_bairro,585000.0,89.0,6573.03,3,,Apartamento no Bairro de Fátima Cod0163,,2026-10-02T23:55:59,faixa 400-650 mil
https://ce.olx.com.br/fortaleza-e-regiao/imoveis/suspensa-76m2-3-4-meireles-praia-de-iracema-liga-9-87-48-31-08-diego9989f-1467905131,olx,fortaleza,Meireles,,,,500000.0,76.0,6578.95,3,,(Suspensa)76m2 3/4 Meireles/Praia de Iracema liga 9 87 48 31 08 Diego9989f,,2026-10-02T23:55:59,faixa 400-650 mil
https://ce.olx.com.br/fortaleza-e-regiao/imoveis/edificio-premium-nascente-82-metros-3-suites-2-vagas-lazer-amplo-coco-1540777821,olx,fortaleza,Cocó,,,,540000.0,82.0,6585.37,3,,Edifício Premium - Nascente - 82 metros - 3 suítes + 2 vagas - Lazer Amplo - Cocó,,2026-10-02T23:55:56,faixa 400-650 mil
https://ce.olx.com.br/fortaleza-e-regiao/imoveis/caravelle-caravele-liga-9-8-7-4-8-3-1-0-8-diego9989f-915923154,olx,fortaleza,Mucuripe,,,,450000.0,68.0,6617.65,2,,"Caravelle""caravele' liga 9 8 7 4 8 3 1 0 8 Diego9989f",,2026-10-02T23:55:59,faixa 400-650 mil
https://ce.olx.com.br/fortaleza-e-regiao/imoveis/caravele-carevelle-mucuripe-vista-mar-d1114-liga9-8-7-4-8-3-1-0-8-760155934,olx,fortaleza,Mucuripe,,,,450000.0,68.0,6617.65,2,,Caravele Carevelle Mucuripe vista Mar d1114 liga9 8 7 4 8 3 1 0 8,,2026-10-02T23:56:00,faixa 400-650 mil
https://ce.olx.com.br/fortaleza-e-regiao/imoveis/oportunidade-3qtos-lazer-liga-9-8-7-4-8-3-1-0-8-diego9989f-helbor-les-jardins-1255018924,olx,fortaleza,Papicu,,,,450000.0,68.0,6617.65,3,,"Oportunidade 3qtos lazer liga 9 8 7 4 8 3 1 0 8 DIEGO9989F HELBOR, LES JARDINS",Helbor,2026-10-02T23:56:00,faixa 400-650 mil
https://ce.olx.com.br/fortaleza-e-regiao/imoveis/imovel-para-venda-com-68-metros-quadrados-com-2-quartos-em-praia-do-futuro-ii-fortaleza-1539927357,olx,fortaleza,Praia do Futuro II,-3.7473453333333335,-38.450445,centroide_bairro,450000.0,68.0,6617.65,2,,Imóvel para venda com 68 metros quadrados com 2 quartos em Praia do Futuro II - Fortaleza,,2026-10-02T23:55:57,faixa 400-650 mil
https://ce.olx.com.br/fortaleza-e-regiao/imoveis/oportunidade-vista-mar-d115-ligue-diego-692892468,olx,fortaleza,Mucuripe,,,,450000.0,68.0,6617.65,2,,Oportunidade vista Mar d115 ligue *Diego,,2026-10-02T23:56:00,faixa 400-650 mil
https://ce.olx.com.br/fortaleza-e-regiao/imoveis/venda-de-lindo-apto-no-papicu-19-andar-com-lazer-completo-mais-informacoes-1539283523,olx,fortaleza,Papicu,,,,470000.0,71.0,6619.72,3,,Venda de Lindo Apto no Papicu (19° Andar) com Lazer completo - Mais informações,,2026-10-02T23:55:59,faixa 400-650 mil
https://ce.olx.com.br/fortaleza-e-regiao/imoveis/vista-mar-no-papicu-ao-lado-do-shopping-reformado-liga-9-87-48-31-08-diego-9989f-jose-borb-1539162455,olx,fortaleza,Papicu,,,,470001.0,71.0,6619.73,2,,Vista Mar no Papicu ao lado do shopping reformado liga 9 87 48 31 08 Diego 9989f José borb,,2026-10-02T23:55:59,faixa 400-650 mil
https://ce.olx.com.br/fortaleza-e-regiao/imoveis/o-apartamento-reformado-dos-seus-sonhos-liga-9-8-7-4-8-3-1-0-8-diego9989f-nova-vida-oportu-1539163609,olx,fortaleza,Papicu,,,,470002.0,71.0,6619.75,2,,O apartamento reformado dos seus sonhos liga 9 8 7 4 8 3 1 0 8 Diego9989f nova vida oportu,,2026-10-02T23:55:59,faixa 400-650 mil
https://ce.olx.com.br/fortaleza-e-regiao/imoveis/reformado-piso-100-porcelanato-vista-mar-2-vagas-academia-liga-9-87-48-31-08-diego-1539164407,olx,fortaleza,Papicu,,,,470003.0,71.0,6619.76,3,,"Reformado, piso 100% porcelanato, vista mar, 2 vagas, academia liga 9 87 48 31 08 diego",,2026-10-02T23:55:59,faixa 400-650 mil
https://ce.olx.com.br/fortaleza-e-regiao/imoveis/apartamento-no-condominio-edificio-dourados-varjota-fortaleza-1539990028,olx,fortaleza,Varjota,,,,599000.0,90.0,6655.56,3,,"Apartamento no Condomínio Edifício Dourados  Varjota, Fortaleza",,2026-10-02T23:55:57,faixa 400-650 mil
https://ce.olx.com.br/fortaleza-e-regiao/imoveis/apartamento-para-venda-3-quarto-s-coco-fortaleza-1538078997,olx,fortaleza,Cocó,,,,520000.0,78.0,6666.67,3,,"Apartamento para venda, 3 quarto(s), Cocó, Fortaleza",,2026-10-02T23:56:00,faixa 400-650 mil
https://www.chavesnamao.com.br/imovel/apartamento-a-venda-3-quartos-com-garagem-ce-fortaleza-jardim-cearense-63m2-RS420000/id-46190760/,chavesnamao,fortaleza,Jardim Cearense,,,,420000.0,63.0,6666.67,3,,,,2026-10-02T23:55:53,faixa 400-650 mil
https://ce.olx.com.br/fortaleza-e-regiao/imoveis/apartamento-65m-03-quartos-suite-e-todo-mobiliado-no-villa-venezia-messejana-1538628390,olx,fortaleza,Messejana,,,,435000.0,65.0,6692.31,3,,"Apartamento 65m², 03 quartos, suíte e todo mobiliado no Villa Venezia  Messejana!!",,2026-10-02T23:55:59,faixa 400-650 mil
https://ce.olx.com.br/fortaleza-e-regiao/imoveis/apartamento-no-edificio-premium-coco-fortaleza-1538213925,olx,fortaleza,Cocó,,,,550000.0,82.0,6707.32,3,,"Apartamento no Edifício Premium  Cocó, Fortaleza",,2026-10-02T23:56:00,faixa 400-650 mil
https://ce.olx.com.br/fortaleza-e-regiao/imoveis/edificio-jaime-franca-apartamento-67m-7-andar-no-bairro-luciano-cavalcante-1539419344,olx,fortaleza,Amadeu Furtado,,,,450000.0,67.0,6716.42,3,,"Edifício Jaime França, Apartamento 67m² 7 andar no Bairro Luciano Cavalcante",,2026-10-02T23:55:59,faixa 400-650 mil
https://ce.olx.com.br/fortaleza-e-regiao/imoveis/imovel-para-venda-possui-67-metros-quadrados-com-3-quartos-em-parque-iracema-fortaleza-1539529827,olx,fortaleza,Parque Iracema,,,,450000.0,67.0,6716.42,3,,Imóvel para venda possui 67 metros quadrados com 3 quartos em Parque Iracema - Fortaleza -,,2026-10-02T23:55:59,faixa 400-650 mil
https://ce.olx.com.br/fortaleza-e-regiao/imoveis/apartamento-para-venda-em-fortaleza-vila-ellery-3-dormitorios-1-suite-2-banheiros-2-v-1538320393,olx,fortaleza,Ellery,,,,440000.0,65.0,6769.23,3,,"Apartamento para Venda em Fortaleza, Vila Ellery, 3 dormitórios, 1 suíte, 2 banheiros, 2 v",,2026-10-02T23:55:59,faixa 400-650 mil
https://ce.olx.com.br/fortaleza-e-regiao/imoveis/apartamento-a-venda-no-condominio-reserva-passare-1538293161,olx,fortaleza,Passaré,-3.807309,-38.536432,centroide_bairro,440000.0,65.0,6769.23,3,,APARTAMENTO A VENDA NO CONDOMÍNIO RESERVA PASSARÉ,,2026-10-02T23:55:59,faixa 400-650 mil
https://ce.olx.com.br/fortaleza-e-regiao/imoveis/vendo-apartamento-reformado-e-mobiliado-com-62m-3-quartos-no-bairro-parangaba-fortalez-1538769142,olx,fortaleza,Jóquei Clube,,,,420000.0,62.0,6774.19,3,,"VENDO APARTAMENTO REFORMADO E MOBILIADO COM 62m², 3 QUARTOS NO BAIRRO PARANGABA - FORTALEZ",,2026-10-02T23:55:59,faixa 400-650 mil
https://ce.olx.com.br/fortaleza-e-regiao/imoveis/vendo-apartamento-reformado-e-mobiliado-com-62m-3-quartos-no-bairro-parangaba-fortalez-1538453832,olx,fortaleza,Parangaba,,,,420000.0,62.0,6774.19,3,,"VENDO APARTAMENTO REFORMADO E MOBILIADO COM 62m², 3 QUARTOS NO BAIRRO PARANGABA - FORTALEZ",,2026-10-02T23:55:59,faixa 400-650 mil
https://www.zapimoveis.com.br/imovel/venda-apartamento-3-quartos-mondubim-fortaleza-ce-62m2-id-2914869986/,zapimoveis,fortaleza,Mondubim,-3.825684,-38.565362,exata,420000.0,62.0,6774.19,3,indefinido,,,2026-10-02T23:55:55,faixa 400-650 mil
https://www.chavesnamao.com.br/imovel/apartamento-a-venda-2-quartos-com-garagem-ce-fortaleza-meireles-81m2-RS550000/id-35706597/,chavesnamao,fortaleza,Meireles,,,,550000.0,81.0,6790.12,2,,,,2026-10-02T23:55:53,faixa 400-650 mil
https://ce.olx.com.br/fortaleza-e-regiao/imoveis/apartamento-no-bairro-mondubim-belas-aguas-condominio-1539780548,olx,fortaleza,Mondubim,-3.817342,-38.569181,centroide_bairro,435000.0,64.0,6796.88,3,,Apartamento no bairro Mondubim | Belas Águas Condominio.,,2026-10-02T23:55:57,faixa 400-650 mil
https://ce.olx.com.br/fortaleza-e-regiao/imoveis/apartamento-a-venda-no-meireles-fortaleza-1517284422,olx,fortaleza,Meireles,,,,640000.0,94.0,6808.51,3,,"Apartamento à venda no Meireles, Fortaleza",,2026-10-02T23:55:54,faixa 400-650 mil
https://ce.olx.com.br/fortaleza-e-regiao/imoveis/cayo-lago-residence-nascente-moveis-fixos-66-metros-3-quartos-02-vagas-fatima-1540740956,olx,fortaleza,Fátima,-3.7506955,-38.528453,centroide_bairro,450000.0,66.0,6818.18,3,,Cayo Lago Residence - Nascente - Móveis Fixos - 66 metros - 3 quartos + 02 vagas - Fátima,,2026-10-02T23:55:56,faixa 400-650 mil
https://ce.olx.com.br/fortaleza-e-regiao/imoveis/excelente-apartamento-praia-do-futuro-1539807688,olx,fortaleza,Praia do Futuro II,-3.7473453333333335,-38.450445,centroide_bairro,450000.0,66.0,6818.18,2,,Excelente apartamento Praia do Futuro,,2026-10-02T23:55:57,faixa 400-650 mil
https://ce.olx.com.br/fortaleza-e-regiao/imoveis/edificio-premium-andar-alto-nascente-moveis-fixos-3-suites-82-metros-lazer-amp-1540776998,olx,fortaleza,Cocó,,,,560000.0,82.0,6829.27,3,,Edifício Premium - Andar Alto - Nascente - Móveis Fixos - 3 suítes - 82 metros - Lazer Amp,,2026-10-02T23:55:56,faixa 400-650 mil
https://ce.olx.com.br/fortaleza-e-regiao/imoveis/edificio-premium-andar-alto-nascente-mobiliado-3-suites-82-metros-lazer-comple-1540776295,olx,fortaleza,Cocó,,,,560000.0,82.0,6829.27,3,,Edifício Premium - Andar Alto - Nascente - Mobiliado - 3 suítes - 82 metros - Lazer Comple,,2026-10-02T23:55:56,faixa 400-650 mil
https://ce.olx.com.br/fortaleza-e-regiao/imoveis/apartamento-no-condominio-edificio-atalanta-luciano-cavalcante-fortaleza-1538213705,olx,fortaleza,Engenheiro Luciano Cavalcante,-3.78156,-38.4836215,centroide_bairro,499000.0,72.0,6930.56,3,,"Apartamento no Condomínio Edifício Atalanta  Luciano Cavalcante, Fortaleza",,2026-10-02T23:56:00,faixa 400-650 mil
https://www.zapimoveis.com.br/imovel/venda-apartamento-3-quartos-com-piscina-jardim-cearense-fortaleza-ce-72m2-id-2915095250/,zapimoveis,fortaleza,Jardim Cearense,-3.800733,-38.567643,exata,500000.0,72.0,6944.44,3,torre,,,2026-10-02T23:55:56,faixa 400-650 mil
https://ce.olx.com.br/fortaleza-e-regiao/imoveis/vendo-apt-3-qts-no-papicu-fortaleza-ce-quitado-porteira-fechada-18-andar-1502602687,olx,fortaleza,Papicu,,,,560000.0,80.0,7000.0,3,,"Vendo Aptº 3 Qts no Papicu, Fortaleza - Ce | Quitado | Porteira Fechada | 18ºAndar",,2026-10-02T23:55:54,faixa 400-650 mil
https://ce.olx.com.br/fortaleza-e-regiao/imoveis/venda-de-apto-top-na-praia-do-futuro-11-andar-mais-informacoes-1539584407,olx,fortaleza,Vicente Pinzon,,,,420000.0,60.0,7000.0,3,,Venda de Apto Top na Praia do Futuro (11° Andar) Mais informações,,2026-10-02T23:55:59,faixa 400-650 mil
https://ce.olx.com.br/fortaleza-e-regiao/imoveis/apartamento-com-3-dormitorios-a-venda-85-m-por-r-599-000-00-itaperi-fortaleza-ce-1539774097,olx,fortaleza,Itaperi,-3.7838735000000003,-38.56133,centroide_bairro,599000.0,85.0,7047.06,3,,"Apartamento com 3 dormitórios à venda, 85 m² por R$ 599.000,00 - Itaperi - Fortaleza/CE",,2026-10-02T23:55:58,faixa 400-650 mil
https://ce.olx.com.br/fortaleza-e-regiao/imoveis/place-des-cysne-liga-9-87-48-31-08-diego9989f-dplano-osvaldo-cruz-1000-marcos-macedo-1488615976,olx,fortaleza,Aldeota,-3.736781,-38.505965,centroide_bairro,550000.0,78.0,7051.28,3,,"Place Des Cysne liga 9 87 48 31 08 Diego9989F dplano Osvaldo Cruz, 1000  Marcos Macedo -_-",,2026-10-02T23:55:59,faixa 400-650 mil
https://ce.olx.com.br/fortaleza-e-regiao/imoveis/apartamento-no-edificio-premium-coco-fortaleza-1538213849,olx,fortaleza,Cocó,,,,580000.0,82.0,7073.17,3,,"Apartamento no Edifício Premium  Cocó, Fortaleza",,2026-10-02T23:56:00,faixa 400-650 mil
https://ce.olx.com.br/fortaleza-e-regiao/imoveis/apartamento-no-edificio-premium-coco-fortaleza-1538213639,olx,fortaleza,Cocó,,,,580000.0,82.0,7073.17,3,,"Apartamento no Edifício Premium  Cocó, Fortaleza",,2026-10-02T23:56:00,faixa 400-650 mil
https://ce.olx.com.br/fortaleza-e-regiao/imoveis/apartamento-no-regiao-sul-fortaleza-1539990508,olx,fortaleza,Cambeba,,,,460000.0,65.0,7076.92,3,,"Apartamento no Região Sul, Fortaleza",,2026-10-02T23:55:57,faixa 400-650 mil
https://ce.olx.com.br/fortaleza-e-regiao/imoveis/vendo-apartamento-com-81m-3-quartos-no-bairro-damas-fortaleza-ceara-1540962858,olx,fortaleza,Rodolfo Teófilo,,,,599000.0,84.0,7130.95,3,,"VENDO APARTAMENTO COM 81m², 3 QUARTOS NO BAIRRO DAMAS - FORTALEZA - CEARÁ",,2026-10-02T23:55:54,faixa 400-650 mil
https://ce.olx.com.br/fortaleza-e-regiao/imoveis/vendo-apartamento-com-81m-3-quartos-no-bairro-damas-fortaleza-ceara-1539589964,olx,fortaleza,Damas,-3.7527095,-38.5493805,centroide_bairro,599000.0,84.0,7130.95,3,,"VENDO APARTAMENTO COM 81m², 3 QUARTOS NO BAIRRO DAMAS - FORTALEZA - CEARÁ",,2026-10-02T23:55:59,faixa 400-650 mil
https://ce.olx.com.br/fortaleza-e-regiao/imoveis/vendo-apartamento-com-81m-3-quartos-no-bairro-damas-fortaleza-ceara-1538757753,olx,fortaleza,Damas,-3.7527095,-38.5493805,centroide_bairro,599000.0,84.0,7130.95,3,,"VENDO APARTAMENTO COM 81m², 3 QUARTOS NO BAIRRO DAMAS - FORTALEZA - CEARÁ",,2026-10-02T23:55:59,faixa 400-650 mil
https://ce.olx.com.br/fortaleza-e-regiao/imoveis/vendo-apartamento-com-81m-3-quartos-no-bairro-damas-fortaleza-ceara-1538441695,olx,fortaleza,Damas,-3.7527095,-38.5493805,centroide_bairro,599000.0,84.0,7130.95,3,,"VENDO APARTAMENTO COM 81m², 3 QUARTOS NO BAIRRO DAMAS - FORTALEZA - CEARÁ",,2026-10-02T23:55:59,faixa 400-650 mil
https://ce.olx.com.br/fortaleza-e-regiao/imoveis/lancamento-2-ou-3-quartos-lazer-completo-promovendo-saude-e-bem-estar-1534512177,olx,fortaleza,Presidente Kennedy,-3.7283498571428573,-38.568002285714286,centroide_bairro,464000.0,65.0,7138.46,3,,"Lançamento, 2 ou 3 quartos, lazer completo promovendo saúde e bem-estar",,2026-10-02T23:56:00,faixa 400-650 mil
https://www.zapimoveis.com.br/imovel/venda-apartamento-3-quartos-mobiliado-fatima-fortaleza-ce-70m2-id-2914961939/,zapimoveis,fortaleza,Fátima,-3.744625,-38.531607,exata,500000.0,70.0,7142.86,3,torre,,,2026-10-02T23:55:56,faixa 400-650 mil
https://www.zapimoveis.com.br/imovel/venda-apartamento-2-quartos-com-ar-condicionado-aldeota-fortaleza-ce-67m2-id-2886136793/,zapimoveis,fortaleza,Aldeota,-3.739104,-38.511052,exata,480000.0,67.0,7164.18,2,torre,,,2026-10-02T23:55:56,faixa 400-650 mil
https://ce.olx.com.br/fortaleza-e-regiao/imoveis/apartamento-a-venda-no-bairro-mondubim-condominio-stay-one-1539779632,olx,fortaleza,Mondubim,-3.817342,-38.569181,centroide_bairro,425000.0,59.0,7203.39,3,,Apartamento à venda no bairro Mondubim | Condomínio Stay One,,2026-10-02T23:55:58,faixa 400-650 mil
https://ce.olx.com.br/fortaleza-e-regiao/imoveis/rembrandt-liga-9-8-7-4-8-3-1-0-8-diego9989f-oportunidade-dastho-pereira-filgueiras-2122-1518469682,olx,fortaleza,Centro,-3.7261276666666667,-38.53199966666667,centroide_bairro,490001.0,68.0,7205.9,3,,"Rembrandt liga 9 8 7 4 8 3 1 0 8 Diego9989f oportunidade dastho. Pereira Filgueiras, 2122.",,2026-10-02T23:55:58,faixa 400-650 mil
https://ce.olx.com.br/fortaleza-e-regiao/imoveis/3-4-piscina-2vagas-liga-9-8-7-4-8-3-1-0-8-diego9989f-oportunidade-dastho-pereira-2122-1518471788,olx,fortaleza,Aldeota,-3.736781,-38.505965,centroide_bairro,490002.0,68.0,7205.91,3,,"3/4 piscina 2vagas liga 9 8 7 4 8 3 1 0 8 Diego9989f oportunidade dastho. Pereira, 2122-_-",,2026-10-02T23:55:58,faixa 400-650 mil
https://ce.olx.com.br/fortaleza-e-regiao/imoveis/apartamento-com-2-dormitorios-a-venda-58-m-por-r-420-000-praia-de-iracema-fortaleza-1538354705,olx,fortaleza,Praia de Iracema,,,,420000.0,58.0,7241.38,2,,"Apartamento com 2 dormitórios à venda, 58 m² por R$ 420.000 - Praia de Iracema - Fortaleza",,2026-10-02T23:55:59,faixa 400-650 mil
https://ce.olx.com.br/fortaleza-e-regiao/imoveis/vendo-apartamento-mobiliado-com-80m-3-quartos-2-vagas-no-bairro-jacarecanga-fortalez-1539612039,olx,fortaleza,Barra do Ceará,,,,580000.0,80.0,7250.0,3,,"VENDO APARTAMENTO MOBILIADO, COM 80m², 3 QUARTOS, 2 VAGAS NO BAIRRO JACARECANGA - FORTALEZ",,2026-10-02T23:55:59,faixa 400-650 mil
https://ce.olx.com.br/fortaleza-e-regiao/imoveis/vendo-apartamento-mobiliado-com-80m-3-quartos-2-vagas-no-bairro-jacarecanga-fortalez-1538771235,olx,fortaleza,Jacarecanga,,,,580000.0,80.0,7250.0,3,,"VENDO APARTAMENTO MOBILIADO, COM 80m², 3 QUARTOS, 2 VAGAS NO BAIRRO JACARECANGA - FORTALEZ",,2026-10-02T23:55:59,faixa 400-650 mil
https://ce.olx.com.br/fortaleza-e-regiao/imoveis/vendo-apartamento-mobiliado-com-80m-3-quartos-2-vagas-no-bairro-jacarecanga-fortalez-1538457047,olx,fortaleza,Jacarecanga,,,,580000.0,80.0,7250.0,3,,"VENDO APARTAMENTO MOBILIADO, COM 80m², 3 QUARTOS, 2 VAGAS NO BAIRRO JACARECANGA - FORTALEZ",,2026-10-02T23:55:59,faixa 400-650 mil
https://ce.olx.com.br/fortaleza-e-regiao/imoveis/oferta-top-sol-maior-80m2-pertinho-da-beira-mar-liga-9-8-7-4-8-3-1-0-8-diego9989f-840101895,olx,fortaleza,Meireles,,,,580000.0,80.0,7250.0,3,,Oferta top Sol Maior 80m2 pertinho da Beira Mar liga 9 8 7 4 8 3 1 0 8 Diego9989f,,2026-10-02T23:55:58,faixa 400-650 mil
https://ce.olx.com.br/fortaleza-e-regiao/imoveis/sol-maior-a-poucos-metros-da-beira-mar-liga-9-8-7-4-8-3-1-0-8-diego9989f-840096382,olx,fortaleza,Mucuripe,,,,580000.0,80.0,7250.0,2,,Sol Maior a poucos metros da Beira Mar liga 9 8 7 4 8 3 1 0 8 Diego9989f,,2026-10-02T23:55:58,faixa 400-650 mil
https://ce.olx.com.br/fortaleza-e-regiao/imoveis/montese-condominio-de-apartamento-com-03-quartos-02-banheiros-apt-068-1052985699,olx,fortaleza,Bela Vista,,,,503900.0,69.0,7302.9,3,,"Montese, Condomínio de apartamento com 03 quartos, 02 banheiros, APT 068,",,2026-10-02T23:55:59,faixa 400-650 mil
https://ce.olx.com.br/fortaleza-e-regiao/imoveis/condominio-edificio-onix-e-jade-1526459930,olx,fortaleza,Presidente Kennedy,-3.7283498571428573,-38.568002285714286,centroide_bairro,439000.0,60.0,7316.67,3,,Condomínio Edifício Onix e Jade.,,2026-10-02T23:55:54,faixa 400-650 mil
https://ce.olx.com.br/fortaleza-e-regiao/imoveis/apartamento-60-m-a-venda-no-dionisio-torres-3-quartos-1535554424,olx,fortaleza,Dionisio Torres,,,,439000.0,60.0,7316.67,3,,Apartamento 60 m² à Venda no Dionísio Torres | 3 Quartos,,2026-10-02T23:55:56,faixa 400-650 mil
https://ce.olx.com.br/fortaleza-e-regiao/imoveis/apartamento-em-cidade-dos-funcionarios-fortaleza-1540832198,olx,fortaleza,Parque Iracema,,,,630000.0,86.0,7325.58,3,,Apartamento em Cidade dos Funcionários - Fortaleza,,2026-10-02T23:55:54,faixa 400-650 mil
https://ce.olx.com.br/fortaleza-e-regiao/imoveis/apartamento-3-quartos-3-banheiros-2-vagas-nascente-parque-del-sol-cervantes-el-rey-1537051951,olx,fortaleza,Parque Iracema,,,,630000.0,86.0,7325.58,3,,"Apartamento 3 quartos, 3 banheiros, 2 vagas, nascente  Parque Del Sol, Cervantes El Rey",,2026-10-02T23:55:56,faixa 400-650 mil
https://ce.olx.com.br/fortaleza-e-regiao/imoveis/apartamento-no-edificio-sun-city-papicu-fortaleza-1538214366,olx,fortaleza,Papicu,,,,440000.0,60.0,7333.33,3,,"Apartamento no Edifício Sun City  Papicu, Fortaleza",,2026-10-02T23:56:00,faixa 400-650 mil
https://www.zapimoveis.com.br/imovel/venda-apartamento-3-quartos-com-piscina-mondubim-fortaleza-ce-64m2-id-2856129232/,zapimoveis,fortaleza,Mondubim,-3.809,-38.573,aproximada_portal,470000.0,64.0,7343.75,3,torre,,,2026-10-02T23:55:55,faixa 400-650 mil
https://ce.olx.com.br/fortaleza-e-regiao/imoveis/apartamento-no-cond-parque-jose-de-alencar-aldeota-fortaleza-1538365244,olx,fortaleza,Damas,-3.7527095,-38.5493805,centroide_bairro,599000.0,81.0,7395.06,3,,"Apartamento no Cond. Parque José de Alencar  Aldeota, Fortaleza",,2026-10-02T23:55:59,faixa 400-650 mil
https://www.zapimoveis.com.br/imovel/venda-apartamento-3-quartos-com-piscina-parangaba-fortaleza-ce-57m2-id-2906903231/,zapimoveis,fortaleza,Itaperi,-3.781594,-38.560084,exata,422000.0,57.0,7403.51,3,indefinido,,,2026-10-02T23:55:55,faixa 400-650 mil
https://ce.olx.com.br/fortaleza-e-regiao/imoveis/boulevard-dom-luis-81-metros-03-quartos-02-vagas-lazer-portaria-24h-aldeota-me-1540780430,olx,fortaleza,Meireles,,,,600000.0,81.0,7407.41,3,,Boulevard Dom Luís - 81 metros - 03 quartos + 02 vagas - Lazer + Portaria 24h - Aldeota/Me,,2026-10-02T23:55:54,faixa 400-650 mil
https://ce.olx.com.br/fortaleza-e-regiao/imoveis/apartamento-com-3-quartos-1-suite-wc-social-2-vagas-de-garagem-a-venda-58-m-por-r-1538063926,olx,fortaleza,Passaré,-3.807309,-38.536432,centroide_bairro,430000.0,58.0,7413.79,3,,"Apartamento com 3 Quartos (1 Suíte) + WC social, 2 Vagas de Garagem à Venda, 58 m² Por R$",,2026-10-02T23:56:00,faixa 400-650 mil
https://ce.olx.com.br/fortaleza-e-regiao/imoveis/edificio-sun-city-papicu-60m-03-quartos-02-vagas-1540752539,olx,fortaleza,Papicu,,,,445000.0,60.0,7416.67,3,,Edifício Sun City | Papicu | 60m² | 03 Quartos | 02 Vagas,,2026-10-02T23:55:56,faixa 400-650 mil
https://ce.olx.com.br/fortaleza-e-regiao/imoveis/apartamento-com-3-dormitorios-a-venda-61-88-m-maraponga-fortaleza-ce-1538712048,olx,fortaleza,Parangaba,,,,460000.0,62.0,7419.35,3,,"Apartamento com 3 dormitórios à venda, 61,88 m² - Maraponga - Fortaleza/CE",,2026-10-02T23:55:59,faixa 400-650 mil
https://www.zapimoveis.com.br/imovel/venda-apartamento-2-quartos-mobiliado-edson-queiroz-fortaleza-ce-70m2-id-2914890051/,zapimoveis,fortaleza,Edson Queiroz,-3.788085,-38.477929,exata,520000.0,70.0,7428.57,2,torre,,,2026-10-02T23:55:56,faixa 400-650 mil
https://www.zapimoveis.com.br/imovel/venda-apartamento-3-quartos-damas-fortaleza-ce-57m2-id-2914781155/,zapimoveis,fortaleza,Damas,-3.747857,-38.547591,exata,425000.0,57.0,7456.14,3,indefinido,,,2026-10-02T23:55:55,faixa 400-650 mil
https://ce.olx.com.br/fortaleza-e-regiao/imoveis/more-no-ultimo-andar-3-4-2-vagas-liga-9-8-7-4-8-3-1-0-8-diego9989f-1009028299,olx,fortaleza,Praia De Iracema,,,,509999.0,68.0,7499.99,3,,"More no último andar, 3/4 2 vagas liga 9 8 7 4 8 3 1 0 8 DIEGO9989F",,2026-10-02T23:56:00,faixa 400-650 mil
https://ce.olx.com.br/fortaleza-e-regiao/imoveis/apartamento-a-venda-no-condominio-jose-de-alencar-damas-1538304166,olx,fortaleza,Damas,-3.7527095,-38.5493805,centroide_bairro,600000.0,80.0,7500.0,3,,Apartamento a Venda no Condomínio José de Alencar - Damas,,2026-10-02T23:55:57,faixa 400-650 mil
https://www.zapimoveis.com.br/imovel/venda-apartamento-3-quartos-com-interfone-presidente-kennedy-fortaleza-ce-60m2-id-2910309032/,zapimoveis,fortaleza,Presidente Kennedy,-3.731085,-38.569411,exata,450000.0,60.0,7500.0,3,torre,,,2026-10-02T23:55:55,faixa 400-650 mil
https://ce.olx.com.br/fortaleza-e-regiao/imoveis/apartamento-para-venda-tem-61-metros-quadrados-com-3-quartos-em-aldeota-fortaleza-cear-1528867554,olx,fortaleza,Aldeota,-3.736781,-38.505965,centroide_bairro,458000.0,61.0,7508.2,3,,Apartamento para venda tem 61 metros quadrados com 3 quartos em Aldeota - Fortaleza - Cear,,2026-10-02T23:55:59,faixa 400-650 mil
https://ce.olx.com.br/fortaleza-e-regiao/imoveis/apartamento-para-vender-no-edificio-parnaso-por-r-650-000-1540719518,olx,fortaleza,Parque Iracema,,,,650000.0,86.0,7558.14,3,,Apartamento para vender no Edifício Parnaso por R$650.000,,2026-10-02T23:55:56,faixa 400-650 mil
https://ce.olx.com.br/fortaleza-e-regiao/imoveis/apartamento-projetado-na-messejana-com-3-quartos-2-vagas-lazer-completo-na-messejana-1540653671,olx,fortaleza,Messejana,,,,499000.0,66.0,7560.61,3,,APARTAMENTO PROJETADO NA MESSEJANA COM 3 QUARTOS 2 VAGAS LAZER COMPLETO NA MESSEJANA,,2026-10-02T23:55:56,faixa 400-650 mil
https://ce.olx.com.br/fortaleza-e-regiao/imoveis/ed-vivendas-do-rio-branco-fatima-78m-3-qtos-varanda-academia-e-piscina-1539604798,olx,fortaleza,José Bonifácio,-3.73883,-38.532472,centroide_bairro,590000.0,78.0,7564.1,3,,"Ed. Vivendas do Rio Branco, Fátima, 78m², 3 Qtos, Varanda, Academia e Piscina",,2026-10-02T23:55:59,faixa 400-650 mil
https://ce.olx.com.br/fortaleza-e-regiao/imoveis/apartamento-com-3-dormitorios-a-venda-63-m-por-r-477-269-99-cambeba-fortaleza-ce-1539779836,olx,fortaleza,Cambeba,,,,477269.0,63.0,7575.7,3,,"Apartamento com 3 dormitórios à venda, 63 m² por R$ 477.269,99 - Cambeba - Fortaleza/CE",,2026-10-02T23:55:58,faixa 400-650 mil
https://ce.olx.com.br/fortaleza-e-regiao/imoveis/pesquisas-compra-venda-shopping-66m2-3quartos-liga-9-8-7-4-8-3-1-0-8-diego9989f-luana-966251084,olx,fortaleza,Aldeota,-3.736781,-38.505965,centroide_bairro,499999.0,66.0,7575.74,3,,@pesquisas_compra_venda@ shopping 66m2 3quartos liga 9 8 7 4 8 3 1 0 8 Diego9989f  luana,,2026-10-02T23:55:59,faixa 400-650 mil
https://ce.olx.com.br/fortaleza-e-regiao/imoveis/apartamento-a-venda-em-fortaleza-fantastique-prime-1538651688,olx,fortaleza,Carlito Pamplona,,,,455000.0,60.0,7583.33,3,,Apartamento à venda em Fortaleza - Fantastique Prime,,2026-10-02T23:55:59,faixa 400-650 mil
https://ce.olx.com.br/fortaleza-e-regiao/imoveis/montblanc-75m2-lazer-total-liga-9-8-7-4-8-3-1-0-8-dieego9989f-918363658,olx,fortaleza,Cidade 2000,,,,570002.0,75.0,7600.03,3,,Montblanc 75m2 lazer total liga 9 8 7 4 8 3 1 0 8 Dieego9989f,,2026-10-02T23:55:59,faixa 400-650 mil
https://ce.olx.com.br/fortaleza-e-regiao/imoveis/apartamento-3-quartos-com-suite-e-varanda-2-quadras-do-lago-jacarey-1455636224,olx,fortaleza,Cambeba,,,,480000.0,63.0,7619.05,3,,APARTAMENTO 3 QUARTOS COM SUITE E VARANDA À 2 quadras do LAGO JACAREY,,2026-10-02T23:55:54,faixa 400-650 mil
https://ce.olx.com.br/fortaleza-e-regiao/imoveis/oportunidade-no-condominio-san-gabriel-apto-de-55m-1536594137,olx,fortaleza,Praia de Iracema,,,,420000.0,55.0,7636.36,3,,"Oportunidade no Condomínio San Gabriel! Apto de 55m²,",,2026-10-02T23:55:57,faixa 400-650 mil
https://www.zapimoveis.com.br/imovel/venda-apartamento-2-quartos-mobiliado-messejana-fortaleza-ce-55m2-id-2914426558/,zapimoveis,fortaleza,Messejana,-3.821,-38.49,aproximada_portal,420000.0,55.0,7636.36,2,torre,Residencial Villa Roma,,2026-10-02T23:55:56,faixa 400-650 mil
https://ce.olx.com.br/fortaleza-e-regiao/imoveis/01-apartamento-na-aldeota-3-quartos-1537982195,olx,fortaleza,Dionisio Torres,,,,550000.0,72.0,7638.89,3,,01 - Apartamento na Aldeota 3 quartos,,2026-10-02T23:55:57,faixa 400-650 mil
https://ce.olx.com.br/fortaleza-e-regiao/imoveis/park-brasil-na-parangaba-85-m-3-suites-e-2-vagas-1528227865,olx,fortaleza,Parangaba,,,,650000.0,85.0,7647.06,3,,"Park Brasil na Parangaba | 85 m², 3 suítes e 2 vagas",,2026-10-02T23:55:57,faixa 400-650 mil
https://ce.olx.com.br/fortaleza-e-regiao/imoveis/apartamento-a-venda-na-cidade-2000-fortaleza-3-quartos-suite-2-vagas-75m-1538954908,olx,fortaleza,Cidade 2000,,,,574000.0,75.0,7653.33,3,,"Apartamento à venda na Cidade 2000, Fortaleza | 3 quartos, suíte, 2 vagas, 75m²",,2026-10-02T23:55:59,faixa 400-650 mil
https://ce.olx.com.br/fortaleza-e-regiao/imoveis/boulevard-dom-luis-andar-alto-nascente-81-metros-2-suites-2-vagas-aldeota-meir-1540779092,olx,fortaleza,Meireles,,,,620000.0,81.0,7654.32,3,,Boulevard Dom Luís - Andar Alto - Nascente - 81 metros - 2 suítes + 2 vagas - Aldeota/Meir,,2026-10-02T23:55:54,faixa 400-650 mil
https://ce.olx.com.br/fortaleza-e-regiao/imoveis/apto-green-paradise-na-parquelandia-1407006397,olx,fortaleza,Parquelândia,,,,590000.0,77.0,7662.34,3,,Apto Green Paradise na Parquelândia,,2026-10-02T23:55:59,faixa 400-650 mil
https://ce.olx.com.br/fortaleza-e-regiao/imoveis/execelente-apt-a-venda-na-aldeota-60m-proximo-a-pc-luiza-tavora-nascente-1540826357,olx,fortaleza,Aldeota,-3.736781,-38.505965,centroide_bairro,460000.0,60.0,7666.67,3,,"Execelente apt. à venda na aldeota, 60m², próximo a pç Luíza Távora, nascente",,2026-10-02T23:55:54,faixa 400-650 mil
https://ce.olx.com.br/fortaleza-e-regiao/imoveis/belissimo-apt-nascente-vista-livre-andar-alto-bem-proximo-a-praca-luiza-tavora-1540600208,olx,fortaleza,Aldeota,-3.736781,-38.505965,centroide_bairro,460000.0,60.0,7666.67,3,,"Belíssimo Apt., Nascente, Vista Livre, Andar Alto, Bem próximo à Praça Luíza Távora",,2026-10-02T23:55:56,faixa 400-650 mil
https://www.zapimoveis.com.br/imovel/venda-apartamento-3-quartos-com-academia-centro-fortaleza-ce-65m2-id-2851781213/,zapimoveis,fortaleza,Centro,-3.723948,-38.537616,exata,499000.0,65.0,7676.92,3,torre,,,2026-10-02T23:55:55,faixa 400-650 mil
https://ce.olx.com.br/fortaleza-e-regiao/imoveis/residencial-mav-apartamentos-no-bairro-damas-em-fortaleza-ce-1539765646,olx,fortaleza,Damas,-3.7527095,-38.5493805,centroide_bairro,530000.0,69.0,7681.16,3,,RESIDENCIAL MAV  APARTAMENTOS NO BAIRRO DAMAS EM FORTALEZA/CE,,2026-10-02T23:55:58,faixa 400-650 mil
https://ce.olx.com.br/fortaleza-e-regiao/imoveis/celebration-residence-80-metros-3-suites-2-vagas-lazer-completo-edson-queiroz-1538283691,olx,fortaleza,Edson Queiroz,-3.7815425,-38.4769645,centroide_bairro,615000.0,80.0,7687.5,3,,Celebration Residence - 80 metros - 3 suítes + 2 vagas - Lazer Completo - Edson Queiroz,,2026-10-02T23:55:59,faixa 400-650 mil
https://ce.olx.com.br/fortaleza-e-regiao/imoveis/apartamento-a-venda-com-78-metros-3-quartos-2-vagas-e-lazer-no-bairro-parquelandia-parqu-1538131244,olx,fortaleza,Parquelândia,,,,600000.0,78.0,7692.31,3,,Apartamento à venda com 78 metros 3 quartos 2 vagas e lazer  no Bairro Parquelândia  Parqu,,2026-10-02T23:56:00,faixa 400-650 mil
https://www.chavesnamao.com.br/imovel/apartamento-a-venda-3-quartos-com-garagem-ce-fortaleza-meireles-66m2-RS510000/id-46196454/,chavesnamao,fortaleza,Meireles,,,,510000.0,66.0,7727.27,3,,,,2026-10-02T23:55:54,faixa 400-650 mil
https://www.zapimoveis.com.br/imovel/venda-apartamento-3-quartos-com-academia-manoel-dias-branco-fortaleza-ce-75m2-id-2675332112/,zapimoveis,fortaleza,De Lourdes,-3.734089,-38.469562,exata,579896.0,75.0,7731.95,3,indefinido,,,2026-10-02T23:55:55,faixa 400-650 mil
https://ce.olx.com.br/fortaleza-e-regiao/imoveis/apartamento-no-edificio-belle-ville-1539057058,olx,fortaleza,Meireles,,,,620000.0,80.0,7750.0,3,,Apartamento no edifício Belle ville,,2026-10-02T23:55:59,faixa 400-650 mil
https://ce.olx.com.br/fortaleza-e-regiao/imoveis/apartamento-de-80m-no-meireles-com-2-suites-2-vagas-e-voltado-para-nascente-1540611383,olx,fortaleza,Meireles,,,,620000.0,80.0,7750.0,2,,"Apartamento de 80m² no Meireles, com 2 suítes, 2 vagas e voltado para nascente.",,2026-10-02T23:55:56,faixa 400-650 mil
https://ce.olx.com.br/fortaleza-e-regiao/imoveis/apartamento-500m-da-beira-mar-com-2-dormitorios-a-venda-80-m-por-r-655-000-meireles-1520097176,olx,fortaleza,Meireles,,,,620000.0,80.0,7750.0,2,,"Apartamento 500m da Beira Mar com 2 dormitórios à venda, 80 m² por R$ 655.000 - Meireles -",,2026-10-02T23:55:57,faixa 400-650 mil
https://ce.olx.com.br/fortaleza-e-regiao/imoveis/victoria-park-coco-nascente-projetado-liga-9-87-48-31-08-diego9989f-oportunidade-meireles-1468307527,olx,fortaleza,Cocó,,,,530000.0,68.0,7794.12,3,,Victoria Park Cocó nascente projetado liga 9 87 48 31 08 Diego9989f oportunidade Meireles,,2026-10-02T23:55:58,faixa 400-650 mil
https://www.zapimoveis.com.br/imovel/venda-apartamento-2-quartos-com-piscina-centro-fortaleza-ce-53m2-id-80689709/,zapimoveis,fortaleza,Centro,-3.723,-38.537,aproximada_portal,413771.0,53.0,7807.0,2,torre,,,2026-10-02T23:55:56,faixa 400-650 mil
https://ce.olx.com.br/fortaleza-e-regiao/imoveis/imovel-para-venda-tem-73-metros-quadrados-com-3-quartos-em-fatima-fortaleza-ce-1540236169,olx,fortaleza,Fátima,-3.7506955,-38.528453,centroide_bairro,570000.0,73.0,7808.22,3,,Imóvel para venda tem 73 metros quadrados com 3 quartos em Fátima - Fortaleza - CE,,2026-10-02T23:55:57,faixa 400-650 mil
https://ce.olx.com.br/fortaleza-e-regiao/imoveis/apartamento-de-69m-no-papicu-com-2-quartos-1-vaga-e-voltado-para-nascente-1538738508,olx,fortaleza,Papicu,,,,540000.0,69.0,7826.09,2,,"Apartamento de 69m² no Papicu, com 2 quartos, 1 vaga e voltado para Nascente.",,2026-10-02T23:55:59,faixa 400-650 mil
https://www.chavesnamao.com.br/imovel/apartamento-a-venda-2-quartos-com-garagem-ce-fortaleza-coco-54m2-RS407000/id-46463583/,chavesnamao,fortaleza,Cocó,,,,407000.0,52.0,7826.92,2,,,,2026-10-02T23:55:53,faixa 400-650 mil
https://ce.olx.com.br/fortaleza-e-regiao/imoveis/apartamento-com-3-quartos-a-venda-70-m-por-r-550-000-meireles-fortaleza-ce-1538317263,olx,fortaleza,Meireles,,,,550000.0,70.0,7857.14,3,,"Apartamento com 3 quartos à venda, 70 m² por R$ 550.000 - Meireles - Fortaleza/CE",,2026-10-02T23:55:59,faixa 400-650 mil
https://ce.olx.com.br/fortaleza-e-regiao/imoveis/imovel-para-venda-tem-70-metros-quadrados-com-3-quartos-em-dionisio-torres-fortaleza-c-1539754676,olx,fortaleza,Dionisio Torres,,,,550000.0,70.0,7857.14,3,,Imóvel para venda tem 70 metros quadrados com 3 quartos em Dionisio Torres - Fortaleza - C,,2026-10-02T23:55:58,faixa 400-650 mil
https://ce.olx.com.br/fortaleza-e-regiao/imoveis/01-apartamento-na-aldeota-1538210986,olx,fortaleza,Dionisio Torres,,,,550000.0,70.0,7857.14,3,,01 - Apartamento na Aldeota,,2026-10-02T23:56:00,faixa 400-650 mil
https://ce.olx.com.br/fortaleza-e-regiao/imoveis/celebration-residence-moveis-fixos-80m-2-suites-sala-ampliada-lazer-amplo-eds-1538283051,olx,fortaleza,Edson Queiroz,-3.7815425,-38.4769645,centroide_bairro,630000.0,80.0,7875.0,3,,Celebration Residence - Móveis Fixos - 80m² - 2 suítes + Sala Ampliada - Lazer Amplo - Eds,,2026-10-02T23:55:59,faixa 400-650 mil
https://ce.olx.com.br/fortaleza-e-regiao/imoveis/apartamento-projetado-de-52m-com-2-quartos-a-venda-no-cambeba-lago-jacarey-1538347009,olx,fortaleza,Cambeba,,,,410000.0,52.0,7884.62,2,,Apartamento Projetado de 52m² com 2 Quartos à Venda no Cambeba  Lago Jacarey,,2026-10-02T23:55:59,faixa 400-650 mil
https://ce.olx.com.br/fortaleza-e-regiao/imoveis/apartamento-com-2-dormitorios-a-venda-53-m-sapiranga-fortaleza-ce-1528227663,olx,fortaleza,Sapiranga-Coité,,,,417918.0,53.0,7885.25,2,,"Apartamento com 2 dormitórios à venda, 53 m² - Sapiranga - Fortaleza/CE",,2026-10-02T23:55:59,faixa 400-650 mil
https://www.chavesnamao.com.br/imovel/apartamento-a-venda-2-quartos-com-garagem-ce-fortaleza-sao-gerardo-51m2-RS404000/id-27397602/,chavesnamao,fortaleza,São Gerardo,,,,404000.0,51.0,7921.57,2,,,,2026-10-02T23:55:54,faixa 400-650 mil
https://ce.olx.com.br/fortaleza-e-regiao/imoveis/caravelle-2-4-1-vaga-fixa-varias-rotativas-vista-mar-mucuripe-meireles-beira-mar-feirinh-1436324102,olx,fortaleza,Mucuripe,,,,500002.0,63.0,7936.54,2,,Caravelle 2/4 1 vaga fixa + várias rotativas vista mar Mucuripe Meireles Beira mar feirinh,,2026-10-02T23:55:59,faixa 400-650 mil
https://ce.olx.com.br/fortaleza-e-regiao/imoveis/apartamento-para-venda-em-fortaleza-praia-do-futuro-2-dormitorios-1-suite-2-banheiros-1538356609,olx,fortaleza,Praia do Futuro II,-3.7473453333333335,-38.450445,centroide_bairro,549000.0,69.0,7956.52,2,,"Apartamento para Venda em Fortaleza, Praia do Futuro, 2 dormitórios, 1 suíte, 2 banheiros,",,2026-10-02T23:55:59,faixa 400-650 mil
https://www.zapimoveis.com.br/imovel/venda-apartamento-2-quartos-com-piscina-jose-de-alencar-fortaleza-ce-50m2-id-2869686749/,zapimoveis,fortaleza,José de Alencar,-3.814,-38.477,aproximada_portal,400000.0,50.0,8000.0,2,indefinido,,,2026-10-02T23:55:55,faixa 400-650 mil
https://ce.olx.com.br/fortaleza-e-regiao/imoveis/apartamento-para-venda-em-fortaleza-praia-do-futuro-2-dormitorios-2-banheiros-1-vaga-1540754785,olx,fortaleza,Praia do Futuro II,-3.7473453333333335,-38.450445,centroide_bairro,565000.0,70.0,8071.43,2,,"Apartamento para Venda em Fortaleza, Praia do Futuro, 2 dormitórios, 2 banheiros, 1 vaga",,2026-10-02T23:55:56,faixa 400-650 mil
https://www.zapimoveis.com.br/imovel/venda-apartamento-3-quartos-com-piscina-jose-bonifacio-fortaleza-ce-78m2-id-2826906734/,zapimoveis,fortaleza,José Bonifácio,-3.74149,-38.532416,exata,629999.0,78.0,8076.91,3,torre,,,2026-10-02T23:55:55,faixa 400-650 mil
https://ce.olx.com.br/fortaleza-e-regiao/imoveis/apartamento-a-venda-no-bairro-centro-condominio-vivendas-do-rio-branco-1539780533,olx,fortaleza,José Bonifácio,-3.73883,-38.532472,centroide_bairro,590000.0,73.0,8082.19,3,,Apartamento à venda no bairro Centro | Condomínio Vivendas do Rio Branco.,,2026-10-02T23:55:57,faixa 400-650 mil
https://ce.olx.com.br/fortaleza-e-regiao/imoveis/apartamento-no-jose-bonifacio-73m-590-mil-1539110044,olx,fortaleza,Parque Iracema,,,,590000.0,73.0,8082.19,3,,APARTAMENTO NO JOSÉ BONIFÁCIO - 73m² - 590 mil,,2026-10-02T23:55:59,faixa 400-650 mil
https://ce.olx.com.br/fortaleza-e-regiao/imoveis/place-des-cysnes-liga-9-87-48-31-08-diego9989f-dcelscorrei-rua-osvaldo-cruz-1000-oportunid-1504747652,olx,fortaleza,Aldeota,-3.736781,-38.505965,centroide_bairro,550000.0,68.0,8088.24,2,,"Place des Cysnes liga 9 87 48 31 08 Diego9989F dcelscorrei Rua Osvaldo Cruz,1000 oportunid",,2026-10-02T23:55:59,faixa 400-650 mil
https://ce.olx.com.br/fortaleza-e-regiao/imoveis/condominio-edificio-studio-1-flat-58m-meireles-r-470-000-00-1535844472,olx,fortaleza,Meireles,,,,470000.0,58.0,8103.45,1,,"Condomínio Edifício Studio 1 / FLAT 58m² Meireles R$ 470.000,00",,2026-10-02T23:55:56,faixa 400-650 mil
https://ce.olx.com.br/fortaleza-e-regiao/imoveis/portal-dos-ventos-nascente-65-metros-3-suites-2-vagas-lazer-amplo-luciano-cava-1538080229,olx,fortaleza,Engenheiro Luciano Cavalcante,-3.78156,-38.4836215,centroide_bairro,530000.0,65.0,8153.85,3,,Portal dos Ventos - Nascente - 65 metros - 3 suítes + 2 vagas - Lazer Amplo - Luciano Cava,,2026-10-02T23:56:00,faixa 400-650 mil
https://ce.olx.com.br/fortaleza-e-regiao/imoveis/portal-dos-ventos-nascente-mobiliado-65m-3-suites-2-vagas-lazer-luciano-cav-1538080090,olx,fortaleza,Engenheiro Luciano Cavalcante,-3.78156,-38.4836215,centroide_bairro,530000.0,65.0,8153.85,3,,Portal dos Ventos - Nascente - Mobiliado - 65m² - 3 suítes + 2 vagas - Lazer - Luciano Cav,,2026-10-02T23:56:00,faixa 400-650 mil
https://ce.olx.com.br/fortaleza-e-regiao/imoveis/apartamento-para-venda-em-fortaleza-dunas-2-dormitorios-1-suite-2-banheiros-2-vagas-1540484097,olx,fortaleza,De Lourdes,,,,620000.0,76.0,8157.89,2,,"Apartamento para Venda em Fortaleza, Dunas, 2 dormitórios, 1 suíte, 2 banheiros, 2 vagas",,2026-10-02T23:55:56,faixa 400-650 mil
https://ce.olx.com.br/fortaleza-e-regiao/imoveis/apto-com-2-quartos-a-venda-no-bairro-dunas-1540359380,olx,fortaleza,De Lourdes,,,,620000.0,76.0,8157.89,2,,Apto com 2 quartos a venda no bairro Dunas,,2026-10-02T23:55:57,faixa 400-650 mil
https://ce.olx.com.br/fortaleza-e-regiao/imoveis/prepare-a-mudanca-1540322240,olx,fortaleza,De Lourdes,,,,620000.0,76.0,8157.89,2,,PREPARE A MUDANÇA!!!,,2026-10-02T23:55:57,faixa 400-650 mil
https://ce.olx.com.br/fortaleza-e-regiao/imoveis/apartamento-projetado-talassa-dunas-1531832604,olx,fortaleza,De Lourdes,,,,620000.0,76.0,8157.89,2,,Apartamento projetado Talassa Dunas,,2026-10-02T23:55:57,faixa 400-650 mil
https://ce.olx.com.br/fortaleza-e-regiao/imoveis/apartamento-para-venda-com-63-metros-quadrados-com-2-quartos-em-praia-de-iracema-fortale-1521125788,olx,fortaleza,Praia de Iracema,,,,515000.0,63.0,8174.6,2,,Apartamento para venda com 63 metros quadrados com 2 quartos em Praia de Iracema - Fortale,,2026-10-02T23:55:59,faixa 400-650 mil
https://ce.olx.com.br/fortaleza-e-regiao/imoveis/apartamento-com-2-quartos-1-suite-a-venda-por-r-401-257-joquei-clube-fortaleza-ce-1539229365,olx,fortaleza,Jóquei Clube,,,,401257.0,49.0,8188.92,2,,Apartamento com 2 Quartos(1 Suíte) à Venda por R$ 401.257 - Jóquei Clube - Fortaleza/CE,,2026-10-02T23:55:59,faixa 400-650 mil
https://ce.olx.com.br/fortaleza-e-regiao/imoveis/apartamento-no-condominio-thalassa-dunas-residence-1485188956,olx,fortaleza,De Lourdes,,,,615000.0,75.0,8200.0,3,,Apartamento no Condomínio Thalassa Dunas Residence,,2026-10-02T23:55:54,faixa 400-650 mil
https://ce.olx.com.br/fortaleza-e-regiao/imoveis/apartamento-para-venda-em-fortaleza-dunas-3-dormitorios-2-banheiros-2-vagas-1538356638,olx,fortaleza,De Lourdes,,,,615000.0,75.0,8200.0,3,,"Apartamento para Venda em Fortaleza, Dunas, 3 dormitórios, 2 banheiros, 2 vagas",,2026-10-02T23:55:59,faixa 400-650 mil
https://ce.olx.com.br/fortaleza-e-regiao/imoveis/portal-do-parque-70-metros-3-quartos-1-vaga-portaria-presencial-24h-coco-1538288919,olx,fortaleza,Cocó,,,,575000.0,70.0,8214.29,3,,Portal do Parque - 70 metros - 3 quartos + 1 vaga - Portaria Presencial 24h - Cocó,,2026-10-02T23:55:59,faixa 400-650 mil
https://ce.olx.com.br/fortaleza-e-regiao/imoveis/apartamento-no-terreo-com-garden-condominio-estilo-dunas-1511872190,olx,fortaleza,Vicente Pinzon,,,,420000.0,51.0,8235.29,2,,Apartamento no térreo com garden / Condominio Estilo Dunas.,,2026-10-02T23:55:56,faixa 400-650 mil
https://ce.olx.com.br/fortaleza-e-regiao/imoveis/apartamentos-novos-na-melhor-localizacao-do-bairro-cambeba-fortaleza-ce-1538078301,olx,fortaleza,Messejana,,,,479955.0,58.0,8275.09,2,,"Apartamentos Novos na melhor localização do bairro Cambeba, Fortaleza-Ce.",,2026-10-02T23:56:00,faixa 400-650 mil
https://ce.olx.com.br/fortaleza-e-regiao/imoveis/apartamento-a-venda-em-fortaleza-praia-do-futuro-ii-com-2-quartos-com-58-m-1540604668,olx,fortaleza,Praia do Futuro II,-3.7473453333333335,-38.450445,centroide_bairro,480000.0,58.0,8275.86,2,,"Apartamento à venda em Fortaleza, Praia do Futuro II, com 2 quartos, com 58 m²",,2026-10-02T23:55:56,faixa 400-650 mil
https://ce.olx.com.br/fortaleza-e-regiao/imoveis/apartamento-a-venda-no-bairro-praia-do-futuro-condominio-beach-summer-residence-1539779658,olx,fortaleza,Praia do Futuro II,-3.7473453333333335,-38.450445,centroide_bairro,415674.0,50.0,8313.48,2,,Apartamento à venda no bairro Praia do Futuro | Condomínio Beach Summer Residence.,,2026-10-02T23:55:58,faixa 400-650 mil
https://ce.olx.com.br/fortaleza-e-regiao/imoveis/imovel-para-venda-com-51-metros-quadrados-com-2-quartos-em-sapiranga-coite-fortaleza-c-1461307661,olx,fortaleza,Sapiranga-Coité,,,,425000.0,51.0,8333.33,2,,Imóvel para venda com 51 metros quadrados com 2 quartos em Sapiranga-Coité - Fortaleza - C,,2026-10-02T23:55:54,faixa 400-650 mil
https://ce.olx.com.br/fortaleza-e-regiao/imoveis/jardins-de-atlantida-mobiliado-andar-alto-78-metros-3-quartos-lazer-completo-m-1540889658,olx,fortaleza,Mucuripe,,,,650000.0,78.0,8333.33,3,,Jardins de Atlântida - Mobiliado - Andar Alto - 78 metros - 3 quartos - Lazer Completo - M,,2026-10-02T23:55:54,faixa 400-650 mil
https://ce.olx.com.br/fortaleza-e-regiao/imoveis/imovel-para-venda-tem-49-metros-quadrados-com-2-quartos-em-cambeba-fortaleza-ce-1507458631,olx,fortaleza,Cambeba,,,,409000.0,49.0,8346.94,2,,Imóvel para venda tem 49 metros quadrados com 2 quartos em Cambeba - Fortaleza - CE,,2026-10-02T23:55:59,faixa 400-650 mil
https://ce.olx.com.br/fortaleza-e-regiao/imoveis/apartamento-vista-mar-cod0269-1368181692,olx,fortaleza,Meireles,,,,585000.0,70.0,8357.14,2,,Apartamento Vista Mar Cod0269,,2026-10-02T23:55:59,faixa 400-650 mil
https://ce.olx.com.br/fortaleza-e-regiao/imoveis/venda-parque-del-sol-edificio-malaga-70m-2-quartos-2-vagas-1520422300,olx,fortaleza,Parque Iracema,,,,585000.0,70.0,8357.14,2,,VENDA | Parque Del Sol | Edifício MÁLAGA | 70m² 2 Quartos 2 Vagas,,2026-10-02T23:55:57,faixa 400-650 mil
https://ce.olx.com.br/fortaleza-e-regiao/imoveis/vendo-apartamento-vitral-residence-clube-benfica-1536349298,olx,fortaleza,Benfica,,,,560000.0,67.0,8358.21,3,,Vendo apartamento Vitral Residence Clube - Benfica,,2026-10-02T23:55:56,faixa 400-650 mil
https://ce.olx.com.br/fortaleza-e-regiao/imoveis/apartamento-com-3-dormitorios-a-venda-61-m-fatima-fortaleza-ce-1540713031,olx,fortaleza,Parreão,,,,511040.0,61.0,8377.7,3,,"Apartamento com 3 dormitórios à venda, 61 m² - Fátima - Fortaleza/CE",,2026-10-02T23:55:56,faixa 400-650 mil
https://www.zapimoveis.com.br/imovel/venda-apartamento-3-quartos-mobiliado-fatima-fortaleza-ce-75m2-id-2781046432/,zapimoveis,fortaleza,Fátima,-3.756766,-38.525299,exata,629000.0,75.0,8386.67,3,torre,,,2026-10-02T23:55:55,faixa 400-650 mil
https://ce.olx.com.br/fortaleza-e-regiao/imoveis/apartamento-a-venda-no-helbor-parque-clube-1-69-m-3-quartos-mobiliado-e-nascente-1529494780,olx,fortaleza,Papicu,,,,580000.0,69.0,8405.8,3,,Apartamento à venda no Helbor Parque Clube 1 | 69 m² | 3 quartos | Mobiliado e Nascente,Helbor,2026-10-02T23:55:56,faixa 400-650 mil
https://ce.olx.com.br/fortaleza-e-regiao/imoveis/portal-do-parque-nascente-mobiliado-70m-2-quartos-sala-ampliada-portaria-24h-1538285787,olx,fortaleza,Cocó,,,,590000.0,70.0,8428.57,3,,Portal do Parque - Nascente - Mobiliado - 70m² - 2 quartos + Sala Ampliada - Portaria 24h,,2026-10-02T23:55:59,faixa 400-650 mil
https://www.zapimoveis.com.br/imovel/venda-apartamento-2-quartos-praia-do-futuro-ii-fortaleza-ce-53m2-id-2868806508/,zapimoveis,fortaleza,Praia do Futuro II,-3.726903,-38.460271,exata,447120.0,53.0,8436.23,2,indefinido,,,2026-10-02T23:55:55,faixa 400-650 mil
https://www.zapimoveis.com.br/imovel/venda-apartamento-2-quartos-mobiliado-aldeota-fortaleza-ce-68m2-id-2900350390/,zapimoveis,fortaleza,Aldeota,-3.734458,-38.500878,exata,580000.0,68.0,8529.41,2,torre,,,2026-10-02T23:55:56,faixa 400-650 mil
https://ce.olx.com.br/fortaleza-e-regiao/imoveis/villa-jardim-3qtos-2vgs-liga-9-87-48-31-08diego9989f-1521015001,olx,fortaleza,Fátima,-3.7506955,-38.528453,centroide_bairro,599001.0,70.0,8557.16,3,,Villa Jardim 3qtos 2vgs liga 9 87 48 31 08Diego9989F,,2026-10-02T23:55:59,faixa 400-650 mil
https://ce.olx.com.br/fortaleza-e-regiao/imoveis/apartamento-com-3-dormitorios-a-venda-70-m-por-r-600-000-00-fatima-fortaleza-ce-1539780481,olx,fortaleza,Fátima,-3.7506955,-38.528453,centroide_bairro,600000.0,70.0,8571.43,3,,"Apartamento com 3 dormitórios à venda, 70 m² por R$ 600.000,00 - Fátima - Fortaleza/CE",,2026-10-02T23:55:57,faixa 400-650 mil
https://www.chavesnamao.com.br/imovel/apartamento-a-venda-2-quartos-com-garagem-ce-fortaleza-parreao-RS411832/id-39998615/,chavesnamao,fortaleza,Parreão,,,,411832.0,48.0,8579.83,2,,,,2026-10-02T23:55:54,faixa 400-650 mil
https://ce.olx.com.br/fortaleza-e-regiao/imoveis/apartamento-no-condominio-belas-aguas-projetado-1537366738,olx,fortaleza,Mondubim,-3.817342,-38.569181,centroide_bairro,550000.0,64.0,8593.75,3,,Apartamento no Condomínio Belas Águas - Projetado,,2026-10-02T23:55:59,faixa 400-650 mil
https://ce.olx.com.br/fortaleza-e-regiao/imoveis/belas-aguas-apartamento-na-maraponga-em-fortaleza-ce-1538688874,olx,fortaleza,Mondubim,-3.817342,-38.569181,centroide_bairro,550000.0,64.0,8593.75,3,,BELAS ÁGUAS  APARTAMENTO NA MARAPONGA EM FORTALEZA/CE,,2026-10-02T23:55:59,faixa 400-650 mil
https://www.zapimoveis.com.br/imovel/venda-apartamento-3-quartos-com-piscina-passare-fortaleza-ce-60m2-id-2840135317/,zapimoveis,fortaleza,Passaré,-3.803618,-38.537864,exata,516000.0,60.0,8600.0,3,indefinido,,,2026-10-02T23:55:56,faixa 400-650 mil
https://www.chavesnamao.com.br/imovel/apartamento-a-venda-3-quartos-com-garagem-ce-fortaleza-cambeba-75m2-RS650000/id-43403211/,chavesnamao,fortaleza,Cambeba,,,,650000.0,75.0,8666.67,3,,,,2026-10-02T23:55:54,faixa 400-650 mil
https://ce.olx.com.br/fortaleza-e-regiao/imoveis/apartamento-72m-no-portal-do-parque-coco-1535061850,olx,fortaleza,Cocó,,,,625000.0,72.0,8680.56,3,,APARTAMENTO 72m² NO PORTAL DO PARQUE - COCÓ,,2026-10-02T23:55:54,faixa 400-650 mil
https://www.chavesnamao.com.br/imovel/apartamento-a-venda-2-quartos-com-garagem-ce-fortaleza-vicente-pinzon-RS530000/id-44116064/,chavesnamao,fortaleza,Vicente Pinzon,,,,530000.0,61.0,8688.52,2,,,,2026-10-02T23:55:53,faixa 400-650 mil
https://ce.olx.com.br/fortaleza-e-regiao/imoveis/vista-mar-2-suites-1-vaga-academia-liga-9-8-7-4-8-3-1-0-8-diego9989f-caravelle-av-abolicao-1522007867,olx,fortaleza,Mucuripe,,,,550001.0,63.0,8730.17,2,,Vista Mar 2 suítes 1 vaga academia liga 9 8 7 4 8 3 1 0 8 Diego9989f caravelle av abolição,,2026-10-02T23:55:56,faixa 400-650 mil
https://ce.olx.com.br/fortaleza-e-regiao/imoveis/a-melhor-oportunidade-imperdivel-de-todo-parque-del-sol-e-zona-sul-1538630659,olx,fortaleza,Parque Iracema,,,,620000.0,71.0,8732.39,2,,A melhor oportunidade imperdível de todo parque del sol e zona sul,,2026-10-02T23:55:59,faixa 400-650 mil
https://ce.olx.com.br/fortaleza-e-regiao/imoveis/apartamento-a-venda-no-bairro-praia-do-futuro-condominio-mood-praia-1539780105,olx,fortaleza,Praia do Futuro II,-3.7473453333333335,-38.450445,centroide_bairro,568000.0,65.0,8738.46,3,,Apartamento à venda no bairro Praia do Futuro | Condomínio Mood Praia.,,2026-10-02T23:55:58,faixa 400-650 mil
https://www.zapimoveis.com.br/imovel/venda-apartamento-3-quartos-mobiliado-presidente-kennedy-fortaleza-ce-64m2-id-2813817216/,zapimoveis,fortaleza,Presidente Kennedy,-3.723482,-38.5675,exata,560000.0,64.0,8750.0,3,torre,,,2026-10-02T23:55:56,faixa 400-650 mil
https://www.chavesnamao.com.br/imovel/apartamento-a-venda-2-quartos-com-garagem-ce-fortaleza-parreao-RS534946/id-46390088/,chavesnamao,fortaleza,Parreão,,,,534946.0,61.0,8769.61,2,,,,2026-10-02T23:55:54,faixa 400-650 mil
https://ce.olx.com.br/fortaleza-e-regiao/imoveis/imovel-a-venda-tem-74-metros-quadrados-com-3-quartos-em-cidade-dos-funcionarios-fortalez-1538790426,olx,fortaleza,Cidade dos Funcionários,,,,649000.0,74.0,8770.27,3,,Imóvel a venda tem 74 metros quadrados com 3 quartos em Cidade dos Funcionários - Fortalez,,2026-10-02T23:55:59,faixa 400-650 mil
https://www.chavesnamao.com.br/imovel/apartamento-a-venda-3-quartos-com-garagem-ce-fortaleza-jose-de-alencar-60m2-RS527578/id-24929306/,chavesnamao,fortaleza,José de Alencar,,,,527578.0,60.0,8792.97,3,,,,2026-10-02T23:55:54,faixa 400-650 mil
https://ce.olx.com.br/fortaleza-e-regiao/imoveis/apartamento-com-03-dormitorios-a-venda-67-m-por-r-580-000-benfica-fortaleza-ce-1539780257,olx,fortaleza,Benfica,,,,590000.0,67.0,8805.97,3,,"Apartamento com 03 dormitórios à venda, 67 m² por R$ 580.000 - Benfica - Fortaleza/CE",,2026-10-02T23:55:57,faixa 400-650 mil
https://www.chavesnamao.com.br/imovel/apartamento-a-venda-3-quartos-com-garagem-ce-fortaleza-presidente-kennedy-68m2-RS599000/id-25038375/,chavesnamao,fortaleza,Presidente Kennedy,-3.7283498571428573,-38.568002285714286,centroide_bairro,599000.0,68.0,8808.82,3,,,,2026-10-02T23:55:54,faixa 400-650 mil
https://ce.olx.com.br/fortaleza-e-regiao/imoveis/mood-boulevard-1538566019,olx,fortaleza,Presidente Kennedy,-3.7283498571428573,-38.568002285714286,centroide_bairro,467000.0,53.0,8811.32,2,,Mood Boulevard,,2026-10-02T23:55:57,faixa 400-650 mil
https://ce.olx.com.br/fortaleza-e-regiao/imoveis/apartamento-2-quartos-55-20m2-regency-park-centro-fortaleza-1091526033,olx,fortaleza,Centro,-3.7261276666666667,-38.53199966666667,centroide_bairro,485000.0,55.0,8818.18,2,,"Apartamento 2  quartos, 55,20m2,  Regency Park, Centro , Fortaleza",,2026-10-02T23:55:54,faixa 400-650 mil
https://ce.olx.com.br/fortaleza-e-regiao/imoveis/apartamento-com-3-quartos-a-venda-61-m-por-r-538-000-fatima-fortaleza-ce-1540746908,olx,fortaleza,Parreão,,,,538000.0,61.0,8819.67,3,,"Apartamento com 3 quartos à venda, 61 m² por R$ 538.000 - Fátima - Fortaleza/CE",,2026-10-02T23:55:56,faixa 400-650 mil
https://ce.olx.com.br/fortaleza-e-regiao/imoveis/apartamento-para-venda-em-fortaleza-ce-no-bairro-fatima-1538651675,olx,fortaleza,Parreão,,,,529843.0,60.0,8830.72,3,,Apartamento para Venda em Fortaleza / CE no bairro Fátima,,2026-10-02T23:55:59,faixa 400-650 mil
https://ce.olx.com.br/fortaleza-e-regiao/imoveis/green-village-70-metros-3-quartos-2-vagas-lazer-completo-aldeota-joaquim-tavora-1540754675,olx,fortaleza,Joaquim Távora,-3.7420945,-38.511335,centroide_bairro,620000.0,70.0,8857.14,3,,Green Village - 70 metros - 3 quartos + 2 vagas - Lazer Completo - Aldeota/Joaquim Távora,,2026-10-02T23:55:56,faixa 400-650 mil
https://ce.olx.com.br/fortaleza-e-regiao/imoveis/green-village-moveis-fixos-70m-3-quartos-2-vagas-lazer-completo-aldeota-joaqu-1540749003,olx,fortaleza,Joaquim Távora,-3.7420945,-38.511335,centroide_bairro,620000.0,70.0,8857.14,3,,Green Village - Móveis Fixos - 70m² - 3 quartos + 2 vagas - Lazer Completo - Aldeota/Joaqu,,2026-10-02T23:55:56,faixa 400-650 mil
https://ce.olx.com.br/fortaleza-e-regiao/imoveis/imovel-para-venda-com-70-metros-quadrados-com-3-quartos-em-joaquim-tavora-fortaleza-ce-1540550647,olx,fortaleza,Joaquim Távora,-3.7420945,-38.511335,centroide_bairro,620000.0,70.0,8857.14,3,,Imóvel para venda com 70 metros quadrados com 3 quartos em Joaquim Távora - Fortaleza - CE,,2026-10-02T23:55:56,faixa 400-650 mil
https://ce.olx.com.br/fortaleza-e-regiao/imoveis/cond-helbor-park-clube-fortaleza-apto-nascente-1520322550,olx,fortaleza,Papicu,,,,620000.0,70.0,8857.14,3,,Cond. Helbor Park Clube Fortaleza Apto Nascente,Helbor,2026-10-02T23:55:59,faixa 400-650 mil
https://ce.olx.com.br/fortaleza-e-regiao/imoveis/oferta-70m2-proximo-a-praia-liga-9-8-7-4-8-3-1-0-8-diego9989f-812933453,olx,fortaleza,Meireles,,,,620000.0,70.0,8857.14,2,,Oferta 70m2 próximo a praia. liga 9 8 7 4 8 3 1 0 8 Diego9989f,,2026-10-02T23:56:00,faixa 400-650 mil
https://ce.olx.com.br/fortaleza-e-regiao/imoveis/apartamento-a-venda-no-bairro-fatima-condominio-estilo-fatima-1539780240,olx,fortaleza,Parreão,,,,435200.0,49.0,8881.63,2,,Apartamento à venda no bairro Fátima | Condomínio Estilo Fátima.,,2026-10-02T23:55:57,faixa 400-650 mil
https://ce.olx.com.br/fortaleza-e-regiao/imoveis/apartamento-de-73m-no-luciano-cavalcante-com-2-quartos-2-vagas-paralelas-e-voltado-para-1540512998,olx,fortaleza,Engenheiro Luciano Cavalcante,-3.78156,-38.4836215,centroide_bairro,649000.0,73.0,8890.41,2,,"Apartamento de 73m² no Luciano Cavalcante, com 2 quartos, 2 vagas paralelas e voltado para",,2026-10-02T23:55:56,faixa 400-650 mil
https://ce.olx.com.br/fortaleza-e-regiao/imoveis/ed-varandas-de-iracema-praia-de-iracema-73m-02-quartos-vista-mar-1540761553,olx,fortaleza,Praia de Iracema,,,,650000.0,73.0,8904.11,2,,ED. VARANDAS DE IRACEMA | PRAIA DE IRACEMA | 73m² | 02 QUARTOS | VISTA MAR,,2026-10-02T23:55:56,faixa 400-650 mil
https://ce.olx.com.br/fortaleza-e-regiao/imoveis/apartamento-a-venda-no-bairro-centro-de-fortaleza-condominio-regency-park-1539780263,olx,fortaleza,Centro,-3.7261276666666667,-38.53199966666667,centroide_bairro,490000.0,55.0,8909.09,2,,Apartamento à venda no bairro Centro de Fortaleza | Condomínio Regency Park.,,2026-10-02T23:55:57,faixa 400-650 mil
https://ce.olx.com.br/fortaleza-e-regiao/imoveis/apartamento-a-venda-no-coco-fortaleza-1539807673,olx,fortaleza,Cocó,,,,625000.0,70.0,8928.57,2,,"Apartamento à venda no Cocó, Fortaleza",,2026-10-02T23:55:57,faixa 400-650 mil
https://ce.olx.com.br/fortaleza-e-regiao/imoveis/apartamento-a-venda-em-fortaleza-praia-do-futuro-ii-com-2-quartos-com-47-7-m-1540604677,olx,fortaleza,Praia do Futuro II,-3.7473453333333335,-38.450445,centroide_bairro,420000.0,47.0,8936.17,2,,"Apartamento à venda em Fortaleza, Praia do Futuro II, com 2 quartos, com 47.7 m²",,2026-10-02T23:55:56,faixa 400-650 mil
https://www.zapimoveis.com.br/imovel/venda-apartamento-2-quartos-mobiliado-presidente-kennedy-fortaleza-ce-52m2-id-2804138473/,zapimoveis,fortaleza,Presidente Kennedy,-3.723482,-38.5675,exata,465000.0,52.0,8942.31,2,indefinido,,,2026-10-02T23:55:55,faixa 400-650 mil
https://ce.olx.com.br/fortaleza-e-regiao/imoveis/apartamento-no-mirante-condominio-clube-praia-do-futuro-fortaleza-1539990132,olx,fortaleza,Praia do Futuro II,-3.7473453333333335,-38.450445,centroide_bairro,430000.0,48.0,8958.33,2,,"Apartamento no Mirante Condomínio Clube  Praia do Futuro, Fortaleza",,2026-10-02T23:55:57,faixa 400-650 mil
https://ce.olx.com.br/fortaleza-e-regiao/imoveis/apartamento-para-venda-em-fortaleza-praia-do-futuro-2-dormitorios-2-banheiros-1-vaga-1538356611,olx,fortaleza,Praia do Futuro II,-3.7473453333333335,-38.450445,centroide_bairro,440000.0,49.0,8979.59,2,,"Apartamento para Venda em Fortaleza, Praia do Futuro, 2 dormitórios, 2 banheiros, 1 vaga",,2026-10-02T23:55:59,faixa 400-650 mil
https://ce.olx.com.br/fortaleza-e-regiao/imoveis/apartamento-com-70-m-luciano-cavalcante-1539969811,olx,fortaleza,Engenheiro Luciano Cavalcante,-3.78156,-38.4836215,centroide_bairro,630000.0,70.0,9000.0,3,,Apartamento com 70 m² - Luciano Cavalcante,,2026-10-02T23:55:57,faixa 400-650 mil
https://ce.olx.com.br/fortaleza-e-regiao/imoveis/portal-de-leon-70-metros-2-suites-2-vagas-wc-servico-lazer-completo-parque-del-1540770812,olx,fortaleza,Parque Iracema,,,,630000.0,70.0,9000.0,2,,Portal de Leon - 70 metros - 2 suítes + 2 vagas + WC serviço - Lazer Completo - Parque del,,2026-10-02T23:55:56,faixa 400-650 mil
https://www.zapimoveis.com.br/imovel/venda-apartamento-3-quartos-com-piscina-centro-fortaleza-ce-61m2-id-2909686213/,zapimoveis,fortaleza,Centro,-3.731435,-38.521383,exata,550000.0,61.0,9016.39,3,indefinido,,,2026-10-02T23:55:55,faixa 400-650 mil
https://ce.olx.com.br/fortaleza-e-regiao/imoveis/apartamento-com-02-quartos-a-venda-no-bairro-gua-fria-m-lar-sul-1539779891,olx,fortaleza,Sapiranga-Coité,,,,461595.0,51.0,9050.88,2,,Apartamento com 02 quartos à venda no bairro Àgua Fria | M.Lar Sul.,,2026-10-02T23:55:58,faixa 400-650 mil
https://ce.olx.com.br/fortaleza-e-regiao/imoveis/apartamento-com-03-quartos-a-venda-no-bairro-luciano-cavalcante-residencial-galileia-1539862132,olx,fortaleza,Engenheiro Luciano Cavalcante,-3.78156,-38.4836215,centroide_bairro,643545.0,71.0,9064.01,3,,Apartamento com 03 quartos à venda no bairro Luciano Cavalcante | Residencial Galileia.,,2026-10-02T23:55:57,faixa 400-650 mil
https://ce.olx.com.br/fortaleza-e-regiao/imoveis/apartamento-3-quartos-na-parangaba-joquei-clube-excelente-para-morar-ou-investir-1540809283,olx,fortaleza,Jóquei Clube,,,,620000.0,68.0,9117.65,3,,Apartamento 3 Quartos na Parangaba/Joquei Clube - Excelente para morar ou investir!,,2026-10-02T23:55:54,faixa 400-650 mil
https://ce.olx.com.br/fortaleza-e-regiao/imoveis/apartamento-no-condominio-green-village-03-quartos-02-vagas-1538982219,olx,fortaleza,Joaquim Távora,-3.7420945,-38.511335,centroide_bairro,640000.0,70.0,9142.86,3,,"Apartamento no condomínio Green Village, 03 quartos, 02 vagas",,2026-10-02T23:55:59,faixa 400-650 mil
https://ce.olx.com.br/fortaleza-e-regiao/imoveis/imovel-para-venda-possui-70-metros-quadrados-com-2-quartos-em-meireles-fortaleza-ce-1505713634,olx,fortaleza,Meireles,,,,640000.0,70.0,9142.86,2,,Imóvel para venda possui 70 metros quadrados com 2 quartos em Meireles - Fortaleza - CE,,2026-10-02T23:55:57,faixa 400-650 mil
https://ce.olx.com.br/fortaleza-e-regiao/imoveis/residenziale-amalfi-60-metros-2-quartos-1-vaga-meireles-1540717926,olx,fortaleza,Meireles,,,,550000.0,60.0,9166.67,2,,Residenziale Amalfi - 60 metros - 2 quartos + 1 vaga - Meireles,,2026-10-02T23:55:56,faixa 400-650 mil
https://ce.olx.com.br/fortaleza-e-regiao/imoveis/residenziale-amalfi-mobiliado-e-reformado-60-metros-1-suite-com-sala-ampliada-meir-1540716990,olx,fortaleza,Meireles,,,,550000.0,60.0,9166.67,2,,Residenziale Amalfi - Mobiliado e Reformado - 60 metros - 1 suíte com Sala Ampliada - Meir,,2026-10-02T23:55:56,faixa 400-650 mil
https://ce.olx.com.br/fortaleza-e-regiao/imoveis/apartamento-a-venda-no-bairro-fatima-condominio-estilo-fatima-1539779722,olx,fortaleza,Parreão,,,,440000.0,48.0,9166.67,2,,Apartamento à venda no bairro Fátima | Condomínio Estilo Fátima.,,2026-10-02T23:55:58,faixa 400-650 mil
https://www.zapimoveis.com.br/imovel/venda-apartamento-1-quarto-com-salao-de-festas-meireles-fortaleza-ce-60m2-id-2915077471/,zapimoveis,fortaleza,Meireles,-3.725616,-38.508248,exata,550000.0,60.0,9166.67,1,torre,,,2026-10-02T23:55:56,faixa 400-650 mil
https://ce.olx.com.br/fortaleza-e-regiao/imoveis/apartamento-com-3-quartos-a-venda-68-m-por-r-624-000-presidente-kennedy-fortaleza-c-1538536397,olx,fortaleza,Presidente Kennedy,-3.7283498571428573,-38.568002285714286,centroide_bairro,624000.0,68.0,9176.47,3,,"Apartamento com 3 quartos à venda, 68 m² por R$ 624.000 - Presidente Kennedy - Fortaleza/C",,2026-10-02T23:55:59,faixa 400-650 mil
https://ce.olx.com.br/fortaleza-e-regiao/imoveis/apartamento-de-62m-no-meireles-com-2-suites-e-1-vaga-1538733820,olx,fortaleza,Meireles,,,,570000.0,62.0,9193.55,2,,Apartamento de 62m² no Meireles com 2 suítes e 1 vaga.,,2026-10-02T23:55:59,faixa 400-650 mil
https://www.zapimoveis.com.br/imovel/venda-apartamento-2-quartos-engenheiro-luciano-cavalcante-fortaleza-ce-65m2-id-2914871796/,zapimoveis,fortaleza,Engenheiro Luciano Cavalcante,-3.783098,-38.48364,exata,600000.0,65.0,9230.77,2,indefinido,,,2026-10-02T23:55:55,faixa 400-650 mil
https://ce.olx.com.br/fortaleza-e-regiao/imoveis/excelente-apartamento-com-3-quartos-para-venda-no-meireles-1540736162,olx,fortaleza,Meireles,,,,629000.0,68.0,9250.0,3,,Excelente Apartamento com 3 quartos para Venda no Meireles,,2026-10-02T23:55:56,faixa 400-650 mil
https://ce.olx.com.br/fortaleza-e-regiao/imoveis/3-quartos-1-suite-wc-social-e-servico-nascente-11andar-excelente-localizacao-1539735145,olx,fortaleza,Meireles,,,,630000.0,68.0,9264.71,3,,"3 quartos (1 suite ) wc social e serviço ,nascente , 11andar excelente localização.",,2026-10-02T23:55:59,faixa 400-650 mil
https://ce.olx.com.br/fortaleza-e-regiao/imoveis/edificio-saquarema-70-metros-2-quartos-1-vaga-academia-e-portaria-24h-meireles-1540767012,olx,fortaleza,Meireles,,,,650000.0,70.0,9285.71,2,,Edifício Saquarema - 70 metros - 2 quartos + 1 vaga - Academia e Portaria 24h - Meireles,,2026-10-02T23:55:56,faixa 400-650 mil
https://ce.olx.com.br/fortaleza-e-regiao/imoveis/apartamento-compacto-no-meireles-2-suites-1528721363,olx,fortaleza,Meireles,,,,550000.0,59.0,9322.03,2,,Apartamento Compacto no Meireles | 2 suítes,,2026-10-02T23:55:57,faixa 400-650 mil
https://ce.olx.com.br/fortaleza-e-regiao/imoveis/imovel-para-venda-com-59-metros-quadrados-com-2-quartos-em-meireles-fortaleza-ce-1539690790,olx,fortaleza,Meireles,,,,550000.0,59.0,9322.03,2,,Imóvel para venda com 59 metros quadrados com 2 quartos em Meireles - Fortaleza - CE,,2026-10-02T23:55:59,faixa 400-650 mil
https://ce.olx.com.br/fortaleza-e-regiao/imoveis/vg-fun-residence-a-venda-58-m-por-r-550-000-praia-do-futuro-fortaleza-ce-1538362646,olx,fortaleza,Praia do Futuro II,-3.7473453333333335,-38.450445,centroide_bairro,550000.0,59.0,9322.03,1,,"VG Fun Residence à venda, 58 m² por R$ 550.000 - Praia do Futuro - Fortaleza/CE",,2026-10-02T23:55:59,faixa 400-650 mil
https://www.zapimoveis.com.br/imovel/venda-apartamento-2-quartos-antonio-diogo-fortaleza-ce-59m2-id-2891474607/,zapimoveis,fortaleza,Praia do Futuro II,-3.759966,-38.443131,exata,550000.0,59.0,9322.03,2,indefinido,,,2026-10-02T23:55:55,faixa 400-650 mil
https://www.zapimoveis.com.br/imovel/venda-apartamento-2-quartos-com-piscina-presidente-kennedy-fortaleza-ce-53m2-id-2634683354/,zapimoveis,fortaleza,Presidente Kennedy,-3.730854,-38.56685,exata,495000.0,53.0,9339.62,2,torre,,,2026-10-02T23:55:56,faixa 400-650 mil
https://ce.olx.com.br/fortaleza-e-regiao/imoveis/repasse-mood-praia-oportunidade-imperdivel-no-litoral-1540989294,olx,fortaleza,Vicente Pinzon,,,,620000.0,66.0,9393.94,3,,Repasse - Mood Praia | Oportunidade Imperdível no Litoral,,2026-10-02T23:55:54,faixa 400-650 mil
https://ce.olx.com.br/fortaleza-e-regiao/imoveis/apartamento-com-3-quartos-a-venda-63-m-por-r-praia-do-futuro-fortaleza-ce-1538535922,olx,fortaleza,Praia do Futuro II,-3.7473453333333335,-38.450445,centroide_bairro,592000.0,63.0,9396.83,3,,"Apartamento com 3 quartos à venda, 63 m² por R$ - Praia do Futuro - Fortaleza/CE",,2026-10-02T23:55:59,faixa 400-650 mil
https://ce.olx.com.br/fortaleza-e-regiao/imoveis/apartamento-a-venda-no-bairro-centro-de-fortaleza-condominio-regency-park-1539779734,olx,fortaleza,Centro,-3.7261276666666667,-38.53199966666667,centroide_bairro,575000.0,61.0,9426.23,3,,Apartamento à venda no bairro Centro de Fortaleza | Condomínio Regency Park.,,2026-10-02T23:55:58,faixa 400-650 mil
https://ce.olx.com.br/fortaleza-e-regiao/imoveis/execelente-apto-com-vista-mar-no-centro-proximo-a-praia-1538619502,olx,fortaleza,Centro,-3.7261276666666667,-38.53199966666667,centroide_bairro,425000.0,45.0,9444.44,2,,Execelente apto com vista mar no Centro próximo à praia.,,2026-10-02T23:55:59,faixa 400-650 mil
https://www.chavesnamao.com.br/imovel/apartamento-a-venda-2-quartos-com-garagem-ce-fortaleza-presidente-kennedy-54m2-RS510000/id-45541755/,chavesnamao,fortaleza,Presidente Kennedy,-3.7283498571428573,-38.568002285714286,centroide_bairro,510000.0,54.0,9444.44,2,,,,2026-10-02T23:55:53,faixa 400-650 mil
https://ce.olx.com.br/fortaleza-e-regiao/imoveis/miraflor-com-tres-quartos-1540043404,olx,fortaleza,Papicu,,,,615000.0,65.0,9461.54,3,,Miraflor com três quartos.,,2026-10-02T23:55:57,faixa 400-650 mil
https://ce.olx.com.br/fortaleza-e-regiao/imoveis/incrivel--seano-beach-praia-do-futuro-1487554016,olx,fortaleza,Antônio Diogo,,,,465000.0,49.0,9489.8,2,,INCRIVEL!! - SEANO BEACH - PRAIA DO FUTURO,,2026-10-02T23:55:57,faixa 400-650 mil
https://ce.olx.com.br/fortaleza-e-regiao/imoveis/tulip-inn-saint-martin-60m2-2qtos-liga-9-8-7-4-8-3-1-0-8-diego-9989f-1280601573,olx,fortaleza,Meireles,,,,570000.0,60.0,9500.0,2,,"Tulip inn ""saint martin"" 60m2 2qtos liga 9 8 7 4 8 3 1 0 8 DIEGO 9989F",,2026-10-02T23:55:58,faixa 400-650 mil
https://ce.olx.com.br/fortaleza-e-regiao/imoveis/apartamento-de-61m-na-meireles-com-2-suites-e-1-vaga-1540617957,olx,fortaleza,Meireles,,,,580000.0,61.0,9508.2,2,,"Apartamento de 61m² na Meireles, com 2 suítes e 1 vaga.",,2026-10-02T23:55:56,faixa 400-650 mil
https://ce.olx.com.br/fortaleza-e-regiao/imoveis/ed-melissa-rua-manoel-jacare-liga-9-8-7-4-8-3-1-0-8-diego9989f-dplanos-1009027695,olx,fortaleza,Mucuripe,,,,650000.0,68.0,9558.82,3,,"Ed Melissa, Rua Manoel Jacaré liga 9 8 7 4 8 3 1 0 8 DIEGO9989F dplanos",,2026-10-02T23:55:58,faixa 400-650 mil
https://ce.olx.com.br/fortaleza-e-regiao/imoveis/flat-de-luxo-em-petropolis-natal-loft-1540991690,olx,fortaleza,Mucuripe,,,,421000.0,44.0,9568.18,1,,Flat de luxo em Petropolis Natal . Loft,,2026-10-02T23:55:54,faixa 400-650 mil
https://ce.olx.com.br/fortaleza-e-regiao/imoveis/imovel-para-venda-tem-55m2-com-2-quartos-em-coco-fortaleza-ce-1458531004,olx,fortaleza,Cocó,,,,528000.0,55.0,9600.0,2,,Imóvel para venda tem 55m2 com 2 quartos em Cocó - Fortaleza - CE,,2026-10-02T23:55:54,faixa 400-650 mil
https://ce.olx.com.br/fortaleza-e-regiao/imoveis/vendo-apartamento-miraflor-3-quartos-1538544077,olx,fortaleza,Presidente Kennedy,-3.7283498571428573,-38.568002285714286,centroide_bairro,625000.0,65.0,9615.38,3,,Vendo Apartamento Miraflor 3 Quartos,,2026-10-02T23:55:59,faixa 400-650 mil
https://ce.olx.com.br/fortaleza-e-regiao/imoveis/apartamento-de-62-m-com-2-suites-e-2-vagas-no-bairro-de-fatima-1538975550,olx,fortaleza,Fátima,-3.7506955,-38.528453,centroide_bairro,597000.0,62.0,9629.03,2,,Apartamento de 62 m² com 2 suítes e 2 vagas no Bairro de Fátima,,2026-10-02T23:55:59,faixa 400-650 mil
https://ce.olx.com.br/fortaleza-e-regiao/imoveis/vende-1525420587,olx,fortaleza,Meireles,,,,580000.0,60.0,9666.67,2,,Vende,,2026-10-02T23:55:56,faixa 400-650 mil
https://ce.olx.com.br/fortaleza-e-regiao/imoveis/apartamento-venda-cambeba-3-qtos-2-wc-2-vagas-1538948935,olx,fortaleza,Cambeba,,,,620000.0,64.0,9687.5,3,,"APARTAMENTO À VENDA | CAMBEBA | 3 QTOS, 2 WC, 2 VAGAS",,2026-10-02T23:55:57,faixa 400-650 mil
https://ce.olx.com.br/fortaleza-e-regiao/imoveis/scala-residenza-flat-tipo-loft-liga-9-8-7-4-8-3-1-0-8-diego-9989f-1082965962,olx,fortaleza,Mucuripe,,,,430000.0,44.0,9772.73,1,,Scala Residenza flat tipo loft liga 9 8 7 4 8 3 1 0 8 DIEGO 9989F,,2026-10-02T23:55:59,faixa 400-650 mil
https://ce.olx.com.br/fortaleza-e-regiao/imoveis/apartamento-para-venda-em-fortaleza-jardim-cearense-2-dormitorios-1-suite-2-banheiros-1538356677,olx,fortaleza,Jardim Cearense,,,,550000.0,56.0,9821.43,2,,"Apartamento para Venda em Fortaleza, Jardim Cearense, 2 dormitórios, 1 suíte, 2 banheiros,",,2026-10-02T23:55:59,faixa 400-650 mil
https://www.zapimoveis.com.br/imovel/venda-apartamento-2-quartos-com-piscina-presidente-kennedy-fortaleza-ce-53m2-id-2886956896/,zapimoveis,fortaleza,Presidente Kennedy,-3.729927,-38.567113,exata,522000.0,53.0,9849.06,2,torre,,,2026-10-02T23:55:55,faixa 400-650 mil
https://ce.olx.com.br/fortaleza-e-regiao/imoveis/flat-venda-no-meireles-fortaleza-1521808844,olx,fortaleza,Meireles,,,,525000.0,53.0,9905.66,2,,"Flat À VENDA no Meireles, Fortaleza",,2026-10-02T23:55:54,faixa 400-650 mil
https://www.chavesnamao.com.br/imovel/apartamento-a-venda-2-quartos-com-garagem-ce-fortaleza-engenheiro-luciano-cavalcante-RS545000/id-45945634/,chavesnamao,fortaleza,Engenheiro Luciano Cavalcante,-3.78156,-38.4836215,centroide_bairro,545000.0,55.0,9909.09,2,,,,2026-10-02T23:55:53,faixa 400-650 mil
https://ce.olx.com.br/fortaleza-e-regiao/imoveis/roma-3-4-1vg-ana-bilhar-esq-frei-mansueto-ana-bilhar-1295-meireles-djoild-1519087723,olx,fortaleza,Meireles,,,,595001.0,60.0,9916.68,3,,"Roma 3/4 1vg Ana bilhar esq.frei Mansueto. Ana bilhar, 1295. Meireles djoild",,2026-10-02T23:55:59,faixa 400-650 mil
https://ce.olx.com.br/fortaleza-e-regiao/imoveis/lindo-apartamento-no-meireles-1540437460,olx,fortaleza,Meireles,,,,645000.0,65.0,9923.08,3,,Lindo apartamento no Meireles,,2026-10-02T23:55:57,faixa 400-650 mil
https://ce.olx.com.br/fortaleza-e-regiao/imoveis/apartamento-de-60m-no-meireles-com-3-quartos-e-1-vaga-1540798807,olx,fortaleza,Meireles,,,,599000.0,60.0,9983.33,3,,"Apartamento de 60m² no Meireles, com 3 quartos e 1 vaga.",,2026-10-02T23:55:54,faixa 400-650 mil
https://ce.olx.com.br/fortaleza-e-regiao/imoveis/apartamento-no-meireles-com-60m-com-1-suite-e-1-vaga-1540618517,olx,fortaleza,Meireles,,,,599000.0,60.0,9983.33,1,,"Apartamento no Meireles, com 60m² com 1 suíte e 1 vaga.",,2026-10-02T23:55:56,faixa 400-650 mil
https://ce.olx.com.br/fortaleza-e-regiao/imoveis/apartamento-a-venda-em-fortaleza-praia-do-futuro-ii-com-2-quartos-com-53-m-1540604621,olx,fortaleza,Praia do Futuro II,-3.7473453333333335,-38.450445,centroide_bairro,530000.0,53.0,10000.0,2,,"Apartamento à venda em Fortaleza, Praia do Futuro II, com 2 quartos, com 53 m²",,2026-10-02T23:55:56,faixa 400-650 mil
https://ce.olx.com.br/fortaleza-e-regiao/imoveis/45m2-meireles-mucuripe-d719-liga-9-8-7-4-8-3-1-0-8-diego9989f-oportunidade-meireles--730422331,olx,fortaleza,Meireles,,,,450000.0,45.0,10000.0,1,,"45m2 Meireles, Mucuripe d719 liga 9 8 7 4 8 3 1 0 8 Diego9989f OPORTUNIDADE MEIRELES  -_-",,2026-10-02T23:55:58,faixa 400-650 mil
https://www.zapimoveis.com.br/imovel/venda-apartamento-2-quartos-mobiliado-papicu-fortaleza-ce-65m2-id-2896028014/,zapimoveis,fortaleza,Papicu,-3.738204,-38.473088,exata,650000.0,65.0,10000.0,2,torre,,,2026-10-02T23:55:56,faixa 400-650 mil
https://ce.olx.com.br/fortaleza-e-regiao/imoveis/meireles-com-vista-mar-liga-9-8-7-4-8-3-1-0-8-diego9989f-tulip-inn-819844916,olx,fortaleza,Meireles,,,,403000.0,40.0,10075.0,1,,Meireles com vista Mar liga 9 8 7 4 8 3 1 0 8 Diego9989f tulip inn,,2026-10-02T23:55:58,faixa 400-650 mil
https://ce.olx.com.br/fortaleza-e-regiao/imoveis/edificio-terra-brasilis-62-metros-3-quartos-2-vagas-lazer-amplo-portaria-24h-a-1540788469,olx,fortaleza,Aldeota,-3.736781,-38.505965,centroide_bairro,625000.0,62.0,10080.65,3,,Edifício Terra Brasilis - 62 metros - 3 quartos + 2 vagas - Lazer Amplo - Portaria 24h - A,,2026-10-02T23:55:54,faixa 400-650 mil
https://ce.olx.com.br/fortaleza-e-regiao/imoveis/apartamento-com-lazer-liga-9-87-48-31-08-diego9989f-oportunidade-tulip-inn-1383746199,olx,fortaleza,Mucuripe,,,,404000.0,40.0,10100.0,1,,Apartamento com lazer liga 9 87 48 31 08 DIEGO9989F OPORTUNIDADE TULIP INN,,2026-10-02T23:55:58,faixa 400-650 mil
https://ce.olx.com.br/fortaleza-e-regiao/imoveis/tempo-limitado-de-r-629-000-por-548-000-2-quartos-completo-e-pronto-para-morar-1524190473,olx,fortaleza,Edson Queiroz,-3.7815425,-38.4769645,centroide_bairro,548000.0,54.0,10148.15,2,,TEMPO LIMITADO! | De R$ 629.000 por 548.000 | 2 Quartos | Completo e Pronto para Morar,,2026-10-02T23:55:56,faixa 400-650 mil
https://ce.olx.com.br/fortaleza-e-regiao/imoveis/apartamento-em-edson-queiroz-fortaleza-1538961239,olx,fortaleza,Edson Queiroz,-3.7815425,-38.4769645,centroide_bairro,548000.0,54.0,10148.15,2,,Apartamento em Edson Queiroz - Fortaleza,,2026-10-02T23:55:59,faixa 400-650 mil
https://ce.olx.com.br/fortaleza-e-regiao/imoveis/apartamento-benfica-02-quartos-1538304171,olx,fortaleza,Benfica,,,,579000.0,57.0,10157.89,2,,"Apartamento, Benfica, 02 Quartos",,2026-10-02T23:55:59,faixa 400-650 mil
https://ce.olx.com.br/fortaleza-e-regiao/imoveis/apartamento-idealizado-para-experiencias-inesqueciveis-inovatto-1525876114,olx,fortaleza,Parque Iracema,,,,559000.0,55.0,10163.64,2,,Apartamento idealizado para experiências inesquecíveis / INOVATTO,,2026-10-02T23:56:00,faixa 400-650 mil
https://ce.olx.com.br/fortaleza-e-regiao/imoveis/vista-mar-2-quartos-liga-9-8-7-4-8-3-1-0-8-diego9989f-tulipinn-966999994,olx,fortaleza,Meireles,,,,560000.0,55.0,10181.82,2,,Vista Mar 2 quartos liga 9 8 7 4 8 3 1 0 8 Diego9989f tulipinn,,2026-10-02T23:55:58,faixa 400-650 mil
https://www.chavesnamao.com.br/imovel/apartamento-a-venda-2-quartos-com-garagem-ce-fortaleza-praia-do-futuro-ii-RS499000/id-45574008/,chavesnamao,fortaleza,Praia do Futuro II,-3.7473453333333335,-38.450445,centroide_bairro,499000.0,49.0,10183.67,2,,,,2026-10-02T23:55:53,faixa 400-650 mil
https://www.zapimoveis.com.br/imovel/venda-apartamento-2-quartos-com-piscina-praia-do-futuro-ii-fortaleza-ce-50m2-id-2913956372/,zapimoveis,fortaleza,Praia do Futuro II,-3.755167,-38.447933,exata,515000.0,50.0,10300.0,2,torre,,,2026-10-02T23:55:55,faixa 400-650 mil
https://www.chavesnamao.com.br/imovel/apartamento-a-venda-2-quartos-com-garagem-ce-fortaleza-aldeota-RS650000/id-46490788/,chavesnamao,fortaleza,Aldeota,-3.736781,-38.505965,centroide_bairro,650000.0,63.0,10317.46,2,,,,2026-10-02T23:55:54,faixa 400-650 mil
https://ce.olx.com.br/fortaleza-e-regiao/imoveis/apartamento-com-3-dormitorios-a-venda-60-m-por-r-619-118-00-cambeba-fortaleza-ce-1539780471,olx,fortaleza,Cambeba,,,,619118.0,60.0,10318.63,3,,"Apartamento com 3 dormitórios à venda, 60 m² por R$ 619.118,00 - Cambeba - Fortaleza/CE",,2026-10-02T23:55:57,faixa 400-650 mil
https://ce.olx.com.br/fortaleza-e-regiao/imoveis/apartamento-a-venda-no-bairro-praia-do-futuro-condominio-mood-praia-1539780151,olx,fortaleza,Praia do Futuro II,-3.7473453333333335,-38.450445,centroide_bairro,548000.0,53.0,10339.62,2,,Apartamento à venda no bairro Praia do Futuro | Condomínio Mood Praia.,,2026-10-02T23:55:58,faixa 400-650 mil
https://ce.olx.com.br/fortaleza-e-regiao/imoveis/green-village-56-metros-2-quartos-1-vaga-lazer-completo-aldeota-joaquim-tavora-1540754774,olx,fortaleza,Joaquim Távora,-3.7420945,-38.511335,centroide_bairro,580000.0,56.0,10357.14,2,,Green Village - 56 metros - 2 quartos + 1 vaga - Lazer Completo - Aldeota/Joaquim Távora,,2026-10-02T23:55:56,faixa 400-650 mil
https://ce.olx.com.br/fortaleza-e-regiao/imoveis/hortus-maraponga-2-quartos-56m-maraponga-fortaleza-ce-1540753793,olx,fortaleza,Jardim Cearense,,,,580000.0,56.0,10357.14,2,,"Hortus Maraponga, 2 quartos, 56m², Maraponga, Fortaleza/CE",,2026-10-02T23:55:56,faixa 400-650 mil
https://ce.olx.com.br/fortaleza-e-regiao/imoveis/apto-para-vender-na-cidade-de-fortaleza-ce-1540225401,olx,fortaleza,Benfica,,,,580000.0,56.0,10357.14,2,,APTO para vender na cidade de FORTALEZA-CE,,2026-10-02T23:55:57,faixa 400-650 mil
https://ce.olx.com.br/fortaleza-e-regiao/imoveis/apartamento-de-55m-no-joaquim-tavora-com-2-quartos-novo-recem-entregue-na-garantia-da-c-1540524495,olx,fortaleza,Joaquim Távora,-3.7420945,-38.511335,centroide_bairro,570000.0,55.0,10363.64,2,,"Apartamento de 55m² no Joaquim Távora, com 2 quartos, novo recém entregue na garantia da c",,2026-10-02T23:55:56,faixa 400-650 mil
https://ce.olx.com.br/fortaleza-e-regiao/imoveis/apartamento-com-2-quartos-a-venda-55-m-por-r-570-000-coco-fortaleza-ce-1538536440,olx,fortaleza,Cocó,,,,570000.0,55.0,10363.64,2,,"Apartamento com 2 quartos à venda, 55 m² por R$ 570.000 - Cocó - Fortaleza/CE",,2026-10-02T23:55:59,faixa 400-650 mil
https://ce.olx.com.br/fortaleza-e-regiao/imoveis/oferta-top-2-quartos-vista-mar-liga-9-8-7-4-8-3-1-0-8-diego9989f-tulipinn-966997745,olx,fortaleza,Meireles,,,,570000.0,55.0,10363.64,2,,Oferta top 2 quartos vista Mar liga 9 8 7 4 8 3 1 0 8 Diego9989f tulipinn,,2026-10-02T23:55:58,faixa 400-650 mil
https://ce.olx.com.br/fortaleza-e-regiao/imoveis/apartamento-48m-edificio-praca-da-luz-centro-de-fortaleza-1540651571,olx,fortaleza,Benfica,,,,500000.0,48.0,10416.67,1,,APARTAMENTO 48m² | EDIFÍCIO PRAÇA DA LUZ | CENTRO DE FORTALEZA,,2026-10-02T23:55:56,faixa 400-650 mil
https://www.chavesnamao.com.br/imovel/apartamento-a-venda-2-quartos-com-garagem-ce-fortaleza-cidade-dos-funcionarios-58m2-RS606195/id-43755632/,chavesnamao,fortaleza,Cidade dos Funcionários,,,,606195.0,58.0,10451.64,2,,,,2026-10-02T23:55:54,faixa 400-650 mil
https://www.zapimoveis.com.br/imovel/venda-apartamento-2-quartos-com-piscina-jose-bonifacio-fortaleza-ce-55m2-id-2615631620/,zapimoveis,fortaleza,José Bonifácio,-3.734,-38.531,aproximada_portal,575000.0,55.0,10454.55,2,torre,,,2026-10-02T23:55:56,faixa 400-650 mil
https://www.zapimoveis.com.br/imovel/venda-apartamento-2-quartos-com-piscina-presidente-kennedy-fortaleza-ce-52m2-id-2886962074/,zapimoveis,fortaleza,Presidente Kennedy,-3.723481,-38.566958,exata,545000.0,52.0,10480.77,2,torre,,,2026-10-02T23:55:55,faixa 400-650 mil
https://ce.olx.com.br/fortaleza-e-regiao/imoveis/terra-brasilis-andar-alto-62-metros-3-quartos-2-vagas-lazer-amplo-aldeota-1540785216,olx,fortaleza,Aldeota,-3.736781,-38.505965,centroide_bairro,650000.0,62.0,10483.87,3,,Terra Brasilis - Andar Alto - 62 metros - 3 quartos + 2 vagas - Lazer Amplo - Aldeota,,2026-10-02T23:55:54,faixa 400-650 mil
https://ce.olx.com.br/fortaleza-e-regiao/imoveis/praia-mansa-suite-hotel-meireles-1538090086,olx,fortaleza,Meireles,,,,620000.0,59.0,10508.47,2,,Praia Mansa Suite Hotel ? Meireles,,2026-10-02T23:56:00,faixa 400-650 mil
https://ce.olx.com.br/fortaleza-e-regiao/imoveis/apartamento-novo-2-suites-parque-del-sol-inspiratto-condominium-fortaleza-ce-1540724686,olx,fortaleza,Parque Iracema,,,,580000.0,55.0,10545.45,2,,Apartamento NOVO - 2 Suítes  Parque Del Sol  Inspiratto Condominium - Fortaleza / CE,,2026-10-02T23:55:56,faixa 400-650 mil
https://ce.olx.com.br/fortaleza-e-regiao/imoveis/apartamento-a-venda-em-fortaleza-parque-iracema-com-2-suites-com-55-m-inspiratto-cond-1540604678,olx,fortaleza,Parque Iracema,,,,580000.0,55.0,10545.45,2,,"Apartamento à venda em Fortaleza, Parque Iracema, com 2 suítes, com 55 m², Inspiratto Cond",,2026-10-02T23:55:56,faixa 400-650 mil
https://www.zapimoveis.com.br/imovel/venda-apartamento-2-quartos-mobiliado-cambeba-fortaleza-ce-52m2-id-2913649728/,zapimoveis,fortaleza,Cambeba,-3.806022,-38.487895,exata,550000.0,52.0,10576.92,2,torre,,,2026-10-02T23:55:56,faixa 400-650 mil
https://ce.olx.com.br/fortaleza-e-regiao/imoveis/apartamento-na-aldeota-excelente-localizacao-1538593867,olx,fortaleza,Aldeota,-3.736781,-38.505965,centroide_bairro,650000.0,61.0,10655.74,3,,Apartamento na Aldeota - Excelente Localização,,2026-10-02T23:55:59,faixa 400-650 mil
https://ce.olx.com.br/fortaleza-e-regiao/imoveis/vendo-apartamento-1531465389,olx,fortaleza,Meireles,,,,640000.0,60.0,10666.67,2,,VENDO APARTAMENTO,,2026-10-02T23:55:59,faixa 400-650 mil
https://ce.olx.com.br/fortaleza-e-regiao/imoveis/vendo-apartamento-com-53m-2-quartos-no-bairro-kennedy-fortaleza-ceara-1539606474,olx,fortaleza,Presidente Kennedy,-3.7283498571428573,-38.568002285714286,centroide_bairro,567000.0,53.0,10698.11,2,,"VENDO APARTAMENTO COM 53m², 2 QUARTOS NO BAIRRO KENNEDY - FORTALEZA - CEARÁ",,2026-10-02T23:55:59,faixa 400-650 mil
https://ce.olx.com.br/fortaleza-e-regiao/imoveis/vendo-apartamento-com-53m-2-quartos-no-bairro-kennedy-fortaleza-ceara-1538453133,olx,fortaleza,Presidente Kennedy,-3.7283498571428573,-38.568002285714286,centroide_bairro,567000.0,53.0,10698.11,2,,"VENDO APARTAMENTO COM 53m², 2 QUARTOS NO BAIRRO KENNEDY - FORTALEZA - CEARÁ",,2026-10-02T23:55:59,faixa 400-650 mil
https://ce.olx.com.br/fortaleza-e-regiao/imoveis/green-village-andar-alto-56-metros-2-quartos-lazer-completo-aldeota-joaquim-tavo-1540749146,olx,fortaleza,Joaquim Távora,-3.7420945,-38.511335,centroide_bairro,600000.0,56.0,10714.29,2,,Green Village - Andar Alto - 56 metros - 2 quartos - Lazer Completo - Aldeota/Joaquim Távo,,2026-10-02T23:55:56,faixa 400-650 mil
https://ce.olx.com.br/fortaleza-e-regiao/imoveis/parque-del-sol-1540433485,olx,fortaleza,Parque Iracema,,,,590000.0,55.0,10727.27,2,,PARQUE DEL SOL,,2026-10-02T23:55:57,faixa 400-650 mil
https://ce.olx.com.br/fortaleza-e-regiao/imoveis/flat-2-quartos-liga-9-8-7-4-8-3-1-0-8-diego9989f-tulip-inn-966988822,olx,fortaleza,Meireles,,,,570000.0,53.0,10754.72,2,,flat 2 quartos liga 9 8 7 4 8 3 1 0 8 Diego9989f tulip inn,,2026-10-02T23:55:58,faixa 400-650 mil
https://ce.olx.com.br/fortaleza-e-regiao/imoveis/tulip-inn-saint-martin-2-quartos-liga-9-8-7-4-8-3-1-0-8-diego9989f-966990121,olx,fortaleza,Meireles,,,,570000.0,53.0,10754.72,2,,Tulip Inn  Saint Martin 2 quartos liga 9 8 7 4 8 3 1 0 8 Diego9989f,,2026-10-02T23:55:59,faixa 400-650 mil
https://ce.olx.com.br/fortaleza-e-regiao/imoveis/apartamento-a-venda-no-condominio-vista-mar-praia-do-futuro-1538304174,olx,fortaleza,Praia do Futuro II,-3.7473453333333335,-38.450445,centroide_bairro,549000.0,51.0,10764.71,2,,Apartamento à Venda no Condomínio Vista Mar - Praia do Futuro,,2026-10-02T23:55:59,faixa 400-650 mil
https://ce.olx.com.br/fortaleza-e-regiao/imoveis/apartamento-no-condominio-parque-de-fatima-bairro-de-fatima-fortaleza-1540647320,olx,fortaleza,Fátima,-3.7506955,-38.528453,centroide_bairro,540000.0,50.0,10800.0,2,,"Apartamento no Condomínio Parque de Fátima  Bairro de Fátima, Fortaleza",,2026-10-02T23:55:56,faixa 400-650 mil
https://www.zapimoveis.com.br/imovel/venda-apartamento-2-quartos-com-varanda-edson-queiroz-fortaleza-ce-54m2-id-2900393025/,zapimoveis,fortaleza,Edson Queiroz,-3.775,-38.476,aproximada_portal,585000.0,54.0,10833.33,2,indefinido,,,2026-10-02T23:55:55,faixa 400-650 mil
https://www.zapimoveis.com.br/imovel/venda-apartamento-2-quartos-com-piscina-engenheiro-luciano-cavalcante-fortaleza-ce-43m2-id-2915184035/,zapimoveis,fortaleza,Engenheiro Luciano Cavalcante,-3.780022,-38.483603,exata,466018.0,43.0,10837.63,2,indefinido,,,2026-10-02T23:55:55,faixa 400-650 mil
https://ce.olx.com.br/fortaleza-e-regiao/imoveis/apartamento-com-2-quartos-a-venda-53-m-por-r-575-000-presidente-kennedy-fortaleza-c-1538536834,olx,fortaleza,Presidente Kennedy,-3.7283498571428573,-38.568002285714286,centroide_bairro,575000.0,53.0,10849.06,2,,"Apartamento com 2 quartos à venda, 53 m² por R$ 575.000 - Presidente Kennedy - Fortaleza/C",,2026-10-02T23:55:59,faixa 400-650 mil
https://ce.olx.com.br/fortaleza-e-regiao/imoveis/vendo-apartamento-com-55m-2-quartos-no-bairro-benfica-fortaleza-ceara-1539576793,olx,fortaleza,Benfica,,,,600000.0,55.0,10909.09,2,,"VENDO APARTAMENTO COM 55m², 2 QUARTOS, NO BAIRRO BENFICA - FORTALEZA - CEARÁ",,2026-10-02T23:55:59,faixa 400-650 mil
https://www.zapimoveis.com.br/imovel/venda-apartamento-2-quartos-com-churrasqueira-centro-fortaleza-ce-55m2-id-2605617095/,zapimoveis,fortaleza,José Bonifácio,-3.741,-38.534,aproximada_portal,603806.0,55.0,10978.29,2,indefinido,,,2026-10-02T23:55:56,faixa 400-650 mil
https://ce.olx.com.br/fortaleza-e-regiao/imoveis/imovel-para-venda-com-59-metros-quadrados-com-2-quartos-em-meireles-fortaleza-ce-1538583295,olx,fortaleza,Meireles,,,,650000.0,59.0,11016.95,2,,Imóvel para venda com 59 metros quadrados com 2 quartos em Meireles - Fortaleza - CE,,2026-10-02T23:55:59,faixa 400-650 mil
https://ce.olx.com.br/fortaleza-e-regiao/imoveis/apartamento-com-1-suite-a-venda-47-m-por-r-479-000-meireles-fortaleza-ce-1512583713,olx,fortaleza,Meireles,,,,519000.0,47.0,11042.55,1,,"Apartamento com 1 Suíte à Venda, 47 m² por R$ 479.000 - Meireles - Fortaleza/CE",,2026-10-02T23:55:56,faixa 400-650 mil
https://ce.olx.com.br/fortaleza-e-regiao/imoveis/apartamento-1-suite-coco-area-de-lazer-completa-1512818537,olx,fortaleza,Cidade 2000,,,,475000.0,43.0,11046.51,1,,Apartamento 1 Suíte Cocó Área de lazer completa,,2026-10-02T23:55:57,faixa 400-650 mil
https://ce.olx.com.br/fortaleza-e-regiao/imoveis/apartamento-1-suite-43m-varandao-nascente-coco-1512818428,olx,fortaleza,Cidade 2000,,,,475000.0,43.0,11046.51,1,,Apartamento 1 suíte 43m² varandão NASCENTE COCÓ,,2026-10-02T23:55:57,faixa 400-650 mil
https://ce.olx.com.br/fortaleza-e-regiao/imoveis/tulip-inn-2-quartos-liga-9-8-7-4-8-3-1-0-8-diego9989f-966993787,olx,fortaleza,Meireles,,,,610000.0,55.0,11090.91,2,,Tulip inn 2 quartos liga 9 8 7 4 8 3 1 0 8 Diego9989f,,2026-10-02T23:55:58,faixa 400-650 mil
https://ce.olx.com.br/fortaleza-e-regiao/imoveis/2-quartos-flat-liga-9-8-7-4-8-3-1-0-8-diego9989f-tulip-inn-saint-966994681,olx,fortaleza,Dionisio Torres,,,,610000.0,55.0,11090.91,2,,2 quartos flat liga 9 8 7 4 8 3 1 0 8 Diego9989f tulip inn saint,,2026-10-02T23:55:59,faixa 400-650 mil
https://ce.olx.com.br/fortaleza-e-regiao/imoveis/procurando-encontrou-liga-9-8-7-4-8-3-1-0-8-diego9989f-scala-fotos-ilustrativas-pesquisa-918359422,olx,fortaleza,Meireles,,,,500001.0,45.0,11111.13,1,,"Procurando, encontrou! liga 9 8 7 4 8 3 1 0 8 Diego9989f scala fotos ilustrativas pesquisa",,2026-10-02T23:55:58,faixa 400-650 mil
https://ce.olx.com.br/fortaleza-e-regiao/imoveis/flat-a-beira-mar-scala-top-liga-9-8-7-4-8-3-1-0-8-diego9989f-com-fotos-ilustrativas-pesqui-918350448,olx,fortaleza,Mucuripe,,,,500001.0,45.0,11111.13,1,,Flat a Beira Mar scala top liga 9 8 7 4 8 3 1 0 8 Diego9989f com fotos ilustrativas pesqui,,2026-10-02T23:55:58,faixa 400-650 mil
https://ce.olx.com.br/fortaleza-e-regiao/imoveis/oferta-45m2-ventilado-liga-9-8-7-4-8-3-1-0-8-diego9989f-scala-fotos-ilustrativas-pesquisas-918356605,olx,fortaleza,Mucuripe,,,,500001.0,45.0,11111.13,1,,Oferta 45m2 ventilado liga 9 8 7 4 8 3 1 0 8 Diego9989f scala fotos ilustrativas pesquisas,,2026-10-02T23:55:58,faixa 400-650 mil
https://ce.olx.com.br/fortaleza-e-regiao/imoveis/ed-scala-residenza-a-beira-mar-liga-9-8-7-4-8-3-1-0-8-diego9989f-airbnb-rentabilidade-918358085,olx,fortaleza,Mucuripe,,,,500001.0,45.0,11111.13,1,,Ed Scala Residenza a Beira Mar liga 9 8 7 4 8 3 1 0 8 Diego9989f airbnb rentabilidade -_-,,2026-10-02T23:55:58,faixa 400-650 mil
https://ce.olx.com.br/fortaleza-e-regiao/imoveis/apartamento-no-luciano-cavalcante-fortaleza-1538213854,olx,fortaleza,Engenheiro Luciano Cavalcante,-3.78156,-38.4836215,centroide_bairro,495000.0,44.0,11250.0,1,,"Apartamento no Luciano Cavalcante, Fortaleza",,2026-10-02T23:56:00,faixa 400-650 mil
https://ce.olx.com.br/fortaleza-e-regiao/imoveis/apartamento-para-venda-em-fortaleza-praia-do-futuro-ii-2-dormitorios-2-suites-1-banhei-1538356676,olx,fortaleza,Praia do Futuro II,-3.7473453333333335,-38.450445,centroide_bairro,540000.0,48.0,11250.0,2,,"Apartamento para Venda em Fortaleza, Praia do Futuro II, 2 dormitórios, 2 suítes, 1 banhei",,2026-10-02T23:55:59,faixa 400-650 mil
https://ce.olx.com.br/fortaleza-e-regiao/imoveis/vista-limpa-mar-liga-9-8-7-4-8-3-1-0-8-diego9989f-1276524357,olx,fortaleza,Mucuripe,,,,585000.0,52.0,11250.0,1,,Vista limpa MAR. LIGA 9 8 7 4 8 3 1 0 8 DIEGO9989F,,2026-10-02T23:55:59,faixa 400-650 mil
https://ce.olx.com.br/fortaleza-e-regiao/imoveis/condominio-vista-mar-praia-do-futuro-51-52m-02-suites-01-vaga-1538985801,olx,fortaleza,Praia do Futuro I,,,,588000.0,52.0,11307.69,2,,"Condomínio Vista Mar | Praia do Futuro | 51,52m² | 02 Suítes | 01 Vaga",,2026-10-02T23:55:59,faixa 400-650 mil
https://ce.olx.com.br/fortaleza-e-regiao/imoveis/scala-44-08m2-liga-9-8-7-4-8-3-1-0-8-diego9989f-pesquisas-buscamos-para-clientes--1271310103,olx,fortaleza,Mucuripe,,,,500001.0,44.0,11363.66,1,,"Scala 44,08m2 liga 9 8 7 4 8 3 1 0 8 DIEGO9989F PESQUISAS BUSCAMOS PARA CLIENTES!..",,2026-10-02T23:55:58,faixa 400-650 mil
https://ce.olx.com.br/fortaleza-e-regiao/imoveis/apartamento-com-porteira-fechada-a-venda-57-m-por-r-649-000-parque-del-sol-fortalez-1539780658,olx,fortaleza,Parque Iracema,,,,649000.0,57.0,11385.96,2,,"Apartamento com porteira fechada à venda, 57 m² por R$ 649.000 - Parque Del Sol - Fortalez",,2026-10-02T23:55:57,faixa 400-650 mil
https://ce.olx.com.br/fortaleza-e-regiao/imoveis/apartamento-a-venda-passare-1526419464,olx,fortaleza,Passaré,-3.807309,-38.536432,centroide_bairro,525000.0,46.0,11413.04,2,,APARTAMENTO A VENDA PASSARÉ,,2026-10-02T23:55:57,faixa 400-650 mil
https://ce.olx.com.br/fortaleza-e-regiao/imoveis/apt-222-bs-jade-apartamento-com-02-quartos-de-51-18m2-lazer-completo-648552745,olx,fortaleza,Centro,-3.7261276666666667,-38.53199966666667,centroide_bairro,594064.0,52.0,11424.31,2,,"APT 222, BS Jade, apartamento com 02 quartos de 51,18m2, lazer completo",,2026-10-02T23:55:59,faixa 400-650 mil
https://ce.olx.com.br/fortaleza-e-regiao/imoveis/green-village-andar-alto-mobiliado-2-quartos-56m-lazer-amplo-aldeota-joaquim-1540749670,olx,fortaleza,Joaquim Távora,-3.7420945,-38.511335,centroide_bairro,640000.0,56.0,11428.57,2,,Green Village - Andar Alto - Mobiliado - 2 quartos - 56m² - Lazer Amplo - Aldeota/Joaquim,,2026-10-02T23:55:56,faixa 400-650 mil
https://ce.olx.com.br/fortaleza-e-regiao/imoveis/apartamento-a-venda-48-m-por-r-549-000-00-cambeba-fortaleza-ce-1539780563,olx,fortaleza,Cambeba,,,,549000.0,48.0,11437.5,2,,"Apartamento à venda, 48 m² por R$ 549.000,00 - Cambeba - Fortaleza/CE",,2026-10-02T23:55:57,faixa 400-650 mil
https://ce.olx.com.br/fortaleza-e-regiao/imoveis/flat-mobiliado-com-vista-para-o-mar-a-venda-na-praia-de-iracema-fortaleza-1540144131,olx,fortaleza,Praia de Iracema,,,,540000.0,47.0,11489.36,1,,"Flat mobiliado com vista para o mar à venda na Praia de Iracema, Fortaleza",,2026-10-02T23:55:57,faixa 400-650 mil
https://ce.olx.com.br/fortaleza-e-regiao/imoveis/apartamentos-novos-prontos-para-morar-na-parquelandia-1538651785,olx,fortaleza,Parquelândia,,,,564569.0,49.0,11521.82,2,,Apartamentos Novos Prontos para Morar na Parquelandia.,,2026-10-02T23:55:59,faixa 400-650 mil
https://ce.olx.com.br/fortaleza-e-regiao/imoveis/apartamento-no-vg-fun-residence-praia-do-futuro-fortaleza-1538214185,olx,fortaleza,Praia do Futuro II,-3.7473453333333335,-38.450445,centroide_bairro,640000.0,55.0,11636.36,2,,"Apartamento no VG Fun Residence  Praia do Futuro, Fortaleza",,2026-10-02T23:56:00,faixa 400-650 mil
https://ce.olx.com.br/fortaleza-e-regiao/imoveis/apartamento-no-vg-fun-residence-praia-do-futuro-fortaleza-1538214543,olx,fortaleza,Praia do Futuro II,-3.7473453333333335,-38.450445,centroide_bairro,420000.0,36.0,11666.67,1,,"Apartamento no VG Fun Residence  Praia do Futuro, Fortaleza",,2026-10-02T23:56:00,faixa 400-650 mil
https://www.chavesnamao.com.br/imovel/apartamento-a-venda-2-quartos-com-garagem-ce-fortaleza-meireles-53m2-RS620000/id-45589154/,chavesnamao,fortaleza,Meireles,,,,620000.0,53.0,11698.11,2,,,,2026-10-02T23:55:54,faixa 400-650 mil
https://ce.olx.com.br/fortaleza-e-regiao/imoveis/green-village-1538124736,olx,fortaleza,Joaquim Távora,-3.7420945,-38.511335,centroide_bairro,649000.0,55.0,11800.0,2,,Green Village,,2026-10-02T23:56:00,faixa 400-650 mil
https://ce.olx.com.br/fortaleza-e-regiao/imoveis/imovel-para-venda-tem-36-metros-quadrados-com-1-quarto-em-praia-do-futuro-ii-fortaleza-1525326702,olx,fortaleza,Praia do Futuro II,-3.7473453333333335,-38.450445,centroide_bairro,425000.0,36.0,11805.56,1,,Imóvel para venda tem 36 metros quadrados com 1 quarto em Praia do Futuro II - Fortaleza -,,2026-10-02T23:55:59,faixa 400-650 mil
https://ce.olx.com.br/fortaleza-e-regiao/imoveis/repasse-de-apartamento-studio-de-34m-no-condominio-trendy-bairro-parquelandia-fortalez-1540964287,olx,fortaleza,Parquelândia,,,,410000.0,34.0,12058.82,1,,"REPASSE DE APARTAMENTO STUDIO DE 34m² NO CONDOMÍNIO TRENDY, BAIRRO PARQUELÂNDIA - FORTALEZ",,2026-10-02T23:55:54,faixa 400-650 mil
https://ce.olx.com.br/fortaleza-e-regiao/imoveis/repasse-de-apartamento-studio-de-34m-no-condominio-trendy-bairro-parquelandia-fortalez-1539599649,olx,fortaleza,Bela Vista,,,,410000.0,34.0,12058.82,1,,"REPASSE DE APARTAMENTO STUDIO DE 34m² NO CONDOMÍNIO TRENDY, BAIRRO PARQUELÂNDIA - FORTALEZ",,2026-10-02T23:55:59,faixa 400-650 mil
https://ce.olx.com.br/fortaleza-e-regiao/imoveis/repasse-de-apartamento-studio-de-34m-no-condominio-trendy-bairro-parquelandia-fortalez-1538761497,olx,fortaleza,Parquelândia,,,,410000.0,34.0,12058.82,1,,"REPASSE DE APARTAMENTO STUDIO DE 34m² NO CONDOMÍNIO TRENDY, BAIRRO PARQUELÂNDIA - FORTALEZ",,2026-10-02T23:55:59,faixa 400-650 mil
https://ce.olx.com.br/fortaleza-e-regiao/imoveis/scala-residenza-flat-liga-9-8-7-4-8-3-1-0-8-diego9989f-oportunidade-airbnb-rentabilidade-918349648,olx,fortaleza,Mucuripe,,,,550000.0,45.0,12222.22,1,,Scala Residenza flat liga 9 8 7 4 8 3 1 0 8 Diego9989f oportunidade airbnb rentabilidade -,,2026-10-02T23:55:59,faixa 400-650 mil
https://ce.olx.com.br/fortaleza-e-regiao/imoveis/c-l-a-s-s-i-c-v-e-n-d-i-d-o-liga-9-8-7-4-8-3-1-0-8-diego9989f-oportunidade-1297937438,olx,fortaleza,Meireles,,,,440000.0,36.0,12222.22,1,,C L A S S I C (v e n d i d o) / Liga 9 8 7 4 8 3 1 0 8 Diego9989f oportunidade,,2026-10-02T23:56:00,faixa 400-650 mil
https://ce.olx.com.br/fortaleza-e-regiao/imoveis/apartamento-venda-praia-do-futuro-ii-1538352593,olx,fortaleza,Praia do Futuro II,-3.7473453333333335,-38.450445,centroide_bairro,625000.0,51.0,12254.9,2,,Apartamento | Venda | Praia do Futuro II,,2026-10-02T23:55:59,faixa 400-650 mil
https://ce.olx.com.br/fortaleza-e-regiao/imoveis/apartamento-com-02-suites-a-venda-no-parque-del-sol-condominio-inspiratto-1539780204,olx,fortaleza,Parque Iracema,,,,650000.0,53.0,12264.15,2,,Apartamento com 02 suítes à venda no Parque Del Sol - Condomínio Inspiratto.,,2026-10-02T23:55:58,faixa 400-650 mil
https://ce.olx.com.br/fortaleza-e-regiao/imoveis/edificio-bella-meirelels-2-quartos-lazer-completo-1500838370,olx,fortaleza,Varjota,,,,569000.0,46.0,12369.57,2,,"Edifício Bella Meirelels - 2 Quartos, Lazer completo.",,2026-10-02T23:55:57,faixa 400-650 mil
https://ce.olx.com.br/fortaleza-e-regiao/imoveis/vendo-flat-mobiliado-1537898669,olx,fortaleza,Meireles,,,,520000.0,42.0,12380.95,1,,Vendo Flat Mobiliado,,2026-10-02T23:55:59,faixa 400-650 mil
https://ce.olx.com.br/fortaleza-e-regiao/imoveis/vendo-flat-mobiliado-meireles-1539102492,olx,fortaleza,Meireles,,,,485000.0,39.0,12435.9,1,,Vendo Flat Mobiliado Meireles,,2026-10-02T23:55:59,faixa 400-650 mil
https://ce.olx.com.br/fortaleza-e-regiao/imoveis/flat-atlantico-1-4-liga-9-87-48-31-08-diego-carvalho9989f-1472252622,olx,fortaleza,Meireles,,,,629999.0,50.0,12599.98,1,,Flat Atlântico 1/4 liga 9 87 48 31 08 Diego Carvalho9989f,,2026-10-02T23:55:59,faixa 400-650 mil
https://ce.olx.com.br/fortaleza-e-regiao/imoveis/flat-vista-mar-mobiliado-01-quarto-01-vaga-de-garagem-fortaleza-ce-1539682614,olx,fortaleza,Meireles,,,,530000.0,42.0,12619.05,1,,Flat Vista mar - Mobiliado - 01 quarto - 01 vaga de garagem - Fortaleza CE,,2026-10-02T23:55:59,faixa 400-650 mil
https://ce.olx.com.br/fortaleza-e-regiao/imoveis/imovel-para-venda-possui-48-metros-quadrados-com-1-quarto-em-meireles-fortaleza-ce-1515595795,olx,fortaleza,Meireles,,,,610000.0,48.0,12708.33,1,,Imóvel para venda possui 48 metros quadrados com 1 quarto em Meireles - Fortaleza - CE,,2026-10-02T23:55:57,faixa 400-650 mil
https://ce.olx.com.br/fortaleza-e-regiao/imoveis/studio-iracema-liga-9-8-7-4-8-3-1-0-8-diego9989f-1202862403,olx,fortaleza,Praia de Iracema,,,,599001.0,47.0,12744.7,1,,Studio Iracema liga 9 8 7 4 8 3 1 0 8 Diego9989f,,2026-10-02T23:55:58,faixa 400-650 mil
https://ce.olx.com.br/fortaleza-e-regiao/imoveis/loft-studio-liga-9-8-7-4-8-3-1-0-8-diego9989f-studioiracema-1203715285,olx,fortaleza,Praia de Iracema,,,,599999.0,47.0,12765.94,1,,Loft studio liga 9 8 7 4 8 3 1 0 8 Diego9989f studioiracema,,2026-10-02T23:55:58,faixa 400-650 mil
https://ce.olx.com.br/fortaleza-e-regiao/imoveis/loft-studio-liga-9-8-7-4-8-3-1-0-8-diego9989f-studioiracema-1203710132,olx,fortaleza,Praia de Iracema,,,,599999.0,47.0,12765.94,1,,Loft studio liga 9 8 7 4 8 3 1 0 8 Diego9989f studioiracema,,2026-10-02T23:55:58,faixa 400-650 mil
https://ce.olx.com.br/fortaleza-e-regiao/imoveis/loft-studio-liga-9-8-7-4-8-3-1-0-8-diego9989f-studioiracema-1203709014,olx,fortaleza,Centro,-3.7261276666666667,-38.53199966666667,centroide_bairro,599999.0,47.0,12765.94,1,,Loft studio liga 9 8 7 4 8 3 1 0 8 Diego9989f studioiracema,,2026-10-02T23:55:58,faixa 400-650 mil
https://ce.olx.com.br/fortaleza-e-regiao/imoveis/atlantico-flat-perto-da-feirinha-liga-9-87-48-31-08-diego9989f-antonio-justa-2109-meirele-1472253532,olx,fortaleza,Meireles,,,,639999.0,50.0,12799.98,1,,"Atlântico flat perto da feirinha liga 9 87 48 31 08 Diego9989f Antônio justa, 2109 meirele",,2026-10-02T23:55:59,faixa 400-650 mil
https://ce.olx.com.br/fortaleza-e-regiao/imoveis/oportunidade-oportunite-opportunita-liga9-8-7-4-8-3-1-0-8-diego-9989f-via-venetto-1129212080,olx,fortaleza,Meireles,,,,570000.0,44.0,12954.55,1,,"OPORTUNIDADE, oportunite, opportunità. Liga9 8 7 4 8 3 1 0 8 DIEGO 9989F  Via Venetto",,2026-10-02T23:55:58,faixa 400-650 mil
https://ce.olx.com.br/fortaleza-e-regiao/imoveis/flat-vista-mar-liga-9-87-48-31-08-diego9989f-dgenti-atlantico-meireles-antonio-justa-aboli-1472257092,olx,fortaleza,Meireles,,,,649999.0,50.0,12999.98,1,,Flat vista mar liga 9 87 48 31 08 Diego9989f dgenti atlântico Meireles Antônio justa aboli,,2026-10-02T23:55:59,faixa 400-650 mil
https://ce.olx.com.br/fortaleza-e-regiao/imoveis/one-milenio-practical-home-38-metros-1-suite-1-vaga-lazer-completo-coco-1540722364,olx,fortaleza,Cocó,,,,500000.0,38.0,13157.89,1,,One Milênio Practical Home - 38 metros - 1 suíte + 1 vaga - Lazer Completo - Cocó,,2026-10-02T23:55:56,faixa 400-650 mil
https://ce.olx.com.br/fortaleza-e-regiao/imoveis/apartamento-para-venda-com-44-metros-quadrados-com-1-quarto-em-praia-de-iracema-fortalez-1459526514,olx,fortaleza,Praia de Iracema,,,,590000.0,44.0,13409.09,1,,Apartamento para venda com 44 metros quadrados com 1 quarto em Praia de Iracema - Fortalez,,2026-10-02T23:55:57,faixa 400-650 mil
https://ce.olx.com.br/fortaleza-e-regiao/imoveis/one-milenio-practical-home-moveis-fixos-38m-1-suite-1-vaga-lazer-completo-coc-1540722032,olx,fortaleza,Cocó,,,,515000.0,38.0,13552.63,1,,One Milênio Practical Home - Móveis Fixos - 38m² - 1 suíte + 1 vaga - Lazer Completo - Coc,,2026-10-02T23:55:56,faixa 400-650 mil
https://ce.olx.com.br/fortaleza-e-regiao/imoveis/apartamento-de-38-m-no-coco-com-1-suites-e-1-vaga-1540233507,olx,fortaleza,Cocó,,,,515000.0,38.0,13552.63,1,,"Apartamento de 38 m² no Cocó, com 1 suítes e 1 vaga.",,2026-10-02T23:55:57,faixa 400-650 mil
https://ce.olx.com.br/fortaleza-e-regiao/imoveis/bella-meireles-1538114027,olx,fortaleza,Aldeota,-3.736781,-38.505965,centroide_bairro,650000.0,47.0,13829.79,2,,BELLA MEIRELES,,2026-10-02T23:55:54,faixa 400-650 mil
https://ce.olx.com.br/fortaleza-e-regiao/imoveis/othon-palace-beira-mar-de-fortaleza-liga-9-8-7-4-8-3-1-0-8-diego9989f-829857387,olx,fortaleza,Meireles,,,,570000.0,41.0,13902.44,1,,Othon Palace Beira Mar de Fortaleza Liga 9 8 7 4 8 3 1 0 8 Diego9989f,,2026-10-02T23:55:58,faixa 400-650 mil
https://ce.olx.com.br/fortaleza-e-regiao/imoveis/oferta-show-a-beira-mar-aproveita-liga-9-8-7-4-8-3-1-0-8-diego9989f-othon-829863286,olx,fortaleza,Meireles,,,,575000.0,41.0,14024.39,1,,"Oferta Show a Beira Mar, aproveita liga 9 8 7 4 8 3 1 0 8 Diego9989f othon",,2026-10-02T23:55:58,faixa 400-650 mil
https://ce.olx.com.br/fortaleza-e-regiao/imoveis/apartamento-a-venda-no-bairro-edson-queiroz-condominio-fortaleza-sul-1539779653,olx,fortaleza,Edson Queiroz,-3.7815425,-38.4769645,centroide_bairro,424958.0,30.0,14165.27,1,,Apartamento à venda no bairro Edson Queiroz | Condomínio Fortaleza Sul,,2026-10-02T23:55:58,faixa 400-650 mil
https://ce.olx.com.br/fortaleza-e-regiao/imoveis/apartamento-para-venda-com-30-metros-quadrados-com-1-quarto-em-edson-queiroz-fortaleza-1132258412,olx,fortaleza,Edson Queiroz,-3.7815425,-38.4769645,centroide_bairro,424958.0,30.0,14165.27,1,,Apartamento para venda com 30 metros quadrados com 1 quarto em Edson Queiroz - Fortaleza -,,2026-10-02T23:55:57,faixa 400-650 mil
https://ce.olx.com.br/fortaleza-e-regiao/imoveis/flat-com-1-dormitorio-a-venda-42-m-mucuripe-fortaleza-ce-1538362969,olx,fortaleza,Mucuripe,,,,595000.0,42.0,14166.67,1,,"Flat com 1 dormitório à venda, 42 m² - Mucuripe - Fortaleza/CE",,2026-10-02T23:55:59,faixa 400-650 mil
https://ce.olx.com.br/fortaleza-e-regiao/imoveis/apartamento-a-venda-no-edson-queiroz-condominio-fortaleza-sul-1539780052,olx,fortaleza,Edson Queiroz,-3.7815425,-38.4769645,centroide_bairro,425000.0,30.0,14166.67,1,,Apartamento à venda no Edson Queiroz | Condomínio Fortaleza Sul,,2026-10-02T23:55:58,faixa 400-650 mil
https://ce.olx.com.br/fortaleza-e-regiao/imoveis/ed-aquarius-residence-1523555134,olx,fortaleza,Praia de Iracema,,,,540000.0,38.0,14210.53,1,,Ed. Aquarius Residence,,2026-10-02T23:55:56,faixa 400-650 mil
https://ce.olx.com.br/fortaleza-e-regiao/imoveis/apartamento-de-38m-na-praia-de-iracema-com-1-suite-e-1-vaga-1538757800,olx,fortaleza,Praia de Iracema,,,,540000.0,38.0,14210.53,1,,"Apartamento de 38m² na Praia de Iracema, com 1 suíte e 1 vaga.",,2026-10-02T23:55:59,faixa 400-650 mil
https://ce.olx.com.br/fortaleza-e-regiao/imoveis/apartamento-com-1-quartos-a-venda-em-aldeota-ce-1509201809,olx,fortaleza,Aldeota,-3.736781,-38.505965,centroide_bairro,500000.0,35.0,14285.71,1,,Apartamento com 1 quartos à venda em Aldeota - CE,,2026-10-02T23:55:56,faixa 400-650 mil
https://ce.olx.com.br/fortaleza-e-regiao/imoveis/flat-no-meireles-1-quarto-1534875373,olx,fortaleza,Meireles,,,,520000.0,36.0,14444.44,1,,Flat no Meireles 1 quarto,,2026-10-02T23:55:54,faixa 400-650 mil
https://ce.olx.com.br/fortaleza-e-regiao/imoveis/studio-no-guararapes-ideal-pra-investimento-1539686598,olx,fortaleza,Edson Queiroz,-3.7815425,-38.4769645,centroide_bairro,439000.0,30.0,14633.33,1,,"Studio no Guararapes,ideal pra investimento",,2026-10-02T23:55:59,faixa 400-650 mil
https://ce.olx.com.br/fortaleza-e-regiao/imoveis/fortaleza-sul-edson-queiroz-30-31m-01-suite-1538992030,olx,fortaleza,Edson Queiroz,-3.7815425,-38.4769645,centroide_bairro,439000.0,30.0,14633.33,1,,"FORTALEZA SUL | EDSON QUEIROZ | 30,31m² | 01 SUÍTE",,2026-10-02T23:55:59,faixa 400-650 mil
https://ce.olx.com.br/fortaleza-e-regiao/imoveis/j-smart-jose-vilar-1513371392,olx,fortaleza,Aldeota,-3.736781,-38.505965,centroide_bairro,549000.0,37.0,14837.84,1,,J SMART JOSE VILAR,,2026-10-02T23:55:54,faixa 400-650 mil
https://ce.olx.com.br/fortaleza-e-regiao/imoveis/apartamento-a-venda-em-aldeota-fortaleza-1455161293,olx,fortaleza,Aldeota,-3.736781,-38.505965,centroide_bairro,406050.0,27.0,15038.89,1,,"Apartamento à venda em Aldeota, Fortaleza",,2026-10-02T23:55:54,faixa 400-650 mil
https://ce.olx.com.br/fortaleza-e-regiao/imoveis/repasse-ihome-aldeota-andar-alto-1529595924,olx,fortaleza,Aldeota,-3.736781,-38.505965,centroide_bairro,430000.0,28.0,15357.14,1,,REPASSE | IHOME ALDEOTA | ANDAR ALTO,,2026-10-02T23:55:56,faixa 400-650 mil
https://ce.olx.com.br/fortaleza-e-regiao/imoveis/j-studios-meireles-apartamentos-no-meireles-em-fortaleza-ce-1460301918,olx,fortaleza,Meireles,,,,555000.0,36.0,15416.67,1,,J.STUDIOS MEIRELES  APARTAMENTOS NO MEIRELES EM FORTALEZA/CE,,2026-10-02T23:55:56,faixa 400-650 mil
https://ce.olx.com.br/fortaleza-e-regiao/imoveis/apartamento-studio-com-38m-no-meireles-1540447209,olx,fortaleza,Aldeota,-3.736781,-38.505965,centroide_bairro,590000.0,38.0,15526.32,1,,Apartamento studio com 38m² no Meireles,,2026-10-02T23:55:56,faixa 400-650 mil
https://www.chavesnamao.com.br/imovel/apartamento-a-venda-1-quarto-com-garagem-ce-fortaleza-meireles-38m2-RS592000/id-13642952/,chavesnamao,fortaleza,Meireles,,,,592000.0,38.0,15578.95,1,,,,2026-10-02T23:55:54,faixa 400-650 mil
https://ce.olx.com.br/fortaleza-e-regiao/imoveis/apartamento-no-meireles-01-quarto-beach-class-991093916,olx,fortaleza,Meireles,,,,630000.0,40.0,15750.0,1,,"apartamento no Meireles, 01 quarto, Beach Class.",,2026-10-02T23:55:54,faixa 400-650 mil
https://ce.olx.com.br/fortaleza-e-regiao/imoveis/j-smart-carolina-sucupira-1460302987,olx,fortaleza,Aldeota,-3.736781,-38.505965,centroide_bairro,585000.0,37.0,15810.81,1,,J SMART CAROLINA SUCUPIRA,,2026-10-02T23:55:54,faixa 400-650 mil
https://ce.olx.com.br/fortaleza-e-regiao/imoveis/j-studios-meireles-apartamentos-no-meireles-em-fortaleza-ce-1460302282,olx,fortaleza,Meireles,,,,401000.0,25.0,16040.0,1,,J.STUDIOS MEIRELES  APARTAMENTOS NO MEIRELES EM FORTALEZA/CE,,2026-10-02T23:55:56,faixa 400-650 mil
https://ce.olx.com.br/fortaleza-e-regiao/imoveis/apartamento-com-1-dormitorio-a-venda-37-m-por-r-610-000-00-aldeota-fortaleza-ce-1539780170,olx,fortaleza,Aldeota,-3.736781,-38.505965,centroide_bairro,610000.0,37.0,16486.49,1,,"Apartamento com 1 dormitório à venda, 37 m² por R$ 610.000,00 - Aldeota - Fortaleza/CE",,2026-10-02T23:55:58,faixa 400-650 mil
https://ce.olx.com.br/fortaleza-e-regiao/imoveis/j-smart-leite-albuquerque-1513371583,olx,fortaleza,Aldeota,-3.736781,-38.505965,centroide_bairro,610000.0,37.0,16486.49,1,,J. SMART LEITE ALBUQUERQUE,,2026-10-02T23:55:54,faixa 400-650 mil
https://ce.olx.com.br/fortaleza-e-regiao/imoveis/beach-class-macedo-studio-aldeota-28-02-m-01-suite-01-vaga-direto-proprietario-1540837745,olx,fortaleza,Meireles,,,,484309.0,28.0,17296.75,1,,"Beach Class Macêdo | Studio | Aldeota | 28,02 m² | 01 suíte 01 Vaga ( DIRETO PROPRIETÁRIO",,2026-10-02T23:55:54,faixa 400-650 mil
https://ce.olx.com.br/fortaleza-e-regiao/imoveis/kitnet-com-1-dormitorio-a-venda-30-m-por-r-520-000-00-prefeito-jose-walter-fortalez-1540284072,olx,fortaleza,Prefeito José Walter,,,,520000.0,30.0,17333.33,1,,"Kitnet com 1 dormitório à venda, 30 m² por R$ 520.000,00 - Prefeito José Walter - Fortalez",,2026-10-02T23:55:57,faixa 400-650 mil
https://ce.olx.com.br/fortaleza-e-regiao/imoveis/jstudios-silva-paulet-apartamento-24m2-1-suite-e-1-vaga-meireles-1539582021,olx,fortaleza,Meireles,,,,420000.0,24.0,17500.0,1,,JSTUDIOS SILVA PAULET - Apartamento 24m2 (1 suíte e 1 vaga) Meireles,,2026-10-02T23:55:59,faixa 400-650 mil
https://ce.olx.com.br/fortaleza-e-regiao/imoveis/studio-de-27-80-m-no-meireles-1540447316,olx,fortaleza,Meireles,,,,490000.0,27.0,18148.15,1,,"Studio de 27,80 m² no Meireles",,2026-10-02T23:55:56,faixa 400-650 mil
https://ce.olx.com.br/fortaleza-e-regiao/imoveis/apartamento-para-venda-com-29-metros-quadrados-com-1-quarto-em-meireles-fortaleza-cear-1497932637,olx,fortaleza,Meireles,,,,534000.0,29.0,18413.79,1,,Apartamento para venda com 29 metros quadrados com 1 quarto em Meireles - Fortaleza - Cear,,2026-10-02T23:55:57,faixa 400-650 mil
https://ce.olx.com.br/fortaleza-e-regiao/imoveis/j-studio-meireles-para-investimento-entregue-proximo-ano-1538127421,olx,fortaleza,Aldeota,-3.736781,-38.505965,centroide_bairro,479000.0,26.0,18423.08,1,,J Studio Meireles | Para investimento | Entregue próximo ano,,2026-10-02T23:56:00,faixa 400-650 mil
https://ce.olx.com.br/fortaleza-e-regiao/imoveis/oportunidade-1539643544,olx,fortaleza,Cocó,,,,479000.0,25.0,19160.0,1,,Oportunidade!,,2026-10-02T23:55:59,faixa 400-650 mil
https://ce.olx.com.br/fortaleza-e-regiao/imoveis/oportunidade-aldeota-andar-alto-25m-por-r-479-000-00-1538786148,olx,fortaleza,Meireles,,,,479000.0,25.0,19160.0,1,,"OPORTUNIDADE ALDEOTA - ANDAR ALTO - 25m² - POR R$ 479.000,00",,2026-10-02T23:55:59,faixa 400-650 mil
https://ce.olx.com.br/fortaleza-e-regiao/imoveis/j-studios-meireles-1538284779,olx,fortaleza,Aldeota,-3.736781,-38.505965,centroide_bairro,480000.0,25.0,19200.0,1,,J.STUDIOS MEIRELES,,2026-10-02T23:55:59,faixa 400-650 mil
https://ce.olx.com.br/fortaleza-e-regiao/imoveis/studio-com-1-quartos-a-venda-em-aldeota-ce-1538442600,olx,fortaleza,Aldeota,-3.736781,-38.505965,centroide_bairro,490000.0,25.0,19600.0,1,,Studio com 1 quartos à venda em Aldeota - CE,,2026-10-02T23:55:59,faixa 400-650 mil
https://ce.olx.com.br/fortaleza-e-regiao/imoveis/studio-com-1-quartos-a-venda-em-aldeota-ce-1538442570,olx,fortaleza,Aldeota,-3.736781,-38.505965,centroide_bairro,490000.0,25.0,19600.0,1,,Studio com 1 quartos à venda em Aldeota - CE,,2026-10-02T23:55:59,faixa 400-650 mil
https://ce.olx.com.br/fortaleza-e-regiao/imoveis/imovel-para-venda-possui-462-metros-quadrados-com-7-quartos-em-itaperi-i-fortaleza-ce-1513266799,olx,fortaleza,Itaperi,,,,990000.0,462.0,2142.86,5,,"Imóvel para venda possui 462 metros quadrados com 7 quartos em Itaperi, i - Fortaleza - CE",,2026-10-02T23:56:26,faixa 650-1000 mil
https://ce.olx.com.br/fortaleza-e-regiao/imoveis/casa-duplex-3suites-piscina-churrasqueira-e-garagem-no-subsolo-solo-1540438454,olx,fortaleza,Sapiranga-Coité,,,,850000.0,270.0,3148.15,4,,"Casa Duplex, 3suites . Piscina, churrasqueira e garagem no subsolo solo !",,2026-10-02T23:56:26,faixa 650-1000 mil
https://www.chavesnamao.com.br/imovel/apartamento-a-venda-4-quartos-com-garagem-ce-fortaleza-coco-210m2-RS690000/id-28637960/,chavesnamao,fortaleza,Cocó,-3.7468708,-38.473496,centroide_bairro,690000.0,210.0,3285.71,4,,,,2026-10-02T23:56:23,faixa 650-1000 mil
https://ce.olx.com.br/fortaleza-e-regiao/imoveis/apartamento-para-vender-com-4-quartos-3-suites-no-bairro-guararapes-em-fortaleza-1539791736,olx,fortaleza,Engenheiro Luciano Cavalcante,-3.7695453999999997,-38.4930038,centroide_bairro,680000.0,200.0,3400.0,4,,Apartamento Para Vender com 4 quartos 3 suítes no bairro Guararapes em Fortaleza,,2026-10-02T23:56:27,faixa 650-1000 mil
https://www.chavesnamao.com.br/imovel/apartamento-a-venda-4-quartos-com-garagem-ce-fortaleza-praia-do-futuro-i-RS697000/id-36573178/,chavesnamao,fortaleza,Praia do Futuro I,,,,697000.0,198.0,3520.2,4,,,,2026-10-02T23:56:23,faixa 650-1000 mil
https://ce.olx.com.br/fortaleza-e-regiao/imoveis/amplo-na-sombra-ventilado-vista-coco-liga-9-8-7-4-8-3-1-0-8-diego9989f-belvedere-1281795228,olx,fortaleza,Aldeota,,,,980000.0,270.0,3629.63,5,,"Amplo, na sombra, ventilado vista Cocó liga 9 8 7 4 8 3 1 0 8 DIEGO9989F Belvedere",,2026-10-02T23:56:29,faixa 650-1000 mil
https://ce.olx.com.br/fortaleza-e-regiao/imoveis/amplo-3vagas-vista-coco-liga-9-8-7-4-8-3-1-0-8-diego9989f-belvedere-1281941296,olx,fortaleza,Aldeota,,,,980000.0,268.0,3656.72,5,,Amplo 3vagas vista Cocó liga 9 8 7 4 8 3 1 0 8 DIEGO9989F belvedere,,2026-10-02T23:56:28,faixa 650-1000 mil
https://ce.olx.com.br/fortaleza-e-regiao/imoveis/1-por-andar-270m2-3vgs-liga-9-8-7-4-8-3-1-0-8-diego9989f-belvedere-oportunidade-1281941903,olx,fortaleza,Aldeota,,,,980000.0,268.0,3656.72,5,,1 por andar / 270m2/ 3vgs liga 9 8 7 4 8 3 1 0 8 Diego9989f belvedere oportunidade,,2026-10-02T23:56:28,faixa 650-1000 mil
https://ce.olx.com.br/fortaleza-e-regiao/imoveis/268m2-4suites-vista-coco-liga-9-8-7-4-8-3-1-0-8-diego9989f-belvedere-1281793286,olx,fortaleza,Cocó,-3.7468708,-38.473496,centroide_bairro,980000.0,268.0,3656.72,5,,268m2_4suítes_Vista Cocó_ liga 9 8 7 4 8 3 1 0 8 Diego9989f belvedere,,2026-10-02T23:56:28,faixa 650-1000 mil
https://ce.olx.com.br/fortaleza-e-regiao/imoveis/imovel-para-venda-possui-195-metros-quadrados-com-4-quartos-1537886986,olx,fortaleza,Engenheiro Luciano Cavalcante,-3.7695453999999997,-38.4930038,centroide_bairro,750000.0,195.0,3846.15,4,,Imóvel para venda possui 195 metros quadrados com 4 quartos,,2026-10-02T23:56:31,faixa 650-1000 mil
https://www.chavesnamao.com.br/imovel/apartamento-a-venda-4-quartos-com-garagem-ce-fortaleza-meireles-256m2-RS990000/id-46998228/,chavesnamao,fortaleza,Meireles,-3.723857333333333,-38.50599833333333,centroide_bairro,990000.0,256.0,3867.19,4,,,,2026-10-02T23:56:24,faixa 650-1000 mil
https://ce.olx.com.br/fortaleza-e-regiao/imoveis/205m2-4suites-lavabo-dce-liga-9-8-7-4-8-3-1-0-8-diego9989f-manoelmarcal-1313792831,olx,fortaleza,Aldeota,,,,795000.0,205.0,3878.05,5,,205m2 4suítes lavabo dce liga 9 8 7 4 8 3 1 0 8 Diego9989f manoelmarcal,,2026-10-02T23:56:29,faixa 650-1000 mil
https://ce.olx.com.br/fortaleza-e-regiao/imoveis/seu-lar-dos-sonhos-em-fortaleza-te-espera-condominio-do-edificio-roma-1511137327,olx,fortaleza,Aldeota,,,,710000.0,160.0,4437.5,3,,Seu Lar dos Sonhos em Fortaleza te Espera! / Condomínio do Edifício Roma.,,2026-10-02T23:56:25,faixa 650-1000 mil
https://ce.olx.com.br/fortaleza-e-regiao/imoveis/apartamento-na-aldeota-1-por-andar-com-4-suites-1538258339,olx,fortaleza,Aldeota,,,,699000.0,154.0,4538.96,4,,Apartamento na Aldeota 1 por andar com 4 suítes,,2026-10-02T23:56:29,faixa 650-1000 mil
https://ce.olx.com.br/fortaleza-e-regiao/imoveis/apartamento-no-condominio-do-edificio-bergamo-coco-fortaleza-1539990516,olx,fortaleza,Cocó,-3.7468708,-38.473496,centroide_bairro,715000.0,157.0,4554.14,3,,"Apartamento no Condomínio do Edifício Bérgamo  Cocó, Fortaleza",,2026-10-02T23:56:28,faixa 650-1000 mil
https://ce.olx.com.br/fortaleza-e-regiao/imoveis/apartamento-a-venda-182-m-por-r-850-000-00-meireles-fortaleza-ce-1432536753,olx,fortaleza,Meireles,-3.723857333333333,-38.50599833333333,centroide_bairro,850000.0,182.0,4670.33,3,,"Apartamento à venda, 182 m² por R$ 850.000,00 - Meireles - Fortaleza/CE",,2026-10-02T23:56:25,faixa 650-1000 mil
https://ce.olx.com.br/fortaleza-e-regiao/imoveis/apartamento-no-edificio-joao-clemente-dionisio-torres-fortaleza-1538214062,olx,fortaleza,Dionisio Torres,-3.7464095000000004,-38.505548000000005,centroide_bairro,750000.0,160.0,4687.5,3,,"Apartamento no Edifício João Clemente  Dionísio Torres, Fortaleza",,2026-10-02T23:56:29,faixa 650-1000 mil
https://www.chavesnamao.com.br/imovel/apartamento-a-venda-5-quartos-com-garagem-ce-fortaleza-patriolino-ribeiro-RS950000/id-31835322/,chavesnamao,fortaleza,Patriolino Ribeiro,,,,950000.0,200.0,4750.0,5,,,,2026-10-02T23:56:24,faixa 650-1000 mil
https://www.chavesnamao.com.br/imovel/apartamento-a-venda-3-quartos-com-garagem-ce-fortaleza-meireles-210m2-RS950000/id-44205815/,chavesnamao,fortaleza,Meireles,-3.723857333333333,-38.50599833333333,centroide_bairro,950000.0,196.0,4846.94,3,,,,2026-10-02T23:56:24,faixa 650-1000 mil
https://ce.olx.com.br/fortaleza-e-regiao/imoveis/apartamento-com-3-dormitorios-a-venda-143-m-por-r-699-000-00-aldeota-fortaleza-ce-1507269143,olx,fortaleza,Aldeota,,,,699000.0,143.0,4888.11,3,,"Apartamento com 3 dormitórios à venda, 143 m² por R$ 699.000,00 - Aldeota - Fortaleza/CE",,2026-10-02T23:56:26,faixa 650-1000 mil
https://ce.olx.com.br/fortaleza-e-regiao/imoveis/apartamento-com-3-dormitorios-a-venda-143-m-por-r-699-000-00-aldeota-fortaleza-ce-1539780473,olx,fortaleza,Aldeota,,,,699000.0,143.0,4888.11,3,,"Apartamento com 3 dormitórios à venda, 143 m² por R$ 699.000,00 - Aldeota - Fortaleza/CE",,2026-10-02T23:56:27,faixa 650-1000 mil
https://ce.olx.com.br/fortaleza-e-regiao/imoveis/apartamento-com-3-dormitorios-a-venda-140-m-por-r-690-000-00-aldeota-fortaleza-ce-1538073817,olx,fortaleza,Aldeota,,,,690000.0,140.0,4928.57,3,,"Apartamento com 3 dormitórios à venda, 140 m² por R$ 690.000,00 - Aldeota - Fortaleza/CE",,2026-10-02T23:56:31,faixa 650-1000 mil
https://ce.olx.com.br/fortaleza-e-regiao/imoveis/ed-dellos-liga-9-87-48-31-08-diego9989f-d-ads-rua-francisco-farias-filho-230-guararapes-1450845429,olx,fortaleza,Guararapes,-3.759838333333333,-38.486401666666666,centroide_bairro,720000.0,146.0,4931.51,4,,"Ed Dellos liga 9 87 48 31 08 Diego9989f  d ADS rua Francisco farias filho, 230 Guararapes",,2026-10-02T23:56:31,faixa 650-1000 mil
https://ce.olx.com.br/fortaleza-e-regiao/imoveis/rua-francisco-farias-filho-230-liga-9-87-48-31-08-diego-9989f-dellos-146m2-se-visitar-shw-1450847416,olx,fortaleza,Guararapes,-3.759838333333333,-38.486401666666666,centroide_bairro,720000.0,146.0,4931.51,4,,"Rua Francisco Farias Filho, 230 liga 9 87 48 31 08 Diego 9989f Dellos 146m2 se visitar shw",,2026-10-02T23:56:31,faixa 650-1000 mil
https://ce.olx.com.br/fortaleza-e-regiao/imoveis/ed-dellos-146m2-3suites-3-vagas-liga-9-87-48-31-08-diego9989f-d-ads-oportunidade-r-francis-1450846286,olx,fortaleza,Guararapes,-3.759838333333333,-38.486401666666666,centroide_bairro,720000.0,146.0,4931.51,5,,Ed Dellos 146m2 3suítes 3 vagas liga 9 87 48 31 08 Diego9989f d ADS oportunidade r francis,,2026-10-02T23:56:31,faixa 650-1000 mil
https://ce.olx.com.br/fortaleza-e-regiao/imoveis/apartamento-de-140m-no-aldeota-com-3-suites-e-2-vagas-1539555522,olx,fortaleza,Aldeota,,,,699000.0,140.0,4992.86,3,,"Apartamento de 140m² no Aldeota, com 3 suítes e 2 vagas.",,2026-10-02T23:56:28,faixa 650-1000 mil
https://ce.olx.com.br/fortaleza-e-regiao/imoveis/apartamento-com-4-dormitorios-a-venda-150-m-por-r-750-000-00-parreao-fortaleza-ce-1423105741,olx,fortaleza,Parreão,,,,750000.0,150.0,5000.0,4,,"Apartamento com 4 dormitórios à venda, 150 m² por R$ 750.000,00 - Parreão - Fortaleza/CE",,2026-10-02T23:56:26,faixa 650-1000 mil
https://ce.olx.com.br/fortaleza-e-regiao/imoveis/meireles-199m-1-por-andar-vista-para-o-palacio-da-abolicao-1511658898,olx,fortaleza,Meireles,-3.723857333333333,-38.50599833333333,centroide_bairro,995000.0,199.0,5000.0,3,,Meireles | 199m² | 1 por andar | Vista para o Palácio da Abolição,,2026-10-02T23:56:28,faixa 650-1000 mil
https://ce.olx.com.br/fortaleza-e-regiao/imoveis/apartamento-com-4-suites-na-aldeota-1540447216,olx,fortaleza,Aldeota,,,,980000.0,196.0,5000.0,4,,Apartamento com 4 suítes na Aldeota,,2026-10-02T23:56:26,faixa 650-1000 mil
https://ce.olx.com.br/fortaleza-e-regiao/imoveis/edificio-abolicao-apto-198m-3-suites-350m-da-beira-mar-meireles-1539902486,olx,fortaleza,Meireles,-3.723857333333333,-38.50599833333333,centroide_bairro,995000.0,198.0,5025.25,3,,Edifício Abolição / Apto 198m² 3 suítes (350m da Beira Mar) Meireles,,2026-10-02T23:56:28,faixa 650-1000 mil
https://ce.olx.com.br/fortaleza-e-regiao/imoveis/condominio-parma-1523858550,olx,fortaleza,Meireles,-3.723857333333333,-38.50599833333333,centroide_bairro,870000.0,173.0,5028.9,4,,Condomínio Parma,,2026-10-02T23:56:25,faixa 650-1000 mil
https://ce.olx.com.br/fortaleza-e-regiao/imoveis/apartamento-na-aldeota-1540888268,olx,fortaleza,Aldeota,,,,680000.0,135.0,5037.04,3,,apartamento na aldeota,,2026-10-02T23:56:25,faixa 650-1000 mil
https://ce.olx.com.br/fortaleza-e-regiao/imoveis/edificio-hadar-meireles-147-73-03-quartos-03-vagas-1540752548,olx,fortaleza,Meireles,-3.723857333333333,-38.50599833333333,centroide_bairro,750000.0,148.0,5067.57,3,,"Edifício Hadar | Meireles | 147,73 | 03 Quartos | 03 vagas",,2026-10-02T23:56:26,faixa 650-1000 mil
https://ce.olx.com.br/fortaleza-e-regiao/imoveis/excelente-apto-de-148m2-aldeota-1538165186,olx,fortaleza,Meireles,-3.723857333333333,-38.50599833333333,centroide_bairro,750000.0,148.0,5067.57,3,,Excelente Apto de 148m2- Aldeota,,2026-10-02T23:56:29,faixa 650-1000 mil
https://ce.olx.com.br/fortaleza-e-regiao/imoveis/meireles-137m2-2vagas-d1068-liga-9-8-7-4-8-3-1-0-8-diego9989f-atalanta-754803097,olx,fortaleza,Meireles,-3.723857333333333,-38.50599833333333,centroide_bairro,695000.0,137.0,5072.99,4,,Meireles 137m2 2vagas d1068 liga 9 8 7 4 8 3 1 0 8 Diego9989f atalanta,,2026-10-02T23:56:29,faixa 650-1000 mil
https://ce.olx.com.br/fortaleza-e-regiao/imoveis/amplo-bastante-privacidade-3vagas-liga-9-8-7-4-8-3-1-0-8-diego9989f-914195090,olx,fortaleza,Engenheiro Luciano Cavalcante,-3.7695453999999997,-38.4930038,centroide_bairro,990000.0,195.0,5076.92,4,,"Amplo, bastante privacidade 3vagas liga 9 8 7 4 8 3 1 0 8 Diego9989f",,2026-10-02T23:56:31,faixa 650-1000 mil
https://ce.olx.com.br/fortaleza-e-regiao/imoveis/apartamento-a-venda-com-3-quartos-em-aldeota-fortaleza-ce-1538210949,olx,fortaleza,Aldeota,,,,750000.0,147.0,5102.04,3,,Apartamento à Venda com 3 quartos em Aldeota - Fortaleza - CE,,2026-10-02T23:56:28,faixa 650-1000 mil
https://ce.olx.com.br/fortaleza-e-regiao/imoveis/apartamento-147m-de-area-3-quartos-com-suite-3-vagas-4-banheiros-bairro-aldeota-fort-1538306381,olx,fortaleza,Aldeota,,,,750000.0,147.0,5102.04,3,,"Apartamento, 147m² de área 3 quartos/com suíte, 3 vagas, 4 banheiros bairro Aldeota - Fort",,2026-10-02T23:56:30,faixa 650-1000 mil
https://ce.olx.com.br/fortaleza-e-regiao/imoveis/apartamento-a-venda-no-bairro-aldeota-condominio-la-rochelle-1539779944,olx,fortaleza,Aldeota,,,,750000.0,147.0,5102.04,4,,Apartamento à venda no Bairro Aldeota | Condomínio La Rochelle,,2026-10-02T23:56:27,faixa 650-1000 mil
https://ce.olx.com.br/fortaleza-e-regiao/imoveis/hadar-apartamento-na-aldeota-em-fortaleza-ce-1538345610,olx,fortaleza,Meireles,-3.723857333333333,-38.50599833333333,centroide_bairro,750000.0,147.0,5102.04,4,,HADAR  APARTAMENTO NA ALDEOTA EM FORTALEZA/CE,,2026-10-02T23:56:30,faixa 650-1000 mil
https://ce.olx.com.br/fortaleza-e-regiao/imoveis/apartamento-com-3-quartos-a-venda-133-m-por-r-680-000-aldeota-fortaleza-ce-1540141830,olx,fortaleza,Aldeota,,,,680000.0,133.0,5112.78,3,,"Apartamento com 3 quartos à venda, 133 m² por R$ 680.000 - Aldeota - Fortaleza/CE",,2026-10-02T23:56:28,faixa 650-1000 mil
https://ce.olx.com.br/fortaleza-e-regiao/imoveis/edificio-jose-c-pinho-apto-176m-4-suites-meireles-500-metros-da-beira-mar-1536349197,olx,fortaleza,Meireles,-3.723857333333333,-38.50599833333333,centroide_bairro,900000.0,176.0,5113.64,4,,Edifício José C. Pinho / Apto 176m² 4 suítes Meireles 500 metros da Beira Mar,,2026-10-02T23:56:26,faixa 650-1000 mil
https://ce.olx.com.br/fortaleza-e-regiao/imoveis/apartamento-com-piscina-com-3-dormitorios-a-venda-135-m-por-r-695-000-coco-fortalez-1528550650,olx,fortaleza,Cocó,-3.7468708,-38.473496,centroide_bairro,695000.0,135.0,5148.15,3,,"Apartamento com Piscina com 3 dormitórios à venda, 135 m² por R$ 695.000 - Cocó - Fortalez",,2026-10-02T23:56:28,faixa 650-1000 mil
https://ce.olx.com.br/fortaleza-e-regiao/imoveis/130m-a-3-quadras-da-beira-mar-clube-nautico-1405770836,olx,fortaleza,Meireles,-3.723857333333333,-38.50599833333333,centroide_bairro,670000.0,130.0,5153.85,3,,130M² a 3 quadras da Beira-Mar (Clube Náutico),,2026-10-02T23:56:29,faixa 650-1000 mil
https://ce.olx.com.br/fortaleza-e-regiao/imoveis/amplo-apto-cambeba-gran-parc-liga-9-8-7-4-8-3-1-0-8-diego9989f-1261237848,olx,fortaleza,Cambeba,,,,675000.0,129.0,5232.56,3,,Amplo apto cambeba gran parc liga 9 8 7 4 8 3 1 0 8 Diego9989f,,2026-10-02T23:56:29,faixa 650-1000 mil
https://ce.olx.com.br/fortaleza-e-regiao/imoveis/amplo-apto-cambeba-gran-parc-liga-9-8-7-4-8-3-1-0-8-diego9989f-1261237973,olx,fortaleza,Cambeba,,,,675000.0,129.0,5232.56,3,,Amplo apto cambeba gran parc liga 9 8 7 4 8 3 1 0 8 Diego9989f,,2026-10-02T23:56:31,faixa 650-1000 mil
https://ce.olx.com.br/fortaleza-e-regiao/imoveis/apartamento-no-condominio-do-edificio-san-diego-coco-fortaleza-1539989872,olx,fortaleza,Cidade 2000,,,,750000.0,143.0,5244.76,3,,"Apartamento no Condomínio do Edifício San Diego  Cocó, Fortaleza",,2026-10-02T23:56:28,faixa 650-1000 mil
https://ce.olx.com.br/fortaleza-e-regiao/imoveis/apartamento-com-3-dormitorios-a-venda-188-m-por-r-990-000-00-meireles-fortaleza-ce-1438588733,olx,fortaleza,Meireles,-3.723857333333333,-38.50599833333333,centroide_bairro,990000.0,188.0,5265.96,3,,"Apartamento com 3 dormitórios à venda, 188 m² por R$ 990.000,00 - Meireles - Fortaleza/CE",,2026-10-02T23:56:26,faixa 650-1000 mil
https://ce.olx.com.br/fortaleza-e-regiao/imoveis/apartamento-com-4-quartos-a-venda-em-aldeota-ce-1501760968,olx,fortaleza,Aldeota,,,,760000.0,144.0,5277.78,4,,Apartamento com 4 quartos à venda em Aldeota - CE,,2026-10-02T23:56:26,faixa 650-1000 mil
https://ce.olx.com.br/fortaleza-e-regiao/imoveis/apartamento-a-venda-127-m-por-r-675-000-00-luciano-cavalcante-fortaleza-ce-1540926689,olx,fortaleza,Engenheiro Luciano Cavalcante,-3.7695453999999997,-38.4930038,centroide_bairro,675000.0,127.0,5314.96,3,,"Apartamento à venda, 127 m² por R$ 675.000,00 - Luciano Cavalcante - Fortaleza/CE",,2026-10-02T23:56:25,faixa 650-1000 mil
https://ce.olx.com.br/fortaleza-e-regiao/imoveis/brooklin-meireles-3stes-liga-9-87-48-31-08-diego9989f-dfatimvian-oportunidade--para-ref-1521076310,olx,fortaleza,Meireles,-3.723857333333333,-38.50599833333333,centroide_bairro,799991.0,150.0,5333.27,4,,Brooklin Meireles 3stes liga 9 87 48 31 08 Diego9989f dfatimvian oportunidade -_- para ref,,2026-10-02T23:56:29,faixa 650-1000 mil
https://ce.olx.com.br/fortaleza-e-regiao/imoveis/apartamento-no-condominio-edificio-almofalla-coco-fortaleza-1538214507,olx,fortaleza,Cocó,-3.7468708,-38.473496,centroide_bairro,690000.0,128.0,5390.62,3,,"Apartamento no Condomínio Edificio Almofalla  Cocó, Fortaleza",,2026-10-02T23:56:29,faixa 650-1000 mil
https://ce.olx.com.br/fortaleza-e-regiao/imoveis/imovel-para-venda-tem-136-metros-quadrados-com-3-quartos-em-varjota-fortaleza-ce-1538611085,olx,fortaleza,Varjota,,,,739000.0,136.0,5433.82,3,,Imóvel para venda tem 136 metros quadrados com 3 quartos em Varjota - Fortaleza - CE,,2026-10-02T23:56:29,faixa 650-1000 mil
https://ce.olx.com.br/fortaleza-e-regiao/imoveis/imovel-para-venda-possui-156-metros-quadrados-com-3-quartos-em-aldeota-fortaleza-ce-1538464586,olx,fortaleza,Aldeota,,,,850000.0,156.0,5448.72,3,,Imóvel para venda possui 156 metros quadrados com 3 quartos em Aldeota - Fortaleza - CE,,2026-10-02T23:56:29,faixa 650-1000 mil
https://ce.olx.com.br/fortaleza-e-regiao/imoveis/apartamento-com-4-quartos-a-venda-em-aldeota-ce-1501450217,olx,fortaleza,Aldeota,,,,850000.0,156.0,5448.72,4,,Apartamento com 4 quartos à venda em Aldeota - CE,,2026-10-02T23:56:26,faixa 650-1000 mil
https://ce.olx.com.br/fortaleza-e-regiao/imoveis/imovel-para-venda-com-135-metros-quadrados-com-4-quartos-em-meireles-fortaleza-ce-1427635820,olx,fortaleza,Meireles,-3.723857333333333,-38.50599833333333,centroide_bairro,740000.0,135.0,5481.48,4,,Imóvel para venda com 135 metros quadrados com 4 quartos em Meireles - Fortaleza - CE,,2026-10-02T23:56:25,faixa 650-1000 mil
https://ce.olx.com.br/fortaleza-e-regiao/imoveis/apartamento-coco-1538008193,olx,fortaleza,Cocó,-3.7468708,-38.473496,centroide_bairro,650000.0,118.0,5508.47,3,,Apartamento Cocó,,2026-10-02T23:56:31,faixa 650-1000 mil
https://ce.olx.com.br/fortaleza-e-regiao/imoveis/procurando-achou-118m2-3suites-2vagas-d336-liga-9-8-7-4-8-3-1-0-8-diego9989f-697772341,olx,fortaleza,Aldeota,,,,650001.0,118.0,5508.48,4,,Procurando? Achou 118m2 3suites 2vagas d336 liga 9 8 7 4 8 3 1 0 8 Diego9989f,,2026-10-02T23:56:31,faixa 650-1000 mil
https://ce.olx.com.br/fortaleza-e-regiao/imoveis/apartamento-a-venda-no-aldeota-fortaleza-1432536664,olx,fortaleza,Aldeota,,,,690000.0,125.0,5520.0,3,,"Apartamento à venda no Aldeota, Fortaleza",,2026-10-02T23:56:25,faixa 650-1000 mil
https://ce.olx.com.br/fortaleza-e-regiao/imoveis/apartamento-na-aldeota-varanda-03-quartos-sala-em-cozinha-area-de-servico-02-vaga-1455190464,olx,fortaleza,Meireles,-3.723857333333333,-38.50599833333333,centroide_bairro,730000.0,132.0,5530.3,3,,"Apartamento na Aldeota, varanda, 03 quartos, sala em , cozinha, área de serviço, 02 vaga",,2026-10-02T23:56:29,faixa 650-1000 mil
https://ce.olx.com.br/fortaleza-e-regiao/imoveis/apartamento-a-venda-em-fortaleza-no-bairro-coco-1539780362,olx,fortaleza,Cocó,-3.7468708,-38.473496,centroide_bairro,670000.0,121.0,5537.19,3,,Apartamento à venda em Fortaleza no bairro Cocó .,,2026-10-02T23:56:27,faixa 650-1000 mil
https://ce.olx.com.br/fortaleza-e-regiao/imoveis/apartamento-reformado-todo-no-porcelanatom-viz-col-chriustus-barao-de-studart-1445888275,olx,fortaleza,Aldeota,,,,970000.0,175.0,5542.86,3,,"Apartamento reformado, todo no porcelanatom viz. Col, Chriustus Barão de studart",,2026-10-02T23:56:25,faixa 650-1000 mil
https://ce.olx.com.br/fortaleza-e-regiao/imoveis/apartamento-padrao-a-venda-no-bairro-meireles-fortaleza-ce-1538125763,olx,fortaleza,Meireles,-3.723857333333333,-38.50599833333333,centroide_bairro,750000.0,135.0,5555.56,3,,Apartamento Padrão à Venda no bairro Meireles - Fortaleza/CE,,2026-10-02T23:56:31,faixa 650-1000 mil
https://ce.olx.com.br/fortaleza-e-regiao/imoveis/apartamento-com-3-quartos-a-venda-em-meireles-ce-1342654973,olx,fortaleza,Meireles,-3.723857333333333,-38.50599833333333,centroide_bairro,799900.0,143.0,5593.71,3,,Apartamento com 3 quartos à venda em Meireles - CE,,2026-10-02T23:56:26,faixa 650-1000 mil
https://ce.olx.com.br/fortaleza-e-regiao/imoveis/apartamento-a-venda-no-meireles-fortaleza-1503832456,olx,fortaleza,Meireles,-3.723857333333333,-38.50599833333333,centroide_bairro,750000.0,134.0,5597.01,3,,"Apartamento à venda no Meireles, Fortaleza",,2026-10-02T23:56:25,faixa 650-1000 mil
https://ce.olx.com.br/fortaleza-e-regiao/imoveis/apartamento-a-venda-edificio-aspen-bairro-aldeota-fortaleza-ce-1538371531,olx,fortaleza,Aldeota,,,,756000.0,134.0,5641.79,3,,Apartamento à venda | Edifício Aspen | Bairro Aldeota | Fortaleza (CE) -,,2026-10-02T23:56:30,faixa 650-1000 mil
https://ce.olx.com.br/fortaleza-e-regiao/imoveis/imovel-para-venda-tem-147-metros-quadrados-com-3-quartos-em-meireles-fortaleza-ce-1539022799,olx,fortaleza,Meireles,-3.723857333333333,-38.50599833333333,centroide_bairro,830000.0,147.0,5646.26,3,,Imóvel para venda tem 147 metros quadrados com 3 quartos em Meireles - Fortaleza - CE,,2026-10-02T23:56:29,faixa 650-1000 mil
https://ce.olx.com.br/fortaleza-e-regiao/imoveis/apartamento-a-venda-em-fortaleza-meireles-com-4-quartos-com-147-m-edificio-monte-liba-1540604660,olx,fortaleza,Meireles,-3.723857333333333,-38.50599833333333,centroide_bairro,830000.0,147.0,5646.26,4,,"Apartamento à venda em Fortaleza, Meireles, com 4 quartos, com 147 m², Edifício Monte Líba",,2026-10-02T23:56:26,faixa 650-1000 mil
https://ce.olx.com.br/fortaleza-e-regiao/imoveis/apartamento-com-3-dormitorios-a-venda-122-m-por-r-690-000-00-meireles-fortaleza-ce-1539236792,olx,fortaleza,Meireles,-3.723857333333333,-38.50599833333333,centroide_bairro,690000.0,122.0,5655.74,3,,"Apartamento com 3 dormitórios à venda, 122 m² por R$ 690.000,00 - Meireles - Fortaleza/CE",,2026-10-02T23:56:29,faixa 650-1000 mil
https://ce.olx.com.br/fortaleza-e-regiao/imoveis/imovel-a-venda-na-aldeota-150m-3-suites-e-3-vagas-proximo-a-av-dom-luis-confira-1539964734,olx,fortaleza,Aldeota,,,,850000.0,150.0,5666.67,3,,Imóvel a Venda na Aldeota | 150m² | 3 Suítes e 3 Vagas | Próximo a Av. Dom Luis | Confira!,,2026-10-02T23:56:28,faixa 650-1000 mil
https://ce.olx.com.br/fortaleza-e-regiao/imoveis/apartamento-nascente-na-aldeota-3-quartos-134-m-1538657469,olx,fortaleza,Aldeota,,,,760000.0,134.0,5671.64,3,,"Apartamento nascente na Aldeota: 3 Quartos, 134 m²",,2026-10-02T23:56:29,faixa 650-1000 mil
https://ce.olx.com.br/fortaleza-e-regiao/imoveis/porteira-fechada-no-meireles-1539894402,olx,fortaleza,Meireles,-3.723857333333333,-38.50599833333333,centroide_bairro,830000.0,146.0,5684.93,3,,porteira fechada no Meireles,,2026-10-02T23:56:28,faixa 650-1000 mil
https://ce.olx.com.br/fortaleza-e-regiao/imoveis/apartamento-com-4-dormitorios-a-venda-120-m-por-r-690-000-aldeota-fortaleza-ce-1540453029,olx,fortaleza,Aldeota,,,,690000.0,121.0,5702.48,4,,"Apartamento com 4 dormitórios à venda, 120 m² por R$ 690.000 - Aldeota - Fortaleza/CE",,2026-10-02T23:56:26,faixa 650-1000 mil
https://ce.olx.com.br/fortaleza-e-regiao/imoveis/apartamento-exclusivo-no-meireles-conforto-seguranca-e-prestigio-1498194767,olx,fortaleza,Aldeota,,,,945000.0,165.0,5727.27,3,,"APARTAMENTO EXCLUSIVO NO MEIRELES  CONFORTO, SEGURANÇA E PRESTÍGIO",,2026-10-02T23:56:25,faixa 650-1000 mil
https://ce.olx.com.br/fortaleza-e-regiao/imoveis/apto-projetado-nascente-total-na-varjota-com-136m-1540417244,olx,fortaleza,Varjota,,,,780000.0,136.0,5735.29,3,,Apto Projetado Nascente Total na Varjota com 136m²,,2026-10-02T23:56:26,faixa 650-1000 mil
https://ce.olx.com.br/fortaleza-e-regiao/imoveis/more-na-aldeota-120m-3qts-gab-100-reformado-1538572119,olx,fortaleza,Aldeota,,,,690000.0,120.0,5750.0,3,,"More na Aldeota, 120m², 3qts + Gab, 100% Reformado",,2026-10-02T23:56:29,faixa 650-1000 mil
https://ce.olx.com.br/fortaleza-e-regiao/imoveis/apartamento-de-120m-no-aldeota-com-4-quartos-e-2-vagas-soltas-1539547446,olx,fortaleza,Aldeota,,,,690000.0,120.0,5750.0,4,,"Apartamento de 120m² no Aldeota, com 4 quartos e 2 vagas soltas.",,2026-10-02T23:56:28,faixa 650-1000 mil
https://ce.olx.com.br/fortaleza-e-regiao/imoveis/apartamento-na-aldeota-120m-4-quartos-1538352764,olx,fortaleza,Aldeota,,,,690000.0,120.0,5750.0,4,,"Apartamento na Aldeota, 120m², 4 quartos",,2026-10-02T23:56:30,faixa 650-1000 mil
https://ce.olx.com.br/fortaleza-e-regiao/imoveis/apartamento-no-condominio-edificio-macondo-aldeota-fortaleza-1538213892,olx,fortaleza,Aldeota,,,,690000.0,120.0,5750.0,4,,"Apartamento no Condomínio Edifício Macondo  Aldeota, Fortaleza",,2026-10-02T23:56:29,faixa 650-1000 mil
https://www.zapimoveis.com.br/imovel/venda-apartamento-4-quartos-mobiliado-meireles-fortaleza-ce-160m2-id-2888720181/,zapimoveis,fortaleza,Mucuripe,-3.724543,-38.486019,exata,920000.0,160.0,5750.0,4,torre,,,2026-10-02T23:56:24,faixa 650-1000 mil
https://ce.olx.com.br/fortaleza-e-regiao/imoveis/alto-padrao-no-meireles-por-apenas-r-950-mil-1508417023,olx,fortaleza,Aldeota,,,,950000.0,165.0,5757.58,3,,ALTO PADRÃO NO MEIRELES POR APENAS R$ 950 MIL!,,2026-10-02T23:56:25,faixa 650-1000 mil
https://ce.olx.com.br/fortaleza-e-regiao/imoveis/apartamento-de-alto-padrao-a-venda-no-meireles-1498196036,olx,fortaleza,Aldeota,,,,950000.0,165.0,5757.58,3,,Apartamento de Alto Padrão a Venda  no Meireles,,2026-10-02T23:56:25,faixa 650-1000 mil
https://ce.olx.com.br/fortaleza-e-regiao/imoveis/apartamento-para-venda-em-fortaleza-aldeota-3-dormitorios-3-suites-5-banheiros-4-vaga-1538356660,olx,fortaleza,Aldeota,,,,950000.0,165.0,5757.58,3,,"Apartamento para Venda em Fortaleza, Aldeota, 3 dormitórios, 3 suítes, 5 banheiros, 4 vaga",,2026-10-02T23:56:30,faixa 650-1000 mil
https://ce.olx.com.br/fortaleza-e-regiao/imoveis/apartamento-residencial-de-116-40-m-a-venda-na-aldeota-fortaleza-1540912381,olx,fortaleza,Aldeota,,,,670000.0,116.0,5775.86,3,,"Apartamento residencial de 116,40 m² à venda na Aldeota, Fortaleza",,2026-10-02T23:56:25,faixa 650-1000 mil
https://ce.olx.com.br/fortaleza-e-regiao/imoveis/apartamento-no-condominio-edificio-alda-cardoso-linhares-meireles-fortaleza-1538214571,olx,fortaleza,Meireles,-3.723857333333333,-38.50599833333333,centroide_bairro,790000.0,135.0,5851.85,3,,"Apartamento no Condomínio Edifício Alda Cardoso Linhares  Meireles, Fortaleza",,2026-10-02T23:56:29,faixa 650-1000 mil
https://ce.olx.com.br/fortaleza-e-regiao/imoveis/apartamento-no-meireles-3-quartos-120m2-1455930034,olx,fortaleza,Meireles,-3.723857333333333,-38.50599833333333,centroide_bairro,710000.0,120.0,5916.67,3,,"Apartamento no Meireles, 3 quartos, 120m2.",,2026-10-02T23:56:25,faixa 650-1000 mil
https://ce.olx.com.br/fortaleza-e-regiao/imoveis/apartamento-no-palazzo-vitoria-aldeota-fortaleza-1538213859,olx,fortaleza,Aldeota,,,,890000.0,150.0,5933.33,3,,"Apartamento no Palazzo Vitória  Aldeota, Fortaleza",,2026-10-02T23:56:29,faixa 650-1000 mil
https://ce.olx.com.br/fortaleza-e-regiao/imoveis/apartamento-para-venda-em-fortaleza-guararapes-3-dormitorios-3-suites-3-banheiros-3-v-1538356606,olx,fortaleza,Guararapes,-3.759838333333333,-38.486401666666666,centroide_bairro,750000.0,126.0,5952.38,3,,"Apartamento para Venda em Fortaleza, Guararapes, 3 dormitórios, 3 suítes, 3 banheiros, 3 v",,2026-10-02T23:56:30,faixa 650-1000 mil
https://www.chavesnamao.com.br/imovel/apartamento-a-venda-3-quartos-com-garagem-ce-fortaleza-coco-117m2-RS700000/id-45793950/,chavesnamao,fortaleza,Cocó,-3.7468708,-38.473496,centroide_bairro,700000.0,117.0,5982.91,3,,,,2026-10-02T23:56:24,faixa 650-1000 mil
https://ce.olx.com.br/fortaleza-e-regiao/imoveis/apartamento-no-coco-fortaleza-1538214635,olx,fortaleza,Cocó,-3.7468708,-38.473496,centroide_bairro,790000.0,132.0,5984.85,3,,"Apartamento no Cocó, Fortaleza",,2026-10-02T23:56:29,faixa 650-1000 mil
https://ce.olx.com.br/fortaleza-e-regiao/imoveis/apartamento-no-condominio-do-edificio-residencial-porto-seguro-aldeota-fortaleza-1539990317,olx,fortaleza,Papicu,,,,870000.0,145.0,6000.0,3,,"Apartamento no Condomínio do Edifício Residencial Porto Seguro  Aldeota, Fortaleza",,2026-10-02T23:56:28,faixa 650-1000 mil
https://ce.olx.com.br/fortaleza-e-regiao/imoveis/apartamento-com-3-dormitorios-a-venda-141-m-por-r-850-000-00-coco-fortaleza-ce-1540463923,olx,fortaleza,Cocó,-3.7468708,-38.473496,centroide_bairro,850000.0,141.0,6028.37,3,,"Apartamento com 3 dormitórios à venda, 141 m² por R$ 850.000,00 - Cocó - Fortaleza/CE",,2026-10-02T23:56:26,faixa 650-1000 mil
https://www.zapimoveis.com.br/imovel/venda-apartamento-3-quartos-guararapes-fortaleza-ce-107m2-id-2899267375/,zapimoveis,fortaleza,Guararapes,-3.761263,-38.484013,exata,650000.0,107.0,6074.77,3,indefinido,,,2026-10-02T23:56:24,faixa 650-1000 mil
https://ce.olx.com.br/fortaleza-e-regiao/imoveis/more-no-coracao-do-dionisio-torres-em-125m2-em-4-quartos-e-amplos-ambientes-totalmemente-1540912900,olx,fortaleza,Dionisio Torres,-3.7464095000000004,-38.505548000000005,centroide_bairro,770000.0,125.0,6160.0,4,,"MORE NO CORAÇÃO DO DIONÍSIO TORRES, EM 125M2, EM 4 QUARTOS E AMPLOS AMBIENTES TOTALMEMENTE",,2026-10-02T23:56:25,faixa 650-1000 mil
https://ce.olx.com.br/fortaleza-e-regiao/imoveis/127m2-reformado-d791-liga-9-8-7-4-8-3-1-0-8-diego9989f-jardim-de-gramado-735754129,olx,fortaleza,Meireles,-3.723857333333333,-38.50599833333333,centroide_bairro,790001.0,127.0,6220.48,4,,127m2 reformado d791 liga 9 8 7 4 8 3 1 0 8 Diego9989f jardim de gramado,,2026-10-02T23:56:29,faixa 650-1000 mil
https://ce.olx.com.br/fortaleza-e-regiao/imoveis/apartamento-com-3-dormitorios-a-venda-112-m-por-r-699-000-fatima-fortaleza-ce-1540926692,olx,fortaleza,Fátima,,,,699000.0,112.0,6241.07,3,,"Apartamento com 3 dormitórios à venda, 112 m² por R$ 699.000 - Fátima - Fortaleza/CE",,2026-10-02T23:56:25,faixa 650-1000 mil
https://ce.olx.com.br/fortaleza-e-regiao/imoveis/imovel-para-venda-tem-152-metros-quadrados-com-3-quartos-em-aldeota-fortaleza-ce-1540837197,olx,fortaleza,Aldeota,,,,950000.0,152.0,6250.0,3,,Imóvel para venda tem 152 metros quadrados com 3 quartos em Aldeota - Fortaleza - CE,,2026-10-02T23:56:25,faixa 650-1000 mil
https://ce.olx.com.br/fortaleza-e-regiao/imoveis/apartamento-com-3-dormitorios-a-venda-152-m-por-r-950-000-aldeota-fortaleza-ce-1540144400,olx,fortaleza,Aldeota,,,,950000.0,152.0,6250.0,3,,"Apartamento com 3 dormitórios à venda, 152 m² por R$ 950.000 - Aldeota - Fortaleza/CE",,2026-10-02T23:56:28,faixa 650-1000 mil
https://ce.olx.com.br/fortaleza-e-regiao/imoveis/apartamento-a-venda-no-bairro-aldeota-no-condominio-liverpool-1539862126,olx,fortaleza,Aldeota,,,,950000.0,152.0,6250.0,3,,Apartamento à venda no bairro Aldeota no Condomínio Liverpool.,,2026-10-02T23:56:27,faixa 650-1000 mil
https://ce.olx.com.br/fortaleza-e-regiao/imoveis/apartamento-venda-aldeota-1539862109,olx,fortaleza,Aldeota,,,,950000.0,152.0,6250.0,3,,Apartamento | Venda | Aldeota,,2026-10-02T23:56:27,faixa 650-1000 mil
https://ce.olx.com.br/fortaleza-e-regiao/imoveis/oportunidade-apartamento-venda-bairro-de-fatima-1538570922,olx,fortaleza,José Bonifácio,,,,750000.0,120.0,6250.0,4,,Oportunidade Apartamento À Venda - Bairro de Fátima,,2026-10-02T23:56:26,faixa 650-1000 mil
https://ce.olx.com.br/fortaleza-e-regiao/imoveis/imovel-para-venda-possui-120-metros-quadrados-com-4-quartos-em-jose-bonifacio-fortaleza-1539013750,olx,fortaleza,José Bonifácio,,,,750000.0,120.0,6250.0,4,,Imóvel para venda possui 120 metros quadrados com 4 quartos em José Bonifácio - Fortaleza,,2026-10-02T23:56:29,faixa 650-1000 mil
https://ce.olx.com.br/fortaleza-e-regiao/imoveis/imovel-para-venda-tem-120-metros-quadrados-com-4-quartos-em-jose-bonifacio-fortaleza-c-1538428621,olx,fortaleza,José Bonifácio,,,,750000.0,120.0,6250.0,4,,Imóvel para venda tem 120 metros quadrados com 4 quartos em José Bonifácio - Fortaleza - C,,2026-10-02T23:56:29,faixa 650-1000 mil
https://ce.olx.com.br/fortaleza-e-regiao/imoveis/apartamento-para-venda-3-quarto-s-aldeota-fortaleza-1540454274,olx,fortaleza,Aldeota,,,,950000.0,152.0,6250.0,3,,"Apartamento para venda, 3 quarto(s), Aldeota, Fortaleza",,2026-10-02T23:56:26,faixa 650-1000 mil
https://ce.olx.com.br/fortaleza-e-regiao/imoveis/ed-liverpool-moveis-projetados-9o-andar-152m2-4-qtos-3-vagas-quadra-e-salao-de-fes-1539700852,olx,fortaleza,Aldeota,,,,950000.0,152.0,6250.0,5,,"Ed. Liverpool, Móveis Projetados, 9o. Andar, 152m2, 4 Qtos, 3 Vagas, Quadra e Salão de Fes",,2026-10-02T23:56:28,faixa 650-1000 mil
https://ce.olx.com.br/fortaleza-e-regiao/imoveis/jardim-de-gramado-pesquisas-liga-9-8-7-4-8-3-1-0-8-diego9989f-nos-temos-c-l-i-e-n-t-e-s-735747826,olx,fortaleza,Varjota,,,,799999.0,127.0,6299.2,4,,Jardim de Gramado PESQUISAS Liga 9 8 7 4 8 3 1 0 8 Diego9989f NÓS TEMOS C L I E N T E S -_,,2026-10-02T23:56:29,faixa 650-1000 mil
https://ce.olx.com.br/fortaleza-e-regiao/imoveis/125m2-03-suites-gabinete-a-50m-do-colegio-fb-av-dom-luis-bairro-varjota-1158971863,olx,fortaleza,Varjota,,,,790001.0,125.0,6320.01,4,,"125m2, 03 Suítes + Gabinete. A 50m do Colégio FB Av. Dom Luis. Bairro Varjota",,2026-10-02T23:56:30,faixa 650-1000 mil
https://ce.olx.com.br/fortaleza-e-regiao/imoveis/imovel-para-venda-possui-106-metros-quadrados-com-4-quartos-em-benfica-fortaleza-ce-1540952465,olx,fortaleza,Benfica,,,,670000.0,106.0,6320.75,4,,Imóvel para venda possui 106 metros quadrados com 4 quartos em Benfica - Fortaleza - CE,,2026-10-02T23:56:25,faixa 650-1000 mil
https://ce.olx.com.br/fortaleza-e-regiao/imoveis/more-na-aldeota-150m-3-suites-1540831299,olx,fortaleza,Aldeota,,,,950000.0,150.0,6333.33,3,,"More na Aldeota, 150m², 3 suites",,2026-10-02T23:56:25,faixa 650-1000 mil
https://ce.olx.com.br/fortaleza-e-regiao/imoveis/edificio-dubai-1540460650,olx,fortaleza,Dionisio Torres,-3.7464095000000004,-38.505548000000005,centroide_bairro,745000.0,117.0,6367.52,3,,Edificio Dubai,,2026-10-02T23:56:26,faixa 650-1000 mil
https://ce.olx.com.br/fortaleza-e-regiao/imoveis/apartamento-para-venda-em-fortaleza-varjota-3-dormitorios-2-suites-3-banheiros-2-vaga-1538320075,olx,fortaleza,Varjota,,,,800000.0,125.0,6400.0,3,,"Apartamento para Venda em Fortaleza, Varjota, 3 dormitórios, 2 suítes, 3 banheiros, 2 vaga",,2026-10-02T23:56:30,faixa 650-1000 mil
https://ce.olx.com.br/fortaleza-e-regiao/imoveis/apartamento-no-edificio-dubai-dionisio-torres-fortaleza-1538213945,olx,fortaleza,Dionisio Torres,-3.7464095000000004,-38.505548000000005,centroide_bairro,760000.0,118.0,6440.68,3,,"Apartamento no Edifício Dubai  Dionísio Torres, Fortaleza",,2026-10-02T23:56:29,faixa 650-1000 mil
https://ce.olx.com.br/fortaleza-e-regiao/imoveis/apartamento-no-edificio-dubai-dionisio-torres-fortaleza-1538213769,olx,fortaleza,Dionisio Torres,-3.7464095000000004,-38.505548000000005,centroide_bairro,760000.0,118.0,6440.68,3,,"Apartamento no Edifício Dubai  Dionísio Torres, Fortaleza",,2026-10-02T23:56:29,faixa 650-1000 mil
https://ce.olx.com.br/fortaleza-e-regiao/imoveis/apartamento-de-150m-na-varjota-com-3-suites-e-2-vagas-1538777130,olx,fortaleza,Varjota,,,,970000.0,150.0,6466.67,3,,"Apartamento de 150m² na Varjota, com 3 suítes e 2 vagas.",,2026-10-02T23:56:29,faixa 650-1000 mil
https://ce.olx.com.br/fortaleza-e-regiao/imoveis/apartamento-de-117m-no-bairro-dionisio-torres-com-3-suites-e-com-2-vagas-1540315951,olx,fortaleza,Dionisio Torres,-3.7464095000000004,-38.505548000000005,centroide_bairro,760000.0,117.0,6495.73,3,,"Apartamento de 117m² no bairro Dionísio Torres, com 3 suítes e com 2 vagas.",,2026-10-02T23:56:26,faixa 650-1000 mil
https://ce.olx.com.br/fortaleza-e-regiao/imoveis/edificio-dubai-dionisio-torres-1518231248,olx,fortaleza,Dionisio Torres,-3.7464095000000004,-38.505548000000005,centroide_bairro,760000.0,117.0,6495.73,3,,Edificio Dubai - Dionisio Torres,,2026-10-02T23:56:26,faixa 650-1000 mil
https://ce.olx.com.br/fortaleza-e-regiao/imoveis/porteira-fechada-um-apartamento-para-quem-valoriza-sofisticacao-praticidade-e-localizaca-1538946316,olx,fortaleza,Dionisio Torres,-3.7464095000000004,-38.505548000000005,centroide_bairro,760000.0,117.0,6495.73,3,,"Porteira fechada. Um apartamento para quem valoriza sofisticação, praticidade e localizaçã",,2026-10-02T23:56:29,faixa 650-1000 mil
https://ce.olx.com.br/fortaleza-e-regiao/imoveis/apartamento-no-joaquim-tavora-120m-3-suites-proximo-ao-mercadinho-sao-luiz-1540752981,olx,fortaleza,Tauape,,,,780000.0,120.0,6500.0,3,,"Apartamento no Joaquim Távora 120m², 3 Suítes, Próximo ao Mercadinho São Luiz.",,2026-10-02T23:56:26,faixa 650-1000 mil
https://ce.olx.com.br/fortaleza-e-regiao/imoveis/lindo-apartamento-com-porteita-fechada-nascente-1538815820,olx,fortaleza,Dionisio Torres,-3.7464095000000004,-38.505548000000005,centroide_bairro,765000.0,117.0,6538.46,3,,"Lindo apartamento com porteita fechada ,nascente .",,2026-10-02T23:56:29,faixa 650-1000 mil
https://ce.olx.com.br/fortaleza-e-regiao/imoveis/apartamento-a-venda-no-bairro-meireles-condominio-fellini-1539780234,olx,fortaleza,Meireles,-3.723857333333333,-38.50599833333333,centroide_bairro,850000.0,130.0,6538.46,4,,Apartamento à venda no bairro Meireles | Condomínio Fellini.,,2026-10-02T23:56:27,faixa 650-1000 mil
https://ce.olx.com.br/fortaleza-e-regiao/imoveis/edificio-itapua-imovel-para-venda-com-122m-com-3-quartos-em-aldeota-fortaleza-ce-1539895969,olx,fortaleza,Aldeota,,,,799000.0,122.0,6549.18,3,,Edificio Itapuã Imóvel para venda com 122m com 3 quartos em Aldeota - Fortaleza - CE,,2026-10-02T23:56:28,faixa 650-1000 mil
https://ce.olx.com.br/fortaleza-e-regiao/imoveis/cobertura-venda-no-benfica-102-m-3-quartos-2-vagas-1540670674,olx,fortaleza,Benfica,,,,670000.0,102.0,6568.63,2,,COBERTURA À VENDA NO BENFICA - 102 m² | 3 QUARTOS | 2 VAGAS,,2026-10-02T23:56:25,faixa 650-1000 mil
https://ce.olx.com.br/fortaleza-e-regiao/imoveis/apartamento-de-120m-no-bairro-joaquim-tavora-com-3-suites-e-3-vagas-1540526280,olx,fortaleza,Tauape,,,,795000.0,120.0,6625.0,3,,"Apartamento de 120m² no bairro Joaquim Távora, com 3 suítes e 3 vagas.",,2026-10-02T23:56:26,faixa 650-1000 mil
https://ce.olx.com.br/fortaleza-e-regiao/imoveis/500-miles-from-indianapolis-150m2-pesquisas-e-va-para-o-misael-pinheiro-na-antonio-justa-726883135,olx,fortaleza,Meireles,-3.723857333333333,-38.50599833333333,centroide_bairro,999991.0,150.0,6666.61,4,,500 Miles from Indianapolis 150m2 pesquisas e vá para o Misael Pinheiro na Antônio Justa-_,,2026-10-02T23:56:28,faixa 650-1000 mil
https://ce.olx.com.br/fortaleza-e-regiao/imoveis/joao-nunes-condominium-100-metros-3-suites-2-vagas-varandao-lazer-completo-fat-1538083587,olx,fortaleza,Fátima,,,,670000.0,100.0,6700.0,3,,João Nunes Condominium - 100 metros - 3 suítes + 2 vagas - Varandão - Lazer Completo - Fát,,2026-10-02T23:56:31,faixa 650-1000 mil
https://ce.olx.com.br/fortaleza-e-regiao/imoveis/joao-nunes-condominium-moveis-fixos-100-metros-3-suites-varandao-lazer-completo-1538082097,olx,fortaleza,Fátima,,,,670000.0,100.0,6700.0,3,,João Nunes Condominium - Móveis Fixos - 100 metros - 3 suítes - Varandão - Lazer Completo,,2026-10-02T23:56:31,faixa 650-1000 mil
https://ce.olx.com.br/fortaleza-e-regiao/imoveis/apartamento-novo-pronto-pra-morar-a-venda-no-bairro-luciano-cavalcante-condominio-castil-1539779840,olx,fortaleza,Engenheiro Luciano Cavalcante,-3.7695453999999997,-38.4930038,centroide_bairro,849000.0,126.0,6738.1,3,,Apartamento novo pronto pra morar à venda no bairro Luciano Cavalcante | Condomínio Castil,,2026-10-02T23:56:27,faixa 650-1000 mil
https://ce.olx.com.br/fortaleza-e-regiao/imoveis/apartamento-com-128m-no-edifico-anita-varjota-1539901467,olx,fortaleza,Mucuripe,-3.7251166666666666,-38.48643666666666,centroide_bairro,880000.0,128.0,6875.0,3,,Apartamento com 128m² no Edifico Anita - Varjota,,2026-10-02T23:56:28,faixa 650-1000 mil
https://ce.olx.com.br/fortaleza-e-regiao/imoveis/more-na-varjota-128m-100-reformado-1539590049,olx,fortaleza,Mucuripe,-3.7251166666666666,-38.48643666666666,centroide_bairro,880000.0,128.0,6875.0,3,,"More na Varjota, 128m², 100% Reformado",,2026-10-02T23:56:28,faixa 650-1000 mil
https://ce.olx.com.br/fortaleza-e-regiao/imoveis/apartamento-de-129m-na-varjota-com-3quartos-e-2-vagas-de-garagem-que-cabem-3-carros-1538776256,olx,fortaleza,Varjota,,,,899000.0,129.0,6968.99,3,,"Apartamento de 129m² na Varjota, com 3quartos e 2 Vagas de garagem que cabem 3 carros.",,2026-10-02T23:56:29,faixa 650-1000 mil
https://ce.olx.com.br/fortaleza-e-regiao/imoveis/apartamento-para-venda-tem-128-metros-quadrados-com-3-quartos-em-mucuripe-fortaleza-ce-1521570192,olx,fortaleza,Mucuripe,-3.7251166666666666,-38.48643666666666,centroide_bairro,899000.0,128.0,7023.44,3,,Apartamento para venda tem 128 metros quadrados com 3 quartos em Mucuripe - Fortaleza - Ce,,2026-10-02T23:56:28,faixa 650-1000 mil
https://www.zapimoveis.com.br/imovel/venda-apartamento-3-quartos-aldeota-fortaleza-ce-127m2-id-2879310583/,zapimoveis,fortaleza,Aldeota,-3.744334,-38.493006,exata,899000.0,127.0,7078.74,3,indefinido,,,2026-10-02T23:56:24,faixa 650-1000 mil
https://ce.olx.com.br/fortaleza-e-regiao/imoveis/apartamento-no-solar-de-iracema-praia-de-iracema-fortaleza-1538214042,olx,fortaleza,Centro,-3.7337629999999997,-38.5174425,centroide_bairro,800000.0,112.0,7142.86,3,,"Apartamento no Solar de Iracema  Praia de Iracema, Fortaleza",,2026-10-02T23:56:29,faixa 650-1000 mil
https://ce.olx.com.br/fortaleza-e-regiao/imoveis/oportunidade-na-parquelandia-1539730847,olx,fortaleza,Parquelândia,,,,790000.0,110.0,7181.82,4,,OPORTUNIDADE NA PARQUELÂNDIA!,,2026-10-02T23:56:28,faixa 650-1000 mil
https://ce.olx.com.br/fortaleza-e-regiao/imoveis/residencial-joaquim-nabuco-96-metros-3-suites-2-vagas-lazer-amplo-aldeota-dionis-1539878487,olx,fortaleza,Dionisio Torres,-3.7464095000000004,-38.505548000000005,centroide_bairro,690000.0,96.0,7187.5,3,,Residencial Joaquim Nabuco - 96 metros - 3 suítes + 2 vagas - Lazer Amplo - Aldeota/Dionis,,2026-10-02T23:56:28,faixa 650-1000 mil
https://ce.olx.com.br/fortaleza-e-regiao/imoveis/more-no-bairro-de-fatima-104m-lazer-completo-1538647836,olx,fortaleza,Fátima,,,,749000.0,104.0,7201.92,3,,"More no Bairro de Fátima, 104m² - Lazer completo",,2026-10-02T23:56:29,faixa 650-1000 mil
https://ce.olx.com.br/fortaleza-e-regiao/imoveis/jardins-de-atlantida-93-50m-liga-9-87-48-31-08-diego9989f-dcrisant-oportunidade-vista-mar-1502892882,olx,fortaleza,Mucuripe,-3.7251166666666666,-38.48643666666666,centroide_bairro,670000.0,93.0,7204.3,4,,"Jardins de Atlântida 93,50m liga 9 87 48 31 08 Diego9989F dcrisant oportunidade vista mar-",,2026-10-02T23:56:31,faixa 650-1000 mil
https://ce.olx.com.br/fortaleza-e-regiao/imoveis/apartamento-no-edificio-viscaya-gardens-meireles-fortaleza-1538213823,olx,fortaleza,Meireles,-3.723857333333333,-38.50599833333333,centroide_bairro,680000.0,94.0,7234.04,3,,"Apartamento no Edificio Viscaya Gardens  Meireles, Fortaleza",,2026-10-02T23:56:29,faixa 650-1000 mil
https://ce.olx.com.br/fortaleza-e-regiao/imoveis/le-premier-liga-9-87-48-31-08-diego9989f-r-dr-gilberto-studart-590-coco-fortaleza-1507186780,olx,fortaleza,Cocó,-3.7468708,-38.473496,centroide_bairro,850000.0,117.0,7264.96,3,,"Le Premier liga 9 87 48 31 08 Diego9989F R. Dr. Gilberto Studart, 590 - Cocó, Fortaleza-_-",,2026-10-02T23:56:26,faixa 650-1000 mil
https://ce.olx.com.br/fortaleza-e-regiao/imoveis/joaquim-nabuco-mobiliado-nascente-96m-2-suites-gabinete-lazer-aldeota-dionis-1539879303,olx,fortaleza,Dionisio Torres,-3.7464095000000004,-38.505548000000005,centroide_bairro,700000.0,96.0,7291.67,3,,Joaquim Nabuco - Mobiliado - Nascente - 96m - 2 suítes + Gabinete + Lazer - Aldeota/Dionis,,2026-10-02T23:56:28,faixa 650-1000 mil
https://www.zapimoveis.com.br/imovel/venda-apartamento-3-quartos-com-piscina-jose-de-alencar-fortaleza-ce-100m2-id-2618366523/,zapimoveis,fortaleza,José de Alencar,-3.797,-38.478,aproximada_portal,730000.0,100.0,7300.0,3,indefinido,,,2026-10-02T23:56:25,faixa 650-1000 mil
https://www.zapimoveis.com.br/imovel/venda-apartamento-4-quartos-com-piscina-parquelandia-fortaleza-ce-89m2-id-2659619794/,zapimoveis,fortaleza,Parquelândia,-3.741673,-38.568878,exata,650000.0,89.0,7303.37,4,torre,,,2026-10-02T23:56:24,faixa 650-1000 mil
https://ce.olx.com.br/fortaleza-e-regiao/imoveis/apartamento-de-112m-na-praia-de-iracema-com-3-suites-2-vagas-e-com-vista-mar-1538757838,olx,fortaleza,Praia de Iracema,,,,820000.0,112.0,7321.43,3,,"Apartamento de 112m² na Praia de Iracema, com 3 suítes, 2 vagas e com vista mar.",,2026-10-02T23:56:29,faixa 650-1000 mil
https://ce.olx.com.br/fortaleza-e-regiao/imoveis/apartamento-para-venda-possui-115-metros-quadrados-com-3-quartos-em-aldeota-fortaleza-1274591425,olx,fortaleza,Tauape,,,,850000.0,115.0,7391.3,3,,Apartamento para venda possui 115 metros quadrados com 3 quartos em Aldeota - Fortaleza -,,2026-10-02T23:56:26,faixa 650-1000 mil
https://ce.olx.com.br/fortaleza-e-regiao/imoveis/apartamento-porteira-fechada-com-3-quartos-no-mucuripe-r-695-000-1540896622,olx,fortaleza,Mucuripe,-3.7251166666666666,-38.48643666666666,centroide_bairro,695000.0,93.0,7473.12,3,,Apartamento Porteira Fechada Com 3 quartos no Mucuripe | R$695.000,,2026-10-02T23:56:25,faixa 650-1000 mil
https://ce.olx.com.br/fortaleza-e-regiao/imoveis/joao-nunes-condominium-reformado-e-mobiliado-100m-3-suites-varandao-lazer-amplo-1538083454,olx,fortaleza,Fátima,,,,750000.0,100.0,7500.0,3,,João Nunes Condominium - Reformado e Mobiliado - 100m² - 3 suítes - Varandão - Lazer Amplo,,2026-10-02T23:56:31,faixa 650-1000 mil
https://ce.olx.com.br/fortaleza-e-regiao/imoveis/apartamento-com-3-quartos-a-venda-100-m-por-r-750-000-meireles-fortaleza-ce-1540455156,olx,fortaleza,Meireles,-3.723857333333333,-38.50599833333333,centroide_bairro,750000.0,100.0,7500.0,3,,"Apartamento com 3 quartos à venda, 100 m² por R$ 750.000 - Meireles - Fortaleza/CE",,2026-10-02T23:56:26,faixa 650-1000 mil
https://ce.olx.com.br/fortaleza-e-regiao/imoveis/apartamento-em-aldeota-fortaleza-1540249952,olx,fortaleza,Aldeota,,,,750000.0,100.0,7500.0,3,,Apartamento em Aldeota - Fortaleza,,2026-10-02T23:56:28,faixa 650-1000 mil
https://ce.olx.com.br/fortaleza-e-regiao/imoveis/apartamento-em-meireles-fortaleza-1540453858,olx,fortaleza,Meireles,-3.723857333333333,-38.50599833333333,centroide_bairro,750000.0,100.0,7500.0,2,,Apartamento em Meireles - Fortaleza,,2026-10-02T23:56:26,faixa 650-1000 mil
https://ce.olx.com.br/fortaleza-e-regiao/imoveis/jardins-de-atlantida-mucuripe-fortaleza-ce-1540906633,olx,fortaleza,Papicu,,,,699000.0,93.0,7516.13,3,,"Jardins de Atlântida | Mucuripe, Fortaleza/CE",,2026-10-02T23:56:25,faixa 650-1000 mil
https://ce.olx.com.br/fortaleza-e-regiao/imoveis/apartamento-com-3-suites-126-50-m-area-de-lazer-2-vagas-por-r-950-000-00-bairro-coco-1539927402,olx,fortaleza,Cocó,-3.7468708,-38.473496,centroide_bairro,950000.0,126.0,7539.68,3,,"Apartamento com 3 suítes 126,50 m², área de lazer, 2 vagas por R$ 950.000,00, bairro Cocó,",,2026-10-02T23:56:28,faixa 650-1000 mil
https://ce.olx.com.br/fortaleza-e-regiao/imoveis/barbosa-de-freitas-300-110m2-liga-9-8-7-4-8-3-1-0-8-diego9989f-884828199,olx,fortaleza,Meireles,-3.723857333333333,-38.50599833333333,centroide_bairro,830000.0,110.0,7545.45,4,,"Barbosa de Freitas, 300 110m2 liga 9 8 7 4 8 3 1 0 8 Diego9989f",,2026-10-02T23:56:31,faixa 650-1000 mil
https://ce.olx.com.br/fortaleza-e-regiao/imoveis/apartamento-1539258000,olx,fortaleza,Fátima,,,,740000.0,98.0,7551.02,3,,Apartamento,,2026-10-02T23:56:28,faixa 650-1000 mil
https://ce.olx.com.br/fortaleza-e-regiao/imoveis/apartamento-a-venda-com-3-quartos-em-aldeota-fortaleza-ce-1514312644,olx,fortaleza,Aldeota,,,,850000.0,112.0,7589.29,3,,Apartamento à venda com 3 quartos em Aldeota - Fortaleza - CE,,2026-10-02T23:56:29,faixa 650-1000 mil
https://www.zapimoveis.com.br/imovel/venda-apartamento-3-quartos-parque-iracema-fortaleza-ce-112m2-id-2870220383/,zapimoveis,fortaleza,Parque Iracema,-3.806329,-38.493362,exata,850000.0,112.0,7589.29,3,indefinido,,,2026-10-02T23:56:24,faixa 650-1000 mil
https://ce.olx.com.br/fortaleza-e-regiao/imoveis/imovel-a-venda-no-dionisio-torres-130m-3-suites-e-3-vagas-andar-alto-ventilado-1539982419,olx,fortaleza,Dionisio Torres,-3.7464095000000004,-38.505548000000005,centroide_bairro,1000000.0,130.0,7692.31,3,,Imóvel a Venda no Dionisio Torres | 130m² | 3 Suítes e 3 Vagas | Andar Alto | Ventilado,,2026-10-02T23:56:28,faixa 650-1000 mil
https://ce.olx.com.br/fortaleza-e-regiao/imoveis/excelente-apt-a-venda-com-lazer-completo-nascente-106m-1539701804,olx,fortaleza,José Bonifácio,,,,820000.0,106.0,7735.85,3,,"Excelente apt. à venda com lazer completo, nascente, 106m²",,2026-10-02T23:56:28,faixa 650-1000 mil
https://ce.olx.com.br/fortaleza-e-regiao/imoveis/apartamento-no-terraco-das-aguas-87m-3-quartos-parque-iracema-1540031490,olx,fortaleza,Parque Iracema,-3.807145666666667,-38.4946365,centroide_bairro,680000.0,87.0,7816.09,3,,"APARTAMENTO NO TERRAÇO DAS ÁGUAS , 87M² 3 QUARTOS - PARQUE IRACEMA",,2026-10-02T23:56:28,faixa 650-1000 mil
https://ce.olx.com.br/fortaleza-e-regiao/imoveis/apartamento-de-126-m-condominio-castilla-e-leon-no-luciano-cavalcante-3-suites-1537888834,olx,fortaleza,Engenheiro Luciano Cavalcante,-3.7695453999999997,-38.4930038,centroide_bairro,987000.0,126.0,7833.33,3,,Apartamento de 126 m² Condomínio Castilla e Leon no Luciano Cavalcante | 3 Suítes,,2026-10-02T23:56:31,faixa 650-1000 mil
https://www.zapimoveis.com.br/imovel/venda-apartamento-3-quartos-com-piscina-parque-iracema-fortaleza-ce-112m2-id-2879427971/,zapimoveis,fortaleza,Parque Iracema,-3.80635,-38.493302,exata,879000.0,112.0,7848.21,3,torre,,,2026-10-02T23:56:25,faixa 650-1000 mil
https://ce.olx.com.br/fortaleza-e-regiao/imoveis/apartamento-no-ile-de-france-condominium-luciano-cavalcante-fortaleza-1539972709,olx,fortaleza,Engenheiro Luciano Cavalcante,-3.7695453999999997,-38.4930038,centroide_bairro,990000.0,126.0,7857.14,3,,"Apartamento no Ile de France Condominium  Luciano Cavalcante, Fortaleza",,2026-10-02T23:56:28,faixa 650-1000 mil
https://ce.olx.com.br/fortaleza-e-regiao/imoveis/apartamento-com-3-dormitorios-a-venda-126-m-por-r-990-000-00-engenheiro-luciano-caval-1539780466,olx,fortaleza,Engenheiro Luciano Cavalcante,-3.7695453999999997,-38.4930038,centroide_bairro,990000.0,126.0,7857.14,3,,"Apartamento com 3 dormitórios à venda, 126 m² por R$ 990.000,00 - Engenheiro Luciano Caval",,2026-10-02T23:56:27,faixa 650-1000 mil
https://www.zapimoveis.com.br/imovel/venda-apartamento-4-quartos-com-piscina-engenheiro-luciano-cavalcante-fortaleza-ce-126m2-id-2915325173/,zapimoveis,fortaleza,Engenheiro Luciano Cavalcante,-3.775851,-38.48725,exata,990000.0,126.0,7857.14,4,torre,,,2026-10-02T23:56:25,faixa 650-1000 mil
https://www.zapimoveis.com.br/imovel/venda-apartamento-3-quartos-coco-fortaleza-ce-127m2-id-2912832853/,zapimoveis,fortaleza,Cocó,-3.747182,-38.480617,exata,999000.0,127.0,7866.14,3,indefinido,,,2026-10-02T23:56:25,faixa 650-1000 mil
https://www.zapimoveis.com.br/imovel/venda-apartamento-3-quartos-com-piscina-parque-iracema-fortaleza-ce-120m2-id-2886454883/,zapimoveis,fortaleza,Parque Iracema,-3.805577,-38.49746,exata,950000.0,120.0,7916.67,3,indefinido,,,2026-10-02T23:56:24,faixa 650-1000 mil
https://www.chavesnamao.com.br/imovel/apartamento-a-venda-3-quartos-com-garagem-ce-fortaleza-sao-gerardo-85m2-RS675000/id-43157019/,chavesnamao,fortaleza,São Gerardo,-3.726365,-38.557007,centroide_bairro,675000.0,85.0,7941.18,3,,,,2026-10-02T23:56:23,faixa 650-1000 mil
https://ce.olx.com.br/fortaleza-e-regiao/imoveis/apartamento-no-melhor-do-cambeba-1539789841,olx,fortaleza,Parque Iracema,-3.807145666666667,-38.4946365,centroide_bairro,710000.0,89.0,7977.53,3,,Apartamento no Melhor do Cambeba!,,2026-10-02T23:56:27,faixa 650-1000 mil
https://ce.olx.com.br/fortaleza-e-regiao/imoveis/mont-parnaso-liga-9-87-48-31-08-diego-9989f-rua-carlos-vasconcelos-2676-aldeota-fortaleza-1452961150,olx,fortaleza,Joaquim Távora,,,,990000.0,124.0,7983.87,4,,"Mont Parnaso liga 9 87 48 31 08 Diego 9989f Rua Carlos Vasconcelos,2676 Aldeota Fortaleza",,2026-10-02T23:56:31,faixa 650-1000 mil
https://ce.olx.com.br/fortaleza-e-regiao/imoveis/amplo-3-suites-3-vagas-reformado-liga-9-87-48-31-08-diego9989f-mont-parnaso-carlos-vasconc-1452962123,olx,fortaleza,Joaquim Távora,,,,990000.0,124.0,7983.87,4,,Amplo 3 suítes 3 vagas reformado liga 9 87 48 31 08 Diego9989f Mont Parnaso Carlos vasconc,,2026-10-02T23:56:31,faixa 650-1000 mil
https://ce.olx.com.br/fortaleza-e-regiao/imoveis/mont-parnaso-liga-9-87-48-31-08-diego9989f-aldeota-meireles-carlos-vasconcelos-2676-oport-1452959465,olx,fortaleza,Aldeota,,,,990000.0,124.0,7983.87,4,,"Mont Parnaso Liga 9 87 48 31 08 Diego9989f aldeota Meireles Carlos Vasconcelos, 2676 oport",,2026-10-02T23:56:31,faixa 650-1000 mil
https://ce.olx.com.br/fortaleza-e-regiao/imoveis/condominio-espaco-catalunya-apartamento-com-3-quartos-1480355330,olx,fortaleza,Mucuripe,-3.7251166666666666,-38.48643666666666,centroide_bairro,850000.0,106.0,8018.87,3,,Condominio Espaço Catalunya - Apartamento com 3 quartos.,,2026-10-02T23:56:29,faixa 650-1000 mil
https://ce.olx.com.br/fortaleza-e-regiao/imoveis/apartamento-no-luciano-cavalcante-106-m-3-suites-e-3-vagas-1523864143,olx,fortaleza,Engenheiro Luciano Cavalcante,-3.7695453999999997,-38.4930038,centroide_bairro,850000.0,106.0,8018.87,3,,"Apartamento no Luciano Cavalcante | 106 m², 3 Suítes e 3 Vagas",,2026-10-02T23:56:28,faixa 650-1000 mil
https://ce.olx.com.br/fortaleza-e-regiao/imoveis/procurando-encontrou-110m2-meireles-liga-9-8-7-4-8-3-1-0-8-diego9989f-884830461,olx,fortaleza,Meireles,-3.723857333333333,-38.50599833333333,centroide_bairro,890000.0,110.0,8090.91,4,,procurando? Encontrou! 110m2 Meireles Liga 9 8 7 4 8 3 1 0 8 Diego9989f,,2026-10-02T23:56:31,faixa 650-1000 mil
https://ce.olx.com.br/fortaleza-e-regiao/imoveis/ed-fontana-di-trevi-pesquisas-liga-9-8-7-4-8-3-1-0-8-diego9989f-884827602,olx,fortaleza,Meireles,-3.723857333333333,-38.50599833333333,centroide_bairro,900002.0,111.0,8108.13,4,,Ed Fontana Di Trevi PESQUISAS liga 9 8 7 4 8 3 1 0 8 Diego9989f,,2026-10-02T23:56:29,faixa 650-1000 mil
https://ce.olx.com.br/fortaleza-e-regiao/imoveis/apartamento-3-quartos-bairro-aldeota-1540484508,olx,fortaleza,Meireles,-3.723857333333333,-38.50599833333333,centroide_bairro,980000.0,120.0,8166.67,3,,Apartamento 3 quartos bairro Aldeota,,2026-10-02T23:56:26,faixa 650-1000 mil
https://ce.olx.com.br/fortaleza-e-regiao/imoveis/apartamento-para-venda-em-fortaleza-parquelandia-3-dormitorios-1-suite-2-banheiros-2-1538978559,olx,fortaleza,Parquelândia,,,,900000.0,110.0,8181.82,3,,"Apartamento para Venda em Fortaleza, Parquelândia, 3 dormitórios, 1 suíte, 2 banheiros, 2",,2026-10-02T23:56:29,faixa 650-1000 mil
https://ce.olx.com.br/fortaleza-e-regiao/imoveis/imovel-para-venda-possui-120-metros-quadrados-com-3-quartos-em-parque-iracema-fortaleza-1538163369,olx,fortaleza,Parque Iracema,-3.807145666666667,-38.4946365,centroide_bairro,990000.0,120.0,8250.0,3,,Imóvel para venda possui 120 metros quadrados com 3 quartos em Parque Iracema - Fortaleza,,2026-10-02T23:56:31,faixa 650-1000 mil
https://ce.olx.com.br/fortaleza-e-regiao/imoveis/apartamento-a-venda-no-bairro-parque-iracema-condominio-portal-de-avila-1539780551,olx,fortaleza,Parque Iracema,-3.807145666666667,-38.4946365,centroide_bairro,990000.0,120.0,8250.0,4,,Apartamento à venda no bairro Parque Iracema | Condomínio Portal de Ávila.,,2026-10-02T23:56:27,faixa 650-1000 mil
https://ce.olx.com.br/fortaleza-e-regiao/imoveis/apartamento-com-03-quartos-a-venda-no-bairro-parque-iracema-condominio-portal-de-avila-1539779659,olx,fortaleza,Parque Iracema,-3.807145666666667,-38.4946365,centroide_bairro,754000.0,91.0,8285.71,3,,Apartamento com 03 quartos à venda no bairro Parque Iracema | Condomínio Portal de Ávila.,,2026-10-02T23:56:27,faixa 650-1000 mil
https://ce.olx.com.br/fortaleza-e-regiao/imoveis/imovel-para-venda-tem-117-metros-quadrados-com-3-quartos-em-coco-fortaleza-ce-1539520783,olx,fortaleza,Cocó,-3.7468708,-38.473496,centroide_bairro,970000.0,117.0,8290.6,3,,Imóvel para venda tem 117 metros quadrados com 3 quartos em Cocó - Fortaleza - CE,,2026-10-02T23:56:28,faixa 650-1000 mil
https://ce.olx.com.br/fortaleza-e-regiao/imoveis/apartamento-de-117m-no-coco-com-2-suites-e-3-vagas-1540232580,olx,fortaleza,Cocó,-3.7468708,-38.473496,centroide_bairro,970000.0,117.0,8290.6,2,,"Apartamento de 117m² no Cocó, com 2 suítes e 3 vagas.",,2026-10-02T23:56:28,faixa 650-1000 mil
https://ce.olx.com.br/fortaleza-e-regiao/imoveis/apartamento-no-coco-porteira-fechada-117m-2-suites-dce-3-vagas-1540642898,olx,fortaleza,Cocó,-3.7468708,-38.473496,centroide_bairro,970000.0,117.0,8290.6,2,,Apartamento no Cocó | Porteira Fechada  117m² | 2 suítes + DCE | 3 vagas,,2026-10-02T23:56:26,faixa 650-1000 mil
https://ce.olx.com.br/fortaleza-e-regiao/imoveis/apartamento-a-venda-no-coco-117m-2-suites-lazer-completo-a-venda-1538707732,olx,fortaleza,Cocó,-3.7468708,-38.473496,centroide_bairro,970000.0,117.0,8290.6,2,,Apartamento à Venda no Cocó | 117m² | 2 Suítes | Lazer Completo à venda,,2026-10-02T23:56:29,faixa 650-1000 mil
https://ce.olx.com.br/fortaleza-e-regiao/imoveis/imovel-para-venda-possui-91-metros-quadrados-com-3-quartos-em-parque-iracema-fortaleza-1538163380,olx,fortaleza,Parque Iracema,-3.807145666666667,-38.4946365,centroide_bairro,755000.0,91.0,8296.7,3,,Imóvel para venda possui 91 metros quadrados com 3 quartos em Parque Iracema - Fortaleza -,,2026-10-02T23:56:31,faixa 650-1000 mil
https://ce.olx.com.br/fortaleza-e-regiao/imoveis/exclusividade-raridade-e-oportunidade-unica-lindo-apto-vista-panoramica-parque-del-sol-1540597936,olx,fortaleza,Parque Iracema,-3.807145666666667,-38.4946365,centroide_bairro,890000.0,107.0,8317.76,3,,"Exclusividade, raridade e oportunidade única lindo apto vista panorâmica Parque Del Sol",,2026-10-02T23:56:26,faixa 650-1000 mil
https://www.zapimoveis.com.br/imovel/venda-apartamento-3-quartos-com-piscina-patriolino-ribeiro-fortaleza-ce-119m2-id-2653762355/,zapimoveis,fortaleza,Engenheiro Luciano Cavalcante,-3.773419,-38.491231,exata,990000.0,119.0,8319.33,3,torre,,,2026-10-02T23:56:25,faixa 650-1000 mil
https://ce.olx.com.br/fortaleza-e-regiao/imoveis/apartamento-com-3-quartos-a-venda-90-m-cambeba-fortaleza-ce-1415564125,olx,fortaleza,Parque Iracema,-3.807145666666667,-38.4946365,centroide_bairro,750000.0,90.0,8333.33,3,,"Apartamento com 3 quartos à venda, 90 m² - Cambeba - Fortaleza/CE",,2026-10-02T23:56:26,faixa 650-1000 mil
https://ce.olx.com.br/fortaleza-e-regiao/imoveis/apartamento-venda-avila-parque-iracema-1538654995,olx,fortaleza,Parque Iracema,-3.807145666666667,-38.4946365,centroide_bairro,761000.0,91.0,8362.64,3,,APARTAMENTO À VENDA | ÁVILA | PARQUE IRACEMA,,2026-10-02T23:56:26,faixa 650-1000 mil
https://www.zapimoveis.com.br/imovel/venda-apartamento-3-quartos-edson-queiroz-fortaleza-ce-81m2-id-2838620521/,zapimoveis,fortaleza,Edson Queiroz,-3.762147,-38.478699,exata,680000.0,81.0,8395.06,3,indefinido,,,2026-10-02T23:56:24,faixa 650-1000 mil
https://www.chavesnamao.com.br/imovel/apartamento-a-venda-3-quartos-com-garagem-ce-fortaleza-parque-iracema-RS950000/id-44172108/,chavesnamao,fortaleza,Parque Iracema,-3.807145666666667,-38.4946365,centroide_bairro,950000.0,113.0,8407.08,3,,,,2026-10-02T23:56:23,faixa 650-1000 mil
https://www.chavesnamao.com.br/imovel/apartamento-a-venda-4-quartos-com-garagem-ce-fortaleza-parque-iracema-RS950000/id-46784104/,chavesnamao,fortaleza,Parque Iracema,-3.807145666666667,-38.4946365,centroide_bairro,950000.0,113.0,8407.08,4,,,,2026-10-02T23:56:23,faixa 650-1000 mil
https://www.zapimoveis.com.br/imovel/venda-apartamento-3-quartos-coco-fortaleza-ce-100m2-id-2896075091/,zapimoveis,fortaleza,Cocó,-3.746082,-38.47104,exata,850000.0,100.0,8500.0,3,indefinido,,,2026-10-02T23:56:24,faixa 650-1000 mil
https://www.zapimoveis.com.br/imovel/venda-apartamento-3-quartos-parque-iracema-fortaleza-ce-80m2-id-2914869970/,zapimoveis,fortaleza,Parque Iracema,-3.80981,-38.493147,exata,680000.0,80.0,8500.0,3,indefinido,,,2026-10-02T23:56:25,faixa 650-1000 mil
https://www.zapimoveis.com.br/imovel/venda-apartamento-3-quartos-com-piscina-aldeota-fortaleza-ce-115m2-id-2895389791/,zapimoveis,fortaleza,Dionisio Torres,-3.74833,-38.508522,exata,980000.0,115.0,8521.74,3,indefinido,,,2026-10-02T23:56:25,faixa 650-1000 mil
https://ce.olx.com.br/fortaleza-e-regiao/imoveis/apartamento-a-venda-no-bairro-parque-iracema-condominio-estacao-das-flores-1539779646,olx,fortaleza,Parque Iracema,-3.807145666666667,-38.4946365,centroide_bairro,760000.0,89.0,8539.33,3,,Apartamento à venda no bairro Parque Iracema | Condomínio Estação Das Flores.,,2026-10-02T23:56:27,faixa 650-1000 mil
https://ce.olx.com.br/fortaleza-e-regiao/imoveis/los-angeles-duplex-liga-9-87-48-31-08-diego9989f-oportunidade-vilebaldo-aguiar-2100-coco-1501980955,olx,fortaleza,Cocó,-3.7468708,-38.473496,centroide_bairro,859999.0,100.0,8599.99,3,,"Los Angeles duplex liga 9 87 48 31 08 Diego9989F oportunidade Vilebaldo aguiar, 2100 cocó+",,2026-10-02T23:56:28,faixa 650-1000 mil
https://ce.olx.com.br/fortaleza-e-regiao/imoveis/oportunidade-no-coco-100m-3-suites-r-860-000-00-1540463656,olx,fortaleza,Cocó,-3.7468708,-38.473496,centroide_bairro,860000.0,100.0,8600.0,3,,"OPORTUNIDADE NO COCÓ - 100m² - 3 SUÍTES - R$ 860.000,00",,2026-10-02T23:56:26,faixa 650-1000 mil
https://www.zapimoveis.com.br/imovel/venda-apartamento-3-quartos-sao-gerardo-fortaleza-ce-87m2-id-2875190980/,zapimoveis,fortaleza,Presidente Kennedy,-3.734933,-38.562136,exata,750000.0,87.0,8620.69,3,indefinido,,,2026-10-02T23:56:25,faixa 650-1000 mil
https://ce.olx.com.br/fortaleza-e-regiao/imoveis/apartamento-parc-cezanne-1534379259,olx,fortaleza,Parquelândia,,,,769000.0,89.0,8640.45,4,,Apartamento Parc Cézanne,,2026-10-02T23:56:26,faixa 650-1000 mil
https://ce.olx.com.br/fortaleza-e-regiao/imoveis/um-pouco-de-vista-mar-100m2-2-vagas-liga-9-8-7-4-8-3-1-0-8-diego9989f-san-sebastian-766332926,olx,fortaleza,Papicu,,,,865000.0,100.0,8650.0,3,,Um pouco de vista Mar 100m2 2 vagas liga 9 8 7 4 8 3 1 0 8 Diego9989f san sebastian,,2026-10-02T23:56:29,faixa 650-1000 mil
https://ce.olx.com.br/fortaleza-e-regiao/imoveis/apartamento-a-venda-no-bairro-parquelandia-fortaleza-ce-1513429274,olx,fortaleza,Parquelândia,,,,727000.0,84.0,8654.76,3,,Apartamento à venda no bairro Parquelândia - Fortaleza/CE,,2026-10-02T23:56:28,faixa 650-1000 mil
https://www.zapimoveis.com.br/imovel/venda-apartamento-4-quartos-com-piscina-coco-fortaleza-ce-100m2-id-2879565173/,zapimoveis,fortaleza,Cocó,-3.746082,-38.47104,exata,870000.0,100.0,8700.0,4,torre,,,2026-10-02T23:56:24,faixa 650-1000 mil
https://ce.olx.com.br/fortaleza-e-regiao/imoveis/vista-mar-2vagas-livres-lazer-completo-liga-9-8-7-4-8-3-1-0-8-diego9989f-oportunidade-1316784407,olx,fortaleza,Varjota,,,,680000.0,78.0,8717.95,3,,"Vista Mar, 2vagas livres, lazer completo liga 9 8 7 4 8 3 1 0 8 Diego9989f oportunidade",,2026-10-02T23:56:28,faixa 650-1000 mil
https://ce.olx.com.br/fortaleza-e-regiao/imoveis/80m2-a-poucos-metros-da-beira-mar-liga-9-8-7-4-8-3-1-0-8-diego9989f-sol-maior-840097681,olx,fortaleza,Mucuripe,-3.7251166666666666,-38.48643666666666,centroide_bairro,699999.0,80.0,8749.99,3,,80m2 a poucos metros da Beira Mar liga 9 8 7 4 8 3 1 0 8 Diego9989f sol maior,,2026-10-02T23:56:28,faixa 650-1000 mil
https://ce.olx.com.br/fortaleza-e-regiao/imoveis/apartamento-para-venda-no-bairro-mucuripe-fortaleza-ce-1538955672,olx,fortaleza,Mucuripe,-3.7251166666666666,-38.48643666666666,centroide_bairro,700000.0,80.0,8750.0,3,,Apartamento para Venda no bairro Mucuripe - Fortaleza/CE,,2026-10-02T23:56:29,faixa 650-1000 mil
https://ce.olx.com.br/fortaleza-e-regiao/imoveis/apartamento-com-3-dormitorios-a-venda-109-m-por-r-955-000-00-papicu-fortaleza-ce-1538686051,olx,fortaleza,Papicu,,,,955000.0,109.0,8761.47,3,,"Apartamento com 3 dormitórios à venda, 109 m² por R$ 955.000,00 - Papicu - Fortaleza/CE",,2026-10-02T23:56:29,faixa 650-1000 mil
https://ce.olx.com.br/fortaleza-e-regiao/imoveis/apartamento-com-3-suites-sendo-1-reversivel-com-lazer-completo-no-melhor-do-guararapes-1070563604,olx,fortaleza,Parque Iracema,-3.807145666666667,-38.4946365,centroide_bairro,920000.0,105.0,8761.9,3,,Apartamento com 3 suítes sendo 1 reversível com lazer completo no melhor do Guararapes.,,2026-10-02T23:56:26,faixa 650-1000 mil
https://ce.olx.com.br/fortaleza-e-regiao/imoveis/apartamento-a-venda-no-bairro-parque-iracema-condominio-estacao-das-flores-1539780245,olx,fortaleza,Parque Iracema,-3.807145666666667,-38.4946365,centroide_bairro,780000.0,89.0,8764.04,3,,Apartamento à venda no bairro Parque Iracema | Condomínio Estação das Flores.,,2026-10-02T23:56:27,faixa 650-1000 mil
https://ce.olx.com.br/fortaleza-e-regiao/imoveis/lindo-apartamento-no-coco-liga-9-87-48-31-08-diego9989f-los-angeles-vilebaldo-aguiar-2100-1501982383,olx,fortaleza,Cocó,-3.7468708,-38.473496,centroide_bairro,860000.0,98.0,8775.51,4,,"Lindo apartamento no Cocó liga 9 87 48 31 08 Diego9989F Los Angeles Vilebaldo aguiar, 2100",,2026-10-02T23:56:28,faixa 650-1000 mil
https://www.zapimoveis.com.br/imovel/venda-apartamento-3-quartos-com-piscina-monte-castelo-fortaleza-ce-91m2-id-2915080540/,zapimoveis,fortaleza,São Gerardo,-3.726365,-38.557007,exata,790000.0,90.0,8777.78,3,torre,,,2026-10-02T23:56:25,faixa 650-1000 mil
https://ce.olx.com.br/fortaleza-e-regiao/imoveis/apt-050-condominio-mood-kennedy-apartamento-de-03-quartos-com-94m2-625575105,olx,fortaleza,Presidente Kennedy,,,,830000.0,94.0,8829.79,3,,"APT 050, Condomínio Mood Kennedy, apartamento de 03 quartos com 94m2",,2026-10-02T23:56:29,faixa 650-1000 mil
https://www.zapimoveis.com.br/imovel/venda-apartamento-3-quartos-com-piscina-guararapes-fortaleza-ce-78m2-id-2905322152/,zapimoveis,fortaleza,Guararapes,-3.758267,-38.488456,exata,689000.0,78.0,8833.33,3,torre,,,2026-10-02T23:56:25,faixa 650-1000 mil
https://www.zapimoveis.com.br/imovel/venda-apartamento-3-quartos-mobiliado-joaquim-tavora-fortaleza-ce-96m2-id-2878123203/,zapimoveis,fortaleza,Joaquim Távora,-3.742369,-38.51026,exata,850000.0,96.0,8854.17,3,torre,RESIDENCIAL JOAQUIM NABUCO,,2026-10-02T23:56:24,faixa 650-1000 mil
https://ce.olx.com.br/fortaleza-e-regiao/imoveis/apartamento-com-03-quartos-a-venda-no-bairro-cambeba-condominio-estacao-das-flores-1538035156,olx,fortaleza,Parque Iracema,-3.807145666666667,-38.4946365,centroide_bairro,790000.0,89.0,8876.4,3,,Apartamento com 03 quartos à venda no bairro Cambeba | Condomínio Estação das Flores,,2026-10-02T23:56:31,faixa 650-1000 mil
https://www.chavesnamao.com.br/imovel/apartamento-a-venda-3-quartos-com-garagem-ce-fortaleza-monte-castelo-RS799000/id-45391513/,chavesnamao,fortaleza,Monte Castelo,,,,799000.0,90.0,8877.78,3,,,,2026-10-02T23:56:24,faixa 650-1000 mil
https://www.chavesnamao.com.br/imovel/apartamento-a-venda-3-quartos-com-garagem-ce-fortaleza-coco-100m2-RS890000/id-42811016/,chavesnamao,fortaleza,Cocó,-3.7468708,-38.473496,centroide_bairro,890000.0,100.0,8900.0,3,,,,2026-10-02T23:56:23,faixa 650-1000 mil
https://ce.olx.com.br/fortaleza-e-regiao/imoveis/apartamento-a-venda-no-presidente-kennedy-fortaleza-ce-1538703092,olx,fortaleza,Presidente Kennedy,,,,840000.0,94.0,8936.17,3,,Apartamento á Venda no Presidente Kennedy- Fortaleza/CE,,2026-10-02T23:56:29,faixa 650-1000 mil
https://ce.olx.com.br/fortaleza-e-regiao/imoveis/apartamento-com-vista-mar-03-quartos-02-vagas-1538693347,olx,fortaleza,Aldeota,,,,849000.0,95.0,8936.84,3,,"Apartamento com vista mar, 03 quartos, 02 vagas,",,2026-10-02T23:56:29,faixa 650-1000 mil
https://www.zapimoveis.com.br/imovel/venda-apartamento-3-quartos-vicente-pinzon-fortaleza-ce-75m2-id-2914869971/,zapimoveis,fortaleza,De Lourdes,-3.734089,-38.469562,exata,671047.0,75.0,8947.29,3,indefinido,,,2026-10-02T23:56:25,faixa 650-1000 mil
https://ce.olx.com.br/fortaleza-e-regiao/imoveis/apartamento-com-03-quartos-a-venda-no-bairro-parque-iracema-condominio-viva-la-vida-1539779990,olx,fortaleza,Parque Iracema,-3.807145666666667,-38.4946365,centroide_bairro,850000.0,95.0,8947.37,3,,Apartamento com 03 quartos à venda no bairro Parque Iracema | Condomínio Viva La Vida.,,2026-10-02T23:56:27,faixa 650-1000 mil
https://ce.olx.com.br/fortaleza-e-regiao/imoveis/totalmente-reformado-nascente-lazer-completo-liga-9-87-48-31-08-diego9989f-jardins-de-atla-1504571074,olx,fortaleza,Mucuripe,-3.7251166666666666,-38.48643666666666,centroide_bairro,850000.0,95.0,8947.37,3,,Totalmente reformado nascente lazer completo liga 9 87 48 31 08 Diego9989F jardins de atla,,2026-10-02T23:56:29,faixa 650-1000 mil
https://ce.olx.com.br/fortaleza-e-regiao/imoveis/apartamento-parquelandia-110m-3-quartos-1538819720,olx,fortaleza,Parquelândia,,,,990000.0,110.0,9000.0,3,,"Apartamento Parquelândia, 110m², 3 quartos",,2026-10-02T23:56:29,faixa 650-1000 mil
https://ce.olx.com.br/fortaleza-e-regiao/imoveis/edificio-vivendas-do-rio-branco-1374014625,olx,fortaleza,Edson Queiroz,-3.7751506666666668,-38.478451,centroide_bairro,659000.0,73.0,9027.4,3,,EDIFÍCIO VIVENDAS DO RIO BRANCO,,2026-10-02T23:56:31,faixa 650-1000 mil
https://www.chavesnamao.com.br/imovel/apartamento-a-venda-4-quartos-com-garagem-ce-fortaleza-edson-queiroz-120m2-RS840000/id-42240340/,chavesnamao,fortaleza,Edson Queiroz,-3.7751506666666668,-38.478451,centroide_bairro,840000.0,93.0,9032.26,4,,,,2026-10-02T23:56:23,faixa 650-1000 mil
https://ce.olx.com.br/fortaleza-e-regiao/imoveis/belas-artes-75-metros-3-quartos-2-vagas-lazer-completo-aldeota-joaquim-tavora-1540751600,olx,fortaleza,Aldeota,,,,680000.0,75.0,9066.67,3,,Belas Artes - 75 metros - 3 quartos + 2 vagas - Lazer Completo - Aldeota/Joaquim Távora,,2026-10-02T23:56:26,faixa 650-1000 mil
https://ce.olx.com.br/fortaleza-e-regiao/imoveis/belas-artes-mobiliado-75-metros-3-quartos-2-vagas-lazer-completo-aldeota-joaqu-1540751434,olx,fortaleza,Aldeota,,,,680000.0,75.0,9066.67,3,,Belas Artes - Mobiliado - 75 metros - 3 quartos + 2 vagas - Lazer Completo - Aldeota/Joaqu,,2026-10-02T23:56:26,faixa 650-1000 mil
https://ce.olx.com.br/fortaleza-e-regiao/imoveis/apt-300-apartamento-na-parquelandia-com-03-quartos-03-banheiros-varanda-774523301,olx,fortaleza,Parquelândia,,,,772175.0,85.0,9084.41,3,,"APT 300, Apartamento na Parquelândia com 03 quartos, 03 banheiros, varanda",,2026-10-02T23:56:26,faixa 650-1000 mil
https://ce.olx.com.br/fortaleza-e-regiao/imoveis/apartamento-no-edson-queiroz-fortaleza-1538214334,olx,fortaleza,Edson Queiroz,-3.7751506666666668,-38.478451,centroide_bairro,830000.0,91.0,9120.88,3,,"Apartamento no Edson Queiroz, Fortaleza",,2026-10-02T23:56:29,faixa 650-1000 mil
https://ce.olx.com.br/fortaleza-e-regiao/imoveis/apartamento-com-03-quartos-a-venda-no-bairro-parque-iracema-condominio-portal-de-avila-1539779687,olx,fortaleza,Parque Iracema,-3.807145666666667,-38.4946365,centroide_bairro,666000.0,73.0,9123.29,3,,Apartamento com 03 quartos à venda no bairro Parque Iracema | Condomínio Portal de Ávila.,,2026-10-02T23:56:27,faixa 650-1000 mil
https://www.zapimoveis.com.br/imovel/venda-apartamento-3-quartos-com-piscina-engenheiro-luciano-cavalcante-fortaleza-ce-104m2-id-2915219452/,zapimoveis,fortaleza,Engenheiro Luciano Cavalcante,-3.766319,-38.495293,exata,950000.0,104.0,9134.62,3,torre,,,2026-10-02T23:56:25,faixa 650-1000 mil
https://ce.olx.com.br/fortaleza-e-regiao/imoveis/oportunidade-summer-park-liga-9-8-7-4-8-3-1-0-8-diego9989f-pesquisas-oportunidade-1240324736,olx,fortaleza,Engenheiro Luciano Cavalcante,-3.7695453999999997,-38.4930038,centroide_bairro,750000.0,82.0,9146.34,3,,Oportunidade Summer Park liga 9 8 7 4 8 3 1 0 8 DIEGO9989F pesquisas oportunidade,,2026-10-02T23:56:28,faixa 650-1000 mil
https://ce.olx.com.br/fortaleza-e-regiao/imoveis/oportunidade-summer-park-liga-9-8-7-4-8-3-1-0-8-diego9989f-oportunidade-pesquisas-1240325540,olx,fortaleza,Engenheiro Luciano Cavalcante,-3.7695453999999997,-38.4930038,centroide_bairro,750000.0,82.0,9146.34,3,,Oportunidade Summer Park liga 9 8 7 4 8 3 1 0 8 DIEGO9989F OPORTUNIDADE pesquisas,,2026-10-02T23:56:29,faixa 650-1000 mil
https://ce.olx.com.br/fortaleza-e-regiao/imoveis/apartamento-com-3-dormitorios-a-venda-83-m-por-r-760-000-00-centro-fortaleza-ce-1314742882,olx,fortaleza,Centro,-3.7337629999999997,-38.5174425,centroide_bairro,760000.0,83.0,9156.63,3,,"Apartamento com 3 dormitórios à venda, 83 m² por R$ 760.000,00 - Centro - Fortaleza/CE",,2026-10-02T23:56:26,faixa 650-1000 mil
https://www.chavesnamao.com.br/imovel/apartamento-a-venda-3-quartos-com-garagem-ce-fortaleza-sao-gerardo-85m2-RS779000/id-41193901/,chavesnamao,fortaleza,São Gerardo,-3.726365,-38.557007,centroide_bairro,779000.0,85.0,9164.71,3,,,,2026-10-02T23:56:23,faixa 650-1000 mil
https://ce.olx.com.br/fortaleza-e-regiao/imoveis/apartamento-a-venda-no-parque-del-sol-2-quartos-projetados-2-vagas-73-metros-1538163408,olx,fortaleza,Parque Iracema,-3.807145666666667,-38.4946365,centroide_bairro,670000.0,73.0,9178.08,2,,"Apartamento à venda no Parque Del Sol, 2 quartos, projetados 2 vagas 73 metros",,2026-10-02T23:56:31,faixa 650-1000 mil
https://ce.olx.com.br/fortaleza-e-regiao/imoveis/imovel-para-venda-possui-86-metros-quadrados-com-2-quartos-em-mucuripe-fortaleza-ce-1503345969,olx,fortaleza,Mucuripe,-3.7251166666666666,-38.48643666666666,centroide_bairro,790000.0,86.0,9186.05,2,,Imóvel para venda possui 86 metros quadrados com 2 quartos em Mucuripe - Fortaleza - CE,,2026-10-02T23:56:26,faixa 650-1000 mil
https://ce.olx.com.br/fortaleza-e-regiao/imoveis/apartamento-venda-3-suites-2-vagas-parque-iracema-1538655101,olx,fortaleza,Parque Iracema,-3.807145666666667,-38.4946365,centroide_bairro,673000.0,73.0,9219.18,3,,APARTAMENTO À VENDA | 3 SUÍTES | 2 VAGAS | PARQUE IRACEMA,,2026-10-02T23:56:26,faixa 650-1000 mil
https://ce.olx.com.br/fortaleza-e-regiao/imoveis/imovel-para-venda-possui-81-metros-quadrados-com-3-quartos-em-edson-queiroz-fortaleza-1539017985,olx,fortaleza,Edson Queiroz,-3.7751506666666668,-38.478451,centroide_bairro,749000.0,81.0,9246.91,3,,Imóvel para venda possui 81 metros quadrados com 3 quartos em Edson Queiroz - Fortaleza -,,2026-10-02T23:56:29,faixa 650-1000 mil
https://ce.olx.com.br/fortaleza-e-regiao/imoveis/vendo-apartamento-com-81m-3-suites-uma-super-area-de-lazer-proximo-a-unifor-e-centro-1539807679,olx,fortaleza,Edson Queiroz,-3.7751506666666668,-38.478451,centroide_bairro,750000.0,81.0,9259.26,3,,"VENDO apartamento com 81m², 3 suítes, uma super área de lazer, próximo a UNIFOR. e Centro",,2026-10-02T23:56:27,faixa 650-1000 mil
https://ce.olx.com.br/fortaleza-e-regiao/imoveis/apartamento-no-edson-queiroz-fortaleza-1538214566,olx,fortaleza,Edson Queiroz,-3.7751506666666668,-38.478451,centroide_bairro,750000.0,81.0,9259.26,3,,"Apartamento no Edson Queiroz, Fortaleza",,2026-10-02T23:56:29,faixa 650-1000 mil
https://ce.olx.com.br/fortaleza-e-regiao/imoveis/los-angeles-liga-9-87-48-31-08-diego9989f-dtade-oportunidade-vilebaldo-aguiar-2100-1417839834,olx,fortaleza,Cocó,-3.7468708,-38.473496,centroide_bairro,750001.0,81.0,9259.27,3,,"Los Angeles liga 9 87 48 31 08 Diego9989f dtade oportunidade  Vilebaldo Aguiar, 2100",,2026-10-02T23:56:28,faixa 650-1000 mil
https://ce.olx.com.br/fortaleza-e-regiao/imoveis/3-4-2vagas-nascente-piscina-playground-liga-9-87-48-31-08diego9989f-victor8-oportunidade-1504474673,olx,fortaleza,Meireles,-3.723857333333333,-38.50599833333333,centroide_bairro,799002.0,86.0,9290.72,3,,"3/4 2vagas nascente, piscina, playground liga 9 87 48 31 08Diego9989F victor8 oportunidade",,2026-10-02T23:56:31,faixa 650-1000 mil
https://ce.olx.com.br/fortaleza-e-regiao/imoveis/nascente-3suites-2vagas-piscina-liga-9-87-48-31-08-diego9989f-victor8-senador-virgilio-1504475859,olx,fortaleza,Meireles,-3.723857333333333,-38.50599833333333,centroide_bairro,799003.0,86.0,9290.73,3,,"Nascente, 3suítes, 2vagas, piscina liga 9 87 48 31 08 Diego9989F victor8 senador Virgílio",,2026-10-02T23:56:31,faixa 650-1000 mil
https://www.chavesnamao.com.br/imovel/apartamento-a-venda-2-quartos-com-garagem-ce-fortaleza-parque-del-sol-73m2-RS679860/id-38603993/,chavesnamao,fortaleza,Parque Del Sol,,,,679860.0,73.0,9313.15,2,,,,2026-10-02T23:56:23,faixa 650-1000 mil
https://www.zapimoveis.com.br/imovel/venda-apartamento-3-quartos-com-piscina-engenheiro-luciano-cavalcante-fortaleza-ce-104m2-id-2885223479/,zapimoveis,fortaleza,Engenheiro Luciano Cavalcante,-3.765819,-38.495952,exata,970000.0,104.0,9326.92,3,torre,,,2026-10-02T23:56:25,faixa 650-1000 mil
https://ce.olx.com.br/fortaleza-e-regiao/imoveis/lancamento-de-apartamento-para-venda-com-83-metros-quadrados-com-3-quartos-em-parquelandia-1124096466,olx,fortaleza,Parquelândia,,,,775000.0,83.0,9337.35,3,,Lançamento de Apartamento para venda com 83 metros quadrados com 3 quartos em Parquelândia,,2026-10-02T23:56:26,faixa 650-1000 mil
https://ce.olx.com.br/fortaleza-e-regiao/imoveis/imovel-para-venda-possui-91-metros-quadrados-com-3-quartos-em-parque-iracema-fortaleza-1512564849,olx,fortaleza,Parque Iracema,-3.807145666666667,-38.4946365,centroide_bairro,850000.0,91.0,9340.66,3,,Imóvel para venda possui 91 metros quadrados com 3 quartos em Parque Iracema - Fortaleza -,,2026-10-02T23:56:26,faixa 650-1000 mil
https://www.zapimoveis.com.br/imovel/venda-apartamento-3-quartos-com-varanda-gourmet-sao-gerardo-fortaleza-ce-94m2-id-2884682434/,zapimoveis,fortaleza,São Gerardo,-3.726365,-38.557007,exata,850000.0,91.0,9340.66,3,indefinido,,,2026-10-02T23:56:24,faixa 650-1000 mil
https://ce.olx.com.br/fortaleza-e-regiao/imoveis/apartamento-a-venda-72-m-por-r-683-000-00-engenheiro-luciano-cavalcante-fortaleza-c-1540926654,olx,fortaleza,Engenheiro Luciano Cavalcante,-3.7695453999999997,-38.4930038,centroide_bairro,683000.0,73.0,9356.16,3,,"Apartamento à venda, 72 m² por R$ 683.000,00 - Engenheiro Luciano Cavalcante - Fortaleza/C",,2026-10-02T23:56:25,faixa 650-1000 mil
https://ce.olx.com.br/fortaleza-e-regiao/imoveis/portal-de-leon-mobiliado-70-metros-2-suites-2-vagas-lazer-completo-parque-del-1540770307,olx,fortaleza,Parque Iracema,-3.807145666666667,-38.4946365,centroide_bairro,655000.0,70.0,9357.14,2,,Portal de Leon - Mobiliado - 70 metros - 2 suítes + 2 vagas - Lazer Completo - Parque del,,2026-10-02T23:56:26,faixa 650-1000 mil
https://ce.olx.com.br/fortaleza-e-regiao/imoveis/apartamento-a-venda-no-bairro-parquelandia-condominio-solarium-park-1539780072,olx,fortaleza,Amadeu Furtado,,,,782908.0,83.0,9432.63,3,,Apartamento à venda no bairro Parquelândia | Condomínio Solarium Park.,,2026-10-02T23:56:27,faixa 650-1000 mil
https://ce.olx.com.br/fortaleza-e-regiao/imoveis/oportunidade-no-condominio-edificio-sun-set-village-fortaleza-1538286100,olx,fortaleza,Varjota,,,,850000.0,90.0,9444.44,3,,OPORTUNIDADE NO Condomínio Edifício Sun Set Village  Fortaleza !,,2026-10-02T23:56:30,faixa 650-1000 mil
https://www.zapimoveis.com.br/imovel/venda-apartamento-3-quartos-rachel-de-queiroz-fortaleza-ce-91m2-id-2908564117/,zapimoveis,fortaleza,Edson Queiroz,-3.787938,-38.478678,exata,860000.0,91.0,9450.55,3,indefinido,,,2026-10-02T23:56:24,faixa 650-1000 mil
https://ce.olx.com.br/fortaleza-e-regiao/imoveis/apartamento-a-venda-em-fortaleza-meireles-com-2-suites-com-73-m-villa-damasco-1540604679,olx,fortaleza,Meireles,-3.723857333333333,-38.50599833333333,centroide_bairro,690000.0,73.0,9452.05,2,,"Apartamento à venda em Fortaleza, Meireles, com 2 suítes, com 73 m², Villa Damasco",,2026-10-02T23:56:26,faixa 650-1000 mil
https://ce.olx.com.br/fortaleza-e-regiao/imoveis/apartamento-a-venda-na-aldeota-com-2-quartos-1538707736,olx,fortaleza,Aldeota,,,,710000.0,75.0,9466.67,2,,Apartamento à venda na aldeota com 2 quartos,,2026-10-02T23:56:29,faixa 650-1000 mil
https://www.zapimoveis.com.br/imovel/venda-apartamento-3-quartos-com-piscina-coco-fortaleza-ce-95m2-id-2820732816/,zapimoveis,fortaleza,Cocó,-3.747536,-38.476087,exata,900000.0,95.0,9473.68,3,torre,,,2026-10-02T23:56:25,faixa 650-1000 mil
https://www.zapimoveis.com.br/imovel/venda-apartamento-3-quartos-com-piscina-parque-iracema-fortaleza-ce-95m2-id-2905076610/,zapimoveis,fortaleza,Parque Iracema,-3.807,-38.495,aproximada_portal,900000.0,95.0,9473.68,3,torre,,,2026-10-02T23:56:24,faixa 650-1000 mil
https://ce.olx.com.br/fortaleza-e-regiao/imoveis/regency-park-porteira-fechada-1506146519,olx,fortaleza,Centro,-3.7337629999999997,-38.5174425,centroide_bairro,655000.0,69.0,9492.75,3,,Regency Park - Porteira Fechada,,2026-10-02T23:56:29,faixa 650-1000 mil
https://www.zapimoveis.com.br/imovel/venda-apartamento-3-quartos-com-piscina-centro-fortaleza-ce-84m2-id-2894772544/,zapimoveis,fortaleza,Centro,-3.7333,-38.517241,exata,799000.0,84.0,9511.9,3,indefinido,,,2026-10-02T23:56:24,faixa 650-1000 mil
https://www.zapimoveis.com.br/imovel/venda-apartamento-3-quartos-com-piscina-centro-fortaleza-ce-84m2-id-2901819615/,zapimoveis,fortaleza,Centro,-3.7333,-38.517241,exata,799000.0,84.0,9511.9,3,torre,,,2026-10-02T23:56:24,faixa 650-1000 mil
https://www.zapimoveis.com.br/imovel/venda-apartamento-3-quartos-com-piscina-centro-fortaleza-ce-84m2-id-2839787518/,zapimoveis,fortaleza,Centro,-3.7333,-38.517241,exata,799000.0,84.0,9511.9,3,torre,,,2026-10-02T23:56:24,faixa 650-1000 mil
https://www.chavesnamao.com.br/imovel/apartamento-a-venda-2-quartos-com-garagem-ce-fortaleza-engenheiro-luciano-cavalcante-73m2-RS695000/id-44772512/,chavesnamao,fortaleza,Engenheiro Luciano Cavalcante,-3.7695453999999997,-38.4930038,centroide_bairro,695000.0,73.0,9520.55,2,,,,2026-10-02T23:56:24,faixa 650-1000 mil
https://www.zapimoveis.com.br/imovel/venda-apartamento-3-quartos-mobiliado-mucuripe-fortaleza-ce-68m2-id-2747974617/,zapimoveis,fortaleza,Mucuripe,-3.72597,-38.487441,exata,650000.0,68.0,9558.82,3,torre,,,2026-10-02T23:56:25,faixa 650-1000 mil
https://www.zapimoveis.com.br/imovel/venda-apartamento-3-quartos-guararapes-fortaleza-ce-104m2-id-2915297284/,zapimoveis,fortaleza,Engenheiro Luciano Cavalcante,-3.766319,-38.495293,exata,995000.0,104.0,9567.31,3,indefinido,,,2026-10-02T23:56:25,faixa 650-1000 mil
https://ce.olx.com.br/fortaleza-e-regiao/imoveis/apartamento-de-70m-no-coco-com-3-quartos-e-com-2-vagas-paralelas-1539669282,olx,fortaleza,Cocó,-3.7468708,-38.473496,centroide_bairro,670000.0,70.0,9571.43,3,,"Apartamento de 70m² no Cocó, com 3 quartos e com 2 vagas paralelas.",,2026-10-02T23:56:28,faixa 650-1000 mil
https://ce.olx.com.br/fortaleza-e-regiao/imoveis/reserva-das-palmeiras-presidente-kennedy-73m-03-quartos-02-vagas-1538696655,olx,fortaleza,Presidente Kennedy,,,,700000.0,73.0,9589.04,3,,Reserva das Palmeiras | Presidente Kennedy | 73m² | 03 Quartos | 02 Vagas,,2026-10-02T23:56:29,faixa 650-1000 mil
https://ce.olx.com.br/fortaleza-e-regiao/imoveis/3-quartos-e-lazer-completo-no-bairro-de-fatima-1540720941,olx,fortaleza,Fátima,,,,720000.0,75.0,9600.0,3,,3 quartos e lazer completo no bairro de Fatima!,,2026-10-02T23:56:26,faixa 650-1000 mil
https://ce.olx.com.br/fortaleza-e-regiao/imoveis/alto-padrao-no-luciano-cavalcante-1539197547,olx,fortaleza,Engenheiro Luciano Cavalcante,-3.7695453999999997,-38.4930038,centroide_bairro,682494.0,71.0,9612.59,3,,Alto Padrão no Luciano Cavalcante,,2026-10-02T23:56:29,faixa 650-1000 mil
https://ce.olx.com.br/fortaleza-e-regiao/imoveis/apartamento-no-vitale-condominio-luciano-cavalcante-fortaleza-1538214046,olx,fortaleza,Engenheiro Luciano Cavalcante,-3.7695453999999997,-38.4930038,centroide_bairro,682500.0,71.0,9612.68,3,,"Apartamento no Vitale Condomínio  Luciano Cavalcante, Fortaleza",,2026-10-02T23:56:29,faixa 650-1000 mil
https://ce.olx.com.br/fortaleza-e-regiao/imoveis/apto-com-tres-quartos-sendo-dois-suites-guararapes-71m-1539545852,olx,fortaleza,Engenheiro Luciano Cavalcante,-3.7695453999999997,-38.4930038,centroide_bairro,683400.0,71.0,9625.35,3,,Apto com  três quartos sendo dois suítes - Guararapes - 71m²,,2026-10-02T23:56:28,faixa 650-1000 mil
https://ce.olx.com.br/fortaleza-e-regiao/imoveis/apartamento-de-84m-no-coco-com-2-quartos-e-1-vaga-1540234156,olx,fortaleza,Cocó,-3.7468708,-38.473496,centroide_bairro,810000.0,84.0,9642.86,2,,"Apartamento de 84m² no Cocó, com 2 quartos e 1 vaga.",,2026-10-02T23:56:28,faixa 650-1000 mil
https://ce.olx.com.br/fortaleza-e-regiao/imoveis/apartamento-no-bairro-de-fatima-cod0289-1409667237,olx,fortaleza,José Bonifácio,,,,870000.0,90.0,9666.67,3,,Apartamento no Bairro de Fatima Cod0289,,2026-10-02T23:56:28,faixa 650-1000 mil
https://ce.olx.com.br/fortaleza-e-regiao/imoveis/imovel-para-venda-tem-103-metros-quadrados-com-2-quartos-em-meireles-fortaleza-ce-1538659405,olx,fortaleza,Meireles,-3.723857333333333,-38.50599833333333,centroide_bairro,999000.0,103.0,9699.03,2,,Imóvel para venda tem 103 metros quadrados com 2 quartos em Meireles - Fortaleza - CE,,2026-10-02T23:56:29,faixa 650-1000 mil
https://ce.olx.com.br/fortaleza-e-regiao/imoveis/imovel-para-venda-com-69-metros-quadrados-com-2-quartos-em-meireles-fortaleza-ce-1539592046,olx,fortaleza,Meireles,-3.723857333333333,-38.50599833333333,centroide_bairro,670000.0,69.0,9710.14,2,,Imóvel para venda com 69 metros quadrados com 2 quartos em Meireles - Fortaleza - CE,,2026-10-02T23:56:28,faixa 650-1000 mil
https://ce.olx.com.br/fortaleza-e-regiao/imoveis/vitale-condominium-nascente-72-metros-3-quartos-2-vagas-lazer-amplo-luciano-ca-1540715516,olx,fortaleza,Engenheiro Luciano Cavalcante,-3.7695453999999997,-38.4930038,centroide_bairro,700000.0,72.0,9722.22,3,,Vitale Condominium - Nascente - 72 metros - 3 quartos + 2 vagas - Lazer Amplo - Luciano Ca,,2026-10-02T23:56:26,faixa 650-1000 mil
https://ce.olx.com.br/fortaleza-e-regiao/imoveis/apartamento-a-venda-76-m-por-r-740-000-00-engenheiro-luciano-cavalcante-fortaleza-c-1539780429,olx,fortaleza,Engenheiro Luciano Cavalcante,-3.7695453999999997,-38.4930038,centroide_bairro,740000.0,76.0,9736.84,3,,"Apartamento à venda, 76 m² por R$ 740.000,00 - Engenheiro Luciano Cavalcante - Fortaleza/C",,2026-10-02T23:56:27,faixa 650-1000 mil
https://ce.olx.com.br/fortaleza-e-regiao/imoveis/edificio-mar-e-mar-partamento-com-2-dormitorios-a-venda-77-m-por-r-750-000-mucuripe-1540771052,olx,fortaleza,Mucuripe,-3.7251166666666666,-38.48643666666666,centroide_bairro,750000.0,77.0,9740.26,2,,"Edificio Mar e Mar, partamento com 2 dormitórios à venda, 77 m² por R$ 750.000 - Mucuripe",,2026-10-02T23:56:26,faixa 650-1000 mil
https://ce.olx.com.br/fortaleza-e-regiao/imoveis/o-super-92m2-3suites-vagas-paralelas-lazer-210-liga-9-8-7-4-8-3-1-0-8-diego9989f-694710677,olx,fortaleza,Aldeota,,,,900000.0,92.0,9782.61,3,,O Super 92m2 3suítes vagas paralelas lazer 210. liga 9 8 7 4 8 3 1 0 8 Diego9989f,,2026-10-02T23:56:29,faixa 650-1000 mil
https://ce.olx.com.br/fortaleza-e-regiao/imoveis/apartamento-a-venda-no-bairro-luciano-cavalcante-vitale-condominium-1539780211,olx,fortaleza,Engenheiro Luciano Cavalcante,-3.7695453999999997,-38.4930038,centroide_bairro,698250.0,71.0,9834.51,3,,Apartamento à venda no bairro Luciano Cavalcante | Vitale Condominium.,,2026-10-02T23:56:27,faixa 650-1000 mil
https://www.zapimoveis.com.br/imovel/venda-apartamento-3-quartos-mobiliado-praia-de-iracema-fortaleza-ce-67m2-id-2914437365/,zapimoveis,fortaleza,Praia de Iracema,-3.721697,-38.514112,exata,660000.0,67.0,9850.75,2,torre,,,2026-10-02T23:56:24,faixa 650-1000 mil
https://www.chavesnamao.com.br/imovel/apartamento-a-venda-2-quartos-com-garagem-ce-fortaleza-coco-RS670000/id-45139831/,chavesnamao,fortaleza,Cocó,-3.7468708,-38.473496,centroide_bairro,670000.0,68.0,9852.94,2,,,,2026-10-02T23:56:23,faixa 650-1000 mil
https://ce.olx.com.br/fortaleza-e-regiao/imoveis/residencial-jardins-de-iracema-1531257631,olx,fortaleza,Praia de Iracema,,,,710000.0,72.0,9861.11,2,,Residencial Jardins de Iracema,,2026-10-02T23:56:25,faixa 650-1000 mil
https://ce.olx.com.br/fortaleza-e-regiao/imoveis/apartamento-de-76m-no-bairro-aldeota-com-3-quartos-1-vaga-e-voltado-para-nascente-1539534649,olx,fortaleza,Aldeota,,,,750000.0,76.0,9868.42,3,,"Apartamento de 76m² no bairro Aldeota, com 3 quartos, 1 vaga e voltado para nascente.",,2026-10-02T23:56:28,faixa 650-1000 mil
https://www.zapimoveis.com.br/imovel/venda-apartamento-2-quartos-mobiliado-mucuripe-fortaleza-ce-86m2-id-2883719678/,zapimoveis,fortaleza,Mucuripe,-3.724837,-38.48585,exata,850000.0,86.0,9883.72,2,torre,,,2026-10-02T23:56:25,faixa 650-1000 mil
https://www.zapimoveis.com.br/imovel/venda-apartamento-3-quartos-com-academia-fatima-fortaleza-ce-87m2-id-2906839559/,zapimoveis,fortaleza,Benfica,-3.747588,-38.536025,exata,860000.0,87.0,9885.06,3,torre,,,2026-10-02T23:56:24,faixa 650-1000 mil
https://ce.olx.com.br/fortaleza-e-regiao/imoveis/apartamento-no-travertino-condominio-de-fatima-bairro-de-fatima-fortaleza-1539990512,olx,fortaleza,José Bonifácio,,,,890000.0,90.0,9888.89,3,,"Apartamento no Travertino Condomínio de Fátima  Bairro de Fátima, Fortaleza",,2026-10-02T23:56:28,faixa 650-1000 mil
https://ce.olx.com.br/fortaleza-e-regiao/imoveis/apartamento-para-venda-em-fortaleza-edson-queiroz-3-dormitorios-2-suites-3-banheiros-1538356589,olx,fortaleza,Edson Queiroz,-3.7751506666666668,-38.478451,centroide_bairro,900000.0,91.0,9890.11,3,,"Apartamento para Venda em Fortaleza, Edson Queiroz, 3 dormitórios, 2 suítes, 3 banheiros,",,2026-10-02T23:56:30,faixa 650-1000 mil
https://www.zapimoveis.com.br/imovel/venda-apartamento-3-quartos-com-piscina-coco-fortaleza-ce-98m2-id-2789140019/,zapimoveis,fortaleza,Cocó,-3.747472,-38.468696,exata,970000.0,98.0,9897.96,3,torre,,,2026-10-02T23:56:24,faixa 650-1000 mil
https://ce.olx.com.br/fortaleza-e-regiao/imoveis/espetacular-apartamento-com-100-m2-3-suites-porteira-fechada-disponivel-no-coco-1538452639,olx,fortaleza,Cocó,-3.7468708,-38.473496,centroide_bairro,990000.0,100.0,9900.0,3,,"Espetacular apartamento com 100 m2, 3 suítes, porteira fechada, disponível no Cocó",,2026-10-02T23:56:29,faixa 650-1000 mil
https://ce.olx.com.br/fortaleza-e-regiao/imoveis/apartamento-mobiliado-com-2-suites-para-venda-no-los-angeles-residence-1540735975,olx,fortaleza,Cocó,-3.7468708,-38.473496,centroide_bairro,990000.0,100.0,9900.0,2,,Apartamento Mobiliado com 2 suítes para Venda no Los Angeles Residence,,2026-10-02T23:56:26,faixa 650-1000 mil
https://www.chavesnamao.com.br/imovel/apartamento-a-venda-3-quartos-com-garagem-ce-fortaleza-parque-iracema-70m2-RS695000/id-22040781/,chavesnamao,fortaleza,Parque Iracema,-3.807145666666667,-38.4946365,centroide_bairro,695000.0,70.0,9928.57,3,,,,2026-10-02T23:56:24,faixa 650-1000 mil
https://ce.olx.com.br/fortaleza-e-regiao/imoveis/residencial-jardins-de-iracema-1524886009,olx,fortaleza,Praia de Iracema,,,,718000.0,72.0,9972.22,2,,Residencial Jardins de Iracema,,2026-10-02T23:56:25,faixa 650-1000 mil
https://ce.olx.com.br/fortaleza-e-regiao/imoveis/reserva-das-bromelias-94m2-palmeiras-liga-9-87-48-31-08-diego9989f-oportunidade-kenedy-1467722871,olx,fortaleza,Presidente Kennedy,,,,939999.0,94.0,9999.99,4,,"Reserva das Bromélias 94m2 Palmeiras liga 9 87 48 31 08 Diego9989f oportunidade Kenedy *""*",,2026-10-02T23:56:28,faixa 650-1000 mil
https://ce.olx.com.br/fortaleza-e-regiao/imoveis/condominio-alta-vista-dunas-1474536071,olx,fortaleza,Praia do Futuro I,,,,800000.0,80.0,10000.0,3,,Condominio Alta Vista Dunas,,2026-10-02T23:56:25,faixa 650-1000 mil
https://ce.olx.com.br/fortaleza-e-regiao/imoveis/villa-damasco-vista-mar-70-metros-3-quartos-2-vagas-portaria-24h-meireles-1540169865,olx,fortaleza,Meireles,-3.723857333333333,-38.50599833333333,centroide_bairro,700000.0,70.0,10000.0,3,,Villa Damasco - Vista Mar - 70 metros - 3 quartos + 2 vagas - Portaria 24h - Meireles,,2026-10-02T23:56:28,faixa 650-1000 mil
https://ce.olx.com.br/fortaleza-e-regiao/imoveis/hiperion-apartamento-com-2-quartos-a-venda-80-m-lazer-mucuripe-fortaleza-ce-1538666735,olx,fortaleza,Mucuripe,-3.7251166666666666,-38.48643666666666,centroide_bairro,800000.0,80.0,10000.0,2,,"Hiperion, Apartamento com 2 quartos à venda, 80 m², lazer- Mucuripe - Fortaleza/CE",,2026-10-02T23:56:29,faixa 650-1000 mil
https://ce.olx.com.br/fortaleza-e-regiao/imoveis/3-4-aldeota-66m2-liga-9-8-7-4-8-3-1-0-8-diego9989f-luana-966255250,olx,fortaleza,Aldeota,,,,660000.0,66.0,10000.0,3,,3/4 Aldeota 66m2 liga 9 8 7 4 8 3 1 0 8 DIEGO9989F  luana,,2026-10-02T23:56:31,faixa 650-1000 mil
https://www.zapimoveis.com.br/imovel/venda-apartamento-3-quartos-com-piscina-centro-fortaleza-ce-85m2-id-2892240749/,zapimoveis,fortaleza,Centro,-3.735152,-38.518047,exata,850000.0,85.0,10000.0,3,torre,,,2026-10-02T23:56:25,faixa 650-1000 mil
https://ce.olx.com.br/fortaleza-e-regiao/imoveis/imovel-a-venda-no-meireles-70m-1-suite-com-closet-e-1-vaga-sala-ampliada-confira-1539977272,olx,fortaleza,Meireles,-3.723857333333333,-38.50599833333333,centroide_bairro,700000.0,70.0,10000.0,1,,Imóvel a Venda no Meireles | 70m² | 1 Suíte com Closet e 1 Vaga | Sala Ampliada | Confira!,,2026-10-02T23:56:28,faixa 650-1000 mil
https://ce.olx.com.br/fortaleza-e-regiao/imoveis/98m2-2vgs-lazer-coco-liga-9-8-7-4-8-3-1-0-8-diego9989f-pesquisas-green-life-2-coco--1522240333,olx,fortaleza,Tauape,,,,980002.0,98.0,10000.02,3,,98m2 2vgs lazer Cocó liga 9 8 7 4 8 3 1 0 8 Diego9989f PESQUISAS-_- green life 2 cocó -_-[,,2026-10-02T23:56:29,faixa 650-1000 mil
https://ce.olx.com.br/fortaleza-e-regiao/imoveis/green-life-2-3suites-lazer-2vagas-liga-9-8-7-4-8-3-1-0-8-diego9989f-pesquisas---1522242768,olx,fortaleza,Dionisio Torres,-3.7464095000000004,-38.505548000000005,centroide_bairro,980003.0,98.0,10000.03,3,,Green Life 2 3suítes lazer 2vagas liga 9 8 7 4 8 3 1 0 8 Diego9989f PESQUISAS-_- _//==//__,,2026-10-02T23:56:29,faixa 650-1000 mil
https://ce.olx.com.br/fortaleza-e-regiao/imoveis/3suites-lazer-completo-nascente-liga-9-8-7-4-8-3-1-0-8-diego9989f-pesquisas-green-life-1522244289,olx,fortaleza,Tauape,,,,980004.0,98.0,10000.04,3,,3suítes lazer completo nascente liga 9 8 7 4 8 3 1 0 8 Diego9989f PESQUISAS-_- green life,,2026-10-02T23:56:29,faixa 650-1000 mil
https://ce.olx.com.br/fortaleza-e-regiao/imoveis/95m2-metropolitan-2vgs-liga-9-8-7-4-8-3-1-0-8-diego9989f-1295087153,olx,fortaleza,Papicu,,,,960000.0,95.0,10105.26,4,,95m2 Metropolitan 2vgs liga 9 8 7 4 8 3 1 0 8 Diego9989f,,2026-10-02T23:56:29,faixa 650-1000 mil
https://ce.olx.com.br/fortaleza-e-regiao/imoveis/metropolitan-95m2-2vgs-lazer-liga-9-8-7-4-8-3-1-0-8-diego9989f-1295074851,olx,fortaleza,Papicu,,,,960000.0,95.0,10105.26,4,,Metropolitan 95m2 2vgs lazer liga 9 8 7 4 8 3 1 0 8 Diego9989f,,2026-10-02T23:56:29,faixa 650-1000 mil
https://ce.olx.com.br/fortaleza-e-regiao/imoveis/metropolitan-central-park-liga-9-8-7-4-8-3-1-0-8-diego9989f-1295066963,olx,fortaleza,Papicu,,,,960000.0,95.0,10105.26,4,,Metropolitan Central Park liga 9 8 7 4 8 3 1 0 8 Diego9989f,,2026-10-02T23:56:29,faixa 650-1000 mil
https://ce.olx.com.br/fortaleza-e-regiao/imoveis/apartamento-no-vg-fun-residence-praia-do-futuro-fortaleza-1538213872,olx,fortaleza,Praia do Futuro II,,,,850000.0,84.0,10119.05,3,,"Apartamento no VG Fun Residence  Praia do Futuro, Fortaleza",,2026-10-02T23:56:29,faixa 650-1000 mil
https://ce.olx.com.br/fortaleza-e-regiao/imoveis/apartamento-a-venda-no-bairro-coco-condominio-mood-parque-coco-1539779834,olx,fortaleza,Cocó,-3.7468708,-38.473496,centroide_bairro,668000.0,66.0,10121.21,3,,Apartamento à venda no bairro Cocó | Condomínio Mood Parque Cocó.,,2026-10-02T23:56:27,faixa 650-1000 mil
https://ce.olx.com.br/fortaleza-e-regiao/imoveis/apartamento-68m-3-quartos-2-vagas-bairro-meireles-1539710279,olx,fortaleza,Meireles,-3.723857333333333,-38.50599833333333,centroide_bairro,690000.0,68.0,10147.06,3,,Apartamento | 68m² | 3 Quartos | 2 Vagas | Bairro: Meireles,,2026-10-02T23:56:28,faixa 650-1000 mil
https://www.chavesnamao.com.br/imovel/apartamento-a-venda-2-quartos-com-garagem-ce-fortaleza-aldeota-67m2-RS680000/id-37461710/,chavesnamao,fortaleza,Aldeota,,,,680000.0,67.0,10149.25,2,,,,2026-10-02T23:56:23,faixa 650-1000 mil
https://ce.olx.com.br/fortaleza-e-regiao/imoveis/apartamento-no-regiao-sul-fortaleza-1538213825,olx,fortaleza,Parque Iracema,-3.807145666666667,-38.4946365,centroide_bairro,970000.0,95.0,10210.53,3,,"Apartamento no Região Sul, Fortaleza",,2026-10-02T23:56:29,faixa 650-1000 mil
https://ce.olx.com.br/fortaleza-e-regiao/imoveis/residencial-galileia-apartamento-ideal-em-fortaleza-espaco-e-conforto-1528696560,olx,fortaleza,Engenheiro Luciano Cavalcante,-3.7695453999999997,-38.4930038,centroide_bairro,740000.0,72.0,10277.78,3,,Residencial Galileia / Apartamento Ideal em Fortaleza: Espaço e Conforto,,2026-10-02T23:56:26,faixa 650-1000 mil
https://ce.olx.com.br/fortaleza-e-regiao/imoveis/apartamento-de-65m-no-papicu-com-2-suites-e-2-vagas-1538739767,olx,fortaleza,Papicu,,,,670000.0,65.0,10307.69,2,,"Apartamento de 65m² no Papicu, com 2 suítes e 2 vagas.",,2026-10-02T23:56:29,faixa 650-1000 mil
https://ce.olx.com.br/fortaleza-e-regiao/imoveis/green-garden-unidade-de-particular-97-metros-3-suites-lazer-completo-papicu-1540712506,olx,fortaleza,Papicu,,,,1000000.0,97.0,10309.28,3,,Green Garden - Unidade de Particular - 97 metros - 3 suítes - Lazer Completo - Papicu,,2026-10-02T23:56:26,faixa 650-1000 mil
https://ce.olx.com.br/fortaleza-e-regiao/imoveis/apto-86m-mobiliado-2-suites-2-vagas-ed-hiperion-meireles-1531552064,olx,fortaleza,Mucuripe,-3.7251166666666666,-38.48643666666666,centroide_bairro,890000.0,86.0,10348.84,2,,"Apto 86m² mobiliado, 2 suítes, 2 vagas - Ed. Hipérion, Meireles",,2026-10-02T23:56:28,faixa 650-1000 mil
https://ce.olx.com.br/fortaleza-e-regiao/imoveis/imovel-para-venda-tem-77-metros-quadrados-com-3-quartos-em-parque-iracema-fortaleza-ce-1510746033,olx,fortaleza,Parque Iracema,-3.807145666666667,-38.4946365,centroide_bairro,797000.0,77.0,10350.65,3,,Imóvel para venda tem 77 metros quadrados com 3 quartos em Parque Iracema - Fortaleza - CE,,2026-10-02T23:56:28,faixa 650-1000 mil
https://ce.olx.com.br/fortaleza-e-regiao/imoveis/imovel-para-venda-tem-82m2-com-2-suites-em-coco-fortaleza-ce-1523797831,olx,fortaleza,Cocó,-3.7468708,-38.473496,centroide_bairro,850000.0,82.0,10365.85,2,,Imóvel para venda tem 82m2 com 2 suítes em Cocó - Fortaleza - CE,,2026-10-02T23:56:25,faixa 650-1000 mil
https://ce.olx.com.br/fortaleza-e-regiao/imoveis/venda-de-lindo-apto-no-coco-porteira-fechada-mais-informacoes-1539279838,olx,fortaleza,Cocó,-3.7468708,-38.473496,centroide_bairro,850000.0,82.0,10365.85,2,,Venda de Lindo Apto no Cocó - Porteira Fechada - Mais informações,,2026-10-02T23:56:29,faixa 650-1000 mil
https://ce.olx.com.br/fortaleza-e-regiao/imoveis/imovel-para-venda-em-excelente-localizacao-com-2-suites-imovel-mobiliado-1539667223,olx,fortaleza,Cocó,-3.7468708,-38.473496,centroide_bairro,850000.0,82.0,10365.85,2,,"imóvel para venda em excelente localização , com 2 suítes imóvel mobiliado",,2026-10-02T23:56:28,faixa 650-1000 mil
https://ce.olx.com.br/fortaleza-e-regiao/imoveis/apartamento-a-venda-no-bairro-coco-condominio-mood-parque-coco-1539779896,olx,fortaleza,Cocó,-3.7468708,-38.473496,centroide_bairro,799000.0,77.0,10376.62,3,,Apartamento à venda no bairro Cocó | Condomínio Mood Parque Cocó.,,2026-10-02T23:56:27,faixa 650-1000 mil
https://ce.olx.com.br/fortaleza-e-regiao/imoveis/excelente-apartamento-no-benfica-1540786689,olx,fortaleza,Benfica,,,,780000.0,75.0,10400.0,3,,Excelente Apartamento no Benfica!,,2026-10-02T23:56:26,faixa 650-1000 mil
https://ce.olx.com.br/fortaleza-e-regiao/imoveis/reserva-alpha-village-porteira-fechada-72m-2-quartos-closet-lazer-luciano-cav-1539909457,olx,fortaleza,Engenheiro Luciano Cavalcante,-3.7695453999999997,-38.4930038,centroide_bairro,750000.0,72.0,10416.67,2,,Reserva Alpha Village - Porteira Fechada - 72m² - 2 quartos + Closet - Lazer - Luciano Cav,,2026-10-02T23:56:28,faixa 650-1000 mil
https://ce.olx.com.br/fortaleza-e-regiao/imoveis/apartamento-venda-no-luciano-cavalcante-1539780415,olx,fortaleza,Engenheiro Luciano Cavalcante,-3.7695453999999997,-38.4930038,centroide_bairro,750000.0,72.0,10416.67,2,,APARTAMENTO À VENDA NO LUCIANO CAVALCANTE,,2026-10-02T23:56:27,faixa 650-1000 mil
https://ce.olx.com.br/fortaleza-e-regiao/imoveis/vendo-apto-com-2-suites-vista-mar-projetado-1538920579,olx,fortaleza,Praia de Iracema,,,,750000.0,72.0,10416.67,2,,VENDO Apto com 2 suítes vista Mar projetado,,2026-10-02T23:56:29,faixa 650-1000 mil
https://www.zapimoveis.com.br/imovel/venda-apartamento-3-quartos-parque-iracema-fortaleza-ce-95m2-id-2884766284/,zapimoveis,fortaleza,Parque Iracema,-3.807808,-38.495548,exata,990000.0,95.0,10421.05,3,indefinido,,,2026-10-02T23:56:24,faixa 650-1000 mil
https://ce.olx.com.br/fortaleza-e-regiao/imoveis/3-4-prox-beira-mar-liga-9-8-7-4-8-3-1-0-8-diego9989f-oportunidade-1300420756,olx,fortaleza,Meireles,-3.723857333333333,-38.50599833333333,centroide_bairro,729999.0,70.0,10428.56,3,,3/4 próx.Beira Mar Liga 9 8 7 4 8 3 1 0 8 Diego9989f oportunidade,,2026-10-02T23:56:31,faixa 650-1000 mil
https://ce.olx.com.br/fortaleza-e-regiao/imoveis/oceanum-rua-da-paz-v-e-n-d-a-liga-9-8-7-4-8-3-1-0-8-diego9989f-oportunidade-1300414991,olx,fortaleza,Mucuripe,-3.7251166666666666,-38.48643666666666,centroide_bairro,730000.0,70.0,10428.57,3,,Oceanum Rua da Paz v e n d a liga 9 8 7 4 8 3 1 0 8 Diego9989f oportunidade,,2026-10-02T23:56:31,faixa 650-1000 mil
https://ce.olx.com.br/fortaleza-e-regiao/imoveis/apartamento-no-guararapes-de-70-m-com-2-quartos-2-vagas-e-voltado-para-nascente-1540362757,olx,fortaleza,Salinas,,,,730000.0,70.0,10428.57,2,,"Apartamento no Guararapes de 70 m², com 2 quartos, 2 vagas e voltado para Nascente.",,2026-10-02T23:56:26,faixa 650-1000 mil
https://www.zapimoveis.com.br/imovel/venda-apartamento-3-quartos-mobiliado-salinas-fortaleza-ce-70m2-id-2915219238/,zapimoveis,fortaleza,Salinas,-3.763709,-38.494957,exata,730000.0,70.0,10428.57,3,torre,,,2026-10-02T23:56:25,faixa 650-1000 mil
https://www.zapimoveis.com.br/imovel/venda-apartamento-2-quartos-com-piscina-edson-queiroz-fortaleza-ce-91m2-id-2845295815/,zapimoveis,fortaleza,Parque Manibura,-3.78719,-38.483694,exata,950000.0,91.0,10439.56,2,indefinido,,,2026-10-02T23:56:24,faixa 650-1000 mil
https://ce.olx.com.br/fortaleza-e-regiao/imoveis/mirus-living-apartamento-a-venda-varjota-fortaleza-ce-1422981710,olx,fortaleza,Varjota,,,,899000.0,86.0,10453.49,3,,"Mirus Living - Apartamento à Venda - Varjota, Fortaleza - CE.",,2026-10-02T23:56:29,faixa 650-1000 mil
https://ce.olx.com.br/fortaleza-e-regiao/imoveis/apartamento-com-3-quartos-a-venda-86-m-por-r-899-000-varjota-fortaleza-ce-1538536699,olx,fortaleza,Varjota,,,,899000.0,86.0,10453.49,3,,"Apartamento com 3 quartos à venda, 86 m² por R$ 899.000 - Varjota - Fortaleza/CE",,2026-10-02T23:56:29,faixa 650-1000 mil
https://ce.olx.com.br/fortaleza-e-regiao/imoveis/apartamento-venda-no-condominio-arbore-13-andar-semimobiliado-1538866542,olx,fortaleza,Presidente Kennedy,,,,680000.0,65.0,10461.54,3,,APARTAMENTO À VENDA NO CONDOMÍNIO ARBORÉ | 13º andar | SEMIMOBILIADO,,2026-10-02T23:56:29,faixa 650-1000 mil
https://ce.olx.com.br/fortaleza-e-regiao/imoveis/apartamento-a-venda-no-bairro-edson-queiroz-condominio-salvador-residence-1539780222,olx,fortaleza,Edson Queiroz,-3.7751506666666668,-38.478451,centroide_bairro,674140.0,64.0,10533.44,2,,Apartamento à venda no bairro Edson Queiroz | Condomínio Salvador Residence.,,2026-10-02T23:56:27,faixa 650-1000 mil
https://ce.olx.com.br/fortaleza-e-regiao/imoveis/apartamento-de-73m2-e-com-3-quartos-no-coco-1539180648,olx,fortaleza,Cocó,-3.7468708,-38.473496,centroide_bairro,770000.0,73.0,10547.95,3,,Apartamento de 73m2 e com 3 quartos no Cocó,,2026-10-02T23:56:29,faixa 650-1000 mil
https://ce.olx.com.br/fortaleza-e-regiao/imoveis/apartamento-com-3-quartos-no-coco-1538944319,olx,fortaleza,Cocó,-3.7468708,-38.473496,centroide_bairro,770000.0,73.0,10547.95,3,,Apartamento com 3 quartos no Cocó,,2026-10-02T23:56:29,faixa 650-1000 mil
https://ce.olx.com.br/fortaleza-e-regiao/imoveis/helbor-reserva-da-praca-1538246673,olx,fortaleza,Cocó,-3.7468708,-38.473496,centroide_bairro,770000.0,73.0,10547.95,3,,Helbor Reserva da Praça,Helbor,2026-10-02T23:56:29,faixa 650-1000 mil
https://ce.olx.com.br/fortaleza-e-regiao/imoveis/apartamento-no-helbor-reserva-da-praca-coco-fortaleza-1538214384,olx,fortaleza,Cocó,-3.7468708,-38.473496,centroide_bairro,770000.0,73.0,10547.95,3,,"Apartamento no Helbor Reserva da Praça  Cocó, Fortaleza",Helbor,2026-10-02T23:56:29,faixa 650-1000 mil
https://ce.olx.com.br/fortaleza-e-regiao/imoveis/reserva-da-praca-72-metros-3-quartos-2-vagas-lazer-completo-coco-1538091586,olx,fortaleza,Cocó,-3.7468708,-38.473496,centroide_bairro,760000.0,72.0,10555.56,3,,Reserva da Praça - 72 metros - 3 quartos + 2 vagas - Lazer Completo - Cocó,,2026-10-02T23:56:31,faixa 650-1000 mil
https://ce.olx.com.br/fortaleza-e-regiao/imoveis/villa-damasco-vista-mar-andar-alto-mobiliado-70-metros-3-quartos-2-vagas-mei-1540169222,olx,fortaleza,Meireles,-3.723857333333333,-38.50599833333333,centroide_bairro,740000.0,70.0,10571.43,3,,Villa Damasco - Vista Mar - Andar Alto - Mobiliado - 70 metros - 3 quartos + 2 vagas - Mei,,2026-10-02T23:56:28,faixa 650-1000 mil
https://ce.olx.com.br/fortaleza-e-regiao/imoveis/excelente-apto-no-presidente-kennedy-1525975830,olx,fortaleza,Presidente Kennedy,,,,995000.0,94.0,10585.11,3,,Excelente Apto no presidente Kennedy,,2026-10-02T23:56:26,faixa 650-1000 mil
https://ce.olx.com.br/fortaleza-e-regiao/imoveis/green-garden-apartamento-78-20m2-com-3-quartos-lazer-completo-1499113978,olx,fortaleza,Papicu,,,,830000.0,78.0,10641.03,3,,"Green Garden Apartamento 78,20m2 com 3 quartos Lazer completo",,2026-10-02T23:56:26,faixa 650-1000 mil
https://ce.olx.com.br/fortaleza-e-regiao/imoveis/apartamento-no-helbor-reserva-da-praca-coco-fortaleza-1538213572,olx,fortaleza,Cocó,-3.7468708,-38.473496,centroide_bairro,799000.0,75.0,10653.33,3,,"Apartamento no Helbor Reserva da Praça  Cocó, Fortaleza",Helbor,2026-10-02T23:56:29,faixa 650-1000 mil
https://ce.olx.com.br/fortaleza-e-regiao/imoveis/apartamento-com-3-quartos-a-venda-83-m-por-r-895-000-coco-fortaleza-ce-1504122102,olx,fortaleza,Cocó,-3.7468708,-38.473496,centroide_bairro,895000.0,84.0,10654.76,3,,"Apartamento com 3 quartos à venda, 83 m² por R$ 895.000 - Cocó - Fortaleza/CE",,2026-10-02T23:56:26,faixa 650-1000 mil
https://ce.olx.com.br/fortaleza-e-regiao/imoveis/apartamento-a-venda-89-m-por-r-950-000-00-fatima-fortaleza-ce-1539780359,olx,fortaleza,Fátima,,,,950000.0,89.0,10674.16,3,,"Apartamento à venda, 89 m² por R$ 950.000,00 - Fátima - Fortaleza/CE",,2026-10-02T23:56:27,faixa 650-1000 mil
https://ce.olx.com.br/fortaleza-e-regiao/imoveis/apartamento-no-bravo-residence-com-3-dormitorios-a-venda-74-m-por-r-790-000-engenheir-1539236811,olx,fortaleza,Engenheiro Luciano Cavalcante,-3.7695453999999997,-38.4930038,centroide_bairro,790000.0,74.0,10675.68,3,,"Apartamento no Bravo Residence com 3 dormitórios à venda, 74 m² por R$ 790.000 - Engenheir",,2026-10-02T23:56:29,faixa 650-1000 mil
https://ce.olx.com.br/fortaleza-e-regiao/imoveis/apartamento-no-condominio-bravo-residence-luciano-cavalcante-fortaleza-1538214248,olx,fortaleza,Engenheiro Luciano Cavalcante,-3.7695453999999997,-38.4930038,centroide_bairro,790000.0,74.0,10675.68,2,,"Apartamento no Condomínio Bravo Residence  Luciano Cavalcante, Fortaleza",,2026-10-02T23:56:29,faixa 650-1000 mil
https://ce.olx.com.br/fortaleza-e-regiao/imoveis/lirio-lirio-lhirio-meireles-liga-9-8-7-4-8-3-1-0-8-diego9989f-dcrist-1270302958,olx,fortaleza,Meireles,-3.723857333333333,-38.50599833333333,centroide_bairro,750000.0,70.0,10714.29,3,,"Lírio ""lirio, lhirio"" Meireles liga 9 8 7 4 8 3 1 0 8 Diego9989f dcrist",,2026-10-02T23:56:28,faixa 650-1000 mil
https://ce.olx.com.br/fortaleza-e-regiao/imoveis/lirio-vista-mar-meireles-liga-9-87-48-31-08-diego9989f-dcristinbuer-oportunidade-beira-mar-1468218396,olx,fortaleza,Meireles,-3.723857333333333,-38.50599833333333,centroide_bairro,750000.0,70.0,10714.29,3,,Lírio vista mar Meireles liga 9 87 48 31 08 Diego9989f dcristinbuer oportunidade beira mar,,2026-10-02T23:56:28,faixa 650-1000 mil
https://www.zapimoveis.com.br/imovel/venda-apartamento-2-quartos-mobiliado-meireles-fortaleza-ce-70m2-id-2915158037/,zapimoveis,fortaleza,Meireles,-3.72157,-38.510245,exata,750000.0,70.0,10714.29,2,torre,,,2026-10-02T23:56:25,faixa 650-1000 mil
https://ce.olx.com.br/fortaleza-e-regiao/imoveis/imovel-para-venda-tem-92-metros-quadrados-com-3-quartos-em-edson-queiroz-fortaleza-ce-1538154501,olx,fortaleza,Edson Queiroz,-3.7751506666666668,-38.478451,centroide_bairro,990000.0,92.0,10760.87,3,,Imóvel para venda tem 92 metros quadrados com 3 quartos em Edson Queiroz - Fortaleza - CE,,2026-10-02T23:56:31,faixa 650-1000 mil
https://ce.olx.com.br/fortaleza-e-regiao/imoveis/apartamento-de-76m-no-bairro-aldeota-com-3-quartos-1-vaga-voltado-para-nascente-e-anda-1539901115,olx,fortaleza,Aldeota,,,,820000.0,76.0,10789.47,3,,"Apartamento de 76m² no bairro Aldeota, com 3 quartos, 1 vaga, voltado para nascente e anda",,2026-10-02T23:56:28,faixa 650-1000 mil
https://ce.olx.com.br/fortaleza-e-regiao/imoveis/reserva-da-praca-reformado-e-mobiliado-72-metros-2-suites-closet-lazer-completo-1538091191,olx,fortaleza,Cocó,-3.7468708,-38.473496,centroide_bairro,780000.0,72.0,10833.33,3,,Reserva da Praça - Reformado e Mobiliado - 72 metros - 2 suítes + Closet - Lazer Completo,,2026-10-02T23:56:31,faixa 650-1000 mil
https://ce.olx.com.br/fortaleza-e-regiao/imoveis/apartamento-com-02-quartos-nascente-e-bem-ventilado-meireles-1533326670,olx,fortaleza,Meireles,-3.723857333333333,-38.50599833333333,centroide_bairro,657000.0,60.0,10950.0,2,,Apartamento com 02 quartos | Nascente e bem ventilado | Meireles,,2026-10-02T23:56:25,faixa 650-1000 mil
https://ce.olx.com.br/fortaleza-e-regiao/imoveis/apartamento-com-3-dormitorios-a-venda-89-m-cambeba-fortaleza-ce-1528227637,olx,fortaleza,Parque Iracema,-3.807145666666667,-38.4946365,centroide_bairro,975000.0,89.0,10955.06,3,,"Apartamento com 3 dormitórios à venda, 89 m² - Cambeba - Fortaleza/CE",,2026-10-02T23:56:26,faixa 650-1000 mil
https://ce.olx.com.br/fortaleza-e-regiao/imoveis/apartamento-a-venda-em-fortaleza-coco-com-3-quartos-com-72-m-helbor-reserva-da-praca-1540604634,olx,fortaleza,Cocó,-3.7468708,-38.473496,centroide_bairro,790000.0,72.0,10972.22,3,,"Apartamento à venda em Fortaleza, Cocó, com 3 quartos, com 72 m², Helbor Reserva da Praça",Helbor,2026-10-02T23:56:26,faixa 650-1000 mil
https://ce.olx.com.br/fortaleza-e-regiao/imoveis/imovel-para-venda-possui-90-metros-quadrados-com-3-quartos-em-guararapes-fortaleza-ce-1380170310,olx,fortaleza,Guararapes,-3.759838333333333,-38.486401666666666,centroide_bairro,990000.0,90.0,11000.0,3,,Imóvel para venda possui 90 metros quadrados com 3 quartos em Guararapes - Fortaleza - CE,,2026-10-02T23:56:26,faixa 650-1000 mil
https://ce.olx.com.br/fortaleza-e-regiao/imoveis/apartamento-vista-mar-03-quartos-no-meireles-1540498667,olx,fortaleza,Meireles,-3.723857333333333,-38.50599833333333,centroide_bairro,750000.0,68.0,11029.41,3,,"Apartamento vista mar,  03 quartos no Meireles.",,2026-10-02T23:56:26,faixa 650-1000 mil
https://ce.olx.com.br/fortaleza-e-regiao/imoveis/apartamento-no-meireles-fortaleza-1540922271,olx,fortaleza,Meireles,-3.723857333333333,-38.50599833333333,centroide_bairro,750000.0,68.0,11029.41,3,,Apartamento no Meireles Fortaleza,,2026-10-02T23:56:25,faixa 650-1000 mil
https://ce.olx.com.br/fortaleza-e-regiao/imoveis/imovel-para-venda-possui-68-metros-quadrados-com-3-quartos-em-meireles-fortaleza-ce-1539288186,olx,fortaleza,Meireles,-3.723857333333333,-38.50599833333333,centroide_bairro,750000.0,68.0,11029.41,3,,Imóvel para venda possui 68 metros quadrados com 3 quartos em Meireles - Fortaleza - CE,,2026-10-02T23:56:29,faixa 650-1000 mil
https://ce.olx.com.br/fortaleza-e-regiao/imoveis/nascente-3-4-2vagas-lazer-completo-liga-9-87-48-31-08-diego9989f-reserva-da-praca-jose-bo-1521010158,olx,fortaleza,Cocó,-3.7468708,-38.473496,centroide_bairro,795011.0,72.0,11041.82,3,,"Nascente 3/4, 2vagas lazer completo liga 9 87 48 31 08 Diego9989F reserva da praça José bo",,2026-10-02T23:56:29,faixa 650-1000 mil
https://ce.olx.com.br/fortaleza-e-regiao/imoveis/apartamento-no-edificio-residencial-praia-mucuripe-fortaleza-1538214169,olx,fortaleza,Mucuripe,-3.7251166666666666,-38.48643666666666,centroide_bairro,890000.0,80.0,11125.0,2,,"Apartamento no Edifício Residencial Praia  Mucuripe, Fortaleza",,2026-10-02T23:56:29,faixa 650-1000 mil
https://ce.olx.com.br/fortaleza-e-regiao/imoveis/apartamento-a-venda-no-jardim-cearense-fortaleza-1538078303,olx,fortaleza,Jardim Cearense,,,,690000.0,62.0,11129.03,3,,"Apartamento à venda no Jardim Cearense, Fortaleza",,2026-10-02T23:56:31,faixa 650-1000 mil
https://ce.olx.com.br/fortaleza-e-regiao/imoveis/apartamentos-com-03-quartos-sendo-02-suites-03-ou-04-vagas-e-uma-super-area-de-lazer-bai-1538298864,olx,fortaleza,Jardim América,,,,924633.0,83.0,11140.16,3,,"Apartamentos com 03 quartos sendo 02 suítes, 03 ou 04 vagas e uma Super Área de Lazer. Bai",,2026-10-02T23:56:30,faixa 650-1000 mil
https://www.chavesnamao.com.br/imovel/apartamento-a-venda-3-quartos-com-garagem-ce-fortaleza-aldeota-80m2-RS895000/id-39429337/,chavesnamao,fortaleza,Aldeota,,,,895000.0,80.0,11187.5,3,,,,2026-10-02T23:56:23,faixa 650-1000 mil
https://ce.olx.com.br/fortaleza-e-regiao/imoveis/porto-de-iracema-residence-1540299145,olx,fortaleza,Meireles,-3.723857333333333,-38.50599833333333,centroide_bairro,750000.0,67.0,11194.03,2,,Porto de Iracema Residence,,2026-10-02T23:56:26,faixa 650-1000 mil
https://ce.olx.com.br/fortaleza-e-regiao/imoveis/repasse-em-um-dos-principais-condominios-do-luciano-cavalcante-65m-entrega-em-2028-1539815959,olx,fortaleza,Engenheiro Luciano Cavalcante,-3.7695453999999997,-38.4930038,centroide_bairro,720000.0,64.0,11250.0,3,,Repasse em um dos principais condomínios do Luciano Cavalcante | 65m² | Entrega em 2028,,2026-10-02T23:56:27,faixa 650-1000 mil
https://ce.olx.com.br/fortaleza-e-regiao/imoveis/apartamento-a-venda-na-aldeota-com-3-quartos-2-suites-varanda-e-lazer-completo-em-aldeot-1539937060,olx,fortaleza,Aldeota,,,,870000.0,77.0,11298.7,3,,"Apartamento à venda na Aldeota com 3 quartos, 2 suítes, varanda e lazer completo em Aldeot",,2026-10-02T23:56:28,faixa 650-1000 mil
https://ce.olx.com.br/fortaleza-e-regiao/imoveis/apartamento-com-2-dormitorios-a-venda-61-m-por-r-690-000-meireles-fortaleza-ce-1536845818,olx,fortaleza,Meireles,-3.723857333333333,-38.50599833333333,centroide_bairro,690000.0,61.0,11311.48,2,,"Apartamento com 2 dormitórios à venda, 61 m² por R$ 690.000 - Meireles - Fortaleza/CE",,2026-10-02T23:56:26,faixa 650-1000 mil
https://ce.olx.com.br/fortaleza-e-regiao/imoveis/brisa-do-mar-liga-9-87-48-31-08-diego9989f-frei-mansueto-422-meireles-beira-mar-feirinha-1488445408,olx,fortaleza,Meireles,-3.723857333333333,-38.50599833333333,centroide_bairro,680000.0,60.0,11333.33,2,,"Brisa do Mar liga 9 87 48 31 08 Diego9989F frei Mansueto, 422 Meireles beira mar feirinha.",,2026-10-02T23:56:29,faixa 650-1000 mil
https://ce.olx.com.br/fortaleza-e-regiao/imoveis/apartamento-com-3-quartos-na-praia-de-iracema-1540106570,olx,fortaleza,Centro,-3.7337629999999997,-38.5174425,centroide_bairro,920000.0,81.0,11358.02,3,,Apartamento com 3 quartos na Praia de Iracema,,2026-10-02T23:56:28,faixa 650-1000 mil
https://ce.olx.com.br/fortaleza-e-regiao/imoveis/apartamento-a-venda-58-m-por-r-660-000-00-meireles-fortaleza-ce-1539780468,olx,fortaleza,Meireles,-3.723857333333333,-38.50599833333333,centroide_bairro,660000.0,58.0,11379.31,2,,"Apartamento à venda, 58 m² por R$ 660.000,00 - Meireles - Fortaleza/CE",,2026-10-02T23:56:27,faixa 650-1000 mil
https://ce.olx.com.br/fortaleza-e-regiao/imoveis/apartamento-a-venda-58-m-por-r-660-000-00-meireles-fortaleza-ce-1539765218,olx,fortaleza,Meireles,-3.723857333333333,-38.50599833333333,centroide_bairro,660000.0,58.0,11379.31,2,,"Apartamento à venda, 58 m² por R$ 660.000,00 - Meireles - Fortaleza/CE",,2026-10-02T23:56:28,faixa 650-1000 mil
https://ce.olx.com.br/fortaleza-e-regiao/imoveis/venda-apartamento-1517399067,olx,fortaleza,Meireles,-3.723857333333333,-38.50599833333333,centroide_bairro,799000.0,70.0,11414.29,3,,Venda Apartamento,,2026-10-02T23:56:26,faixa 650-1000 mil
https://ce.olx.com.br/fortaleza-e-regiao/imoveis/83m2-2-4-liga-9-8-7-4-8-3-1-0-8-diego9989f-oportunidade-dadrian-1402816087,olx,fortaleza,Mucuripe,-3.7251166666666666,-38.48643666666666,centroide_bairro,950000.0,83.0,11445.78,2,,83m2 2/4 liga 9 8 7 4 8 3 1 0 8 Diego9989f oportunidade dadrian,,2026-10-02T23:56:29,faixa 650-1000 mil
https://ce.olx.com.br/fortaleza-e-regiao/imoveis/apartamento-venda-no-papicu-1539779986,olx,fortaleza,Papicu,,,,894814.0,78.0,11471.97,3,,APARTAMENTO À VENDA NO PAPICU,,2026-10-02T23:56:27,faixa 650-1000 mil
https://ce.olx.com.br/fortaleza-e-regiao/imoveis/apartamento-a-venda-na-modalidade-porteira-fechada-com-74m-1539815966,olx,fortaleza,Engenheiro Luciano Cavalcante,-3.7695453999999997,-38.4930038,centroide_bairro,850000.0,74.0,11486.49,2,,Apartamento à venda na modalidade porteira fechada com 74m²,,2026-10-02T23:56:27,faixa 650-1000 mil
https://ce.olx.com.br/fortaleza-e-regiao/imoveis/apartamento-com-3-quartos-no-coco-porteira-fechada-1538007972,olx,fortaleza,Cocó,-3.7468708,-38.473496,centroide_bairro,830000.0,72.0,11527.78,3,,Apartamento com 3 quartos no Cocó - Porteira Fechada,,2026-10-02T23:56:31,faixa 650-1000 mil
https://ce.olx.com.br/fortaleza-e-regiao/imoveis/apartamento-de-65m-no-joaquim-tavora-com-3-quartos-novo-recem-entregue-na-garantia-da-1540523421,olx,fortaleza,Joaquim Távora,,,,750000.0,65.0,11538.46,3,,"Apartamento de 65m² no Joaquim Távora, com 3 quartos , novo recém entregue na garantia da",,2026-10-02T23:56:26,faixa 650-1000 mil
https://ce.olx.com.br/fortaleza-e-regiao/imoveis/apartamento-a-venda-no-bairro-edson-queiroz-condominio-fortaleza-sul-1539779831,olx,fortaleza,Edson Queiroz,-3.7751506666666668,-38.478451,centroide_bairro,809547.0,70.0,11564.96,3,,Apartamento à venda no bairro Edson Queiroz | Condomínio Fortaleza Sul,,2026-10-02T23:56:27,faixa 650-1000 mil
https://ce.olx.com.br/fortaleza-e-regiao/imoveis/se-voce-busca-sofisticacao-seguranca-e-maxima-qualidade-de-vida-este-e-o-endereco-ideal-1539187421,olx,fortaleza,Edson Queiroz,-3.7751506666666668,-38.478451,centroide_bairro,809548.0,70.0,11564.97,3,,"Se você busca sofisticação, segurança e máxima qualidade de vida, este é o endereço ideal",,2026-10-02T23:56:29,faixa 650-1000 mil
https://ce.olx.com.br/fortaleza-e-regiao/imoveis/apartamento-74m-porteira-fechada-3-quartos-100-projetado-no-luciano-cavalcante-1539969744,olx,fortaleza,Engenheiro Luciano Cavalcante,-3.7695453999999997,-38.4930038,centroide_bairro,860000.0,74.0,11621.62,3,,"Apartamento 74m², Porteira Fechada 3 quartos - 100% projetado no Luciano Cavalcante",,2026-10-02T23:56:28,faixa 650-1000 mil
https://www.zapimoveis.com.br/imovel/venda-apartamento-3-quartos-mobiliado-meireles-fortaleza-ce-74m2-id-2914891336/,zapimoveis,fortaleza,Meireles,-3.723002,-38.50975,exata,860000.0,74.0,11621.62,3,torre,,,2026-10-02T23:56:24,faixa 650-1000 mil
https://ce.olx.com.br/fortaleza-e-regiao/imoveis/apartamento-com-quartos-a-venda-78-m-por-r-907-000-papicu-fortaleza-ce-1538535695,olx,fortaleza,Papicu,,,,907000.0,78.0,11628.21,3,,"Apartamento com quartos à venda, 78 m² por R$ 907.000 - Papicu - Fortaleza/CE",,2026-10-02T23:56:29,faixa 650-1000 mil
https://ce.olx.com.br/fortaleza-e-regiao/imoveis/imperdivel-apto-3-quartos-na-silva-paulet-meireles-1537924758,olx,fortaleza,Meireles,-3.723857333333333,-38.50599833333333,centroide_bairro,920000.0,79.0,11645.57,3,,IMPERDÍVEL! Apto 3 quartos* na Silva Paulet -  Meireles,,2026-10-02T23:56:31,faixa 650-1000 mil
https://ce.olx.com.br/fortaleza-e-regiao/imoveis/a-melhor-oportunidade-da-area-nobre-para-morar-veranear-ou-investir-1540959469,olx,fortaleza,Meireles,-3.723857333333333,-38.50599833333333,centroide_bairro,700000.0,60.0,11666.67,2,,"A melhor oportunidade da área nobre para morar, veranear ou investir",,2026-10-02T23:56:25,faixa 650-1000 mil
https://ce.olx.com.br/fortaleza-e-regiao/imoveis/vitale-condominium-porteira-fechada-nascente-72m-3-quartos-lazer-luciano-cava-1540714688,olx,fortaleza,Engenheiro Luciano Cavalcante,-3.7695453999999997,-38.4930038,centroide_bairro,840000.0,72.0,11666.67,3,,Vitale Condominium - Porteira Fechada - Nascente - 72m² - 3 quartos - Lazer - Luciano Cava,,2026-10-02T23:56:26,faixa 650-1000 mil
https://ce.olx.com.br/fortaleza-e-regiao/imoveis/apartamento-com-72-m-3-quartos-100-projetado-luciano-cavalcante-1539661917,olx,fortaleza,Engenheiro Luciano Cavalcante,-3.7695453999999997,-38.4930038,centroide_bairro,840000.0,72.0,11666.67,3,,"Apartamento com 72 m² , 3 Quartos, 100% projetado - Luciano Cavalcante",,2026-10-02T23:56:28,faixa 650-1000 mil
https://ce.olx.com.br/fortaleza-e-regiao/imoveis/green-garden-papicu-porteira-fechada-1539585808,olx,fortaleza,Papicu,,,,910000.0,78.0,11666.67,3,,Green Garden  Papicu | Porteira Fechada,,2026-10-02T23:56:28,faixa 650-1000 mil
https://ce.olx.com.br/fortaleza-e-regiao/imoveis/apartamento-com-vista-mar-praia-de-iracema-beira-mar-meireless-com-2-quartos-fortalez-1540735934,olx,fortaleza,Praia de Iracema,,,,800000.0,68.0,11764.71,2,,"apartamento com vista mar praia de iracema, beira mar, meireless, com 2 quartos - Fortalez",,2026-10-02T23:56:26,faixa 650-1000 mil
https://www.zapimoveis.com.br/imovel/venda-apartamento-3-quartos-com-piscina-guararapes-fortaleza-ce-72m2-id-2626576530/,zapimoveis,fortaleza,Guararapes,-3.759985,-38.486736,exata,850000.0,72.0,11805.56,3,torre,,,2026-10-02T23:56:25,faixa 650-1000 mil
https://ce.olx.com.br/fortaleza-e-regiao/imoveis/apartamento-74-m-2-suites-porteira-fechada-reservatto-guararapes-1540959328,olx,fortaleza,Engenheiro Luciano Cavalcante,-3.7695453999999997,-38.4930038,centroide_bairro,890000.0,74.0,12027.03,2,,APARTAMENTO 74 M² | 2 SUÍTES | PORTEIRA FECHADA | RESERVATTO GUARARAPES,,2026-10-02T23:56:25,faixa 650-1000 mil
https://ce.olx.com.br/fortaleza-e-regiao/imoveis/apartamento-a-venda-no-bairro-cidade-dos-funcionarios-condominio-inovatto-condominium-1539779938,olx,fortaleza,Parque Iracema,-3.807145666666667,-38.4946365,centroide_bairro,651000.0,54.0,12055.56,2,,Apartamento à venda no bairro Cidade dos Funcionários | Condomínio Inovatto Condominium,,2026-10-02T23:56:27,faixa 650-1000 mil
https://ce.olx.com.br/fortaleza-e-regiao/imoveis/apartamento-a-venda-62-m2-2-suites-edificio-cristal-ix-meireles-1538544772,olx,fortaleza,Meireles,-3.723857333333333,-38.50599833333333,centroide_bairro,749000.0,62.0,12080.65,2,,Apartamento a venda 62 M2 - 2 suítes/Edifício Cristal IX- Meireles,,2026-10-02T23:56:29,faixa 650-1000 mil
https://ce.olx.com.br/fortaleza-e-regiao/imoveis/edificio-cristal-9-ix-nascente-andar-alto-62m-2-suites-2-vagas-lazer-amplo-1540006547,olx,fortaleza,Meireles,-3.723857333333333,-38.50599833333333,centroide_bairro,750000.0,62.0,12096.77,2,,Edifício Cristal 9 (IX) - Nascente - Andar Alto - 62m² - 2 suítes + 2 vagas - Lazer Amplo,,2026-10-02T23:56:28,faixa 650-1000 mil
https://ce.olx.com.br/fortaleza-e-regiao/imoveis/apartamento-com-2-dormitorios-a-venda-56-m-por-r-680-000-00-meireles-fortaleza-ce-1506510134,olx,fortaleza,Meireles,-3.723857333333333,-38.50599833333333,centroide_bairro,680000.0,56.0,12142.86,2,,"Apartamento com 2 dormitórios à venda, 56 m² por R$ 680.000,00 - Meireles - Fortaleza/CE",,2026-10-02T23:56:26,faixa 650-1000 mil
https://ce.olx.com.br/fortaleza-e-regiao/imoveis/apartamento-para-venda-em-fortaleza-praia-do-futuro-2-dormitorios-2-banheiros-1-vaga-1540754819,olx,fortaleza,Vicente Pinzon,,,,850000.0,70.0,12142.86,2,,"Apartamento para Venda em Fortaleza, Praia do Futuro, 2 dormitórios, 2 banheiros, 1 vaga",,2026-10-02T23:56:26,faixa 650-1000 mil
https://www.zapimoveis.com.br/imovel/venda-apartamento-2-quartos-com-piscina-edson-queiroz-fortaleza-ce-54m2-id-2838461205/,zapimoveis,fortaleza,Edson Queiroz,-3.775367,-38.477976,exata,655988.0,54.0,12147.93,2,torre,,,2026-10-02T23:56:25,faixa 650-1000 mil
https://ce.olx.com.br/fortaleza-e-regiao/imoveis/apartamento-a-venda-em-fortaleza-condominio-hortus-park-1539779602,olx,fortaleza,Papicu,,,,961504.0,78.0,12326.97,3,,Apartamento à venda em Fortaleza | Condomínio Hortus Park,,2026-10-02T23:56:27,faixa 650-1000 mil
https://ce.olx.com.br/fortaleza-e-regiao/imoveis/brooklyn-ao-lado-do-rio-mar-projetado-liga-9-87-48-31-08-diego9989f-jose-rangel-181-oport-1538959696,olx,fortaleza,Papicu,,,,680001.0,55.0,12363.65,2,,"Brooklyn ao lado do Rio Mar projetado liga 9 87 48 31 08 Diego9989F José Rangel, 181 oport",,2026-10-02T23:56:29,faixa 650-1000 mil
https://ce.olx.com.br/fortaleza-e-regiao/imoveis/ao-lado-do-shopping-comodidade-liga-9-87-48-31-08-diego9989f-jose-rangel-181--1538960259,olx,fortaleza,Papicu,,,,680002.0,55.0,12363.67,2,,"Ao lado do Shopping, comodidade liga 9 87 48 31 08 Diego9989F José Rangel, 181 -_-))/)--",,2026-10-02T23:56:29,faixa 650-1000 mil
https://ce.olx.com.br/fortaleza-e-regiao/imoveis/lindo-apartamento-no-brooklyn-liga-9-8-7-4-8-3-1-0-8-diego9989f-jose-rangel-100-1539128795,olx,fortaleza,Papicu,,,,680003.0,55.0,12363.69,2,,"Lindo apartamento no Brooklyn liga 9 8 7 4 8 3 1 0 8 Diego9989f José Rangel, 100",,2026-10-02T23:56:29,faixa 650-1000 mil
https://ce.olx.com.br/fortaleza-e-regiao/imoveis/lindo-mobiliado-porteira-fechada-liga-9-87-48-31-08-diego9989f-brooklyn-jose-rangel-181-1540058560,olx,fortaleza,Papicu,,,,680004.0,55.0,12363.71,2,,"Lindo mobiliado(Porteira fechada) liga 9 87 48 31 08 Diego9989f Brooklyn José Rangel, 181.",,2026-10-02T23:56:28,faixa 650-1000 mil
https://ce.olx.com.br/fortaleza-e-regiao/imoveis/lazer-completo-mobiliado-qualidade-de-vida-liga-9-87-48-31-08-diego9989f-brooklyn--1540059589,olx,fortaleza,Papicu,,,,680005.0,55.0,12363.73,2,,"Lazer completo, mobiliado, qualidade de vida liga 9 87 48 31 08 Diego9989f Brooklyn ((()_-",,2026-10-02T23:56:28,faixa 650-1000 mil
https://ce.olx.com.br/fortaleza-e-regiao/imoveis/a-sua-nova-casa-ao-lado-do-shopping-rio-mar-fortaleza-liga-9-87-48-31-08-diego9989f-brookl-1540062480,olx,fortaleza,Papicu,,,,680006.0,55.0,12363.75,2,,A sua nova casa ao lado do shopping Rio mar fortaleza liga 9 87 48 31 08 Diego9989f brookl,,2026-10-02T23:56:28,faixa 650-1000 mil
https://ce.olx.com.br/fortaleza-e-regiao/imoveis/flat-2-quartos-venda-no-meireles-fortaleza-1382982052,olx,fortaleza,Meireles,-3.723857333333333,-38.50599833333333,centroide_bairro,720000.0,58.0,12413.79,2,,"Flat 2 quartos À VENDA no Meireles, Fortaleza",,2026-10-02T23:56:26,faixa 650-1000 mil
https://ce.olx.com.br/fortaleza-e-regiao/imoveis/green-garden-78m2-d948-liga-9-8-7-4-8-3-1-0-8-diego9989f-744723875,olx,fortaleza,Papicu,,,,970000.0,78.0,12435.9,3,,Green garden 78m2 d948 liga 9 8 7 4 8 3 1 0 8 Diego9989f,,2026-10-02T23:56:31,faixa 650-1000 mil
https://ce.olx.com.br/fortaleza-e-regiao/imoveis/mood-praia-do-futuro-1523942807,olx,fortaleza,Praia do Futuro II,,,,660000.0,53.0,12452.83,2,,MOOD PRAIA DO FUTURO,,2026-10-02T23:56:25,faixa 650-1000 mil
https://ce.olx.com.br/fortaleza-e-regiao/imoveis/apartamento-com-2-dormitorios-a-venda-61-m-por-r-760-000-00-coco-fortaleza-ce-1451226235,olx,fortaleza,Cocó,-3.7468708,-38.473496,centroide_bairro,760000.0,61.0,12459.02,2,,"Apartamento com 2 dormitórios à venda, 61 m² por R$ 760.000,00 - Cocó - Fortaleza/CE",,2026-10-02T23:56:26,faixa 650-1000 mil
https://ce.olx.com.br/fortaleza-e-regiao/imoveis/brisa-do-mar-1540908540,olx,fortaleza,Meireles,-3.723857333333333,-38.50599833333333,centroide_bairro,750000.0,60.0,12500.0,2,,Brisa do Mar,,2026-10-02T23:56:25,faixa 650-1000 mil
https://ce.olx.com.br/fortaleza-e-regiao/imoveis/apartamento-no-meireles-1539803425,olx,fortaleza,Meireles,-3.723857333333333,-38.50599833333333,centroide_bairro,750000.0,60.0,12500.0,2,,Apartamento no Meireles,,2026-10-02T23:56:27,faixa 650-1000 mil
https://ce.olx.com.br/fortaleza-e-regiao/imoveis/apartamento-totalmente-mobiliado-edificio-brisa-do-mar-porteira-fechada-1539072879,olx,fortaleza,Meireles,-3.723857333333333,-38.50599833333333,centroide_bairro,750000.0,60.0,12500.0,2,,Apartamento totalmente mobiliado edifício Brisa do Mar  (Porteira fechada),,2026-10-02T23:56:29,faixa 650-1000 mil
https://ce.olx.com.br/fortaleza-e-regiao/imoveis/flat-a-venda-57-m-por-r-640-000-00-meireles-fortaleza-ce-1539807674,olx,fortaleza,Meireles,-3.723857333333333,-38.50599833333333,centroide_bairro,725000.0,58.0,12500.0,2,,"Flat à venda, 57 m² por R$ 640.000,00 - Meireles - Fortaleza/CE",,2026-10-02T23:56:27,faixa 650-1000 mil
https://www.chavesnamao.com.br/imovel/apartamento-a-venda-3-quartos-com-garagem-ce-fortaleza-joaquim-tavora-78m2-RS975000/id-42256996/,chavesnamao,fortaleza,Joaquim Távora,,,,975000.0,78.0,12500.0,3,,,,2026-10-02T23:56:23,faixa 650-1000 mil
https://ce.olx.com.br/fortaleza-e-regiao/imoveis/more-no-meireles-2qts-vista-mar-mobiliado-1538761070,olx,fortaleza,Meireles,-3.723857333333333,-38.50599833333333,centroide_bairro,779000.0,62.0,12564.52,2,,"More no Meireles , 2qts, Vista Mar, Mobiliado",,2026-10-02T23:56:29,faixa 650-1000 mil
https://ce.olx.com.br/fortaleza-e-regiao/imoveis/apt-222-bs-jade-apartamentos-com-03-quartos-02-banheiros-02-vagas-604642141,olx,fortaleza,Centro,-3.7337629999999997,-38.5174425,centroide_bairro,818866.0,65.0,12597.94,3,,"APT 222, BS Jade, Apartamentos com 03 quartos, 02 banheiros, 02 vagas",,2026-10-02T23:56:29,faixa 650-1000 mil
https://ce.olx.com.br/fortaleza-e-regiao/imoveis/apartamento-no-monte-fort-residence-meireles-fortaleza-1539990549,olx,fortaleza,Meireles,-3.723857333333333,-38.50599833333333,centroide_bairro,850000.0,67.0,12686.57,3,,"Apartamento no Monte Fort Residence  Meireles, Fortaleza",,2026-10-02T23:56:28,faixa 650-1000 mil
https://ce.olx.com.br/fortaleza-e-regiao/imoveis/apartamento-no-mar-mar-vista-mar-e-2-vagas-1530770580,olx,fortaleza,Mucuripe,-3.7251166666666666,-38.48643666666666,centroide_bairro,890000.0,70.0,12714.29,2,,APARTAMENTO NO MAR & MAR - VISTA MAR E 2 VAGAS!!,,2026-10-02T23:56:25,faixa 650-1000 mil
https://ce.olx.com.br/fortaleza-e-regiao/imoveis/apartamento-com-2-dormitorios-a-venda-64-m-por-r-814-637-00-engenheiro-luciano-cavalc-1539298430,olx,fortaleza,Engenheiro Luciano Cavalcante,-3.7695453999999997,-38.4930038,centroide_bairro,814637.0,64.0,12728.7,2,,"Apartamento com 2 dormitórios à venda, 64 m² por R$ 814.637,00 - Engenheiro Luciano Cavalc",,2026-10-02T23:56:29,faixa 650-1000 mil
https://ce.olx.com.br/fortaleza-e-regiao/imoveis/apartamento-com-2-quartos-a-venda-no-bairro-joaquim-tavora-fortaleza-ce-1538536480,olx,fortaleza,Joaquim Távora,,,,652000.0,51.0,12784.31,2,,"Apartamento com 2 quartos à venda, no Bairro Joaquim Távora - Fortaleza/CE",,2026-10-02T23:56:29,faixa 650-1000 mil
https://ce.olx.com.br/fortaleza-e-regiao/imoveis/j-smart-leite-albuquerque-1513370759,olx,fortaleza,Aldeota,,,,768000.0,60.0,12800.0,1,,J. SMART LEITE ALBUQUERQUE,,2026-10-02T23:56:25,faixa 650-1000 mil
https://ce.olx.com.br/fortaleza-e-regiao/imoveis/apartamento-a-venda-no-meireles-com-vista-mar-fortaleza-1539807336,olx,fortaleza,Meireles,-3.723857333333333,-38.50599833333333,centroide_bairro,820000.0,64.0,12812.5,2,,Apartamento à venda no Meireles com vista mar | Fortaleza,,2026-10-02T23:56:26,faixa 650-1000 mil
https://ce.olx.com.br/fortaleza-e-regiao/imoveis/apartamento-a-venda-02-quartos-sendo-02-suites-02-vagas-e-uma-super-area-de-lazer-garde-1538078387,olx,fortaleza,Jardim América,,,,811362.0,63.0,12878.76,2,,"Apartamento à venda, 02 quartos sendo 02 suítes, 02 vagas e uma Super Área de Lazer. Garde",,2026-10-02T23:56:31,faixa 650-1000 mil
https://ce.olx.com.br/fortaleza-e-regiao/imoveis/apartamento-a-venda-proximo-ao-palacio-da-abolicao-3-quartos-2-suites-2-vagas-1538093504,olx,fortaleza,Meireles,-3.723857333333333,-38.50599833333333,centroide_bairro,920000.0,71.0,12957.75,3,,Apartamento à Venda Próximo ao Palácio da Abolição | 3 Quartos | 2 Suítes | 2 Vagas,,2026-10-02T23:56:31,faixa 650-1000 mil
https://ce.olx.com.br/fortaleza-e-regiao/imoveis/apartamento-para-venda-2-quarto-s-engenheiro-luciano-cavalcante-fortaleza-1540678167,olx,fortaleza,Engenheiro Luciano Cavalcante,-3.7695453999999997,-38.4930038,centroide_bairro,780000.0,60.0,13000.0,2,,"Apartamento para venda, 2 quarto(s), Engenheiro Luciano Cavalcante, Fortaleza",,2026-10-02T23:56:26,faixa 650-1000 mil
https://ce.olx.com.br/fortaleza-e-regiao/imoveis/apartamento-com-2-quartos-a-venda-62-m-por-r-811-000-fatima-fortaleza-ce-1538535966,olx,fortaleza,Fátima,,,,811000.0,62.0,13080.65,2,,"Apartamento com 2 quartos à venda, 62 m² por R$ 811.000 - Fátima - Fortaleza/CE",,2026-10-02T23:56:29,faixa 650-1000 mil
https://ce.olx.com.br/fortaleza-e-regiao/imoveis/more-vizinho-a-uma-praca-liga-9-8-7-4-8-3-1-0-8diego9989f-portbellini-1080011108,olx,fortaleza,Meireles,-3.723857333333333,-38.50599833333333,centroide_bairro,800000.0,61.0,13114.75,2,,More vizinho a uma praça! Liga 9 8 7 4 8 3 1 0 8DIEGO9989F portbellini,,2026-10-02T23:56:29,faixa 650-1000 mil
https://ce.olx.com.br/fortaleza-e-regiao/imoveis/apartamento-a-venda-68-m-por-r-899-900-00-mucuripe-fortaleza-ce-1539779954,olx,fortaleza,Mucuripe,-3.7251166666666666,-38.48643666666666,centroide_bairro,899900.0,68.0,13233.82,2,,"Apartamento à venda, 68 m² por R$ 899.900,00 - Mucuripe - Fortaleza/CE",,2026-10-02T23:56:27,faixa 650-1000 mil
https://ce.olx.com.br/fortaleza-e-regiao/imoveis/apartamento-no-iate-plaza-mucuripe-fortaleza-1538213960,olx,fortaleza,Mucuripe,-3.7251166666666666,-38.48643666666666,centroide_bairro,900000.0,68.0,13235.29,2,,"Apartamento no Iate Plaza  Mucuripe, Fortaleza",,2026-10-02T23:56:29,faixa 650-1000 mil
https://ce.olx.com.br/fortaleza-e-regiao/imoveis/apartamento-a-venda-com-03-quartos-no-meireles-30-metros-da-beira-mar-1540158803,olx,fortaleza,Meireles,-3.723857333333333,-38.50599833333333,centroide_bairro,890000.0,67.0,13283.58,3,,"Apartamento à venda com 03 quartos no Meireles, 30 metros da Beira Mar",,2026-10-02T23:56:28,faixa 650-1000 mil
https://ce.olx.com.br/fortaleza-e-regiao/imoveis/imperdivel-top-meireles-d273-liga-9-8-7-4-8-3-1-0-8-diego9989f-696741629,olx,fortaleza,Meireles,-3.723857333333333,-38.50599833333333,centroide_bairro,750000.0,56.0,13392.86,2,,Imperdível top Meireles d273 liga 9 8 7 4 8 3 1 0 8 Diego9989f,,2026-10-02T23:56:31,faixa 650-1000 mil
https://ce.olx.com.br/fortaleza-e-regiao/imoveis/apartamento-de-2-suites-com-piscina-e-varanda-no-engenheiro-luciano-cavalcante-fortaleza-1538355430,olx,fortaleza,Engenheiro Luciano Cavalcante,-3.7695453999999997,-38.4930038,centroide_bairro,806000.0,60.0,13433.33,2,,"Apartamento de 2 Suítes com Piscina e Varanda no Engenheiro Luciano Cavalcante, Fortaleza",,2026-10-02T23:56:30,faixa 650-1000 mil
https://ce.olx.com.br/fortaleza-e-regiao/imoveis/apartamento-j-smart-dom-com-2-suites-porteira-fechada-lazer-completo-1407246777,olx,fortaleza,Dionisio Torres,-3.7464095000000004,-38.505548000000005,centroide_bairro,780000.0,58.0,13448.28,2,,Apartamento J. Smart Dom com 2 suítes porteira fechada lazer completo!!!,,2026-10-02T23:56:26,faixa 650-1000 mil
https://ce.olx.com.br/fortaleza-e-regiao/imoveis/aquarius-residence-praia-de-iracema-vista-mar-1509119201,olx,fortaleza,Praia de Iracema,,,,727500.0,54.0,13472.22,2,,Aquarius Residence | Praia de Iracema | Vista Mar,,2026-10-02T23:56:25,faixa 650-1000 mil
https://ce.olx.com.br/fortaleza-e-regiao/imoveis/apartamentos-novos-e-prontos-para-morar-na-praia-de-iracema-1538651524,olx,fortaleza,Praia de Iracema,,,,758452.0,56.0,13543.79,2,,Apartamentos Novos e Prontos Para Morar na Praia de Iracema,,2026-10-02T23:56:29,faixa 650-1000 mil
https://ce.olx.com.br/fortaleza-e-regiao/imoveis/apartamento-de-56-metros-2-quartos-varanda-vista-mar-em-praia-de-iracema-fortaleza-c-1539168935,olx,fortaleza,Praia de Iracema,,,,758453.0,56.0,13543.8,2,,"Apartamento de 56 metros, 2 quartos, Varanda Vista Mar em Praia de Iracema - Fortaleza - C",,2026-10-02T23:56:29,faixa 650-1000 mil
https://ce.olx.com.br/fortaleza-e-regiao/imoveis/apartamento-para-venda-tem-69-metros-quadrados-com-2-quartos-em-aldeota-fortaleza-ce-1303732088,olx,fortaleza,Aldeota,,,,941000.0,69.0,13637.68,2,,Apartamento para venda tem 69 metros quadrados com 2 quartos em Aldeota - Fortaleza - CE,,2026-10-02T23:56:25,faixa 650-1000 mil
https://ce.olx.com.br/fortaleza-e-regiao/imoveis/flat-no-iate-plaza-1503573700,olx,fortaleza,Mucuripe,-3.7251166666666666,-38.48643666666666,centroide_bairro,689000.0,50.0,13780.0,1,,Flat no Iate Plaza,,2026-10-02T23:56:25,faixa 650-1000 mil
https://ce.olx.com.br/fortaleza-e-regiao/imoveis/apartamento-para-venda-com-66-metros-quadrados-com-2-quartos-em-meireles-fortaleza-cea-1460906679,olx,fortaleza,Meireles,-3.723857333333333,-38.50599833333333,centroide_bairro,900000.0,65.0,13846.15,2,,Apartamento para venda com 66 metros quadrados com 2 quartos em Meireles - Fortaleza - Cea,,2026-10-02T23:56:26,faixa 650-1000 mil
https://ce.olx.com.br/fortaleza-e-regiao/imoveis/apartamento-2-suites-semimobiliado-dionisio-torres-aldeota-1538904375,olx,fortaleza,Dionisio Torres,-3.7464095000000004,-38.505548000000005,centroide_bairro,700000.0,50.0,14000.0,2,,Apartamento 2 suítes Semimobiliado Dionísio Torres/Aldeota,,2026-10-02T23:56:26,faixa 650-1000 mil
https://ce.olx.com.br/fortaleza-e-regiao/imoveis/j-smart-dom-dionisio-torres-50-26m-02-suites-01-vaga-1538985852,olx,fortaleza,Dionisio Torres,-3.7464095000000004,-38.505548000000005,centroide_bairro,700000.0,50.0,14000.0,2,,"J Smart Dom | Dionísio Torres | 50,26m² | 02 Suítes | 01 Vaga",,2026-10-02T23:56:29,faixa 650-1000 mil
https://ce.olx.com.br/fortaleza-e-regiao/imoveis/apartamento-a-venda-no-bairro-meireles-condominio-atrium-sellect-1539779859,olx,fortaleza,Meireles,-3.723857333333333,-38.50599833333333,centroide_bairro,696801.0,49.0,14220.43,2,,Apartamento à venda no bairro Meireles | Condomínio Atrium Sellect.,,2026-10-02T23:56:27,faixa 650-1000 mil
https://ce.olx.com.br/fortaleza-e-regiao/imoveis/apto-duplex-nascente-e-mobiliado-a-venda-no-loft-praia-com-vista-para-beira-mar-de-fortale-1539988044,olx,fortaleza,Meireles,-3.723857333333333,-38.50599833333333,centroide_bairro,875000.0,61.0,14344.26,1,,Apto duplex nascente e mobiliado à venda no Loft Praia com vista para Beira Mar de Fortale,,2026-10-02T23:56:28,faixa 650-1000 mil
https://ce.olx.com.br/fortaleza-e-regiao/imoveis/apartamento-com-2-quartos-a-venda-61-m-por-r-878-000-coco-fortaleza-ce-1538535646,olx,fortaleza,Cocó,-3.7468708,-38.473496,centroide_bairro,878000.0,61.0,14393.44,2,,"Apartamento com 2 quartos à venda, 61 m² por R$ 878.000 - Cocó - Fortaleza/CE",,2026-10-02T23:56:29,faixa 650-1000 mil
https://ce.olx.com.br/fortaleza-e-regiao/imoveis/apartamento-em-meireles-com-vista-para-o-mar-1540901915,olx,fortaleza,Meireles,-3.723857333333333,-38.50599833333333,centroide_bairro,775000.0,53.0,14622.64,2,,"Apartamento em Meireles, com vista para o mar",,2026-10-02T23:56:25,faixa 650-1000 mil
https://ce.olx.com.br/fortaleza-e-regiao/imoveis/j-smart-dom-1460636372,olx,fortaleza,Dionisio Torres,-3.7464095000000004,-38.505548000000005,centroide_bairro,850000.0,58.0,14655.17,2,,J SMART DOM,,2026-10-02T23:56:26,faixa 650-1000 mil
https://ce.olx.com.br/fortaleza-e-regiao/imoveis/apt-127-meireles-condominio-hemisphere-residence-58m2-a-65-12m2-523976451,olx,fortaleza,Meireles,-3.723857333333333,-38.50599833333333,centroide_bairro,952678.0,65.0,14656.58,2,,"APT 127, Meireles, Condomínio Hemisphere Residence, 58M2 a 65,12M2",,2026-10-02T23:56:29,faixa 650-1000 mil
https://www.vivareal.com.br/imovel/apartamento-2-quartos-dionisio-torres-bairros-fortaleza-50m2-venda-RS737000-id-2857192287/,vivareal,fortaleza,Dionisio Torres,-3.744489,-38.502574,exata,737000.0,50.0,14740.0,2,torre,,,2026-10-02T23:56:24,faixa 650-1000 mil
https://ce.olx.com.br/fortaleza-e-regiao/imoveis/excelente-apartamento-com-2-suites-para-venda-no-meireles-1540735959,olx,fortaleza,Meireles,-3.723857333333333,-38.50599833333333,centroide_bairro,889000.0,60.0,14816.67,2,,Excelente Apartamento com 2 suítes para Venda no Meireles,,2026-10-02T23:56:26,faixa 650-1000 mil
https://ce.olx.com.br/fortaleza-e-regiao/imoveis/duplex-com-vista-mar-no-meireles-1-quadra-da-beira-mar-1538643186,olx,fortaleza,Meireles,-3.723857333333333,-38.50599833333333,centroide_bairro,890000.0,60.0,14833.33,2,,Duplex com Vista Mar no Meireles - 1 Quadra da Beira-Mar,,2026-10-02T23:56:26,faixa 650-1000 mil
https://ce.olx.com.br/fortaleza-e-regiao/imoveis/apt-033-aldeota-condominio-j-smart-leite-albuquerque-apartamento-com-65m2-969039717,olx,fortaleza,Aldeota,,,,974400.0,65.0,14990.77,2,,"APT 033, Aldeota, Condomínio J.Smart Leite Albuquerque, Apartamento com 65m2",,2026-10-02T23:56:28,faixa 650-1000 mil
https://ce.olx.com.br/fortaleza-e-regiao/imoveis/apartamento-a-venda-com-2-quartos-no-meireles-1540158788,olx,fortaleza,Meireles,-3.723857333333333,-38.50599833333333,centroide_bairro,850000.0,56.0,15178.57,2,,Apartamento á venda com 2 quartos no Meireles,,2026-10-02T23:56:28,faixa 650-1000 mil
https://ce.olx.com.br/fortaleza-e-regiao/imoveis/apartamento-59m-2-quartos-2-vagas-bairro-aldeota-1539710069,olx,fortaleza,Aldeota,,,,900000.0,59.0,15254.24,2,,Apartamento | 59m² | 2 Quartos | 2 vagas | Bairro: Aldeota,,2026-10-02T23:56:28,faixa 650-1000 mil
https://www.zapimoveis.com.br/imovel/venda-apartamento-1-quarto-com-churrasqueira-meireles-fortaleza-ce-57m2-id-2545745965/,zapimoveis,fortaleza,Meireles,-3.727,-38.498,aproximada_portal,873000.0,57.0,15315.79,1,indefinido,,,2026-10-02T23:56:25,faixa 650-1000 mil
https://ce.olx.com.br/fortaleza-e-regiao/imoveis/flat-yacht-coast-residence-1398766496,olx,fortaleza,Mucuripe,-3.7251166666666666,-38.48643666666666,centroide_bairro,785000.0,51.0,15392.16,1,,Flat Yacht Coast Residence,,2026-10-02T23:56:26,faixa 650-1000 mil
https://ce.olx.com.br/fortaleza-e-regiao/imoveis/apartamento-a-venda-51-m-por-r-799-900-00-mucuripe-fortaleza-ce-1539780218,olx,fortaleza,Mucuripe,-3.7251166666666666,-38.48643666666666,centroide_bairro,799900.0,51.0,15684.31,1,,"Apartamento à venda, 51 m² por R$ 799.900,00 - Mucuripe - Fortaleza/CE",,2026-10-02T23:56:27,faixa 650-1000 mil
https://ce.olx.com.br/fortaleza-e-regiao/imoveis/apartamento-com-2-dormitorios-a-venda-54-m-por-r-850-000-00-aldeota-fortaleza-ce-1525345179,olx,fortaleza,Aldeota,,,,850000.0,54.0,15740.74,2,,"Apartamento com 2 dormitórios à venda, 54 m² por R$ 850.000,00 - Aldeota - Fortaleza/CE",,2026-10-02T23:56:26,faixa 650-1000 mil
https://ce.olx.com.br/fortaleza-e-regiao/imoveis/apt-266-meireles-condominio-barao-272-apartamentos-de-59-44m2-560370535,olx,fortaleza,Aldeota,,,,951561.0,60.0,15859.35,2,,"APT 266, Meireles, Condomínio Barão 272, Apartamentos de 59,44m2",,2026-10-02T23:56:28,faixa 650-1000 mil
https://ce.olx.com.br/fortaleza-e-regiao/imoveis/olha-a-vista-mar-56m2-2-quartos-dpesquisas-liga-9-8-7-4-8-3-1-0-8-diego9989f-702670995,olx,fortaleza,Meireles,-3.723857333333333,-38.50599833333333,centroide_bairro,890000.0,56.0,15892.86,2,,Olha a Vista Mar 56m2 2 quartos dPesquisas@ liga 9 8 7 4 8 3 1 0 8 Diego9989f,,2026-10-02T23:56:28,faixa 650-1000 mil
https://ce.olx.com.br/fortaleza-e-regiao/imoveis/apartamento-com-2-dormitorios-a-venda-59-m-por-r-950-000-00-aldeota-fortaleza-ce-1540116954,olx,fortaleza,Aldeota,,,,950000.0,59.0,16101.69,2,,"Apartamento com 2 dormitórios à venda, 59 m² por R$ 950.000,00 - Aldeota - Fortaleza/CE",,2026-10-02T23:56:28,faixa 650-1000 mil
https://ce.olx.com.br/fortaleza-e-regiao/imoveis/ed-beach-class-02-quartos-no-meireles-845569846,olx,fortaleza,Aldeota,,,,890000.0,55.0,16181.82,2,,@ Ed. Beach Class @- 02 Quartos no Meireles -,,2026-10-02T23:56:31,faixa 650-1000 mil
https://www.chavesnamao.com.br/imovel/apartamento-a-venda-1-quarto-com-garagem-ce-fortaleza-meireles-RS945305/id-39071974/,chavesnamao,fortaleza,Meireles,-3.723857333333333,-38.50599833333333,centroide_bairro,945305.0,58.0,16298.36,1,,,,2026-10-02T23:56:23,faixa 650-1000 mil
https://ce.olx.com.br/fortaleza-e-regiao/imoveis/apartamento-no-beach-class-fortaleza-vista-mar-andar-alto-2-quartos-porteira-fecha-1540823704,olx,fortaleza,Meireles,-3.723857333333333,-38.50599833333333,centroide_bairro,920000.0,56.0,16428.57,2,,Apartamento no Beach Class Fortaleza - Vista Mar - andar alto - 2 Quartos - Porteira Fecha,,2026-10-02T23:56:25,faixa 650-1000 mil
https://ce.olx.com.br/fortaleza-e-regiao/imoveis/condominio-biosphere-conceito-lindo-apartamento-na-aldeota-entrada-facilitada-mota-mach-1524792122,olx,fortaleza,Aldeota,,,,987176.0,60.0,16452.93,2,,"Condomínio Biosphere Conceito, LINDO APARTAMENTO NA ALDEOTA, ENTRADA FACILITADA, MOTA MACH",,2026-10-02T23:56:26,faixa 650-1000 mil
https://ce.olx.com.br/fortaleza-e-regiao/imoveis/apartamento-para-venda-possui-58m2-com-2-quartos-em-meireles-fortaleza-ce-1300726913,olx,fortaleza,Meireles,-3.723857333333333,-38.50599833333333,centroide_bairro,958000.0,58.0,16517.24,2,,Apartamento para venda possui 58m2 com 2 quartos em Meireles - Fortaleza - CE,,2026-10-02T23:56:25,faixa 650-1000 mil
https://ce.olx.com.br/fortaleza-e-regiao/imoveis/apartamento-a-venda-no-bairro-aldeota-condominio-alves-lima-living-1539779788,olx,fortaleza,Aldeota,,,,917214.0,54.0,16985.44,1,,Apartamento à venda no bairro Aldeota | Condomínio Alves Lima Living,,2026-10-02T23:56:27,faixa 650-1000 mil
https://ce.olx.com.br/fortaleza-e-regiao/imoveis/flat-residencial-a-beira-mar-fortaleza-liga-9-8-7-4-8-3-1-0-8-diego9989f-dpabl-829860369,olx,fortaleza,Meireles,-3.723857333333333,-38.50599833333333,centroide_bairro,700000.0,41.0,17073.17,1,,Flat residencial a beira mar Fortaleza Liga 9 8 7 4 8 3 1 0 8 Diego9989f dpabl,,2026-10-02T23:56:31,faixa 650-1000 mil
https://ce.olx.com.br/fortaleza-e-regiao/imoveis/edificio-pier-430-1513371280,olx,fortaleza,Siqueira,,,,940000.0,55.0,17090.91,1,,EDIFÍCIO PIER 430,,2026-10-02T23:56:25,faixa 650-1000 mil
https://ce.olx.com.br/fortaleza-e-regiao/imoveis/apartamento-no-infinity-600-meireles-fortaleza-1539989987,olx,fortaleza,Meireles,-3.723857333333333,-38.50599833333333,centroide_bairro,975000.0,54.0,18055.56,2,,"Apartamento no Infinity 600  Meireles, Fortaleza",,2026-10-02T23:56:28,faixa 650-1000 mil
https://ce.olx.com.br/fortaleza-e-regiao/imoveis/v-e-n-d-i-d-o-liga-9-8-7-4-8-3-1-0-8-diego9989f-oportunidade-classic-1297938766,olx,fortaleza,Meireles,-3.723857333333333,-38.50599833333333,centroide_bairro,650000.0,36.0,18055.56,1,,V e n d i d o  liga 9 8 7 4 8 3 1 0 8 Diego9989f oportunidade classic,,2026-10-02T23:56:29,faixa 650-1000 mil
https://ce.olx.com.br/fortaleza-e-regiao/imoveis/classic-v-e-n-d-i-d-o-beach-class-liga-9-8-7-4-8-3-1-0-8-diego9989f-oportunidade-1297937787,olx,fortaleza,Meireles,-3.723857333333333,-38.50599833333333,centroide_bairro,650000.0,36.0,18055.56,1,,Classic (v e n d i d o!) Beach Class liga 9 8 7 4 8 3 1 0 8 Diego9989f oportunidade,,2026-10-02T23:56:29,faixa 650-1000 mil
https://ce.olx.com.br/fortaleza-e-regiao/imoveis/anuncio-para-pesquisas-placa-eletronica-flat-classic-liga-9-8-7-4-8-3-1-0-8-diego9989f-1297936683,olx,fortaleza,Meireles,-3.723857333333333,-38.50599833333333,centroide_bairro,650000.0,36.0,18055.56,1,,(Anúncio para pesquisas placa eletrônica)Flat Classic liga 9 8 7 4 8 3 1 0 8 Diego9989f,,2026-10-02T23:56:29,faixa 650-1000 mil
https://ce.olx.com.br/fortaleza-e-regiao/imoveis/classic-foi-v-e-n-d-i-d-o-liga-9-8-7-4-8-3-1-0-8-diego9989f-1297935922,olx,fortaleza,Meireles,-3.723857333333333,-38.50599833333333,centroide_bairro,650000.0,36.0,18055.56,1,,Classic (foi v e n d i d o) liga 9 8 7 4 8 3 1 0 8 Diego9989f,,2026-10-02T23:56:31,faixa 650-1000 mil
https://ce.olx.com.br/fortaleza-e-regiao/imoveis/foi-v-e-n-d-i-d-o-beira-mar-aterro-liga-9-8-7-4-8-3-1-0-8-diego9989f-classic-1297938348,olx,fortaleza,Meireles,-3.723857333333333,-38.50599833333333,centroide_bairro,650000.0,36.0,18055.56,1,,(Foi V e n d i d o) BEIRA MAR / ATERRO LIGA 9 8 7 4 8 3 1 0 8 DIEGO9989F CLASSIC,,2026-10-02T23:56:31,faixa 650-1000 mil
https://ce.olx.com.br/fortaleza-e-regiao/imoveis/apartamento-no-all-alves-lima-living-meireles-fortaleza-1539990632,olx,fortaleza,Meireles,-3.723857333333333,-38.50599833333333,centroide_bairro,980000.0,54.0,18148.15,2,,"Apartamento no ALL - Alves Lima Living  Meireles, Fortaleza",,2026-10-02T23:56:28,faixa 650-1000 mil
https://ce.olx.com.br/fortaleza-e-regiao/imoveis/apartamento-a-venda-no-bairro-meireles-condominio-iracema-residence-1539779718,olx,fortaleza,Mucuripe,-3.7251166666666666,-38.48643666666666,centroide_bairro,790000.0,43.0,18372.09,1,,Apartamento à venda no bairro Meireles | Condomínio Iracema Residence.,,2026-10-02T23:56:27,faixa 650-1000 mil
https://ce.olx.com.br/fortaleza-e-regiao/imoveis/apartamento-no-infinity-600-meireles-fortaleza-1538214596,olx,fortaleza,Meireles,-3.723857333333333,-38.50599833333333,centroide_bairro,995000.0,54.0,18425.93,2,,"Apartamento no Infinity 600  Meireles, Fortaleza",,2026-10-02T23:56:29,faixa 650-1000 mil
https://ce.olx.com.br/fortaleza-e-regiao/imoveis/all-living-compacto-premium-na-aldeota-apartamento-aldeota-1503250456,olx,fortaleza,Meireles,-3.723857333333333,-38.50599833333333,centroide_bairro,999000.0,54.0,18500.0,2,,ALL Living | Compacto Premium na Aldeota - Apartamento Aldeota,,2026-10-02T23:56:29,faixa 650-1000 mil
https://ce.olx.com.br/fortaleza-e-regiao/imoveis/flat-para-venda-com-40-metros-quadrados-com-1-quarto-em-meireles-fortaleza-ceara-1516821246,olx,fortaleza,Meireles,-3.723857333333333,-38.50599833333333,centroide_bairro,745000.0,40.0,18625.0,1,,Flat para venda com 40 metros quadrados com 1 quarto em Meireles - Fortaleza - Ceará,,2026-10-02T23:56:28,faixa 650-1000 mil
https://ce.olx.com.br/fortaleza-e-regiao/imoveis/edificio-pier-430-1513371330,olx,fortaleza,Siqueira,,,,716000.0,38.0,18842.11,1,,EDIFÍCIO PIER 430,,2026-10-02T23:56:25,faixa 650-1000 mil
https://ce.olx.com.br/fortaleza-e-regiao/imoveis/pier-430-pronto-para-morar-ou-rentabilizar-1538165204,olx,fortaleza,Mucuripe,-3.7251166666666666,-38.48643666666666,centroide_bairro,740722.0,39.0,18992.87,1,,PIER 430 | PRONTO PARA MORAR OU RENTABILIZAR,,2026-10-02T23:56:29,faixa 650-1000 mil
https://www.zapimoveis.com.br/imovel/venda-apartamento-1-quarto-com-piscina-mucuripe-fortaleza-ce-44m2-id-2625322738/,zapimoveis,fortaleza,Siqueira,-3.809211,-38.627279,exata,846177.0,44.0,19231.3,1,torre,,,2026-10-02T23:56:24,faixa 650-1000 mil
https://ce.olx.com.br/fortaleza-e-regiao/imoveis/condominio-biosphere-conceito-lindo-apartamento-na-aldeota-entrada-facilitada-mota-mach-1524792135,olx,fortaleza,Aldeota,,,,844700.0,40.0,21117.5,1,,"Condomínio Biosphere Conceito, LINDO APARTAMENTO NA ALDEOTA, ENTRADA FACILITADA, MOTA MACH",,2026-10-02T23:56:26,faixa 650-1000 mil
https://ce.olx.com.br/fortaleza-e-regiao/imoveis/investimento-premium-no-meireles-beach-class-1516520991,olx,fortaleza,Meireles,-3.723857333333333,-38.50599833333333,centroide_bairro,900000.0,40.0,22500.0,1,,INVESTIMENTO PREMIUM NO MEIRELES | BEACH CLASS,,2026-10-02T23:56:25,faixa 650-1000 mil
https://ce.olx.com.br/fortaleza-e-regiao/imoveis/imovel-para-venda-possui-39-metros-quadrados-com-1-quarto-em-mucuripe-fortaleza-ce-1472856377,olx,fortaleza,Mucuripe,-3.7251166666666666,-38.48643666666666,centroide_bairro,901028.0,39.0,23103.28,1,,Imóvel para venda possui 39 metros quadrados com 1 quarto em Mucuripe - Fortaleza - CE,,2026-10-02T23:56:26,faixa 650-1000 mil
https://ce.olx.com.br/fortaleza-e-regiao/imoveis/venda-de-predio-inteiro-localizacao-estrategica-no-papicu-1411362336,olx,fortaleza,Papicu,-3.7432309999999998,-38.478452000000004,centroide_bairro,1395000.0,495.0,2818.18,5,,Venda de Prédio Inteiro | Localização Estratégica no Papicu,,2026-10-02T23:56:59,faixa 1000-1800 mil
https://ce.olx.com.br/fortaleza-e-regiao/imoveis/imovel-para-venda-com-496-metros-quadrados-com-5-quartos-em-papicu-fortaleza-ce-1537970816,olx,fortaleza,Papicu,-3.7432309999999998,-38.478452000000004,centroide_bairro,1450000.0,496.0,2923.39,5,,Imóvel para venda com 496 metros quadrados com 5 quartos em Papicu - Fortaleza - CE,,2026-10-02T23:56:57,faixa 1000-1800 mil
https://ce.olx.com.br/fortaleza-e-regiao/imoveis/amplo-apartamento-448m2-meireles-liga-9-87-48-31-08-diego-oportunidade-dwilso-etoile-1401599537,olx,fortaleza,Meireles,-3.73122,-38.5027015,centroide_bairro,1600000.0,448.0,3571.43,5,,Amplo apartamento 448m2 Meireles liga 9 87 48 31 08 Diego oportunidade dwilso etoile,,2026-10-02T23:56:57,faixa 1000-1800 mil
https://www.zapimoveis.com.br/imovel/venda-apartamento-5-quartos-mobiliado-meireles-fortaleza-ce-350m2-id-2759398438/,zapimoveis,fortaleza,Meireles,-3.740004,-38.50196,exata,1250000.0,350.0,3571.43,5,torre,,,2026-10-02T23:56:53,faixa 1000-1800 mil
https://ce.olx.com.br/fortaleza-e-regiao/imoveis/cobertura-duplex-no-meireles-com-295m-1535915907,olx,fortaleza,Meireles,-3.73122,-38.5027015,centroide_bairro,1090000.0,295.0,3694.92,5,,Cobertura Duplex no Meireles com 295m²,,2026-10-02T23:56:59,faixa 1000-1800 mil
https://ce.olx.com.br/fortaleza-e-regiao/imoveis/amplo-imperial-park-liga-9-87-48-31-08-diego9989f-dcleo-marcos-macedo-1350-aldeota-1535797359,olx,fortaleza,Aldeota,-3.7389544285714287,-38.50379842857143,centroide_bairro,1100001.0,258.0,4263.57,4,,"Amplo Imperial Park liga 9 87 48 31 08 Diego9989F dcleo-_ Marcos Macedo, 1350 Aldeota",,2026-10-02T23:56:59,faixa 1000-1800 mil
https://ce.olx.com.br/fortaleza-e-regiao/imoveis/luxuoso-apartamento-no-meireles-edificio-diamond-1391528778,olx,fortaleza,Meireles,-3.73122,-38.5027015,centroide_bairro,1400000.0,325.0,4307.69,4,,Luxuoso Apartamento no Meireles - Edifício Diamond,,2026-10-02T23:56:56,faixa 1000-1800 mil
https://ce.olx.com.br/fortaleza-e-regiao/imoveis/cobertura-duplex-ed-las-vegas-duplex-para-venda-tem-269m-com-5-quartos-em-dionisio-torres-1537355704,olx,fortaleza,Dionisio Torres,-3.7462923333333333,-38.500205,centroide_bairro,1180000.0,269.0,4386.62,5,,Cobertura duplex ED Las Vegas Duplex para venda tem 269m com 5 quartos em Dionisio Torres,,2026-10-02T23:56:58,faixa 1000-1800 mil
https://ce.olx.com.br/fortaleza-e-regiao/imoveis/vendo-apartamento-de-alto-padrao-1527286791,olx,fortaleza,Aldeota,-3.7389544285714287,-38.50379842857143,centroide_bairro,1450000.0,330.0,4393.94,4,,VENDO APARTAMENTO DE ALTO PADRÃO,,2026-10-02T23:56:56,faixa 1000-1800 mil
https://www.zapimoveis.com.br/imovel/venda-apartamento-4-quartos-mobiliado-coco-fortaleza-ce-250m2-id-2913650551/,zapimoveis,fortaleza,Cocó,-3.751797,-38.47716,exata,1100000.0,250.0,4400.0,4,indefinido,,,2026-10-02T23:56:53,faixa 1000-1800 mil
https://ce.olx.com.br/fortaleza-e-regiao/imoveis/edificio-anameia-360m-06-quartos-03-vagas-cobertura-aldeota-1536569822,olx,fortaleza,Aldeota,-3.7389544285714287,-38.50379842857143,centroide_bairro,1590000.0,360.0,4416.67,5,,Edifício Anaméia | 360m² | 06 Quartos | 03 Vagas | Cobertura | Aldeota,,2026-10-02T23:56:59,faixa 1000-1800 mil
https://ce.olx.com.br/fortaleza-e-regiao/imoveis/ca8287-excelente-casa-duplex-medindo-372-00m-1537561729,olx,fortaleza,Parquelândia,,,,1100000.0,247.0,4453.44,4,,"(CA8287) Excelente Casa Duplex medindo 372,00m².",,2026-10-02T23:56:57,faixa 1000-1800 mil
https://ce.olx.com.br/fortaleza-e-regiao/imoveis/apartamento-na-cobertura-com-04-quartos-a-venda-no-bairro-luciano-cavalcante-condominio-1539779873,olx,fortaleza,Engenheiro Luciano Cavalcante,-3.775365583333333,-38.48569058333334,centroide_bairro,1300000.0,285.0,4561.4,4,,Apartamento na cobertura com 04 quartos à venda no bairro Luciano Cavalcante | Condomínio,,2026-10-02T23:56:56,faixa 1000-1800 mil
https://ce.olx.com.br/fortaleza-e-regiao/imoveis/apartamento-a-venda-no-meireles-com-3-suites-1538707712,olx,fortaleza,Meireles,-3.73122,-38.5027015,centroide_bairro,1150000.0,251.0,4581.67,5,,Apartamento à venda no Meireles com 3 suítes,,2026-10-02T23:56:57,faixa 1000-1800 mil
https://ce.olx.com.br/fortaleza-e-regiao/imoveis/oportunidade-apartamento-com-5-suites-a-venda-280-m-por-r-1-300-000-dionisio-torres-1536740793,olx,fortaleza,Dionisio Torres,-3.7462923333333333,-38.500205,centroide_bairro,1299000.0,280.0,4639.29,5,,"Oportunidade | Apartamento com 5 suítes à venda, 280 m² por R$ 1.300.000 - Dionisio Torres",,2026-10-02T23:56:56,faixa 1000-1800 mil
https://ce.olx.com.br/fortaleza-e-regiao/imoveis/cobertura-exclusiva-no-bairro-guararapes-1538425417,olx,fortaleza,Guararapes,,,,1350000.0,290.0,4655.17,5,,Cobertura Exclusiva no Bairro Guararapes,,2026-10-02T23:56:57,faixa 1000-1800 mil
https://ce.olx.com.br/fortaleza-e-regiao/imoveis/a-melhor-oportunidade-unica-de-todo-bairro-meireles-para-vender-urgente-1533683751,olx,fortaleza,Meireles,-3.73122,-38.5027015,centroide_bairro,1350000.0,280.0,4821.43,5,,A melhor oportunidade única de todo bairro Meireles para vender urgente,,2026-10-02T23:57:00,faixa 1000-1800 mil
https://ce.olx.com.br/fortaleza-e-regiao/imoveis/edificio-aconcagua-1540898529,olx,fortaleza,Aldeota,-3.7389544285714287,-38.50379842857143,centroide_bairro,1450000.0,300.0,4833.33,4,,Edifício Aconcagua,,2026-10-02T23:56:54,faixa 1000-1800 mil
https://ce.olx.com.br/fortaleza-e-regiao/imoveis/imovel-para-venda-tem-300-metros-quadrados-com-4-quartos-em-aldeota-fortaleza-ce-1540255662,olx,fortaleza,Aldeota,-3.7389544285714287,-38.50379842857143,centroide_bairro,1450000.0,300.0,4833.33,4,,Imóvel para venda tem 300 metros quadrados com 4 quartos em Aldeota - Fortaleza - CE,,2026-10-02T23:56:56,faixa 1000-1800 mil
https://ce.olx.com.br/fortaleza-e-regiao/imoveis/apartamento-em-aldeota-fortaleza-1540113243,olx,fortaleza,Aldeota,-3.7389544285714287,-38.50379842857143,centroide_bairro,1450000.0,300.0,4833.33,4,,Apartamento em Aldeota - Fortaleza,,2026-10-02T23:56:56,faixa 1000-1800 mil
https://ce.olx.com.br/fortaleza-e-regiao/imoveis/imovel-para-venda-com-300-metros-quadrados-com-4-quartos-em-aldeota-fortaleza-ce-1534295773,olx,fortaleza,Aldeota,-3.7389544285714287,-38.50379842857143,centroide_bairro,1450000.0,300.0,4833.33,4,,Imóvel para venda com 300 metros quadrados com 4 quartos em Aldeota - Fortaleza - CE,,2026-10-02T23:57:00,faixa 1000-1800 mil
https://ce.olx.com.br/fortaleza-e-regiao/imoveis/condominio-glorinha-pestana-1488653036,olx,fortaleza,Joaquim Távora,,,,1299000.0,263.0,4939.16,4,,Condomínio Glorinha Pestana!,,2026-10-02T23:56:54,faixa 1000-1800 mil
https://www.zapimoveis.com.br/imovel/venda-apartamento-5-quartos-com-jardim-meireles-fortaleza-ce-218m2-id-2891083417/,zapimoveis,fortaleza,Meireles,-3.740004,-38.50196,exata,1089000.0,218.0,4995.41,5,torre,,,2026-10-02T23:56:53,faixa 1000-1800 mil
https://ce.olx.com.br/fortaleza-e-regiao/imoveis/4-quartos-3-suites-em-dionisio-torres-fortaleza-ce-1536746090,olx,fortaleza,Dionisio Torres,-3.7462923333333333,-38.500205,centroide_bairro,1400000.0,277.0,5054.15,4,,4 quartos ( 3 suites) em Dionisio Torres - Fortaleza - CE,,2026-10-02T23:56:59,faixa 1000-1800 mil
https://ce.olx.com.br/fortaleza-e-regiao/imoveis/cobertura-a-venda-em-fortaleza-no-condominio-brisa-do-leste-1539779892,olx,fortaleza,Papicu,-3.7432309999999998,-38.478452000000004,centroide_bairro,1270000.0,251.0,5059.76,4,,Cobertura à venda em Fortaleza no Condomínio Brisa do Leste.,,2026-10-02T23:56:56,faixa 1000-1800 mil
https://ce.olx.com.br/fortaleza-e-regiao/imoveis/apartamento-com-4-suites-dce-a-venda-237-m-por-r-1-200-000-meireles-fortaleza-c-1525385062,olx,fortaleza,Meireles,-3.73122,-38.5027015,centroide_bairro,1200000.0,237.0,5063.29,4,,"Apartamento com 4 suítes + DCE , à venda, 237 m² por R$ 1.200.000 - Meireles - Fortaleza/C",,2026-10-02T23:56:54,faixa 1000-1800 mil
https://ce.olx.com.br/fortaleza-e-regiao/imoveis/ed-clarisse-sales-luxo-a-beira-mar-no-meireles-5-suites-3-vagas-r-1-850-000-00-1527176309,olx,fortaleza,Meireles,-3.73122,-38.5027015,centroide_bairro,1600000.0,314.0,5095.54,5,,"Ed. Clarisse Sales / Luxo à Beira-Mar no Meireles: 5 Suítes - 3 vagas - R$ 1.850.000,00",,2026-10-02T23:56:54,faixa 1000-1800 mil
https://ce.olx.com.br/fortaleza-e-regiao/imoveis/apartamento-na-aldeota-299-77-m2-3-suites-a-venda-1534700741,olx,fortaleza,Aldeota,-3.7389544285714287,-38.50379842857143,centroide_bairro,1550000.0,300.0,5166.67,4,,"Apartamento na aldeota | 299,77 m2 | 3 suítes à venda.",,2026-10-02T23:56:59,faixa 1000-1800 mil
https://ce.olx.com.br/fortaleza-e-regiao/imoveis/excelente-apto-de-300m2-aldeota-1534527368,olx,fortaleza,Aldeota,-3.7389544285714287,-38.50379842857143,centroide_bairro,1550000.0,300.0,5166.67,4,,Excelente Apto de 300m2 - Aldeota,,2026-10-02T23:56:59,faixa 1000-1800 mil
https://ce.olx.com.br/fortaleza-e-regiao/imoveis/apartamento-com-5-dormitorios-a-venda-300-m-por-r-1-550-000-00-aldeota-fortaleza-ce-1536259950,olx,fortaleza,Aldeota,-3.7389544285714287,-38.50379842857143,centroide_bairro,1550000.0,300.0,5166.67,5,,"Apartamento com 5 dormitórios à venda, 300 m² por R$ 1.550.000,00 - Aldeota - Fortaleza/CE",,2026-10-02T23:56:59,faixa 1000-1800 mil
https://ce.olx.com.br/fortaleza-e-regiao/imoveis/apartamento-com-4-dormitorios-a-venda-251-m-por-r-1-300-000-00-meireles-fortaleza-c-1507830480,olx,fortaleza,Meireles,-3.73122,-38.5027015,centroide_bairro,1300000.0,251.0,5179.28,4,,"Apartamento com 4 dormitórios à venda, 251 m² por R$ 1.300.000,00 - Meireles - Fortaleza/C",,2026-10-02T23:56:57,faixa 1000-1800 mil
https://ce.olx.com.br/fortaleza-e-regiao/imoveis/imovel-para-venda-com-268-metros-quadrados-com-4-quartos-em-meireles-fortaleza-ce-1537517898,olx,fortaleza,Meireles,-3.73122,-38.5027015,centroide_bairro,1400000.0,268.0,5223.88,4,,Imóvel para venda com 268 metros quadrados com 4 quartos em Meireles - Fortaleza - CE,,2026-10-02T23:56:58,faixa 1000-1800 mil
https://ce.olx.com.br/fortaleza-e-regiao/imoveis/diamond-rua-pereira-valente-666-liga-9-87-48-31-08-diego9989f-denald-oportunidade-meireles-1453789964,olx,fortaleza,Meireles,-3.73122,-38.5027015,centroide_bairro,1700000.0,324.0,5246.91,5,,"Diamond Rua Pereira Valente,666 liga 9 87 48 31 08 Diego9989f denald oportunidade meireles",,2026-10-02T23:56:59,faixa 1000-1800 mil
https://ce.olx.com.br/fortaleza-e-regiao/imoveis/um-por-andar-exclusividade-privacidade-324m2-3-vagas-liga-9-87-48-31-08-diego9989f-pereir-1453791245,olx,fortaleza,Meireles,-3.73122,-38.5027015,centroide_bairro,1700000.0,324.0,5246.91,5,,"Um por andar exclusividade, privacidade 324m2 3 vagas liga 9 87 48 31 08 Diego9989f pereir",,2026-10-02T23:56:59,faixa 1000-1800 mil
https://ce.olx.com.br/fortaleza-e-regiao/imoveis/apartamento-com-4-suites-a-venda-304-m-por-r-1-600-000-aldeota-fortaleza-ce-1534081938,olx,fortaleza,Aldeota,-3.7389544285714287,-38.50379842857143,centroide_bairro,1600000.0,304.0,5263.16,4,,"Apartamento com 4 suítes à venda, 304 m² por R$ 1.600.000 - Aldeota - Fortaleza/CE",,2026-10-02T23:57:00,faixa 1000-1800 mil
https://ce.olx.com.br/fortaleza-e-regiao/imoveis/edificio-preludio-meireles-280m-03-suites-03-vagas-1484735467,olx,fortaleza,Meireles,-3.73122,-38.5027015,centroide_bairro,1510000.0,280.0,5392.86,4,,Edifício Prelúdio | Meireles | 280m² | 03 Suítes | 03 vagas,,2026-10-02T23:56:59,faixa 1000-1800 mil
https://ce.olx.com.br/fortaleza-e-regiao/imoveis/apartamento-com-4-suites-a-venda-250-m-por-r-1-350-000-meireles-fortaleza-ce-1537728225,olx,fortaleza,Aldeota,-3.7389544285714287,-38.50379842857143,centroide_bairro,1350000.0,250.0,5400.0,4,,"Apartamento com 4 suítes à venda, 250 m² por R$ 1.350.000 - Meireles - Fortaleza/CE",,2026-10-02T23:56:57,faixa 1000-1800 mil
https://ce.olx.com.br/fortaleza-e-regiao/imoveis/jeova-matos-coco-250m-03-suites-03-vagas-1411361504,olx,fortaleza,Cocó,-3.7470525714285716,-38.473989,centroide_bairro,1400000.0,250.0,5600.0,4,,Jeová Matos | Cocó | 250m² | 03 Suítes | 03 Vagas,,2026-10-02T23:57:00,faixa 1000-1800 mil
https://ce.olx.com.br/fortaleza-e-regiao/imoveis/apartamento-a-venda-no-bairro-meireles-fortaleza-ce-1538238428,olx,fortaleza,Meireles,-3.73122,-38.5027015,centroide_bairro,1100000.0,194.0,5670.1,4,,"Apartamento à venda, no bairro: Meireles, Fortaleza, CE",,2026-10-02T23:56:57,faixa 1000-1800 mil
https://ce.olx.com.br/fortaleza-e-regiao/imoveis/cobertura-ampla-nascente-251m2-liga-9-87-48-31-08-diego9989f-brisa-leste-meireles-aldeota-1483399731,olx,fortaleza,Papicu,-3.7432309999999998,-38.478452000000004,centroide_bairro,1460000.0,251.0,5816.73,5,,Cobertura ampla nascente 251m2 liga 9 87 48 31 08 Diego9989F brisa leste Meireles aldeota*,,2026-10-02T23:56:59,faixa 1000-1800 mil
https://ce.olx.com.br/fortaleza-e-regiao/imoveis/apt-andar-alto-no-meireles-1538447059,olx,fortaleza,Meireles,-3.73122,-38.5027015,centroide_bairro,1100000.0,188.0,5851.06,4,,Aptº Andar alto no Meireles,,2026-10-02T23:56:57,faixa 1000-1800 mil
https://ce.olx.com.br/fortaleza-e-regiao/imoveis/apartamento-com-3-dormitorios-a-venda-200-m-por-r-1-190-000-vicente-pinzon-fortalez-1507268443,olx,fortaleza,Vicente Pinzon,,,,1190000.0,200.0,5950.0,3,,"Apartamento com 3 dormitórios à venda, 200 m² por R$ 1.190.000 - Vicente Pinzon - Fortalez",,2026-10-02T23:56:54,faixa 1000-1800 mil
https://ce.olx.com.br/fortaleza-e-regiao/imoveis/cozumel-meireles-165-m-03-suites-02-vagas-1411359011,olx,fortaleza,Meireles,-3.73122,-38.5027015,centroide_bairro,1000000.0,165.0,6060.61,3,,Cozumel | Meireles | 165 m² | 03 Suítes | 02 vagas,,2026-10-02T23:57:00,faixa 1000-1800 mil
https://ce.olx.com.br/fortaleza-e-regiao/imoveis/apartamento-cobertura-plana-com-piscina-privativa-4-suites-5-banheiros-3-vagas-de-garag-1518466675,olx,fortaleza,Aldeota,-3.7389544285714287,-38.50379842857143,centroide_bairro,1495000.0,246.0,6077.24,4,,"Apartamento cobertura plana com piscina privativa, 4 suítes, 5 banheiros, 3 vagas de garag",,2026-10-02T23:56:56,faixa 1000-1800 mil
https://ce.olx.com.br/fortaleza-e-regiao/imoveis/apartamento-a-venda-ha-500-metros-da-beira-mar-com-178m-na-praia-de-iracema-1535568710,olx,fortaleza,Praia de Iracema,,,,1100000.0,178.0,6179.78,3,,Apartamento á venda há 500 metros da Beira-Mar com 178m² na Praia de Iracema,,2026-10-02T23:56:59,faixa 1000-1800 mil
https://ce.olx.com.br/fortaleza-e-regiao/imoveis/cobertura-com-4-dormitorios-a-venda-208-m-por-r-1-300-000-00-dionisio-torres-fortal-1048554461,olx,fortaleza,Joaquim Távora,,,,1300000.0,208.0,6250.0,4,,"Cobertura com 4 dormitórios à venda, 208 m² por R$ 1.300.000,00 - Dionisio Torres - Fortal",,2026-10-02T23:56:56,faixa 1000-1800 mil
https://ce.olx.com.br/fortaleza-e-regiao/imoveis/edificio-vila-fiori-imovel-para-venda-tem-237m-com-4-quartos-em-guararapes-fortaleza-c-1533675370,olx,fortaleza,Guararapes,,,,1500000.0,237.0,6329.11,4,,Edifício Vila Fiori Imóvel para venda tem 237m com 4 quartos em Guararapes - Fortaleza - C,,2026-10-02T23:57:00,faixa 1000-1800 mil
https://ce.olx.com.br/fortaleza-e-regiao/imoveis/apartamento-com-3-suites-a-venda-220-m-por-r-1-400-000-meireles-fortaleza-ce-1536875361,olx,fortaleza,Meireles,-3.73122,-38.5027015,centroide_bairro,1400000.0,220.0,6363.64,3,,"Apartamento com 3 suítes à venda, 220 m² por R$ 1.400.000 - Meireles - Fortaleza/CE",,2026-10-02T23:56:59,faixa 1000-1800 mil
https://ce.olx.com.br/fortaleza-e-regiao/imoveis/apartamento-incrivel-disponivel-a-venda-no-meireles-com-uma-vista-mar-livre-e-andar-alto-1539758527,olx,fortaleza,Meireles,-3.73122,-38.5027015,centroide_bairro,1590000.0,249.0,6385.54,4,,"APARTAMENTO INCRÍVEL DISPONÍVEL A VENDA NO MEIRELES, COM UMA VISTA MAR LIVRE E ANDAR ALTO.",,2026-10-02T23:56:57,faixa 1000-1800 mil
https://ce.olx.com.br/fortaleza-e-regiao/imoveis/imovel-para-venda-com-195-metros-quadrados-com-3-quartos-em-coco-fortaleza-ce-1535349784,olx,fortaleza,Cocó,-3.7470525714285716,-38.473989,centroide_bairro,1250000.0,195.0,6410.26,3,,Imóvel para venda com 195 metros quadrados com 3 quartos em Cocó - Fortaleza - CE,,2026-10-02T23:56:59,faixa 1000-1800 mil
https://ce.olx.com.br/fortaleza-e-regiao/imoveis/3-suites-gabinete-c-wc-224m2-nascente-apenas-r-1-445-000-00-aldeota-1530114085,olx,fortaleza,Aldeota,-3.7389544285714287,-38.50379842857143,centroide_bairro,1445000.0,224.0,6450.89,4,,"3 SUITES, GABINETE C/WC, 224M2, NASCENTE, APENAS R$ 1.445.000,00 ALDEOTA",,2026-10-02T23:56:57,faixa 1000-1800 mil
https://ce.olx.com.br/fortaleza-e-regiao/imoveis/condominio-nautilus-1538893794,olx,fortaleza,Cocó,-3.7470525714285716,-38.473989,centroide_bairro,1500000.0,230.0,6521.74,4,,Condomínio Nautilus,,2026-10-02T23:56:57,faixa 1000-1800 mil
https://ce.olx.com.br/fortaleza-e-regiao/imoveis/condominio-clarisse-1520309801,olx,fortaleza,Aldeota,-3.7389544285714287,-38.50379842857143,centroide_bairro,1230000.0,188.0,6542.55,4,,Condomínio Clarisse,,2026-10-02T23:56:54,faixa 1000-1800 mil
https://ce.olx.com.br/fortaleza-e-regiao/imoveis/apartamento-a-venda-no-iahweh-palace-coco-195-m-4-suites-3-vagas-1534152654,olx,fortaleza,Cocó,-3.7470525714285716,-38.473989,centroide_bairro,1280000.0,195.0,6564.1,4,,Apartamento à venda no Iahweh Palace  Cocó | 195 m² | 4 suítes | 3 vagas,,2026-10-02T23:57:00,faixa 1000-1800 mil
https://ce.olx.com.br/fortaleza-e-regiao/imoveis/apartamento-com-3-suites-a-venda-165-m-por-r-1-100-000-00-coco-fortaleza-ce-1517950143,olx,fortaleza,Cocó,-3.7470525714285716,-38.473989,centroide_bairro,1100000.0,165.0,6666.67,3,,"Apartamento com 3 Suítes à venda, 165 m² por R$ 1.100.000,00 - Cocó - Fortaleza/CE",,2026-10-02T23:57:00,faixa 1000-1800 mil
https://ce.olx.com.br/fortaleza-e-regiao/imoveis/apartamento-178-m-3-suites-master-com-closet-aldeota-1538161118,olx,fortaleza,Aldeota,-3.7389544285714287,-38.50379842857143,centroide_bairro,1200000.0,178.0,6741.57,4,,Apartamento 178 m² | 3 Suítes | Master com Closet | Aldeota,,2026-10-02T23:56:57,faixa 1000-1800 mil
https://ce.olx.com.br/fortaleza-e-regiao/imoveis/apartamento-a-venda-com160-m-no-meireles-fortaleza-ce-1537977575,olx,fortaleza,Meireles,-3.73122,-38.5027015,centroide_bairro,1080000.0,160.0,6750.0,3,,"Apartamento à venda, com160 m² no Meireles - Fortaleza - CE",,2026-10-02T23:56:57,faixa 1000-1800 mil
https://ce.olx.com.br/fortaleza-e-regiao/imoveis/cobertura-para-venda-em-fortaleza-fatima-4-dormitorios-4-suites-5-banheiros-3-vagas-1474692633,olx,fortaleza,Fátima,,,,1350000.0,200.0,6750.0,4,,"Cobertura para Venda em Fortaleza, Fátima, 4 dormitórios, 4 suítes, 5 banheiros, 3 vagas",,2026-10-02T23:56:56,faixa 1000-1800 mil
https://ce.olx.com.br/fortaleza-e-regiao/imoveis/apartamento-a-venda-com-200-m-sendo-4-quartos-sendo-3-suites-e-varanda-gourmet-no-meire-1535568700,olx,fortaleza,Meireles,-3.73122,-38.5027015,centroide_bairro,1350000.0,200.0,6750.0,4,,"Apartamento à venda com 200 m², sendo 4 quartos, sendo 3 Suítes e Varanda Gourmet no Meire",,2026-10-02T23:56:59,faixa 1000-1800 mil
https://ce.olx.com.br/fortaleza-e-regiao/imoveis/apartamento-em-meireles-fortaleza-1536007170,olx,fortaleza,Meireles,-3.73122,-38.5027015,centroide_bairro,1500000.0,220.0,6818.18,3,,Apartamento em Meireles - Fortaleza,,2026-10-02T23:56:59,faixa 1000-1800 mil
https://ce.olx.com.br/fortaleza-e-regiao/imoveis/apartamento-no-aldeota-fortaleza-1539665405,olx,fortaleza,Aldeota,-3.7389544285714287,-38.50379842857143,centroide_bairro,1500000.0,220.0,6818.18,5,,"Apartamento no Aldeota, Fortaleza",,2026-10-02T23:56:57,faixa 1000-1800 mil
https://ce.olx.com.br/fortaleza-e-regiao/imoveis/apartamento-reformado-de-220m2-e-com-5-quartos-na-aldeota-1538909560,olx,fortaleza,Aldeota,-3.7389544285714287,-38.50379842857143,centroide_bairro,1500000.0,220.0,6818.18,5,,Apartamento reformado de 220m2 e com  5 quartos na Aldeota,,2026-10-02T23:56:57,faixa 1000-1800 mil
https://ce.olx.com.br/fortaleza-e-regiao/imoveis/vendo-apartamento-no-meireles-com-240m-3-suites-gabinete-e-4-vagas-1539527159,olx,fortaleza,Meireles,-3.73122,-38.5027015,centroide_bairro,1650000.0,240.0,6875.0,3,,"Vendo apartamento no Meireles com 240m², 3 Suítes, Gabinete e 4 vagas.",,2026-10-02T23:56:57,faixa 1000-1800 mil
https://ce.olx.com.br/fortaleza-e-regiao/imoveis/mont-rey-meirels-220m-03-suites-03-vagas-1536254469,olx,fortaleza,Meireles,-3.73122,-38.5027015,centroide_bairro,1515000.0,220.0,6886.36,3,,Mont Rey | Meirels | 220m² | 03 Suítes | 03 Vagas,,2026-10-02T23:56:59,faixa 1000-1800 mil
https://ce.olx.com.br/fortaleza-e-regiao/imoveis/imovel-para-venda-com-172-metros-quadrados-com-3-quartos-em-meireles-fortaleza-ce-1525809842,olx,fortaleza,Meireles,-3.73122,-38.5027015,centroide_bairro,1200000.0,172.0,6976.74,3,,Imóvel para venda com 172 metros quadrados com 3 quartos em Meireles - Fortaleza - CE,,2026-10-02T23:56:54,faixa 1000-1800 mil
https://ce.olx.com.br/fortaleza-e-regiao/imoveis/paul-cezzane-150m2-liga-9-87-38-31-08-diego9989f-oportunidade-1400859979,olx,fortaleza,Meireles,-3.73122,-38.5027015,centroide_bairro,1050000.0,150.0,7000.0,4,,Paul Cezzane 150m2 liga 9 87 38 31 08 DIEGO9989F OPORTUNIDADE,,2026-10-02T23:56:57,faixa 1000-1800 mil
https://ce.olx.com.br/fortaleza-e-regiao/imoveis/150m2-3suites-r-pereira-valente-595-meireles-fortaleza-ce-60160-250-1400860828,olx,fortaleza,Meireles,-3.73122,-38.5027015,centroide_bairro,1050000.0,150.0,7000.0,4,,"150m2 3suítes R. Pereira Valente, 595 - Meireles, Fortaleza - CE, 60160-250",,2026-10-02T23:56:57,faixa 1000-1800 mil
https://ce.olx.com.br/fortaleza-e-regiao/imoveis/residencial-agua-fria-guararapes-203-65m-03-suites-03-vagas-1534694327,olx,fortaleza,Guararapes,,,,1450000.0,204.0,7107.84,3,,"Residencial Agua Fria | Guararapes | 203,65m² | 03 Suítes | 03 Vagas",,2026-10-02T23:56:59,faixa 1000-1800 mil
https://ce.olx.com.br/fortaleza-e-regiao/imoveis/apartamento-de-220m-no-meireles-com-3-suites-e-3-vagas-1540613527,olx,fortaleza,Meireles,-3.73122,-38.5027015,centroide_bairro,1575000.0,220.0,7159.09,3,,"Apartamento de 220m² no Meireles, com 3 suítes e 3 vagas.",,2026-10-02T23:56:56,faixa 1000-1800 mil
https://ce.olx.com.br/fortaleza-e-regiao/imoveis/apartamento-espetacular-no-edificio-port-des-lilas-1500630334,olx,fortaleza,Meireles,-3.73122,-38.5027015,centroide_bairro,1430000.0,197.0,7258.88,3,,Apartamento Espetacular no Edifício Port Des Lilas,,2026-10-02T23:56:54,faixa 1000-1800 mil
https://ce.olx.com.br/fortaleza-e-regiao/imoveis/apartamento-na-aldeota-tres-suites-157m2-1340238180,olx,fortaleza,Dionisio Torres,-3.7462923333333333,-38.500205,centroide_bairro,1150000.0,157.0,7324.84,3,,"Apartamento na Aldeota, três suítes 157m2.",,2026-10-02T23:56:57,faixa 1000-1800 mil
https://ce.olx.com.br/fortaleza-e-regiao/imoveis/more-no-coco-146m-nascente-lazer-completo-1535329509,olx,fortaleza,Cocó,-3.7470525714285716,-38.473989,centroide_bairro,1090000.0,146.0,7465.75,3,,"More no Cocó, 146m², Nascente,  Lazer completo",,2026-10-02T23:56:59,faixa 1000-1800 mil
https://ce.olx.com.br/fortaleza-e-regiao/imoveis/apartamento-para-venda-240m-4-suites-em-guararapes-fortaleza-ce-1538180936,olx,fortaleza,Guararapes,,,,1800000.0,240.0,7500.0,4,,"Apartamento para venda, 240m², 4 suítes em Guararapes - Fortaleza - CE",,2026-10-02T23:56:57,faixa 1000-1800 mil
https://ce.olx.com.br/fortaleza-e-regiao/imoveis/apartamento-com-3-suites-a-venda-159-m-por-r-1-200-000-meireles-fortaleza-ce-1534081815,olx,fortaleza,Meireles,-3.73122,-38.5027015,centroide_bairro,1199000.0,159.0,7540.88,3,,"Apartamento com 3 suítes à venda, 159 m² por R$ 1.200.000 - Meireles - Fortaleza/CE",,2026-10-02T23:57:00,faixa 1000-1800 mil
https://www.zapimoveis.com.br/imovel/venda-apartamento-4-quartos-com-piscina-presidente-kennedy-fortaleza-ce-171m2-id-2872702291/,zapimoveis,fortaleza,Presidente Kennedy,-3.734723,-38.568312,exata,1300000.0,171.0,7602.34,4,torre,,,2026-10-02T23:56:54,faixa 1000-1800 mil
https://ce.olx.com.br/fortaleza-e-regiao/imoveis/apartamento-de-210m-no-meireles-com-3-suites-e-3-vagas-1538733172,olx,fortaleza,Meireles,-3.73122,-38.5027015,centroide_bairro,1600000.0,210.0,7619.05,3,,Apartamento de 210m² no Meireles com 3 suítes e 3 vagas.,,2026-10-02T23:56:57,faixa 1000-1800 mil
https://ce.olx.com.br/fortaleza-e-regiao/imoveis/oportunidade-unica-o-apto-alto-padrao-coracao-parque-del-sol-1540588944,olx,fortaleza,Parque Iracema,-3.81067575,-38.517455999999996,centroide_bairro,1150000.0,150.0,7666.67,4,,Oportunidade única o apto alto padrão coração parque del sol,,2026-10-02T23:56:56,faixa 1000-1800 mil
https://ce.olx.com.br/fortaleza-e-regiao/imoveis/apartamento-com-5-quartos-na-aldeota-1533993643,olx,fortaleza,Aldeota,-3.7389544285714287,-38.50379842857143,centroide_bairro,1490000.0,194.0,7680.41,5,,Apartamento com 5 quartos na Aldeota,,2026-10-02T23:57:00,faixa 1000-1800 mil
https://ce.olx.com.br/fortaleza-e-regiao/imoveis/luxuoso-apartamento-no-meireles-1534564593,olx,fortaleza,Meireles,-3.73122,-38.5027015,centroide_bairro,1600000.0,205.0,7804.88,3,,luxuoso apartamento no meireles,,2026-10-02T23:56:59,faixa 1000-1800 mil
https://ce.olx.com.br/fortaleza-e-regiao/imoveis/apartamento-alto-padrao-no-meireles-cod0331-1467203481,olx,fortaleza,Meireles,-3.73122,-38.5027015,centroide_bairro,1159924.0,146.0,7944.68,3,,Apartamento Alto Padrão no Meireles Cod0331,,2026-10-02T23:56:59,faixa 1000-1800 mil
https://ce.olx.com.br/fortaleza-e-regiao/imoveis/apartamento-de-3-quartos-133-metros-para-venda-em-meireles-fortaleza-ce-1525361893,olx,fortaleza,Meireles,-3.73122,-38.5027015,centroide_bairro,1060000.0,133.0,7969.92,3,,"Apartamento de 3 quartos, 133 metros, para venda em Meireles - Fortaleza - CE",,2026-10-02T23:56:56,faixa 1000-1800 mil
https://ce.olx.com.br/fortaleza-e-regiao/imoveis/quinta-avenida-meireles-liga-9-87-48-31-08diego9989f-juazeiro-do-norte-199-cep-60165-110-1519253933,olx,fortaleza,Meireles,-3.73122,-38.5027015,centroide_bairro,1200001.0,150.0,8000.01,4,,"Quinta Avenida Meireles liga 9 87 48 31 08Diego9989F Juazeiro do Norte, 199 CEP 60165-110",,2026-10-02T23:56:57,faixa 1000-1800 mil
https://www.chavesnamao.com.br/imovel/apartamento-a-venda-4-quartos-com-garagem-ce-fortaleza-guararapes-220m2-RS1771000/id-18600247/,chavesnamao,fortaleza,Guararapes,,,,1771000.0,220.0,8050.0,4,,,,2026-10-02T23:56:52,faixa 1000-1800 mil
https://ce.olx.com.br/fortaleza-e-regiao/imoveis/ed-palermo-180-35m2-3stes-liga-9-8-7-4-8-3-1-0-8-diegogbm-oportunidade-1251983465,olx,fortaleza,Meireles,-3.73122,-38.5027015,centroide_bairro,1450000.0,180.0,8055.56,3,,"Ed Palermo 180,35m2 3stes liga 9 8 7 4 8 3 1 0 8 DIEGOGBM oportunidade",,2026-10-02T23:56:57,faixa 1000-1800 mil
https://ce.olx.com.br/fortaleza-e-regiao/imoveis/ed-palermo-180m2-3stes-liga-9-8-7-4-8-3-1-0-8-diegogbm-oportunidade-1251986401,olx,fortaleza,Meireles,-3.73122,-38.5027015,centroide_bairro,1450000.0,180.0,8055.56,3,,Ed Palermo 180m2 3stes liga 9 8 7 4 8 3 1 0 8 DIEGOGBM oportunidade,,2026-10-02T23:56:57,faixa 1000-1800 mil
https://ce.olx.com.br/fortaleza-e-regiao/imoveis/apartamento-de-211m-a-poucos-passos-da-beira-mar-de-fortaleza-1535915915,olx,fortaleza,Mucuripe,-3.7257865,-38.487970000000004,centroide_bairro,1700000.0,211.0,8056.87,3,,Apartamento de 211m² a poucos passos da Beira Mar de Fortaleza,,2026-10-02T23:56:59,faixa 1000-1800 mil
https://ce.olx.com.br/fortaleza-e-regiao/imoveis/apartamento-a-venda-na-parquelandia-fortaleza-ce-1534802560,olx,fortaleza,Parquelândia,,,,1250000.0,151.0,8278.15,4,,Apartamento à Venda na Parquelândia- Fortaleza/CE,,2026-10-02T23:56:59,faixa 1000-1800 mil
https://ce.olx.com.br/fortaleza-e-regiao/imoveis/apartamento-no-guararapes-com-208-m-4-suites-e-3-vagas-edificio-belize-1538970476,olx,fortaleza,Guararapes,,,,1730000.0,208.0,8317.31,4,,"Apartamento no Guararapes com 208 m², 4 Suítes e 3 Vagas | Edifício Belize",,2026-10-02T23:56:54,faixa 1000-1800 mil
https://ce.olx.com.br/fortaleza-e-regiao/imoveis/cobertura-duplex-no-dionisio-torres-192m-1540358601,olx,fortaleza,Dionisio Torres,-3.7462923333333333,-38.500205,centroide_bairro,1599000.0,192.0,8328.12,4,,"Cobertura Duplex no Dionisio Torres, 192m²",,2026-10-02T23:56:56,faixa 1000-1800 mil
https://ce.olx.com.br/fortaleza-e-regiao/imoveis/-apartamento-projetado-no-meireles--729261035,olx,fortaleza,Meireles,-3.73122,-38.5027015,centroide_bairro,1500000.0,180.0,8333.33,4,,(_<>)Apartamento projetado no Meireles()*><_^&,,2026-10-02T23:56:58,faixa 1000-1800 mil
https://ce.olx.com.br/fortaleza-e-regiao/imoveis/cobertura-com-4-suites-a-venda-192-m-por-r-1-600-000-dionisio-torres-fortaleza-ce-1537700446,olx,fortaleza,Dionisio Torres,-3.7462923333333333,-38.500205,centroide_bairro,1600000.0,192.0,8333.33,4,,"Cobertura com 4 suítes à venda, 192 m² por R$ 1.600.000 - Dionisio Torres - Fortaleza/CE",,2026-10-02T23:56:57,faixa 1000-1800 mil
https://ce.olx.com.br/fortaleza-e-regiao/imoveis/duplex-a-venda-edificio-residencial-joaquim-nabuco-bairro-dionisio-torres-fortaleza-1537690039,olx,fortaleza,Dionisio Torres,-3.7462923333333333,-38.500205,centroide_bairro,1600000.0,192.0,8333.33,4,,Duplex à venda | Edifício Residencial Joaquim Nabuco | Bairro Dionísio Torres | Fortaleza,,2026-10-02T23:56:57,faixa 1000-1800 mil
https://ce.olx.com.br/fortaleza-e-regiao/imoveis/cobertura-duplex-venda-no-residencial-joaquim-nabuco-192-m-4-quartos-4-vagas-pi-1533738967,olx,fortaleza,Joaquim Távora,,,,1600000.0,192.0,8333.33,4,,COBERTURA DUPLEX À VENDA NO RESIDENCIAL JOAQUIM NABUCO ? 192 M² | 4 QUARTOS | 4 VAGAS | PI,,2026-10-02T23:57:00,faixa 1000-1800 mil
https://www.zapimoveis.com.br/imovel/venda-apartamento-3-quartos-com-salao-de-festas-mucuripe-fortaleza-ce-210m2-id-2900395878/,zapimoveis,fortaleza,Mucuripe,-3.724,-38.487,aproximada_portal,1750000.0,210.0,8333.33,3,indefinido,,,2026-10-02T23:56:54,faixa 1000-1800 mil
https://ce.olx.com.br/fortaleza-e-regiao/imoveis/imovel-a-venda-na-aldeota-130m-3-suites-e-3-vagas-reformado-oportunidade-1533873341,olx,fortaleza,Dionisio Torres,-3.7462923333333333,-38.500205,centroide_bairro,1090000.0,130.0,8384.62,3,,Imóvel a Venda na Aldeota | 130m² | 3 Suítes e 3 Vagas | REFORMADO | Oportunidade,,2026-10-02T23:57:00,faixa 1000-1800 mil
https://ce.olx.com.br/fortaleza-e-regiao/imoveis/uma-localizacao-previlegiada-ha-duas-quadras-da-beira-mar-padrao-colmeia-1539325471,olx,fortaleza,Meireles,-3.73122,-38.5027015,centroide_bairro,1380000.0,164.0,8414.63,3,,"Uma localizaçâo previlegiada há duas quadras da beira mar ,padrâo colmeia.",,2026-10-02T23:56:57,faixa 1000-1800 mil
https://ce.olx.com.br/fortaleza-e-regiao/imoveis/condominio-luca-marenzio-1516027401,olx,fortaleza,Guararapes,,,,1290000.0,153.0,8431.37,3,,Condomínio Luca Marenzio,,2026-10-02T23:56:56,faixa 1000-1800 mil
https://www.zapimoveis.com.br/imovel/venda-apartamento-3-quartos-aldeota-fortaleza-ce-130m2-id-2880835488/,zapimoveis,fortaleza,Aldeota,-3.740794,-38.491738,exata,1100000.0,130.0,8461.54,3,torre,,,2026-10-02T23:56:54,faixa 1000-1800 mil
https://www.zapimoveis.com.br/imovel/venda-apartamento-3-quartos-com-piscina-engenheiro-luciano-cavalcante-fortaleza-ce-124m2-id-2896332788/,zapimoveis,fortaleza,Engenheiro Luciano Cavalcante,-3.775851,-38.48725,exata,1050000.0,124.0,8467.74,3,indefinido,,,2026-10-02T23:56:53,faixa 1000-1800 mil
https://ce.olx.com.br/fortaleza-e-regiao/imoveis/santorini-apartamento-luxuoso-com-vista-mar-3-suites-e-vagas-1540735499,olx,fortaleza,Meireles,-3.73122,-38.5027015,centroide_bairro,1570000.0,184.0,8532.61,4,,"Santorini / Apartamento Luxuoso com Vista Mar, 3 Suítes e Vagas",,2026-10-02T23:56:54,faixa 1000-1800 mil
https://ce.olx.com.br/fortaleza-e-regiao/imoveis/apartamento-com-3-dormitorios-a-venda-122-m-por-r-1-050-000-coco-fortaleza-ce-1524199417,olx,fortaleza,Cocó,-3.7470525714285716,-38.473989,centroide_bairro,1050000.0,123.0,8536.59,3,,"Apartamento com 3 dormitórios à venda, 122 m² por R$ 1.050.000 - Cocó - Fortaleza/CE",,2026-10-02T23:56:54,faixa 1000-1800 mil
https://www.zapimoveis.com.br/imovel/venda-apartamento-3-quartos-mobiliado-meireles-fortaleza-ce-140m2-id-2874409332/,zapimoveis,fortaleza,Meireles,-3.721145,-38.51131,exata,1200000.0,140.0,8571.43,3,torre,,,2026-10-02T23:56:54,faixa 1000-1800 mil
https://ce.olx.com.br/fortaleza-e-regiao/imoveis/imovel-para-venda-com-145-metros-quadrados-com-3-suites-luciano-cavalcante-fortaleza-1375564382,olx,fortaleza,Engenheiro Luciano Cavalcante,-3.775365583333333,-38.48569058333334,centroide_bairro,1250000.0,145.0,8620.69,3,,Imóvel para venda com 145 metros quadrados com 3 suítes - Luciano Cavalcante -Fortaleza -,,2026-10-02T23:56:59,faixa 1000-1800 mil
https://ce.olx.com.br/fortaleza-e-regiao/imoveis/apartamento-com-3-dormitorios-a-venda-150-m-por-r-1-300-000-00-meireles-fortaleza-c-1534413961,olx,fortaleza,Meireles,-3.73122,-38.5027015,centroide_bairro,1300000.0,150.0,8666.67,3,,"Apartamento com 3 dormitórios à venda, 150 m² por R$ 1.300.000,00 - Meireles - Fortaleza/C",,2026-10-02T23:56:59,faixa 1000-1800 mil
https://ce.olx.com.br/fortaleza-e-regiao/imoveis/cobertura-no-meireles-205m-1535915854,olx,fortaleza,Meireles,-3.73122,-38.5027015,centroide_bairro,1790000.0,206.0,8689.32,4,,Cobertura no Meireles 205m²,,2026-10-02T23:56:59,faixa 1000-1800 mil
https://ce.olx.com.br/fortaleza-e-regiao/imoveis/east-site-amplo-liga-9-87-48-31-08-diego-9989f-dcle-1383330837,olx,fortaleza,Cocó,-3.7470525714285716,-38.473989,centroide_bairro,1200000.0,138.0,8695.65,4,,East Site amplo liga 9 87 48 31 08 DIEGO 9989F DCLE,,2026-10-02T23:56:57,faixa 1000-1800 mil
https://ce.olx.com.br/fortaleza-e-regiao/imoveis/east-side-138mm2-liga-9-87-48-31-08-diego989f-1383330072,olx,fortaleza,Cocó,-3.7470525714285716,-38.473989,centroide_bairro,1200000.0,138.0,8695.65,4,,East Side 138mm2 liga 9 87 48 31 08 DIEGO989F,,2026-10-02T23:56:57,faixa 1000-1800 mil
https://ce.olx.com.br/fortaleza-e-regiao/imoveis/east-side-liga-9-87-48-31-08-diego9989f-dcleo-1383330624,olx,fortaleza,Cocó,-3.7470525714285716,-38.473989,centroide_bairro,1200000.0,138.0,8695.65,4,,East Side liga 9 87 48 31 08 DIEGO9989F DCLEO,,2026-10-02T23:56:57,faixa 1000-1800 mil
https://ce.olx.com.br/fortaleza-e-regiao/imoveis/apartamento-com-4-suites-no-parque-del-sol-1536195111,olx,fortaleza,Cajazeiras,,,,1090000.0,125.0,8720.0,4,,Apartamento com 4 suítes no Parque Del Sol,,2026-10-02T23:56:59,faixa 1000-1800 mil
https://www.zapimoveis.com.br/imovel/venda-apartamento-3-quartos-com-piscina-engenheiro-luciano-cavalcante-fortaleza-ce-119m2-id-2568029407/,zapimoveis,fortaleza,Engenheiro Luciano Cavalcante,-3.773419,-38.491231,exata,1039900.0,119.0,8738.66,3,torre,,,2026-10-02T23:56:53,faixa 1000-1800 mil
https://ce.olx.com.br/fortaleza-e-regiao/imoveis/oportunidade-de-compra-na-aldeota-1535010894,olx,fortaleza,Aldeota,-3.7389544285714287,-38.50379842857143,centroide_bairro,1150000.0,131.0,8778.63,3,,Oportunidade de compra na aldeota,,2026-10-02T23:56:59,faixa 1000-1800 mil
https://ce.olx.com.br/fortaleza-e-regiao/imoveis/apartamento-de-164m-no-meireles-com-3-suites-e-2-vagas-1540648565,olx,fortaleza,Meireles,-3.73122,-38.5027015,centroide_bairro,1450000.0,164.0,8841.46,3,,Apartamento de 164m² no Meireles com 3 suítes e 2 vagas.,,2026-10-02T23:56:54,faixa 1000-1800 mil
https://www.zapimoveis.com.br/imovel/venda-apartamento-3-quartos-mobiliado-parque-iracema-fortaleza-ce-116m2-id-2614677718/,zapimoveis,fortaleza,Parque Iracema,-3.807436,-38.495621,exata,1030000.0,116.0,8879.31,3,torre,,,2026-10-02T23:56:53,faixa 1000-1800 mil
https://ce.olx.com.br/fortaleza-e-regiao/imoveis/kyrius-residence-1540233282,olx,fortaleza,Fátima,,,,1050000.0,118.0,8898.31,4,,Kyrius Residence,,2026-10-02T23:56:56,faixa 1000-1800 mil
https://ce.olx.com.br/fortaleza-e-regiao/imoveis/imovel-para-venda-com-118-metros-quadrados-com-4-quartos-em-fatima-fortaleza-ce-1540174207,olx,fortaleza,Fátima,,,,1050000.0,118.0,8898.31,4,,Imóvel para venda com 118 metros quadrados com 4 quartos em Fátima - Fortaleza - CE,,2026-10-02T23:56:56,faixa 1000-1800 mil
https://ce.olx.com.br/fortaleza-e-regiao/imoveis/apartamento-no-luciano-cavalcante-120m2-otima-localizacao-repasse-1499105347,olx,fortaleza,Engenheiro Luciano Cavalcante,-3.775365583333333,-38.48569058333334,centroide_bairro,1070000.0,120.0,8916.67,3,,"apartamento no luciano cavalcante 120m2, ótima localização, repasse",,2026-10-02T23:56:57,faixa 1000-1800 mil
https://ce.olx.com.br/fortaleza-e-regiao/imoveis/apartamento-para-venda-em-fortaleza-meireles-3-dormitorios-3-suites-4-banheiros-2-vag-1537720017,olx,fortaleza,Meireles,-3.73122,-38.5027015,centroide_bairro,1350000.0,150.0,9000.0,3,,"Apartamento para Venda em Fortaleza, MEIRELES, 3 dormitórios, 3 suítes, 4 banheiros, 2 vag",,2026-10-02T23:56:56,faixa 1000-1800 mil
https://ce.olx.com.br/fortaleza-e-regiao/imoveis/apartamento-amplo-no-meireles-com-149m-1535915763,olx,fortaleza,Meireles,-3.73122,-38.5027015,centroide_bairro,1350000.0,150.0,9000.0,3,,Apartamento amplo no Meireles com 149m²,,2026-10-02T23:56:59,faixa 1000-1800 mil
https://ce.olx.com.br/fortaleza-e-regiao/imoveis/apartamento-no-meireles-150m-nascente-total-com-3-suites-e-escritorio-ed-indianapolis-1535832325,olx,fortaleza,Meireles,-3.73122,-38.5027015,centroide_bairro,1350000.0,150.0,9000.0,3,,Apartamento no Meireles: 150m² Nascente Total com 3 Suítes e Escritório - Ed. Indianápolis,,2026-10-02T23:56:59,faixa 1000-1800 mil
https://ce.olx.com.br/fortaleza-e-regiao/imoveis/imovel-para-venda-com-120-metros-quadrados-com-3-quartos-1529126020,olx,fortaleza,Engenheiro Luciano Cavalcante,-3.775365583333333,-38.48569058333334,centroide_bairro,1080000.0,120.0,9000.0,3,,Imóvel para venda com 120 metros quadrados com 3 quartos,,2026-10-02T23:56:56,faixa 1000-1800 mil
https://ce.olx.com.br/fortaleza-e-regiao/imoveis/excelente-apto-no-parque-del-sol-1536370109,olx,fortaleza,Parque Iracema,-3.81067575,-38.517455999999996,centroide_bairro,1100000.0,122.0,9016.39,3,,Excelente Apto no Parque del Sol,,2026-10-02T23:56:56,faixa 1000-1800 mil
https://ce.olx.com.br/fortaleza-e-regiao/imoveis/apartamento-parque-del-sol-1535054797,olx,fortaleza,Parque Iracema,-3.81067575,-38.517455999999996,centroide_bairro,1100000.0,122.0,9016.39,3,,Apartamento Parque del Sol,,2026-10-02T23:56:59,faixa 1000-1800 mil
https://ce.olx.com.br/fortaleza-e-regiao/imoveis/apartamento-com-3-quartos-para-venda-no-parque-iracema-asturias-residence-1536767695,olx,fortaleza,Parque Iracema,-3.81067575,-38.517455999999996,centroide_bairro,1100000.0,122.0,9016.39,3,,Apartamento com 3 quartos para Venda no Parque Iracema - Asturias Residence,,2026-10-02T23:56:59,faixa 1000-1800 mil
https://ce.olx.com.br/fortaleza-e-regiao/imoveis/155-m2-3-suites-4-quartos-2-vagas-paralelas-nascente-area-nobre-meireles-1535915482,olx,fortaleza,Meireles,-3.73122,-38.5027015,centroide_bairro,1400000.0,155.0,9032.26,4,,"155 m2 3 suites, 4 quartos, 2 vagas paralelas. . nascente. Area nobre Meireles",,2026-10-02T23:56:59,faixa 1000-1800 mil
https://ce.olx.com.br/fortaleza-e-regiao/imoveis/apartamento-com-3-dormitorios-a-venda-195-m-por-r-1-780-000-00-praia-de-iracema-for-1539780424,olx,fortaleza,Praia de Iracema,,,,1780000.0,195.0,9128.21,3,,"Apartamento com 3 dormitórios à venda, 195 m² por R$ 1.780.000,00 - Praia de Iracema - For",,2026-10-02T23:56:56,faixa 1000-1800 mil
https://ce.olx.com.br/fortaleza-e-regiao/imoveis/excelente-apartamento-1538755900,olx,fortaleza,Engenheiro Luciano Cavalcante,-3.775365583333333,-38.48569058333334,centroide_bairro,1100000.0,120.0,9166.67,3,,Excelente apartamento,,2026-10-02T23:56:57,faixa 1000-1800 mil
https://ce.olx.com.br/fortaleza-e-regiao/imoveis/apartamento-a-venda-no-meireles-com-3-suites-1528721370,olx,fortaleza,Meireles,-3.73122,-38.5027015,centroide_bairro,1380000.0,150.0,9200.0,3,,Apartamento à venda no Meireles com 3 suítes,,2026-10-02T23:56:56,faixa 1000-1800 mil
https://ce.olx.com.br/fortaleza-e-regiao/imoveis/edificio-ravenna-118-metros-3-suites-dependencia-3-vagas-lazer-amplo-aldeota-1534082252,olx,fortaleza,Aldeota,-3.7389544285714287,-38.50379842857143,centroide_bairro,1090000.0,118.0,9237.29,3,,Edifício Ravenna - 118 metros - 3 suítes + Dependência + 3 vagas - Lazer Amplo - Aldeota,,2026-10-02T23:57:00,faixa 1000-1800 mil
https://ce.olx.com.br/fortaleza-e-regiao/imoveis/edificio-ravenna-mobiliado-118-metros-2-suites-gabinete-sala-ampliada-lazer-1534081613,olx,fortaleza,Aldeota,-3.7389544285714287,-38.50379842857143,centroide_bairro,1090000.0,118.0,9237.29,3,,Edifício Ravenna - Mobiliado - 118 metros - 2 suítes + Gabinete + Sala Ampliada - Lazer -,,2026-10-02T23:57:00,faixa 1000-1800 mil
https://www.zapimoveis.com.br/imovel/venda-apartamento-2-quartos-com-piscina-aldeota-fortaleza-ce-118m2-id-2905632750/,zapimoveis,fortaleza,Dionisio Torres,-3.741594,-38.506609,exata,1090000.0,118.0,9237.29,2,indefinido,,,2026-10-02T23:56:53,faixa 1000-1800 mil
https://ce.olx.com.br/fortaleza-e-regiao/imoveis/constable-galerie-liga-9-87-48-31-08-diego9989f-dalex-oportunidade-1453075021,olx,fortaleza,Engenheiro Luciano Cavalcante,-3.775365583333333,-38.48569058333334,centroide_bairro,1380000.0,149.0,9261.74,4,,Constable Galerie liga 9 87 48 31 08 Diego9989f dalex oportunidade,,2026-10-02T23:56:58,faixa 1000-1800 mil
https://ce.olx.com.br/fortaleza-e-regiao/imoveis/apartamento-com-4-suites-a-venda-194-m-por-r-1-800-000-meireles-fortaleza-ce-1536261088,olx,fortaleza,Meireles,-3.73122,-38.5027015,centroide_bairro,1800000.0,194.0,9278.35,4,,"Apartamento com 4 suítes à venda, 194 m² por R$ 1.800.000 - Meireles - Fortaleza/CE",,2026-10-02T23:56:59,faixa 1000-1800 mil
https://ce.olx.com.br/fortaleza-e-regiao/imoveis/imovel-para-venda-com-118-metros-quadrados-com-3-quartos-em-fatima-fortaleza-ce-1537527712,olx,fortaleza,Fátima,,,,1100000.0,118.0,9322.03,3,,Imóvel para venda com 118 metros quadrados com 3 quartos em Fátima - Fortaleza - CE,,2026-10-02T23:56:57,faixa 1000-1800 mil
https://ce.olx.com.br/fortaleza-e-regiao/imoveis/edificio-milazzo-residence-alto-padrao-meireles-4-suites-3-vagas-com-lazer-por-1517871734,olx,fortaleza,Meireles,-3.73122,-38.5027015,centroide_bairro,1800000.0,193.0,9326.42,4,,EDIFÍCIO MILAZZO RESIDENCE - Alto Padrão - Meireles - 4 Suítes - 3 Vagas - Com Lazer - Por,,2026-10-02T23:56:56,faixa 1000-1800 mil
https://ce.olx.com.br/fortaleza-e-regiao/imoveis/apartamento-com-3-suites-a-venda-150-m-por-r-1-399-000-meireles-fortaleza-ce-1537133811,olx,fortaleza,Meireles,-3.73122,-38.5027015,centroide_bairro,1399000.0,150.0,9326.67,3,,"Apartamento com 3 suítes à venda, 150 m² por R$ 1.399.000 - Meireles - Fortaleza/CE",,2026-10-02T23:56:59,faixa 1000-1800 mil
https://ce.olx.com.br/fortaleza-e-regiao/imoveis/excelente-oportunidade-no-condominio-park-life-1540267178,olx,fortaleza,Cocó,-3.7470525714285716,-38.473989,centroide_bairro,1065000.0,114.0,9342.11,3,,EXCELENTE OPORTUNIDADE NO CONDOMÍNIO PARK LIFE,,2026-10-02T23:56:56,faixa 1000-1800 mil
https://ce.olx.com.br/fortaleza-e-regiao/imoveis/parque-del-sol-i-apto-122m2-nascente-e-andar-alto-1539759579,olx,fortaleza,Parque Iracema,-3.81067575,-38.517455999999996,centroide_bairro,1150000.0,122.0,9426.23,4,,"PARQUE DEL SOL I APTO 122m2, nascente e andar alto",,2026-10-02T23:56:57,faixa 1000-1800 mil
https://www.chavesnamao.com.br/imovel/apartamento-a-venda-3-quartos-com-garagem-ce-fortaleza-parque-iracema-122m2-RS1150000/id-41984893/,chavesnamao,fortaleza,Parque Iracema,-3.81067575,-38.517455999999996,centroide_bairro,1150000.0,122.0,9426.23,3,,,,2026-10-02T23:56:53,faixa 1000-1800 mil
https://www.zapimoveis.com.br/imovel/venda-apartamento-4-quartos-com-area-de-servico-engenheiro-luciano-cavalcante-fortaleza-ce-126m2-id-2895616749/,zapimoveis,fortaleza,Engenheiro Luciano Cavalcante,-3.775,-38.487,aproximada_portal,1190000.0,126.0,9444.44,4,indefinido,,,2026-10-02T23:56:53,faixa 1000-1800 mil
https://ce.olx.com.br/fortaleza-e-regiao/imoveis/apartamento-com-3-dormitorios-a-venda-153-m-por-r-1-450-000-00-mucuripe-fortaleza-c-1540483513,olx,fortaleza,Mucuripe,-3.7257865,-38.487970000000004,centroide_bairro,1450000.0,153.0,9477.12,3,,"Apartamento com 3 dormitórios à venda, 153 m² por R$ 1.450.000,00 - Mucuripe - Fortaleza/C",,2026-10-02T23:56:56,faixa 1000-1800 mil
https://www.zapimoveis.com.br/imovel/venda-apartamento-3-quartos-com-piscina-parque-iracema-fortaleza-ce-115m2-id-2841178632/,zapimoveis,fortaleza,Parque Iracema,-3.808961,-38.498079,exata,1090000.0,115.0,9478.26,3,indefinido,,,2026-10-02T23:56:54,faixa 1000-1800 mil
https://ce.olx.com.br/fortaleza-e-regiao/imoveis/seu-novo-lar-no-open-residence-qualidade-de-vida-conforto-e-exclusividade-1534170147,olx,fortaleza,Parque Iracema,-3.81067575,-38.517455999999996,centroide_bairro,1189000.0,125.0,9512.0,4,,"Seu Novo Lar no OPEN RESIDENCE: Qualidade de vida, conforto e exclusividade",,2026-10-02T23:56:56,faixa 1000-1800 mil
https://ce.olx.com.br/fortaleza-e-regiao/imoveis/parc-cezanne-cobertura-na-parquelandia-137m-com-3-quartos-3-vagas-de-garagem-e-laze-1529161414,olx,fortaleza,Pici,,,,1300000.0,136.0,9558.82,3,,"Parc Cezanne / Cobertura na Parquelândia - 137m², com 3 quartos, 3 vagas de garagem e laze",,2026-10-02T23:56:56,faixa 1000-1800 mil
https://www.zapimoveis.com.br/imovel/venda-apartamento-3-quartos-engenheiro-luciano-cavalcante-fortaleza-ce-143m2-id-2891480079/,zapimoveis,fortaleza,Engenheiro Luciano Cavalcante,-3.779174,-38.483218,exata,1370000.0,143.0,9580.42,3,indefinido,,,2026-10-02T23:56:53,faixa 1000-1800 mil
https://ce.olx.com.br/fortaleza-e-regiao/imoveis/san-francisco-nascente-120m-3-suites-dependencia-3-vagas-lazer-completo-coc-1536496775,olx,fortaleza,Cocó,-3.7470525714285716,-38.473989,centroide_bairro,1150000.0,120.0,9583.33,3,,San Francisco - Nascente - 120m² - 3 suítes + Dependência + 3 vagas - Lazer Completo - Coc,,2026-10-02T23:56:59,faixa 1000-1800 mil
https://ce.olx.com.br/fortaleza-e-regiao/imoveis/condominio-villa-sonata-apartamento-por-r-1-190-000-00-no-aldeota-com-124m-e-area-de-l-1538792845,olx,fortaleza,Aldeota,-3.7389544285714287,-38.50379842857143,centroide_bairro,1190000.0,124.0,9596.77,3,,"Condominio Villa Sonata / Apartamento POR R$ 1.190.000,00 no Aldeota com 124m² e área de l",,2026-10-02T23:56:56,faixa 1000-1800 mil
https://www.zapimoveis.com.br/imovel/venda-apartamento-3-quartos-com-piscina-coco-fortaleza-ce-112m2-id-2873127315/,zapimoveis,fortaleza,Cocó,-3.748549,-38.470569,exata,1080000.0,112.0,9642.86,3,torre,,,2026-10-02T23:56:54,faixa 1000-1800 mil
https://www.zapimoveis.com.br/imovel/venda-apartamento-3-quartos-com-churrasqueira-engenheiro-luciano-cavalcante-fortaleza-ce-114m2-id-2915327206/,zapimoveis,fortaleza,Engenheiro Luciano Cavalcante,-3.774658,-38.485306,exata,1100000.0,114.0,9649.12,3,torre,,,2026-10-02T23:56:53,faixa 1000-1800 mil
https://ce.olx.com.br/fortaleza-e-regiao/imoveis/apartamento-praia-de-iracema-fortaleza-ce-1536639508,olx,fortaleza,Meireles,-3.73122,-38.5027015,centroide_bairro,1000000.0,103.0,9708.74,2,,Apartamento Praia de Iracema Fortaleza-ce,,2026-10-02T23:56:59,faixa 1000-1800 mil
https://ce.olx.com.br/fortaleza-e-regiao/imoveis/apto-com-tres-suites-no-guararapes-164m-1467708357,olx,fortaleza,Guararapes,,,,1598100.0,164.0,9744.51,3,,Apto com três suítes no Guararapes - 164m²,,2026-10-02T23:56:59,faixa 1000-1800 mil
https://www.zapimoveis.com.br/imovel/venda-apartamento-3-quartos-mobiliado-aldeota-fortaleza-ce-107m2-id-2912581153/,zapimoveis,fortaleza,Centro,-3.729246,-38.519109,exata,1050000.0,107.0,9813.08,3,torre,,,2026-10-02T23:56:53,faixa 1000-1800 mil
https://www.zapimoveis.com.br/imovel/venda-apartamento-3-quartos-com-piscina-coco-fortaleza-ce-112m2-id-2881952292/,zapimoveis,fortaleza,Cocó,-3.748174,-38.470386,exata,1100000.0,112.0,9821.43,3,torre,,,2026-10-02T23:56:53,faixa 1000-1800 mil
https://ce.olx.com.br/fortaleza-e-regiao/imoveis/imovel-para-venda-tem-117-metros-quadrados-com-3-quartos-1537692020,olx,fortaleza,Engenheiro Luciano Cavalcante,-3.775365583333333,-38.48569058333334,centroide_bairro,1150000.0,117.0,9829.06,3,,Imóvel para venda tem 117 metros quadrados com 3 quartos,,2026-10-02T23:56:57,faixa 1000-1800 mil
https://ce.olx.com.br/fortaleza-e-regiao/imoveis/apartamento-no-luciano-cavalcante-117m2-3-suites-1538383589,olx,fortaleza,Engenheiro Luciano Cavalcante,-3.775365583333333,-38.48569058333334,centroide_bairro,1150000.0,117.0,9829.06,4,,"Apartamento no Luciano Cavalcante, 117m2, 3 suites",,2026-10-02T23:56:57,faixa 1000-1800 mil
https://ce.olx.com.br/fortaleza-e-regiao/imoveis/apartamento-para-venda-com-3-quartos-em-coco-fortaleza-ce-1501403891,olx,fortaleza,Cocó,-3.7470525714285716,-38.473989,centroide_bairro,1180000.0,120.0,9833.33,3,,Apartamento para venda com 3 quartos em Cocó - Fortaleza - CE.,,2026-10-02T23:56:57,faixa 1000-1800 mil
https://www.chavesnamao.com.br/imovel/apartamento-a-venda-3-quartos-com-garagem-ce-fortaleza-engenheiro-luciano-cavalcante-106m2-RS1050000/id-46073602/,chavesnamao,fortaleza,Engenheiro Luciano Cavalcante,-3.775365583333333,-38.48569058333334,centroide_bairro,1050000.0,106.0,9905.66,3,,,,2026-10-02T23:56:53,faixa 1000-1800 mil
https://ce.olx.com.br/fortaleza-e-regiao/imoveis/apartamento-parque-del-sol-luxo-sofisticacao-no-open-residence-com-area-de-lazer-compl-1534025713,olx,fortaleza,Parque Iracema,-3.81067575,-38.517455999999996,centroide_bairro,1090000.0,110.0,9909.09,1,,"APARTAMENTO PARQUE DEL SOL  LUXO, SOFISTICAÇÃO NO OPEN RESIDENCE | COM ÁREA DE LAZER COMPL",,2026-10-02T23:57:00,faixa 1000-1800 mil
https://www.zapimoveis.com.br/imovel/venda-apartamento-3-quartos-com-piscina-papicu-fortaleza-ce-103m2-id-2646193032/,zapimoveis,fortaleza,Papicu,-3.742288,-38.476264,exata,1024361.0,103.0,9945.25,3,torre,,,2026-10-02T23:56:53,faixa 1000-1800 mil
https://ce.olx.com.br/fortaleza-e-regiao/imoveis/apartamento-com-3-suites-a-venda-112-m-por-r-1-120-000-aldeota-fortaleza-ce-1534719459,olx,fortaleza,Aldeota,-3.7389544285714287,-38.50379842857143,centroide_bairro,1120000.0,112.0,10000.0,3,,"Apartamento com 3 suítes à venda, 112 m² por R$ 1.120.000 - Aldeota - Fortaleza/CE",,2026-10-02T23:56:59,faixa 1000-1800 mil
https://ce.olx.com.br/fortaleza-e-regiao/imoveis/apartamento-com-3-dormitorios-a-venda-110-m-por-r-1-100-000-00-vicente-pinzon-forta-1536770323,olx,fortaleza,Vicente Pinzon,,,,1100000.0,110.0,10000.0,3,,"Apartamento com 3 dormitórios à venda, 110 m² por R$ 1.100.000,00 - Vicente Pinzon - Forta",,2026-10-02T23:56:59,faixa 1000-1800 mil
https://ce.olx.com.br/fortaleza-e-regiao/imoveis/san-francisco-nascente-120-metros-3-suites-dependencia-3-vagas-lazer-completo-1536495671,olx,fortaleza,Cocó,-3.7470525714285716,-38.473989,centroide_bairro,1200000.0,120.0,10000.0,3,,San Francisco - Nascente - 120 metros - 3 suítes + Dependência + 3 vagas - Lazer Completo,,2026-10-02T23:56:59,faixa 1000-1800 mil
https://ce.olx.com.br/fortaleza-e-regiao/imoveis/ed-palermo-180-35m2-3stes-liga-9-8-7-4-8-3-1-0-8-diegogbm-oportunidade-1251988853,olx,fortaleza,Meireles,-3.73122,-38.5027015,centroide_bairro,1800000.0,180.0,10000.0,3,,"Ed Palermo 180,35m2 3stes liga 9 8 7 4 8 3 1 0 8 DIEGOGBM oportunidade",,2026-10-02T23:56:57,faixa 1000-1800 mil
https://ce.olx.com.br/fortaleza-e-regiao/imoveis/apartamento-para-venda-em-fortaleza-mucuripe-3-dormitorios-3-suites-2-banheiros-2-vag-1538356594,olx,fortaleza,Mucuripe,-3.7257865,-38.487970000000004,centroide_bairro,1400000.0,139.0,10071.94,3,,"Apartamento para Venda em Fortaleza, Mucuripe, 3 dormitórios, 3 suítes, 2 banheiros, 2 vag",,2026-10-02T23:56:57,faixa 1000-1800 mil
https://www.zapimoveis.com.br/imovel/venda-apartamento-3-quartos-com-piscina-dionisio-torres-fortaleza-ce-116m2-id-2775908032/,zapimoveis,fortaleza,Dionisio Torres,-3.748,-38.496,aproximada_portal,1169194.0,116.0,10079.26,3,torre,,,2026-10-02T23:56:54,faixa 1000-1800 mil
https://www.zapimoveis.com.br/imovel/venda-apartamento-3-quartos-com-piscina-engenheiro-luciano-cavalcante-fortaleza-ce-120m2-id-2698503934/,zapimoveis,fortaleza,Engenheiro Luciano Cavalcante,-3.776958,-38.487931,exata,1190000.0,118.0,10084.75,3,torre,,,2026-10-02T23:56:53,faixa 1000-1800 mil
https://www.zapimoveis.com.br/imovel/venda-apartamento-3-quartos-com-piscina-coco-fortaleza-ce-114m2-id-2893723506/,zapimoveis,fortaleza,Cocó,-3.746463,-38.471511,exata,1150000.0,114.0,10087.72,3,torre,,,2026-10-02T23:56:54,faixa 1000-1800 mil
https://www.zapimoveis.com.br/imovel/venda-apartamento-3-quartos-com-piscina-manuel-dias-branco-fortaleza-ce-116m2-id-2810056528/,zapimoveis,fortaleza,Manuel Dias Branco,-3.751359,-38.460748,exata,1179000.0,116.0,10163.79,3,torre,,,2026-10-02T23:56:54,faixa 1000-1800 mil
https://ce.olx.com.br/fortaleza-e-regiao/imoveis/albamar-meireles-apto-3-suites-117-m-ultimo-andar-2-vagas-1538649805,olx,fortaleza,Meireles,-3.73122,-38.5027015,centroide_bairro,1190000.0,117.0,10170.94,2,,"Albamar Meireles: apto 3 suítes, 117 m², último andar, 2 vagas",,2026-10-02T23:56:57,faixa 1000-1800 mil
https://ce.olx.com.br/fortaleza-e-regiao/imoveis/apartamento-no-coco-137m-3-suites-3-vagas-1533814691,olx,fortaleza,Cocó,-3.7470525714285716,-38.473989,centroide_bairro,1400000.0,137.0,10218.98,3,,"Apartamento no Cocó, 137m², 3 suítes, 3 vagas",,2026-10-02T23:57:00,faixa 1000-1800 mil
https://ce.olx.com.br/fortaleza-e-regiao/imoveis/apartamento-para-venda-com-126m2-no-luciano-cavalcante-1539178989,olx,fortaleza,Engenheiro Luciano Cavalcante,-3.775365583333333,-38.48569058333334,centroide_bairro,1290000.0,126.0,10238.1,4,,Apartamento para venda com 126m2 no Luciano Cavalcante,,2026-10-02T23:56:57,faixa 1000-1800 mil
https://ce.olx.com.br/fortaleza-e-regiao/imoveis/3-quartos-em-aldeota-fortaleza-ce-1539880039,olx,fortaleza,Aldeota,-3.7389544285714287,-38.50379842857143,centroide_bairro,1250000.0,122.0,10245.9,3,,3 quartos em Aldeota - Fortaleza - CE,,2026-10-02T23:56:56,faixa 1000-1800 mil
https://ce.olx.com.br/fortaleza-e-regiao/imoveis/lindo-apto-com-vista-panoramica-de-fortaleza-1540156212,olx,fortaleza,Dionisio Torres,-3.7462923333333333,-38.500205,centroide_bairro,1180000.0,115.0,10260.87,3,,Lindo apto com vista panoramica de Fortaleza,,2026-10-02T23:56:56,faixa 1000-1800 mil
https://ce.olx.com.br/fortaleza-e-regiao/imoveis/green-garden-papicu-1503235627,olx,fortaleza,Papicu,-3.7432309999999998,-38.478452000000004,centroide_bairro,1059000.0,103.0,10281.55,3,,Green Garden - Papicu,,2026-10-02T23:56:54,faixa 1000-1800 mil
https://ce.olx.com.br/fortaleza-e-regiao/imoveis/apartamento-com-3-suites-a-venda-165-m-por-r-1-700-000-guararapes-fortaleza-ce-1534081926,olx,fortaleza,Guararapes,,,,1700000.0,165.0,10303.03,3,,"Apartamento com 3 suítes à venda, 165 m² por R$ 1.700.000 - Guararapes - Fortaleza/CE",,2026-10-02T23:57:00,faixa 1000-1800 mil
https://ce.olx.com.br/fortaleza-e-regiao/imoveis/apartamento-para-vender-com-3-quartos-2-suites-no-bairro-coco-em-fortaleza-1540739828,olx,fortaleza,Cocó,-3.7470525714285716,-38.473989,centroide_bairro,1600000.0,155.0,10322.58,3,,Apartamento Para Vender com 3 quartos 2 suítes no bairro Cocó em Fortaleza,,2026-10-02T23:56:54,faixa 1000-1800 mil
https://ce.olx.com.br/fortaleza-e-regiao/imoveis/moma-111m2-agora-liga-9-8-7-4-8-3-1-0-8-diego9989f-857713146,olx,fortaleza,Cocó,-3.7470525714285716,-38.473989,centroide_bairro,1150000.0,111.0,10360.36,4,,Moma 111m2 agora liga 9 8 7 4 8 3 1 0 8 Diego9989f,,2026-10-02T23:56:59,faixa 1000-1800 mil
https://ce.olx.com.br/fortaleza-e-regiao/imoveis/apartamento-a-venda-no-bairro-luciano-cavalcante-com-4-quartos-e-134m-3-vagas-east-tow-1536081174,olx,fortaleza,Engenheiro Luciano Cavalcante,-3.775365583333333,-38.48569058333334,centroide_bairro,1390000.0,134.0,10373.13,4,,"Apartamento à venda no Bairro Luciano Cavalcante, com 4 quartos e 134m², 3 vagas, East Tow",,2026-10-02T23:56:59,faixa 1000-1800 mil
https://ce.olx.com.br/fortaleza-e-regiao/imoveis/apartamento-porteira-fechada-a-venda-no-bairro-engenheiro-luciano-cavalcante-condominio-1539779874,olx,fortaleza,Engenheiro Luciano Cavalcante,-3.775365583333333,-38.48569058333334,centroide_bairro,1290000.0,124.0,10403.23,3,,Apartamento porteira fechada à venda no bairro Engenheiro Luciano Cavalcante | Condomínio,,2026-10-02T23:56:56,faixa 1000-1800 mil
https://ce.olx.com.br/fortaleza-e-regiao/imoveis/apartamento-com-3-quartos-a-venda-164-m-por-r-1-710-000-guararapes-fortaleza-ce-1538536163,olx,fortaleza,Guararapes,,,,1710000.0,164.0,10426.83,3,,"Apartamento com 3 quartos à venda, 164 m² por R$ 1.710.000 - Guararapes - Fortaleza/CE",,2026-10-02T23:56:57,faixa 1000-1800 mil
https://ce.olx.com.br/fortaleza-e-regiao/imoveis/grand-mond-115m2-3vagas-liga-9-8-7-4-8-3-1-0-8-diego9989f-788397266,olx,fortaleza,Cocó,-3.7470525714285716,-38.473989,centroide_bairro,1200000.0,115.0,10434.78,4,,Grand Mond 115m2 3vagas liga 9 8 7 4 8 3 1 0 8 Diego9989f,,2026-10-02T23:56:59,faixa 1000-1800 mil
https://ce.olx.com.br/fortaleza-e-regiao/imoveis/apartamento-no-lafitte-guararapes-110-m-3-suites-1513663989,olx,fortaleza,Salinas,,,,1149000.0,110.0,10445.45,3,,"Apartamento no Lafitte Guararapes | 110 m², 3 suítes",,2026-10-02T23:56:56,faixa 1000-1800 mil
https://ce.olx.com.br/fortaleza-e-regiao/imoveis/apartamento-no-coco-03-suites-los-angeles-1209849345,olx,fortaleza,Cocó,-3.7470525714285716,-38.473989,centroide_bairro,1050000.0,100.0,10500.0,3,,"Apartamento no  Cocó, 03 suítes, Los Angeles",,2026-10-02T23:56:59,faixa 1000-1800 mil
https://ce.olx.com.br/fortaleza-e-regiao/imoveis/imovel-para-venda-possui-119-metros-quadrados-com-3-quartos-em-joaquim-tavora-fortaleza-1540552797,olx,fortaleza,Joaquim Távora,,,,1250000.0,119.0,10504.2,3,,Imóvel para venda possui 119 metros quadrados com 3 quartos em Joaquim Távora - Fortaleza,,2026-10-02T23:56:56,faixa 1000-1800 mil
https://ce.olx.com.br/fortaleza-e-regiao/imoveis/apartamento-a-venda-95-m-por-r-1-000-000-00-parque-del-sol-fortaleza-ce-1539780532,olx,fortaleza,Parque Iracema,-3.81067575,-38.517455999999996,centroide_bairro,1000000.0,95.0,10526.32,3,,"Apartamento à venda, 95 m² por R$ 1.000.000,00 - Parque Del Sol - Fortaleza/CE",,2026-10-02T23:56:56,faixa 1000-1800 mil
https://ce.olx.com.br/fortaleza-e-regiao/imoveis/apartamento-parque-stella-maris-com-3-dormitorios-a-venda-165-m-por-r-1-740-000-meire-1495098446,olx,fortaleza,Meireles,-3.73122,-38.5027015,centroide_bairro,1740000.0,165.0,10545.45,3,,"Apartamento Parque Stella Maris com 3 dormitórios à venda, 165 m² por R$ 1.740.000 - Meire",,2026-10-02T23:56:57,faixa 1000-1800 mil
https://www.zapimoveis.com.br/imovel/venda-apartamento-4-quartos-com-piscina-parque-del-sol-fortaleza-ce-141m2-id-2903153306/,zapimoveis,fortaleza,Parque Iracema,-3.817185,-38.581995,exata,1490000.0,141.0,10567.38,4,indefinido,,,2026-10-02T23:56:53,faixa 1000-1800 mil
https://ce.olx.com.br/fortaleza-e-regiao/imoveis/apartamento-com-3-suites-ormitorios-a-venda-137-m-por-r-1-450-000-coco-fortaleza-ce-1534081673,olx,fortaleza,Cocó,-3.7470525714285716,-38.473989,centroide_bairro,1450000.0,137.0,10583.94,3,,"Apartamento com 3 suítes ormitórios à venda, 137 m² por R$ 1.450.000 - Cocó - Fortaleza/CE",,2026-10-02T23:57:00,faixa 1000-1800 mil
https://ce.olx.com.br/fortaleza-e-regiao/imoveis/arboreto-residence-mobiliado-nascente-117-metros-3-suites-dce-lazer-luciano-1539916124,olx,fortaleza,Engenheiro Luciano Cavalcante,-3.775365583333333,-38.48569058333334,centroide_bairro,1240000.0,117.0,10598.29,3,,Arboreto Residence - Mobiliado - Nascente - 117 metros - 3 suítes + DCE - Lazer - Luciano,,2026-10-02T23:56:56,faixa 1000-1800 mil
https://ce.olx.com.br/fortaleza-e-regiao/imoveis/moma-liga-9-8-7-4-8-3-1-0-8-diego9989f-momareg4-1204067987,olx,fortaleza,Cocó,-3.7470525714285716,-38.473989,centroide_bairro,1179999.0,111.0,10630.62,4,,Moma liga 9 8 7 4 8 3 1 0 8 Diego9989f momareg4%,,2026-10-02T23:56:57,faixa 1000-1800 mil
https://ce.olx.com.br/fortaleza-e-regiao/imoveis/moma-111-liga-9-8-7-4-8-3-1-0-8-diego9989f-reg4-1204069121,olx,fortaleza,Cocó,-3.7470525714285716,-38.473989,centroide_bairro,1179999.0,111.0,10630.62,4,,Moma 111 liga 9 8 7 4 8 3 1 0 8 Diego9989f reg4%,,2026-10-02T23:56:57,faixa 1000-1800 mil
https://ce.olx.com.br/fortaleza-e-regiao/imoveis/moma-coco-111m2-projetado-liga-9-8-7-4-8-3-1-0-8-diego9989f-858156387,olx,fortaleza,Manuel Dias Branco,-3.7513575,-38.460389500000005,centroide_bairro,1180000.0,111.0,10630.63,4,,"Moma Cocó 111m2 projetado, liga 9 8 7 4 8 3 1 0 8 Diego9989f",,2026-10-02T23:56:59,faixa 1000-1800 mil
https://ce.olx.com.br/fortaleza-e-regiao/imoveis/111m2-moma-liga-9-8-7-4-8-3-1-0-8-diego9989f-momareg4-1204066413,olx,fortaleza,Cocó,-3.7470525714285716,-38.473989,centroide_bairro,1180000.0,111.0,10630.63,4,,111m2 Moma liga 9 8 7 4 8 3 1 0 8 Diego9989f momareg4%,,2026-10-02T23:56:59,faixa 1000-1800 mil
https://www.zapimoveis.com.br/imovel/venda-apartamento-3-quartos-com-piscina-engenheiro-luciano-cavalcante-fortaleza-ce-141m2-id-2608888392/,zapimoveis,fortaleza,Engenheiro Luciano Cavalcante,-3.776727,-38.483077,exata,1500000.0,141.0,10638.3,3,indefinido,,,2026-10-02T23:56:54,faixa 1000-1800 mil
https://ce.olx.com.br/fortaleza-e-regiao/imoveis/san-francisco-condominium-liga-9-87-48-31-08diego-9989f-dmarcosaraiv-batista-de-oliveira-1470112456,olx,fortaleza,Papicu,-3.7432309999999998,-38.478452000000004,centroide_bairro,1280000.0,120.0,10666.67,4,,"San Francisco Condomínium liga 9 87 48 31 08Diego 9989F dmarcosaraiv Batista de Oliveira """,,2026-10-02T23:56:59,faixa 1000-1800 mil
https://www.zapimoveis.com.br/imovel/venda-apartamento-3-quartos-com-piscina-manoel-dias-branco-fortaleza-ce-145m2-id-2804324841/,zapimoveis,fortaleza,Manuel Dias Branco,-3.751356,-38.460031,exata,1550000.0,145.0,10689.66,3,torre,,,2026-10-02T23:56:53,faixa 1000-1800 mil
https://ce.olx.com.br/fortaleza-e-regiao/imoveis/oportunidade-living-145m2-liga-9-8-7-4-8-3-1-0-8-diego-9989f-1208641367,olx,fortaleza,Cidade 2000,,,,1550031.0,145.0,10689.87,4,,Oportunidade Living 145m2 liga 9 8 7 4 8 3 1 0 8 Diego 9989f,,2026-10-02T23:56:57,faixa 1000-1800 mil
https://ce.olx.com.br/fortaleza-e-regiao/imoveis/apartamento-para-venda-em-fortaleza-parque-iracema-3-dormitorios-3-suites-4-banheiros-1538356698,olx,fortaleza,Parque Iracema,-3.81067575,-38.517455999999996,centroide_bairro,1390000.0,130.0,10692.31,3,,"Apartamento para Venda em Fortaleza, Parque Iracema, 3 dormitórios, 3 suítes, 4 banheiros,",,2026-10-02T23:56:57,faixa 1000-1800 mil
https://ce.olx.com.br/fortaleza-e-regiao/imoveis/green-garden-1-97-64-m-de-area-privativa-3-suites-1535915793,olx,fortaleza,Papicu,-3.7432309999999998,-38.478452000000004,centroide_bairro,1050000.0,98.0,10714.29,3,,"Green Garden 1| 97,64 m² de Área Privativa | 3 Suítes",,2026-10-02T23:56:59,faixa 1000-1800 mil
https://ce.olx.com.br/fortaleza-e-regiao/imoveis/145m2-oportunidade-liga-9-8-7-4-8-3-1-0-8-diego9989f-living-1208645641,olx,fortaleza,Manuel Dias Branco,-3.7513575,-38.460389500000005,centroide_bairro,1555555.0,145.0,10727.97,4,,145m2 [Oportunidade] @liga 9 8 7 4 8 3 1 0 8 Diego9989f living.,,2026-10-02T23:56:57,faixa 1000-1800 mil
https://ce.olx.com.br/fortaleza-e-regiao/imoveis/apartamento-a-venda-no-torreselle-residence-141-m-3-suites-e-3-vagas-luciano-cavalca-1529494791,olx,fortaleza,Engenheiro Luciano Cavalcante,-3.775365583333333,-38.48569058333334,centroide_bairro,1520000.0,141.0,10780.14,3,,"Apartamento à venda no Torreselle Residence | 141 m², 3 suítes e 3 vagas | Luciano Cavalca",,2026-10-02T23:57:00,faixa 1000-1800 mil
https://ce.olx.com.br/fortaleza-e-regiao/imoveis/apartamento-no-condominio-green-life-iii-guararapes-fortaleza-1538214570,olx,fortaleza,Guararapes,,,,1769951.0,164.0,10792.38,3,,"Apartamento no Condomínio Green Life III  Guararapes, Fortaleza",,2026-10-02T23:56:57,faixa 1000-1800 mil
https://www.zapimoveis.com.br/imovel/venda-apartamento-3-quartos-mobiliado-aldeota-fortaleza-ce-110m2-id-2904763611/,zapimoveis,fortaleza,Aldeota,-3.737486,-38.513931,exata,1190000.0,110.0,10818.18,3,torre,,,2026-10-02T23:56:54,faixa 1000-1800 mil
https://ce.olx.com.br/fortaleza-e-regiao/imoveis/green-garden-andar-baixo-unidade-de-particular-97-metros-3-suites-lazer-completo-1540711392,olx,fortaleza,Papicu,-3.7432309999999998,-38.478452000000004,centroide_bairro,1050000.0,97.0,10824.74,3,,Green Garden - Andar Baixo - Unidade de Particular - 97 metros - 3 suítes - Lazer Completo,,2026-10-02T23:56:54,faixa 1000-1800 mil
https://www.zapimoveis.com.br/imovel/venda-apartamento-3-quartos-praia-do-futuro-i-fortaleza-ce-97m2-id-2914950974/,zapimoveis,fortaleza,Praia do Futuro I,-3.749258,-38.456363,exata,1050000.0,97.0,10824.74,3,indefinido,,,2026-10-02T23:56:54,faixa 1000-1800 mil
https://ce.olx.com.br/fortaleza-e-regiao/imoveis/duetto-di-fatima-liga-9-87-48-31-08-diego9989f-dosvald-av-visconde-do-rio-branco-2966-1505106616,olx,fortaleza,Joaquim Távora,,,,1150000.0,106.0,10849.06,3,,"Duetto Di Fátima liga 9 87 48 31 08 Diego9989F dosvald...Av Visconde do rio Branco,2966-_-",,2026-10-02T23:56:57,faixa 1000-1800 mil
https://ce.olx.com.br/fortaleza-e-regiao/imoveis/scopa-92-m2-a-poucos-metros-da-beira-mar-d191-liga-9-8-7-4-8-3-1-0-8diego9989f-694524556,olx,fortaleza,Mucuripe,-3.7257865,-38.487970000000004,centroide_bairro,1000000.0,92.0,10869.57,4,,"Scopa 92 m2 a poucos metros da Beira Mar, d191 liga 9 8 7 4 8 3 1 0 8Diego9989f",,2026-10-02T23:56:59,faixa 1000-1800 mil
https://www.zapimoveis.com.br/imovel/venda-apartamento-3-quartos-mobiliado-guararapes-fortaleza-ce-164m2-id-2751110156/,zapimoveis,fortaleza,Guararapes,-3.764945,-38.483877,exata,1785000.0,164.0,10884.15,3,torre,,,2026-10-02T23:56:54,faixa 1000-1800 mil
https://www.zapimoveis.com.br/imovel/venda-apartamento-3-quartos-com-piscina-engenheiro-luciano-cavalcante-fortaleza-ce-133m2-id-2895193991/,zapimoveis,fortaleza,Engenheiro Luciano Cavalcante,-3.771573,-38.48606,exata,1450000.0,133.0,10902.26,3,indefinido,,,2026-10-02T23:56:54,faixa 1000-1800 mil
https://www.zapimoveis.com.br/imovel/venda-apartamento-3-quartos-com-piscina-coco-fortaleza-ce-165m2-id-2696639984/,zapimoveis,fortaleza,Papicu,-3.744174,-38.48064,exata,1799000.0,165.0,10903.03,3,torre,,,2026-10-02T23:56:54,faixa 1000-1800 mil
https://www.zapimoveis.com.br/imovel/venda-apartamento-3-quartos-com-piscina-meireles-fortaleza-ce-109m2-id-2737171917/,zapimoveis,fortaleza,Meireles,-3.736491,-38.492184,exata,1189000.0,109.0,10908.26,3,torre,,,2026-10-02T23:56:53,faixa 1000-1800 mil
https://ce.olx.com.br/fortaleza-e-regiao/imoveis/marbella-110m2-lazer-top-liga-9-8-7-4-8-3-1-0-8-diego9989f-767267001,olx,fortaleza,Meireles,-3.73122,-38.5027015,centroide_bairro,1200000.0,110.0,10909.09,3,,Marbella 110m2 lazer top liga 9 8 7 4 8 3 1 0 8 Diego9989f,,2026-10-02T23:56:57,faixa 1000-1800 mil
https://ce.olx.com.br/fortaleza-e-regiao/imoveis/imovel-para-venda-tem-146-metros-quadrados-com-3-quartos-em-guararapes-fortaleza-ce-1540806562,olx,fortaleza,Guararapes,,,,1594000.0,146.0,10917.81,3,,Imóvel para venda tem 146 metros quadrados com 3 quartos em Guararapes - Fortaleza - CE,,2026-10-02T23:56:54,faixa 1000-1800 mil
https://www.zapimoveis.com.br/imovel/venda-apartamento-2-quartos-coco-fortaleza-ce-108m2-id-2836577798/,zapimoveis,fortaleza,Cocó,-3.742913,-38.482601,exata,1180000.0,108.0,10925.93,2,indefinido,,,2026-10-02T23:56:53,faixa 1000-1800 mil
https://ce.olx.com.br/fortaleza-e-regiao/imoveis/apartamento-com-3-dormitorios-a-venda-123-m-por-r-1-350-000-00-coco-fortaleza-ce-1100081435,olx,fortaleza,Cocó,-3.7470525714285716,-38.473989,centroide_bairro,1350000.0,123.0,10975.61,3,,"Apartamento com 3 dormitórios à venda, 123 m² por R$ 1.350.000,00 - Cocó - Fortaleza/CE",,2026-10-02T23:57:00,faixa 1000-1800 mil
https://ce.olx.com.br/fortaleza-e-regiao/imoveis/brisas-residence-v-liga-9-87-48-31-08-diego9989f-darav-1488440522,olx,fortaleza,Papicu,-3.7432309999999998,-38.478452000000004,centroide_bairro,1350000.0,123.0,10975.61,3,,Brisas Residence V liga 9 87 48 31 08 Diego9989F darav,,2026-10-02T23:56:57,faixa 1000-1800 mil
https://ce.olx.com.br/fortaleza-e-regiao/imoveis/venda-apto-de-alto-padrao-no-luciano-cavalcante-com-lazer-completo-mais-informacoes-1538309270,olx,fortaleza,Engenheiro Luciano Cavalcante,-3.775365583333333,-38.48569058333334,centroide_bairro,1350000.0,123.0,10975.61,3,,Venda Apto de Alto Padrão no Luciano Cavalcante com Lazer completo - Mais informações,,2026-10-02T23:56:57,faixa 1000-1800 mil
https://ce.olx.com.br/fortaleza-e-regiao/imoveis/imovel-para-venda-tem-117-metros-quadrados-com-3-quartos-1535497605,olx,fortaleza,Engenheiro Luciano Cavalcante,-3.775365583333333,-38.48569058333334,centroide_bairro,1290000.0,117.0,11025.64,3,,Imóvel para venda tem 117 metros quadrados com 3 quartos,,2026-10-02T23:56:59,faixa 1000-1800 mil
https://ce.olx.com.br/fortaleza-e-regiao/imoveis/apartamento-com-3-suites-living-resort-bairro-dunas-fortaleza-1145524128,olx,fortaleza,Manuel Dias Branco,-3.7513575,-38.460389500000005,centroide_bairro,1600000.0,145.0,11034.48,3,,"apartamento  com 3 suítes, Living Resort, bairro Dunas, Fortaleza.",,2026-10-02T23:56:59,faixa 1000-1800 mil
https://ce.olx.com.br/fortaleza-e-regiao/imoveis/apartamento-com-2-dormitorios-a-venda-145-m-por-r-1-600-000-00-mucuripe-fortaleza-c-1457976268,olx,fortaleza,Mucuripe,-3.7257865,-38.487970000000004,centroide_bairro,1600000.0,145.0,11034.48,2,,"Apartamento com 2 dormitórios à venda, 145 m² por R$ 1.600.000,00 - Mucuripe - Fortaleza/C",,2026-10-02T23:56:54,faixa 1000-1800 mil
https://www.zapimoveis.com.br/imovel/venda-apartamento-4-quartos-com-piscina-coco-fortaleza-ce-95m2-id-2877984679/,zapimoveis,fortaleza,Cocó,-3.747472,-38.468696,exata,1050000.0,95.0,11052.63,4,indefinido,,,2026-10-02T23:56:54,faixa 1000-1800 mil
https://ce.olx.com.br/fortaleza-e-regiao/imoveis/apartamento-no-edificio-la-traviata-luciano-cavalcante-fortaleza-1538213983,olx,fortaleza,Engenheiro Luciano Cavalcante,-3.775365583333333,-38.48569058333334,centroide_bairro,1350000.0,122.0,11065.57,3,,"Apartamento no Edificio La Traviata  Luciano Cavalcante, Fortaleza",,2026-10-02T23:56:57,faixa 1000-1800 mil
https://ce.olx.com.br/fortaleza-e-regiao/imoveis/131m2-oportunidade-repasse-platz-liga-9-87-48-31-08-diego9989f-1383167307,olx,fortaleza,Papicu,-3.7432309999999998,-38.478452000000004,centroide_bairro,1450000.0,131.0,11068.7,4,,"131m2 oportunidade, repasse Platz liga 9 87 48 31 08 DIEGO9989F",,2026-10-02T23:56:59,faixa 1000-1800 mil
https://ce.olx.com.br/fortaleza-e-regiao/imoveis/o-la-vie-chega-para-provar-que-a-vida-deve-ser-vivida-em-toda-sua-plenitude-1535883606,olx,fortaleza,Parque Araxá,,,,1075907.0,97.0,11091.82,3,,O La Vie chega para provar que a vida deve ser vivida em toda sua plenitude.,,2026-10-02T23:56:59,faixa 1000-1800 mil
https://ce.olx.com.br/fortaleza-e-regiao/imoveis/apto-com-tres-suites-no-guararapes-146m-1384037554,olx,fortaleza,Engenheiro Luciano Cavalcante,-3.775365583333333,-38.48569058333334,centroide_bairro,1620000.0,146.0,11095.89,3,,Apto com três suítes no Guararapes  - 146m²,,2026-10-02T23:56:59,faixa 1000-1800 mil
https://ce.olx.com.br/fortaleza-e-regiao/imoveis/apartamento-108-m2-com-3-quartos-no-meireles-1535522516,olx,fortaleza,Meireles,-3.73122,-38.5027015,centroide_bairro,1200000.0,108.0,11111.11,2,,APARTAMENTO 108 M2 COM 3 QUARTOS NO MEIRELES,,2026-10-02T23:56:59,faixa 1000-1800 mil
https://ce.olx.com.br/fortaleza-e-regiao/imoveis/ed-serenita-residence-1536349196,olx,fortaleza,Cocó,-3.7470525714285716,-38.473989,centroide_bairro,1100000.0,99.0,11111.11,2,,ED. SERENITÁ RESIDENCE,,2026-10-02T23:56:56,faixa 1000-1800 mil
https://ce.olx.com.br/fortaleza-e-regiao/imoveis/apartamento-de-116m-no-coco-com-2-suites-3-vaga-e-andar-alto-1539671520,olx,fortaleza,Cocó,-3.7470525714285716,-38.473989,centroide_bairro,1290000.0,116.0,11120.69,3,,"Apartamento de 116m² no Cocó, com 2 suítes, 3 vaga e andar alto.",,2026-10-02T23:56:57,faixa 1000-1800 mil
https://ce.olx.com.br/fortaleza-e-regiao/imoveis/imovel-para-venda-possui-98-metros-quadrados-com-3-quartos-em-coco-fortaleza-ce-1540238464,olx,fortaleza,Cocó,-3.7470525714285716,-38.473989,centroide_bairro,1090000.0,98.0,11122.45,3,,Imóvel para venda possui 98 metros quadrados com 3 quartos em Cocó - Fortaleza - CE,,2026-10-02T23:56:56,faixa 1000-1800 mil
https://ce.olx.com.br/fortaleza-e-regiao/imoveis/apartamento-para-venda-em-fortaleza-engenheiro-luciano-cavalcante-3-dormitorios-3-suite-1538313676,olx,fortaleza,Engenheiro Luciano Cavalcante,-3.775365583333333,-38.48569058333334,centroide_bairro,1580000.0,142.0,11126.76,3,,"Apartamento para Venda em Fortaleza, Engenheiro Luciano Cavalcante, 3 dormitórios, 3 suíte",,2026-10-02T23:56:57,faixa 1000-1800 mil
https://ce.olx.com.br/fortaleza-e-regiao/imoveis/apartamento-com-3-quartos-94-m-presidente-kennedy-1534799254,olx,fortaleza,Presidente Kennedy,,,,1050000.0,94.0,11170.21,3,,Apartamento com 3 Quartos | 94 m² | Presidente Kennedy,,2026-10-02T23:56:59,faixa 1000-1800 mil
https://www.chavesnamao.com.br/imovel/apartamento-a-venda-4-quartos-com-garagem-ce-fortaleza-engenheiro-luciano-cavalcante-RS1499000/id-42047670/,chavesnamao,fortaleza,Engenheiro Luciano Cavalcante,-3.775365583333333,-38.48569058333334,centroide_bairro,1499000.0,134.0,11186.57,4,,,,2026-10-02T23:56:53,faixa 1000-1800 mil
https://ce.olx.com.br/fortaleza-e-regiao/imoveis/lancamento-na-parquelandia-apartamentos-de-alto-padrao-com-96-00m-1538651581,olx,fortaleza,Parque Araxá,,,,1075908.0,96.0,11207.38,3,,"Lançamento na Parquelandia. Apartamentos de Alto Padrão com 96,00m².",,2026-10-02T23:56:57,faixa 1000-1800 mil
https://ce.olx.com.br/fortaleza-e-regiao/imoveis/apartamento-na-aldeota-com-107m2-de-area-projetado-3-quartos-3-vagas-e-lazer-completo-1534627970,olx,fortaleza,Centro,,,,1200000.0,107.0,11214.95,3,,"Apartamento na Aldeota com 107m2 de área, projetado, 3 quartos, 3 vagas e lazer completo!!",,2026-10-02T23:56:59,faixa 1000-1800 mil
https://ce.olx.com.br/fortaleza-e-regiao/imoveis/lindo-apartamento-pertinho-do-colegio-militar-1535350127,olx,fortaleza,Centro,,,,1200000.0,107.0,11214.95,4,,Lindo apartamento pertinho do colégio militar,,2026-10-02T23:56:59,faixa 1000-1800 mil
https://www.chavesnamao.com.br/imovel/apartamento-a-venda-3-quartos-com-garagem-ce-fortaleza-guararapes-121m2-RS1358000/id-37776949/,chavesnamao,fortaleza,Guararapes,,,,1358000.0,121.0,11223.14,3,,,,2026-10-02T23:56:53,faixa 1000-1800 mil
https://ce.olx.com.br/fortaleza-e-regiao/imoveis/apartamento-com-3-quartos-a-venda-97-m-por-r-1-100-000-papicu-fortaleza-ce-1540730846,olx,fortaleza,Papicu,-3.7432309999999998,-38.478452000000004,centroide_bairro,1100000.0,98.0,11224.49,3,,"Apartamento com 3 quartos à venda, 97 m² por R$ 1.100.000 - Papicu - Fortaleza/CE",,2026-10-02T23:56:54,faixa 1000-1800 mil
https://www.zapimoveis.com.br/imovel/venda-apartamento-3-quartos-com-piscina-engenheiro-luciano-cavalcante-fortaleza-ce-98m2-id-2858431071/,zapimoveis,fortaleza,Engenheiro Luciano Cavalcante,-3.776,-38.485,aproximada_portal,1100000.0,98.0,11224.49,3,torre,,,2026-10-02T23:56:53,faixa 1000-1800 mil
https://ce.olx.com.br/fortaleza-e-regiao/imoveis/green-garden-porteira-fechada-andar-alto-unidade-de-particular-3-suites-97-metro-1540709338,olx,fortaleza,Papicu,-3.7432309999999998,-38.478452000000004,centroide_bairro,1090000.0,97.0,11237.11,3,,Green Garden - Porteira Fechada - Andar Alto - Unidade de Particular - 3 suítes + 97 metro,,2026-10-02T23:56:54,faixa 1000-1800 mil
https://ce.olx.com.br/fortaleza-e-regiao/imoveis/imovel-para-venda-com-120-metros-quadrados-com-3-quartos-em-meireles-fortaleza-ce-1533635493,olx,fortaleza,Meireles,-3.73122,-38.5027015,centroide_bairro,1350000.0,120.0,11250.0,3,,Imóvel para venda com 120 metros quadrados com 3 quartos em Meireles - Fortaleza - CE,,2026-10-02T23:57:00,faixa 1000-1800 mil
https://ce.olx.com.br/fortaleza-e-regiao/imoveis/moma-condominium-111-metros-3-suites-dependencia-completa-lazer-completo-coco-1536486855,olx,fortaleza,Cocó,-3.7470525714285716,-38.473989,centroide_bairro,1250000.0,111.0,11261.26,3,,Moma Condominium - 111 metros - 3 suítes + Dependência Completa - Lazer Completo - Cocó,,2026-10-02T23:56:59,faixa 1000-1800 mil
https://ce.olx.com.br/fortaleza-e-regiao/imoveis/imovel-para-venda-tem-150-metros-quadrados-com-4-quartos-em-aldeota-fortaleza-ce-1536943372,olx,fortaleza,Aldeota,-3.7389544285714287,-38.50379842857143,centroide_bairro,1690000.0,150.0,11266.67,4,,Imóvel para venda tem 150 metros quadrados com 4 quartos em Aldeota - Fortaleza - CE,,2026-10-02T23:56:59,faixa 1000-1800 mil
https://ce.olx.com.br/fortaleza-e-regiao/imoveis/imovel-para-venda-com-150-metros-quadrados-com-4-quartos-em-aldeota-fortaleza-ce-1535698088,olx,fortaleza,Aldeota,-3.7389544285714287,-38.50379842857143,centroide_bairro,1690000.0,150.0,11266.67,4,,Imóvel para venda com 150 metros quadrados com 4 quartos em Aldeota - Fortaleza - CE,,2026-10-02T23:56:59,faixa 1000-1800 mil
https://ce.olx.com.br/fortaleza-e-regiao/imoveis/apartamento-com-3-dormitorios-a-venda-94-m-por-r-1-060-000-00-presidente-kennedy-fo-1529568244,olx,fortaleza,Presidente Kennedy,,,,1060000.0,94.0,11276.6,3,,"Apartamento com 3 dormitórios à venda, 94 m² por R$ 1.060.000,00 - Presidente Kennedy - Fo",,2026-10-02T23:56:57,faixa 1000-1800 mil
https://ce.olx.com.br/fortaleza-e-regiao/imoveis/via-appia-liga-9-87-48-31-08-diego9989f-dromulmdd-bonfim-sobrinho-540-fatima---1519128551,olx,fortaleza,Fátima,,,,1400001.0,124.0,11290.33,4,,"Via Appia.liga 9 87 48 31 08 Diego9989f dromulmdd Bonfim Sobrinho,540 Fátima -_-)))///----",,2026-10-02T23:56:57,faixa 1000-1800 mil
https://ce.olx.com.br/fortaleza-e-regiao/imoveis/procuramos-oportunidade-115m2-lazer-d97-pode-ligar-diego-692226557,olx,fortaleza,Dionisio Torres,-3.7462923333333333,-38.500205,centroide_bairro,1300000.0,115.0,11304.35,4,,Procuramos Oportunidade 115m2 lazer d97 pode ligar *Diego,,2026-10-02T23:56:59,faixa 1000-1800 mil
https://ce.olx.com.br/fortaleza-e-regiao/imoveis/green-garden-andar-alto-unidade-de-particular-97-metros-3-suites-lazer-completo-1540711924,olx,fortaleza,Papicu,-3.7432309999999998,-38.478452000000004,centroide_bairro,1100000.0,97.0,11340.21,3,,Green Garden - Andar Alto - Unidade de Particular - 97 metros - 3 suítes - Lazer Completo,,2026-10-02T23:56:54,faixa 1000-1800 mil
https://ce.olx.com.br/fortaleza-e-regiao/imoveis/condominio-belas-artes-1533414740,olx,fortaleza,Joaquim Távora,,,,1100000.0,97.0,11340.21,3,,Condomínio Belas Artes,,2026-10-02T23:57:00,faixa 1000-1800 mil
https://ce.olx.com.br/fortaleza-e-regiao/imoveis/edificio-belas-artes-joaquim-tavora-96-59m-04-quartos-02-vagas-1534694304,olx,fortaleza,Joaquim Távora,,,,1100000.0,97.0,11340.21,4,,"Edifício Belas Artes | Joaquim Távora | 96,59m² | 04 Quartos | 02 Vagas",,2026-10-02T23:56:59,faixa 1000-1800 mil
https://ce.olx.com.br/fortaleza-e-regiao/imoveis/imovel-para-venda-possui-110-metros-quadrados-com-3-quartos-em-salinas-fortaleza-ce-1537623331,olx,fortaleza,Salinas,,,,1250000.0,110.0,11363.64,3,,Imóvel para venda possui 110 metros quadrados com 3 quartos em Salinas - Fortaleza - CE,,2026-10-02T23:56:57,faixa 1000-1800 mil
https://ce.olx.com.br/fortaleza-e-regiao/imoveis/apartamento-para-venda-possui-110-metros-quadrados-com-4-quartos-em-salinas-fortaleza-1528151243,olx,fortaleza,Salinas,,,,1250000.0,110.0,11363.64,4,,Apartamento para venda possui 110 metros quadrados com 4 quartos em Salinas - Fortaleza -,,2026-10-02T23:56:57,faixa 1000-1800 mil
https://ce.olx.com.br/fortaleza-e-regiao/imoveis/apartamento-de-110-m-no-guararapes-com-3-suites-e-2-vagas-1540365967,olx,fortaleza,Salinas,,,,1250000.0,110.0,11363.64,3,,"Apartamento de 110 m² no Guararapes, com 3 suítes e 2 vagas.",,2026-10-02T23:56:56,faixa 1000-1800 mil
https://ce.olx.com.br/fortaleza-e-regiao/imoveis/apartamento-de-145m-no-bairro-manuel-dias-branco-com-3-suites-3-vagas-e-vista-mar-1540559537,olx,fortaleza,Manuel Dias Branco,-3.7513575,-38.460389500000005,centroide_bairro,1650000.0,145.0,11379.31,3,,"Apartamento de 145m² no bairro Manuel Dias Branco, com 3 suítes, 3 vagas e vista Mar.",,2026-10-02T23:56:56,faixa 1000-1800 mil
https://ce.olx.com.br/fortaleza-e-regiao/imoveis/platz-liga-9-87-48-31-08-diego-9989f-dfernand-1402130799,olx,fortaleza,Papicu,-3.7432309999999998,-38.478452000000004,centroide_bairro,1200000.0,105.0,11428.57,3,,Platz liga 9 87 48 31 08 Diego 9989f dfernand,,2026-10-02T23:56:57,faixa 1000-1800 mil
https://ce.olx.com.br/fortaleza-e-regiao/imoveis/105m2-ou-131m2-platz-tenho-tambem-liga-9-87-48-31-08-diego9989f-oportunidade-1402131505,olx,fortaleza,Papicu,-3.7432309999999998,-38.478452000000004,centroide_bairro,1200000.0,105.0,11428.57,3,,105m2 ou 131m2 Platz tenho também liga 9 87 48 31 08 Diego9989f oportunidade,,2026-10-02T23:56:57,faixa 1000-1800 mil
https://ce.olx.com.br/fortaleza-e-regiao/imoveis/platz-105m2-liga-9-87-48-31-08-diego9989f-oportunidade-1402129999,olx,fortaleza,Cocó,-3.7470525714285716,-38.473989,centroide_bairro,1200001.0,105.0,11428.58,3,,Platz 105m2 liga 9 87 48 31 08 Diego9989f oportunidade,,2026-10-02T23:56:57,faixa 1000-1800 mil
https://ce.olx.com.br/fortaleza-e-regiao/imoveis/iluminato-porteira-fechada-apartamento-118m2-3-suites-e-2-vagas-dionisio-torres-1536704889,olx,fortaleza,Dionisio Torres,-3.7462923333333333,-38.500205,centroide_bairro,1350000.0,118.0,11440.68,3,,ILUMINATO - Porteira Fechada - Apartamento 118m2 (3 suítes e 2 vagas) Dionísio Torres,,2026-10-02T23:56:59,faixa 1000-1800 mil
https://www.zapimoveis.com.br/imovel/venda-apartamento-2-quartos-mobiliado-parque-iracema-fortaleza-ce-90m2-id-2901312031/,zapimoveis,fortaleza,Parque Iracema,-3.809121,-38.494129,exata,1030000.0,90.0,11444.44,2,torre,,,2026-10-02T23:56:53,faixa 1000-1800 mil
https://ce.olx.com.br/fortaleza-e-regiao/imoveis/apartamento-com-3-dormitorios-a-venda-130-m-por-r-1-500-000-mucuripe-fortaleza-ce-1540144386,olx,fortaleza,Mucuripe,-3.7257865,-38.487970000000004,centroide_bairro,1500000.0,131.0,11450.38,3,,"Apartamento com 3 dormitórios à venda, 130 m² por R$ 1.500.000 - Mucuripe - Fortaleza/CE",,2026-10-02T23:56:56,faixa 1000-1800 mil
https://ce.olx.com.br/fortaleza-e-regiao/imoveis/apartamento-a-venda-no-condominio-green-garden-1539779798,olx,fortaleza,Papicu,-3.7432309999999998,-38.478452000000004,centroide_bairro,1180671.0,103.0,11462.83,3,,Apartamento à venda no Condomínio Green Garden,,2026-10-02T23:56:56,faixa 1000-1800 mil
https://ce.olx.com.br/fortaleza-e-regiao/imoveis/apartamento-a-venda-no-condominio-green-garden-1538035878,olx,fortaleza,Papicu,-3.7432309999999998,-38.478452000000004,centroide_bairro,1180671.0,103.0,11462.83,3,,Apartamento à venda no Condomínio Green Garden,,2026-10-02T23:56:57,faixa 1000-1800 mil
https://ce.olx.com.br/fortaleza-e-regiao/imoveis/apartamento-com-3-suites-no-guararapes-1540711448,olx,fortaleza,Salinas,,,,1250000.0,109.0,11467.89,3,,Apartamento com 3 suítes no Guararapes,,2026-10-02T23:56:54,faixa 1000-1800 mil
https://ce.olx.com.br/fortaleza-e-regiao/imoveis/apartamento-com-3-dormitorios-a-venda-97-m-por-r-1-114-485-90-papicu-fortaleza-ce-1539779970,olx,fortaleza,Papicu,-3.7432309999999998,-38.478452000000004,centroide_bairro,1114485.0,97.0,11489.54,3,,"Apartamento com 3 dormitórios à venda, 97 m² por R$ 1.114.485,90 - Papicu - Fortaleza/CE",,2026-10-02T23:56:56,faixa 1000-1800 mil
https://ce.olx.com.br/fortaleza-e-regiao/imoveis/apartamento-a-venda-no-bairro-aldeota-condominio-absolut-1539779825,olx,fortaleza,Aldeota,-3.7389544285714287,-38.50379842857143,centroide_bairro,1726353.0,150.0,11509.02,4,,Apartamento à venda no bairro Aldeota | Condomínio Absolut.,,2026-10-02T23:56:56,faixa 1000-1800 mil
https://ce.olx.com.br/fortaleza-e-regiao/imoveis/apartamento-com-4-dormitorios-a-venda-150-m-por-r-1-726-353-69-aldeota-fortaleza-ce-1409851437,olx,fortaleza,Aldeota,-3.7389544285714287,-38.50379842857143,centroide_bairro,1726354.0,150.0,11509.03,4,,"Apartamento com 4 dormitórios à venda, 150 m² por R$ 1.726.353,69 - Aldeota - Fortaleza/CE",,2026-10-02T23:56:54,faixa 1000-1800 mil
https://ce.olx.com.br/fortaleza-e-regiao/imoveis/apartamento-novo-nunca-habitado-com-lazer-completissimo-1534308470,olx,fortaleza,Cocó,-3.7470525714285716,-38.473989,centroide_bairro,1280000.0,111.0,11531.53,3,,"Apartamento novo, nunca habitado com lazer completissímo.",,2026-10-02T23:57:00,faixa 1000-1800 mil
https://ce.olx.com.br/fortaleza-e-regiao/imoveis/apartamento-a-venda-edificio-jules-breton-bairro-mucuripe-fortaleza-ce-1534722774,olx,fortaleza,Mucuripe,-3.7257865,-38.487970000000004,centroide_bairro,1500000.0,130.0,11538.46,3,,Apartamento à venda | Edifício Jules Breton | Bairro Mucuripe | Fortaleza (CE) -,,2026-10-02T23:56:59,faixa 1000-1800 mil
https://ce.olx.com.br/fortaleza-e-regiao/imoveis/apartamento-a-venda-com-3-quartos-no-meireles-com-vista-mar-1535223928,olx,fortaleza,Meireles,-3.73122,-38.5027015,centroide_bairro,1200000.0,104.0,11538.46,3,,Apartamento á venda com 3 quartos no Meireles com vista mar,,2026-10-02T23:56:59,faixa 1000-1800 mil
https://ce.olx.com.br/fortaleza-e-regiao/imoveis/belas-artes-95-metros-3-quartos-varanda-gourmet-lazer-completo-aldeota-joaquim-t-1534411196,olx,fortaleza,Aldeota,-3.7389544285714287,-38.50379842857143,centroide_bairro,1100000.0,95.0,11578.95,3,,Belas Artes - 95 metros - 3 quartos + Varanda Gourmet - Lazer Completo - Aldeota/Joaquim T,,2026-10-02T23:57:00,faixa 1000-1800 mil
https://ce.olx.com.br/fortaleza-e-regiao/imoveis/belas-artes-apartamento-projetado-na-aldeota-em-fortaleza-ce-1539123595,olx,fortaleza,Joaquim Távora,,,,1100000.0,95.0,11578.95,3,,BELAS ARTES  APARTAMENTO PROJETADO NA ALDEOTA EM FORTALEZA/CE,,2026-10-02T23:56:57,faixa 1000-1800 mil
https://www.zapimoveis.com.br/imovel/venda-apartamento-3-quartos-engenheiro-luciano-cavalcante-fortaleza-ce-142m2-id-2914872733/,zapimoveis,fortaleza,Engenheiro Luciano Cavalcante,-3.776727,-38.483077,exata,1650000.0,142.0,11619.72,3,indefinido,,,2026-10-02T23:56:53,faixa 1000-1800 mil
https://ce.olx.com.br/fortaleza-e-regiao/imoveis/moma-condominium-porteira-fechada-111-metros-3-suites-dependencia-lazer-amplo-1536485740,olx,fortaleza,Cocó,-3.7470525714285716,-38.473989,centroide_bairro,1290000.0,111.0,11621.62,3,,Moma Condominium - Porteira Fechada - 111 metros - 3 suítes + Dependência - Lazer Amplo -,,2026-10-02T23:56:59,faixa 1000-1800 mil
https://ce.olx.com.br/fortaleza-e-regiao/imoveis/condominio-lafite-a-200m-do-iguatemi-1533568212,olx,fortaleza,Salinas,,,,1280000.0,110.0,11636.36,3,,Condomínio Lafite a 200m do Iguatemi,,2026-10-02T23:57:00,faixa 1000-1800 mil
https://ce.olx.com.br/fortaleza-e-regiao/imoveis/apartamento-com-3-quartos-a-venda-97-m-por-r-1-129-000-papicu-fortaleza-ce-1538535390,olx,fortaleza,Papicu,-3.7432309999999998,-38.478452000000004,centroide_bairro,1129000.0,97.0,11639.18,3,,"Apartamento com 3 quartos à venda, 97 m² por R$ 1.129.000 - Papicu - Fortaleza/CE",,2026-10-02T23:56:57,faixa 1000-1800 mil
https://ce.olx.com.br/fortaleza-e-regiao/imoveis/apartamento-no-bairro-de-fatima-fortaleza-1538214545,olx,fortaleza,Fátima,,,,1340000.0,115.0,11652.17,3,,"Apartamento no Bairro de Fátima, Fortaleza",,2026-10-02T23:56:57,faixa 1000-1800 mil
https://ce.olx.com.br/fortaleza-e-regiao/imoveis/apartamento-com-3-suites-a-venda-120-m-por-r-1-400-000-aldeota-fortaleza-ce-1533714939,olx,fortaleza,Aldeota,-3.7389544285714287,-38.50379842857143,centroide_bairro,1399000.0,120.0,11658.33,3,,"Apartamento com 3 suítes à venda, 120 m² por R$ 1.400.000 - Aldeota - Fortaleza/CE",,2026-10-02T23:57:00,faixa 1000-1800 mil
https://www.chavesnamao.com.br/imovel/apartamento-a-venda-4-quartos-com-garagem-ce-fortaleza-engenheiro-luciano-cavalcante-120m2-RS1399000/id-42665986/,chavesnamao,fortaleza,Engenheiro Luciano Cavalcante,-3.775365583333333,-38.48569058333334,centroide_bairro,1399000.0,120.0,11658.33,4,,,,2026-10-02T23:56:53,faixa 1000-1800 mil
https://ce.olx.com.br/fortaleza-e-regiao/imoveis/edificio-mirus-living-90m-3-suites-a-300m-da-beira-mar-1535915474,olx,fortaleza,Varjota,,,,1050000.0,90.0,11666.67,3,,Edifício Mirus Living 90m² | 3 Suítes à 300m da Beira-Mar,,2026-10-02T23:56:59,faixa 1000-1800 mil
https://ce.olx.com.br/fortaleza-e-regiao/imoveis/apartamento-com-3-suites-living-resort-bairro-dunas-1145521786,olx,fortaleza,Manuel Dias Branco,-3.7513575,-38.460389500000005,centroide_bairro,1360000.0,116.0,11724.14,3,,"apartamento com 3 suítes, Living Resort , bairro Dunas",,2026-10-02T23:56:54,faixa 1000-1800 mil
https://ce.olx.com.br/fortaleza-e-regiao/imoveis/oportunidade-apartamento-porteira-fechada-venda-green-garden-1536139834,olx,fortaleza,Papicu,-3.7432309999999998,-38.478452000000004,centroide_bairro,1150000.0,98.0,11734.69,3,,Oportunidade Apartamento Porteira Fechada À Venda - Green Garden,,2026-10-02T23:56:59,faixa 1000-1800 mil
https://ce.olx.com.br/fortaleza-e-regiao/imoveis/apartamento-projetado-1533496767,olx,fortaleza,Papicu,-3.7432309999999998,-38.478452000000004,centroide_bairro,1150000.0,98.0,11734.69,3,,Apartamento Projetado,,2026-10-02T23:56:59,faixa 1000-1800 mil
https://ce.olx.com.br/fortaleza-e-regiao/imoveis/imovel-para-venda-tem-98-metros-quadrados-com-3-quartos-em-papicu-fortaleza-ce-1534188413,olx,fortaleza,Papicu,-3.7432309999999998,-38.478452000000004,centroide_bairro,1150000.0,98.0,11734.69,3,,Imóvel para venda tem 98 metros quadrados com 3 quartos em Papicu - Fortaleza - CE,,2026-10-02T23:57:00,faixa 1000-1800 mil
https://ce.olx.com.br/fortaleza-e-regiao/imoveis/imovel-para-venda-tem-98-metros-quadrados-com-3-quartos-em-papicu-fortaleza-ce-1534800024,olx,fortaleza,Papicu,-3.7432309999999998,-38.478452000000004,centroide_bairro,1150000.0,98.0,11734.69,3,,Imóvel para venda tem 98 metros quadrados com 3 quartos em Papicu - Fortaleza - CE,,2026-10-02T23:56:59,faixa 1000-1800 mil
https://ce.olx.com.br/fortaleza-e-regiao/imoveis/more-na-aldeota-115m-nascente-1540322272,olx,fortaleza,Meireles,-3.73122,-38.5027015,centroide_bairro,1350000.0,115.0,11739.13,3,,"More na Aldeota, 115m², Nascente",,2026-10-02T23:56:56,faixa 1000-1800 mil
https://ce.olx.com.br/fortaleza-e-regiao/imoveis/imovel-para-venda-tem-105-metros-quadrados-com-3-quartos-em-jose-bonifacio-fortaleza-c-1445576327,olx,fortaleza,José Bonifácio,,,,1235000.0,105.0,11761.9,3,,Imóvel para venda tem 105 metros quadrados com 3 quartos em José Bonifácio - Fortaleza - C,,2026-10-02T23:56:54,faixa 1000-1800 mil
https://ce.olx.com.br/fortaleza-e-regiao/imoveis/apartamento-a-venda-no-bairro-luciano-cavalcante-condominio-bosque-das-flores-1539779664,olx,fortaleza,Engenheiro Luciano Cavalcante,-3.775365583333333,-38.48569058333334,centroide_bairro,1675000.0,142.0,11795.77,3,,Apartamento à venda no bairro Luciano Cavalcante | Condomínio Bosque Das Flores.,,2026-10-02T23:56:56,faixa 1000-1800 mil
https://ce.olx.com.br/fortaleza-e-regiao/imoveis/apartamento-com-3-dormitorios-a-venda-130-m-por-r-1-550-000-00-coco-fortaleza-ce-1516452878,olx,fortaleza,Cocó,-3.7470525714285716,-38.473989,centroide_bairro,1550000.0,131.0,11832.06,3,,"Apartamento com 3 dormitórios à venda, 130 m² por R$ 1.550.000,00 - Cocó - Fortaleza/CE",,2026-10-02T23:56:54,faixa 1000-1800 mil
https://ce.olx.com.br/fortaleza-e-regiao/imoveis/apartamento-com-3-dormitorios-a-venda-152-m-por-r-1-800-000-00-guararapes-fortaleza-1540483510,olx,fortaleza,Engenheiro Luciano Cavalcante,-3.775365583333333,-38.48569058333334,centroide_bairro,1800000.0,152.0,11842.11,3,,"Apartamento com 3 dormitórios à venda, 152 m² por R$ 1.800.000,00 - Guararapes - Fortaleza",,2026-10-02T23:56:56,faixa 1000-1800 mil
https://ce.olx.com.br/fortaleza-e-regiao/imoveis/apartamento-03-suites-no-bosque-das-flores-1505012899,olx,fortaleza,Engenheiro Luciano Cavalcante,-3.775365583333333,-38.48569058333334,centroide_bairro,1675000.0,141.0,11879.43,3,,Apartamento 03 suítes no Bosque das Flores,,2026-10-02T23:56:57,faixa 1000-1800 mil
https://ce.olx.com.br/fortaleza-e-regiao/imoveis/apartamento-de-105-m-na-coco-com-3-suites-e-2-vagas-1540308395,olx,fortaleza,Cocó,-3.7470525714285716,-38.473989,centroide_bairro,1250000.0,105.0,11904.76,3,,"Apartamento de 105 m² na Cocó, com 3 suítes e 2 vagas.",,2026-10-02T23:56:56,faixa 1000-1800 mil
https://ce.olx.com.br/fortaleza-e-regiao/imoveis/apartamento-151m-4-suites-4-vagas-aldeota-1528374611,olx,fortaleza,Aldeota,-3.7389544285714287,-38.50379842857143,centroide_bairro,1800000.0,151.0,11920.53,4,,Apartamento 151m² - 4 suítes - 4 vagas Aldeota,,2026-10-02T23:56:57,faixa 1000-1800 mil
https://www.zapimoveis.com.br/imovel/venda-apartamento-3-quartos-com-piscina-engenheiro-luciano-cavalcante-fortaleza-ce-133m2-id-2883074003/,zapimoveis,fortaleza,Engenheiro Luciano Cavalcante,-3.771573,-38.48606,exata,1590000.0,133.0,11954.89,3,torre,,,2026-10-02T23:56:53,faixa 1000-1800 mil
https://www.zapimoveis.com.br/imovel/venda-apartamento-3-quartos-engenheiro-luciano-cavalcante-fortaleza-ce-142m2-id-2914871954/,zapimoveis,fortaleza,Engenheiro Luciano Cavalcante,-3.776727,-38.483077,exata,1700000.0,142.0,11971.83,3,indefinido,,,2026-10-02T23:56:53,faixa 1000-1800 mil
https://ce.olx.com.br/fortaleza-e-regiao/imoveis/ap-meireles-2-1501876595,olx,fortaleza,Meireles,-3.73122,-38.5027015,centroide_bairro,1300000.0,108.0,12037.04,3,,AP MEIRELES 2,,2026-10-02T23:56:57,faixa 1000-1800 mil
https://ce.olx.com.br/fortaleza-e-regiao/imoveis/apartamento-com-3-dormitorios-a-venda-119-m-por-r-1-436-000-00-engenheiro-luciano-cav-1535930649,olx,fortaleza,Engenheiro Luciano Cavalcante,-3.775365583333333,-38.48569058333334,centroide_bairro,1436000.0,119.0,12067.23,3,,"Apartamento com 3 dormitórios à venda, 119 m² por R$ 1.436.000,00 - Engenheiro Luciano Cav",,2026-10-02T23:56:59,faixa 1000-1800 mil
https://ce.olx.com.br/fortaleza-e-regiao/imoveis/apartamento-alto-padrao-no-meireles-cod0310-1435186265,olx,fortaleza,Meireles,-3.73122,-38.5027015,centroide_bairro,1305020.0,108.0,12083.52,3,,Apartamento Alto Padrão no Meireles Cod0310,,2026-10-02T23:57:00,faixa 1000-1800 mil
https://ce.olx.com.br/fortaleza-e-regiao/imoveis/apartamento-de-110m-na-aldeota-com-3-suites-2-vagas-e-com-varanda-gourmet-1539561869,olx,fortaleza,Aldeota,-3.7389544285714287,-38.50379842857143,centroide_bairro,1330000.0,110.0,12090.91,3,,"Apartamento de 110m² na Aldeota, com 3 suítes, 2 vagas e com varanda gourmet.",,2026-10-02T23:56:57,faixa 1000-1800 mil
https://ce.olx.com.br/fortaleza-e-regiao/imoveis/apartamento-no-meireles-1536270550,olx,fortaleza,Meireles,-3.73122,-38.5027015,centroide_bairro,1330000.0,110.0,12090.91,3,,Apartamento no Meireles,,2026-10-02T23:56:59,faixa 1000-1800 mil
https://ce.olx.com.br/fortaleza-e-regiao/imoveis/apartamento-a-poucos-passos-da-av-dom-luis-com-3-suites-1534306666,olx,fortaleza,Meireles,-3.73122,-38.5027015,centroide_bairro,1330000.0,110.0,12090.91,3,,Apartamento a poucos passos da Av Dom luis com 3 suítes,,2026-10-02T23:57:00,faixa 1000-1800 mil
https://ce.olx.com.br/fortaleza-e-regiao/imoveis/imovel-para-venda-com-95-metros-quadrados-com-3-quartos-em-joaquim-tavora-fortaleza-ce-1534049244,olx,fortaleza,Joaquim Távora,,,,1150000.0,95.0,12105.26,3,,Imóvel para venda com 95 metros quadrados com 3 quartos em Joaquim Távora - Fortaleza - CE,,2026-10-02T23:57:00,faixa 1000-1800 mil
https://ce.olx.com.br/fortaleza-e-regiao/imoveis/imovel-para-venda-possui-119-metros-quadrados-com-3-quartos-em-coco-fortaleza-ce-1539033643,olx,fortaleza,Cocó,-3.7470525714285716,-38.473989,centroide_bairro,1443390.0,119.0,12129.33,3,,Imóvel para venda possui 119 metros quadrados com 3 quartos em Cocó - Fortaleza - CE,,2026-10-02T23:56:57,faixa 1000-1800 mil
https://ce.olx.com.br/fortaleza-e-regiao/imoveis/apartamento-a-venda-em-fortaleza-no-condominio-via-appia-1539780332,olx,fortaleza,Fátima,,,,1749000.0,144.0,12145.83,3,,Apartamento à venda em Fortaleza no Condomínio Via Appia,,2026-10-02T23:56:56,faixa 1000-1800 mil
https://ce.olx.com.br/fortaleza-e-regiao/imoveis/soul-residence-liga-9-87-48-31-08-diego9989f-dcristgouv-oportunidade-gilberto-studart-697-1500883753,olx,fortaleza,Cocó,-3.7470525714285716,-38.473989,centroide_bairro,1300000.0,107.0,12149.53,3,,"Soul Residence liga 9 87 48 31 08 Diego9989F dcristgouv oportunidade Gilberto Studart, 697",,2026-10-02T23:56:59,faixa 1000-1800 mil
https://ce.olx.com.br/fortaleza-e-regiao/imoveis/excelente-apartamento-111m-bairro-coco-1533693396,olx,fortaleza,Cocó,-3.7470525714285716,-38.473989,centroide_bairro,1350000.0,111.0,12162.16,2,,"Excelente apartamento , 111m² - Bairro Cocó",,2026-10-02T23:57:00,faixa 1000-1800 mil
https://ce.olx.com.br/fortaleza-e-regiao/imoveis/apartamento-no-aldeota-fortaleza-1538214179,olx,fortaleza,Meireles,-3.73122,-38.5027015,centroide_bairro,1330000.0,109.0,12201.83,3,,"Apartamento no Aldeota, Fortaleza",,2026-10-02T23:56:57,faixa 1000-1800 mil
https://ce.olx.com.br/fortaleza-e-regiao/imoveis/apartamento-venda-no-bellatrix-residence-guararapes-1536270654,olx,fortaleza,Guararapes,,,,1100000.0,90.0,12222.22,3,,"APARTAMENTO À VENDA NO BELLATRIX RESIDENCE, GUARARAPES",,2026-10-02T23:56:59,faixa 1000-1800 mil
https://ce.olx.com.br/fortaleza-e-regiao/imoveis/luciano-cavalcante-3-quartos-2-suites-vista-livre-lazer-conpleto-1538926364,olx,fortaleza,Engenheiro Luciano Cavalcante,-3.775365583333333,-38.48569058333334,centroide_bairro,1200000.0,98.0,12244.9,3,,Luciano Cavalcante 3 Quartos 2 suites Vista livre Lazer Conpleto,,2026-10-02T23:56:57,faixa 1000-1800 mil
https://ce.olx.com.br/fortaleza-e-regiao/imoveis/apartamento-com-3-quartos-a-venda-102-m-por-r-1-250-000-aldeota-fortaleza-ce-1323919449,olx,fortaleza,Aldeota,-3.7389544285714287,-38.50379842857143,centroide_bairro,1249000.0,102.0,12245.1,3,,"Apartamento com 3 Quartos à Venda, 102 m² por R$ 1.250.000 - Aldeota - Fortaleza/CE",,2026-10-02T23:56:56,faixa 1000-1800 mil
https://ce.olx.com.br/fortaleza-e-regiao/imoveis/apartamento-no-ed-reserva-nature-com-3-dormitorios-a-venda-110-m-por-r-1-349-000-coc-1534707318,olx,fortaleza,Cocó,-3.7470525714285716,-38.473989,centroide_bairro,1349000.0,110.0,12263.64,3,,"Apartamento no Ed. Reserva Nature com 3 dormitórios à venda, 110 m² por R$ 1.349.000 - Coc",,2026-10-02T23:56:56,faixa 1000-1800 mil
https://ce.olx.com.br/fortaleza-e-regiao/imoveis/apartamento-no-ed-reserva-nature-com-3-dormitorios-a-venda-110-m-por-r-1-349-000-coc-1539236815,olx,fortaleza,Cocó,-3.7470525714285716,-38.473989,centroide_bairro,1349000.0,110.0,12263.64,3,,"Apartamento no Ed. Reserva Nature com 3 dormitórios à venda, 110 m² por R$ 1.349.000 - Coc",,2026-10-02T23:56:57,faixa 1000-1800 mil
https://ce.olx.com.br/fortaleza-e-regiao/imoveis/imovel-para-venda-com-110-metros-quadrados-com-3-quartos-em-aldeota-fortaleza-ce-1540535797,olx,fortaleza,Aldeota,-3.7389544285714287,-38.50379842857143,centroide_bairro,1350000.0,110.0,12272.73,3,,Imóvel para venda com 110 metros quadrados com 3 quartos em Aldeota - Fortaleza - CE,,2026-10-02T23:56:56,faixa 1000-1800 mil
https://ce.olx.com.br/fortaleza-e-regiao/imoveis/imovel-para-venda-com-105-metros-quadrados-com-3-quartos-em-jose-bonifacio-fortaleza-c-1534805073,olx,fortaleza,José Bonifácio,,,,1290000.0,105.0,12285.71,3,,Imóvel para venda com 105 metros quadrados com 3 quartos em José Bonifácio - Fortaleza - C,,2026-10-02T23:56:59,faixa 1000-1800 mil
https://ce.olx.com.br/fortaleza-e-regiao/imoveis/imovel-para-venda-tem-122-metros-quadrados-com-3-quartos-em-guararapes-fortaleza-ce-1535363964,olx,fortaleza,Guararapes,,,,1500000.0,122.0,12295.08,3,,Imóvel para venda tem 122 metros quadrados com 3 quartos em Guararapes - Fortaleza - CE,,2026-10-02T23:56:59,faixa 1000-1800 mil
https://ce.olx.com.br/fortaleza-e-regiao/imoveis/apartamento-porteira-fechada-alto-padrao-com-3-suites-para-venda-no-papicu-1540736105,olx,fortaleza,Papicu,-3.7432309999999998,-38.478452000000004,centroide_bairro,1600000.0,130.0,12307.69,3,,"Apartamento Porteira Fechada, alto padrão com 3 suítes para Venda no Papicu",,2026-10-02T23:56:54,faixa 1000-1800 mil
https://www.chavesnamao.com.br/imovel/apartamento-a-venda-3-quartos-com-garagem-ce-fortaleza-engenheiro-luciano-cavalcante-6696m2-RS1495382/id-46672676/,chavesnamao,fortaleza,Engenheiro Luciano Cavalcante,-3.775365583333333,-38.48569058333334,centroide_bairro,1495382.0,121.0,12358.53,3,,,,2026-10-02T23:56:53,faixa 1000-1800 mil
https://ce.olx.com.br/fortaleza-e-regiao/imoveis/partamento-mobiliado-venda-ed-green-garden-fortaleza-1538510160,olx,fortaleza,Papicu,-3.7432309999999998,-38.478452000000004,centroide_bairro,1200000.0,97.0,12371.13,3,,PARTAMENTO MOBILIADO À VENDA | ED. GREEN GARDEN  FORTALEZA,,2026-10-02T23:56:57,faixa 1000-1800 mil
https://ce.olx.com.br/fortaleza-e-regiao/imoveis/imovel-para-venda-possui-96-metros-quadrados-com-3-quartos-em-parquelandia-fortaleza-c-1538903701,olx,fortaleza,Parquelândia,,,,1190000.0,96.0,12395.83,3,,Imóvel para venda possui 96 metros quadrados com 3 quartos em Parquelândia - Fortaleza - C,,2026-10-02T23:56:57,faixa 1000-1800 mil
https://ce.olx.com.br/fortaleza-e-regiao/imoveis/east-tower-residencial-andar-alto-vista-privilegiada-1535915594,olx,fortaleza,Engenheiro Luciano Cavalcante,-3.775365583333333,-38.48569058333334,centroide_bairro,1650000.0,133.0,12406.02,3,,EAST TOWER RESIDENCIAL |ANDAR ALTO - VISTA PRIVILEGIADA,,2026-10-02T23:56:59,faixa 1000-1800 mil
https://ce.olx.com.br/fortaleza-e-regiao/imoveis/living-resort-foi-v-en-d-i-d-o-145m2-liga-9-8-7-4-8-3-1-0-8-1208639738,olx,fortaleza,Manuel Dias Branco,-3.7513575,-38.460389500000005,centroide_bairro,1800000.0,145.0,12413.79,4,,LIVING RESORT foi  v en d i d o  145M2 LIGA 9 8 7 4 8 3 1 0 8,,2026-10-02T23:56:59,faixa 1000-1800 mil
https://ce.olx.com.br/fortaleza-e-regiao/imoveis/apto-com-tres-suites-no-jose-bonifacio-104m-1452379352,olx,fortaleza,José Bonifácio,,,,1283100.0,103.0,12457.28,3,,Apto com três suítes no Jose Bonifácio -  104m²,,2026-10-02T23:56:59,faixa 1000-1800 mil
https://ce.olx.com.br/fortaleza-e-regiao/imoveis/apartamento-a-venda-no-coco-104-m-3-suites-1539807339,olx,fortaleza,Cocó,-3.7470525714285716,-38.473989,centroide_bairro,1299000.0,104.0,12490.38,3,,Apartamento à venda no Cocó | 104 m² | 3 suítes,,2026-10-02T23:56:54,faixa 1000-1800 mil
https://ce.olx.com.br/fortaleza-e-regiao/imoveis/apartamento-a-venda-no-sao-gerardo-fortaleza-ce-1538703002,olx,fortaleza,São Gerardo,,,,1499000.0,120.0,12491.67,3,,Apartamento à Venda no São Gerardo- Fortaleza/CE,,2026-10-02T23:56:57,faixa 1000-1800 mil
https://ce.olx.com.br/fortaleza-e-regiao/imoveis/apartamento-a-venda-com-3-suites-em-de-lourdes-fortaleza-ce-1488465445,olx,fortaleza,De Lourdes,,,,1250000.0,100.0,12500.0,3,,Apartamento à Venda com 3 suites em De Lourdes - Fortaleza - CE,,2026-10-02T23:56:57,faixa 1000-1800 mil
https://ce.olx.com.br/fortaleza-e-regiao/imoveis/apartamento-com-3-suites-a-venda-144-m-por-r-1-800-000-coco-fortaleza-ce-1534081764,olx,fortaleza,Cocó,-3.7470525714285716,-38.473989,centroide_bairro,1800000.0,144.0,12500.0,3,,"Apartamento com 3 suítes à venda, 144 m² por R$ 1.800.000 - Cocó - Fortaleza/CE",,2026-10-02T23:57:00,faixa 1000-1800 mil
https://ce.olx.com.br/fortaleza-e-regiao/imoveis/imovel-para-venda-tem-144-metros-quadrados-com-3-quartos-em-aldeota-fortaleza-ce-1536758214,olx,fortaleza,Aldeota,-3.7389544285714287,-38.50379842857143,centroide_bairro,1800000.0,144.0,12500.0,3,,Imóvel para venda tem 144 metros quadrados com 3 quartos em Aldeota - Fortaleza - CE,,2026-10-02T23:56:59,faixa 1000-1800 mil
https://ce.olx.com.br/fortaleza-e-regiao/imoveis/soul-107m2-top-liga-9-8-7-4-8-3-1-0-8-diego9989f-oportunidade-1315162833,olx,fortaleza,Cocó,-3.7470525714285716,-38.473989,centroide_bairro,1340000.0,107.0,12523.36,3,,Soul 107m2 top liga 9 8 7 4 8 3 1 0 8 Diego9989f oportunidade,,2026-10-02T23:56:57,faixa 1000-1800 mil
https://ce.olx.com.br/fortaleza-e-regiao/imoveis/107m2-vaga-cabem-4carros-coco-liga-9-8-7-4-8-3-1-0-8-diego9989f-oportunidade-soul-1315163159,olx,fortaleza,Cocó,-3.7470525714285716,-38.473989,centroide_bairro,1340000.0,107.0,12523.36,4,,107m2  vaga cabem 4carros Cocó liga 9 8 7 4 8 3 1 0 8 Diego9989f oportunidade soul,,2026-10-02T23:56:57,faixa 1000-1800 mil
https://ce.olx.com.br/fortaleza-e-regiao/imoveis/apartamento-para-venda-com-107-metros-quadrados-com-3-quartos-em-centro-fortaleza-cear-1524566288,olx,fortaleza,Centro,,,,1340000.0,107.0,12523.36,3,,Apartamento para venda com 107 metros quadrados com 3 quartos em Centro - Fortaleza - Cear,,2026-10-02T23:56:56,faixa 1000-1800 mil
https://ce.olx.com.br/fortaleza-e-regiao/imoveis/imovel-para-venda-com-110-metros-quadrados-com-4-quartos-em-aldeota-fortaleza-ce-1530596032,olx,fortaleza,Aldeota,-3.7389544285714287,-38.50379842857143,centroide_bairro,1380000.0,110.0,12545.45,4,,Imóvel para venda com 110 metros quadrados com 4 quartos em Aldeota - Fortaleza - CE,,2026-10-02T23:56:56,faixa 1000-1800 mil
https://ce.olx.com.br/fortaleza-e-regiao/imoveis/apartamento-a-venda-na-aldeota-fortaleza-ce-1538991577,olx,fortaleza,Aldeota,-3.7389544285714287,-38.50379842857143,centroide_bairro,1167026.0,93.0,12548.67,3,,Apartamento á Venda na Aldeota- Fortaleza/CE,,2026-10-02T23:56:57,faixa 1000-1800 mil
https://ce.olx.com.br/fortaleza-e-regiao/imoveis/vert-macedo-breve-lancamento-apartamento-3-suites-113m-aldeota-fortaleza-ce-1535887616,olx,fortaleza,Aldeota,-3.7389544285714287,-38.50379842857143,centroide_bairro,1418915.0,113.0,12556.77,3,,Vert Macêdo | Breve Lançamento | Apartamento 3 suítes - 113m² - Aldeota - Fortaleza/CE,,2026-10-02T23:56:59,faixa 1000-1800 mil
https://ce.olx.com.br/fortaleza-e-regiao/imoveis/apartamento-com-3-suites-na-aldeota-1538649713,olx,fortaleza,Aldeota,-3.7389544285714287,-38.50379842857143,centroide_bairro,1170000.0,93.0,12580.65,3,,Apartamento com 3 suítes na Aldeota,,2026-10-02T23:56:57,faixa 1000-1800 mil
https://ce.olx.com.br/fortaleza-e-regiao/imoveis/repasse-platz-131m2-liga-9-87-48-31-08-diego9989-oportunidade-1383124931,olx,fortaleza,Cocó,-3.7470525714285716,-38.473989,centroide_bairro,1650000.0,131.0,12595.42,4,,Repasse Platz 131m2 liga 9 87 48 31 08 DIEGO9989 OPORTUNIDADE,,2026-10-02T23:56:59,faixa 1000-1800 mil
https://ce.olx.com.br/fortaleza-e-regiao/imoveis/apartamento-com-3-dormitorios-a-venda-110-m-por-r-1-400-000-meireles-fortaleza-ce-1521746905,olx,fortaleza,Meireles,-3.73122,-38.5027015,centroide_bairro,1400000.0,111.0,12612.61,3,,"Apartamento com 3 dormitórios à venda, 110 m² por R$ 1.400.000 - Meireles - Fortaleza/CE",,2026-10-02T23:56:57,faixa 1000-1800 mil
https://www.zapimoveis.com.br/imovel/venda-apartamento-3-quartos-com-churrasqueira-meireles-fortaleza-ce-111m2-id-2673647576/,zapimoveis,fortaleza,Mucuripe,-3.727573,-38.48894,exata,1402604.0,111.0,12636.07,3,torre,,,2026-10-02T23:56:54,faixa 1000-1800 mil
https://ce.olx.com.br/fortaleza-e-regiao/imoveis/apartamento-no-marbella-home-club-aldeota-fortaleza-1538213915,olx,fortaleza,Aldeota,-3.7389544285714287,-38.50379842857143,centroide_bairro,1390000.0,110.0,12636.36,3,,"Apartamento no Marbella Home Club  Aldeota, Fortaleza",,2026-10-02T23:56:57,faixa 1000-1800 mil
https://ce.olx.com.br/fortaleza-e-regiao/imoveis/exclusivo-apartamento-de-alto-padrao-104m-a-111m-3-suites-entrada-facilitada-1524788725,olx,fortaleza,José Bonifácio,,,,1317900.0,104.0,12672.12,3,,"EXCLUSIVO APARTAMENTO DE ALTO PADRAO, 104M A 111M, 3 SUITES, ENTRADA FACILITADA,",,2026-10-02T23:56:56,faixa 1000-1800 mil
https://ce.olx.com.br/fortaleza-e-regiao/imoveis/aquiraz-riviera-manhattan-beach-1533623358,olx,fortaleza,Joaquim Távora,,,,1290000.0,101.0,12772.28,3,,Aquiraz Riviera  Manhattan Beach,,2026-10-02T23:57:00,faixa 1000-1800 mil
https://ce.olx.com.br/fortaleza-e-regiao/imoveis/apt-262-fatima-condominio-elev-jardins-apartamentos-com-lazer-completo-735703379,olx,fortaleza,Benfica,,,,1332097.0,104.0,12808.62,4,,"APT 262, Fátima, Condomínio Elev Jardins, apartamentos com lazer completo",,2026-10-02T23:56:59,faixa 1000-1800 mil
https://ce.olx.com.br/fortaleza-e-regiao/imoveis/imperator-residence-138m2-3-suites-3-vagas-1525208968,olx,fortaleza,Guararapes,,,,1770000.0,138.0,12826.09,3,,"Imperator Residence, 138m2, 3 suítes, 3 vagas",,2026-10-02T23:56:57,faixa 1000-1800 mil
https://ce.olx.com.br/fortaleza-e-regiao/imoveis/apartamento-vista-para-o-mar-com-4-suites-na-praia-de-iracema-1139806712,olx,fortaleza,Praia de Iracema,,,,1800000.0,140.0,12857.14,4,,Apartamento vista para o mar com 4 suítes na praia de Iracema.,,2026-10-02T23:56:56,faixa 1000-1800 mil
https://ce.olx.com.br/fortaleza-e-regiao/imoveis/apto-com-tres-suites-no-coco-119m-1486417403,olx,fortaleza,Cocó,-3.7470525714285716,-38.473989,centroide_bairro,1532500.0,119.0,12878.15,3,,Apto com três suítes no Cocó - 119m²,,2026-10-02T23:56:59,faixa 1000-1800 mil
https://ce.olx.com.br/fortaleza-e-regiao/imoveis/apartamento-com-3-dormitorios-a-venda-138-m-por-r-1-780-000-00-guararapes-fortaleza-1505964513,olx,fortaleza,Guararapes,,,,1780000.0,138.0,12898.55,3,,"Apartamento com 3 dormitórios à venda, 138 m² por R$ 1.780.000,00 - Guararapes - Fortaleza",,2026-10-02T23:56:57,faixa 1000-1800 mil
https://ce.olx.com.br/fortaleza-e-regiao/imoveis/apartamento-com-3-dormitorios-a-venda-138-m-por-r-1-780-000-00-guararapes-fortaleza-1506242531,olx,fortaleza,Guararapes,,,,1780000.0,138.0,12898.55,3,,"Apartamento com 3 dormitórios à venda, 138 m² por R$ 1.780.000,00 - Guararapes - Fortaleza",,2026-10-02T23:56:59,faixa 1000-1800 mil
https://ce.olx.com.br/fortaleza-e-regiao/imoveis/apartamento-no-imperator-residence-guararapes-fortaleza-1538214540,olx,fortaleza,Guararapes,,,,1780000.0,138.0,12898.55,4,,"Apartamento no Imperator Residence  Guararapes, Fortaleza",,2026-10-02T23:56:57,faixa 1000-1800 mil
https://ce.olx.com.br/fortaleza-e-regiao/imoveis/apartamento-no-trinity-residence-dionisio-torres-fortaleza-1540376133,olx,fortaleza,Dionisio Torres,-3.7462923333333333,-38.500205,centroide_bairro,1487000.0,115.0,12930.43,4,,"Apartamento no Trinity Residence  Dionísio Torres, Fortaleza",,2026-10-02T23:56:56,faixa 1000-1800 mil
https://ce.olx.com.br/fortaleza-e-regiao/imoveis/condominio-imperator-exclusividade-conforto-e-valorizacao-1531712158,olx,fortaleza,Guararapes,,,,1790000.0,138.0,12971.01,3,,"Condomínio Imperator / Exclusividade , Conforto e Valorização.",,2026-10-02T23:56:56,faixa 1000-1800 mil
https://ce.olx.com.br/fortaleza-e-regiao/imoveis/elev-jardins-de-fatima-conforto-exclusividade-e-sofisticacao-no-coracao-da-cidade-1535915834,olx,fortaleza,Benfica,,,,1376000.0,106.0,12981.13,3,,"Elev Jardins de Fátima: Conforto, Exclusividade e Sofisticação no Coração da Cidade",,2026-10-02T23:56:59,faixa 1000-1800 mil
https://ce.olx.com.br/fortaleza-e-regiao/imoveis/apartamento-para-venda-tem-119-metros-quadrados-com-3-quartos-em-meireles-fortaleza-ce-1510424789,olx,fortaleza,Meireles,-3.73122,-38.5027015,centroide_bairro,1545000.0,119.0,12983.19,3,,Apartamento para venda tem 119 metros quadrados com 3 quartos em Meireles - Fortaleza - Ce,,2026-10-02T23:56:56,faixa 1000-1800 mil
https://www.zapimoveis.com.br/imovel/venda-apartamento-3-quartos-com-piscina-aldeota-fortaleza-ce-117m2-id-2915150897/,zapimoveis,fortaleza,Aldeota,-3.735518,-38.507968,exata,1519820.0,117.0,12989.91,3,torre,,,2026-10-02T23:56:54,faixa 1000-1800 mil
https://ce.olx.com.br/fortaleza-e-regiao/imoveis/green-garden-papicu-98-m-3-quartos-mobiliado-torre-sun-1540580826,olx,fortaleza,Papicu,-3.7432309999999998,-38.478452000000004,centroide_bairro,1290000.0,98.0,13163.27,3,,Green Garden Papicu | 98 m² | 3 quartos | Mobiliado | Torre Sun,,2026-10-02T23:56:56,faixa 1000-1800 mil
https://ce.olx.com.br/fortaleza-e-regiao/imoveis/edificio-mirador-91-metros-3-quartos-com-varanda-gourmet-lazer-amplo-meireles-1540738787,olx,fortaleza,Meireles,-3.73122,-38.5027015,centroide_bairro,1200000.0,91.0,13186.81,3,,Edifício Mirador - 91 metros - 3 quartos com Varanda Gourmet - Lazer Amplo - Meireles,,2026-10-02T23:56:54,faixa 1000-1800 mil
https://ce.olx.com.br/fortaleza-e-regiao/imoveis/mirador-porteira-fechada-91-metros-3-quartos-2-vagas-paralelas-lazer-amplo-mei-1540738739,olx,fortaleza,Meireles,-3.73122,-38.5027015,centroide_bairro,1200000.0,91.0,13186.81,3,,Mirador - Porteira Fechada - 91 metros - 3 quartos + 2 vagas paralelas - Lazer Amplo - Mei,,2026-10-02T23:56:54,faixa 1000-1800 mil
https://ce.olx.com.br/fortaleza-e-regiao/imoveis/mirador-meireles-91-42m-03-quartos-02-vagas-1424974268,olx,fortaleza,Meireles,-3.73122,-38.5027015,centroide_bairro,1200000.0,91.0,13186.81,3,,"Mirador | Meireles | 91,42m² | 03 quartos | 02 Vagas",,2026-10-02T23:57:00,faixa 1000-1800 mil
https://ce.olx.com.br/fortaleza-e-regiao/imoveis/fantastico-beach-class-112m2-d296-liga-9-8-7-4-8-3-1-0-8-diego9989f-696783723,olx,fortaleza,Praia de Iracema,,,,1480000.0,112.0,13214.29,4,,Fantástico Beach Class 112m2 d296 liga 9 8 7 4 8 3 1 0 8 diego9989f,,2026-10-02T23:56:57,faixa 1000-1800 mil
https://ce.olx.com.br/fortaleza-e-regiao/imoveis/meireles-112m2-nascente-pesquisas-liga-9-8-7-4-8-3-1-0-8-diego9989f-buscamos-para-clientes-696771582,olx,fortaleza,Praia de Iracema,,,,1480000.0,112.0,13214.29,4,,Meireles 112m2 nascente PESQUISAS liga 9 8 7 4 8 3 1 0 8 Diego9989f BUSCAMOS PARA CLIENTES,,2026-10-02T23:56:57,faixa 1000-1800 mil
https://www.zapimoveis.com.br/imovel/venda-apartamento-3-quartos-aldeota-fortaleza-ce-117m2-id-2905634344/,zapimoveis,fortaleza,Aldeota,-3.735518,-38.507968,exata,1550000.0,117.0,13247.86,3,indefinido,,,2026-10-02T23:56:54,faixa 1000-1800 mil
https://ce.olx.com.br/fortaleza-e-regiao/imoveis/more-no-papicu-98m-3qts-lazer-completo-1537863032,olx,fortaleza,Papicu,-3.7432309999999998,-38.478452000000004,centroide_bairro,1299000.0,98.0,13255.1,3,,"More no Papicu, 98m², 3qts, Lazer completo",,2026-10-02T23:56:57,faixa 1000-1800 mil
https://ce.olx.com.br/fortaleza-e-regiao/imoveis/apartamento-no-papicu-prox-shoppin-riomar-98m-1537851982,olx,fortaleza,Papicu,-3.7432309999999998,-38.478452000000004,centroide_bairro,1300000.0,98.0,13265.31,3,,"Apartamento no Papicu, próx. Shoppin RioMar, 98m²",,2026-10-02T23:56:57,faixa 1000-1800 mil
https://ce.olx.com.br/fortaleza-e-regiao/imoveis/apartamento-no-dionisio-torres-fortaleza-1539990273,olx,fortaleza,Dionisio Torres,-3.7462923333333333,-38.500205,centroide_bairro,1300000.0,98.0,13265.31,3,,"Apartamento no Dionísio Torres, Fortaleza",,2026-10-02T23:56:56,faixa 1000-1800 mil
https://ce.olx.com.br/fortaleza-e-regiao/imoveis/elev-jardins-de-fatima-conforto-exclusividade-e-sofisticacao-no-coracao-da-cidade-1535915840,olx,fortaleza,Benfica,,,,1473664.0,111.0,13276.25,3,,"Elev Jardins de Fátima: Conforto, Exclusividade e Sofisticação no Coração da Cidade",,2026-10-02T23:56:59,faixa 1000-1800 mil
https://www.zapimoveis.com.br/imovel/venda-apartamento-3-quartos-com-piscina-dionisio-torres-fortaleza-ce-84m2-id-2780107348/,zapimoveis,fortaleza,Dionisio Torres,-3.749283,-38.498006,exata,1117000.0,84.0,13297.62,3,torre,,,2026-10-02T23:56:53,faixa 1000-1800 mil
https://ce.olx.com.br/fortaleza-e-regiao/imoveis/apartamento-a-venda-na-melhor-localizacao-do-bairro-de-fatima-1534062130,olx,fortaleza,Fátima,,,,1650000.0,124.0,13306.45,3,,Apartamento à venda na melhor localização do Bairro de Fátima,,2026-10-02T23:57:00,faixa 1000-1800 mil
https://www.zapimoveis.com.br/imovel/venda-apartamento-3-quartos-com-academia-aldeota-fortaleza-ce-134m2-id-2825588329/,zapimoveis,fortaleza,Aldeota,-3.741141,-38.502884,exata,1783351.0,134.0,13308.59,3,indefinido,,,2026-10-02T23:56:54,faixa 1000-1800 mil
https://ce.olx.com.br/fortaleza-e-regiao/imoveis/excelente-oportunidade-na-aldeota-1535791623,olx,fortaleza,Aldeota,-3.7389544285714287,-38.50379842857143,centroide_bairro,1600000.0,120.0,13333.33,3,,EXCELENTE OPORTUNIDADE NA ALDEOTA,,2026-10-02T23:56:59,faixa 1000-1800 mil
https://ce.olx.com.br/fortaleza-e-regiao/imoveis/imovel-para-venda-com-120-metros-quadrados-com-3-quartos-em-aldeota-fortaleza-ce-1539969275,olx,fortaleza,Aldeota,-3.7389544285714287,-38.50379842857143,centroide_bairro,1600000.0,120.0,13333.33,3,,Imóvel para venda com 120 metros quadrados com 3 quartos em Aldeota - Fortaleza - CE,,2026-10-02T23:56:56,faixa 1000-1800 mil
https://ce.olx.com.br/fortaleza-e-regiao/imoveis/apartamento-de-120m-no-meireles-com-3-quartos-e-3-vagas-1539544131,olx,fortaleza,Aldeota,-3.7389544285714287,-38.50379842857143,centroide_bairro,1600000.0,120.0,13333.33,3,,"Apartamento de 120m² no Meireles, com 3 quartos e 3 vagas.",,2026-10-02T23:56:57,faixa 1000-1800 mil
https://ce.olx.com.br/fortaleza-e-regiao/imoveis/apartamento-com-3-dormitorios-a-venda-115-m-por-r-1-550-000-dionisio-torres-fortale-1540116726,olx,fortaleza,Dionisio Torres,-3.7462923333333333,-38.500205,centroide_bairro,1550000.0,116.0,13362.07,3,,"Apartamento com 3 dormitórios à venda, 115 m² por R$ 1.550.000 - Dionisio Torres - Fortale",,2026-10-02T23:56:56,faixa 1000-1800 mil
https://ce.olx.com.br/fortaleza-e-regiao/imoveis/green-garden-mobiliado-andar-alto-unidade-de-particular-97m-3-suites-lazer-1540710404,olx,fortaleza,Papicu,-3.7432309999999998,-38.478452000000004,centroide_bairro,1300000.0,97.0,13402.06,3,,Green Garden - Mobiliado - Andar Alto - Unidade de Particular - 97m² - 3 suítes - Lazer -,,2026-10-02T23:56:54,faixa 1000-1800 mil
https://ce.olx.com.br/fortaleza-e-regiao/imoveis/imovel-para-venda-com-111-metros-quadrados-com-3-quartos-em-coco-fortaleza-ce-1535492937,olx,fortaleza,Cocó,-3.7470525714285716,-38.473989,centroide_bairro,1490000.0,111.0,13423.42,3,,Imóvel para venda com 111 metros quadrados com 3 quartos em Cocó - Fortaleza - CE,,2026-10-02T23:56:59,faixa 1000-1800 mil
https://ce.olx.com.br/fortaleza-e-regiao/imoveis/imovel-para-venda-com-119-metros-quadrados-com-2-quartos-em-meireles-fortaleza-ce-1533623912,olx,fortaleza,Meireles,-3.73122,-38.5027015,centroide_bairro,1600000.0,119.0,13445.38,2,,Imóvel para venda com 119 metros quadrados com 2 quartos em Meireles - Fortaleza - CE,,2026-10-02T23:57:00,faixa 1000-1800 mil
https://ce.olx.com.br/fortaleza-e-regiao/imoveis/elev-jardins-de-fatima-conforto-exclusividade-e-sofisticacao-no-coracao-da-cidade-1535915702,olx,fortaleza,Benfica,,,,1400000.0,104.0,13461.54,3,,"Elev Jardins de Fátima: Conforto, Exclusividade e Sofisticação no Coração da Cidade",,2026-10-02T23:56:59,faixa 1000-1800 mil
https://ce.olx.com.br/fortaleza-e-regiao/imoveis/apartamento-mobiliado-a-venda-dunas-1502114997,olx,fortaleza,De Lourdes,,,,1350000.0,100.0,13500.0,3,,Apartamento Mobiliado à Venda | Dunas,,2026-10-02T23:56:54,faixa 1000-1800 mil
https://ce.olx.com.br/fortaleza-e-regiao/imoveis/apartamento-a-venda-no-condominio-via-pia-1498143910,olx,fortaleza,Fátima,,,,1650000.0,122.0,13524.59,3,,Apartamento à venda no condomínio Via Àpia,,2026-10-02T23:56:58,faixa 1000-1800 mil
https://ce.olx.com.br/fortaleza-e-regiao/imoveis/imovel-para-venda-com-122-metros-quadrados-com-3-quartos-em-aldeota-fortaleza-ce-1534664807,olx,fortaleza,Aldeota,-3.7389544285714287,-38.50379842857143,centroide_bairro,1650000.0,122.0,13524.59,3,,Imóvel para venda com 122 metros quadrados com 3 quartos em Aldeota - Fortaleza - CE,,2026-10-02T23:56:59,faixa 1000-1800 mil
https://ce.olx.com.br/fortaleza-e-regiao/imoveis/apartamento-no-ed-prime-meireles-com-3-dormitorios-a-venda-118-m-por-r-1-600-000-meir-1514571252,olx,fortaleza,Meireles,-3.73122,-38.5027015,centroide_bairro,1600000.0,118.0,13559.32,3,,"Apartamento no ed.Prime Meireles com 3 dormitórios à venda, 118 m² por R$ 1.600.000 - Meir",,2026-10-02T23:56:57,faixa 1000-1800 mil
https://ce.olx.com.br/fortaleza-e-regiao/imoveis/apartamento-no-soul-residence-coco-fortaleza-1539990125,olx,fortaleza,Cocó,-3.7470525714285716,-38.473989,centroide_bairro,1100000.0,81.0,13580.25,3,,"Apartamento no Soul Residence  Cocó, Fortaleza",,2026-10-02T23:56:56,faixa 1000-1800 mil
https://ce.olx.com.br/fortaleza-e-regiao/imoveis/more-na-aldeota-117m-lazer-completo-1539589962,olx,fortaleza,Aldeota,-3.7389544285714287,-38.50379842857143,centroide_bairro,1590000.0,117.0,13589.74,3,,"More na Aldeota, 117m², Lazer completo",,2026-10-02T23:56:57,faixa 1000-1800 mil
https://ce.olx.com.br/fortaleza-e-regiao/imoveis/apartamento-no-condominium-jardim-europa-aldeota-fortaleza-1538213811,olx,fortaleza,Aldeota,-3.7389544285714287,-38.50379842857143,centroide_bairro,1590000.0,117.0,13589.74,3,,"Apartamento no Condominium Jardim Europa  Aldeota, Fortaleza",,2026-10-02T23:56:57,faixa 1000-1800 mil
https://ce.olx.com.br/fortaleza-e-regiao/imoveis/morar-no-consonata-e-ter-fortaleza-ao-seu-redor-1538987484,olx,fortaleza,Meireles,-3.73122,-38.5027015,centroide_bairro,1350000.0,99.0,13636.36,3,,MORAR NO CONSONATA É TER FORTALEZA AO SEU REDOR.,,2026-10-02T23:56:57,faixa 1000-1800 mil
https://ce.olx.com.br/fortaleza-e-regiao/imoveis/apartamento-no-aldeota-fortaleza-1538214180,olx,fortaleza,Aldeota,-3.7389544285714287,-38.50379842857143,centroide_bairro,1650000.0,121.0,13636.36,3,,"Apartamento no Aldeota, Fortaleza",,2026-10-02T23:56:57,faixa 1000-1800 mil
https://ce.olx.com.br/fortaleza-e-regiao/imoveis/apartamento-com-3-dormitorios-a-venda-121-m-por-r-1-650-000-00-meireles-fortaleza-c-1539236789,olx,fortaleza,Meireles,-3.73122,-38.5027015,centroide_bairro,1650000.0,121.0,13636.36,3,,"Apartamento com 3 dormitórios à venda, 121 m² por R$ 1.650.000,00 - Meireles - Fortaleza/C",,2026-10-02T23:56:57,faixa 1000-1800 mil
https://ce.olx.com.br/fortaleza-e-regiao/imoveis/apartamento-com-3-dormitorios-a-venda-121-m-por-r-1-650-000-00-meireles-fortaleza-c-1536888595,olx,fortaleza,Meireles,-3.73122,-38.5027015,centroide_bairro,1650000.0,121.0,13636.36,3,,"Apartamento com 3 dormitórios à venda, 121 m² por R$ 1.650.000,00 - Meireles - Fortaleza/C",,2026-10-02T23:56:59,faixa 1000-1800 mil
https://ce.olx.com.br/fortaleza-e-regiao/imoveis/apartamento-venda-no-coco-com-3-quartos-2-suites-andar-alto-e-lazer-total-1538460577,olx,fortaleza,Cocó,-3.7470525714285716,-38.473989,centroide_bairro,1300000.0,95.0,13684.21,3,,"APARTAMENTO À VENDA NO COCÓ, COM 3 QUARTOS, 2 SUÍTES, ANDAR ALTO E LAZER TOTAL",,2026-10-02T23:56:57,faixa 1000-1800 mil
https://ce.olx.com.br/fortaleza-e-regiao/imoveis/belas-artes-porteira-fechada-andar-alto-95-metros-3-quartos-lazer-completo-ald-1534410989,olx,fortaleza,Aldeota,-3.7389544285714287,-38.50379842857143,centroide_bairro,1300000.0,95.0,13684.21,3,,Belas Artes - Porteira Fechada - Andar Alto - 95 metros - 3 quartos - Lazer Completo - Ald,,2026-10-02T23:57:00,faixa 1000-1800 mil
https://ce.olx.com.br/fortaleza-e-regiao/imoveis/tribeca-andar-alto-unidade-de-particular-nascente-119-metros-3-suites-lazer-1534426235,olx,fortaleza,Aldeota,-3.7389544285714287,-38.50379842857143,centroide_bairro,1630000.0,119.0,13697.48,3,,Tribeca - Andar Alto - Unidade de Particular - Nascente - 119 metros - 3 suítes - Lazer -,,2026-10-02T23:56:59,faixa 1000-1800 mil
https://ce.olx.com.br/fortaleza-e-regiao/imoveis/tribeca-na-aldeota-119m-nascente-novo-e-nunca-habitado-2-vagas-1538320364,olx,fortaleza,Meireles,-3.73122,-38.5027015,centroide_bairro,1640000.0,119.0,13781.51,3,,Tribeca na Aldeota | 119m² | Nascente | Novo e Nunca Habitado | 2 Vagas,,2026-10-02T23:56:57,faixa 1000-1800 mil
https://ce.olx.com.br/fortaleza-e-regiao/imoveis/apartamento-com-3-dormitorios-a-venda-119-m-por-r-1-650-000-00-meireles-fortaleza-c-1481457567,olx,fortaleza,Meireles,-3.73122,-38.5027015,centroide_bairro,1650000.0,119.0,13865.55,3,,"Apartamento com 3 dormitórios à venda, 119 m² por R$ 1.650.000,00 - Meireles - Fortaleza/C",,2026-10-02T23:56:57,faixa 1000-1800 mil
https://ce.olx.com.br/fortaleza-e-regiao/imoveis/apartamento-com-3-dormitorios-a-venda-119-m-por-r-1-650-000-00-meireles-fortaleza-c-1486465035,olx,fortaleza,Meireles,-3.73122,-38.5027015,centroide_bairro,1650000.0,119.0,13865.55,3,,"Apartamento com 3 dormitórios à venda, 119 m² por R$ 1.650.000,00 - Meireles - Fortaleza/C",,2026-10-02T23:56:59,faixa 1000-1800 mil
https://ce.olx.com.br/fortaleza-e-regiao/imoveis/apartamento-com-3-dormitorios-a-venda-115-m-por-r-1-619-761-dionisio-torres-fortale-1533415166,olx,fortaleza,Dionisio Torres,-3.7462923333333333,-38.500205,centroide_bairro,1619761.0,116.0,13963.46,3,,"Apartamento com 3 dormitórios à venda, 115 m² por R$ 1.619.761 - Dionisio Torres - Fortale",,2026-10-02T23:57:00,faixa 1000-1800 mil
https://ce.olx.com.br/fortaleza-e-regiao/imoveis/lindo-apartamento-a-venda-com-3-suites-na-aldeota-1533579062,olx,fortaleza,Aldeota,-3.7389544285714287,-38.50379842857143,centroide_bairro,1680000.0,120.0,14000.0,3,,Lindo Apartamento a venda com 3 suítes na Aldeota,,2026-10-02T23:57:00,faixa 1000-1800 mil
https://ce.olx.com.br/fortaleza-e-regiao/imoveis/vendo-apartamento-nascente-com-120m-3-suites-3-vagas-no-bairro-aldeota-1540966726,olx,fortaleza,Aldeota,-3.7389544285714287,-38.50379842857143,centroide_bairro,1690000.0,120.0,14083.33,3,,"VENDO APARTAMENTO NASCENTE, COM 120m², 3 SUÍTES, 3 VAGAS, NO BAIRRO ALDEOTA",,2026-10-02T23:56:54,faixa 1000-1800 mil
https://ce.olx.com.br/fortaleza-e-regiao/imoveis/imovel-para-venda-possui-120-metros-quadrados-com-3-quartos-em-aldeota-fortaleza-ce-1540177193,olx,fortaleza,Aldeota,-3.7389544285714287,-38.50379842857143,centroide_bairro,1690000.0,120.0,14083.33,3,,Imóvel para venda possui 120 metros quadrados com 3 quartos em Aldeota - Fortaleza - CE,,2026-10-02T23:56:56,faixa 1000-1800 mil
https://ce.olx.com.br/fortaleza-e-regiao/imoveis/more-na-aldeota-120m-3-suites-lazer-completo-1540061443,olx,fortaleza,Aldeota,-3.7389544285714287,-38.50379842857143,centroide_bairro,1690000.0,120.0,14083.33,3,,"More na Aldeota, 120m², 3 suites, Lazer completo",,2026-10-02T23:56:56,faixa 1000-1800 mil
https://ce.olx.com.br/fortaleza-e-regiao/imoveis/vendo-apartamento-nascente-com-120m-3-suites-3-vagas-no-bairro-aldeota-1539602769,olx,fortaleza,Aldeota,-3.7389544285714287,-38.50379842857143,centroide_bairro,1690000.0,120.0,14083.33,3,,"VENDO APARTAMENTO NASCENTE, COM 120m², 3 SUÍTES, 3 VAGAS, NO BAIRRO ALDEOTA",,2026-10-02T23:56:57,faixa 1000-1800 mil
https://ce.olx.com.br/fortaleza-e-regiao/imoveis/vendo-apartamento-nascente-com-120m-3-suites-3-vagas-no-bairro-aldeota-1538763674,olx,fortaleza,Aldeota,-3.7389544285714287,-38.50379842857143,centroide_bairro,1690000.0,120.0,14083.33,3,,"VENDO APARTAMENTO NASCENTE, COM 120m², 3 SUÍTES, 3 VAGAS, NO BAIRRO ALDEOTA",,2026-10-02T23:56:57,faixa 1000-1800 mil
https://ce.olx.com.br/fortaleza-e-regiao/imoveis/vendo-apartamento-nascente-com-120m-3-suites-3-vagas-no-bairro-aldeota-1538448688,olx,fortaleza,Aldeota,-3.7389544285714287,-38.50379842857143,centroide_bairro,1690000.0,120.0,14083.33,3,,"VENDO APARTAMENTO NASCENTE, COM 120m², 3 SUÍTES, 3 VAGAS, NO BAIRRO ALDEOTA",,2026-10-02T23:56:57,faixa 1000-1800 mil
https://ce.olx.com.br/fortaleza-e-regiao/imoveis/vendo-apartamento-nascente-com-120m-3-suites-3-vagas-no-bairro-aldeota-1537684559,olx,fortaleza,Aldeota,-3.7389544285714287,-38.50379842857143,centroide_bairro,1690000.0,120.0,14083.33,3,,"VENDO APARTAMENTO NASCENTE, COM 120m², 3 SUÍTES, 3 VAGAS, NO BAIRRO ALDEOTA",,2026-10-02T23:56:57,faixa 1000-1800 mil
https://ce.olx.com.br/fortaleza-e-regiao/imoveis/vendo-apartamento-nascente-com-120m-3-suites-3-vagas-no-bairro-aldeota-1536909727,olx,fortaleza,Aldeota,-3.7389544285714287,-38.50379842857143,centroide_bairro,1690000.0,120.0,14083.33,3,,"VENDO APARTAMENTO NASCENTE, COM 120m², 3 SUÍTES, 3 VAGAS, NO BAIRRO ALDEOTA",,2026-10-02T23:56:59,faixa 1000-1800 mil
https://ce.olx.com.br/fortaleza-e-regiao/imoveis/vendo-apartamento-nascente-com-120m-3-suites-3-vagas-no-bairro-aldeota-1535802079,olx,fortaleza,Aldeota,-3.7389544285714287,-38.50379842857143,centroide_bairro,1690000.0,120.0,14083.33,3,,"VENDO APARTAMENTO NASCENTE, COM 120m², 3 SUÍTES, 3 VAGAS, NO BAIRRO ALDEOTA",,2026-10-02T23:56:59,faixa 1000-1800 mil
https://ce.olx.com.br/fortaleza-e-regiao/imoveis/lina-condominium-aldeota-120m-03-suites-03-vagas-1538985824,olx,fortaleza,Aldeota,-3.7389544285714287,-38.50379842857143,centroide_bairro,1690000.0,120.0,14083.33,3,,Lina Condominium | Aldeota | 120m² | 03 Suítes | 03 Vagas,,2026-10-02T23:56:57,faixa 1000-1800 mil
https://ce.olx.com.br/fortaleza-e-regiao/imoveis/apartamento-com-3-quartos-a-venda-98-m-por-r-1-385-000-aldeota-fortaleza-ce-1538535877,olx,fortaleza,Aldeota,-3.7389544285714287,-38.50379842857143,centroide_bairro,1385000.0,98.0,14132.65,3,,"Apartamento com 3 quartos à venda, 98 m² por R$ 1.385.000 - Aldeota - Fortaleza/CE",,2026-10-02T23:56:57,faixa 1000-1800 mil
https://ce.olx.com.br/fortaleza-e-regiao/imoveis/apartamento-com-3-dormitorios-a-venda-112-m-por-r-1-600-000-00-aldeota-fortaleza-ce-1364107446,olx,fortaleza,Aldeota,-3.7389544285714287,-38.50379842857143,centroide_bairro,1600000.0,113.0,14159.29,3,,"Apartamento com 3 dormitórios à venda, 112 m² por R$ 1.600.000,00 - Aldeota - Fortaleza/CE",,2026-10-02T23:56:54,faixa 1000-1800 mil
https://ce.olx.com.br/fortaleza-e-regiao/imoveis/03-suites-01-quarteirao-da-beira-mar-vista-mar-projetado-1507040620,olx,fortaleza,Meireles,-3.73122,-38.5027015,centroide_bairro,1390000.0,98.0,14183.67,3,,03 suítes | 01 quarteirão da Beira-Mar | Vista mar | Projetado,,2026-10-02T23:56:54,faixa 1000-1800 mil
https://ce.olx.com.br/fortaleza-e-regiao/imoveis/platz-105m-projetado-dronal-p-liga-9-87-48-31-08-diego9989f-vilebaldo-aguiar-2225-coco-1523214764,olx,fortaleza,Cocó,-3.7470525714285716,-38.473989,centroide_bairro,1490001.0,105.0,14190.49,4,,"Platz 105m projetado dronal_p. Liga 9 87 48 31 08 Diego9989F Vilebaldo Aguiar, 2225 Cocó-_",,2026-10-02T23:56:54,faixa 1000-1800 mil
https://ce.olx.com.br/fortaleza-e-regiao/imoveis/orion-fontenele-parquelandia-liga-9-87-48-31-08-diego9989f-dronald-1523212085,olx,fortaleza,Parquelândia,,,,1490001.0,105.0,14190.49,2,,Orion Fontenele Parquelândia liga 9 87 48 31 08 Diego9989F dronald,,2026-10-02T23:56:54,faixa 1000-1800 mil
https://ce.olx.com.br/fortaleza-e-regiao/imoveis/apartamento-com-3-dormitorios-a-venda-87-m-por-r-1-250-000-00-meireles-fortaleza-ce-1471262720,olx,fortaleza,Meireles,-3.73122,-38.5027015,centroide_bairro,1250000.0,88.0,14204.55,3,,"Apartamento com 3 dormitórios à venda, 87 m² por R$ 1.250.000,00 - Meireles - Fortaleza/CE",,2026-10-02T23:56:56,faixa 1000-1800 mil
https://ce.olx.com.br/fortaleza-e-regiao/imoveis/platz-coco-apartamento-2-suites-a-venda-105-m-por-r-1-499-000-coco-fortaleza-ce-1535558833,olx,fortaleza,Cocó,-3.7470525714285716,-38.473989,centroide_bairro,1499000.0,105.0,14276.19,2,,"Platz Cocó | Apartamento 2 suítes à venda, 105 m² por R$ 1.499.000 - Cocó - Fortaleza/CE",,2026-10-02T23:56:59,faixa 1000-1800 mil
https://ce.olx.com.br/fortaleza-e-regiao/imoveis/apto-com-tres-suites-salinas-84m-1383904104,olx,fortaleza,Salinas,,,,1200000.0,84.0,14285.71,3,,Apto com três suítes - Salinas  -84m²,,2026-10-02T23:56:59,faixa 1000-1800 mil
https://ce.olx.com.br/fortaleza-e-regiao/imoveis/apartamento-com-3-quartos-a-venda-72-m-por-r-1-035-000-meireles-fortaleza-ce-1538693392,olx,fortaleza,Meireles,-3.73122,-38.5027015,centroide_bairro,1035000.0,72.0,14375.0,3,,"Apartamento com 3 quartos à venda, 72 m² por R$ 1.035.000 - Meireles - Fortaleza/CE",,2026-10-02T23:56:57,faixa 1000-1800 mil
https://ce.olx.com.br/fortaleza-e-regiao/imoveis/apartamento-de-104m-no-coco-com-2-suites-2-vagas-e-vista-para-o-parque-do-coco-1539588182,olx,fortaleza,Cocó,-3.7470525714285716,-38.473989,centroide_bairro,1500000.0,104.0,14423.08,2,,"Apartamento de 104m² no Cocó, com 2 suítes, 2 vagas e vista para o parque do Cocó.",,2026-10-02T23:56:57,faixa 1000-1800 mil
https://ce.olx.com.br/fortaleza-e-regiao/imoveis/apartamento-belissimo-com-vista-para-o-parque-do-coco-com-104m2-1537499811,olx,fortaleza,Cocó,-3.7470525714285716,-38.473989,centroide_bairro,1500000.0,104.0,14423.08,2,,Apartamento belissímo com vista para o parque do Cocó com 104m2,,2026-10-02T23:56:58,faixa 1000-1800 mil
https://ce.olx.com.br/fortaleza-e-regiao/imoveis/ac-mirador-1490050907,olx,fortaleza,Meireles,-3.73122,-38.5027015,centroide_bairro,1280000.0,88.0,14545.45,3,,AC MIRADOR,,2026-10-02T23:56:59,faixa 1000-1800 mil
https://ce.olx.com.br/fortaleza-e-regiao/imoveis/apartamento-com-3-dormitorios-a-venda-119-m-por-r-1-734-219-10-aldeota-fortaleza-ce-1459023332,olx,fortaleza,Meireles,-3.73122,-38.5027015,centroide_bairro,1734219.0,119.0,14573.27,3,,"Apartamento com 3 dormitórios à venda, 119 m² por R$ 1.734.219,10 - Aldeota - Fortaleza/CE",,2026-10-02T23:56:54,faixa 1000-1800 mil
https://www.zapimoveis.com.br/imovel/venda-apartamento-3-quartos-com-lavabo-coco-fortaleza-ce-122m2-id-2839242819/,zapimoveis,fortaleza,Cocó,-3.744,-38.477,aproximada_portal,1788182.0,122.0,14657.23,3,indefinido,,,2026-10-02T23:56:53,faixa 1000-1800 mil
https://ce.olx.com.br/fortaleza-e-regiao/imoveis/apartamento-alto-padrao-no-coco-cod0307-1434439877,olx,fortaleza,Cocó,-3.7470525714285716,-38.473989,centroide_bairro,1436481.0,98.0,14657.97,3,,Apartamento Alto Padrão no Cocó (Cod0307),,2026-10-02T23:57:00,faixa 1000-1800 mil
https://www.zapimoveis.com.br/imovel/venda-apartamento-3-quartos-mobiliado-meireles-fortaleza-ce-81m2-id-2893873297/,zapimoveis,fortaleza,Meireles,-3.726963,-38.500573,exata,1190000.0,81.0,14691.36,3,torre,,,2026-10-02T23:56:54,faixa 1000-1800 mil
https://ce.olx.com.br/fortaleza-e-regiao/imoveis/granvista-coco-1513371180,olx,fortaleza,Cocó,-3.7470525714285716,-38.473989,centroide_bairro,1370000.0,93.0,14731.18,3,,GRANVISTA COCÓ,,2026-10-02T23:56:56,faixa 1000-1800 mil
https://ce.olx.com.br/fortaleza-e-regiao/imoveis/apartamento-a-venda-no-bairro-dionisio-torres-fortaleza-ce-1540722665,olx,fortaleza,Dionisio Torres,-3.7462923333333333,-38.500205,centroide_bairro,1700000.0,115.0,14782.61,3,,Apartamento à Venda no bairro Dionisio Torres - Fortaleza/CE,,2026-10-02T23:56:54,faixa 1000-1800 mil
https://ce.olx.com.br/fortaleza-e-regiao/imoveis/apartamento-a-venda-no-bairro-mucuripe-condominio-mirus-living-1539779979,olx,fortaleza,Varjota,,,,1273139.0,86.0,14803.94,2,,Apartamento à venda no bairro Mucuripe | Condomínio Mirus Living.,,2026-10-02T23:56:56,faixa 1000-1800 mil
https://ce.olx.com.br/fortaleza-e-regiao/imoveis/apto-com-tres-suites-no-meireles--101m-1452394035,olx,fortaleza,Meireles,-3.73122,-38.5027015,centroide_bairro,1501600.0,101.0,14867.33,3,,Apto com três suítes no Meireles   - 101m²,,2026-10-02T23:56:59,faixa 1000-1800 mil
https://ce.olx.com.br/fortaleza-e-regiao/imoveis/more-na-aldeota-70m-3qts-andar-alto-1538194572,olx,fortaleza,Aldeota,-3.7389544285714287,-38.50379842857143,centroide_bairro,1050000.0,70.0,15000.0,3,,"More na Aldeota, 70m², 3qts - Andar alto",,2026-10-02T23:56:57,faixa 1000-1800 mil
https://ce.olx.com.br/fortaleza-e-regiao/imoveis/apartamento-com-3-quartos-a-venda-119-m-por-r-1-788-000-aldeota-fortaleza-ce-1538535442,olx,fortaleza,Aldeota,-3.7389544285714287,-38.50379842857143,centroide_bairro,1788000.0,119.0,15025.21,3,,"Apartamento com 3 quartos à venda, 119 m² por R$ 1.788.000 - Aldeota - Fortaleza/CE",,2026-10-02T23:56:57,faixa 1000-1800 mil
https://ce.olx.com.br/fortaleza-e-regiao/imoveis/trend-living-apartamento-com-3-quartos-sendo-2-suites-a-venda-90-86m-com-2-vagas-de-g-1536782839,olx,fortaleza,Aldeota,-3.7389544285714287,-38.50379842857143,centroide_bairro,1369712.0,91.0,15051.78,3,,"Trend Living, apartamento com 3 quartos, sendo 2 suítes à venda, 90,86m², com 2 vagas de g",,2026-10-02T23:56:59,faixa 1000-1800 mil
https://ce.olx.com.br/fortaleza-e-regiao/imoveis/apartamento-com-3-dormitorios-a-venda-78-m-por-r-1-194-000-aldeota-fortaleza-ce-1535221327,olx,fortaleza,Aldeota,-3.7389544285714287,-38.50379842857143,centroide_bairro,1194000.0,79.0,15113.92,3,,"Apartamento com 3 dormitórios à venda, 78 m² por R$ 1.194.000 - Aldeota - Fortaleza/CE",,2026-10-02T23:56:59,faixa 1000-1800 mil
https://ce.olx.com.br/fortaleza-e-regiao/imoveis/iluminato-porteira-fechada-andar-alto-apto-118m2-3-suites-e-2-vagas-dionisio-torre-1536748394,olx,fortaleza,Dionisio Torres,-3.7462923333333333,-38.500205,centroide_bairro,1790000.0,118.0,15169.49,3,,ILUMINATO - PORTEIRA FECHADA - Andar Alto - Apto 118m2 (3 suítes e 2 vagas) Dionísio Torre,,2026-10-02T23:56:59,faixa 1000-1800 mil
https://ce.olx.com.br/fortaleza-e-regiao/imoveis/apartamento-a-venda-95-m-por-r-1-447-689-17-aldeota-fortaleza-ce-1459313017,olx,fortaleza,Meireles,-3.73122,-38.5027015,centroide_bairro,1447689.0,95.0,15238.83,3,,"Apartamento à venda, 95 m² por R$ 1.447.689,17 - Aldeota - Fortaleza/CE",,2026-10-02T23:56:54,faixa 1000-1800 mil
https://ce.olx.com.br/fortaleza-e-regiao/imoveis/apartamento-com-3-quartos-a-venda-115-m-por-r-1-755-000-dionisio-torres-fortaleza-c-1538982113,olx,fortaleza,Dionisio Torres,-3.7462923333333333,-38.500205,centroide_bairro,1755000.0,115.0,15260.87,3,,"Apartamento com 3 quartos à venda, 115 m² por R$ 1.755.000 - Dionisio Torres - Fortaleza/C",,2026-10-02T23:56:57,faixa 1000-1800 mil
https://ce.olx.com.br/fortaleza-e-regiao/imoveis/signa-meireles-apartamento-com-3-dormitorios-a-venda-101-m-por-r-1-560-000-meireles-1539009660,olx,fortaleza,Meireles,-3.73122,-38.5027015,centroide_bairro,1560000.0,102.0,15294.12,3,,"Signa Meireles, apartamento com 3 dormitórios à venda, 101 m² por R$ 1.560.000 - Meireles",,2026-10-02T23:56:57,faixa 1000-1800 mil
https://ce.olx.com.br/fortaleza-e-regiao/imoveis/exclusivo-apartamento-duplex-com-vista-mar-sofisticacao-espaco-e-localizacao-premium-1535915520,olx,fortaleza,Centro,,,,1645000.0,107.0,15373.83,3,,"Exclusivo Apartamento Duplex com Vista Mar - Sofisticação, Espaço e Localização Premium!",,2026-10-02T23:56:59,faixa 1000-1800 mil
https://ce.olx.com.br/fortaleza-e-regiao/imoveis/imovel-para-venda-com-77-metros-quadrados-com-3-quartos-em-mucuripe-fortaleza-ce-1540567059,olx,fortaleza,Mucuripe,-3.7257865,-38.487970000000004,centroide_bairro,1200000.0,77.0,15584.42,3,,Imóvel para venda com 77 metros quadrados com 3 quartos em Mucuripe - Fortaleza - CE,,2026-10-02T23:56:56,faixa 1000-1800 mil
https://www.zapimoveis.com.br/imovel/venda-apartamento-3-quartos-aldeota-fortaleza-ce-95m2-id-2914872341/,zapimoveis,fortaleza,Aldeota,-3.746706,-38.494132,exata,1482366.0,95.0,15603.85,3,indefinido,,,2026-10-02T23:56:54,faixa 1000-1800 mil
https://ce.olx.com.br/fortaleza-e-regiao/imoveis/apartamento-de-80m-no-meireles-com-3-suites-e-2-vagas-1540564151,olx,fortaleza,Meireles,-3.73122,-38.5027015,centroide_bairro,1260000.0,80.0,15750.0,3,,Apartamento de 80m² no Meireles com 3 suítes e 2 vagas.,,2026-10-02T23:56:56,faixa 1000-1800 mil
https://www.zapimoveis.com.br/imovel/venda-apartamento-3-quartos-com-piscina-aldeota-fortaleza-ce-113m2-id-2875623185/,zapimoveis,fortaleza,Aldeota,-3.735518,-38.507968,exata,1800000.0,113.0,15929.2,3,torre,,,2026-10-02T23:56:53,faixa 1000-1800 mil
https://ce.olx.com.br/fortaleza-e-regiao/imoveis/apartamento-com-03-quartos-a-venda-no-bairro-coco-condominio-granvista-coco-1539779959,olx,fortaleza,Dionisio Torres,-3.7462923333333333,-38.500205,centroide_bairro,1482815.0,93.0,15944.25,3,,Apartamento com 03 quartos à venda no bairro Cocó | Condomínio Granvista Cocó.,,2026-10-02T23:56:56,faixa 1000-1800 mil
https://ce.olx.com.br/fortaleza-e-regiao/imoveis/apto-a-2-quadras-da-beira-mar-3-quartos-porteira-fechada-1536863775,olx,fortaleza,Meireles,-3.73122,-38.5027015,centroide_bairro,1550000.0,96.0,16145.83,3,,"Apto a 2 quadras da beira mar, 3 quartos, porteira fechada",,2026-10-02T23:56:59,faixa 1000-1800 mil
https://ce.olx.com.br/fortaleza-e-regiao/imoveis/signa-meireles-apartamento-com-3-dormitorios-a-venda-108-m-por-r-1-750-000-meireles-1540161461,olx,fortaleza,Meireles,-3.73122,-38.5027015,centroide_bairro,1750000.0,108.0,16203.7,3,,"Signa Meireles, apartamento com 3 dormitórios à venda, 108 m² por R$ 1.750.000 - Meireles",,2026-10-02T23:56:56,faixa 1000-1800 mil
https://ce.olx.com.br/fortaleza-e-regiao/imoveis/alto-padrao-na-aldeota-95m-projetado-com-varanda-gourmet-e-lazer-completo-1538304204,olx,fortaleza,Meireles,-3.73122,-38.5027015,centroide_bairro,1550000.0,95.0,16315.79,3,,"Alto Padrão na Aldeota: 95m², Projetado com Varanda Gourmet e Lazer Completo!",,2026-10-02T23:56:57,faixa 1000-1800 mil
https://ce.olx.com.br/fortaleza-e-regiao/imoveis/apartamento-com-2-dormitorios-a-venda-87-m-por-r-1-450-000-00-meireles-fortaleza-ce-1535564763,olx,fortaleza,Meireles,-3.73122,-38.5027015,centroide_bairro,1450000.0,88.0,16477.27,2,,"Apartamento com 2 dormitórios à venda, 87 m² por R$ 1.450.000,00 - Meireles - Fortaleza/CE",,2026-10-02T23:56:59,faixa 1000-1800 mil
https://ce.olx.com.br/fortaleza-e-regiao/imoveis/apto-com-dois-quartos-sendo-um-suite-no-meireles-70m-1468023353,olx,fortaleza,Meireles,-3.73122,-38.5027015,centroide_bairro,1157000.0,70.0,16528.57,2,,Apto com dois quartos sendo um suíte no Meireles - 70m²,,2026-10-02T23:56:59,faixa 1000-1800 mil
https://ce.olx.com.br/fortaleza-e-regiao/imoveis/mirador-vista-mar-meireles-92m-03-quartos-02-vagas-1537636234,olx,fortaleza,Meireles,-3.73122,-38.5027015,centroide_bairro,1550000.0,92.0,16847.83,3,,Mirador | VISTA MAR |  Meireles | 92m² | 03 Quartos | 02 Vagas,,2026-10-02T23:56:57,faixa 1000-1800 mil
https://ce.olx.com.br/fortaleza-e-regiao/imoveis/mirador-porteira-fechada-andar-alto-91m-3-quartos-2-vagas-paralelas-lazer-m-1540737280,olx,fortaleza,Meireles,-3.73122,-38.5027015,centroide_bairro,1550000.0,91.0,17032.97,3,,Mirador - Porteira Fechada - Andar Alto - 91m² - 3 quartos + 2 vagas paralelas - Lazer - M,,2026-10-02T23:56:54,faixa 1000-1800 mil
https://ce.olx.com.br/fortaleza-e-regiao/imoveis/apartamento-com-3-dormitorios-a-venda-91-m-por-r-1-550-000-meireles-fortaleza-ce-1540453128,olx,fortaleza,Meireles,-3.73122,-38.5027015,centroide_bairro,1550000.0,91.0,17032.97,3,,"Apartamento com 3 dormitórios à venda, 91 m² por R$ 1.550.000 - Meireles - Fortaleza/CE",,2026-10-02T23:56:56,faixa 1000-1800 mil
https://ce.olx.com.br/fortaleza-e-regiao/imoveis/imovel-a-venda-no-meireles-91m-3-quartos-e-2-vagas-porteira-fechada-oportunidade-1539661065,olx,fortaleza,Meireles,-3.73122,-38.5027015,centroide_bairro,1550000.0,91.0,17032.97,3,,Imóvel a Venda no Meireles | 91m² | 3 Quartos e 2 Vagas | PORTEIRA FECHADA | Oportunidade,,2026-10-02T23:56:57,faixa 1000-1800 mil
https://ce.olx.com.br/fortaleza-e-regiao/imoveis/apartamento-a-venda-91-m-por-r-1-550-000-00-meireles-fortaleza-ce-1537702006,olx,fortaleza,Meireles,-3.73122,-38.5027015,centroide_bairro,1550000.0,91.0,17032.97,3,,"Apartamento à venda, 91 m² por R$ 1.550.000,00 - Meireles - Fortaleza/CE",,2026-10-02T23:56:57,faixa 1000-1800 mil
https://ce.olx.com.br/fortaleza-e-regiao/imoveis/mirador-meireles-91-42m-03-quartos-02-vagas-1532299357,olx,fortaleza,Meireles,-3.73122,-38.5027015,centroide_bairro,1550000.0,91.0,17032.97,3,,"Mirador | Meireles | 91,42m² | 03 Quartos | 02 Vagas",,2026-10-02T23:57:00,faixa 1000-1800 mil
https://ce.olx.com.br/fortaleza-e-regiao/imoveis/beach-class-unique-apartamento-com-67m2-2-quartos-e-1-vaga-andar-alto-vista-mar-1540953938,olx,fortaleza,Aldeota,-3.7389544285714287,-38.50379842857143,centroide_bairro,1150000.0,67.0,17164.18,2,,BEACH CLASS UNIQUE - Apartamento com 67m2 (2 quartos e 1 vaga) - Andar Alto - Vista Mar -,,2026-10-02T23:56:54,faixa 1000-1800 mil
https://ce.olx.com.br/fortaleza-e-regiao/imoveis/apartamento-com-2-quartos-a-venda-58-m-por-r-1-007-000-meireles-fortaleza-ce-1540469266,olx,fortaleza,Meireles,-3.73122,-38.5027015,centroide_bairro,1007000.0,58.0,17362.07,2,,"Apartamento com 2 quartos à venda, 58 m² por R$ 1.007.000 - Meireles - Fortaleza/CE",,2026-10-02T23:56:56,faixa 1000-1800 mil
https://www.chavesnamao.com.br/imovel/apartamento-a-venda-3-quartos-com-garagem-ce-fortaleza-aldeota-RS1382000/id-17775499/,chavesnamao,fortaleza,Aldeota,-3.7389544285714287,-38.50379842857143,centroide_bairro,1382000.0,79.0,17493.67,3,,,,2026-10-02T23:56:53,faixa 1000-1800 mil
https://ce.olx.com.br/fortaleza-e-regiao/imoveis/all-barbosa-de-freitas-aldeota-58m-02-quartos-01-vaga-1496509224,olx,fortaleza,Aldeota,-3.7389544285714287,-38.50379842857143,centroide_bairro,1020000.0,58.0,17586.21,2,,ALL Barbosa de Freitas | Aldeota | 58m² | 02 Quartos | 01 Vaga,,2026-10-02T23:57:00,faixa 1000-1800 mil
https://ce.olx.com.br/fortaleza-e-regiao/imoveis/imovel-para-venda-com-56-metros-quadrados-com-2-quartos-em-meireles-fortaleza-ce-1534821939,olx,fortaleza,Meireles,-3.73122,-38.5027015,centroide_bairro,1000000.0,56.0,17857.14,2,,Imóvel para venda com 56 metros quadrados com 2 quartos em Meireles - Fortaleza - CE,,2026-10-02T23:56:59,faixa 1000-1800 mil
https://ce.olx.com.br/fortaleza-e-regiao/imoveis/next-duplex-60-m-meireles-novo-espetacular-1535267793,olx,fortaleza,Aldeota,-3.7389544285714287,-38.50379842857143,centroide_bairro,1096820.0,60.0,18280.33,1,,Next | Duplex 60 m | Meireles | NOVO | Espetacular,,2026-10-02T23:56:59,faixa 1000-1800 mil
https://ce.olx.com.br/fortaleza-e-regiao/imoveis/next-loft-duplex-aldeota-60m-l-01-suite-01-vaga-1535839099,olx,fortaleza,Aldeota,-3.7389544285714287,-38.50379842857143,centroide_bairro,1096821.0,60.0,18280.35,1,,Next | Loft Duplex | Aldeota | 60m² l 01 Suíte | 01 vaga,,2026-10-02T23:56:59,faixa 1000-1800 mil
https://www.zapimoveis.com.br/imovel/venda-apartamento-2-quartos-mobiliado-meireles-fortaleza-ce-69m2-id-2855712025/,zapimoveis,fortaleza,Meireles,-3.722713,-38.508222,exata,1295000.0,69.0,18768.12,2,torre,,,2026-10-02T23:56:53,faixa 1000-1800 mil
https://ce.olx.com.br/fortaleza-e-regiao/imoveis/apartamento-com-3-dormitorios-a-venda-79-m-por-r-1-490-000-00-aldeota-fortaleza-ce-1469685227,olx,fortaleza,Aldeota,-3.7389544285714287,-38.50379842857143,centroide_bairro,1490000.0,79.0,18860.76,3,,"Apartamento com 3 dormitórios à venda, 79 m² por R$ 1.490.000,00 - Aldeota - Fortaleza/CE",,2026-10-02T23:56:57,faixa 1000-1800 mil
https://ce.olx.com.br/fortaleza-e-regiao/imoveis/next-coronel-linhares-unidade-duplex-andar-alto-meireles-fortaleza-ce-1539793596,olx,fortaleza,Meireles,-3.73122,-38.5027015,centroide_bairro,1160000.0,60.0,19333.33,1,,Next Coronel Linhares  Unidade Duplex - Andar Alto  Meireles  Fortaleza  CE,,2026-10-02T23:56:56,faixa 1000-1800 mil
https://ce.olx.com.br/fortaleza-e-regiao/imoveis/apartamento-a-venda-no-bairro-aldeota-condominio-alves-lima-living-1539780182,olx,fortaleza,Aldeota,-3.7389544285714287,-38.50379842857143,centroide_bairro,1164119.0,59.0,19730.83,2,,Apartamento à venda no bairro Aldeota | Condomínio Alves Lima Living,,2026-10-02T23:56:56,faixa 1000-1800 mil
https://ce.olx.com.br/fortaleza-e-regiao/imoveis/apartamento-beira-mar-terracos-do-atlantico-2-quartos-70-45-m-andar-alto-nascen-1539873399,olx,fortaleza,Meireles,-3.73122,-38.5027015,centroide_bairro,1390000.0,70.0,19857.14,2,,"Apartamento Beira Mar | Terraços do Atlântico | 2 Quartos | 70,45 m² | Andar Alto | Nascen",,2026-10-02T23:56:56,faixa 1000-1800 mil
https://ce.olx.com.br/fortaleza-e-regiao/imoveis/firenze-meireles-75m-02-quartos-02-vagas-1535533304,olx,fortaleza,Meireles,-3.73122,-38.5027015,centroide_bairro,1490000.0,75.0,19866.67,2,,Firenze | Meireles | 75m² | 02 Quartos | 02 Vagas,,2026-10-02T23:56:59,faixa 1000-1800 mil
https://ce.olx.com.br/fortaleza-e-regiao/imoveis/apartamento-a-venda-edificio-pier-430-1535915822,olx,fortaleza,Mucuripe,-3.7257865,-38.487970000000004,centroide_bairro,1100000.0,54.0,20370.37,2,,Apartamento à venda | Edifício PIER 430,,2026-10-02T23:56:59,faixa 1000-1800 mil
https://ce.olx.com.br/fortaleza-e-regiao/imoveis/apartamento-moderno-na-aldeota-sofisticacao-localizacao-e-alto-potencial-de-valorizacao-1535915493,olx,fortaleza,Aldeota,-3.7389544285714287,-38.50379842857143,centroide_bairro,1250000.0,60.0,20833.33,2,,"Apartamento Moderno na Aldeota | Sofisticação, Localização e Alto Potencial de Valorização",,2026-10-02T23:56:59,faixa 1000-1800 mil
https://ce.olx.com.br/fortaleza-e-regiao/imoveis/next-apartamento-duplex-com-60m2-1-suite-e-1-vaga-andar-alto-com-moveis-na-aldeota-1537250504,olx,fortaleza,Aldeota,-3.7389544285714287,-38.50379842857143,centroide_bairro,1250000.0,60.0,20833.33,1,,NEXT - Apartamento Duplex com 60m2 (1 suíte e 1 vaga) - Andar Alto com móveis na Aldeota,,2026-10-02T23:56:59,faixa 1000-1800 mil
https://ce.olx.com.br/fortaleza-e-regiao/imoveis/apartamento-novo-com-area-de-lazer-completa-2-quartos-para-venda-no-bs-flower-1533827007,olx,fortaleza,Aldeota,-3.7389544285714287,-38.50379842857143,centroide_bairro,1370000.0,65.0,21076.92,2,,"Apartamento Novo com área de lazer completa, 2 quartos para Venda no Bs Flower",,2026-10-02T23:57:00,faixa 1000-1800 mil
https://ce.olx.com.br/fortaleza-e-regiao/imoveis/apartamento-compacto-a-venda-no-meireles-57m-2-quartos-e-1-vaga-bem-localizado-co-1539959736,olx,fortaleza,Meireles,-3.73122,-38.5027015,centroide_bairro,1300000.0,57.0,22807.02,2,,Apartamento Compacto a Venda no Meireles | 57m² | 2 Quartos e 1 Vaga | Bem Localizado | Co,,2026-10-02T23:56:56,faixa 1000-1800 mil
https://www.chavesnamao.com.br/imovel/apartamento-a-venda-2-quartos-com-garagem-ce-fortaleza-meireles-65m2-RS1490000/id-46221564/,chavesnamao,fortaleza,Meireles,-3.73122,-38.5027015,centroide_bairro,1490000.0,65.0,22923.08,2,,,,2026-10-02T23:56:53,faixa 1000-1800 mil
https://ce.olx.com.br/fortaleza-e-regiao/imoveis/condominio-landscape-1529494754,olx,fortaleza,Mucuripe,-3.7257865,-38.487970000000004,centroide_bairro,1599000.0,67.0,23865.67,2,,Condomínio Landscape,,2026-10-02T23:56:56,faixa 1000-1800 mil
https://ce.olx.com.br/fortaleza-e-regiao/imoveis/landscape-02-quartos-vista-mar-oportunidade-1538002920,olx,fortaleza,Mucuripe,-3.7257865,-38.487970000000004,centroide_bairro,1590000.0,66.0,24090.91,2,,Landscape | 02 quartos | Vista Mar | Oportunidade,,2026-10-02T23:56:57,faixa 1000-1800 mil
https://ce.olx.com.br/fortaleza-e-regiao/imoveis/apartamento-com-vista-para-o-mar-no-meireles-70-m-2-quartos-2-vagas-mobiliado-r-1536515055,olx,fortaleza,Meireles,-3.73122,-38.5027015,centroide_bairro,1700000.0,70.0,24285.71,2,,Apartamento com Vista para o Mar no Meireles  70 m² | 2 Quartos | 2 Vagas | Mobiliado  R$,,2026-10-02T23:56:59,faixa 1000-1800 mil
https://ce.olx.com.br/fortaleza-e-regiao/imoveis/apartamento-no-beach-class-meireles-meireles-fortaleza-1539972715,olx,fortaleza,Meireles,-3.73122,-38.5027015,centroide_bairro,1640000.0,65.0,25230.77,2,,"Apartamento no Beach Class Meireles  Meireles, Fortaleza",,2026-10-02T23:56:56,faixa 1000-1800 mil
https://ce.olx.com.br/fortaleza-e-regiao/imoveis/apartamento-com-5-quartos-a-venda-em-meireles-ce-1530613755,olx,fortaleza,Meireles,-3.726115846153846,-38.50279930769231,centroide_bairro,2700000.0,460.0,5869.57,5,,Apartamento com 5 quartos à venda em Meireles - CE,,2026-10-02T23:57:28,faixa 1800-5000 mil
https://ce.olx.com.br/fortaleza-e-regiao/imoveis/cobertura-duplex-a-venda-no-meireles-330m-5-suites-e-2-vagas-bem-localizado-refor-1540303020,olx,fortaleza,Meireles,-3.726115846153846,-38.50279930769231,centroide_bairro,1950000.0,330.0,5909.09,5,,Cobertura Duplex a Venda no Meireles | 330m² | 5 Suítes e 2 Vagas | Bem Localizado | Refor,,2026-10-02T23:57:24,faixa 1800-5000 mil
https://www.chavesnamao.com.br/imovel/apartamento-a-venda-5-quartos-ce-fortaleza-meireles-388m2-RS2500000/id-43070043/,chavesnamao,fortaleza,Meireles,-3.726115846153846,-38.50279930769231,centroide_bairro,2500000.0,388.0,6443.3,5,,,,2026-10-02T23:57:22,faixa 1800-5000 mil
https://ce.olx.com.br/fortaleza-e-regiao/imoveis/cobertura-no-condominio-edificio-degas-meireles-fortaleza-1538214600,olx,fortaleza,Meireles,-3.726115846153846,-38.50279930769231,centroide_bairro,2200000.0,320.0,6875.0,3,,"Cobertura no Condomínio Edifício Degas  Meireles, Fortaleza",,2026-10-02T23:57:26,faixa 1800-5000 mil
https://ce.olx.com.br/fortaleza-e-regiao/imoveis/oferta-show-309m2-5vagas-liga-9-8-7-4-8-3-1-0-8-diegoo9989f-871660917,olx,fortaleza,Meireles,-3.726115846153846,-38.50279930769231,centroide_bairro,2190000.0,309.0,7087.38,5,,Oferta show 309m2 5vagas liga 9 8 7 4 8 3 1 0 8 Diegoo9989f,,2026-10-02T23:57:26,faixa 1800-5000 mil
https://ce.olx.com.br/fortaleza-e-regiao/imoveis/oferta-show-meireles-309m2-liga-9-8-7-4-8-3-1-0-8-diego9989f-maximum-residence-871660508,olx,fortaleza,Aldeota,-3.735223222222222,-38.501520444444445,centroide_bairro,2190000.0,309.0,7087.38,5,,Oferta show Meireles 309m2 Liga 9 8 7 4 8 3 1 0 8 Diego9989f maximum residence,,2026-10-02T23:57:26,faixa 1800-5000 mil
https://ce.olx.com.br/fortaleza-e-regiao/imoveis/ed-maximum-residence-meiteles-ventilado-liga-9-8-7-4-8-3-1-0-8-diego9989f-871650862,olx,fortaleza,Meireles,-3.726115846153846,-38.50279930769231,centroide_bairro,2190000.0,309.0,7087.38,5,,"Ed Maximum Residence, Meiteles, ventilado. Liga 9 8 7 4 8 3 1 0 8 Diego9989f",,2026-10-02T23:57:26,faixa 1800-5000 mil
https://ce.olx.com.br/fortaleza-e-regiao/imoveis/maximum-residence-309m2-lazer-maireles-liga-9-8-7-4-8-3-1-0-8-diego9989f-871659681,olx,fortaleza,Centro,,,,2190000.0,309.0,7087.38,5,,Maximum Residence 309m2 Lazer Maireles Liga 9 8 7 4 8 3 1 0 8 Diego9989f,,2026-10-02T23:57:26,faixa 1800-5000 mil
https://ce.olx.com.br/fortaleza-e-regiao/imoveis/cobertura-duplex-no-coracao-do-meireles-1534296528,olx,fortaleza,Meireles,-3.726115846153846,-38.50279930769231,centroide_bairro,2300000.0,320.0,7187.5,3,,Cobertura Duplex no coracao do Meireles,,2026-10-02T23:57:28,faixa 1800-5000 mil
https://ce.olx.com.br/fortaleza-e-regiao/imoveis/cobertura-com-5-suites-a-venda-414-m-por-r-3-000-000-mucuripe-fortaleza-ce-1533709322,olx,fortaleza,Mucuripe,,,,3000000.0,414.0,7246.38,5,,"Cobertura com 5 suítes à venda, 414 m² por R$ 3.000.000 - Mucuripe - Fortaleza/CE",,2026-10-02T23:57:28,faixa 1800-5000 mil
https://ce.olx.com.br/fortaleza-e-regiao/imoveis/250-m-3-suites-vista-mar-r-1-850-000-1538467979,olx,fortaleza,Praia de Iracema,,,,1850000.0,250.0,7400.0,3,,| 250 M² | 3 SUÍTES | VISTA MAR | R$ 1.850.000,,2026-10-02T23:57:24,faixa 1800-5000 mil
https://ce.olx.com.br/fortaleza-e-regiao/imoveis/apartamento-com-4-suites-a-venda-303-m-por-r-2-250-000-patriolino-ribeiro-fortaleza-1538362030,olx,fortaleza,Guararapes,-3.76359025,-38.48862325,centroide_bairro,2250000.0,304.0,7401.32,4,,"Apartamento com 4 suítes à venda, 303 m² por R$ 2.250.000 - Patriolino Ribeiro - Fortaleza",,2026-10-02T23:57:24,faixa 1800-5000 mil
https://ce.olx.com.br/fortaleza-e-regiao/imoveis/cobertura-duplex-a-venda-no-mucuripe-400m-5-quartos-e-4-vagas-bem-localizado-vist-1540317597,olx,fortaleza,Mucuripe,,,,3000000.0,400.0,7500.0,5,,Cobertura Duplex a Venda no Mucuripe | 400m² | 5 Quartos e 4 Vagas | Bem Localizado | Vist,,2026-10-02T23:57:24,faixa 1800-5000 mil
https://ce.olx.com.br/fortaleza-e-regiao/imoveis/imovel-para-venda-tem-250-metros-quadrados-com-3-quartos-em-coco-fortaleza-ce-1535699600,olx,fortaleza,Cocó,-3.7442752500000003,-38.47988975,centroide_bairro,1890000.0,250.0,7560.0,3,,Imóvel para venda tem 250 metros quadrados com 3 quartos em Cocó - Fortaleza - CE,,2026-10-02T23:57:26,faixa 1800-5000 mil
https://ce.olx.com.br/fortaleza-e-regiao/imoveis/crystal-palace-guararapes-395m-04-suites-05-vagas-1411358878,olx,fortaleza,Guararapes,-3.76359025,-38.48862325,centroide_bairro,3000000.0,395.0,7594.94,4,,Crystal Palace | Guararapes | 395m² | 04 Suítes | 05 Vagas,,2026-10-02T23:57:28,faixa 1800-5000 mil
https://ce.olx.com.br/fortaleza-e-regiao/imoveis/cobertura-com-4-suites-a-venda-300-m-por-r-2-290-000-aldeota-fortaleza-ce-1525916606,olx,fortaleza,Aldeota,-3.735223222222222,-38.501520444444445,centroide_bairro,2290000.0,300.0,7633.33,4,,"Cobertura com 4 Suítes à Venda, 300 m² por R$ 2.290.000 - Aldeota - Fortaleza/CE",,2026-10-02T23:57:26,faixa 1800-5000 mil
https://www.zapimoveis.com.br/imovel/venda-apartamento-3-quartos-com-piscina-coco-fortaleza-ce-252m2-id-2893051085/,zapimoveis,fortaleza,Cocó,-3.745,-38.481,aproximada_portal,1950000.0,252.0,7738.1,3,torre,,,2026-10-02T23:57:23,faixa 1800-5000 mil
https://ce.olx.com.br/fortaleza-e-regiao/imoveis/apto-c-303m-03-suites-varanda-sala-cozinha-wc-social-area-de-servico-dce-despen-1530467478,olx,fortaleza,Guararapes,-3.76359025,-38.48862325,centroide_bairro,2350000.0,303.0,7755.78,3,,"Apto. c/ 303m², 03 suítes, varanda, sala, cozinha, wc social, área de serviço, DCE, despen",,2026-10-02T23:57:28,faixa 1800-5000 mil
https://ce.olx.com.br/fortaleza-e-regiao/imoveis/apartamento-com-3-dormitorios-a-venda-320-m-por-r-2-500-000-meireles-fortaleza-ce-1535535403,olx,fortaleza,Aldeota,-3.735223222222222,-38.501520444444445,centroide_bairro,2500000.0,320.0,7812.5,3,,"Apartamento com 3 dormitórios à venda, 320 m² por R$ 2.500.000 - Meireles - Fortaleza/CE",,2026-10-02T23:57:26,faixa 1800-5000 mil
https://www.zapimoveis.com.br/imovel/venda-apartamento-3-quartos-com-area-de-servico-meireles-fortaleza-ce-240m2-id-2850291023/,zapimoveis,fortaleza,Aldeota,-3.727792,-38.505703,exata,1890000.0,240.0,7875.0,3,torre,,,2026-10-02T23:57:23,faixa 1800-5000 mil
https://www.zapimoveis.com.br/imovel/venda-apartamento-3-quartos-mobiliado-meireles-fortaleza-ce-240m2-id-2896097285/,zapimoveis,fortaleza,Meireles,-3.727792,-38.505703,exata,1890000.0,240.0,7875.0,3,torre,,,2026-10-02T23:57:23,faixa 1800-5000 mil
https://www.zapimoveis.com.br/imovel/venda-apartamento-4-quartos-mobiliado-meireles-fortaleza-ce-253m2-id-2893644689/,zapimoveis,fortaleza,Meireles,-3.725,-38.507,aproximada_portal,2000000.0,253.0,7905.14,4,torre,,,2026-10-02T23:57:23,faixa 1800-5000 mil
https://www.zapimoveis.com.br/imovel/venda-apartamento-3-quartos-com-piscina-meireles-fortaleza-ce-309m2-id-2877497084/,zapimoveis,fortaleza,Meireles,-3.726657,-38.509046,exata,2450000.0,309.0,7928.8,3,torre,,,2026-10-02T23:57:23,faixa 1800-5000 mil
https://ce.olx.com.br/fortaleza-e-regiao/imoveis/amplo-apartamento-a-beira-mar-4-suites-3vagas-liga-9-8-7-4-8-3-1-0-8-diego9989f-904253609,olx,fortaleza,Meireles,-3.726115846153846,-38.50279930769231,centroide_bairro,3000000.0,375.0,8000.0,5,,"Amplo apartamento a Beira Mar, 4 suites, 3vagas  liga 9 8 7 4 8 3 1 0 8 Diego9989f",,2026-10-02T23:57:28,faixa 1800-5000 mil
https://ce.olx.com.br/fortaleza-e-regiao/imoveis/ed-iracema-praia-park-4-stes-3-vagas-liga-9-8-7-4-8-3-1-0-8-diego9989f-anuncio-para-pesqui-904251853,olx,fortaleza,Meireles,-3.726115846153846,-38.50279930769231,centroide_bairro,3000000.0,375.0,8000.0,5,,Ed Iracema Praia Park 4 stes 3 vagas liga 9 8 7 4 8 3 1 0 8 Diego9989f ANÚNCIO PARA PESQUI,,2026-10-02T23:57:28,faixa 1800-5000 mil
https://ce.olx.com.br/fortaleza-e-regiao/imoveis/apartamento-vista-mar-com-3-suites-a-venda-230-m-por-r-1-850-000-praia-de-iracema-f-1537728217,olx,fortaleza,Praia de Iracema,,,,1850000.0,230.0,8043.48,3,,"Apartamento vista mar com 3 suítes à venda, 230 m² por R$ 1.850.000 - Praia de Iracema - F",,2026-10-02T23:57:26,faixa 1800-5000 mil
https://ce.olx.com.br/fortaleza-e-regiao/imoveis/ed-jangada-beira-mar-1496044567,olx,fortaleza,Meireles,-3.726115846153846,-38.50279930769231,centroide_bairro,3690000.0,450.0,8200.0,5,,Ed Jangada Beira Mar,,2026-10-02T23:57:26,faixa 1800-5000 mil
https://ce.olx.com.br/fortaleza-e-regiao/imoveis/apartamento-com-4-quartos-a-venda-em-meireles-ce-1537899850,olx,fortaleza,Meireles,-3.726115846153846,-38.50279930769231,centroide_bairro,2159000.0,260.0,8303.85,4,,Apartamento com 4 quartos à venda em Meireles - CE,,2026-10-02T23:57:26,faixa 1800-5000 mil
https://ce.olx.com.br/fortaleza-e-regiao/imoveis/more-no-meireles-260m-4-suites-4-vagas-1537516131,olx,fortaleza,Meireles,-3.726115846153846,-38.50279930769231,centroide_bairro,2159000.0,260.0,8303.85,4,,"More no Meireles,  260m², 4 suites , 4 vagas",,2026-10-02T23:57:26,faixa 1800-5000 mil
https://ce.olx.com.br/fortaleza-e-regiao/imoveis/apartamento-para-venda-em-fortaleza-meireles-3-dormitorios-3-suites-4-banheiros-4-vag-1531872935,olx,fortaleza,Meireles,-3.726115846153846,-38.50279930769231,centroide_bairro,1997000.0,240.0,8320.83,3,,"Apartamento para Venda em Fortaleza, Meireles, 3 dormitórios, 3 suítes, 4 banheiros, 4 vag",,2026-10-02T23:57:28,faixa 1800-5000 mil
https://ce.olx.com.br/fortaleza-e-regiao/imoveis/apartamento-de-240m-no-meireles-com-3-suites-e-4-vagas-1540792622,olx,fortaleza,Meireles,-3.726115846153846,-38.50279930769231,centroide_bairro,1999000.0,240.0,8329.17,3,,"Apartamento de 240m² no Meireles, com 3 suítes e 4 vagas.",,2026-10-02T23:57:23,faixa 1800-5000 mil
https://ce.olx.com.br/fortaleza-e-regiao/imoveis/apartamento-no-meireles-com-240m2-porteira-fechada-1537615892,olx,fortaleza,Meireles,-3.726115846153846,-38.50279930769231,centroide_bairro,1999000.0,240.0,8329.17,3,,Apartamento no Meireles com 240m2 PORTEIRA FECHADA,,2026-10-02T23:57:26,faixa 1800-5000 mil
https://ce.olx.com.br/fortaleza-e-regiao/imoveis/apartamento-com-4-quartos-a-venda-em-meireles-ce-1530615706,olx,fortaleza,Meireles,-3.726115846153846,-38.50279930769231,centroide_bairro,2300000.0,275.0,8363.64,4,,Apartamento com 4 quartos à venda em Meireles - CE,,2026-10-02T23:57:28,faixa 1800-5000 mil
https://ce.olx.com.br/fortaleza-e-regiao/imoveis/imovel-para-venda-possui-221-metros-quadrados-com-3-quartos-em-mucuripe-fortaleza-ce-1536033710,olx,fortaleza,Mucuripe,,,,1850000.0,221.0,8371.04,3,,Imóvel para venda possui 221 metros quadrados com 3 quartos em Mucuripe - Fortaleza - CE,,2026-10-02T23:57:26,faixa 1800-5000 mil
https://ce.olx.com.br/fortaleza-e-regiao/imoveis/ed-ana-amelia-boulevard-mucuripe-1534582332,olx,fortaleza,Mucuripe,,,,1850000.0,221.0,8371.04,3,,ED. ANA AMÉLIA BOULEVARD  MUCURIPE,,2026-10-02T23:57:28,faixa 1800-5000 mil
https://ce.olx.com.br/fortaleza-e-regiao/imoveis/imovel-para-venda-no-guararapes-com-220-metros-quadrados-com-4-quartos-1538718574,olx,fortaleza,Engenheiro Luciano Cavalcante,-3.7715042857142858,-38.48923114285714,centroide_bairro,1890000.0,220.0,8590.91,4,,Imóvel para venda no Guararapes com 220 metros quadrados com 4 quartos,,2026-10-02T23:57:24,faixa 1800-5000 mil
https://ce.olx.com.br/fortaleza-e-regiao/imoveis/cobertura-para-venda-em-fortaleza-aldeota-3-dormitorios-3-suites-5-banheiros-3-vagas-1405632924,olx,fortaleza,Meireles,-3.726115846153846,-38.50279930769231,centroide_bairro,2200000.0,256.0,8593.75,3,,"Cobertura para Venda em Fortaleza, Aldeota, 3 dormitórios, 3 suítes, 5 banheiros, 3 vagas",,2026-10-02T23:57:23,faixa 1800-5000 mil
https://ce.olx.com.br/fortaleza-e-regiao/imoveis/apartamento-no-engenheiro-luciano-cavalcante-219-m-3-suites-3-vagas-a-venda-1538996282,olx,fortaleza,Engenheiro Luciano Cavalcante,-3.7715042857142858,-38.48923114285714,centroide_bairro,1890000.0,219.0,8630.14,3,,Apartamento no Engenheiro Luciano Cavalcante | 219 M² | 3 Suítes | 3 vagas | á venda,,2026-10-02T23:57:24,faixa 1800-5000 mil
https://ce.olx.com.br/fortaleza-e-regiao/imoveis/apartamento-219m-3-suites-3-vagas-alto-padrao-1529724790,olx,fortaleza,Engenheiro Luciano Cavalcante,-3.7715042857142858,-38.48923114285714,centroide_bairro,1890000.0,219.0,8630.14,3,,Apartamento 219m² | 3 Suítes | 3 Vagas | Alto Padrão,,2026-10-02T23:57:30,faixa 1800-5000 mil
https://ce.olx.com.br/fortaleza-e-regiao/imoveis/apartamento-de-260m-no-meireles-com-3-suites-4-vagas-e-com-vista-mar-1540794420,olx,fortaleza,Meireles,-3.726115846153846,-38.50279930769231,centroide_bairro,2250000.0,260.0,8653.85,3,,"Apartamento de 260m² no Meireles, com 3 suítes, 4 vagas e com vista mar.",,2026-10-02T23:57:23,faixa 1800-5000 mil
https://ce.olx.com.br/fortaleza-e-regiao/imoveis/imovel-a-venda-no-meireles-321m-4-suites-e-5-vagas-excelente-localizacao-confira-1539671648,olx,fortaleza,Meireles,-3.726115846153846,-38.50279930769231,centroide_bairro,2800000.0,321.0,8722.74,4,,Imóvel a Venda no Meireles | 321m² | 4 Suítes e 5 Vagas | Excelente Localização | Confira!,,2026-10-02T23:57:24,faixa 1800-5000 mil
https://ce.olx.com.br/fortaleza-e-regiao/imoveis/apartamento-de-225m-no-meireles-com-4-suites-e-4-vagas-paralelas-1538734592,olx,fortaleza,Meireles,-3.726115846153846,-38.50279930769231,centroide_bairro,1999000.0,225.0,8884.44,4,,"Apartamento de 225m² no Meireles, com 4 suítes e 4 vagas paralelas.",,2026-10-02T23:57:24,faixa 1800-5000 mil
https://ce.olx.com.br/fortaleza-e-regiao/imoveis/sunville-mucuripe-390m-04-suites-04-vagas-1422194238,olx,fortaleza,Mucuripe,,,,3500000.0,390.0,8974.36,4,,Sunville | Mucuripe | 390m² | 04 Suítes | 04 Vagas,,2026-10-02T23:57:28,faixa 1800-5000 mil
https://ce.olx.com.br/fortaleza-e-regiao/imoveis/cobertura-a-venda-em-fortaleza-4-suites-e-317-m-1503562445,olx,fortaleza,Dionisio Torres,,,,2900000.0,318.0,9119.5,4,,Cobertura à Venda em Fortaleza | 4 Suítes e 317 m²,,2026-10-02T23:57:23,faixa 1800-5000 mil
https://ce.olx.com.br/fortaleza-e-regiao/imoveis/cobertura-duplex-com-4-dormitorios-a-venda-317-m-por-r-2-900-000-dionisio-torres-fo-1499376425,olx,fortaleza,Dionisio Torres,,,,2900000.0,318.0,9119.5,4,,"Cobertura duplex com 4 dormitórios à venda, 317 m² por R$ 2.900.000 - Dionisio Torres - Fo",,2026-10-02T23:57:26,faixa 1800-5000 mil
https://ce.olx.com.br/fortaleza-e-regiao/imoveis/204m-no-guararapes-1532023956,olx,fortaleza,Engenheiro Luciano Cavalcante,-3.7715042857142858,-38.48923114285714,centroide_bairro,1890000.0,205.0,9219.51,3,,204m² NO GUARARAPES,,2026-10-02T23:57:28,faixa 1800-5000 mil
https://ce.olx.com.br/fortaleza-e-regiao/imoveis/apartamento-a-venda-3-suites-379m-meireles-fortaleza-ce-1536807261,olx,fortaleza,Meireles,-3.726115846153846,-38.50279930769231,centroide_bairro,3500000.0,379.0,9234.83,3,,"Apartamento à venda | 3 suítes | 379m² | Meireles, Fortaleza/CE",,2026-10-02T23:57:26,faixa 1800-5000 mil
https://ce.olx.com.br/fortaleza-e-regiao/imoveis/residencial-ignez-fiuza-maraponga-238m-04-suites-02-vagas-1529165166,olx,fortaleza,Maraponga,,,,2200000.0,238.0,9243.7,4,,Residencial Ignez Fiuza | Maraponga | 238m² | 04 Suítes | 02 Vagas,,2026-10-02T23:57:30,faixa 1800-5000 mil
https://ce.olx.com.br/fortaleza-e-regiao/imoveis/apartamento-em-guararapes-fortaleza-1536935569,olx,fortaleza,Engenheiro Luciano Cavalcante,-3.7715042857142858,-38.48923114285714,centroide_bairro,1890000.0,204.0,9264.71,3,,Apartamento em Guararapes - Fortaleza,,2026-10-02T23:57:26,faixa 1800-5000 mil
https://ce.olx.com.br/fortaleza-e-regiao/imoveis/imovel-para-venda-tem-214-metros-quadrados-com-4-quartos-em-guararapes-fortaleza-ce-1490688550,olx,fortaleza,Guararapes,-3.76359025,-38.48862325,centroide_bairro,1990000.0,214.0,9299.07,4,,Imóvel para venda tem 214 metros quadrados com 4 quartos em Guararapes - Fortaleza - CE,,2026-10-02T23:57:26,faixa 1800-5000 mil
https://ce.olx.com.br/fortaleza-e-regiao/imoveis/excelente-apto-c-otima-localizacao-214m-nascente-04-suites-01-reversivel-closet-s-1530466853,olx,fortaleza,Guararapes,-3.76359025,-38.48862325,centroide_bairro,1990000.0,214.0,9299.07,4,,"Excelente Apto. c/ ótima localização,214m², nascente, 04 suítes (01 reversível), closet's,",,2026-10-02T23:57:28,faixa 1800-5000 mil
https://ce.olx.com.br/fortaleza-e-regiao/imoveis/apartamento-no-jardins-de-algarve-guararapes-fortaleza-1540375959,olx,fortaleza,Engenheiro Luciano Cavalcante,-3.7715042857142858,-38.48923114285714,centroide_bairro,1890000.0,203.0,9310.34,3,,"Apartamento no Jardins de Algarve  Guararapes, Fortaleza",,2026-10-02T23:57:24,faixa 1800-5000 mil
https://ce.olx.com.br/fortaleza-e-regiao/imoveis/apartamento-no-jardins-de-algarve-guararapes-fortaleza-1539972682,olx,fortaleza,Engenheiro Luciano Cavalcante,-3.7715042857142858,-38.48923114285714,centroide_bairro,1890000.0,203.0,9310.34,4,,"Apartamento no Jardins de Algarve  Guararapes, Fortaleza",,2026-10-02T23:57:24,faixa 1800-5000 mil
https://ce.olx.com.br/fortaleza-e-regiao/imoveis/apartamento-a-venda-meireles-fortaleza-ce-1498306286,olx,fortaleza,Meireles,-3.726115846153846,-38.50279930769231,centroide_bairro,3200000.0,340.0,9411.76,4,,"Apartamento à venda - Meireles, Fortaleza - CE",,2026-10-02T23:57:26,faixa 1800-5000 mil
https://ce.olx.com.br/fortaleza-e-regiao/imoveis/apartamento-para-venda-em-fortaleza-meireles-3-dormitorios-3-suites-6-banheiros-5-vag-1531870910,olx,fortaleza,Meireles,-3.726115846153846,-38.50279930769231,centroide_bairro,3200000.0,340.0,9411.76,3,,"Apartamento para Venda em Fortaleza, Meireles, 3 dormitórios, 3 suítes, 6 banheiros, 5 vag",,2026-10-02T23:57:28,faixa 1800-5000 mil
https://ce.olx.com.br/fortaleza-e-regiao/imoveis/edificio-jaibaras-meireles-340m-03-suites-05-vagas-1524430364,olx,fortaleza,Meireles,-3.726115846153846,-38.50279930769231,centroide_bairro,3200000.0,340.0,9411.76,3,,Edifício Jaibaras | Meireles | 340m² | 03 Suítes | 05 Vagas,,2026-10-02T23:57:28,faixa 1800-5000 mil
https://ce.olx.com.br/fortaleza-e-regiao/imoveis/apartamento-vista-mar-3-suites-a-venda-200-m-por-r-1-890-000-meireles-fortaleza-c-1532678820,olx,fortaleza,Meireles,-3.726115846153846,-38.50279930769231,centroide_bairro,1890000.0,200.0,9450.0,3,,"Apartamento vista mar | 3 suítes à venda, 200 m² por R$ 1.890.000 - Meireles - Fortaleza/C",,2026-10-02T23:57:28,faixa 1800-5000 mil
https://ce.olx.com.br/fortaleza-e-regiao/imoveis/apartamento-vila-firenze-com-4-dormitorios-a-venda-210-m-por-r-2-200-000-aldeota-fo-1486465032,olx,fortaleza,Aldeota,-3.735223222222222,-38.501520444444445,centroide_bairro,1990000.0,210.0,9476.19,4,,"Apartamento Vila Firenze com 4 dormitórios à venda, 210 m² por R$ 2.200.000 - Aldeota - Fo",,2026-10-02T23:57:28,faixa 1800-5000 mil
https://ce.olx.com.br/fortaleza-e-regiao/imoveis/apartamento-vila-firenze-com-4-dormitorios-a-venda-210-m-por-r-2-200-000-aldeota-fo-1443849042,olx,fortaleza,Aldeota,-3.735223222222222,-38.501520444444445,centroide_bairro,1990000.0,210.0,9476.19,4,,"Apartamento Vila Firenze com 4 dormitórios à venda, 210 m² por R$ 2.200.000 - Aldeota - Fo",,2026-10-02T23:57:28,faixa 1800-5000 mil
https://www.zapimoveis.com.br/imovel/venda-apartamento-4-quartos-com-lavabo-meireles-fortaleza-ce-315m2-id-2481704073/,zapimoveis,fortaleza,Meireles,-3.728,-38.496,aproximada_portal,2990000.0,315.0,9492.06,4,indefinido,,,2026-10-02T23:57:23,faixa 1800-5000 mil
https://ce.olx.com.br/fortaleza-e-regiao/imoveis/apartamento-com-vista-para-o-mar-a-venda-no-meireles-1498305999,olx,fortaleza,Meireles,-3.726115846153846,-38.50279930769231,centroide_bairro,2500000.0,260.0,9615.38,4,,Apartamento com vista para o mar à venda no Meireles,,2026-10-02T23:57:28,faixa 1800-5000 mil
https://ce.olx.com.br/fortaleza-e-regiao/imoveis/maison-du-solei-apartamento-com-4-quartos-a-venda-260-m-por-r-2-500-000-meireles-1529494787,olx,fortaleza,Meireles,-3.726115846153846,-38.50279930769231,centroide_bairro,2500000.0,260.0,9615.38,4,,"Maison Du Solei - Apartamento com 4 quartos à venda, 260 m² por R$ 2.500.000 - Meireles -",,2026-10-02T23:57:30,faixa 1800-5000 mil
https://ce.olx.com.br/fortaleza-e-regiao/imoveis/apto-com-tres-suites-meireles-260m-1513686003,olx,fortaleza,Meireles,-3.726115846153846,-38.50279930769231,centroide_bairro,2500000.0,260.0,9615.38,3,,Apto com três suítes - Meireles -260m²,,2026-10-02T23:57:30,faixa 1800-5000 mil
https://ce.olx.com.br/fortaleza-e-regiao/imoveis/apartamento-vista-mar-a-venda-meireles-fortaleza-1498308305,olx,fortaleza,Mucuripe,,,,3500000.0,363.0,9641.87,4,,"Apartamento Vista Mar à Venda | Meireles, Fortaleza",,2026-10-02T23:57:24,faixa 1800-5000 mil
https://ce.olx.com.br/fortaleza-e-regiao/imoveis/apartamento-com-4-dormitorios-a-venda-327-m-por-r-3-180-000-00-dionisio-torres-fort-1469722818,olx,fortaleza,Dionisio Torres,,,,3180000.0,327.0,9724.77,4,,"Apartamento com 4 dormitórios à venda, 327 m² por R$ 3.180.000,00 - Dionisio Torres - Fort",,2026-10-02T23:57:23,faixa 1800-5000 mil
https://ce.olx.com.br/fortaleza-e-regiao/imoveis/jardins-de-algarve-luciano-cavalcante-200m-04-suites-03-vagas-1529164265,olx,fortaleza,Engenheiro Luciano Cavalcante,-3.7715042857142858,-38.48923114285714,centroide_bairro,1950000.0,200.0,9750.0,4,,Jardins de Algarve | Luciano Cavalcante | 200m² | 04 Suítes | 03 Vagas,,2026-10-02T23:57:30,faixa 1800-5000 mil
https://ce.olx.com.br/fortaleza-e-regiao/imoveis/maison-chevernyr-alto-padrao-no-guararapes-1539976935,olx,fortaleza,Guararapes,-3.76359025,-38.48862325,centroide_bairro,2500000.0,256.0,9765.62,4,,MAISON CHEVERNYR - ALTO PADRÃO NO GUARARAPES,,2026-10-02T23:57:24,faixa 1800-5000 mil
https://ce.olx.com.br/fortaleza-e-regiao/imoveis/imovel-para-venda-com-256-metros-quadrados-com-3-quartos-em-aldeota-fortaleza-ce-1540273082,olx,fortaleza,Aldeota,-3.735223222222222,-38.501520444444445,centroide_bairro,2500000.0,256.0,9765.62,3,,Imóvel para venda com 256 metros quadrados com 3 quartos em Aldeota - Fortaleza - CE,,2026-10-02T23:57:24,faixa 1800-5000 mil
https://ce.olx.com.br/fortaleza-e-regiao/imoveis/apartamento-meireles-04-suites-ed-forest-park-989384780,olx,fortaleza,Meireles,-3.726115846153846,-38.50279930769231,centroide_bairro,3000000.0,305.0,9836.07,4,,"Apartamento Meireles, 04 suítes, Ed Forest Park.",,2026-10-02T23:57:28,faixa 1800-5000 mil
https://ce.olx.com.br/fortaleza-e-regiao/imoveis/cobertura-no-villa-italia-condominium-aldeota-fortaleza-1538213660,olx,fortaleza,Aldeota,-3.735223222222222,-38.501520444444445,centroide_bairro,2500000.0,254.0,9842.52,4,,"Cobertura no Villa Itália Condominium  Aldeota, Fortaleza",,2026-10-02T23:57:26,faixa 1800-5000 mil
https://ce.olx.com.br/fortaleza-e-regiao/imoveis/villa-italia-condominium-cobertura-aldeota-254m-04-suites-05-vagas-1411359415,olx,fortaleza,Aldeota,-3.735223222222222,-38.501520444444445,centroide_bairro,2500000.0,254.0,9842.52,4,,Villa Itália Condominium | Cobertura | Aldeota | 254m² | 04 suítes | 05 vagas,,2026-10-02T23:57:26,faixa 1800-5000 mil
https://ce.olx.com.br/fortaleza-e-regiao/imoveis/edificio-jotamim-aldeota-228m-03-suites-03-vagas-1437930415,olx,fortaleza,Aldeota,-3.735223222222222,-38.501520444444445,centroide_bairro,2250000.0,228.0,9868.42,3,,Edifício Jotamim | Aldeota | 228m² | 03 Suites | 03 Vagas,,2026-10-02T23:57:26,faixa 1800-5000 mil
https://ce.olx.com.br/fortaleza-e-regiao/imoveis/apartamento-com-4-suites-a-venda-250-m-por-r-2-500-000-meireles-fortaleza-ce-1530728319,olx,fortaleza,Meireles,-3.726115846153846,-38.50279930769231,centroide_bairro,2500000.0,250.0,10000.0,4,,"Apartamento com 4 suítes à venda, 250 m² por R$ 2.500.000 - Meireles - Fortaleza/CE",,2026-10-02T23:57:28,faixa 1800-5000 mil
https://ce.olx.com.br/fortaleza-e-regiao/imoveis/apartamento-com-4-quartos-a-venda-230-m-por-r-2-300-000-meireles-fortaleza-ce-1537728196,olx,fortaleza,Meireles,-3.726115846153846,-38.50279930769231,centroide_bairro,2300000.0,230.0,10000.0,4,,"Apartamento com 4 quartos à venda, 230 m² por R$ 2.300.000 - Meireles - Fortaleza/CE",,2026-10-02T23:57:26,faixa 1800-5000 mil
https://ce.olx.com.br/fortaleza-e-regiao/imoveis/puerta-de-alcala-apartamento-com-4-quartos-a-venda-240-m-por-r-2-400-000-guararapes-1529494697,olx,fortaleza,Guararapes,-3.76359025,-38.48862325,centroide_bairro,2400000.0,240.0,10000.0,4,,"Puerta de Alcalá - Apartamento com 4 quartos à venda, 240 m² por R$ 2.400.000 - Guararapes",,2026-10-02T23:57:30,faixa 1800-5000 mil
https://ce.olx.com.br/fortaleza-e-regiao/imoveis/edificio-saint-paul-de-vence-350-m-4-suites-e-4-vagas-de-garagem-1532346098,olx,fortaleza,Meireles,-3.726115846153846,-38.50279930769231,centroide_bairro,3500000.0,350.0,10000.0,4,,Edifício Saint Paul de Vence 350 m² | 4 Suítes e 4 Vagas de Garagem,,2026-10-02T23:57:28,faixa 1800-5000 mil
https://ce.olx.com.br/fortaleza-e-regiao/imoveis/apartamento-com-3-dormitorios-a-venda-230-m-por-r-2-300-000-00-meireles-fortaleza-c-1521782667,olx,fortaleza,Meireles,-3.726115846153846,-38.50279930769231,centroide_bairro,2300000.0,230.0,10000.0,3,,"Apartamento com 3 dormitórios à venda, 230 m² por R$ 2.300.000,00 - Meireles - Fortaleza/C",,2026-10-02T23:57:28,faixa 1800-5000 mil
https://ce.olx.com.br/fortaleza-e-regiao/imoveis/imovel-a-venda-na-aldeota-256m-3-suites-e-3-vagas-gabinete-porteira-fechada-con-1540272565,olx,fortaleza,Aldeota,-3.735223222222222,-38.501520444444445,centroide_bairro,2600000.0,256.0,10156.25,3,,Imóvel a Venda na Aldeota | 256m² | 3 Suítes e 3 Vagas | Gabinete | Porteira Fechada | Con,,2026-10-02T23:57:24,faixa 1800-5000 mil
https://ce.olx.com.br/fortaleza-e-regiao/imoveis/apartamento-a-venda-no-meireles-fortaleza-4-suites-324-m-mobiliado-1538649444,olx,fortaleza,Meireles,-3.726115846153846,-38.50279930769231,centroide_bairro,3300000.0,324.0,10185.19,4,,"Apartamento à venda no Meireles, Fortaleza  4 suítes, 324 m², mobiliado",,2026-10-02T23:57:24,faixa 1800-5000 mil
https://www.zapimoveis.com.br/imovel/venda-apartamento-5-quartos-mobiliado-guararapes-fortaleza-ce-245m2-id-2818412235/,zapimoveis,fortaleza,Guararapes,-3.767,-38.484,aproximada_portal,2500000.0,245.0,10204.08,5,torre,,,2026-10-02T23:57:23,faixa 1800-5000 mil
https://ce.olx.com.br/fortaleza-e-regiao/imoveis/ed-portofino-apartamento-253-00m-3-suites-gabinete-meireles-fortaleza-ce-1536259100,olx,fortaleza,Meireles,-3.726115846153846,-38.50279930769231,centroide_bairro,2600000.0,254.0,10236.22,3,,"Ed. Portofino, Apartamento, 253,00m², 3 Suítes + gabinete, Meireles, Fortaleza/CE",,2026-10-02T23:57:26,faixa 1800-5000 mil
https://ce.olx.com.br/fortaleza-e-regiao/imoveis/apto-com-tres-suites-no-meireles-254m-1535493152,olx,fortaleza,Meireles,-3.726115846153846,-38.50279930769231,centroide_bairro,2600000.0,254.0,10236.22,3,,Apto com três suítes no Meireles - 254m²,,2026-10-02T23:57:26,faixa 1800-5000 mil
https://ce.olx.com.br/fortaleza-e-regiao/imoveis/apartamento-em-meireles-fortaleza-1534807099,olx,fortaleza,Meireles,-3.726115846153846,-38.50279930769231,centroide_bairro,2600000.0,254.0,10236.22,3,,Apartamento em Meireles - Fortaleza,,2026-10-02T23:57:26,faixa 1800-5000 mil
https://ce.olx.com.br/fortaleza-e-regiao/imoveis/edificio-portofino-esta-localizado-na-rua-canuto-de-aguiar-n-600-bairro-meireles-1532199459,olx,fortaleza,Meireles,-3.726115846153846,-38.50279930769231,centroide_bairro,2600000.0,254.0,10236.22,3,,"Edifício Portofino está localizado na Rua Canuto de Aguiar nº 600, bairro Meireles",,2026-10-02T23:57:28,faixa 1800-5000 mil
https://ce.olx.com.br/fortaleza-e-regiao/imoveis/edificio-portofino-esta-localizado-na-rua-canuto-de-aguiar-n-600-bairro-meireles-1540921381,olx,fortaleza,Meireles,-3.726115846153846,-38.50279930769231,centroide_bairro,2600000.0,254.0,10236.22,4,,"Edifício Portofino está localizado na Rua Canuto de Aguiar nº 600, bairro Meireles",,2026-10-02T23:57:23,faixa 1800-5000 mil
https://ce.olx.com.br/fortaleza-e-regiao/imoveis/apartamento-para-venda-4-quarto-s-meireles-fortaleza-1540114022,olx,fortaleza,Meireles,-3.726115846153846,-38.50279930769231,centroide_bairro,2600000.0,254.0,10236.22,4,,"Apartamento para venda, 4 quarto(s), Meireles, Fortaleza",,2026-10-02T23:57:24,faixa 1800-5000 mil
https://ce.olx.com.br/fortaleza-e-regiao/imoveis/condominio-porto-fino-meireles-253m2-4-suites-gabinete-ampla-varanda-e-4-vagas-de-gar-1539905223,olx,fortaleza,Meireles,-3.726115846153846,-38.50279930769231,centroide_bairro,2600000.0,254.0,10236.22,5,,"Condomínio Porto Fino, Meireles, 253m2, 4 Suítes, Gabinete, Ampla Varanda e 4 Vagas de Gar",,2026-10-02T23:57:24,faixa 1800-5000 mil
https://ce.olx.com.br/fortaleza-e-regiao/imoveis/apartamento-com-3-dormitorios-a-venda-253-m-por-r-2-600-000-00-meireles-fortaleza-c-1540483492,olx,fortaleza,Meireles,-3.726115846153846,-38.50279930769231,centroide_bairro,2600000.0,253.0,10276.68,3,,"Apartamento com 3 dormitórios à venda, 253 m² por R$ 2.600.000,00 - Meireles - Fortaleza/C",,2026-10-02T23:57:23,faixa 1800-5000 mil
https://ce.olx.com.br/fortaleza-e-regiao/imoveis/apartamento-com-3-dormitorios-a-venda-253-m-por-r-2-600-000-00-meireles-fortaleza-c-1540112481,olx,fortaleza,Meireles,-3.726115846153846,-38.50279930769231,centroide_bairro,2600000.0,253.0,10276.68,3,,"Apartamento com 3 dormitórios à venda, 253 m² por R$ 2.600.000,00 - Meireles - Fortaleza/C",,2026-10-02T23:57:24,faixa 1800-5000 mil
https://ce.olx.com.br/fortaleza-e-regiao/imoveis/imovel-a-venda-no-meireles-253m-3-suites-e-4-vagas-escritorio-vista-livre-bem-l-1534305812,olx,fortaleza,Meireles,-3.726115846153846,-38.50279930769231,centroide_bairro,2600000.0,253.0,10276.68,3,,Imóvel a Venda no Meireles | 253m² | 3 Suítes e 4 Vagas | Escritório | Vista Livre | Bem L,,2026-10-02T23:57:28,faixa 1800-5000 mil
https://ce.olx.com.br/fortaleza-e-regiao/imoveis/apartamento-de-luxo-com-vista-mar-em-fortaleza-edificio-sunville-1540735487,olx,fortaleza,Joaquim Távora,,,,3500000.0,333.0,10510.51,5,,Apartamento de Luxo com Vista Mar em Fortaleza / Edifício Sunville.,,2026-10-02T23:57:23,faixa 1800-5000 mil
https://ce.olx.com.br/fortaleza-e-regiao/imoveis/vizinho-a-beira-mar-333m-1-por-andar-vista-definitiva-do-mar-1534402073,olx,fortaleza,Meireles,-3.726115846153846,-38.50279930769231,centroide_bairro,3500000.0,333.0,10510.51,5,,"Vizinho à Beira Mar, 333m², 1 por andar, vista definitiva do mar.",,2026-10-02T23:57:28,faixa 1800-5000 mil
https://ce.olx.com.br/fortaleza-e-regiao/imoveis/duplex-com-5-quartos-a-venda-em-meireles-ce-1530614714,olx,fortaleza,Meireles,-3.726115846153846,-38.50279930769231,centroide_bairro,4500000.0,426.0,10563.38,5,,Duplex com 5 quartos à venda em Meireles - CE,,2026-10-02T23:57:28,faixa 1800-5000 mil
https://ce.olx.com.br/fortaleza-e-regiao/imoveis/valencia-aldeota-236m-04-suites-03-vagas-1411358850,olx,fortaleza,Aldeota,-3.735223222222222,-38.501520444444445,centroide_bairro,2500000.0,236.0,10593.22,4,,Valência | Aldeota | 236m² | 04 Suítes | 03 Vagas,,2026-10-02T23:57:26,faixa 1800-5000 mil
https://ce.olx.com.br/fortaleza-e-regiao/imoveis/imovel-para-venda-possui-250-metros-quadrados-com-3-quartos-em-coco-fortaleza-ce-1535055993,olx,fortaleza,Cocó,-3.7442752500000003,-38.47988975,centroide_bairro,2650000.0,250.0,10600.0,3,,Imóvel para venda possui 250 metros quadrados com 3 quartos em Cocó - Fortaleza - CE,,2026-10-02T23:57:26,faixa 1800-5000 mil
https://ce.olx.com.br/fortaleza-e-regiao/imoveis/terra-nova-250m2-liga-9-87-48-31-08-diego9989f-dfatimvian-coco-alto-padrao-lazer-meireles-1465365051,olx,fortaleza,Cocó,-3.7442752500000003,-38.47988975,centroide_bairro,2650000.0,250.0,10600.0,5,,Terra Nova 250m2 liga 9 87 48 31 08 Diego9989f dfatimvian cocó alto padrão lazer meireles,,2026-10-02T23:57:28,faixa 1800-5000 mil
https://ce.olx.com.br/fortaleza-e-regiao/imoveis/apartamento-alto-padrao-no-coco-cod0306-1434412185,olx,fortaleza,Cocó,-3.7442752500000003,-38.47988975,centroide_bairro,3280000.0,303.0,10825.08,5,,Apartamento Alto Padrão no Cocó (Cod0306),,2026-10-02T23:57:28,faixa 1800-5000 mil
https://www.zapimoveis.com.br/imovel/venda-apartamento-4-quartos-com-churrasqueira-guararapes-fortaleza-ce-235m2-id-2676900311/,zapimoveis,fortaleza,Guararapes,-3.764456,-38.489518,exata,2563583.0,235.0,10908.86,4,indefinido,,,2026-10-02T23:57:23,faixa 1800-5000 mil
https://ce.olx.com.br/fortaleza-e-regiao/imoveis/apto-com-tres-suites-em-condominio-meireles-260m-1419720229,olx,fortaleza,Meireles,-3.726115846153846,-38.50279930769231,centroide_bairro,2850000.0,260.0,10961.54,3,,Apto com três  suítes em condomínio - Meireles - 260m²,,2026-10-02T23:57:26,faixa 1800-5000 mil
https://ce.olx.com.br/fortaleza-e-regiao/imoveis/san-luigi-liga-9-8-7-4-8-3-1-0-8-diego9989f-dwilso-1380008233,olx,fortaleza,Papicu,,,,2599999.0,237.0,10970.46,4,,San Luigi liga 9 8 7 4 8 3 1 0 8 DIEGO9989F DWILSO,,2026-10-02T23:57:28,faixa 1800-5000 mil
https://ce.olx.com.br/fortaleza-e-regiao/imoveis/apartamento-com-piscina-e-lazer-completo-san-luigi-liga-9-8-7-4-8-3-1-0-8-diego9989f-1380007782,olx,fortaleza,Meireles,-3.726115846153846,-38.50279930769231,centroide_bairro,2600000.0,237.0,10970.46,4,,Apartamento com piscina e lazer completo San Luigi liga 9 8 7 4 8 3 1 0 8 DIEGO9989F!,,2026-10-02T23:57:28,faixa 1800-5000 mil
https://ce.olx.com.br/fortaleza-e-regiao/imoveis/apartamento-de-luxo-com-piscina-e-academia-san-luigi-scopa-liga-9-8-7-4-8-3-1-0-8diego9989-1380007287,olx,fortaleza,Meireles,-3.726115846153846,-38.50279930769231,centroide_bairro,2600000.0,237.0,10970.46,5,,Apartamento de Luxo com Piscina e Academia San Luigi Scopa liga 9 8 7 4 8 3 1 0 8DIEGO9989,,2026-10-02T23:57:28,faixa 1800-5000 mil
https://ce.olx.com.br/fortaleza-e-regiao/imoveis/excelente-oportunidade-no-condominio-reserva-imperial-1529654165,olx,fortaleza,Guararapes,-3.76359025,-38.48862325,centroide_bairro,1830000.0,165.0,11090.91,4,,EXCELENTE OPORTUNIDADE NO CONDOMÍNIO RESERVA IMPERIAL,,2026-10-02T23:57:30,faixa 1800-5000 mil
https://ce.olx.com.br/fortaleza-e-regiao/imoveis/edificio-casablanca-condominium-meireles-fortaleza-ce-1498306119,olx,fortaleza,Meireles,-3.726115846153846,-38.50279930769231,centroide_bairro,3500000.0,315.0,11111.11,3,,"Edificio Casablanca Condominium | Meireles, Fortaleza - CE",,2026-10-02T23:57:24,faixa 1800-5000 mil
https://ce.olx.com.br/fortaleza-e-regiao/imoveis/apartamento-com-3-dormitorios-a-venda-315-m-por-r-3-500-000-00-meireles-fortaleza-c-1368236138,olx,fortaleza,Meireles,-3.726115846153846,-38.50279930769231,centroide_bairro,3500000.0,315.0,11111.11,3,,"Apartamento com 3 dormitórios à venda, 315 m² por R$ 3.500.000,00 - Meireles - Fortaleza/C",,2026-10-02T23:57:28,faixa 1800-5000 mil
https://ce.olx.com.br/fortaleza-e-regiao/imoveis/apartamento-com-3-suites-a-venda-197m-por-r-2-199-000-mucuripe-fortaleza-ce-1536261097,olx,fortaleza,Mucuripe,,,,2199000.0,197.0,11162.44,3,,"Apartamento com 3 suítes à venda, 197m² por R$ 2.199.000 - Mucuripe - Fortaleza/CE",,2026-10-02T23:57:26,faixa 1800-5000 mil
https://ce.olx.com.br/fortaleza-e-regiao/imoveis/apartamento-com-340m2-por-r-3-800-000-00-1535822194,olx,fortaleza,Dionisio Torres,,,,3800000.0,340.0,11176.47,4,,"APARTAMENTO COM 340m2 POR R$3.800.000,00",,2026-10-02T23:57:26,faixa 1800-5000 mil
https://ce.olx.com.br/fortaleza-e-regiao/imoveis/apartamento-4-suites-a-venda-303-m-por-r-3-400-000-guararapes-fortaleza-ce-1361841975,olx,fortaleza,Guararapes,-3.76359025,-38.48862325,centroide_bairro,3400000.0,304.0,11184.21,4,,"Apartamento | 4 Suítes à Venda, 303 m² por R$ 3.400.000 - Guararapes - Fortaleza/CE",,2026-10-02T23:57:30,faixa 1800-5000 mil
https://ce.olx.com.br/fortaleza-e-regiao/imoveis/jardins-de-muliere-liga-9-87-48-31-08-diego9989f-dwilscarv-andrade-furtado-1179-coco-1479929542,olx,fortaleza,Cidade 2000,,,,1979999.0,177.0,11186.44,4,,"Jardins de Muliere liga 9 87 48 31 08 Diego9989F dwilscarv Andrade furtado, 1179 Cocó -_-",,2026-10-02T23:57:30,faixa 1800-5000 mil
https://ce.olx.com.br/fortaleza-e-regiao/imoveis/apartamento-vista-mar-com-4-suites-venda-1540955252,olx,fortaleza,Mucuripe,,,,2350000.0,210.0,11190.48,4,,Apartamento Vista Mar com 4 suítes | Venda,,2026-10-02T23:57:23,faixa 1800-5000 mil
https://ce.olx.com.br/fortaleza-e-regiao/imoveis/condominio-maison-de-la-musique-1513371328,olx,fortaleza,Guararapes,-3.76359025,-38.48862325,centroide_bairro,1850000.0,165.0,11212.12,3,,Condominio Maison de La Musique,,2026-10-02T23:57:23,faixa 1800-5000 mil
https://ce.olx.com.br/fortaleza-e-regiao/imoveis/edificio-renoir-1505028079,olx,fortaleza,Aldeota,-3.735223222222222,-38.501520444444445,centroide_bairro,1850000.0,165.0,11212.12,3,,EDIFICIO RENOIR.,,2026-10-02T23:57:28,faixa 1800-5000 mil
https://ce.olx.com.br/fortaleza-e-regiao/imoveis/apartamento-parque-stella-maris-com-3-dormitorios-a-venda-160-m-por-r-1-850-000-meire-1495099884,olx,fortaleza,Meireles,-3.726115846153846,-38.50279930769231,centroide_bairro,1850000.0,165.0,11212.12,3,,"Apartamento Parque Stella Maris com 3 dormitórios à venda, 160 m² por R$ 1.850.000 - Meire",,2026-10-02T23:57:28,faixa 1800-5000 mil
https://ce.olx.com.br/fortaleza-e-regiao/imoveis/imovel-para-venda-possui-178-metros-quadrados-com-4-quartos-em-guararapes-fortaleza-ce-1531247792,olx,fortaleza,Guararapes,-3.76359025,-38.48862325,centroide_bairro,1999000.0,178.0,11230.34,4,,Imóvel para venda possui 178 metros quadrados com 4 quartos em Guararapes - Fortaleza - CE,,2026-10-02T23:57:28,faixa 1800-5000 mil
https://ce.olx.com.br/fortaleza-e-regiao/imoveis/apartamento-de-luxo-guararapes-1533978579,olx,fortaleza,Engenheiro Luciano Cavalcante,-3.7715042857142858,-38.48923114285714,centroide_bairro,2280000.0,203.0,11231.53,3,,Apartamento de luxo Guararapes,,2026-10-02T23:57:28,faixa 1800-5000 mil
https://ce.olx.com.br/fortaleza-e-regiao/imoveis/apartamento-alto-padrao-no-meireles-cod0311-1435253692,olx,fortaleza,Aldeota,-3.735223222222222,-38.501520444444445,centroide_bairro,2304300.0,205.0,11240.49,4,,Apartamento Alto Padrão no Meireles (Cod0311),,2026-10-02T23:57:28,faixa 1800-5000 mil
https://www.zapimoveis.com.br/imovel/venda-apartamento-3-quartos-com-piscina-manuel-dias-branco-fortaleza-ce-160m2-id-2703647985/,zapimoveis,fortaleza,Manuel Dias Branco,-3.751356,-38.460031,exata,1800000.0,160.0,11250.0,3,torre,,,2026-10-02T23:57:23,faixa 1800-5000 mil
https://ce.olx.com.br/fortaleza-e-regiao/imoveis/excelente-oportunidade-no-condominio-nature-green-guararapes-1534570615,olx,fortaleza,Engenheiro Luciano Cavalcante,-3.7715042857142858,-38.48923114285714,centroide_bairro,2099000.0,186.0,11284.95,4,,EXCELENTE OPORTUNIDADE NO CONDOMÍNIO NATURE GREEN - GUARARAPES,,2026-10-02T23:57:28,faixa 1800-5000 mil
https://ce.olx.com.br/fortaleza-e-regiao/imoveis/apartamento-com-4-dormitorios-a-venda-186-m-por-r-2-100-000-00-meireles-fortaleza-c-1496274230,olx,fortaleza,Meireles,-3.726115846153846,-38.50279930769231,centroide_bairro,2100000.0,186.0,11290.32,4,,"Apartamento com 4 dormitórios à venda, 186 m² por R$ 2.100.000,00 - Meireles - Fortaleza/C",,2026-10-02T23:57:24,faixa 1800-5000 mil
https://ce.olx.com.br/fortaleza-e-regiao/imoveis/vendo-apto-exclusivo-pertinho-da-praia-meireles-1540696869,olx,fortaleza,Meireles,-3.726115846153846,-38.50279930769231,centroide_bairro,3500000.0,310.0,11290.32,4,,Vendo apto exclusivo pertinho da praia Meireles,,2026-10-02T23:57:23,faixa 1800-5000 mil
https://ce.olx.com.br/fortaleza-e-regiao/imoveis/apartamento-com-4-quartos-a-venda-em-meireles-ce-1340898990,olx,fortaleza,Meireles,-3.726115846153846,-38.50279930769231,centroide_bairro,3500000.0,310.0,11290.32,4,,Apartamento com 4 quartos à venda em Meireles - CE,,2026-10-02T23:57:24,faixa 1800-5000 mil
https://ce.olx.com.br/fortaleza-e-regiao/imoveis/apartamento-meireles-1534074268,olx,fortaleza,Meireles,-3.726115846153846,-38.50279930769231,centroide_bairro,3500000.0,310.0,11290.32,3,,Apartamento Meireles,,2026-10-02T23:57:28,faixa 1800-5000 mil
https://ce.olx.com.br/fortaleza-e-regiao/imoveis/apartamento-com-3-suites-a-venda-194-m-por-r-2-200-000-meireles-fortaleza-ce-1538700628,olx,fortaleza,Meireles,-3.726115846153846,-38.50279930769231,centroide_bairro,2200000.0,194.0,11340.21,3,,"Apartamento com 3 suítes à venda, 194 m² por R$ 2.200.000 - Meireles - Fortaleza/CE",,2026-10-02T23:57:24,faixa 1800-5000 mil
https://www.zapimoveis.com.br/imovel/venda-apartamento-5-quartos-com-piscina-guararapes-fortaleza-ce-235m2-id-2807742560/,zapimoveis,fortaleza,Guararapes,-3.764,-38.49,aproximada_portal,2683840.0,235.0,11420.6,5,torre,,,2026-10-02T23:57:23,faixa 1800-5000 mil
https://ce.olx.com.br/fortaleza-e-regiao/imoveis/imovel-para-venda-tem-350-metros-quadrados-com-4-quartos-em-mucuripe-fortaleza-ce-1534291402,olx,fortaleza,Mucuripe,,,,4000000.0,350.0,11428.57,4,,Imóvel para venda tem 350 metros quadrados com 4 quartos em Mucuripe - Fortaleza - CE,,2026-10-02T23:57:28,faixa 1800-5000 mil
https://ce.olx.com.br/fortaleza-e-regiao/imoveis/apartamento-com-4-dormitorios-a-venda-350-m-por-r-4-000-000-praia-de-iracema-fortal-1534078888,olx,fortaleza,Praia de Iracema,,,,4000000.0,350.0,11428.57,4,,"Apartamento com 4 dormitórios à venda, 350 m² por R$ 4.000.000 - Praia de Iracema - Fortal",,2026-10-02T23:57:28,faixa 1800-5000 mil
https://ce.olx.com.br/fortaleza-e-regiao/imoveis/apartamento-para-venda-em-fortaleza-meireles-3-dormitorios-3-suites-4-banheiros-2-vag-1532944762,olx,fortaleza,Meireles,-3.726115846153846,-38.50279930769231,centroide_bairro,1890000.0,165.0,11454.55,3,,"Apartamento para Venda em Fortaleza, Meireles, 3 dormitórios, 3 suítes, 4 banheiros, 2 vag",,2026-10-02T23:57:24,faixa 1800-5000 mil
https://ce.olx.com.br/fortaleza-e-regiao/imoveis/porto-fino-liga-9-87-48-31-08-diego9989f-dfernandalbuq-oportunidade-1500919320,olx,fortaleza,Meireles,-3.726115846153846,-38.50279930769231,centroide_bairro,2900000.0,253.0,11462.45,3,,Porto Fino Liga 9 87 48 31 08 Diego9989f dfernandalbuq oportunidade,,2026-10-02T23:57:26,faixa 1800-5000 mil
https://ce.olx.com.br/fortaleza-e-regiao/imoveis/edificio-delos-meireles-340m-04-suites-04-vagas-1511929284,olx,fortaleza,Meireles,-3.726115846153846,-38.50279930769231,centroide_bairro,3900000.0,340.0,11470.59,4,,Edifício Delos | Meireles | 340m² | 04 Suites | 04 Vagas,,2026-10-02T23:57:28,faixa 1800-5000 mil
https://ce.olx.com.br/fortaleza-e-regiao/imoveis/apartamento-com-4-quartos-a-venda-em-manoel-dias-branco-ce-1530611812,olx,fortaleza,Manuel Dias Branco,,,,1871000.0,163.0,11478.53,4,,Apartamento com 4 quartos à venda em Manoel Dias Branco - CE,,2026-10-02T23:57:28,faixa 1800-5000 mil
https://www.zapimoveis.com.br/imovel/venda-apartamento-3-quartos-com-piscina-coco-fortaleza-ce-165m2-id-2894853315/,zapimoveis,fortaleza,Cocó,-3.744664,-38.477146,exata,1900000.0,165.0,11515.15,3,torre,,,2026-10-02T23:57:23,faixa 1800-5000 mil
https://ce.olx.com.br/fortaleza-e-regiao/imoveis/apartamento-no-bairro-guararapes-1535915673,olx,fortaleza,Guararapes,-3.76359025,-38.48862325,centroide_bairro,2400000.0,208.0,11538.46,4,,Apartamento no bairro Guararapes,,2026-10-02T23:57:26,faixa 1800-5000 mil
https://ce.olx.com.br/fortaleza-e-regiao/imoveis/apartamento-no-guararapes-projetado-1536667225,olx,fortaleza,Guararapes,-3.76359025,-38.48862325,centroide_bairro,1847000.0,160.0,11543.75,4,,apartamento no Guararapes projetado,,2026-10-02T23:57:26,faixa 1800-5000 mil
https://ce.olx.com.br/fortaleza-e-regiao/imoveis/imovel-para-venda-possui-190-metros-quadrados-com-4-quartos-em-papicu-fortaleza-ce-1536366285,olx,fortaleza,Papicu,,,,2200000.0,190.0,11578.95,4,,Imóvel para venda possui 190 metros quadrados com 4 quartos em Papicu - Fortaleza - CE,,2026-10-02T23:57:26,faixa 1800-5000 mil
https://ce.olx.com.br/fortaleza-e-regiao/imoveis/condominio-broadway-1529388956,olx,fortaleza,Papicu,,,,2200000.0,190.0,11578.95,5,,CONDOMINIO BROADWAY,,2026-10-02T23:57:30,faixa 1800-5000 mil
https://ce.olx.com.br/fortaleza-e-regiao/imoveis/apartamento-a-venda-no-edificio-green-life-3-no-guararapes-164m-3-suites-4-vagas-port-1513372143,olx,fortaleza,Guararapes,-3.76359025,-38.48862325,centroide_bairro,1900000.0,164.0,11585.37,3,,"Apartamento à venda no Edifício Green Life 3 no Guararapes  164m², 3 suítes, 4 vagas, port",,2026-10-02T23:57:23,faixa 1800-5000 mil
https://ce.olx.com.br/fortaleza-e-regiao/imoveis/cobertura-duplex-3-quartos-2-suites-181-39-m-a-venda-por-r-2-100-000-00-1537986359,olx,fortaleza,Mucuripe,,,,2100000.0,181.0,11602.21,3,,"Cobertura Duplex, 3 quartos, 2 suítes, 181,39 m² à venda por R$ 2.100.000,00",,2026-10-02T23:57:26,faixa 1800-5000 mil
https://ce.olx.com.br/fortaleza-e-regiao/imoveis/ed-brisamar-na-beira-mar-1530883309,olx,fortaleza,Mucuripe,,,,4300000.0,370.0,11621.62,4,,Ed. Brisamar na Beira Mar,,2026-10-02T23:57:26,faixa 1800-5000 mil
https://ce.olx.com.br/fortaleza-e-regiao/imoveis/apartamento-para-vender-com-5-quartos-4-suites-no-bairro-mucuripe-em-fortaleza-1539614381,olx,fortaleza,Mucuripe,,,,4300000.0,370.0,11621.62,5,,Apartamento Para Vender com 5 quartos 4 suítes no bairro Mucuripe em Fortaleza,,2026-10-02T23:57:24,faixa 1800-5000 mil
https://www.chavesnamao.com.br/imovel/apartamento-a-venda-4-quartos-com-garagem-ce-fortaleza-meireles-208m2-RS2418000/id-35246904/,chavesnamao,fortaleza,Meireles,-3.726115846153846,-38.50279930769231,centroide_bairro,2418000.0,208.0,11625.0,4,,,,2026-10-02T23:57:22,faixa 1800-5000 mil
https://ce.olx.com.br/fortaleza-e-regiao/imoveis/apartamento-de-luxo-430-m-no-meireles-fortaleza-ce-1515153803,olx,fortaleza,Meireles,-3.726115846153846,-38.50279930769231,centroide_bairro,5000000.0,430.0,11627.91,4,,"Apartamento de Luxo 430 m² no Meireles  Fortaleza, CE",,2026-10-02T23:57:28,faixa 1800-5000 mil
https://ce.olx.com.br/fortaleza-e-regiao/imoveis/triplex-com-4-quartos-a-venda-em-engenheiro-luciano-cavalcante-ce-1531473753,olx,fortaleza,Engenheiro Luciano Cavalcante,-3.7715042857142858,-38.48923114285714,centroide_bairro,5000000.0,428.0,11682.24,4,,Triplex com 4 quartos à venda em Engenheiro luciano cavalcante - CE,,2026-10-02T23:57:28,faixa 1800-5000 mil
https://ce.olx.com.br/fortaleza-e-regiao/imoveis/apartamento-a-venda-na-beira-mar-de-fortaleza-1531552818,olx,fortaleza,Mucuripe,,,,2400000.0,205.0,11707.32,3,,Apartamento à Venda na Beira Mar de Fortaleza,,2026-10-02T23:57:28,faixa 1800-5000 mil
https://ce.olx.com.br/fortaleza-e-regiao/imoveis/apartamento-com-3-suites-a-venda-221-m-por-r-2-600-000-mucuripe-fortaleza-ce-1535887630,olx,fortaleza,Mucuripe,,,,2600000.0,221.0,11764.71,3,,"Apartamento com 3 suítes à venda, 221 m² por R$ 2.600.000 - Mucuripe - Fortaleza/CE",,2026-10-02T23:57:26,faixa 1800-5000 mil
https://ce.olx.com.br/fortaleza-e-regiao/imoveis/apartamento-para-venda-em-fortaleza-meireles-3-dormitorios-3-suites-5-banheiros-4-vag-1532953077,olx,fortaleza,Meireles,-3.726115846153846,-38.50279930769231,centroide_bairro,2200000.0,187.0,11764.71,3,,"Apartamento para Venda em Fortaleza, Meireles, 3 dormitórios, 3 suítes, 5 banheiros, 4 vag",,2026-10-02T23:57:28,faixa 1800-5000 mil
https://ce.olx.com.br/fortaleza-e-regiao/imoveis/apartamento-com-4-dormitorios-a-venda-186-m-por-r-2-200-000-00-meireles-fortaleza-c-1491926618,olx,fortaleza,Meireles,-3.726115846153846,-38.50279930769231,centroide_bairro,2200000.0,186.0,11827.96,4,,"Apartamento com 4 dormitórios à venda, 186 m² por R$ 2.200.000,00 - Meireles - Fortaleza/C",,2026-10-02T23:57:24,faixa 1800-5000 mil
https://ce.olx.com.br/fortaleza-e-regiao/imoveis/apartamento-com-4-dormitorios-a-venda-186-m-por-r-2-200-000-00-meireles-fortaleza-c-1494756464,olx,fortaleza,Meireles,-3.726115846153846,-38.50279930769231,centroide_bairro,2200000.0,186.0,11827.96,4,,"Apartamento com 4 dormitórios à venda, 186 m² por R$ 2.200.000,00 - Meireles - Fortaleza/C",,2026-10-02T23:57:28,faixa 1800-5000 mil
https://ce.olx.com.br/fortaleza-e-regiao/imoveis/apartamento-alto-padrao-aldeota-cod0332-1467422768,olx,fortaleza,Aldeota,-3.735223222222222,-38.501520444444445,centroide_bairro,1990181.0,168.0,11846.32,3,,Apartamento Alto Padrão Aldeota Cod0332,,2026-10-02T23:57:26,faixa 1800-5000 mil
https://ce.olx.com.br/fortaleza-e-regiao/imoveis/apartamento-com-4-dormitorios-a-venda-177-m-por-r-2-100-000-00-guararapes-fortaleza-1520663729,olx,fortaleza,Guararapes,-3.76359025,-38.48862325,centroide_bairro,2100000.0,177.0,11864.41,4,,"Apartamento com 4 dormitórios à venda, 177 m² por R$ 2.100.000,00 - Guararapes - Fortaleza",,2026-10-02T23:57:24,faixa 1800-5000 mil
https://ce.olx.com.br/fortaleza-e-regiao/imoveis/apartamento-com-4-dormitorios-a-venda-177-m-por-r-2-100-000-00-guararapes-fortaleza-1521763623,olx,fortaleza,Guararapes,-3.76359025,-38.48862325,centroide_bairro,2100000.0,177.0,11864.41,4,,"Apartamento com 4 dormitórios à venda, 177 m² por R$ 2.100.000,00 - Guararapes - Fortaleza",,2026-10-02T23:57:24,faixa 1800-5000 mil
https://ce.olx.com.br/fortaleza-e-regiao/imoveis/imovel-para-venda-possui-151-metros-quadrados-com-4-quartos-em-aldeota-fortaleza-ce-1529622435,olx,fortaleza,Aldeota,-3.735223222222222,-38.501520444444445,centroide_bairro,1800000.0,151.0,11920.53,4,,Imóvel para venda possui 151 metros quadrados com 4 quartos em Aldeota - Fortaleza - CE,,2026-10-02T23:57:30,faixa 1800-5000 mil
https://ce.olx.com.br/fortaleza-e-regiao/imoveis/apartamento-duplex-com-4-quartos-a-venda-164-m-por-r-1-960-000-luciano-cavalcante-f-1529238078,olx,fortaleza,Engenheiro Luciano Cavalcante,-3.7715042857142858,-38.48923114285714,centroide_bairro,1960000.0,164.0,11951.22,4,,"Apartamento Duplex com 4 quartos à venda, 164 m² por R$ 1.960.000 - Luciano Cavalcante - F",,2026-10-02T23:57:30,faixa 1800-5000 mil
https://ce.olx.com.br/fortaleza-e-regiao/imoveis/apartamento-living-resort-163m2-04-suites-dunas-fortaleza-1075806637,olx,fortaleza,Manuel Dias Branco,,,,1950000.0,163.0,11963.19,4,,"Apartamento Living Resort , 163m2, 04 suítes , Dunas, Fortaleza",,2026-10-02T23:57:23,faixa 1800-5000 mil
https://ce.olx.com.br/fortaleza-e-regiao/imoveis/apartamento-beira-mar-350-m-bairro-meireles-1535915786,olx,fortaleza,Mucuripe,,,,4200000.0,350.0,12000.0,4,,"Apartamento Beira-Mar, 350 m², Bairro Meireles",,2026-10-02T23:57:26,faixa 1800-5000 mil
https://www.zapimoveis.com.br/imovel/venda-apartamento-3-quartos-com-piscina-aldeota-fortaleza-ce-150m2-id-2906820744/,zapimoveis,fortaleza,Aldeota,-3.741365,-38.498337,exata,1800000.0,150.0,12000.0,3,torre,,,2026-10-02T23:57:23,faixa 1800-5000 mil
https://ce.olx.com.br/fortaleza-e-regiao/imoveis/tulip-du-park-233m2-liga-9-87-48-31-08-diego9989f-dfatimvian-coco-meireles-mucuripe-fatima-1465366393,olx,fortaleza,Cocó,-3.7442752500000003,-38.47988975,centroide_bairro,2800000.0,233.0,12017.17,5,,Tulip Du Park 233m2 liga 9 87 48 31 08 Diego9989f dfatimvian cocó Meireles Mucuripe fátima,,2026-10-02T23:57:28,faixa 1800-5000 mil
https://ce.olx.com.br/fortaleza-e-regiao/imoveis/edificio-essenza-1538040544,olx,fortaleza,Aldeota,-3.735223222222222,-38.501520444444445,centroide_bairro,1900000.0,158.0,12025.32,3,,Edíficio Essenza,,2026-10-02T23:57:23,faixa 1800-5000 mil
https://ce.olx.com.br/fortaleza-e-regiao/imoveis/ap-alto-padrao-com-3-suites-no-guararapes-1535915891,olx,fortaleza,Guararapes,-3.76359025,-38.48862325,centroide_bairro,2050000.0,170.0,12058.82,3,,Ap alto padrão com 3 suítes no Guararapes,,2026-10-02T23:57:26,faixa 1800-5000 mil
https://ce.olx.com.br/fortaleza-e-regiao/imoveis/terrasse-alto-padrao-no-guararapes-177m2-1539941922,olx,fortaleza,Guararapes,-3.76359025,-38.48862325,centroide_bairro,2050000.0,170.0,12058.82,4,,TERRASSE - ALTO PADRÃO NO GUARARAPES -  177m2,,2026-10-02T23:57:24,faixa 1800-5000 mil
https://ce.olx.com.br/fortaleza-e-regiao/imoveis/apartamento-av-beira-mar-231-m-03-suites-escritorio-1531660282,olx,fortaleza,Meireles,-3.726115846153846,-38.50279930769231,centroide_bairro,2800000.0,232.0,12068.97,4,,Apartamento Av. Beira-Mar 231 m² | 03 Suítes + Escritório,,2026-10-02T23:57:28,faixa 1800-5000 mil
https://www.zapimoveis.com.br/imovel/venda-apartamento-4-quartos-com-piscina-engenheiro-luciano-cavalcante-fortaleza-ce-182m2-id-2877984581/,zapimoveis,fortaleza,Engenheiro Luciano Cavalcante,-3.776727,-38.483077,exata,2199000.0,182.0,12082.42,4,indefinido,,,2026-10-02T23:57:23,faixa 1800-5000 mil
https://www.zapimoveis.com.br/imovel/venda-apartamento-3-quartos-com-piscina-meireles-fortaleza-ce-165m2-id-2902463000/,zapimoveis,fortaleza,Meireles,-3.723556,-38.509292,exata,2000000.0,165.0,12121.21,3,torre,,,2026-10-02T23:57:23,faixa 1800-5000 mil
https://www.chavesnamao.com.br/imovel/apartamento-a-venda-5-quartos-com-garagem-ce-fortaleza-meireles-RS4000000/id-39494410/,chavesnamao,fortaleza,Meireles,-3.726115846153846,-38.50279930769231,centroide_bairro,4000000.0,330.0,12121.21,5,,,,2026-10-02T23:57:22,faixa 1800-5000 mil
https://ce.olx.com.br/fortaleza-e-regiao/imoveis/turris-163m2-3-suites-3vagas-liga-9-87-48-31-08-diego9989f-dbrunarrud-1481441137,olx,fortaleza,Meireles,-3.726115846153846,-38.50279930769231,centroide_bairro,1990000.0,163.0,12208.59,4,,Turris 163m2 3 suítes 3vagas liga 9 87 48 31 08 Diego9989F dbrunarrud,,2026-10-02T23:57:28,faixa 1800-5000 mil
https://www.chavesnamao.com.br/imovel/apartamento-a-venda-4-quartos-com-garagem-ce-fortaleza-aldeota-RS2735321/id-15819593/,chavesnamao,fortaleza,Aldeota,-3.735223222222222,-38.501520444444445,centroide_bairro,2735321.0,224.0,12211.25,4,,,,2026-10-02T23:57:21,faixa 1800-5000 mil
https://ce.olx.com.br/fortaleza-e-regiao/imoveis/imovel-para-venda-com-167-metros-quadrados-com-4-quartos-em-coco-fortaleza-ce-1540364312,olx,fortaleza,Cocó,-3.7442752500000003,-38.47988975,centroide_bairro,2040000.0,167.0,12215.57,4,,Imóvel para venda com 167 metros quadrados com 4 quartos em Cocó - Fortaleza - CE,,2026-10-02T23:57:24,faixa 1800-5000 mil
https://ce.olx.com.br/fortaleza-e-regiao/imoveis/apartamento-para-venda-em-fortaleza-coco-4-dormitorios-4-suites-4-banheiros-3-vagas-1540370256,olx,fortaleza,Cocó,-3.7442752500000003,-38.47988975,centroide_bairro,2045000.0,167.0,12245.51,4,,"Apartamento para Venda em Fortaleza, Cocó, 4 dormitórios, 4 suítes, 4 banheiros, 3 vagas",,2026-10-02T23:57:24,faixa 1800-5000 mil
https://ce.olx.com.br/fortaleza-e-regiao/imoveis/apartamento-a-venda-com-4-suites-no-bairro-coco-1540181980,olx,fortaleza,Cocó,-3.7442752500000003,-38.47988975,centroide_bairro,2045000.0,167.0,12245.51,4,,Apartamento a venda com 4 suites no bairro Cocó,,2026-10-02T23:57:24,faixa 1800-5000 mil
https://ce.olx.com.br/fortaleza-e-regiao/imoveis/apartamento-no-meireles-em-frente-ao-circulo-militar-de-fortaleza-648835766,olx,fortaleza,Meireles,-3.726115846153846,-38.50279930769231,centroide_bairro,3100000.0,253.0,12252.96,5,,Apartamento no Meireles - Em frente ao Círculo Militar de Fortaleza,,2026-10-02T23:57:28,faixa 1800-5000 mil
https://ce.olx.com.br/fortaleza-e-regiao/imoveis/apartamento-com-3-dormitorios-a-venda-158-m-por-r-1-950-000-00-coco-fortaleza-ce-1530100044,olx,fortaleza,Tauape,,,,1950000.0,159.0,12264.15,3,,"Apartamento com 3 dormitórios à venda, 158 m² por R$ 1.950.000,00 - Cocó - Fortaleza/CE",,2026-10-02T23:57:30,faixa 1800-5000 mil
https://ce.olx.com.br/fortaleza-e-regiao/imoveis/apartamento-para-venda-em-fortaleza-meireles-3-dormitorios-3-suites-5-banheiros-3-vag-1531875028,olx,fortaleza,Meireles,-3.726115846153846,-38.50279930769231,centroide_bairro,2297000.0,187.0,12283.42,3,,"Apartamento para Venda em Fortaleza, Meireles, 3 dormitórios, 3 suítes, 5 banheiros, 3 vag",,2026-10-02T23:57:28,faixa 1800-5000 mil
https://ce.olx.com.br/fortaleza-e-regiao/imoveis/apto-com-tres-suites-coco-162m-1513688461,olx,fortaleza,Guararapes,-3.76359025,-38.48862325,centroide_bairro,1990000.0,162.0,12283.95,3,,Apto com três suítes - Cocó  - 162m²,,2026-10-02T23:57:30,faixa 1800-5000 mil
https://ce.olx.com.br/fortaleza-e-regiao/imoveis/imovel-para-venda-com-333-metros-quadrados-com-4-quartos-em-mucuripe-fortaleza-ce-1537653596,olx,fortaleza,Mucuripe,,,,4100000.0,333.0,12312.31,4,,Imóvel para venda com 333 metros quadrados com 4 quartos em Mucuripe - Fortaleza - CE,,2026-10-02T23:57:26,faixa 1800-5000 mil
https://ce.olx.com.br/fortaleza-e-regiao/imoveis/apartamento-com-3-quartos-a-venda-em-sao-joao-do-tauape-ce-1530612064,olx,fortaleza,Tauape,,,,1900000.0,154.0,12337.66,3,,Apartamento com 3 quartos à venda em São João Do Tauape - CE,,2026-10-02T23:57:28,faixa 1800-5000 mil
https://ce.olx.com.br/fortaleza-e-regiao/imoveis/edificio-flamboyant-du-parc-1513637660,olx,fortaleza,Cocó,-3.7442752500000003,-38.47988975,centroide_bairro,2400000.0,194.0,12371.13,3,,Edíficio Flamboyant du Parc,,2026-10-02T23:57:24,faixa 1800-5000 mil
https://ce.olx.com.br/fortaleza-e-regiao/imoveis/edificio-andorra-meireles-153m-03-suites-03-vagas-1507782367,olx,fortaleza,Meireles,-3.726115846153846,-38.50279930769231,centroide_bairro,1895000.0,153.0,12385.62,3,,Edifício Andorra | Meireles | 153m² | 03 Suítes | 03 Vagas,,2026-10-02T23:57:28,faixa 1800-5000 mil
https://ce.olx.com.br/fortaleza-e-regiao/imoveis/apartamento-vista-mar-a-venda-meireles-fortaleza-1498305852,olx,fortaleza,Mucuripe,,,,4090000.0,330.0,12393.94,3,,"Apartamento Vista Mar à Venda | Meireles, Fortaleza",,2026-10-02T23:57:24,faixa 1800-5000 mil
https://ce.olx.com.br/fortaleza-e-regiao/imoveis/excelente-oportunidade-no-condominio-ilhas-do-parque-1534571448,olx,fortaleza,Cocó,-3.7442752500000003,-38.47988975,centroide_bairro,2050000.0,165.0,12424.24,4,,EXCELENTE OPORTUNIDADE NO CONDOMÍNIO ILHAS DO PARQUE,,2026-10-02T23:57:28,faixa 1800-5000 mil
https://www.zapimoveis.com.br/imovel/venda-apartamento-3-quartos-mobiliado-guararapes-fortaleza-ce-168m2-id-2910724819/,zapimoveis,fortaleza,Guararapes,-3.758905,-38.490975,exata,2100000.0,168.0,12500.0,3,torre,VILLAGE RESIDENCE,,2026-10-02T23:57:23,faixa 1800-5000 mil
https://www.zapimoveis.com.br/imovel/venda-apartamento-3-quartos-com-piscina-coco-fortaleza-ce-144m2-id-2911009140/,zapimoveis,fortaleza,Cocó,-3.744854,-38.477559,exata,1800000.0,144.0,12500.0,3,indefinido,,,2026-10-02T23:57:23,faixa 1800-5000 mil
https://www.chavesnamao.com.br/imovel/apartamento-a-venda-3-quartos-com-garagem-ce-fortaleza-guararapes-148m2-RS1850000/id-41613742/,chavesnamao,fortaleza,Guararapes,-3.76359025,-38.48862325,centroide_bairro,1850000.0,148.0,12500.0,3,,,,2026-10-02T23:57:22,faixa 1800-5000 mil
https://ce.olx.com.br/fortaleza-e-regiao/imoveis/apartamento-de-188m-no-meireles-com-4-suites-e-3-vagas-1540561330,olx,fortaleza,Meireles,-3.726115846153846,-38.50279930769231,centroide_bairro,2370000.0,188.0,12606.38,4,,"Apartamento de 188m² no Meireles, com 4 suítes e 3 vagas.",,2026-10-02T23:57:23,faixa 1800-5000 mil
https://ce.olx.com.br/fortaleza-e-regiao/imoveis/apartamento-com-4-dormitorios-a-venda-332-m-por-r-4-200-000-00-meireles-fortaleza-c-1355988509,olx,fortaleza,Meireles,-3.726115846153846,-38.50279930769231,centroide_bairro,4200000.0,333.0,12612.61,4,,"Apartamento com 4 dormitórios à venda, 332 m² por R$ 4.200.000,00 - Meireles - Fortaleza/C",,2026-10-02T23:57:28,faixa 1800-5000 mil
https://www.zapimoveis.com.br/imovel/venda-apartamento-4-quartos-com-piscina-engenheiro-luciano-cavalcante-fortaleza-ce-182m2-id-2888582078/,zapimoveis,fortaleza,Engenheiro Luciano Cavalcante,-3.776727,-38.483077,exata,2300000.0,182.0,12637.36,4,torre,,,2026-10-02T23:57:23,faixa 1800-5000 mil
https://ce.olx.com.br/fortaleza-e-regiao/imoveis/apartamento-com-153-90m-de-area-privativa-na-aldeota-1539807694,olx,fortaleza,Aldeota,-3.735223222222222,-38.501520444444445,centroide_bairro,1950000.0,154.0,12662.34,4,,"Apartamento com 153,90m² de área privativa, na Aldeota",,2026-10-02T23:57:24,faixa 1800-5000 mil
https://ce.olx.com.br/fortaleza-e-regiao/imoveis/absolut-projetado-1534795236,olx,fortaleza,Aldeota,-3.735223222222222,-38.501520444444445,centroide_bairro,1940000.0,153.0,12679.74,3,,ABSOLUT PROJETADO,,2026-10-02T23:57:26,faixa 1800-5000 mil
https://ce.olx.com.br/fortaleza-e-regiao/imoveis/absolut-condominium-aldeota-153m-03-suites-03-vagas-1512931524,olx,fortaleza,Aldeota,-3.735223222222222,-38.501520444444445,centroide_bairro,1950000.0,153.0,12745.1,3,,Absolut Condominium | Aldeota | 153m² | 03 Suítes | 03 vagas,,2026-10-02T23:57:28,faixa 1800-5000 mil
https://ce.olx.com.br/fortaleza-e-regiao/imoveis/apto-153m-c-excelente-localizacao-na-aldeota-03-suites-ampla-sala-integrada-a-varanda-1530467123,olx,fortaleza,Aldeota,-3.735223222222222,-38.501520444444445,centroide_bairro,1950000.0,153.0,12745.1,3,,"Apto. 153m² c/ excelente localização na Aldeota, 03 suítes, ampla sala integrada à varanda",,2026-10-02T23:57:28,faixa 1800-5000 mil
https://ce.olx.com.br/fortaleza-e-regiao/imoveis/absolut-condominium-apartamento-com-3-dormitorios-a-venda-153-m-por-r-1-950-000-aldeo-1529494696,olx,fortaleza,Aldeota,-3.735223222222222,-38.501520444444445,centroide_bairro,1950000.0,153.0,12745.1,3,,"Absolut condominium apartamento com 3 dormitórios à venda, 153 m² por R$ 1.950.000 - Aldeo",,2026-10-02T23:57:30,faixa 1800-5000 mil
https://ce.olx.com.br/fortaleza-e-regiao/imoveis/apartamento-para-venda-em-fortaleza-aldeota-3-dormitorios-3-suites-3-banheiros-3-vaga-1538356618,olx,fortaleza,Aldeota,-3.735223222222222,-38.501520444444445,centroide_bairro,1950000.0,153.0,12745.1,3,,"Apartamento para Venda em Fortaleza, Aldeota, 3 dormitórios, 3 suítes, 3 banheiros, 3 vaga",,2026-10-02T23:57:26,faixa 1800-5000 mil
https://ce.olx.com.br/fortaleza-e-regiao/imoveis/apartamento-com-4-suites-a-venda-350-m-por-r-4-500-000-meireles-fortaleza-ce-1529312420,olx,fortaleza,Meireles,-3.726115846153846,-38.50279930769231,centroide_bairro,4500000.0,350.0,12857.14,4,,"Apartamento com 4 suítes à venda, 350 m² por R$ 4.500.000 - Meireles - Fortaleza/CE",,2026-10-02T23:57:30,faixa 1800-5000 mil
https://ce.olx.com.br/fortaleza-e-regiao/imoveis/225m2-3vagas-liga-9-87-48-31-08diego9989f-vista-del-mare-dcristin13tuu-1400833561,olx,fortaleza,Meireles,-3.726115846153846,-38.50279930769231,centroide_bairro,2900000.0,225.0,12888.89,4,,225m2 3vagas liga 9 87 48 31 08DIEGO9989f vista del mare dcristin13tuu,,2026-10-02T23:57:26,faixa 1800-5000 mil
https://ce.olx.com.br/fortaleza-e-regiao/imoveis/vista-del-mare-liga-9-87-48-31-08-diego9989f-dcristin-1400832993,olx,fortaleza,Meireles,-3.726115846153846,-38.50279930769231,centroide_bairro,2900000.0,225.0,12888.89,4,,Vista Del Maré liga 9 87 48 31 08 DIEGO9989F DCRISTIN,,2026-10-02T23:57:26,faixa 1800-5000 mil
https://ce.olx.com.br/fortaleza-e-regiao/imoveis/apartamento-para-venda-no-luciano-cavalcante-com182m-4-quartos-e-4-vagas-1538196749,olx,fortaleza,Engenheiro Luciano Cavalcante,-3.7715042857142858,-38.48923114285714,centroide_bairro,2350000.0,182.0,12912.09,4,,"Apartamento para venda no Luciano Cavalcante com182m², 4 quartos e 4 vagas",,2026-10-02T23:57:26,faixa 1800-5000 mil
https://www.zapimoveis.com.br/imovel/venda-apartamento-3-quartos-guararapes-fortaleza-ce-146m2-id-2888900578/,zapimoveis,fortaleza,Engenheiro Luciano Cavalcante,-3.768715,-38.491841,exata,1890000.0,146.0,12945.21,3,indefinido,,,2026-10-02T23:57:23,faixa 1800-5000 mil
https://ce.olx.com.br/fortaleza-e-regiao/imoveis/imovel-para-venda-possui-162-metros-quadrados-com-3-quartos-em-aldeota-fortaleza-ce-1536942510,olx,fortaleza,Aldeota,-3.735223222222222,-38.501520444444445,centroide_bairro,2100000.0,162.0,12962.96,3,,Imóvel para venda possui 162 metros quadrados com 3 quartos em Aldeota - Fortaleza - CE,,2026-10-02T23:57:26,faixa 1800-5000 mil
https://ce.olx.com.br/fortaleza-e-regiao/imoveis/luxo-conforto-e-porteira-fechada-exclusivo-150m-em-andar-alto-na-aldeota-com-vista-pan-1535685059,olx,fortaleza,Aldeota,-3.735223222222222,-38.501520444444445,centroide_bairro,1950000.0,150.0,13000.0,3,,"Luxo, Conforto e Porteira fechada: Exclusivo 150m² em Andar Alto na Aldeota, com Vista Pan",,2026-10-02T23:57:26,faixa 1800-5000 mil
https://ce.olx.com.br/fortaleza-e-regiao/imoveis/green-park-porteira-fechada-apartamento-323m2-4-suites-e-5-vagas-andar-alto-coco-1536750346,olx,fortaleza,Aldeota,-3.735223222222222,-38.501520444444445,centroide_bairro,4200000.0,323.0,13003.1,4,,GREEN PARK - PORTEIRA FECHADA - Apartamento 323m2 (4 suítes e 5 vagas) - Andar Alto - Cocó,,2026-10-02T23:57:26,faixa 1800-5000 mil
https://ce.olx.com.br/fortaleza-e-regiao/imoveis/espetaculo-de-imovel-no-coco-padrao-bspar-com-lazer-i-1539302875,olx,fortaleza,Cocó,-3.7442752500000003,-38.47988975,centroide_bairro,2150000.0,165.0,13030.3,3,,"Espetáculo de imóvel no cocó padrâo bspar ,com lazer .i",,2026-10-02T23:57:24,faixa 1800-5000 mil
https://ce.olx.com.br/fortaleza-e-regiao/imoveis/imovel-para-venda-com-165-metros-quadrados-com-3-quartos-em-coco-fortaleza-ce-1531252631,olx,fortaleza,Cocó,-3.7442752500000003,-38.47988975,centroide_bairro,2150000.0,165.0,13030.3,3,,Imóvel para venda com 165 metros quadrados com 3 quartos em Cocó - Fortaleza - CE,,2026-10-02T23:57:28,faixa 1800-5000 mil
https://ce.olx.com.br/fortaleza-e-regiao/imoveis/apartamento-165-m-3-suites-lazer-completo-3-vagas-a-venda-por-r-2-150-000-00-no-bairr-1536509754,olx,fortaleza,Cocó,-3.7442752500000003,-38.47988975,centroide_bairro,2150000.0,165.0,13030.3,3,,"Apartamento 165 m², 3 suítes, lazer completo, 3 vagas à venda por R$ 2.150.000,00 no Bairr",,2026-10-02T23:57:26,faixa 1800-5000 mil
https://ce.olx.com.br/fortaleza-e-regiao/imoveis/nautilus-coco-a-venda-porteira-fechada-1534287526,olx,fortaleza,Cocó,-3.7442752500000003,-38.47988975,centroide_bairro,3000000.0,230.0,13043.48,4,,Nautilus Cocó a venda Porteira Fechada,,2026-10-02T23:57:28,faixa 1800-5000 mil
https://ce.olx.com.br/fortaleza-e-regiao/imoveis/apartamento-com-3-quartos-a-venda-em-aldeota-ce-1509201796,olx,fortaleza,Aldeota,-3.735223222222222,-38.501520444444445,centroide_bairro,1950000.0,149.0,13087.25,3,,Apartamento com 3 quartos à venda em Aldeota - CE,,2026-10-02T23:57:23,faixa 1800-5000 mil
https://ce.olx.com.br/fortaleza-e-regiao/imoveis/apartamento-com-4-suites-a-venda-213-m-por-r-2-800-000-guararapes-fortaleza-ce-1530435573,olx,fortaleza,Guararapes,-3.76359025,-38.48862325,centroide_bairro,2800000.0,213.0,13145.54,4,,"Apartamento com 4 suítes à venda, 213 m² por R$ 2.800.000 - Guararapes - Fortaleza/CE",,2026-10-02T23:57:30,faixa 1800-5000 mil
https://ce.olx.com.br/fortaleza-e-regiao/imoveis/edificio-symbolo-1517220519,olx,fortaleza,Dionisio Torres,,,,2999000.0,228.0,13153.51,3,,EDIFÍCIO SYMBOLO,,2026-10-02T23:57:24,faixa 1800-5000 mil
https://ce.olx.com.br/fortaleza-e-regiao/imoveis/port-valencia-aldeota-162-59m-l-03-suites-03-vagas-porteira-fechada-1511133698,olx,fortaleza,Dionisio Torres,,,,2150000.0,163.0,13190.18,3,,"Port Valencia | Aldeota | 162,59m² l 03 Suítes | 03 Vagas | Porteira fechada",,2026-10-02T23:57:28,faixa 1800-5000 mil
https://ce.olx.com.br/fortaleza-e-regiao/imoveis/apartamento-com-4-dormitorios-a-venda-341-m-por-r-4-500-000-00-meireles-fortaleza-c-1314259949,olx,fortaleza,Meireles,-3.726115846153846,-38.50279930769231,centroide_bairro,4500000.0,341.0,13196.48,4,,"Apartamento com 4 dormitórios à venda, 341 m² por R$ 4.500.000,00 - Meireles - Fortaleza/C",,2026-10-02T23:57:26,faixa 1800-5000 mil
https://ce.olx.com.br/fortaleza-e-regiao/imoveis/imovel-para-venda-tem-325-metros-quadrados-com-4-quartos-em-meireles-fortaleza-ce-1335301402,olx,fortaleza,Meireles,-3.726115846153846,-38.50279930769231,centroide_bairro,4300000.0,325.0,13230.77,4,,Imóvel para venda tem 325 metros quadrados com 4 quartos em Meireles - Fortaleza - CE,,2026-10-02T23:57:26,faixa 1800-5000 mil
https://ce.olx.com.br/fortaleza-e-regiao/imoveis/apartamento-com-4-dormitorios-a-venda-219-m-por-r-2-900-000-00-mucuripe-fortaleza-c-1530088193,olx,fortaleza,Mucuripe,,,,2900000.0,219.0,13242.01,4,,"Apartamento com 4 dormitórios à venda, 219 m² por R$ 2.900.000,00 - Mucuripe - Fortaleza/C",,2026-10-02T23:57:30,faixa 1800-5000 mil
https://www.chavesnamao.com.br/imovel/apartamento-a-venda-3-quartos-com-garagem-ce-fortaleza-patriolino-ribeiro-RS2200000/id-39206571/,chavesnamao,fortaleza,Patriolino Ribeiro,,,,2200000.0,166.0,13253.01,3,,,,2026-10-02T23:57:22,faixa 1800-5000 mil
https://ce.olx.com.br/fortaleza-e-regiao/imoveis/apartamento-com-4-dormitorios-a-venda-245-m-por-r-3-249-000-00-guararapes-fortaleza-1453159571,olx,fortaleza,Guararapes,-3.76359025,-38.48862325,centroide_bairro,3249000.0,245.0,13261.22,4,,"Apartamento com 4 dormitórios à venda, 245 m² por R$ 3.249.000,00 - Guararapes - Fortaleza",,2026-10-02T23:57:24,faixa 1800-5000 mil
https://ce.olx.com.br/fortaleza-e-regiao/imoveis/apartamento-com-4-dormitorios-a-venda-245-m-por-r-3-249-000-00-guararapes-fortaleza-1491903262,olx,fortaleza,Guararapes,-3.76359025,-38.48862325,centroide_bairro,3249000.0,245.0,13261.22,4,,"Apartamento com 4 dormitórios à venda, 245 m² por R$ 3.249.000,00 - Guararapes - Fortaleza",,2026-10-02T23:57:26,faixa 1800-5000 mil
https://ce.olx.com.br/fortaleza-e-regiao/imoveis/apartamento-com-4-quartos-a-venda-em-meireles-ce-1342999434,olx,fortaleza,Meireles,-3.726115846153846,-38.50279930769231,centroide_bairro,4500000.0,339.0,13274.34,4,,Apartamento com 4 quartos à venda em Meireles - CE,,2026-10-02T23:57:23,faixa 1800-5000 mil
https://ce.olx.com.br/fortaleza-e-regiao/imoveis/apartamento-para-venda-com-339-metros-quadrados-com-4-quartos-em-meireles-fortaleza-ce-1078536648,olx,fortaleza,Meireles,-3.726115846153846,-38.50279930769231,centroide_bairro,4500000.0,339.0,13274.34,4,,Apartamento para venda com 339 metros quadrados com 4 quartos em Meireles - Fortaleza - CE,,2026-10-02T23:57:28,faixa 1800-5000 mil
https://ce.olx.com.br/fortaleza-e-regiao/imoveis/apartamento-a-venda-com-porteira-fechada-no-condominio-avallon-1539780148,olx,fortaleza,Guararapes,-3.76359025,-38.48862325,centroide_bairro,2350000.0,177.0,13276.84,4,,Apartamento à venda com porteira fechada no Condomínio Avallon.,,2026-10-02T23:57:24,faixa 1800-5000 mil
https://ce.olx.com.br/fortaleza-e-regiao/imoveis/excelente-apto-no-condominio-vivenda-las-palmas-1531435790,olx,fortaleza,Meireles,-3.726115846153846,-38.50279930769231,centroide_bairro,1900000.0,143.0,13286.71,4,,Excelente apto no condomínio Vivenda Las Palmas,,2026-10-02T23:57:28,faixa 1800-5000 mil
https://www.zapimoveis.com.br/imovel/venda-apartamento-3-quartos-com-elevador-praia-de-iracema-fortaleza-ce-225m2-id-2896816875/,zapimoveis,fortaleza,Meireles,-3.721908,-38.509441,exata,2999000.0,225.0,13328.89,3,torre,,,2026-10-02T23:57:23,faixa 1800-5000 mil
https://ce.olx.com.br/fortaleza-e-regiao/imoveis/imovel-para-venda-tem-180-metros-quadrados-com-4-quartos-em-guararapes-fortaleza-ce-1537525314,olx,fortaleza,Guararapes,-3.76359025,-38.48862325,centroide_bairro,2400000.0,180.0,13333.33,4,,Imóvel para venda tem 180 metros quadrados com 4 quartos em Guararapes - Fortaleza - CE,,2026-10-02T23:57:26,faixa 1800-5000 mil
https://ce.olx.com.br/fortaleza-e-regiao/imoveis/apartamento-com-3-dormitorios-a-venda-150-m-por-r-2-000-000-00-aldeota-fortaleza-ce-1346554344,olx,fortaleza,Aldeota,-3.735223222222222,-38.501520444444445,centroide_bairro,2000000.0,150.0,13333.33,3,,"Apartamento com 3 dormitórios à venda, 150 m² por R$ 2.000.000,00 - Aldeota - Fortaleza/CE",,2026-10-02T23:57:24,faixa 1800-5000 mil
https://ce.olx.com.br/fortaleza-e-regiao/imoveis/repasse-casa-macedo-oportunidade-1537970628,olx,fortaleza,Varjota,,,,2200000.0,165.0,13333.33,4,,REPASSE CASA MACEDO - OPORTUNIDADE,,2026-10-02T23:57:26,faixa 1800-5000 mil
https://www.zapimoveis.com.br/imovel/venda-apartamento-4-quartos-meireles-fortaleza-ce-225m2-id-2893303781/,zapimoveis,fortaleza,Meireles,-3.721908,-38.509441,exata,3000000.0,225.0,13333.33,4,torre,,,2026-10-02T23:57:23,faixa 1800-5000 mil
https://www.chavesnamao.com.br/imovel/apartamento-a-venda-4-quartos-com-garagem-ce-fortaleza-patriolino-ribeiro-180m2-RS2400000/id-40716463/,chavesnamao,fortaleza,Patriolino Ribeiro,,,,2400000.0,180.0,13333.33,4,,,,2026-10-02T23:57:22,faixa 1800-5000 mil
https://www.chavesnamao.com.br/imovel/apartamento-a-venda-4-quartos-com-garagem-ce-fortaleza-aldeota-RS2000000/id-36004251/,chavesnamao,fortaleza,Aldeota,-3.735223222222222,-38.501520444444445,centroide_bairro,2000000.0,150.0,13333.33,4,,,,2026-10-02T23:57:22,faixa 1800-5000 mil
https://ce.olx.com.br/fortaleza-e-regiao/imoveis/apartamento-com-3-dormitorios-a-venda-187-m-por-r-2-500-000-00-meireles-fortaleza-c-1118090758,olx,fortaleza,Meireles,-3.726115846153846,-38.50279930769231,centroide_bairro,2500000.0,187.0,13368.98,3,,"Apartamento com 3 dormitórios à venda, 187 m² por R$ 2.500.000,00 - Meireles - Fortaleza/C",,2026-10-02T23:57:23,faixa 1800-5000 mil
https://ce.olx.com.br/fortaleza-e-regiao/imoveis/apartamento-com-4-suites-a-venda-359-m-por-r-4-800-000-meireles-fortaleza-ce-1534719467,olx,fortaleza,Meireles,-3.726115846153846,-38.50279930769231,centroide_bairro,4800000.0,359.0,13370.47,4,,"Apartamento com 4 suítes à venda, 359 m² por R$ 4.800.000 - Meireles - Fortaleza/CE",,2026-10-02T23:57:26,faixa 1800-5000 mil
https://www.zapimoveis.com.br/imovel/venda-apartamento-3-quartos-com-piscina-coco-fortaleza-ce-155m2-id-2684747154/,zapimoveis,fortaleza,Cocó,-3.742583,-38.483854,exata,2097000.0,155.0,13529.03,3,torre,,,2026-10-02T23:57:23,faixa 1800-5000 mil
https://www.zapimoveis.com.br/imovel/venda-apartamento-3-quartos-com-piscina-fatima-fortaleza-ce-166m2-id-2881643477/,zapimoveis,fortaleza,Fátima,-3.747408,-38.530049,exata,2250000.0,166.0,13554.22,3,torre,,,2026-10-02T23:57:23,faixa 1800-5000 mil
https://ce.olx.com.br/fortaleza-e-regiao/imoveis/tango-plaza-de-fatima-novo-10o-andar-166m2-4-suites-dce-3-vagas-e-lazer-completo-1529080606,olx,fortaleza,Fátima,-3.7480404,-38.5295242,centroide_bairro,2250000.0,166.0,13554.22,5,,"Tango Plaza de Fátima, Novo, 10o. Andar, 166m2, 4 Suítes, DCE, 3 Vagas e Lazer Completo",,2026-10-02T23:57:30,faixa 1800-5000 mil
https://ce.olx.com.br/fortaleza-e-regiao/imoveis/uma-localizacao-privilegiada-1535627742,olx,fortaleza,Meireles,-3.726115846153846,-38.50279930769231,centroide_bairro,2200000.0,162.0,13580.25,3,,UMA LOCALIZAÇÃO PRIVILEGIADA.,,2026-10-02T23:57:26,faixa 1800-5000 mil
https://ce.olx.com.br/fortaleza-e-regiao/imoveis/apartamento-de-luxo-no-luciano-cavalcante-cod0365-1502258621,olx,fortaleza,Engenheiro Luciano Cavalcante,-3.7715042857142858,-38.48923114285714,centroide_bairro,2581467.0,189.0,13658.56,5,,Apartamento de Luxo no Luciano Cavalcante Cod0365,,2026-10-02T23:57:26,faixa 1800-5000 mil
https://www.zapimoveis.com.br/imovel/venda-apartamento-3-quartos-mobiliado-engenheiro-luciano-cavalcante-fortaleza-ce-146m2-id-2837924415/,zapimoveis,fortaleza,Engenheiro Luciano Cavalcante,-3.768715,-38.491841,exata,1995000.0,146.0,13664.38,3,torre,,,2026-10-02T23:57:23,faixa 1800-5000 mil
https://www.zapimoveis.com.br/imovel/venda-apartamento-4-quartos-mobiliado-engenheiro-luciano-cavalcante-fortaleza-ce-146m2-id-2847470260/,zapimoveis,fortaleza,Engenheiro Luciano Cavalcante,-3.772,-38.492,aproximada_portal,1995000.0,146.0,13664.38,4,torre,,,2026-10-02T23:57:23,faixa 1800-5000 mil
https://ce.olx.com.br/fortaleza-e-regiao/imoveis/imovel-para-venda-com-138-metros-quadrados-com-3-quartos-em-guararapes-fortaleza-ce-1528442646,olx,fortaleza,Guararapes,-3.76359025,-38.48862325,centroide_bairro,1890000.0,138.0,13695.65,3,,Imóvel para venda com 138 metros quadrados com 3 quartos em Guararapes - Fortaleza - CE,,2026-10-02T23:57:23,faixa 1800-5000 mil
https://ce.olx.com.br/fortaleza-e-regiao/imoveis/apartamento-com-4-suites-a-venda-365-m-por-r-5-000-000-meireles-fortaleza-ce-1529828465,olx,fortaleza,Meireles,-3.726115846153846,-38.50279930769231,centroide_bairro,5000000.0,365.0,13698.63,4,,"Apartamento com 4 suítes à venda, 365 m² por R$ 5.000.000 - Meireles - Fortaleza/CE",,2026-10-02T23:57:30,faixa 1800-5000 mil
https://ce.olx.com.br/fortaleza-e-regiao/imoveis/apartamento-com-4-suites-a-venda-365-m-por-r-5-000-000-meireles-fortaleza-ce-1529828356,olx,fortaleza,Meireles,-3.726115846153846,-38.50279930769231,centroide_bairro,5000000.0,365.0,13698.63,4,,"Apartamento com 4 suítes à venda, 365 m² por R$ 5.000.000 - Meireles - Fortaleza/CE",,2026-10-02T23:57:30,faixa 1800-5000 mil
https://ce.olx.com.br/fortaleza-e-regiao/imoveis/apartamento-a-venda-beira-mar-fortaleza-1512690368,olx,fortaleza,Mucuripe,,,,4800000.0,350.0,13714.29,4,,Apartamento à venda Beira Mar Fortaleza,,2026-10-02T23:57:26,faixa 1800-5000 mil
https://ce.olx.com.br/fortaleza-e-regiao/imoveis/apartamento-com-2-suites-a-venda-164-m-por-r-2-250-000-meireles-fortaleza-ce-1315657748,olx,fortaleza,Meireles,-3.726115846153846,-38.50279930769231,centroide_bairro,2250000.0,164.0,13719.51,2,,"Apartamento com 2 Suítes à Venda, 164 m² por R$ 2.250.000 - Meireles - Fortaleza/CE",,2026-10-02T23:57:23,faixa 1800-5000 mil
https://ce.olx.com.br/fortaleza-e-regiao/imoveis/avallon-residence-apartamento-com-4-dormitorios-a-venda-177-m-por-r-2-430-000-guara-1529788732,olx,fortaleza,Guararapes,-3.76359025,-38.48862325,centroide_bairro,2430000.0,177.0,13728.81,4,,"AVALLON RESIDENCE - Apartamento com 4 dormitórios à venda, 177 m² por R$ 2.430.000 - Guara",,2026-10-02T23:57:30,faixa 1800-5000 mil
https://www.zapimoveis.com.br/imovel/venda-apartamento-4-quartos-mobiliado-engenheiro-luciano-cavalcante-fortaleza-ce-189m2-id-2896389472/,zapimoveis,fortaleza,Engenheiro Luciano Cavalcante,-3.768823,-38.491391,exata,2599000.0,189.0,13751.32,4,torre,,,2026-10-02T23:57:23,faixa 1800-5000 mil
https://ce.olx.com.br/fortaleza-e-regiao/imoveis/symbolo-parque-do-coco-228-m-porteira-fechada-1529794721,olx,fortaleza,Dionisio Torres,,,,3150000.0,229.0,13755.46,3,,SYMBOLO PARQUE DO COCÓ | 228 m² | PORTEIRA FECHADA,,2026-10-02T23:57:30,faixa 1800-5000 mil
https://www.zapimoveis.com.br/imovel/venda-apartamento-3-quartos-com-piscina-guararapes-fortaleza-ce-189m2-id-2915115064/,zapimoveis,fortaleza,Engenheiro Luciano Cavalcante,-3.768823,-38.491391,exata,2600000.0,189.0,13756.61,3,torre,,,2026-10-02T23:57:23,faixa 1800-5000 mil
https://ce.olx.com.br/fortaleza-e-regiao/imoveis/apartamento-para-venda-em-fortaleza-meireles-2-dormitorios-2-suites-4-banheiros-3-vag-1531873533,olx,fortaleza,Meireles,-3.726115846153846,-38.50279930769231,centroide_bairro,2000000.0,145.0,13793.1,2,,"Apartamento para Venda em Fortaleza, Meireles, 2 dormitórios, 2 suítes, 4 banheiros, 3 vag",,2026-10-02T23:57:28,faixa 1800-5000 mil
https://ce.olx.com.br/fortaleza-e-regiao/imoveis/maison-de-la-art-liga-9-87-48-31-08-diego9989f-dleoblz-dtrio-coronel-miguel-dias-1084-1516072868,olx,fortaleza,Guararapes,-3.76359025,-38.48862325,centroide_bairro,3380001.0,245.0,13795.92,4,,"Maison de La Art liga 9 87 48 31 08 Diego9989F dleoblz.dtrio Coronel  Miguel Dias,1084 -_-",,2026-10-02T23:57:28,faixa 1800-5000 mil
https://ce.olx.com.br/fortaleza-e-regiao/imoveis/apartamento-com-4-suites-a-venda-245-m-por-r-3-380-000-guararapes-fortaleza-ce-1530444849,olx,fortaleza,Guararapes,-3.76359025,-38.48862325,centroide_bairro,3380000.0,245.0,13795.92,4,,"Apartamento com 4 suítes à venda, 245 m² por R$ 3.380.000 - Guararapes - Fortaleza/CE",,2026-10-02T23:57:28,faixa 1800-5000 mil
https://ce.olx.com.br/fortaleza-e-regiao/imoveis/apartamento-a-venda-no-bairro-guararapes-condominio-maison-de-la-art-1539780131,olx,fortaleza,Guararapes,-3.76359025,-38.48862325,centroide_bairro,3380000.0,245.0,13795.92,4,,Apartamento à venda no bairro Guararapes | Condomínio Maison de La Art.,,2026-10-02T23:57:24,faixa 1800-5000 mil
https://ce.olx.com.br/fortaleza-e-regiao/imoveis/apartamento-a-venda-no-guararapes-1539194094,olx,fortaleza,Guararapes,-3.76359025,-38.48862325,centroide_bairro,2250000.0,163.0,13803.68,4,,Apartamento à venda no Guararapes,,2026-10-02T23:57:24,faixa 1800-5000 mil
https://ce.olx.com.br/fortaleza-e-regiao/imoveis/imovel-para-venda-com-141-metros-quadrados-com-3-quartos-em-fatima-fortaleza-ce-1531239945,olx,fortaleza,Fátima,-3.7480404,-38.5295242,centroide_bairro,1950000.0,141.0,13829.79,3,,Imóvel para venda com 141 metros quadrados com 3 quartos em Fátima - Fortaleza - CE,,2026-10-02T23:57:28,faixa 1800-5000 mil
https://ce.olx.com.br/fortaleza-e-regiao/imoveis/apartamento-com-4-dormitorios-a-venda-177-m-por-r-2-450-000-00-guararapes-fortaleza-1490500407,olx,fortaleza,Guararapes,-3.76359025,-38.48862325,centroide_bairro,2450000.0,177.0,13841.81,4,,"Apartamento com 4 dormitórios à venda, 177 m² por R$ 2.450.000,00 - Guararapes - Fortaleza",,2026-10-02T23:57:26,faixa 1800-5000 mil
https://ce.olx.com.br/fortaleza-e-regiao/imoveis/apartamento-com-3-dormitorios-a-venda-260-m-por-r-3-600-000-meireles-fortaleza-ce-1535908017,olx,fortaleza,Meireles,-3.726115846153846,-38.50279930769231,centroide_bairro,3600000.0,260.0,13846.15,3,,"Apartamento com 3 dormitórios à venda, 260 m² por R$ 3.600.000 - Meireles - Fortaleza/CE",,2026-10-02T23:57:26,faixa 1800-5000 mil
https://ce.olx.com.br/fortaleza-e-regiao/imoveis/apartamento-no-casa-macedo-aldeota-fortaleza-1538213998,olx,fortaleza,Aldeota,-3.735223222222222,-38.501520444444445,centroide_bairro,2288603.0,165.0,13870.32,3,,"Apartamento no Casa Macedo  Aldeota, Fortaleza",,2026-10-02T23:57:26,faixa 1800-5000 mil
https://ce.olx.com.br/fortaleza-e-regiao/imoveis/excelente-oportunidade-no-condominio-botanico-coco-1534569295,olx,fortaleza,Cocó,-3.7442752500000003,-38.47988975,centroide_bairro,2290000.0,165.0,13878.79,3,,EXCELENTE OPORTUNIDADE NO CONDOMÍNIO BOTÂNICO - COCO,,2026-10-02T23:57:28,faixa 1800-5000 mil
https://ce.olx.com.br/fortaleza-e-regiao/imoveis/apartamento-no-ed-botanico-condominio-parque-com-3-dormitorios-a-venda-165-m-por-r-2-2-1529529752,olx,fortaleza,Cocó,-3.7442752500000003,-38.47988975,centroide_bairro,2290000.0,165.0,13878.79,3,,"Apartamento no ed. Botânico Condomínio Parque com 3 dormitórios à venda, 165 m² por R$ 2.2",,2026-10-02T23:57:28,faixa 1800-5000 mil
https://ce.olx.com.br/fortaleza-e-regiao/imoveis/apartamento-no-botanico-com-3-dormitorios-a-venda-165-m-por-r-2-290-000-coco-fortal-1529529676,olx,fortaleza,Cocó,-3.7442752500000003,-38.47988975,centroide_bairro,2290000.0,165.0,13878.79,3,,"Apartamento no Botânico com 3 dormitórios à venda, 165 m² por R$ 2.290.000 - Cocó - Fortal",,2026-10-02T23:57:30,faixa 1800-5000 mil
https://ce.olx.com.br/fortaleza-e-regiao/imoveis/apartamento-no-ed-botanico-condominio-parque-com-3-dormitorios-a-venda-165-m-por-r-2-2-1529501128,olx,fortaleza,Cocó,-3.7442752500000003,-38.47988975,centroide_bairro,2290000.0,165.0,13878.79,3,,"Apartamento no ed. Botânico Condomínio Parque com 3 dormitórios à venda, 165 m² por R$ 2.2",,2026-10-02T23:57:30,faixa 1800-5000 mil
https://ce.olx.com.br/fortaleza-e-regiao/imoveis/apartamento-a-venda-com-230m-e-3-suites-no-bairro-coco-1535549422,olx,fortaleza,Cocó,-3.7442752500000003,-38.47988975,centroide_bairro,3200000.0,230.0,13913.04,4,,Apartamento á venda com 230m² e 3 suítes no bairro Cocó,,2026-10-02T23:57:26,faixa 1800-5000 mil
https://ce.olx.com.br/fortaleza-e-regiao/imoveis/imovel-para-venda-possui-230-metros-quadrados-com-4-quartos-em-coco-fortaleza-ce-1529808628,olx,fortaleza,Cocó,-3.7442752500000003,-38.47988975,centroide_bairro,3200000.0,230.0,13913.04,4,,Imóvel para venda possui 230 metros quadrados com 4 quartos em Cocó - Fortaleza - CE,,2026-10-02T23:57:30,faixa 1800-5000 mil
https://ce.olx.com.br/fortaleza-e-regiao/imoveis/um-apartamento-unico-no-coco-disponivel-para-venda-230-m-porteira-fechada-1529390512,olx,fortaleza,Cocó,-3.7442752500000003,-38.47988975,centroide_bairro,3200000.0,230.0,13913.04,4,,Um Apartamento Único no Cocó disponível para venda | 230 m²  Porteira Fechada,,2026-10-02T23:57:30,faixa 1800-5000 mil
https://ce.olx.com.br/fortaleza-e-regiao/imoveis/coco-com-230-m-mobiliado-nascente-04-suites-1529326125,olx,fortaleza,Dionisio Torres,,,,3200000.0,230.0,13913.04,4,,Cocó com 230 M² Mobiliado Nascente 04 suítes,,2026-10-02T23:57:30,faixa 1800-5000 mil
https://ce.olx.com.br/fortaleza-e-regiao/imoveis/imovel-para-venda-possui-165-metros-quadrados-com-3-quartos-em-fatima-fortaleza-ce-1531260031,olx,fortaleza,Fátima,-3.7480404,-38.5295242,centroide_bairro,2300000.0,165.0,13939.39,3,,Imóvel para venda possui 165 metros quadrados com 3 quartos em Fátima - Fortaleza - CE,,2026-10-02T23:57:28,faixa 1800-5000 mil
https://ce.olx.com.br/fortaleza-e-regiao/imoveis/pronto-p-morar-exclusivo-apartamento-de-alto-padrao-no-coco-cond-new-york-lazer-club-1532621654,olx,fortaleza,Cocó,-3.7442752500000003,-38.47988975,centroide_bairro,2160971.0,155.0,13941.75,4,,"PRONTO P/ MORAR, EXCLUSIVO APARTAMENTO DE ALTO PADRAO NO COCO, COND. NEW YORK, LAZER CLUB",,2026-10-02T23:57:28,faixa 1800-5000 mil
https://ce.olx.com.br/fortaleza-e-regiao/imoveis/trinidad-y-tobago-apartamento-a-venda-3-suites-211m-3-vagas-meireles-1533953936,olx,fortaleza,Meireles,-3.726115846153846,-38.50279930769231,centroide_bairro,2950000.0,211.0,13981.04,3,,Trinidad y Tobago | Apartamento à Venda | 3 Suítes | 211m² | 3 Vagas | Meireles,,2026-10-02T23:57:28,faixa 1800-5000 mil
https://www.zapimoveis.com.br/imovel/venda-apartamento-3-quartos-com-piscina-meireles-fortaleza-ce-142m2-id-2912025232/,zapimoveis,fortaleza,Meireles,-3.725265,-38.50514,exata,2000000.0,142.0,14084.51,3,torre,,,2026-10-02T23:57:23,faixa 1800-5000 mil
https://ce.olx.com.br/fortaleza-e-regiao/imoveis/apartamento-a-venda-230-m-por-r-3-250-000-00-coco-fortaleza-ce-1534059274,olx,fortaleza,Cocó,-3.7442752500000003,-38.47988975,centroide_bairro,3250000.0,230.0,14130.43,3,,"Apartamento à venda, 230 m² por R$ 3.250.000,00 - Cocó - Fortaleza/CE",,2026-10-02T23:57:28,faixa 1800-5000 mil
https://ce.olx.com.br/fortaleza-e-regiao/imoveis/apartamento-a-venda-no-coco-230-m-3-suites-e-5-vagas-1536257586,olx,fortaleza,Cocó,-3.7442752500000003,-38.47988975,centroide_bairro,3250000.0,230.0,14130.43,3,,"Apartamento à Venda no Cocó | 230 m², 3 Suítes e 5 Vagas",,2026-10-02T23:57:23,faixa 1800-5000 mil
https://www.zapimoveis.com.br/imovel/venda-apartamento-3-quartos-fatima-fortaleza-ce-141m2-id-2886852884/,zapimoveis,fortaleza,Fátima,-3.747159,-38.530432,exata,2000000.0,141.0,14184.4,3,indefinido,,,2026-10-02T23:57:23,faixa 1800-5000 mil
https://ce.olx.com.br/fortaleza-e-regiao/imoveis/apartamento-no-meireles-cod0342-1479878520,olx,fortaleza,Aldeota,-3.735223222222222,-38.501520444444445,centroide_bairro,4292747.0,302.0,14214.39,5,,Apartamento no Meireles Cod0342,,2026-10-02T23:57:28,faixa 1800-5000 mil
https://ce.olx.com.br/fortaleza-e-regiao/imoveis/apartamento-no-ed-promenade-com-3-dormitorios-a-venda-158-m-por-r-2-250-000-aldeota-1536888554,olx,fortaleza,Aldeota,-3.735223222222222,-38.501520444444445,centroide_bairro,2250000.0,158.0,14240.51,3,,"Apartamento no ed. Promenade com 3 dormitórios à venda, 158 m² por R$ 2.250.000 - Aldeota",,2026-10-02T23:57:24,faixa 1800-5000 mil
https://ce.olx.com.br/fortaleza-e-regiao/imoveis/apartamento-no-ed-promenade-com-3-dormitorios-a-venda-158-m-por-r-2-250-000-aldeota-1539236816,olx,fortaleza,Aldeota,-3.735223222222222,-38.501520444444445,centroide_bairro,2250000.0,158.0,14240.51,3,,"Apartamento no ed. Promenade com 3 dormitórios à venda, 158 m² por R$ 2.250.000 - Aldeota",,2026-10-02T23:57:24,faixa 1800-5000 mil
https://ce.olx.com.br/fortaleza-e-regiao/imoveis/apartamento-com-4-dormitorios-a-venda-300-m-por-r-4-290-000-mucuripe-fortaleza-ce-1538047233,olx,fortaleza,Mucuripe,,,,4290000.0,300.0,14300.0,4,,"Apartamento com 4 dormitórios à venda, 300 m² por R$ 4.290.000 - Mucuripe - Fortaleza/CE",,2026-10-02T23:57:26,faixa 1800-5000 mil
https://ce.olx.com.br/fortaleza-e-regiao/imoveis/apartamento-no-paco-dos-passaros-com-4-dormitorios-a-venda-226-m-por-r-3-250-000-meir-1529501324,olx,fortaleza,Meireles,-3.726115846153846,-38.50279930769231,centroide_bairro,3250000.0,227.0,14317.18,4,,"Apartamento no Paço dos Pássaros com 4 dormitórios à venda, 226 m² por R$ 3.250.000 - Meir",,2026-10-02T23:57:28,faixa 1800-5000 mil
https://ce.olx.com.br/fortaleza-e-regiao/imoveis/apartamento-no-paco-dos-passaros-com-4-dormitorios-a-venda-226-m-por-r-3-250-000-meir-1529529584,olx,fortaleza,Meireles,-3.726115846153846,-38.50279930769231,centroide_bairro,3250000.0,227.0,14317.18,4,,"Apartamento no Paço dos Pássaros com 4 dormitórios à venda, 226 m² por R$ 3.250.000 - Meir",,2026-10-02T23:57:28,faixa 1800-5000 mil
https://ce.olx.com.br/fortaleza-e-regiao/imoveis/symbolo-dionisio-torres-230m-04-suites-05-vagas-1530398710,olx,fortaleza,Dionisio Torres,,,,3300000.0,230.0,14347.83,4,,Symbolo | Dionísio Torres | 230m² | 04 Suítes | 05 Vagas,,2026-10-02T23:57:26,faixa 1800-5000 mil
https://ce.olx.com.br/fortaleza-e-regiao/imoveis/imovel-para-venda-com-172-metros-quadrados-com-3-quartos-em-mucuripe-fortaleza-ce-1517098452,olx,fortaleza,Mucuripe,,,,2490000.0,172.0,14476.74,3,,Imóvel para venda com 172 metros quadrados com 3 quartos em Mucuripe - Fortaleza - CE,,2026-10-02T23:57:23,faixa 1800-5000 mil
https://ce.olx.com.br/fortaleza-e-regiao/imoveis/vendo-apartamento-no-spring-park-corretora-de-imoveis-1537870471,olx,fortaleza,Engenheiro Luciano Cavalcante,-3.7715042857142858,-38.48923114285714,centroide_bairro,2499000.0,172.0,14529.07,5,,Vendo Apartamento no Spring park- Corretora de imóveis,,2026-10-02T23:57:26,faixa 1800-5000 mil
https://ce.olx.com.br/fortaleza-e-regiao/imoveis/apartamento-a-venda-com-03-suites-e-4-vagas-na-beira-mar-1535223927,olx,fortaleza,Mucuripe,,,,2500000.0,172.0,14534.88,3,,Apartamento à venda com 03 suítes e 4 vagas na Beira Mar,,2026-10-02T23:57:26,faixa 1800-5000 mil
https://ce.olx.com.br/fortaleza-e-regiao/imoveis/villa-toscana-espetacular-liga-9-87-48-31-08-diego9989f-oportunidade-dbrunarrud-1432306219,olx,fortaleza,Aldeota,-3.735223222222222,-38.501520444444445,centroide_bairro,1950000.0,134.0,14552.24,4,,Villa Toscana espetacular liga 9 87 48 31 08 Diego9989f oportunidade dbrunarrud,,2026-10-02T23:57:28,faixa 1800-5000 mil
https://www.zapimoveis.com.br/imovel/venda-apartamento-4-quartos-com-churrasqueira-aldeota-fortaleza-ce-151m2-id-2909504615/,zapimoveis,fortaleza,Aldeota,-3.730072,-38.508456,exata,2199000.0,151.0,14562.91,4,indefinido,,,2026-10-02T23:57:23,faixa 1800-5000 mil
https://ce.olx.com.br/fortaleza-e-regiao/imoveis/ed-icone-lindo-apartamento-no-coracao-do-coco-1537449907,olx,fortaleza,Cocó,-3.7442752500000003,-38.47988975,centroide_bairro,3500000.0,240.0,14583.33,3,,Ed: Icone . Lindo apartamento no coração do Cocó,,2026-10-02T23:57:26,faixa 1800-5000 mil
https://ce.olx.com.br/fortaleza-e-regiao/imoveis/apartamento-de-alto-luxo-para-vender-com-3-quartos-3-suites-no-bairro-coco-em-fortaleza-1535522567,olx,fortaleza,Cocó,-3.7442752500000003,-38.47988975,centroide_bairro,3500000.0,240.0,14583.33,3,,Apartamento de alto luxo para Vender com 3 quartos 3 suítes no bairro Cocó em Fortaleza,,2026-10-02T23:57:26,faixa 1800-5000 mil
https://ce.olx.com.br/fortaleza-e-regiao/imoveis/apartamento-para-venda-em-fortaleza-aldeota-4-dormitorios-4-suites-6-banheiros-3-vaga-1531872908,olx,fortaleza,Aldeota,-3.735223222222222,-38.501520444444445,centroide_bairro,3183000.0,218.0,14600.92,4,,"Apartamento para Venda em Fortaleza, Aldeota, 4 dormitórios, 4 suítes, 6 banheiros, 3 vaga",,2026-10-02T23:57:28,faixa 1800-5000 mil
https://ce.olx.com.br/fortaleza-e-regiao/imoveis/apartamento-no-ed-jasmim-com-5-dormitorios-a-venda-219-m-por-r-3-200-000-aldeota-f-1538970987,olx,fortaleza,Cocó,-3.7442752500000003,-38.47988975,centroide_bairro,3200000.0,219.0,14611.87,5,,"Apartamento no Ed. Jasmim com 5 dormitórios à venda, 219 m² por R$ 3.200.000 - Aldeota - F",,2026-10-02T23:57:24,faixa 1800-5000 mil
https://ce.olx.com.br/fortaleza-e-regiao/imoveis/apartamento-no-ed-jasmim-com-5-dormitorios-a-venda-219-m-por-r-3-200-000-aldeota-f-1539236786,olx,fortaleza,Cocó,-3.7442752500000003,-38.47988975,centroide_bairro,3200000.0,219.0,14611.87,5,,"Apartamento no Ed. Jasmim com 5 dormitórios à venda, 219 m² por R$ 3.200.000 - Aldeota - F",,2026-10-02T23:57:24,faixa 1800-5000 mil
https://ce.olx.com.br/fortaleza-e-regiao/imoveis/apartamento-ed-jasmim-com-5-dormitorios-a-venda-219-m-por-r-3-200-000-dionisio-torre-1538970859,olx,fortaleza,Cocó,-3.7442752500000003,-38.47988975,centroide_bairro,3200000.0,219.0,14611.87,5,,"Apartamento Ed. Jasmim com 5 dormitórios à venda, 219 m² por R$ 3.200.000 - Dionisio Torre",,2026-10-02T23:57:24,faixa 1800-5000 mil
https://ce.olx.com.br/fortaleza-e-regiao/imoveis/paco-do-bem-meireles-258-85m-03-suites-04-vagas-1518239230,olx,fortaleza,Meireles,-3.726115846153846,-38.50279930769231,centroide_bairro,3800000.0,259.0,14671.81,3,,"Paço do Bem | Meireles | 258,85m² | 03 Suítes | 04 Vagas",,2026-10-02T23:57:26,faixa 1800-5000 mil
https://ce.olx.com.br/fortaleza-e-regiao/imoveis/apartamento-com-4-dormitorios-a-venda-277-m-por-r-4-091-928-26-guararapes-fortaleza-1539780324,olx,fortaleza,Guararapes,-3.76359025,-38.48862325,centroide_bairro,4091928.0,277.0,14772.3,4,,"Apartamento com 4 dormitórios à venda, 277 m² por R$ 4.091.928,26 - Guararapes - Fortaleza",,2026-10-02T23:57:24,faixa 1800-5000 mil
https://ce.olx.com.br/fortaleza-e-regiao/imoveis/apartamento-no-ed-estrelario-com-4-dormitorios-a-venda-209-m-por-r-3-100-000-meirele-1539236808,olx,fortaleza,Meireles,-3.726115846153846,-38.50279930769231,centroide_bairro,3100000.0,209.0,14832.54,4,,"Apartamento no Ed. Estrelario com 4 dormitórios à venda, 209 m² por R$ 3.100.000 - Meirele",,2026-10-02T23:57:24,faixa 1800-5000 mil
https://ce.olx.com.br/fortaleza-e-regiao/imoveis/apartamento-no-ed-estrelario-com-4-dormitorios-a-venda-209-m-por-r-3-100-000-meirele-1537141447,olx,fortaleza,Meireles,-3.726115846153846,-38.50279930769231,centroide_bairro,3100000.0,209.0,14832.54,4,,"Apartamento no Ed. Estrelario com 4 dormitórios à venda, 209 m² por R$ 3.100.000 - Meirele",,2026-10-02T23:57:26,faixa 1800-5000 mil
https://ce.olx.com.br/fortaleza-e-regiao/imoveis/apartamento-a-venda-no-bairro-guararapes-condominio-platinum-condominium-1539779957,olx,fortaleza,Guararapes,-3.76359025,-38.48862325,centroide_bairro,3494245.0,235.0,14869.13,4,,Apartamento à venda no bairro Guararapes | Condomínio Platinum Condominium.,,2026-10-02T23:57:24,faixa 1800-5000 mil
https://ce.olx.com.br/fortaleza-e-regiao/imoveis/apartamento-no-azzura-com-3-dormitorios-a-venda-130-m-por-r-1-950-000-aldeota-forta-1532335091,olx,fortaleza,Aldeota,-3.735223222222222,-38.501520444444445,centroide_bairro,1950000.0,130.0,15000.0,3,,"Apartamento no Azzura com 3 dormitórios à venda, 130 m² por R$ 1.950.000 - Aldeota - Forta",,2026-10-02T23:57:28,faixa 1800-5000 mil
https://ce.olx.com.br/fortaleza-e-regiao/imoveis/apartamento-no-azzura-com-3-dormitorios-a-venda-130-m-por-r-1-950-000-aldeota-forta-1532302099,olx,fortaleza,Aldeota,-3.735223222222222,-38.501520444444445,centroide_bairro,1950000.0,130.0,15000.0,3,,"Apartamento no Azzura com 3 dormitórios à venda, 130 m² por R$ 1.950.000 - Aldeota - Forta",,2026-10-02T23:57:28,faixa 1800-5000 mil
https://ce.olx.com.br/fortaleza-e-regiao/imoveis/apartamento-mobiliado-a-venda-aldeota-1498305826,olx,fortaleza,Varjota,,,,2300000.0,153.0,15032.68,3,,Apartamento Mobiliado à Venda | Aldeota,,2026-10-02T23:57:26,faixa 1800-5000 mil
https://ce.olx.com.br/fortaleza-e-regiao/imoveis/mirare-meireles-liga-9-87-48-31-08-diego9989f-dfernandbarret-rua-visconde-de-maua-561-1515771630,olx,fortaleza,Papicu,,,,3660001.0,243.0,15061.73,5,,"Mirare Meireles liga 9 87 48 31 08 Diego9989F dfernandbarret Rua Visconde de Mauá, 561.-_-",,2026-10-02T23:57:28,faixa 1800-5000 mil
https://ce.olx.com.br/fortaleza-e-regiao/imoveis/apartamento-com-3-dormitorios-a-venda-vizinho-a-igreja-de-fatima-122-m-por-r-1-890-000-1530412992,olx,fortaleza,Fátima,-3.7480404,-38.5295242,centroide_bairro,1839000.0,122.0,15073.77,3,,"Apartamento com 3 dormitórios à venda vizinho a Igreja de Fátima, 122 m² por R$ 1.890.000",,2026-10-02T23:57:30,faixa 1800-5000 mil
https://ce.olx.com.br/fortaleza-e-regiao/imoveis/portobelo-beira-mar-1518736816,olx,fortaleza,Meireles,-3.726115846153846,-38.50279930769231,centroide_bairro,4900000.0,325.0,15076.92,4,,Portobelo Beira Mar,,2026-10-02T23:57:26,faixa 1800-5000 mil
https://ce.olx.com.br/fortaleza-e-regiao/imoveis/apartamento-4-quartos-a-venda-325m-av-beira-mar-meireles-fortaleza-1536807268,olx,fortaleza,Meireles,-3.726115846153846,-38.50279930769231,centroide_bairro,4900000.0,325.0,15076.92,4,,"Apartamento 4 Quartos à venda, 325m² - Av. Beira Mar, Meireles, Fortaleza",,2026-10-02T23:57:26,faixa 1800-5000 mil
https://ce.olx.com.br/fortaleza-e-regiao/imoveis/mirare-collection-apartamento-a-venda-em-meireles-fortaleza-ce-1406473242,olx,fortaleza,Meireles,-3.726115846153846,-38.50279930769231,centroide_bairro,3650000.0,242.0,15082.64,4,,Mirare Collection - Apartamento à Venda em Meireles - Fortaleza - CE.,,2026-10-02T23:57:26,faixa 1800-5000 mil
https://ce.olx.com.br/fortaleza-e-regiao/imoveis/apartamento-com-3-quartos-a-venda-em-dionisio-torres-ce-1530616223,olx,fortaleza,Dionisio Torres,,,,1800000.0,119.0,15126.05,3,,Apartamento com 3 quartos à venda em Dionisio Torres - CE,,2026-10-02T23:57:28,faixa 1800-5000 mil
https://ce.olx.com.br/fortaleza-e-regiao/imoveis/apartamento-de-alto-padrao-no-botanico-condominio-parque-165-m-3-suites-1535915789,olx,fortaleza,Cocó,-3.7442752500000003,-38.47988975,centroide_bairro,2500000.0,165.0,15151.52,3,,Apartamento de Alto Padrão no Botânico Condomínio Parque | 165 m² | 3 Suítes,,2026-10-02T23:57:26,faixa 1800-5000 mil
https://ce.olx.com.br/fortaleza-e-regiao/imoveis/apartamento-a-venda-165-m-por-r-2-500-000-00-coco-fortaleza-ce-1533678372,olx,fortaleza,Cocó,-3.7442752500000003,-38.47988975,centroide_bairro,2500000.0,165.0,15151.52,3,,"Apartamento à venda, 165 m² por R$ 2.500.000,00 - Cocó - Fortaleza/CE",,2026-10-02T23:57:28,faixa 1800-5000 mil
https://ce.olx.com.br/fortaleza-e-regiao/imoveis/imovel-para-venda-com-165-metros-quadrados-com-3-quartos-em-coco-fortaleza-ce-1540519081,olx,fortaleza,Cocó,-3.7442752500000003,-38.47988975,centroide_bairro,2500000.0,165.0,15151.52,3,,Imóvel para venda com 165 metros quadrados com 3 quartos em Cocó - Fortaleza - CE,,2026-10-02T23:57:23,faixa 1800-5000 mil
https://ce.olx.com.br/fortaleza-e-regiao/imoveis/espetacular-apartamento-no-ccoo-165-mts-3-suites-porteira-fechada-1538362976,olx,fortaleza,Cocó,-3.7442752500000003,-38.47988975,centroide_bairro,2500000.0,165.0,15151.52,3,,"Espetacular apartamento no ccoó, 165 mts, 3 suites, porteira fechada",,2026-10-02T23:57:24,faixa 1800-5000 mil
https://ce.olx.com.br/fortaleza-e-regiao/imoveis/apartamento-com-3-dormitorios-a-venda-165-m-por-r-2-500-000-00-coco-fortaleza-ce-1536271745,olx,fortaleza,Cocó,-3.7442752500000003,-38.47988975,centroide_bairro,2500000.0,165.0,15151.52,3,,"Apartamento com 3 dormitórios à venda, 165 m² por R$ 2.500.000,00 - Cocó - Fortaleza/CE",,2026-10-02T23:57:26,faixa 1800-5000 mil
https://ce.olx.com.br/fortaleza-e-regiao/imoveis/apartamento-porteira-fechada-com-3-suites-a-venda-165-m-por-r-2-500-000-coco-forta-1532045732,olx,fortaleza,Cocó,-3.7442752500000003,-38.47988975,centroide_bairro,2500000.0,165.0,15151.52,3,,"Apartamento porteira fechada, com 3 suítes à venda, 165 m² por R$ 2.500.000 - Cocó - Forta",,2026-10-02T23:57:28,faixa 1800-5000 mil
https://ce.olx.com.br/fortaleza-e-regiao/imoveis/apartamento-a-venda-possui-165-m-no-coco-fortaleza-ce-1529807327,olx,fortaleza,Cocó,-3.7442752500000003,-38.47988975,centroide_bairro,2500000.0,165.0,15151.52,3,,Apartamento à venda possui 165 m² no Cocó - Fortaleza - CE,,2026-10-02T23:57:30,faixa 1800-5000 mil
https://ce.olx.com.br/fortaleza-e-regiao/imoveis/imovel-para-venda-tem-165-metros-quadrados-com-3-quartos-em-coco-fortaleza-ce-1529778369,olx,fortaleza,Cocó,-3.7442752500000003,-38.47988975,centroide_bairro,2500000.0,165.0,15151.52,3,,Imóvel para venda tem 165 metros quadrados com 3 quartos em Cocó - Fortaleza - CE,,2026-10-02T23:57:30,faixa 1800-5000 mil
https://www.zapimoveis.com.br/imovel/venda-apartamento-3-quartos-com-piscina-aldeota-fortaleza-ce-163m2-id-2729401137/,zapimoveis,fortaleza,Aldeota,-3.739,-38.495,aproximada_portal,2470000.0,163.0,15153.37,3,torre,,,2026-10-02T23:57:23,faixa 1800-5000 mil
https://ce.olx.com.br/fortaleza-e-regiao/imoveis/apartamento-alto-padrao-na-aldeota-cod0372-1516720874,olx,fortaleza,Aldeota,-3.735223222222222,-38.501520444444445,centroide_bairro,3318730.0,218.0,15223.53,4,,Apartamento Alto Padrão na Aldeota Cod0372,,2026-10-02T23:57:28,faixa 1800-5000 mil
https://ce.olx.com.br/fortaleza-e-regiao/imoveis/apartamento-210m-com-3-suites-e-escritorio-no-meireles-andar-alto-1538649554,olx,fortaleza,Praia de Iracema,,,,3200000.0,210.0,15238.1,3,,"Apartamento 210m² com 3 Suítes e Escritório no Meireles, Andar Alto",,2026-10-02T23:57:24,faixa 1800-5000 mil
https://ce.olx.com.br/fortaleza-e-regiao/imoveis/apartamento-320-m-4-suites-beira-mar-fortaleza-1512697435,olx,fortaleza,Praia de Iracema,,,,4700000.0,307.0,15309.45,4,,"Apartamento 320 m², 4 suítes | Beira Mar Fortaleza",,2026-10-02T23:57:28,faixa 1800-5000 mil
https://ce.olx.com.br/fortaleza-e-regiao/imoveis/apartamento-a-venda-no-bairro-aldeota-condominio-evolute-1539779667,olx,fortaleza,Aldeota,-3.735223222222222,-38.501520444444445,centroide_bairro,3344706.0,218.0,15342.69,4,,Apartamento à venda no bairro Aldeota | Condomínio Evolute.,,2026-10-02T23:57:24,faixa 1800-5000 mil
https://ce.olx.com.br/fortaleza-e-regiao/imoveis/apartamento-com-4-suites-andar-alto-artiz-meireles-188-30m2-1003843339,olx,fortaleza,Meireles,-3.726115846153846,-38.50279930769231,centroide_bairro,2900000.0,188.0,15425.53,4,,"apartamento com 4 suítes, andar alto,  Artiz Meireles , 188,30m2",,2026-10-02T23:57:28,faixa 1800-5000 mil
https://ce.olx.com.br/fortaleza-e-regiao/imoveis/apartamento-com-4-suites-a-venda-218-m-por-r-3-366-665-aldeota-fortaleza-ce-1536695646,olx,fortaleza,Aldeota,-3.735223222222222,-38.501520444444445,centroide_bairro,3366666.0,218.0,15443.42,4,,"Apartamento com 4 suítes à venda, 218 m² por R$ 3.366.665 - Aldeota - Fortaleza/CE",,2026-10-02T23:57:26,faixa 1800-5000 mil
https://www.zapimoveis.com.br/imovel/venda-apartamento-3-quartos-com-piscina-aldeota-fortaleza-ce-163m2-id-2811371136/,zapimoveis,fortaleza,Dionisio Torres,-3.739,-38.495,aproximada_portal,2520000.0,163.0,15460.12,3,torre,,,2026-10-02T23:57:23,faixa 1800-5000 mil
https://www.chavesnamao.com.br/imovel/apartamento-a-venda-4-quartos-com-garagem-ce-fortaleza-meireles-RS3772890/id-42875927/,chavesnamao,fortaleza,Meireles,-3.726115846153846,-38.50279930769231,centroide_bairro,3772890.0,243.0,15526.3,4,,,,2026-10-02T23:57:22,faixa 1800-5000 mil
https://www.chavesnamao.com.br/imovel/apartamento-a-venda-4-quartos-ce-fortaleza-fatima-RS2500000/id-35964405/,chavesnamao,fortaleza,Fátima,-3.7480404,-38.5295242,centroide_bairro,2500000.0,161.0,15527.95,4,,,,2026-10-02T23:57:22,faixa 1800-5000 mil
https://www.zapimoveis.com.br/imovel/venda-apartamento-3-quartos-com-piscina-fatima-fortaleza-ce-141m2-id-2897519551/,zapimoveis,fortaleza,Fátima,-3.747408,-38.530049,exata,2190000.0,141.0,15531.91,3,torre,,,2026-10-02T23:57:23,faixa 1800-5000 mil
https://ce.olx.com.br/fortaleza-e-regiao/imoveis/apartamento-com-3-dormitorios-a-venda-209-m-por-r-3-249-000-00-meireles-fortaleza-c-1538990502,olx,fortaleza,Meireles,-3.726115846153846,-38.50279930769231,centroide_bairro,3249000.0,209.0,15545.45,3,,"Apartamento com 3 dormitórios à venda, 209 m² por R$ 3.249.000,00 - Meireles - Fortaleza/C",,2026-10-02T23:57:24,faixa 1800-5000 mil
https://ce.olx.com.br/fortaleza-e-regiao/imoveis/apartamento-para-venda-em-fortaleza-meireles-3-dormitorios-3-suites-5-banheiros-4-vag-1531873976,olx,fortaleza,Meireles,-3.726115846153846,-38.50279930769231,centroide_bairro,3250000.0,209.0,15550.24,3,,"Apartamento para Venda em Fortaleza, Meireles, 3 dormitórios, 3 suítes, 5 banheiros, 4 vag",,2026-10-02T23:57:28,faixa 1800-5000 mil
https://ce.olx.com.br/fortaleza-e-regiao/imoveis/oportunidade-e-com-luxo-apartamento-218-metros-com-4-quartos-na-aldeota-1532600613,olx,fortaleza,Aldeota,-3.735223222222222,-38.501520444444445,centroide_bairro,3400000.0,218.0,15596.33,4,,Oportunidade e com luxo apartamento 218 metros com 4 quartos na Aldeota,,2026-10-02T23:57:28,faixa 1800-5000 mil
https://www.zapimoveis.com.br/imovel/venda-apartamento-4-quartos-com-piscina-fatima-fortaleza-ce-141m2-id-2861104453/,zapimoveis,fortaleza,Fátima,-3.747,-38.53,aproximada_portal,2204528.0,141.0,15634.95,4,torre,,,2026-10-02T23:57:23,faixa 1800-5000 mil
https://ce.olx.com.br/fortaleza-e-regiao/imoveis/imovel-a-venda-na-beira-mar-233m-4-suites-e-3-vagas-vista-mar-excelente-localizac-1534298834,olx,fortaleza,Mucuripe,,,,3650000.0,233.0,15665.24,4,,Imóvel a Venda na Beira Mar | 233m² | 4 Suítes e 3 Vagas | Vista Mar | Excelente Localizaç,,2026-10-02T23:57:28,faixa 1800-5000 mil
https://ce.olx.com.br/fortaleza-e-regiao/imoveis/dionisio-torres-cobertura-nova-4-suites-venda-1537364309,olx,fortaleza,Dionisio Torres,,,,3087000.0,197.0,15670.05,4,,Dionisio Torres Cobertura nova 4 Suites Venda,,2026-10-02T23:57:26,faixa 1800-5000 mil
https://ce.olx.com.br/fortaleza-e-regiao/imoveis/apartamento-para-venda-tem-277-metros-quadrados-com-4-quartos-em-guararapes-fortaleza-1507705417,olx,fortaleza,Guararapes,-3.76359025,-38.48862325,centroide_bairro,4350000.0,277.0,15703.97,4,,Apartamento para venda tem 277 metros quadrados com 4 quartos em Guararapes - Fortaleza -,,2026-10-02T23:57:24,faixa 1800-5000 mil
https://www.zapimoveis.com.br/imovel/venda-apartamento-4-quartos-tauape-fortaleza-ce-123m2-id-2895556191/,zapimoveis,fortaleza,Tauape,-3.751,-38.491,aproximada_portal,1932000.0,123.0,15707.32,4,indefinido,,,2026-10-02T23:57:23,faixa 1800-5000 mil
https://ce.olx.com.br/fortaleza-e-regiao/imoveis/apartamento-a-venda-no-bairro-dionisio-torres-fortaleza-ce-1540722626,olx,fortaleza,Dionisio Torres,,,,3100000.0,197.0,15736.04,5,,Apartamento à Venda no bairro Dionisio Torres - Fortaleza/CE,,2026-10-02T23:57:23,faixa 1800-5000 mil
https://ce.olx.com.br/fortaleza-e-regiao/imoveis/apartamento-no-meireles-com-3-suites-estrelario-1019046862,olx,fortaleza,Meireles,-3.726115846153846,-38.50279930769231,centroide_bairro,3180000.0,202.0,15742.57,4,,"apartamento no Meireles  com 3 suítes, Estrelário",,2026-10-02T23:57:26,faixa 1800-5000 mil
https://ce.olx.com.br/fortaleza-e-regiao/imoveis/apartamento-no-meireles-03-suites-estrelario-1248270887,olx,fortaleza,Meireles,-3.726115846153846,-38.50279930769231,centroide_bairro,3180000.0,202.0,15742.57,3,,"Apartamento no Meireles, 03 suítes, Estrelario",,2026-10-02T23:57:23,faixa 1800-5000 mil
https://ce.olx.com.br/fortaleza-e-regiao/imoveis/evolute-1200-218-m-4-suites-4-vagas-16-andar-nascente-novo-proprietario-1533530030,olx,fortaleza,Aldeota,-3.735223222222222,-38.501520444444445,centroide_bairro,3450000.0,218.0,15825.69,4,,EVOLUTE 1200 | 218 M² | 4 SUÍTES | 4 VAGAS | 16º ANDAR | NASCENTE | NOVO | PROPRIETÁRIO,,2026-10-02T23:57:23,faixa 1800-5000 mil
https://ce.olx.com.br/fortaleza-e-regiao/imoveis/edificio-evolute-1532122087,olx,fortaleza,Aldeota,-3.735223222222222,-38.501520444444445,centroide_bairro,3450000.0,218.0,15825.69,5,,Edifício Evolute,,2026-10-02T23:57:28,faixa 1800-5000 mil
https://ce.olx.com.br/fortaleza-e-regiao/imoveis/leonardo-mota-meireles-1237158860,olx,fortaleza,Meireles,-3.726115846153846,-38.50279930769231,centroide_bairro,3200000.0,202.0,15841.58,4,,Leonardo Mota Meireles,,2026-10-02T23:57:26,faixa 1800-5000 mil
https://ce.olx.com.br/fortaleza-e-regiao/imoveis/apartamento-com-4-quartos-e-5-banheiros-a-venda-220-m-1536388898,olx,fortaleza,Meireles,-3.726115846153846,-38.50279930769231,centroide_bairro,3500000.0,220.0,15909.09,3,,"Apartamento com 4 Quartos e 5 banheiros à Venda, 220 m²",,2026-10-02T23:57:26,faixa 1800-5000 mil
https://ce.olx.com.br/fortaleza-e-regiao/imoveis/apartamento-no-the-gardens-dunas-fortaleza-1538213798,olx,fortaleza,Praia do Futuro II,,,,3200000.0,201.0,15920.4,4,,"Apartamento no The Gardens  Dunas, Fortaleza",,2026-10-02T23:57:26,faixa 1800-5000 mil
https://www.chavesnamao.com.br/imovel/apartamento-a-venda-4-quartos-com-garagem-ce-fortaleza-meireles-301m2-RS4798700/id-47093345/,chavesnamao,fortaleza,Meireles,-3.726115846153846,-38.50279930769231,centroide_bairro,4798700.0,301.0,15942.52,4,,,,2026-10-02T23:57:22,faixa 1800-5000 mil
https://ce.olx.com.br/fortaleza-e-regiao/imoveis/apartamento-a-venda-no-bairro-meireles-condominio-casa-boris-1539779981,olx,fortaleza,Aldeota,-3.735223222222222,-38.501520444444445,centroide_bairro,3237000.0,203.0,15945.81,4,,Apartamento à venda no bairro Meireles | Condomínio Casa Boris.,,2026-10-02T23:57:24,faixa 1800-5000 mil
https://ce.olx.com.br/fortaleza-e-regiao/imoveis/apartamento-com-3-dormitorios-a-venda-162-m-por-r-2-600-000-00-aldeota-fortaleza-ce-1423080074,olx,fortaleza,Dionisio Torres,,,,2600000.0,163.0,15950.92,3,,"Apartamento com 3 dormitórios à venda, 162 m² por R$ 2.600.000,00 - Aldeota - Fortaleza/CE",,2026-10-02T23:57:26,faixa 1800-5000 mil
https://ce.olx.com.br/fortaleza-e-regiao/imoveis/apto-com-tres-suites-no-bairro-dunas-200m-1467706723,olx,fortaleza,Praia do Futuro II,,,,3200000.0,200.0,16000.0,3,,Apto com três suítes no bairro Dunas  - 200m²,,2026-10-02T23:57:26,faixa 1800-5000 mil
https://ce.olx.com.br/fortaleza-e-regiao/imoveis/apartamento-de-alto-padrao-com-4-suites-no-bairro-meireles-1354370672,olx,fortaleza,Meireles,-3.726115846153846,-38.50279930769231,centroide_bairro,4066371.0,254.0,16009.33,4,,Apartamento de alto padrão com 4 suítes no bairro Meireles,,2026-10-02T23:57:24,faixa 1800-5000 mil
https://www.chavesnamao.com.br/imovel/apartamento-a-venda-3-quartos-com-garagem-ce-fortaleza-coco-176m2-RS2500000/id-47008130/,chavesnamao,fortaleza,Cocó,-3.7442752500000003,-38.47988975,centroide_bairro,2500000.0,156.0,16025.64,3,,,,2026-10-02T23:57:21,faixa 1800-5000 mil
https://ce.olx.com.br/fortaleza-e-regiao/imoveis/apto-com-quatro-suites-coco-203m-1452518106,olx,fortaleza,Cocó,-3.7442752500000003,-38.47988975,centroide_bairro,3254400.0,203.0,16031.53,4,,Apto com quatro suítes  - Cocó - 203m²,,2026-10-02T23:57:24,faixa 1800-5000 mil
https://ce.olx.com.br/fortaleza-e-regiao/imoveis/condominio-tango-plaza-de-fatima-exclusico-apartamento-de-luxo-entrada-facilitada-fatim-1524788917,olx,fortaleza,Fátima,-3.7480404,-38.5295242,centroide_bairro,2663000.0,166.0,16042.17,4,,"Condomínio TANGO PLAZA DE FÁTIMA, EXCLUSICO APARTAMENTO DE LUXO, ENTRADA FACILITADA, Fátim",,2026-10-02T23:57:23,faixa 1800-5000 mil
https://ce.olx.com.br/fortaleza-e-regiao/imoveis/apartamento-a-venda-no-bairro-fatima-condominio-tango-plaza-de-fatima-1539779580,olx,fortaleza,Fátima,-3.7480404,-38.5295242,centroide_bairro,2663235.0,166.0,16043.58,4,,Apartamento à venda no bairro Fátima | Condomínio Tango Plaza de Fátima.,,2026-10-02T23:57:24,faixa 1800-5000 mil
https://ce.olx.com.br/fortaleza-e-regiao/imoveis/apartamento-a-venda-162-m-por-r-2-600-000-00-aldeota-fortaleza-ce-1529144758,olx,fortaleza,Aldeota,-3.735223222222222,-38.501520444444445,centroide_bairro,2600000.0,162.0,16049.38,3,,"Apartamento à venda, 162 m² por R$ 2.600.000,00 - Aldeota - Fortaleza/CE",,2026-10-02T23:57:30,faixa 1800-5000 mil
https://www.zapimoveis.com.br/imovel/venda-apartamento-3-quartos-com-academia-mucuripe-fortaleza-ce-165m2-id-2752584027/,zapimoveis,fortaleza,Siqueira,-3.809,-38.627,aproximada_portal,2650000.0,165.0,16060.61,3,indefinido,,,2026-10-02T23:57:23,faixa 1800-5000 mil
https://ce.olx.com.br/fortaleza-e-regiao/imoveis/apartamento-a-venda-no-bairro-aldeota-condominio-estrelario-1539779618,olx,fortaleza,Aldeota,-3.735223222222222,-38.501520444444445,centroide_bairro,3250000.0,202.0,16089.11,4,,Apartamento à venda no bairro Aldeota | Condomínio Estrelário,,2026-10-02T23:57:24,faixa 1800-5000 mil
https://ce.olx.com.br/fortaleza-e-regiao/imoveis/apartamento-para-venda-em-fortaleza-aldeota-3-dormitorios-3-suites-4-banheiros-3-vaga-1531871586,olx,fortaleza,Aldeota,-3.735223222222222,-38.501520444444445,centroide_bairro,2609769.0,162.0,16109.69,3,,"Apartamento para Venda em Fortaleza, Aldeota, 3 dormitórios, 3 suítes, 4 banheiros, 3 vaga",,2026-10-02T23:57:28,faixa 1800-5000 mil
https://ce.olx.com.br/fortaleza-e-regiao/imoveis/apartamento-no-condominio-do-edificio-ocean-palace-meireles-fortaleza-1538213809,olx,fortaleza,Mucuripe,,,,3500000.0,217.0,16129.03,3,,"Apartamento no Condomínio do Edifício Ocean Palace  Meireles, Fortaleza",,2026-10-02T23:57:26,faixa 1800-5000 mil
https://ce.olx.com.br/fortaleza-e-regiao/imoveis/azzurra-aldeota-130-m-3-suites-5-banheiros-1529216285,olx,fortaleza,Aldeota,-3.735223222222222,-38.501520444444445,centroide_bairro,2100000.0,130.0,16153.85,3,,Azzurra Aldeota 130 m² | 3 Suítes + 5 Banheiros,,2026-10-02T23:57:30,faixa 1800-5000 mil
https://ce.olx.com.br/fortaleza-e-regiao/imoveis/trapiche-beira-mar-more-com-qualidade-de-vida-liga-9-8-7-4-8-3-1-0-8-diego9989f-oportunid-1363118858,olx,fortaleza,Mucuripe,,,,2150000.0,133.0,16165.41,4,,Trapiche Beira Mar more com qualidade de vida liga 9 8 7 4 8 3 1 0 8 Diego9989f oportunid,,2026-10-02T23:57:28,faixa 1800-5000 mil
https://ce.olx.com.br/fortaleza-e-regiao/imoveis/apartamento-para-venda-possui-233-metros-quadrados-com-4-quartos-em-mucuripe-fortaleza-1475392449,olx,fortaleza,Mucuripe,,,,3790000.0,233.0,16266.09,4,,Apartamento para venda possui 233 metros quadrados com 4 quartos em Mucuripe - Fortaleza -,,2026-10-02T23:57:24,faixa 1800-5000 mil
https://ce.olx.com.br/fortaleza-e-regiao/imoveis/apto-com-quatro-suites-meireles-242m-1452515687,olx,fortaleza,Meireles,-3.726115846153846,-38.50279930769231,centroide_bairro,3939574.0,242.0,16279.23,4,,Apto com quatro suítes  - Meireles - 242m²,,2026-10-02T23:57:26,faixa 1800-5000 mil
https://ce.olx.com.br/fortaleza-e-regiao/imoveis/apartamento-a-venda-no-bairro-fatima-condominio-tango-plaza-de-fatima-1539780054,olx,fortaleza,Fátima,-3.7480404,-38.5295242,centroide_bairro,2299900.0,141.0,16311.35,3,,Apartamento à venda no bairro Fátima | Condomínio Tango Plaza de Fátima.,,2026-10-02T23:57:24,faixa 1800-5000 mil
https://ce.olx.com.br/fortaleza-e-regiao/imoveis/tango-plaza-fatima-141-05m-03-suites-03-vagas-1498111766,olx,fortaleza,Fátima,-3.7480404,-38.5295242,centroide_bairro,2299901.0,141.0,16311.35,3,,"Tango Plaza | Fátima | 141,05m² | 03 Suítes | 03 Vagas",,2026-10-02T23:57:28,faixa 1800-5000 mil
https://ce.olx.com.br/fortaleza-e-regiao/imoveis/apartamento-a-venda-na-aldeota-condominio-port-valencia-1539861936,olx,fortaleza,Aldeota,-3.735223222222222,-38.501520444444445,centroide_bairro,2668913.0,162.0,16474.77,3,,Apartamento à venda na Aldeota | Condomínio Port Valencia,,2026-10-02T23:57:24,faixa 1800-5000 mil
https://ce.olx.com.br/fortaleza-e-regiao/imoveis/apartamento-no-ed-mirare-collection-com-4-dormitorios-a-venda-242-m-por-r-3-990-000-1529529594,olx,fortaleza,Meireles,-3.726115846153846,-38.50279930769231,centroide_bairro,3990000.0,242.0,16487.6,4,,"Apartamento no ed. Mirare Collection. com 4 dormitórios à venda, 242 m² por R$ 3.990.000 -",,2026-10-02T23:57:30,faixa 1800-5000 mil
https://www.zapimoveis.com.br/imovel/venda-apartamento-3-quartos-com-piscina-fatima-fortaleza-ce-141m2-id-2885321667/,zapimoveis,fortaleza,Fátima,-3.751227,-38.527091,exata,2325429.0,141.0,16492.4,3,indefinido,,,2026-10-02T23:57:23,faixa 1800-5000 mil
https://ce.olx.com.br/fortaleza-e-regiao/imoveis/fantastico-a-beira-mar-liga-9-8-7-4-8-3-1-0-8-diego9989f-oportunidade-trapiche-1363572313,olx,fortaleza,Mucuripe,,,,2200000.0,133.0,16541.35,4,,Fantástico a beira mar liga 9 8 7 4 8 3 1 0 8 Diego9989f oportunidade trapiche,,2026-10-02T23:57:28,faixa 1800-5000 mil
https://ce.olx.com.br/fortaleza-e-regiao/imoveis/apartamento-com-4-suites-meireles-icon-254-68m2-1019051043,olx,fortaleza,Meireles,-3.726115846153846,-38.50279930769231,centroide_bairro,4200000.0,253.0,16600.79,4,,"apartamento com 4 suítes, Meireles, Icon, 254,68m2.",,2026-10-02T23:57:26,faixa 1800-5000 mil
https://ce.olx.com.br/fortaleza-e-regiao/imoveis/imovel-a-venda-possui-259-metros-quadrados-com-3-quartos-em-guararapes-fortaleza-ce-1538572478,olx,fortaleza,Guararapes,-3.76359025,-38.48862325,centroide_bairro,4300000.0,259.0,16602.32,3,,Imóvel a venda possui 259 metros quadrados com 3 quartos em Guararapes - Fortaleza - CE,,2026-10-02T23:57:24,faixa 1800-5000 mil
https://ce.olx.com.br/fortaleza-e-regiao/imoveis/imovel-para-venda-tem-259-metros-quadrados-com-3-quartos-em-guararapes-fortaleza-ce-1538266751,olx,fortaleza,Guararapes,-3.76359025,-38.48862325,centroide_bairro,4300000.0,259.0,16602.32,3,,Imóvel para venda tem 259 metros quadrados com 3 quartos em Guararapes - Fortaleza - CE,,2026-10-02T23:57:26,faixa 1800-5000 mil
https://ce.olx.com.br/fortaleza-e-regiao/imoveis/apartamento-com-4-suites-a-venda-240-m-por-r-4-000-000-meireles-fortaleza-ce-1537133802,olx,fortaleza,Meireles,-3.726115846153846,-38.50279930769231,centroide_bairro,4000000.0,240.0,16666.67,4,,"Apartamento com 4 suítes à venda, 240 m² por R$ 4.000.000 - Meireles - Fortaleza/CE",,2026-10-02T23:57:26,faixa 1800-5000 mil
https://ce.olx.com.br/fortaleza-e-regiao/imoveis/apartamento-mobiliado-a-venda-no-meireles-240-m-1529529139,olx,fortaleza,Meireles,-3.726115846153846,-38.50279930769231,centroide_bairro,4000000.0,240.0,16666.67,4,,Apartamento Mobiliado à Venda no Meireles | 240 m²,,2026-10-02T23:57:28,faixa 1800-5000 mil
https://ce.olx.com.br/fortaleza-e-regiao/imoveis/apartamento-para-venda-em-fortaleza-meireles-4-dormitorios-3-suites-5-banheiros-4-vag-1531871218,olx,fortaleza,Meireles,-3.726115846153846,-38.50279930769231,centroide_bairro,4000000.0,240.0,16666.67,4,,"Apartamento para Venda em Fortaleza, Meireles, 4 dormitórios, 3 suítes, 5 banheiros, 4 vag",,2026-10-02T23:57:28,faixa 1800-5000 mil
https://ce.olx.com.br/fortaleza-e-regiao/imoveis/apartamento-no-verdi-condominium-guararapes-fortaleza-1540647660,olx,fortaleza,Guararapes,-3.76359025,-38.48862325,centroide_bairro,4100000.0,246.0,16666.67,4,,"Apartamento no Verdi Condominium  Guararapes, Fortaleza",,2026-10-02T23:57:23,faixa 1800-5000 mil
https://ce.olx.com.br/fortaleza-e-regiao/imoveis/costamare-mucuripe-210m-03-suites-04-vagas-1519944498,olx,fortaleza,Mucuripe,,,,3500000.0,210.0,16666.67,3,,Costamare | Mucuripe | 210m² | 03 Suítes | 04 Vagas,,2026-10-02T23:57:28,faixa 1800-5000 mil
https://ce.olx.com.br/fortaleza-e-regiao/imoveis/apartamento-a-venda-240m-3-suites-4-vagas-meireles-fortaleza-1536807224,olx,fortaleza,Meireles,-3.726115846153846,-38.50279930769231,centroide_bairro,4000000.0,240.0,16666.67,3,,"Apartamento à Venda 240m² 3 Suítes 4 Vagas - Meireles, Fortaleza",,2026-10-02T23:57:26,faixa 1800-5000 mil
https://ce.olx.com.br/fortaleza-e-regiao/imoveis/apartamento-com-4-suites-a-venda-271-m-por-r-4-550-000-00-meireles-fortaleza-ce-1364716998,olx,fortaleza,Meireles,-3.726115846153846,-38.50279930769231,centroide_bairro,4550000.0,272.0,16727.94,4,,"Apartamento com 4 Suítes à Venda, 271 m² por R$ 4.550.000,00 - Meireles - Fortaleza/CE",,2026-10-02T23:57:24,faixa 1800-5000 mil
https://ce.olx.com.br/fortaleza-e-regiao/imoveis/apto-com-quatro-suites-no-meireles-242m-1503648438,olx,fortaleza,Meireles,-3.726115846153846,-38.50279930769231,centroide_bairro,4050100.0,242.0,16735.95,4,,Apto com quatro suítes no Meireles  - 242m²,,2026-10-02T23:57:26,faixa 1800-5000 mil
https://ce.olx.com.br/fortaleza-e-regiao/imoveis/belissimo-apartamento-com-4-suites-em-meireles-1139041832,olx,fortaleza,Meireles,-3.726115846153846,-38.50279930769231,centroide_bairro,4058487.0,242.0,16770.61,4,,Belíssimo apartamento com 4 suítes em Meireles,,2026-10-02T23:57:24,faixa 1800-5000 mil
https://ce.olx.com.br/fortaleza-e-regiao/imoveis/excelsior-meireles-250m-04-suites-05-vagas-1411358503,olx,fortaleza,Meireles,-3.726115846153846,-38.50279930769231,centroide_bairro,4200000.0,250.0,16800.0,4,,Excelsior | Meireles | 250m² | 04 Suítes | 05 Vagas,,2026-10-02T23:57:26,faixa 1800-5000 mil
https://www.zapimoveis.com.br/imovel/venda-apartamento-3-quartos-com-piscina-meireles-fortaleza-ce-116m2-id-2886103073/,zapimoveis,fortaleza,Meireles,-3.726466,-38.507661,exata,1950000.0,116.0,16810.34,3,torre,,,2026-10-02T23:57:23,faixa 1800-5000 mil
https://ce.olx.com.br/fortaleza-e-regiao/imoveis/apartamento-com-4-quartos-a-venda-em-meireles-ce-1471653100,olx,fortaleza,Meireles,-3.726115846153846,-38.50279930769231,centroide_bairro,3790000.0,225.0,16844.44,4,,Apartamento com 4 quartos à venda em Meireles - CE,,2026-10-02T23:57:28,faixa 1800-5000 mil
https://ce.olx.com.br/fortaleza-e-regiao/imoveis/tango-plaza-fatima-166-34m-04-suites-03-vagas-1538696662,olx,fortaleza,Fátima,-3.7480404,-38.5295242,centroide_bairro,2799000.0,166.0,16861.45,4,,"Tango Plaza | Fátima | 166,34m² | 04 Suítes | 03 Vagas",,2026-10-02T23:57:24,faixa 1800-5000 mil
https://ce.olx.com.br/fortaleza-e-regiao/imoveis/edificio-tango-bairro-de-fatima-166-m-porteira-fechada-4-suites-1539580155,olx,fortaleza,Jangurussu,,,,2799000.0,166.0,16861.45,4,,EDIFÍCIO TANGO | BAIRRO DE FÁTIMA 166 m² | Porteira fechada | 4 suítes,,2026-10-02T23:57:24,faixa 1800-5000 mil
https://ce.olx.com.br/fortaleza-e-regiao/imoveis/apartamento-no-edificio-rooftop-canuto-1000-meireles-fortaleza-1538214157,olx,fortaleza,Meireles,-3.726115846153846,-38.50279930769231,centroide_bairro,3900000.0,231.0,16883.12,4,,"Apartamento no Edifício Rooftop Canuto 1000  Meireles, Fortaleza",,2026-10-02T23:57:26,faixa 1800-5000 mil
https://ce.olx.com.br/fortaleza-e-regiao/imoveis/apartamento-para-venda-em-fortaleza-meireles-4-dormitorios-4-suites-6-banheiros-4-vag-1531872937,olx,fortaleza,Meireles,-3.726115846153846,-38.50279930769231,centroide_bairro,4090000.0,242.0,16900.83,4,,"Apartamento para Venda em Fortaleza, Meireles, 4 dormitórios, 4 suítes, 6 banheiros, 4 vag",,2026-10-02T23:57:28,faixa 1800-5000 mil
https://ce.olx.com.br/fortaleza-e-regiao/imoveis/imovel-para-venda-com-236-metros-quadrados-com-4-quartos-em-meireles-fortaleza-ce-1540653521,olx,fortaleza,Meireles,-3.726115846153846,-38.50279930769231,centroide_bairro,4000000.0,236.0,16949.15,4,,Imóvel para venda com 236 metros quadrados com 4 quartos em Meireles - Fortaleza - CE,,2026-10-02T23:57:23,faixa 1800-5000 mil
https://ce.olx.com.br/fortaleza-e-regiao/imoveis/condominio-mirare-exclusivo-apartamento-de-luxo-na-meireles-entrada-parcelada-fortaleza-1524790177,olx,fortaleza,Meireles,-3.726115846153846,-38.50279930769231,centroide_bairro,4126800.0,243.0,16982.72,5,,"Condomínio MIRARE, EXCLUSIVO APARTAMENTO DE LUXO NA Meireles,ENTRADA PARCELADA, Fortaleza,",,2026-10-02T23:57:23,faixa 1800-5000 mil
https://ce.olx.com.br/fortaleza-e-regiao/imoveis/apartamento-para-venda-em-fortaleza-praia-do-futuro-ii-4-dormitorios-3-suites-4-banhei-1531872845,olx,fortaleza,Praia do Futuro II,,,,3400000.0,200.0,17000.0,4,,"Apartamento para Venda em Fortaleza, Praia do Futuro II, 4 dormitórios, 3 suítes, 4 banhei",,2026-10-02T23:57:28,faixa 1800-5000 mil
https://ce.olx.com.br/fortaleza-e-regiao/imoveis/the-gardens-200m2-liga-9-87-48-31-08-diego-9989f-1489387847,olx,fortaleza,Papicu,,,,3400000.0,200.0,17000.0,3,,The Gardens 200m2 liga 9 87 48 31 08 Diego 9989F,,2026-10-02T23:57:24,faixa 1800-5000 mil
https://ce.olx.com.br/fortaleza-e-regiao/imoveis/apartamento-com-3-suites-a-venda-235-m-por-r-4-000-000-meireles-fortaleza-ce-1532333380,olx,fortaleza,Meireles,-3.726115846153846,-38.50279930769231,centroide_bairro,3999000.0,235.0,17017.02,3,,"Apartamento com 3 suítes à venda, 235 m² por R$ 4.000.000 - Meireles - Fortaleza/CE",,2026-10-02T23:57:28,faixa 1800-5000 mil
https://ce.olx.com.br/fortaleza-e-regiao/imoveis/apartamento-a-venda-no-bairro-de-fatima-1475226366,olx,fortaleza,Fátima,-3.7480404,-38.5295242,centroide_bairro,2400000.0,141.0,17021.28,4,,APARTAMENTO Á VENDA NO BAIRRO DE FÁTIMA,,2026-10-02T23:57:28,faixa 1800-5000 mil
https://ce.olx.com.br/fortaleza-e-regiao/imoveis/apartamento-mobiliadob-para-venda-com-3-quartos-em-guararapes-fortaleza-ce-1540270131,olx,fortaleza,Guararapes,-3.76359025,-38.48862325,centroide_bairro,2350000.0,138.0,17028.99,3,,APARTAMENTO MOBILIADOB para venda com 3 quartos em Guararapes - Fortaleza - CE,,2026-10-02T23:57:24,faixa 1800-5000 mil
https://ce.olx.com.br/fortaleza-e-regiao/imoveis/mirare-collection-apartamento-com-4-dormitorios-a-venda-242-m-por-r-4-126-meireles-1540777119,olx,fortaleza,Meireles,-3.726115846153846,-38.50279930769231,centroide_bairro,4126828.0,242.0,17053.01,4,,"Mirare Collection, apartamento com 4 dormitórios à venda, 242 m² por R$ 4.126. - Meireles",,2026-10-02T23:57:23,faixa 1800-5000 mil
https://ce.olx.com.br/fortaleza-e-regiao/imoveis/apartamento-com-4-quartos-a-venda-242-m-por-r-4-172-000-meireles-fortaleza-ce-1540142546,olx,fortaleza,Meireles,-3.726115846153846,-38.50279930769231,centroide_bairro,4172000.0,242.0,17239.67,4,,"Apartamento com 4 quartos à venda, 242 m² por R$ 4.172.000 - Meireles - Fortaleza/CE",,2026-10-02T23:57:24,faixa 1800-5000 mil
https://ce.olx.com.br/fortaleza-e-regiao/imoveis/estrelario-meireles-202-65-m-03-suites-04-vagas-1536569995,olx,fortaleza,Meireles,-3.726115846153846,-38.50279930769231,centroide_bairro,3500000.0,203.0,17241.38,3,,"Estrelário | Meireles | 202,65 m² | 03 Suítes | 04 vagas",,2026-10-02T23:57:26,faixa 1800-5000 mil
https://ce.olx.com.br/fortaleza-e-regiao/imoveis/apartamento-com-4-dormitorios-a-venda-254-m-por-r-4-407-093-30-meireles-fortaleza-c-1530413133,olx,fortaleza,Meireles,-3.726115846153846,-38.50279930769231,centroide_bairro,4410000.0,254.0,17362.2,4,,"Apartamento com 4 dormitórios à venda, 254 m² por R$ 4.407.093,30 - Meireles - Fortaleza/C",,2026-10-02T23:57:30,faixa 1800-5000 mil
https://ce.olx.com.br/fortaleza-e-regiao/imoveis/apartamento-a-venda-no-mucuripe-fortaleza-210m-3-suites-e-4-vagas-1538649473,olx,fortaleza,Mucuripe,,,,3650000.0,210.0,17380.95,3,,"Apartamento à venda no Mucuripe, Fortaleza - 210m², 3 suítes e 4 vagas",,2026-10-02T23:57:24,faixa 1800-5000 mil
https://ce.olx.com.br/fortaleza-e-regiao/imoveis/apartamento-meireles-04-suites-ed-verano-1302144992,olx,fortaleza,Meireles,-3.726115846153846,-38.50279930769231,centroide_bairro,3920000.0,225.0,17422.22,4,,"Apartamento, Meireles, 04 suítes, Ed Verano",,2026-10-02T23:57:23,faixa 1800-5000 mil
https://www.zapimoveis.com.br/lancamentos/mirare-collection-id-2864812088/,zapimoveis,fortaleza,Meireles,-3.730933,-38.497612,exata,4234032.0,242.0,17496.0,4,indefinido,,,2026-10-02T23:57:23,faixa 1800-5000 mil
https://www.zapimoveis.com.br/lancamentos/villa-lobos-id-2889406440/,zapimoveis,fortaleza,Aldeota,-3.733752,-38.497858,exata,4098389.0,234.0,17514.48,4,indefinido,,,2026-10-02T23:57:23,faixa 1800-5000 mil
https://ce.olx.com.br/fortaleza-e-regiao/imoveis/apartamento-para-venda-possui-234-metros-quadrados-com-4-quartos-em-meireles-fortaleza-1433912455,olx,fortaleza,Meireles,-3.726115846153846,-38.50279930769231,centroide_bairro,4100000.0,234.0,17521.37,4,,Apartamento para venda possui 234 metros quadrados com 4 quartos em Meireles - Fortaleza -,,2026-10-02T23:57:23,faixa 1800-5000 mil
https://www.chavesnamao.com.br/imovel/apartamento-a-venda-4-quartos-com-garagem-ce-fortaleza-meireles-398m2-RS4440000/id-42506610/,chavesnamao,fortaleza,Meireles,-3.726115846153846,-38.50279930769231,centroide_bairro,4440000.0,253.0,17549.41,4,,,,2026-10-02T23:57:22,faixa 1800-5000 mil
https://ce.olx.com.br/fortaleza-e-regiao/imoveis/cobertura-duplex-venda-no-ed-jardins-de-iracema-1475227556,olx,fortaleza,Praia de Iracema,,,,2500000.0,142.0,17605.63,4,,COBERTURA DUPLEX À VENDA NO ED JARDINS DE IRACEMA,,2026-10-02T23:57:28,faixa 1800-5000 mil
https://ce.olx.com.br/fortaleza-e-regiao/imoveis/apartamento-no-meireles-254m-1539287470,olx,fortaleza,Meireles,-3.726115846153846,-38.50279930769231,centroide_bairro,4500000.0,254.0,17716.54,4,,Apartamento no Meireles 254m,,2026-10-02T23:57:24,faixa 1800-5000 mil
https://ce.olx.com.br/fortaleza-e-regiao/imoveis/the-dream-powered-by-porsche-consulting-apartamento-com-3-dormitorios-a-venda-190-m-por-1533738947,olx,fortaleza,Meireles,-3.726115846153846,-38.50279930769231,centroide_bairro,3367949.0,190.0,17726.05,3,,"The Dream Powered By Porsche Consulting, apartamento com 3 dormitórios à venda, 190 m² por",,2026-10-02T23:57:28,faixa 1800-5000 mil
https://www.chavesnamao.com.br/lancamento/lancamento-wind-no-meireles-powered-by-porsche-consulting-/id-40162185/,chavesnamao,fortaleza,Meireles,-3.726115846153846,-38.50279930769231,centroide_bairro,2058860.0,116.0,17748.79,3,,,,2026-10-02T23:57:21,faixa 1800-5000 mil
https://ce.olx.com.br/fortaleza-e-regiao/imoveis/apto-com-quatro-suites-no-meireles-256m-1396297459,olx,fortaleza,Meireles,-3.726115846153846,-38.50279930769231,centroide_bairro,4548400.0,256.0,17767.19,4,,Apto com quatro suítes no Meireles  - 256m²,,2026-10-02T23:57:30,faixa 1800-5000 mil
https://ce.olx.com.br/fortaleza-e-regiao/imoveis/apartamento-alto-padrao-no-meireles-cod0100-1037391178,olx,fortaleza,Meireles,-3.726115846153846,-38.50279930769231,centroide_bairro,4531479.0,255.0,17770.51,5,,Apartamento Alto Padrão no Meireles (Cód0100),,2026-10-02T23:57:26,faixa 1800-5000 mil
https://ce.olx.com.br/fortaleza-e-regiao/imoveis/apartamento-de-luxo-icon-condominium-meireles-fortaleza-1536572768,olx,fortaleza,Meireles,-3.726115846153846,-38.50279930769231,centroide_bairro,4500000.0,253.0,17786.56,4,,"Apartamento de Luxo Icon Condominium  Meireles, Fortaleza",,2026-10-02T23:57:23,faixa 1800-5000 mil
https://ce.olx.com.br/fortaleza-e-regiao/imoveis/icon-condominium-1534723562,olx,fortaleza,Meireles,-3.726115846153846,-38.50279930769231,centroide_bairro,4500000.0,253.0,17786.56,4,,Icon Condominium,,2026-10-02T23:57:26,faixa 1800-5000 mil
https://ce.olx.com.br/fortaleza-e-regiao/imoveis/apartamento-com-4-dormitorios-a-venda-253-m-por-r-4-500-000-meireles-fortaleza-ce-1533415170,olx,fortaleza,Meireles,-3.726115846153846,-38.50279930769231,centroide_bairro,4500000.0,253.0,17786.56,4,,"Apartamento com 4 dormitórios à venda, 253 m² por R$ 4.500.000 - Meireles - Fortaleza/CE",,2026-10-02T23:57:28,faixa 1800-5000 mil
https://ce.olx.com.br/fortaleza-e-regiao/imoveis/apartamento-no-meireles-04-suites-icon-253m2-1195310114,olx,fortaleza,Meireles,-3.726115846153846,-38.50279930769231,centroide_bairro,4500000.0,253.0,17786.56,4,,"Apartamento no Meireles, 04 suítes, Icon, 253m2.",,2026-10-02T23:57:28,faixa 1800-5000 mil
https://ce.olx.com.br/fortaleza-e-regiao/imoveis/apartamento-a-venda-no-bairro-meireles-icon-condominium-1539780303,olx,fortaleza,Meireles,-3.726115846153846,-38.50279930769231,centroide_bairro,4500000.0,253.0,17786.56,5,,Apartamento à venda no bairro Meireles | Icon Condominium,,2026-10-02T23:57:24,faixa 1800-5000 mil
https://ce.olx.com.br/fortaleza-e-regiao/imoveis/apartamento-a-venda-no-bairro-meireles-icon-condominium-1538035159,olx,fortaleza,Meireles,-3.726115846153846,-38.50279930769231,centroide_bairro,4500000.0,253.0,17786.56,5,,Apartamento à venda no bairro Meireles | Icon Condominium,,2026-10-02T23:57:26,faixa 1800-5000 mil
https://ce.olx.com.br/fortaleza-e-regiao/imoveis/vista-panoramica-andar-alto-1-apt-por-andar-4-suites-5-vagas-proximo-a-beira-mar-1534207314,olx,fortaleza,Meireles,-3.726115846153846,-38.50279930769231,centroide_bairro,4500000.0,253.0,17786.56,5,,"Vista Panorâmica, Andar Alto, 1 apt. por andar, 4 Suítes, 5 vagas, Próximo à Beira Mar",,2026-10-02T23:57:28,faixa 1800-5000 mil
https://ce.olx.com.br/fortaleza-e-regiao/imoveis/apartamento-para-venda-em-fortaleza-meireles-3-dormitorios-2-suites-3-banheiros-1-vag-1529543828,olx,fortaleza,Meireles,-3.726115846153846,-38.50279930769231,centroide_bairro,2300000.0,129.0,17829.46,3,,"Apartamento para Venda em Fortaleza, Meireles, 3 dormitórios, 2 suítes, 3 banheiros, 1 vag",,2026-10-02T23:57:30,faixa 1800-5000 mil
https://ce.olx.com.br/fortaleza-e-regiao/imoveis/apartamento-a-venda-210-m-proximo-a-beira-mar-fortaleza-1522061879,olx,fortaleza,Mucuripe,,,,3750000.0,210.0,17857.14,4,,"Apartamento à venda 210 m² próximo a Beira Mar, Fortaleza",,2026-10-02T23:57:28,faixa 1800-5000 mil
https://ce.olx.com.br/fortaleza-e-regiao/imoveis/the-dream-powered-by-porsche-consulting-apartamento-com-4-dormitorios-a-venda-223-m-por-1533738935,olx,fortaleza,Meireles,-3.726115846153846,-38.50279930769231,centroide_bairro,4001461.0,223.0,17943.77,4,,"The Dream Powered By Porsche Consulting. apartamento com 4 dormitórios à venda, 223 m² por",,2026-10-02T23:57:28,faixa 1800-5000 mil
https://ce.olx.com.br/fortaleza-e-regiao/imoveis/apartamento-no-icon-condominium-meireles-fortaleza-1538214636,olx,fortaleza,Meireles,-3.726115846153846,-38.50279930769231,centroide_bairro,4560000.0,254.0,17952.76,4,,"Apartamento no ICON CONDOMINIUM  Meireles, Fortaleza",,2026-10-02T23:57:26,faixa 1800-5000 mil
https://ce.olx.com.br/fortaleza-e-regiao/imoveis/beliissimo-apt-no-meireles-vista-mar-1535737334,olx,fortaleza,Meireles,-3.726115846153846,-38.50279930769231,centroide_bairro,3950000.0,220.0,17954.55,3,,Belíissimo aptº no Meireles - vista mar,,2026-10-02T23:57:26,faixa 1800-5000 mil
https://ce.olx.com.br/fortaleza-e-regiao/imoveis/ed-solar-vidal-bezerra-220m-03-suites-05-vagas-vista-mar-1534853065,olx,fortaleza,Meireles,-3.726115846153846,-38.50279930769231,centroide_bairro,3950000.0,220.0,17954.55,3,,ED. SOLAR VIDAL BEZERRA | 220m² | 03 SUÍTES | 05 VAGAS | VISTA MAR,,2026-10-02T23:57:26,faixa 1800-5000 mil
https://ce.olx.com.br/fortaleza-e-regiao/imoveis/praca-portugal-1537240752,olx,fortaleza,Aldeota,-3.735223222222222,-38.501520444444445,centroide_bairro,4230000.0,234.0,18076.92,4,,Praça Portugal,,2026-10-02T23:57:26,faixa 1800-5000 mil
https://ce.olx.com.br/fortaleza-e-regiao/imoveis/apartamento-a-venda-no-bairro-guararapes-condominio-verdi-1539780298,olx,fortaleza,Guararapes,-3.76359025,-38.48862325,centroide_bairro,4500000.0,248.0,18145.16,4,,Apartamento à venda no bairro Guararapes | Condomínio Verdi,,2026-10-02T23:57:24,faixa 1800-5000 mil
https://ce.olx.com.br/fortaleza-e-regiao/imoveis/despachante-imobiliario-escrituras-inventarios-todos-itbi-seuma-registro-simulacao-729669545,olx,fortaleza,Meireles,-3.726115846153846,-38.50279930769231,centroide_bairro,1999999.0,110.0,18181.81,3,,"Despachante imobiliário, Escrituras, inventários todos, itbi, seuma registro, simulação _^",,2026-10-02T23:57:26,faixa 1800-5000 mil
https://ce.olx.com.br/fortaleza-e-regiao/imoveis/apartamento-no-condominio-edificio-solar-da-praia-meireles-fortaleza-1538214083,olx,fortaleza,Meireles,-3.726115846153846,-38.50279930769231,centroide_bairro,3000000.0,164.0,18292.68,3,,"Apartamento no Condomínio Edifício Solar da Praia  Meireles, Fortaleza",,2026-10-02T23:57:26,faixa 1800-5000 mil
https://ce.olx.com.br/fortaleza-e-regiao/imoveis/apartamento-projetado-no-meireles-235-m-2-suites-4-vagas-um-por-andar-1540429785,olx,fortaleza,Meireles,-3.726115846153846,-38.50279930769231,centroide_bairro,4300000.0,235.0,18297.87,2,,"Apartamento projetado no Meireles  235 m², 2 suítes, 4 vagas, um por andar",,2026-10-02T23:57:24,faixa 1800-5000 mil
https://ce.olx.com.br/fortaleza-e-regiao/imoveis/exclusividade-no-guararapes-viva-com-maximo-conforto-no-platinum-condominium-unidades-am-1530467488,olx,fortaleza,Guararapes,-3.76359025,-38.48862325,centroide_bairro,4303000.0,235.0,18310.64,4,,Exclusividade no Guararapes! Viva com máximo conforto no Platinum Condominium. Unidades am,,2026-10-02T23:57:28,faixa 1800-5000 mil
https://ce.olx.com.br/fortaleza-e-regiao/imoveis/icon-condominium-apartamento-com-4-suites-a-venda-253-m-meireles-fortaleza-ce-1534689662,olx,fortaleza,Meireles,-3.726115846153846,-38.50279930769231,centroide_bairro,4650000.0,253.0,18379.45,4,,"Icon Condominium - Apartamento com 4 suítes à venda, 253 m² - Meireles - Fortaleza/CE",,2026-10-02T23:57:26,faixa 1800-5000 mil
https://ce.olx.com.br/fortaleza-e-regiao/imoveis/casa-boris-meireles-luxo-arquitetura-iconica-e-localizacao-privilegiada-no-coracao-do-m-1531674490,olx,fortaleza,Aldeota,-3.735223222222222,-38.501520444444445,centroide_bairro,3750000.0,204.0,18382.35,4,,"CASA BORIS MEIRELES - LUXO, ARQUITETURA ICÔNICA E LOCALIZAÇÃO PRIVILEGIADA NO CORAÇÃO DO M",,2026-10-02T23:57:28,faixa 1800-5000 mil
https://ce.olx.com.br/fortaleza-e-regiao/imoveis/imovel-para-venda-possui-141-metros-quadrados-com-3-quartos-em-fatima-fortaleza-ce-1537867128,olx,fortaleza,Fátima,-3.7480404,-38.5295242,centroide_bairro,2600000.0,141.0,18439.72,3,,Imóvel para venda possui 141 metros quadrados com 3 quartos em Fátima - Fortaleza - CE,,2026-10-02T23:57:26,faixa 1800-5000 mil
https://ce.olx.com.br/fortaleza-e-regiao/imoveis/tango-plaza-1534722891,olx,fortaleza,Fátima,-3.7480404,-38.5295242,centroide_bairro,2600000.0,141.0,18439.72,3,,Tango Plaza,,2026-10-02T23:57:26,faixa 1800-5000 mil
https://ce.olx.com.br/fortaleza-e-regiao/imoveis/bairro-aldeota-port-valencia-apartamento-novo-nunca-habitado-1533487413,olx,fortaleza,Aldeota,-3.735223222222222,-38.501520444444445,centroide_bairro,3094400.0,167.0,18529.34,3,,Bairro Aldeota Port Valencia Apartamento Novo  Nunca habitado,,2026-10-02T23:57:28,faixa 1800-5000 mil
https://www.zapimoveis.com.br/imovel/venda-apartamento-2-quartos-com-piscina-meireles-fortaleza-ce-97m2-id-2655274575/,zapimoveis,fortaleza,Meireles,-3.726255,-38.490593,exata,1809000.0,97.0,18649.48,2,torre,,,2026-10-02T23:57:23,faixa 1800-5000 mil
https://ce.olx.com.br/fortaleza-e-regiao/imoveis/apartamento-com-4-quartos-a-venda-em-aldeota-ce-1460023788,olx,fortaleza,Aldeota,-3.735223222222222,-38.501520444444445,centroide_bairro,2350000.0,126.0,18650.79,4,,Apartamento com 4 quartos à venda em Aldeota - CE,,2026-10-02T23:57:30,faixa 1800-5000 mil
https://ce.olx.com.br/fortaleza-e-regiao/imoveis/apartamento-para-venda-em-fortaleza-meireles-2-dormitorios-2-suites-3-banheiros-4-vag-1533409505,olx,fortaleza,Meireles,-3.726115846153846,-38.50279930769231,centroide_bairro,4000000.0,210.0,19047.62,2,,"Apartamento para Venda em Fortaleza, Meireles, 2 dormitórios, 2 suítes, 3 banheiros, 4 vag",,2026-10-02T23:57:24,faixa 1800-5000 mil
https://ce.olx.com.br/fortaleza-e-regiao/imoveis/apartamento-com-3-dormitorios-a-venda-141-m-por-r-2-692-797-fatima-fortaleza-ce-1533415149,olx,fortaleza,Fátima,-3.7480404,-38.5295242,centroide_bairro,2692797.0,141.0,19097.85,3,,"Apartamento com 3 dormitórios à venda, 141 m² por R$ 2.692.797 - Fátima - Fortaleza/CE",,2026-10-02T23:57:28,faixa 1800-5000 mil
https://ce.olx.com.br/fortaleza-e-regiao/imoveis/apartamento-meireles-03-suites-casa-maua-1332162558,olx,fortaleza,Meireles,-3.726115846153846,-38.50279930769231,centroide_bairro,2470000.0,129.0,19147.29,3,,"Apartamento Meireles, 03 suítes, Casa Mauá",,2026-10-02T23:57:23,faixa 1800-5000 mil
https://ce.olx.com.br/fortaleza-e-regiao/imoveis/188-30-m-4-suites-3-vagas-porteira-fechada-a-venda-1538707715,olx,fortaleza,Meireles,-3.726115846153846,-38.50279930769231,centroide_bairro,3600000.0,188.0,19148.94,4,,"188,30 m² | 4 suítes | 3 vagas | Porteira fechada à venda",,2026-10-02T23:57:24,faixa 1800-5000 mil
https://ce.olx.com.br/fortaleza-e-regiao/imoveis/artiz-100-mobiliado-andar-alto-1509046089,olx,fortaleza,Meireles,-3.726115846153846,-38.50279930769231,centroide_bairro,3600000.0,188.0,19148.94,4,,Artiz 100% mobiliado andar alto,,2026-10-02T23:57:26,faixa 1800-5000 mil
https://ce.olx.com.br/fortaleza-e-regiao/imoveis/permita-se-desfrutar-desse-privilegio-1535647605,olx,fortaleza,Meireles,-3.726115846153846,-38.50279930769231,centroide_bairro,3600000.0,188.0,19148.94,4,,Permita-se desfrutar desse privilégio!,,2026-10-02T23:57:26,faixa 1800-5000 mil
https://ce.olx.com.br/fortaleza-e-regiao/imoveis/apartamento-no-ed-artiz-com-4-dormitorios-a-venda-188-m-por-r-3-600-000-meireles-f-1539236810,olx,fortaleza,Meireles,-3.726115846153846,-38.50279930769231,centroide_bairro,3600000.0,188.0,19148.94,4,,"Apartamento no Ed. Artiz com 4 dormitórios à venda, 188 m² por R$ 3.600.000 - Meireles - F",,2026-10-02T23:57:24,faixa 1800-5000 mil
https://ce.olx.com.br/fortaleza-e-regiao/imoveis/apartamento-no-ed-artiz-com-4-dormitorios-a-venda-188-m-por-r-3-600-000-meireles-f-1535882319,olx,fortaleza,Meireles,-3.726115846153846,-38.50279930769231,centroide_bairro,3600000.0,188.0,19148.94,4,,"Apartamento no Ed. Artiz com 4 dormitórios à venda, 188 m² por R$ 3.600.000 - Meireles - F",,2026-10-02T23:57:26,faixa 1800-5000 mil
https://www.zapimoveis.com.br/imovel/venda-apartamento-3-quartos-com-piscina-aldeota-fortaleza-ce-98m2-id-2795947648/,zapimoveis,fortaleza,Aldeota,-3.739897,-38.497981,exata,1883669.0,98.0,19221.11,3,torre,,,2026-10-02T23:57:23,faixa 1800-5000 mil
https://ce.olx.com.br/fortaleza-e-regiao/imoveis/apartamento-no-esquina-das-silvas-meireles-fortaleza-1538896050,olx,fortaleza,Meireles,-3.726115846153846,-38.50279930769231,centroide_bairro,4500000.0,230.0,19565.22,4,,"Apartamento no Esquina das Silvas  Meireles, Fortaleza",,2026-10-02T23:57:24,faixa 1800-5000 mil
https://ce.olx.com.br/fortaleza-e-regiao/imoveis/apartamento-para-venda-em-fortaleza-meireles-4-dormitorios-4-suites-5-banheiros-4-vag-1522892183,olx,fortaleza,Meireles,-3.726115846153846,-38.50279930769231,centroide_bairro,4500000.0,230.0,19565.22,4,,"Apartamento para Venda em Fortaleza, Meireles, 4 dormitórios, 4 suítes, 5 banheiros, 4 vag",,2026-10-02T23:57:28,faixa 1800-5000 mil
https://ce.olx.com.br/fortaleza-e-regiao/imoveis/apartamento-no-meireles-com-04-suites-casa-boris-1152130093,olx,fortaleza,Meireles,-3.726115846153846,-38.50279930769231,centroide_bairro,3200000.0,163.0,19631.9,3,,"Apartamento no Meireles, com 04 suítes, Casa Boris.",,2026-10-02T23:57:23,faixa 1800-5000 mil
https://ce.olx.com.br/fortaleza-e-regiao/imoveis/vanguardia-residencial-1538263677,olx,fortaleza,Meireles,-3.726115846153846,-38.50279930769231,centroide_bairro,2500000.0,127.0,19685.04,3,,VANGUARDIA RESIDENCIAL,,2026-10-02T23:57:26,faixa 1800-5000 mil
https://ce.olx.com.br/fortaleza-e-regiao/imoveis/apartamento-com-3-suites-no-meireles-vista-mar-1540721081,olx,fortaleza,Meireles,-3.726115846153846,-38.50279930769231,centroide_bairro,2500000.0,126.0,19841.27,3,,Apartamento com 3 suítes no Meireles - Vista Mar,,2026-10-02T23:57:23,faixa 1800-5000 mil
https://ce.olx.com.br/fortaleza-e-regiao/imoveis/imovel-para-venda-tem-126-metros-quadrados-com-3-quartos-em-meireles-fortaleza-ce-1540527983,olx,fortaleza,Meireles,-3.726115846153846,-38.50279930769231,centroide_bairro,2500000.0,126.0,19841.27,3,,Imóvel para venda tem 126 metros quadrados com 3 quartos em Meireles - Fortaleza - CE,,2026-10-02T23:57:23,faixa 1800-5000 mil
https://ce.olx.com.br/fortaleza-e-regiao/imoveis/apartamento-de-3-suites-no-meireles-com-piscina-churrasqueira-e-varanda-em-meireles-fort-1538542701,olx,fortaleza,Meireles,-3.726115846153846,-38.50279930769231,centroide_bairro,2500000.0,125.0,20000.0,4,,"Apartamento de 3 suítes no Meireles com piscina, churrasqueira e varanda em Meireles, Fort",,2026-10-02T23:57:24,faixa 1800-5000 mil
https://www.zapimoveis.com.br/imovel/venda-apartamento-4-quartos-com-piscina-meireles-fortaleza-ce-164m2-id-2813470030/,zapimoveis,fortaleza,Aldeota,-3.73,-38.507,aproximada_portal,3282941.0,164.0,20017.93,4,torre,,,2026-10-02T23:57:23,faixa 1800-5000 mil
https://ce.olx.com.br/fortaleza-e-regiao/imoveis/landscape-beira-mar-1529085815,olx,fortaleza,Mucuripe,,,,3200000.0,159.0,20125.79,3,,Landscape Beira Mar,,2026-10-02T23:57:30,faixa 1800-5000 mil
https://ce.olx.com.br/fortaleza-e-regiao/imoveis/landscape-o-melhor-liga-9-87-48-31-08-diego9989f-av-beira-mar-3-suites-145m2-oportunidade-1517858494,olx,fortaleza,Meireles,-3.726115846153846,-38.50279930769231,centroide_bairro,3200001.0,159.0,20125.79,3,,Landscape o melhor liga 9 87 48 31 08 Diego9989F Av Beira mar 3 suítes 145m2 oportunidade,,2026-10-02T23:57:26,faixa 1800-5000 mil
https://ce.olx.com.br/fortaleza-e-regiao/imoveis/sky-beiramar-fortaleza-1527741350,olx,fortaleza,Mucuripe,,,,4890000.0,240.0,20375.0,4,,SKY BEIRAMAR FORTALEZA,,2026-10-02T23:57:28,faixa 1800-5000 mil
https://ce.olx.com.br/fortaleza-e-regiao/imoveis/sky-beiramar-repasse-1513613010,olx,fortaleza,Mucuripe,,,,4890000.0,240.0,20375.0,5,,SKY BEIRAMAR REPASSE,,2026-10-02T23:57:23,faixa 1800-5000 mil
https://ce.olx.com.br/fortaleza-e-regiao/imoveis/repasse-de-apto-com-208m2-ed-casa-maua-na-rua-silva-jatai-1459624932,olx,fortaleza,Mucuripe,,,,4270000.0,208.0,20528.85,3,,REPASSE DE APTO COM 208M2 ED. CASA MAUÁ NA RUA SILVA JATAÍ,,2026-10-02T23:57:28,faixa 1800-5000 mil
https://ce.olx.com.br/fortaleza-e-regiao/imoveis/apartamento-com-4-suites-no-mucuripe-1540447208,olx,fortaleza,Mucuripe,,,,4900000.0,238.0,20588.24,4,,Apartamento com 4 suítes no Mucuripe,,2026-10-02T23:57:23,faixa 1800-5000 mil
https://ce.olx.com.br/fortaleza-e-regiao/imoveis/sky-residencial-apartamento-232m2-4-suites-e-4-vagas-andar-alto-na-beira-mar-1537055507,olx,fortaleza,Mucuripe,,,,4800000.0,232.0,20689.66,4,,SKY Residencial - Apartamento 232m2 (4 suítes e 4 vagas) - Andar Alto na Beira Mar,,2026-10-02T23:57:26,faixa 1800-5000 mil
https://www.zapimoveis.com.br/imovel/venda-apartamento-3-quartos-com-piscina-aldeota-fortaleza-ce-162m2-id-2908401557/,zapimoveis,fortaleza,Aldeota,-3.739613,-38.495381,exata,3375210.0,162.0,20834.63,3,torre,,,2026-10-02T23:57:23,faixa 1800-5000 mil
https://ce.olx.com.br/fortaleza-e-regiao/imoveis/apartamento-com-3-quartos-a-venda-em-mucuripe-ce-1526351340,olx,fortaleza,Mucuripe,,,,4800000.0,230.0,20869.57,3,,Apartamento com 3 quartos à venda em Mucuripe - CE,,2026-10-02T23:57:26,faixa 1800-5000 mil
https://ce.olx.com.br/fortaleza-e-regiao/imoveis/imovel-para-venda-possui-97-metros-quadrados-com-3-quartos-em-meireles-fortaleza-ce-1538560930,olx,fortaleza,Meireles,-3.726115846153846,-38.50279930769231,centroide_bairro,2050000.0,97.0,21134.02,3,,Imóvel para venda possui 97 metros quadrados com 3 quartos em Meireles - Fortaleza - CE,,2026-10-02T23:57:24,faixa 1800-5000 mil
https://ce.olx.com.br/fortaleza-e-regiao/imoveis/apartamento-a-venda-no-bairro-aldeota-condominio-bs-gold-1539779861,olx,fortaleza,Aldeota,-3.735223222222222,-38.501520444444445,centroide_bairro,3688300.0,174.0,21197.13,3,,Apartamento à venda no bairro Aldeota | Condomínio BS Gold.,,2026-10-02T23:57:24,faixa 1800-5000 mil
https://ce.olx.com.br/fortaleza-e-regiao/imoveis/exclusivo-apaetamento-de-alto-padrao-141m-e-166m-fatima-entrada-facilitada-fortaleza-1524787814,olx,fortaleza,Fátima,-3.7480404,-38.5295242,centroide_bairro,2999990.0,141.0,21276.52,3,,"EXCLUSIVO APAETAMENTO DE ALTO PADRAO, 141M E 166M , FATIMA, ENTRADA FACILITADA, FORTALEZA,",,2026-10-02T23:57:23,faixa 1800-5000 mil
https://www.chavesnamao.com.br/imovel/apartamento-a-venda-3-quartos-com-garagem-ce-fortaleza-meireles-148m2-RS3200000/id-44291996/,chavesnamao,fortaleza,Meireles,-3.726115846153846,-38.50279930769231,centroide_bairro,3200000.0,148.0,21621.62,3,,,,2026-10-02T23:57:22,faixa 1800-5000 mil
https://ce.olx.com.br/fortaleza-e-regiao/imoveis/apartamento-com-3-suites-a-venda-129-m-meireles-fortaleza-ce-1529828288,olx,fortaleza,Meireles,-3.726115846153846,-38.50279930769231,centroide_bairro,2790000.0,129.0,21627.91,3,,"Apartamento com 3 suítes à venda, 129 m² - Meireles - Fortaleza/CE",,2026-10-02T23:57:30,faixa 1800-5000 mil
https://www.chavesnamao.com.br/imovel/apartamento-a-venda-4-quartos-com-garagem-ce-fortaleza-aldeota-RS3565000/id-39515514/,chavesnamao,fortaleza,Aldeota,-3.735223222222222,-38.501520444444445,centroide_bairro,3565000.0,164.0,21737.8,4,,,,2026-10-02T23:57:21,faixa 1800-5000 mil
https://ce.olx.com.br/fortaleza-e-regiao/imoveis/apartamento-alto-padrao-a-venda-no-meireles-a-poucos-metros-da-beira-mar-1535568843,olx,fortaleza,Meireles,-3.726115846153846,-38.50279930769231,centroide_bairro,4590000.0,208.0,22067.31,4,,Apartamento Alto padrão à venda no Meireles a poucos metros da Beira Mar,,2026-10-02T23:57:26,faixa 1800-5000 mil
https://ce.olx.com.br/fortaleza-e-regiao/imoveis/landscape-frente-mar-3-suites-liga-9-87-48-31-08-diego9989f-av-beira-mar-1537689971,olx,fortaleza,Mucuripe,,,,3200000.0,145.0,22068.97,3,,Landscape frente mar 3 suítes liga 9 87 48 31 08 Diego9989F Av. Beira mar,,2026-10-02T23:57:26,faixa 1800-5000 mil
https://ce.olx.com.br/fortaleza-e-regiao/imoveis/landscape-3-suites-frente-mar-liga-9-87-48-31-08-diego9989f-oportunidade-gold-a-beira-mar-1517849318,olx,fortaleza,Mucuripe,,,,3200002.0,145.0,22068.98,3,,Landscape 3 suítes frente mar liga 9 87 48 31 08 Diego9989F oportunidade Gold a beira mar.,,2026-10-02T23:57:26,faixa 1800-5000 mil
https://www.zapimoveis.com.br/imovel/venda-apartamento-3-quartos-com-piscina-meireles-fortaleza-ce-153m2-id-2712842804/,zapimoveis,fortaleza,Meireles,-3.727883,-38.494731,exata,3400000.0,153.0,22222.22,3,torre,,,2026-10-02T23:57:23,faixa 1800-5000 mil
https://ce.olx.com.br/fortaleza-e-regiao/imoveis/q-tower-repasse-av-beira-mar-1537484660,olx,fortaleza,Meireles,-3.726115846153846,-38.50279930769231,centroide_bairro,5000000.0,221.0,22624.43,4,,Q TOWER - Repasse av. beira mar,,2026-10-02T23:57:24,faixa 1800-5000 mil
https://ce.olx.com.br/fortaleza-e-regiao/imoveis/apartamento-com-4-suites-a-venda-221-m-por-r-5-000-000-mucuripe-fortaleza-ce-1538965109,olx,fortaleza,Mucuripe,,,,5000000.0,221.0,22624.43,4,,"Apartamento com 4 suítes à venda, 221 m² por R$ 5.000.000 - Mucuripe - Fortaleza/CE",,2026-10-02T23:57:24,faixa 1800-5000 mil
https://www.zapimoveis.com.br/imovel/venda-apartamento-3-quartos-mobiliado-meireles-fortaleza-ce-153m2-id-2896292694/,zapimoveis,fortaleza,Meireles,-3.727883,-38.494731,exata,3500000.0,153.0,22875.82,3,indefinido,,,2026-10-02T23:57:23,faixa 1800-5000 mil
https://ce.olx.com.br/fortaleza-e-regiao/imoveis/lindo-apartamento-novo-no-meireles-com-lazer-completo-1539331778,olx,fortaleza,Meireles,-3.726115846153846,-38.50279930769231,centroide_bairro,3550000.0,153.0,23202.61,3,,Lindo apartamento novo no meireles com lazer completo,,2026-10-02T23:57:24,faixa 1800-5000 mil
https://ce.olx.com.br/fortaleza-e-regiao/imoveis/apto-com-tres-suites-no-meireles-153m-1467707185,olx,fortaleza,Meireles,-3.726115846153846,-38.50279930769231,centroide_bairro,3600000.0,153.0,23529.41,3,,Apto com três suítes no Meireles  - 153m²,,2026-10-02T23:57:26,faixa 1800-5000 mil
https://ce.olx.com.br/fortaleza-e-regiao/imoveis/edificio-acqualina-meireles-ce-1533763867,olx,fortaleza,Meireles,-3.726115846153846,-38.50279930769231,centroide_bairro,3600000.0,153.0,23529.41,3,,Edifício Acqualina | Meireles/CE.,,2026-10-02T23:57:28,faixa 1800-5000 mil
https://ce.olx.com.br/fortaleza-e-regiao/imoveis/aqualina-153m2-vista-mar-3vagas-liga-9-87-48-31-08-diego9989f-dronaldbandeir-barbosa-de-1537184240,olx,fortaleza,Meireles,-3.726115846153846,-38.50279930769231,centroide_bairro,3600001.0,153.0,23529.42,4,,"Aqualina, 153m2 vista mar, 3vagas liga 9 87 48 31 08 Diego9989F dronaldbandeir Barbosa de",,2026-10-02T23:57:26,faixa 1800-5000 mil
https://ce.olx.com.br/fortaleza-e-regiao/imoveis/apartamento-vista-mar-3-suites-meireles-153-72m2-acqualina-1018868925,olx,fortaleza,Meireles,-3.726115846153846,-38.50279930769231,centroide_bairro,3700000.0,153.0,24183.01,3,,"apartamento vista mar 3 suítes , Meireles, 153,72m2,  Acqualina.",,2026-10-02T23:57:26,faixa 1800-5000 mil
https://ce.olx.com.br/fortaleza-e-regiao/imoveis/landscape-148m-3-quartos-e-vista-mar-1532529872,olx,fortaleza,Mucuripe,,,,3590000.0,148.0,24256.76,3,,LANDSCAPE 148m | 3 QUARTOS E VISTA MAR,,2026-10-02T23:57:28,faixa 1800-5000 mil
https://ce.olx.com.br/fortaleza-e-regiao/imoveis/apartamento-a-venda-no-bairro-meireles-de-70-m-andar-alto-e-vista-para-o-mar-1535549421,olx,fortaleza,Meireles,-3.726115846153846,-38.50279930769231,centroide_bairro,1800000.0,70.0,25714.29,2,,Apartamento à venda no bairro Meireles de 70 m² | Andar alto e vista para o mar,,2026-10-02T23:57:26,faixa 1800-5000 mil
https://ce.olx.com.br/fortaleza-e-regiao/imoveis/terracos-do-atlantico-oportunidade-dmorala-historiador-raimundo-girao-860-meireles--1530849147,olx,fortaleza,Praia de Iracema,,,,1850001.0,70.0,26428.59,2,,"Terraços do Atlântico oportunidade dmoralá historiador Raimundo girão, 860 meireles-_-))//",,2026-10-02T23:57:28,faixa 1800-5000 mil
https://ce.olx.com.br/fortaleza-e-regiao/imoveis/imovel-para-venda-possui-85-metros-quadrados-com-2-quartos-em-meireles-fortaleza-ce-1540026759,olx,fortaleza,Mucuripe,,,,4000000.0,149.0,26845.64,2,,Imóvel para venda possui 85 metros quadrados com 2 quartos em Meireles - Fortaleza - CE,,2026-10-02T23:57:24,faixa 1800-5000 mil
https://ce.olx.com.br/fortaleza-e-regiao/imoveis/landscape-liga-9-8-7-4-8-3-1-0-8-diego9989f-oportunidade-drenat2-1329329205,olx,fortaleza,Mucuripe,,,,1800000.0,66.0,27272.73,2,,Landscape liga 9 8 7 4 8 3 1 0 8 Diego9989f oportunidade drenat2,,2026-10-02T23:57:28,faixa 1800-5000 mil
https://ce.olx.com.br/fortaleza-e-regiao/imoveis/66m2-landscape-oportunidade-liga-9-8-7-4-8-3-1-0-8-diego9989f-1329349461,olx,fortaleza,Meireles,-3.726115846153846,-38.50279930769231,centroide_bairro,1800000.0,66.0,27272.73,2,,66m2 Landscape oportunidade liga 9 8 7 4 8 3 1 0 8 DIEGO9989F,,2026-10-02T23:57:28,faixa 1800-5000 mil
https://ce.olx.com.br/fortaleza-e-regiao/imoveis/landscape-gold-b-66m2-vista-mar-liga-9-87-48-31-08-diego9989f-dronald-1415947717,olx,fortaleza,Mucuripe,,,,1950000.0,66.0,29545.45,2,,Landscape Gold B 66m2 vista mar liga 9 87 48 31 08 Diego9989f dronald,,2026-10-02T23:57:28,faixa 1800-5000 mil
https://www.vivareal.com.br/imovel/apartamento-3-quartos-bonsucesso-bairros-fortaleza-com-garagem-51m2-venda-RS99000-id-2865441339/,vivareal,fortaleza,Bonsucesso,-3.776,-38.591,aproximada_portal,99000.0,51.0,1941.18,3,indefinido,,,2026-10-02T23:57:52,reforço regional 5
https://www.vivareal.com.br/imovel/apartamento-3-quartos-granja-lisboa-bairros-fortaleza-com-garagem-63m2-venda-RS149500-id-2900419824/,vivareal,fortaleza,Granja Lisboa,-3.795317,-38.612856,exata,149500.0,63.0,2373.02,3,indefinido,,,2026-10-02T23:57:54,reforço regional 5
https://ce.olx.com.br/fortaleza-e-regiao/imoveis/vende-se-um-apartamento-tia-joana-4-1531193483,olx,fortaleza,Bom Jardim,-3.7927725,-38.596667,centroide_bairro,110000.0,46.0,2391.3,2,,Vende-se um apartamento  tia Joana 4,,2026-10-02T23:57:52,reforço regional 5
https://www.vivareal.com.br/imovel/apartamento-2-quartos-bonsucesso-bairros-fortaleza-com-garagem-48m2-venda-RS115000-id-2755232412/,vivareal,fortaleza,Bonsucesso,-3.777075,-38.591003,exata,115000.0,48.0,2395.83,2,indefinido,,,2026-10-02T23:57:52,reforço regional 5
https://ce.olx.com.br/fortaleza-e-regiao/imoveis/apartamento-na-tabuba-1535051512,olx,fortaleza,Bonsucesso,-3.77658975,-38.5840125,centroide_bairro,300000.0,123.0,2439.02,3,,Apartamento na Tabuba,,2026-10-02T23:57:52,reforço regional 5
https://www.vivareal.com.br/imovel/apartamento-3-quartos-granja-lisboa-bairros-fortaleza-com-garagem-62m2-venda-RS160000-id-2900428340/,vivareal,fortaleza,Granja Lisboa,-3.79054,-38.615672,exata,160000.0,62.0,2580.65,3,indefinido,,,2026-10-02T23:57:54,reforço regional 5
https://www.vivareal.com.br/imovel/apartamento-2-quartos-ancuri-bairros-fortaleza-com-garagem-46m2-venda-RS120000-id-2914866926/,vivareal,fortaleza,Siqueira,-3.802495,-38.627744,exata,120000.0,46.0,2608.7,2,indefinido,,,2026-10-02T23:57:55,reforço regional 5
https://www.vivareal.com.br/imovel/apartamento-2-quartos-siqueira-bairros-fortaleza-com-garagem-63m2-venda-RS183000-id-2849868252/,vivareal,fortaleza,Siqueira,-3.813873,-38.613813,exata,183000.0,63.0,2904.76,2,indefinido,,,2026-10-02T23:57:55,reforço regional 5
https://www.vivareal.com.br/imovel/apartamento-2-quartos-siqueira-bairros-fortaleza-com-garagem-65m2-venda-RS195000-id-2770871747/,vivareal,fortaleza,Siqueira,-3.812919,-38.617713,exata,195000.0,65.0,3000.0,2,indefinido,,,2026-10-02T23:57:55,reforço regional 5
https://ce.olx.com.br/fortaleza-e-regiao/imoveis/oportunidade-paea-investidor-1537731607,olx,fortaleza,Bom Jardim,-3.7927725,-38.596667,centroide_bairro,800000.0,250.0,3200.0,5,,OPORTUNIDADE PAEA INVESTIDOR,,2026-10-02T23:57:52,reforço regional 5
https://www.vivareal.com.br/imovel/apartamento-2-quartos-siqueira-bairros-fortaleza-com-garagem-60m2-venda-RS195000-id-2861103861/,vivareal,fortaleza,Siqueira,-3.813,-38.617,aproximada_portal,195000.0,60.0,3250.0,2,indefinido,,,2026-10-02T23:57:55,reforço regional 5
https://www.vivareal.com.br/imovel/apartamento-2-quartos-siqueira-bairros-fortaleza-com-garagem-52m2-venda-RS195000-id-2888009282/,vivareal,fortaleza,Siqueira,-3.81307,-38.617609,exata,195000.0,52.0,3750.0,2,indefinido,,,2026-10-02T23:57:56,reforço regional 5
https://www.vivareal.com.br/imovel/apartamento-2-quartos-siqueira-bairros-fortaleza-com-garagem-50m2-venda-RS200000-id-2881278977/,vivareal,fortaleza,Siqueira,-3.81054,-38.617173,exata,200000.0,50.0,4000.0,2,indefinido,,,2026-10-02T23:57:56,reforço regional 5
https://www.vivareal.com.br/imovel/apartamento-2-quartos-siqueira-bairros-fortaleza-com-garagem-44m2-venda-RS190000-id-2900428329/,vivareal,fortaleza,Siqueira,-3.808112,-38.630128,exata,190000.0,44.0,4318.18,2,indefinido,,,2026-10-02T23:57:55,reforço regional 5
https://www.vivareal.com.br/imovel/apartamento-2-quartos-bom-jardim-bairros-fortaleza-37m2-venda-RS190000-id-2900425754/,vivareal,fortaleza,Bom Jardim,-3.786796,-38.594537,exata,190000.0,37.0,5135.14,2,indefinido,,,2026-10-02T23:57:52,reforço regional 5
https://www.vivareal.com.br/imovel/apartamento-3-quartos-parangaba-bairros-fortaleza-com-garagem-62m2-venda-RS320000-id-2913484241/,vivareal,fortaleza,Bonsucesso,-3.776474,-38.57617,exata,320000.0,62.0,5161.29,3,indefinido,,,2026-10-02T23:57:52,reforço regional 5
https://ce.olx.com.br/fortaleza-e-regiao/imoveis/apartamento-no-bairro-siqueira-cod0135-1119321311,olx,fortaleza,Siqueira,-3.8077627692307696,-38.62364053846154,centroide_bairro,235000.0,45.0,5222.22,2,,Apartamento no Bairro Siqueira (Cod0135),,2026-10-02T23:57:52,reforço regional 5
https://www.vivareal.com.br/imovel/apartamento-2-quartos-siqueira-bairros-fortaleza-com-garagem-40m2-venda-RS210000-id-2913556318/,vivareal,fortaleza,Siqueira,-3.802495,-38.627744,exata,210000.0,40.0,5250.0,2,indefinido,,,2026-10-02T23:57:55,reforço regional 5
https://www.vivareal.com.br/imovel/apartamento-2-quartos-bom-jardim-bairros-fortaleza-com-garagem-42m2-venda-RS230000-id-2866643556/,vivareal,fortaleza,Bom Jardim,-3.798749,-38.598797,exata,230000.0,42.0,5476.19,2,indefinido,,,2026-10-02T23:57:52,reforço regional 5
https://www.vivareal.com.br/imovel/apartamento-2-quartos-siqueira-bairros-fortaleza-41m2-venda-RS232500-id-2845637116/,vivareal,fortaleza,Siqueira,-3.802495,-38.627744,exata,232500.0,41.0,5670.73,2,indefinido,,,2026-10-02T23:57:56,reforço regional 5
https://www.vivareal.com.br/imovel/apartamento-2-quartos-siqueira-bairros-fortaleza-com-garagem-38m2-venda-RS221500-id-2903677014/,vivareal,fortaleza,Siqueira,-3.794284,-38.628822,exata,221500.0,38.0,5828.95,2,indefinido,,,2026-10-02T23:57:56,reforço regional 5
https://www.vivareal.com.br/imovel/apartamento-3-quartos-parangaba-bairros-fortaleza-com-garagem-62m2-venda-RS420000-id-2906935839/,vivareal,fortaleza,Bonsucesso,-3.77681,-38.577877,exata,420000.0,62.0,6774.19,3,indefinido,,,2026-10-02T23:57:52,reforço regional 5
https://ce.olx.com.br/fortaleza-e-regiao/imoveis/apartamento-com-1-dormitorio-a-venda-56-m-por-r-765-468-mucuripe-fortaleza-ce-1301620989,olx,fortaleza,Siqueira,-3.8077627692307696,-38.62364053846154,centroide_bairro,765468.0,56.0,13669.07,1,,"Apartamento com 1 dormitório à venda, 56 m² por R$ 765.468 - Mucuripe - Fortaleza/CE",,2026-10-02T23:57:56,reforço regional 5
https://ce.olx.com.br/fortaleza-e-regiao/imoveis/apartamento-com-1-dormitorio-a-venda-56-m-por-r-809-000-00-mucuripe-fortaleza-ce-1475226358,olx,fortaleza,Siqueira,-3.8077627692307696,-38.62364053846154,centroide_bairro,809000.0,56.0,14446.43,1,,"Apartamento com 1 dormitório à venda, 56 m² por R$ 809.000,00 - Mucuripe - Fortaleza/CE",,2026-10-02T23:57:52,reforço regional 5
https://ce.olx.com.br/fortaleza-e-regiao/imoveis/apartamento-a-venda-36-m-por-r-601-017-72-mucuripe-fortaleza-ce-1431914391,olx,fortaleza,Siqueira,-3.8077627692307696,-38.62364053846154,centroide_bairro,601018.0,36.0,16694.94,1,,"Apartamento à venda, 36 m² por R$ 601.017,72 - Mucuripe - Fortaleza/CE",,2026-10-02T23:57:56,reforço regional 5
https://ce.olx.com.br/fortaleza-e-regiao/imoveis/apartamento-com-1-dormitorio-a-venda-38-m-por-r-652-080-17-meireles-fortaleza-ce-1468724754,olx,fortaleza,Siqueira,-3.8077627692307696,-38.62364053846154,centroide_bairro,652080.0,39.0,16720.0,1,,"Apartamento com 1 dormitório à venda, 38 m² por R$ 652.080,17 - Meireles - Fortaleza/CE",,2026-10-02T23:57:56,reforço regional 5
https://ce.olx.com.br/fortaleza-e-regiao/imoveis/pier-430-mucuripe-56-30m-01-suite-l-01-vaga-1531594227,olx,fortaleza,Siqueira,-3.8077627692307696,-38.62364053846154,centroide_bairro,939510.0,56.0,16776.96,1,,"Pier 430 | Mucuripe | 56,30m² | 01 Suíte l 01 Vaga",,2026-10-02T23:57:52,reforço regional 5
https://www.vivareal.com.br/imovel/apartamento-1-quartos-mucuripe-bairros-fortaleza-com-garagem-45m2-venda-RS764119-id-2625320877/,vivareal,fortaleza,Siqueira,-3.809211,-38.627279,exata,764119.0,45.0,16980.42,1,torre,,,2026-10-02T23:57:55,reforço regional 5
https://ce.olx.com.br/fortaleza-e-regiao/imoveis/pier-430-mucuripe-56-30m-01-suite-l-01-vaga-1531594588,olx,fortaleza,Siqueira,-3.8077627692307696,-38.62364053846154,centroide_bairro,966205.0,56.0,17253.66,1,,"Pier 430 | Mucuripe | 56,30m² | 01 Suíte l 01 Vaga",,2026-10-02T23:57:52,reforço regional 5
https://ce.olx.com.br/fortaleza-e-regiao/imoveis/apartamento-com-1-dormitorio-a-venda-45-m-por-r-782-000-00-mucuripe-fortaleza-ce-1359857507,olx,fortaleza,Siqueira,-3.8077627692307696,-38.62364053846154,centroide_bairro,782000.0,45.0,17377.78,1,,"Apartamento com 1 dormitório à venda, 45 m² por R$ 782.000,00 - Mucuripe - Fortaleza/CE",,2026-10-02T23:57:56,reforço regional 5
https://ce.olx.com.br/fortaleza-e-regiao/imoveis/apartamento-com-1-dormitorio-a-venda-38-m-por-r-704-611-99-mucuripe-fortaleza-ce-1171471649,olx,fortaleza,Siqueira,-3.8077627692307696,-38.62364053846154,centroide_bairro,704612.0,39.0,18066.97,1,,"Apartamento com 1 dormitório à venda, 38 m² por R$ 704.611,99 - Mucuripe - Fortaleza/CE",,2026-10-02T23:57:56,reforço regional 5
https://www.vivareal.com.br/imovel/apartamento-1-quartos-mucuripe-bairros-fortaleza-com-garagem-38m2-venda-RS716000-id-2895119934/,vivareal,fortaleza,Siqueira,-3.809211,-38.627279,exata,716000.0,38.0,18842.11,1,indefinido,,,2026-10-02T23:57:56,reforço regional 5
https://www.vivareal.com.br/imovel/apartamento-1-quartos-mucuripe-bairros-fortaleza-com-garagem-44m2-venda-RS846177-id-2625322738/,vivareal,fortaleza,Siqueira,-3.809211,-38.627279,exata,846177.0,44.0,19231.3,1,torre,,,2026-10-02T23:57:55,reforço regional 5
https://ce.olx.com.br/fortaleza-e-regiao/imoveis/mucuripe-pier-430-studio-1-ou-2-quartos-prox-a-beira-mar-de-fortaleza-1444792474,olx,fortaleza,Siqueira,-3.8077627692307696,-38.62364053846154,centroide_bairro,876103.0,38.0,23055.34,1,,"Mucuripe, PIER 430 Studio 1 ou 2 quartos prox. a Beira Mar de Fortaleza",,2026-10-02T23:57:56,reforço regional 5
